date,adj_close,reference_date_250d,reference_adj_close_250d,adj_close_return_250d,reference_date_90d,reference_adj_close_90d,adj_close_return_90d,reference_date_30d,reference_adj_close_30d,adj_close_return_30d
2018-06-19,46.2041168212891,,,,,,,,,
2018-06-20,46.7775115966797,,,,,,,,,
2018-06-21,46.4907989501953,,,,,,,,,
2018-06-22,46.694278717041,,,,,,,,,
2018-06-25,45.7324523925781,,,,,,,,,
2018-06-26,45.8082847595215,,,,,,,,,
2018-06-27,45.408763885498,,,,,,,,,
2018-06-28,45.8619232177734,,,,,,,,,
2018-06-29,45.8064460754395,,,,,,,,,
2018-07-02,46.0931167602539,,,,,,,,,
2018-07-03,45.5289916992188,,,,,,,,,
2018-07-05,46.2226028442383,,,,,,,,,
2018-07-06,46.9532127380371,,,,,,,,,
2018-07-09,47.2214164733887,,,,,,,,,
2018-07-10,47.2020034790039,,,,,,,,,
2018-07-11,47.1381759643555,,,,,,,,,
2018-07-12,47.8780364990234,,,,,,,,,
2018-07-13,47.8040504455566,,,,,,,,,
2018-07-16,47.6653289794922,,,,,,,,,
2018-07-17,47.6745758056641,,,,,,,,,
2018-07-18,47.5358543395996,,,,,,,,,
2018-07-19,47.2029190063477,,,,,,,2018-06-19,46.2041168212891,0.0216171686371978
2018-07-20,47.0456886291504,,,,,,,2018-06-20,46.7775115966797,0.00573303331701247
2018-07-23,47.2399024963379,,,,,,,2018-06-22,46.694278717041,0.0116850242532551
2018-07-24,47.5728454589844,,,,,,,2018-06-22,46.694278717041,0.0188152974214961
2018-07-25,47.9150352478027,,,,,,,2018-06-25,45.7324523925781,0.0477250342161579
2018-07-26,46.1079292297363,,,,,,,2018-06-26,45.8082847595215,0.00654127243113067
2018-07-27,45.233039855957,,,,,,,2018-06-27,45.408763885498,-0.00386982631775923
2018-07-30,44.5209274291992,,,,,,,2018-06-29,45.8064460754395,-0.0280641428528005
2018-07-31,44.8168754577637,,,,,,,2018-06-29,45.8064460754395,-0.0216033048284523
2018-08-01,44.6319122314453,,,,,,,2018-07-02,46.0931167602539,-0.031701143934545
2018-08-02,44.927864074707,,,,,,,2018-07-03,45.5289916992188,-0.0132031833360815
2018-08-03,45.233039855957,,,,,,,2018-07-03,45.5289916992188,-0.00650029425683063
2018-08-06,45.686206817627,,,,,,,2018-07-06,46.9532127380371,-0.0269844350689925
2018-08-07,45.7416954040527,,,,,,,2018-07-06,46.9532127380371,-0.0258026504116707
2018-08-08,45.7047080993652,,,,,,,2018-07-09,47.2214164733887,-0.0321190783185881
2018-08-09,45.954402923584,,,,,,,2018-07-10,47.2020034790039,-0.0264310932474483
2018-08-10,45.5659790039062,,,,,,,2018-07-11,47.1381759643555,-0.0333529443659014
2018-08-13,45.5012397766113,,,,,,,2018-07-13,47.8040504455566,-0.048171873460136
2018-08-14,45.8249282836914,,,,,,,2018-07-13,47.8040504455566,-0.0414007211401307
2018-08-15,45.1868057250977,,,,,,,2018-07-16,47.6653289794922,-0.0519984506025524
2018-08-16,45.1683235168457,,,,,,,2018-07-17,47.6745758056641,-0.0525699966169515
2018-08-17,44.9555854797363,,,,,,,2018-07-18,47.5358543395996,-0.0542804772462835
2018-08-20,45.0295944213867,,,,,,,2018-07-20,47.0456886291504,-0.0428539631687835
2018-08-21,45.3070373535156,,,,,,,2018-07-20,47.0456886291504,-0.0369566548242098
2018-08-22,45.2515525817871,,,,,,,2018-07-23,47.2399024963379,-0.0420904745666002
2018-08-23,45.0665702819824,,,,,,,2018-07-24,47.5728454589844,-0.052682894050615
2018-08-24,45.7232055664062,,,,,,,2018-07-25,47.9150352478027,-0.0457440899304565
2018-08-27,46.1671180725098,,,,,,,2018-07-27,45.233039855957,0.0206503524752542
2018-08-28,45.9636573791504,,,,,,,2018-07-27,45.233039855957,0.016152297646145
2018-08-29,46.2226028442383,,,,,,,2018-07-30,44.5209274291992,0.0382219219881528
2018-08-30,45.935905456543,,,,,,,2018-07-31,44.8168754577637,0.0249689427776796
2018-08-31,45.4827423095703,,,,,,,2018-08-01,44.6319122314453,0.0190632674153171
2018-09-04,44.9186096191406,,,,,,,2018-08-03,45.233039855957,-0.0069513399457054
2018-09-05,44.3359756469727,,,,,,,2018-08-06,45.686206817627,-0.0295544599717861
2018-09-06,44.0030479431152,,,,,,,2018-08-07,45.7416954040527,-0.0380101228338697
2018-09-07,44.0955238342285,,,,,,,2018-08-08,45.7047080993652,-0.0352082822985814
2018-09-10,44.18798828125,,,,,,,2018-08-10,45.5659790039062,-0.0302416573237265
2018-09-11,44.6319122314453,,,,,,,2018-08-10,45.5659790039062,-0.0204992143893333
2018-09-12,44.50244140625,,,,,,,2018-08-13,45.5012397766113,-0.0219510144177375
2018-09-13,44.8168754577637,,,,,,,2018-08-14,45.8249282836914,-0.0219979138796926
2018-09-14,44.7336387634277,,,,,,,2018-08-15,45.1868057250977,-0.0100287452144073
2018-09-17,44.2989807128906,,,,2018-06-19,46.2041168212891,-0.0412330380811569,2018-08-17,44.9555854797363,-0.014605632644728
2018-09-18,44.6134223937988,,,,2018-06-20,46.7775115966797,-0.0462634528646981,2018-08-17,44.9555854797363,-0.00761113624227472
2018-09-19,44.7336387634277,,,,2018-06-21,46.4907989501953,-0.037795869859109,2018-08-20,45.0295944213867,-0.00657246998916849
2018-09-20,45.2237930297852,,,,2018-06-22,46.694278717041,-0.0314917743170793,2018-08-21,45.3070373535156,-0.00183733761006999
2018-09-21,45.0216331481934,,,,2018-06-22,46.694278717041,-0.0358212101097779,2018-08-22,45.2515525817871,-0.00508091812271405
2018-09-24,45.0216331481934,,,,2018-06-26,45.8082847595215,-0.0171726930064681,2018-08-24,45.7232055664062,-0.0153439027190243
2018-09-25,45.0401840209961,,,,2018-06-27,45.408763885498,-0.00811693234881616,2018-08-24,45.7232055664062,-0.0149381815414968
2018-09-26,45.2163734436035,,,,2018-06-28,45.8619232177734,-0.0140759420642818,2018-08-27,46.1671180725098,-0.0205935451160935
2018-09-27,45.6058502197266,,,,2018-06-29,45.8064460754395,-0.00437920583016904,2018-08-28,45.9636573791504,-0.00778456676048001
2018-09-28,45.4389381408691,,,,2018-06-29,45.8064460754395,-0.00802306151333065,2018-08-29,46.2226028442383,-0.0169541448371038
2018-10-01,45.2534637451172,,,,2018-07-03,45.5289916992188,-0.00605170340520167,2018-08-31,45.4827423095703,-0.00504100132952801
2018-10-02,45.2163734436035,,,,2018-07-03,45.5289916992188,-0.00686635578667105,2018-08-31,45.4827423095703,-0.00585648209498446
2018-10-03,45.4203948974609,,,,2018-07-05,46.2226028442383,-0.017355317472723,2018-08-31,45.4827423095703,-0.00137079272144625
2018-10-04,44.7712593078613,,,,2018-07-06,46.9532127380371,-0.0464708015263919,2018-09-04,44.9186096191406,-0.00328038451164603
2018-10-05,44.3447036743164,,,,2018-07-06,46.9532127380371,-0.055555496878865,2018-09-05,44.3359756469727,0.000196861064099441
2018-10-08,44.1963119506836,,,,2018-07-10,47.2020034790039,-0.0636772023809812,2018-09-07,44.0955238342285,0.00228567681458958
2018-10-09,44.1684989929199,,,,2018-07-11,47.1381759643555,-0.0629994035764373,2018-09-07,44.0955238342285,0.00165493347954637
2018-10-10,42.4251251220703,,,,2018-07-12,47.8780364990234,-0.113891708509482,2018-09-10,44.18798828125,-0.0398946235786821
2018-10-11,42.0634765625,,,,2018-07-13,47.8040504455566,-0.120085512201409,2018-09-11,44.6319122314453,-0.0575470675696419
2018-10-12,43.0000801086426,,,,2018-07-13,47.8040504455566,-0.100492955976298,2018-09-12,44.50244140625,-0.0337590759098539
2018-10-15,42.8331604003906,,,,2018-07-17,47.6745758056641,-0.10155130535421,2018-09-14,44.7336387634277,-0.0424843231083371
2018-10-16,43.9644889831543,,,,2018-07-18,47.5358543395996,-0.0751299288939086,2018-09-14,44.7336387634277,-0.0171939909547947
2018-10-17,44.1406707763672,,,,2018-07-19,47.2029190063477,-0.0648741284319444,2018-09-17,44.2989807128906,-0.00357366995754327
2018-10-18,43.3339042663574,,,,2018-07-20,47.0456886291504,-0.0788974392967664,2018-09-18,44.6134223937988,-0.0286801159558486
2018-10-19,43.324634552002,,,,2018-07-20,47.0456886291504,-0.0790944757229636,2018-09-19,44.7336387634277,-0.0314976436161888
2018-10-22,43.2968101501465,,,,2018-07-24,47.5728454589844,-0.0898839509720843,2018-09-21,45.0216331481934,-0.0383109824641289
2018-10-23,43.2040786743164,,,,2018-07-25,47.9150352478027,-0.0983189629126353,2018-09-21,45.0216331481934,-0.0403706917493261
2018-10-24,41.1454277038574,,,,2018-07-26,46.1079292297363,-0.107627941848198,2018-09-24,45.0216331481934,-0.0860965090177206
2018-10-25,42.5085868835449,,,,2018-07-27,45.233039855957,-0.0602314808177392,2018-09-25,45.0401840209961,-0.0562075220712027
2018-10-26,41.3587074279785,,,,2018-07-27,45.233039855957,-0.0856527096192558,2018-09-26,45.2163734436035,-0.0853156881419627
2018-10-29,40.7188415527344,,,,2018-07-31,44.8168754577637,-0.091439527257793,2018-09-28,45.4389381408691,-0.103877792511383
2018-10-30,41.8316421508789,,,,2018-08-01,44.6319122314453,-0.062741431871554,2018-09-28,45.4389381408691,-0.0793877704361609
2018-10-31,42.6940536499023,,,,2018-08-02,44.927864074707,-0.0497199337384538,2018-10-01,45.2534637451172,-0.0565572197883086
2018-11-01,42.9444313049316,,,,2018-08-03,45.233039855957,-0.0505959484110151,2018-10-02,45.2163734436035,-0.0502460052773932
2018-11-02,42.5085868835449,,,,2018-08-03,45.233039855957,-0.0602314808177392,2018-10-03,45.4203948974609,-0.0641079413882152
2018-11-05,42.3324012756348,,,,2018-08-07,45.7416954040527,-0.0745336196724335,2018-10-05,44.3447036743164,-0.0453786412343787
2018-11-06,42.5827789306641,,,,2018-08-08,45.7047080993652,-0.0683065114848536,2018-10-05,44.3447036743164,-0.0397324730500526
2018-11-07,43.3617210388184,,,,2018-08-09,45.954402923584,-0.0564185740608339,2018-10-08,44.1963119506836,-0.0188837229856762
2018-11-08,42.9537124633789,,,,2018-08-10,45.5659790039062,-0.0573293188829193,2018-10-09,44.1684989929199,-0.0275034596429401
2018-11-09,42.0727386474609,,,,2018-08-10,45.5659790039062,-0.0766633447323901,2018-10-10,42.4251251220703,-0.00830607979576836
2018-11-12,41.4421501159668,,,,2018-08-14,45.8249282836914,-0.0956417900011072,2018-10-12,43.0000801086426,-0.0362308625644316
2018-11-13,41.3123435974121,,,,2018-08-15,45.1868057250977,-0.0857432178600221,2018-10-12,43.0000801086426,-0.0392496131859822
2018-11-14,41.5163497924805,,,,2018-08-16,45.1683235168457,-0.0808525408963477,2018-10-15,42.8331604003906,-0.0307427842260772
2018-11-15,41.8223724365234,,,,2018-08-17,44.9555854797363,-0.0696957454736116,2018-10-16,43.9644889831543,-0.0487237904084736
2018-11-16,41.6183624267578,,,,2018-08-17,44.9555854797363,-0.0742337802381144,2018-10-17,44.1406707763672,-0.0571425015806468
2018-11-19,40.3571929931641,,,,2018-08-21,45.3070373535156,-0.109251115267802,2018-10-19,43.324634552002,-0.0684931699833754
2018-11-20,39.8286247253418,,,,2018-08-22,45.2515525817871,-0.119839597694333,2018-10-19,43.324634552002,-0.0806933483181248
2018-11-21,40.3015594482422,,,,2018-08-23,45.0665702819824,-0.10573271504633,2018-10-22,43.2968101501465,-0.0691794774607467
2018-11-23,39.7729721069336,,,,2018-08-24,45.7232055664062,-0.13013596456685,2018-10-24,41.1454277038574,-0.0333562116987096
2018-11-26,40.6817626953125,,,,2018-08-28,45.9636573791504,-0.114914586545365,2018-10-26,41.3587074279785,-0.016367647220234
2018-11-27,40.8115844726562,,,,2018-08-29,46.2226028442383,-0.117064337328994,2018-10-26,41.3587074279785,-0.0132287247195775
2018-11-28,41.6647262573242,,,,2018-08-30,45.935905456543,-0.0929812780823367,2018-10-29,40.7188415527344,0.023229656555058
2018-11-29,41.8038139343262,,,,2018-08-31,45.4827423095703,-0.0808862480235726,2018-10-30,41.8316421508789,-0.00066524322550765
2018-11-30,41.7389106750488,,,,2018-08-31,45.4827423095703,-0.0823132345239816,2018-10-31,42.6940536499023,-0.0223718034058284
2018-12-03,41.8038139343262,,,,2018-09-04,44.9186096191406,-0.0693431010270449,2018-11-02,42.5085868835449,-0.0165795431203
2018-12-04,40.570484161377,,,,2018-09-05,44.3359756469727,-0.0849308362035068,2018-11-02,42.5085868835449,-0.0455932051441166
2018-12-06,41.0248641967773,,,,2018-09-07,44.0955238342285,-0.0696365383705368,2018-11-06,42.5827789306641,-0.0365855581295765
2018-12-07,40.2459106445312,,,,2018-09-07,44.0955238342285,-0.0873016772443707,2018-11-07,43.3617210388184,-0.0718562437016226
2018-12-10,40.5519332885742,,,,2018-09-11,44.6319122314453,-0.0914139399117332,2018-11-09,42.0727386474609,-0.0361470493192746
2018-12-11,40.5890274047852,,,,2018-09-12,44.50244140625,-0.0879370631768357,2018-11-09,42.0727386474609,-0.0352653830098439
2018-12-12,41.0248641967773,,,,2018-09-13,44.8168754577637,-0.0846112367775392,2018-11-12,41.4421501159668,-0.0100691184704889
2018-12-13,40.8394050598145,,,,2018-09-14,44.7336387634277,-0.0870538103150471,2018-11-13,41.3123435974121,-0.0114478748096799
2018-12-14,40.4406623840332,,,,2018-09-14,44.7336387634277,-0.0959675201496077,2018-11-14,41.5163497924805,-0.0259099707422278
2018-12-17,39.6524314880371,,,,2018-09-18,44.6134223937988,-0.11119951439662,2018-11-16,41.6183624267578,-0.0472371045876794
2018-12-18,39.8286247253418,,,,2018-09-19,44.7336387634277,-0.109649341606792,2018-11-16,41.6183624267578,-0.0430035589354504
2018-12-19,38.9754676818848,,,,2018-09-20,45.2237930297852,-0.138164557399799,2018-11-19,40.3571929931641,-0.0342373988080227
2018-12-20,38.2892608642578,,,,2018-09-21,45.0216331481934,-0.149536385358906,2018-11-20,39.8286247253418,-0.0386496865432697
2018-12-21,37.0370063781738,,,,2018-09-21,45.0216331481934,-0.177350891375648,2018-11-21,40.3015594482422,-0.0810031451577179
2018-12-24,36.255542755127,,,,2018-09-25,45.0401840209961,-0.195040083801036,2018-11-23,39.7729721069336,-0.0884376792951175
2018-12-26,38.2929801940918,,,,2018-09-27,45.6058502197266,-0.160349384791682,2018-11-26,40.6817626953125,-0.0587187560949994
2018-12-27,38.4697608947754,,,,2018-09-28,45.4389381408691,-0.153374562241926,2018-11-27,40.8115844726562,-0.0573813442467513
2018-12-28,38.3488006591797,,,,2018-09-28,45.4389381408691,-0.156036601465217,2018-11-28,41.6647262573242,-0.0795859206578041
2018-12-31,38.4046249389649,,,,2018-10-02,45.2163734436035,-0.150647829223515,2018-11-30,41.7389106750488,-0.0798843496909273
2019-01-02,38.9163131713867,,,,2018-10-04,44.7712593078613,-0.13077465827383,2018-12-03,41.8038139343262,-0.0690726632616756
2019-01-03,38.2650756835938,,,,2018-10-05,44.3447036743164,-0.137099303569005,2018-12-04,40.570484161377,-0.0568247711467528
2019-01-04,39.9117813110352,,,,2018-10-05,44.3447036743164,-0.0999650915662496,2018-12-04,40.570484161377,-0.0162360115723952
2019-01-07,40.3676528930664,,,,2018-10-09,44.1684989929199,-0.0860533227643253,2018-12-07,40.2459106445312,0.00302495947005488
2019-01-08,41.0468063354492,,,,2018-10-10,42.4251251220703,-0.0324882668620361,2018-12-07,40.2459106445312,0.0199000514112306
2019-01-09,41.1026191711426,,,,2018-10-11,42.0634765625,-0.022843033193648,2018-12-10,40.5519332885742,0.0135797689015118
2019-01-10,41.1863479614258,,,,2018-10-12,43.0000801086426,-0.0421797387966321,2018-12-11,40.5890274047852,0.0147163062244304
2019-01-11,40.9816780090332,,,,2018-10-12,43.0000801086426,-0.0469394962639545,2018-12-12,41.0248641967773,-0.00105268325903518
2019-01-14,40.8328170776367,,,,2018-10-16,43.9644889831543,-0.0712318504763589,2018-12-14,40.4406623840332,0.00969703932837529
2019-01-15,41.5119705200195,,,,2018-10-17,44.1406707763672,-0.0595527936053717,2018-12-14,40.4406623840332,0.0264908652042579
2019-01-16,41.335205078125,,,,2018-10-18,43.3339042663574,-0.0461232197299177,2018-12-17,39.6524314880371,0.0424380933763311
2019-01-17,41.5026779174805,,,,2018-10-19,43.324634552002,-0.0420535949895807,2018-12-18,39.8286247253418,0.0420314084074693
2019-01-18,41.837589263916,,,,2018-10-19,43.324634552002,-0.0343233198263001,2018-12-19,38.9754676818848,0.0734339252935128
2019-01-22,40.9723815917969,,,,2018-10-24,41.1454277038574,-0.00420571912160039,2018-12-21,37.0370063781738,0.106255218724756
2019-01-23,40.7863121032715,,,,2018-10-25,42.5085868835449,-0.0405159264642627,2018-12-24,36.255542755127,0.124967632638842
2019-01-24,40.9723815917969,,,,2018-10-26,41.3587074279785,-0.00934085855691658,2018-12-24,36.255542755127,0.130099799319731
2019-01-25,41.4933662414551,,,,2018-10-26,41.3587074279785,0.00325587577201358,2018-12-26,38.2929801940918,0.0835763116670942
2019-01-28,41.1305313110352,,,,2018-10-30,41.8316421508789,-0.0167602992326948,2018-12-28,38.3488006591797,0.0725376179708401
2019-01-29,40.6467514038086,,,,2018-10-31,42.6940536499023,-0.0479528662909812,2018-12-28,38.3488006591797,0.0599223627630929
2019-01-30,41.2328796386719,,,,2018-11-01,42.9444313049316,-0.0398550315897002,2018-12-31,38.4046249389649,0.0736435964210529
2019-01-31,42.9167938232422,,,,2018-11-02,42.5085868835449,0.00960292895210979,2018-12-31,38.4046249389649,0.117490247371205
2019-02-01,42.7679405212402,,,,2018-11-02,42.5085868835449,0.00610120582003426,2019-01-02,38.9163131713867,0.0989720514605541
2019-02-04,43.1679801940918,,,,2018-11-06,42.5827789306641,0.0137426743421465,2019-01-04,39.9117813110352,0.0815849049101782
2019-02-05,43.6424560546875,,,,2018-11-07,43.3617210388184,0.00647425907329224,2019-01-04,39.9117813110352,0.0934730202738621
2019-02-06,42.665599822998,,,,2018-11-08,42.9537124633789,-0.00670751429521943,2019-01-07,40.3676528930664,0.0569254530606198
2019-02-07,42.2562637329102,,,,2018-11-09,42.0727386474609,0.00436209030714707,2019-01-08,41.0468063354492,0.0294653227726616
2019-02-08,42.5446472167969,,,,2018-11-09,42.0727386474609,0.0112164927814706,2019-01-09,41.1026191711426,0.0350836047612928
2019-02-11,42.1073913574219,,,,2018-11-13,41.3123435974121,0.0192447992725249,2019-01-11,40.9816780090332,0.0274686982836707
2019-02-12,42.5911712646484,,,,2018-11-14,41.5163497924805,0.0258891130251206,2019-01-11,40.9816780090332,0.0392734835128143
2019-02-13,42.6191024780273,,,,2018-11-15,41.8223724365234,0.0190503310808863,2019-01-14,40.8328170776367,0.0437463179920774
2019-02-14,42.7772407531738,,,,2018-11-16,41.6183624267578,0.0278453610099501,2019-01-15,41.5119705200195,0.030479647612587
2019-02-15,42.9633102416992,,,,2018-11-16,41.6183624267578,0.0323162117997391,2019-01-16,41.335205078125,0.0393878574086435
2019-02-19,43.0098342895508,,,,2018-11-21,40.3015594482422,0.067200249280347,2019-01-18,41.837589263916,0.0280189429233151
2019-02-20,42.8609771728516,,,,2018-11-21,40.3015594482422,0.0635066672270175,2019-01-18,41.837589263916,0.0244609674443694
2019-02-21,42.4609260559082,,,,2018-11-23,39.7729721069336,0.0675824261196214,2019-01-22,40.9723815917969,0.0363304354367662
2019-02-22,42.8609771728516,,,,2018-11-23,39.7729721069336,0.0776407922851616,2019-01-23,40.7863121032715,0.0508666992084745
2019-02-25,42.9074897766113,2018-06-20,46.7775115966797,-0.0827325286867773,2018-11-27,40.8115844726562,0.0513556464674714,2019-01-25,41.4933662414551,0.0340807136959504
2019-02-26,42.9074897766113,2018-06-21,46.4907989501953,-0.0770756634538097,2018-11-28,41.6647262573242,0.0298277135342668,2019-01-25,41.4933662414551,0.0340807136959504
2019-02-27,42.6935043334961,2018-06-22,46.694278717041,-0.0856801838141434,2018-11-29,41.8038139343262,0.0212825174412943,2019-01-28,41.1305313110352,0.0380003119979535
2019-02-28,42.7214279174805,2018-06-22,46.694278717041,-0.0850821751340312,2018-11-30,41.7389106750488,0.0235395995377279,2019-01-29,40.6467514038086,0.0510416316684408
2019-03-01,43.0563468933105,2018-06-22,46.694278717041,-0.077909583865203,2018-11-30,41.7389106750488,0.0315637422480524,2019-01-30,41.2328796386719,0.0442236213094478
2019-03-04,43.1121711730957,2018-06-27,45.408763885498,-0.0505759795222216,2018-12-04,40.570484161377,0.062648673395385,2019-02-01,42.7679405212402,0.00804880122026219
2019-03-05,43.3819694519043,2018-06-28,45.8619232177734,-0.0540743517033332,2018-12-04,40.570484161377,0.0692987857710574,2019-02-01,42.7679405212402,0.0143572246683028
2019-03-06,43.3633575439453,2018-06-29,45.8064460754395,-0.0533350377689327,2018-12-06,41.0248641967773,0.0570018546789404,2019-02-04,43.1679801940918,0.00452597849088754
2019-03-07,42.9819297790527,2018-06-29,45.8064460754395,-0.0616619829387107,2018-12-07,40.2459106445312,0.0679825376219501,2019-02-05,43.6424560546875,-0.0151349473734264
2019-03-08,42.9540023803711,2018-06-29,45.8064460754395,-0.0622716656596896,2018-12-07,40.2459106445312,0.067288618706105,2019-02-06,42.665599822998,0.0067596039565716
2019-03-11,43.7261962890625,2018-07-03,45.5289916992188,-0.039596646946767,2018-12-11,40.5890274047852,0.0772910583195567,2019-02-08,42.5446472167969,0.0277719795452702
2019-03-12,43.9215545654297,2018-07-05,46.2226028442383,-0.0497818845590047,2018-12-12,41.0248641967773,0.0706081647158723,2019-02-08,42.5446472167969,0.0323638210376134
2019-03-13,44.0518035888672,2018-07-06,46.9532127380371,-0.0617936234812633,2018-12-13,40.8394050598145,0.0786592881151862,2019-02-11,42.1073913574219,0.0461774564693518
2019-03-14,43.8564376831055,2018-07-06,46.9532127380371,-0.0659544869103903,2018-12-14,40.4406623840332,0.0844638810965888,2019-02-12,42.5911712646484,0.0297072463820038
2019-03-15,43.821964263916,2018-07-06,46.9532127380371,-0.0666886947990345,2018-12-14,40.4406623840332,0.0836114366222107,2019-02-13,42.6191024780273,0.0282235363006254
2019-03-18,43.4491653442383,2018-07-11,47.1381759643555,-0.0782595114182337,2018-12-18,39.8286247253418,0.0909029785452984,2019-02-15,42.9633102416992,0.0113086049423516
2019-03-19,43.5237121582031,2018-07-12,47.8780364990234,-0.0909461761429822,2018-12-19,38.9754676818848,0.116695058374689,2019-02-15,42.9633102416992,0.013043732276476
2019-03-20,43.9151573181152,2018-07-13,47.8040504455566,-0.0813507033649881,2018-12-20,38.2892608642578,0.146931445707511,2019-02-15,42.9633102416992,0.0221548821787985
2019-03-21,44.4929962158203,2018-07-13,47.8040504455566,-0.0692630477726409,2018-12-21,37.0370063781738,0.201311892260287,2019-02-19,43.0098342895508,0.0344842511199785
2019-03-22,43.7753639221191,2018-07-13,47.8040504455566,-0.0842750036009128,2018-12-21,37.0370063781738,0.181935804291037,2019-02-20,42.8609771728516,0.0213337821389372
2019-03-25,43.7008094787598,2018-07-18,47.5358543395996,-0.0806768893526558,2018-12-24,36.255542755127,0.2053552686804,2019-02-22,42.8609771728516,0.0195943340843885
2019-03-26,43.9151573181152,2018-07-19,47.2029190063477,-0.0696516604786729,2018-12-26,38.2929801940918,0.146820046272891,2019-02-22,42.8609771728516,0.0245953362428564
2019-03-27,43.5982894897461,2018-07-20,47.0456886291504,-0.0732776847327987,2018-12-27,38.4697608947754,0.133313243328924,2019-02-25,42.9074897766113,0.0160997466114021
2019-03-28,43.4957580566406,2018-07-20,47.0456886291504,-0.0754570859934263,2018-12-28,38.3488006591797,0.13421429898692,2019-02-26,42.9074897766113,0.013710153707243
2019-03-29,43.5889663696289,2018-07-20,47.0456886291504,-0.0734758563482826,2018-12-28,38.3488006591797,0.136644839483262,2019-02-27,42.6935043334961,0.020974198537042
2019-04-01,44.2506713867188,2018-07-25,47.9150352478027,-0.0764762843673797,2018-12-31,38.4046249389649,0.15222245906697,2019-03-01,43.0563468933105,0.0277386397031691
2019-04-02,44.4836692810059,2018-07-26,46.1079292297363,-0.0352273454016437,2019-01-02,38.9163131713867,0.143059700570828,2019-03-01,43.0563468933105,0.0331501042397322
2019-04-03,44.6514320373535,2018-07-27,45.233039855957,-0.0128580307769635,2019-01-03,38.2650756835938,0.166897784459314,2019-03-04,43.1121711730957,0.0357036266644442
2019-04-04,44.9030647277832,2018-07-27,45.233039855957,-0.00729500226437629,2019-01-04,39.9117813110352,0.125057896510573,2019-03-05,43.3819694519043,0.0350628451196822
2019-04-05,45.0335426330566,2018-07-27,45.233039855957,-0.00441043147963704,2019-01-04,39.9117813110352,0.12832705416246,2019-03-06,43.3633575439453,0.038516046351317
2019-04-08,44.9496650695801,2018-08-01,44.6319122314453,0.00711940901135977,2019-01-08,41.0468063354492,0.0950831278378956,2019-03-08,42.9540023803711,0.0464604595291673
2019-04-09,45.0708236694336,2018-08-02,44.927864074707,0.00318198066324404,2019-01-09,41.1026191711426,0.096543835364074,2019-03-08,42.9540023803711,0.0492811186794051
2019-04-10,45.266529083252,2018-08-03,45.233039855957,0.00074037091916801,2019-01-10,41.1863479614258,0.0990663490156394,2019-03-11,43.7261962890625,0.0352267730768694
2019-04-11,45.2944984436035,2018-08-03,45.233039855957,0.00135871008984156,2019-01-11,40.9816780090332,0.10523777073305,2019-03-12,43.9215545654297,0.0312590000913691
2019-04-12,45.6859359741211,2018-08-03,45.233039855957,0.0100125067783701,2019-01-11,40.9816780090332,0.114789295939785,2019-03-13,44.0518035888672,0.0370956976133181
2019-04-15,45.6486549377441,2018-08-08,45.7047080993652,-0.00122641985808614,2019-01-15,41.5119705200195,0.0996503988103783,2019-03-15,43.821964263916,0.0416843631843373
2019-04-16,45.695255279541,2018-08-09,45.954402923584,-0.00563923427476354,2019-01-16,41.335205078125,0.105480308932189,2019-03-15,43.821964263916,0.0427477646675805
2019-04-17,45.7791213989258,2018-08-10,45.5659790039062,0.00467766521599944,2019-01-17,41.5026779174805,0.103040181887736,2019-03-18,43.4491653442383,0.0536248748676245
2019-04-18,45.8070869445801,2018-08-10,45.5659790039062,0.0052914026197739,2019-01-18,41.837589263916,0.0948787382471787,2019-03-19,43.5237121582031,0.0524627765682573
2019-04-22,46.0121307373047,2018-08-15,45.1868057250977,0.0182647345605274,2019-01-22,40.9723815917969,0.123003568494462,2019-03-22,43.7753639221191,0.0510964756150283
2019-04-23,46.6272315979004,2018-08-16,45.1683235168457,0.0322993630815318,2019-01-23,40.7863121032715,0.143207835997518,2019-03-22,43.7753639221191,0.0651477776599416
2019-04-24,46.4128875732422,2018-08-17,44.9555854797363,0.0324164856925895,2019-01-24,40.9723815917969,0.13278471424113,2019-03-25,43.7008094787598,0.0620601340531368
2019-04-25,46.9347877502441,2018-08-17,44.9555854797363,0.0440257255997687,2019-01-25,41.4933662414551,0.131139553178808,2019-03-26,43.9151573181152,0.068760551402677
2019-04-26,47.3075790405273,2018-08-17,44.9555854797363,0.0523181610403267,2019-01-25,41.4933662414551,0.140123911982427,2019-03-27,43.5982894897461,0.0850787862137032
2019-04-29,47.7362899780273,2018-08-22,45.2515525817871,0.0549094396650667,2019-01-29,40.6467514038086,0.174418331831421,2019-03-29,43.5889663696289,0.0951461792699937
2019-04-30,46.6645126342773,2018-08-23,45.0665702819824,0.0354573765497699,2019-01-30,41.2328796386719,0.131730624763622,2019-03-29,43.5889663696289,0.0705579076725105
2019-05-01,46.422191619873,2018-08-24,45.7232055664062,0.0152873370274011,2019-01-31,42.9167938232422,0.0816789299561438,2019-04-01,44.2506713867188,0.0490731590076179
2019-05-02,46.2357940673828,2018-08-24,45.7232055664062,0.0112106860100196,2019-02-01,42.7679405212402,0.0810853528104842,2019-04-02,44.4836692810059,0.0393880454264841
2019-05-03,46.6831474304199,2018-08-24,45.7232055664062,0.0209946317656906,2019-02-01,42.7679405212402,0.0915453692991186,2019-04-03,44.6514320373535,0.0455016849485756
2019-05-06,46.6085891723633,2018-08-29,46.2226028442383,0.00835059698878715,2019-02-05,43.6424560546875,0.0679643948992921,2019-04-05,45.0335426330566,0.0349749641537302
2019-05-07,45.8536834716797,2018-08-30,45.935905456543,-0.00178992846763559,2019-02-06,42.665599822998,0.0747225788904335,2019-04-05,45.0335426330566,0.0182117770592853
2019-05-08,45.7791213989258,2018-08-31,45.4827423095703,0.00651629770558282,2019-02-07,42.2562637329102,0.083368886759194,2019-04-08,44.9496650695801,0.0184530035554602
2019-05-09,45.6393356323242,2018-08-31,45.4827423095703,0.00344291735287383,2019-02-08,42.5446472167969,0.0727397832154437,2019-04-09,45.0708236694336,0.0126137469121999
2019-05-10,45.7698059082031,2018-08-31,45.4827423095703,0.00631148396196002,2019-02-08,42.5446472167969,0.0758064504559561,2019-04-10,45.266529083252,0.0111180785260909
2019-05-13,44.3531875610352,2018-09-05,44.3359756469727,0.000388215525007451,2019-02-12,42.5911712646484,0.0413704588079558,2019-04-12,45.6859359741211,-0.0291719625453414
2019-05-14,44.6048126220703,2018-09-06,44.0030479431152,0.0136755226531808,2019-02-13,42.6191024780273,0.0465920216191018,2019-04-12,45.6859359741211,-0.0236642487233528
2019-05-15,45.60205078125,2018-09-07,44.0955238342285,0.0341650765434849,2019-02-14,42.7772407531738,0.0660353491328585,2019-04-15,45.6486549377441,-0.00102093164755235
2019-05-16,46.0028038024902,2018-09-07,44.0955238342285,0.0432533691045807,2019-02-15,42.9633102416992,0.070746261023457,2019-04-16,45.695255279541,0.00673042575356675
2019-05-17,45.6672973632812,2018-09-07,44.0955238342285,0.0356447410617369,2019-02-15,42.9633102416992,0.0629371225441004,2019-04-17,45.7791213989258,-0.00244268636503708
2019-05-20,44.9123764038086,2018-09-12,44.50244140625,0.00921151704501821,2019-02-19,43.0098342895508,0.0442350486972241,2019-04-18,45.8070869445801,-0.0195321423048349
2019-05-21,45.4063339233398,2018-09-13,44.8168754577637,0.0131526006566809,2019-02-20,42.8609771728516,0.0593863443715539,2019-04-18,45.8070869445801,-0.00874871221837559
2019-05-22,45.3597297668457,2018-09-14,44.7336387634277,0.0139959775400573,2019-02-21,42.4609260559082,0.0682699126043707,2019-04-22,46.0121307373047,-0.0141788906535042
2019-05-23,44.7259826660156,2018-09-14,44.7336387634277,-0.000171148550033973,2019-02-22,42.8609771728516,0.0435129018557554,2019-04-23,46.6272315979004,-0.0407755053587693
2019-05-24,44.7166709899902,2018-09-14,44.7336387634277,-0.000379306801470358,2019-02-22,42.8609771728516,0.0432956488522172,2019-04-24,46.4128875732422,-0.0365462411830166
2019-05-28,44.9123764038086,2018-09-20,45.2237930297852,-0.00688612354499907,2019-02-27,42.6935043334961,0.0519721232761781,2019-04-26,47.3075790405273,-0.0506304208606159
2019-05-29,44.4743461608887,2018-09-21,45.0216331481934,-0.0121560891739142,2019-02-28,42.7214279174805,0.0410313589422642,2019-04-29,47.7362899780273,-0.0683325792314425
2019-05-30,44.5768775939941,2018-09-21,45.0216331481934,-0.00987870770336696,2019-03-01,43.0563468933105,0.0353149026890582,2019-04-30,46.6645126342773,-0.0447371015453344
2019-05-31,43.8871841430664,2018-09-21,45.0216331481934,-0.0251978643554044,2019-03-01,43.0563468933105,0.0192965104962246,2019-05-01,46.422191619873,-0.0546076647471642
2019-06-03,42.507869720459,2018-09-26,45.2163734436035,-0.0599009499627994,2019-03-05,43.3819694519043,-0.0201489176837487,2019-05-03,46.6831474304199,-0.0894386505576578
2019-06-04,43.421199798584,2018-09-27,45.6058502197266,-0.0479028548007997,2019-03-06,43.3633575439453,0.00133389704844822,2019-05-03,46.6831474304199,-0.0698742011064655
2019-06-05,43.4398460388184,2018-09-28,45.4389381408691,-0.0439951324534307,2019-03-07,42.9819297790527,0.0106536924265506,2019-05-06,46.6085891723633,-0.0679862486681712
2019-06-06,43.6262435913086,2018-09-28,45.4389381408691,-0.039892977779121,2019-03-08,42.9540023803711,0.0156502578033264,2019-05-07,45.8536834716797,-0.0485771199111368
2019-06-07,44.3345489501953,2018-09-28,45.4389381408691,-0.0243049075497763,2019-03-08,42.9540023803711,0.0321401148512088,2019-05-08,45.7791213989258,-0.0315552680913699
2019-06-10,44.2972755432129,2018-10-03,45.4203948974609,-0.0247272036446083,2019-03-12,43.9215545654297,0.00855436428652578,2019-05-10,45.7698059082031,-0.0321725280623556
2019-06-11,44.4836692810059,2018-10-04,44.7712593078613,-0.00642354115790911,2019-03-13,44.0518035888672,0.00980358707146811,2019-05-10,45.7698059082031,-0.0281001110159123
2019-06-12,44.2693176269531,2018-10-05,44.3447036743164,-0.00170000115271807,2019-03-14,43.8564376831055,0.0094143520463521,2019-05-13,44.3531875610352,-0.00189095617911617
2019-06-13,44.7632675170898,2018-10-05,44.3447036743164,0.00943886886351786,2019-03-15,43.821964263916,0.021480170252179,2019-05-14,44.6048126220703,0.0035524170084984
2019-06-14,44.8471527099609,2018-10-05,44.3447036743164,0.0113305309092762,2019-03-15,43.821964263916,0.0233943973818875,2019-05-15,45.60205078125,-0.0165540377758504
2019-06-17,45.3597297668457,2018-10-10,42.4251251220703,0.0691713845588344,2019-03-19,43.5237121582031,0.0421843063838141,2019-05-17,45.6672973632812,-0.00673496384051064
2019-06-18,45.6113739013672,2018-10-11,42.0634765625,0.0843462697049195,2019-03-20,43.9151573181152,0.0386248549894699,2019-05-17,45.6672973632812,-0.00122458444319995
2019-06-19,45.6672973632812,2018-10-12,43.0000801086426,0.0620281926894035,2019-03-21,44.4929962158203,0.026392943774,2019-05-20,44.9123764038086,0.0168087511710611
2019-06-20,45.9561958312988,2018-10-12,43.0000801086426,0.0687467491964533,2019-03-22,43.7753639221191,0.0498187042615936,2019-05-21,45.4063339233398,0.0121098062857778
2019-06-21,46.150520324707,2018-10-12,43.0000801086426,0.0732659150425918,2019-03-22,43.7753639221191,0.0542578333971944,2019-05-22,45.3597297668457,0.0174337581358197
2019-06-24,46.262622833252,2018-10-17,44.1406707763672,0.0480724923197329,2019-03-26,43.9151573181152,0.0534545623537679,2019-05-24,44.7166709899902,0.0345721586387271
2019-06-25,45.403148651123,2018-10-18,43.3339042663574,0.047751164354976,2019-03-27,43.5982894897461,0.0413974764262584,2019-05-24,44.7166709899902,0.0153517166178687
2019-06-26,45.2256393432617,2018-10-19,43.324634552002,0.0438781494850931,2019-03-28,43.4957580566406,0.0397712642315238,2019-05-24,44.7166709899902,0.0113820716525479
2019-06-27,45.5432777404785,2018-10-19,43.324634552002,0.0512097380951606,2019-03-29,43.5889663696289,0.0448350014606289,2019-05-28,44.9123764038086,0.0140473826412006
2019-06-28,45.9823570251465,2018-10-19,43.324634552002,0.0613443714096307,2019-03-29,43.5889663696289,0.0549081764229489,2019-05-29,44.4743461608887,0.0339074319114774
2019-07-01,46.3560447692871,2018-10-24,41.1454277038574,0.126639030293546,2019-04-02,44.4836692810059,0.0420913004377708,2019-05-31,43.8871841430664,0.0562547056601432
2019-07-02,46.7857933044434,2018-10-25,42.5085868835449,0.100619821416697,2019-04-03,44.6514320373535,0.0478005109736306,2019-05-31,43.8871841430664,0.0660468247843806
2019-07-03,47.0286979675293,2018-10-26,41.3587074279785,0.137093030516595,2019-04-04,44.9030647277832,0.0473382663885498,2019-06-03,42.507869720459,0.106352736018066
2019-07-05,47.0940780639649,2018-10-26,41.3587074279785,0.138673836603183,2019-04-05,45.0335426330566,0.045755570413323,2019-06-05,43.4398460388184,0.0841216615243301
2019-07-08,46.6736869812012,2018-10-31,42.6940536499023,0.0932128245289714,2019-04-09,45.0708236694336,0.0355632132113577,2019-06-07,44.3345489501953,0.0527610652729005
2019-07-09,46.9632987976074,2018-11-01,42.9444313049316,0.0935829715415109,2019-04-10,45.266529083252,0.0374839809616252,2019-06-07,44.3345489501953,0.0592934835170016
2019-07-10,47.4958076477051,2018-11-02,42.5085868835449,0.117322666543185,2019-04-11,45.2944984436035,0.0485999244884545,2019-06-10,44.2972755432129,0.0722060683251717
2019-07-11,47.5238304138184,2018-11-02,42.5085868835449,0.117981892552981,2019-04-12,45.6859359741211,0.0402288888365634,2019-06-11,44.4836692810059,0.0683433084983982
2019-07-12,47.8694877624512,2018-11-02,42.5085868835449,0.126113363720906,2019-04-12,45.6859359741211,0.0477948353639284,2019-06-12,44.2693176269531,0.0813242744294325
2019-07-15,47.8788185119629,2018-11-07,43.3617210388184,0.10417246744198,2019-04-16,45.695255279541,0.0477853383040299,2019-06-14,44.8471527099609,0.0675999616209435
2019-07-16,47.7667274475098,2018-11-08,42.9537124633789,0.112051199025796,2019-04-17,45.7791213989258,0.0434173043921857,2019-06-14,44.8471527099609,0.0651005595925016
2019-07-17,47.318286895752,2018-11-09,42.0727386474609,0.124678079367376,2019-04-18,45.8070869445801,0.0329905272736555,2019-06-17,45.3597297668457,0.0431783244515225
2019-07-18,46.9352645874023,2018-11-09,42.0727386474609,0.11557426723955,2019-04-18,45.8070869445801,0.0246288886299884,2019-06-18,45.6113739013672,0.0290254507329248
2019-07-19,46.3280258178711,2018-11-09,42.0727386474609,0.101141197535686,2019-04-18,45.8070869445801,0.0113724514706921,2019-06-19,45.6672973632812,0.0144683064849178
2019-07-22,46.5055198669434,2018-11-14,41.5163497924805,0.120173620739811,2019-04-23,46.6272315979004,-0.00261031433319137,2019-06-21,46.150520324707,0.00769221104634599
2019-07-23,46.6830253601074,2018-11-15,41.8223724365234,0.116221358101129,2019-04-24,46.4128875732422,0.00582031847165165,2019-06-21,46.150520324707,0.0115384405561145
2019-07-24,47.0940780639649,2018-11-16,41.6183624267578,0.131569704282418,2019-04-25,46.9347877502441,0.0033938645801137,2019-06-24,46.262622833252,0.0179725052275954
2019-07-25,46.9726333618164,2018-11-16,41.6183624267578,0.128651648523685,2019-04-26,47.3075790405273,-0.00708016950992141,2019-06-25,45.403148651123,0.0345677504164579
2019-07-26,48.3179244995117,2018-11-16,41.6183624267578,0.160976109632957,2019-04-26,47.3075790405273,0.0213569470151671,2019-06-26,45.2256393432617,0.0683746034584414
2019-07-29,48.0469932556152,2018-11-21,40.3015594482422,0.192186950416155,2019-04-30,46.6645126342773,0.0296259522128255,2019-06-28,45.9823570251465,0.0449006176290543
2019-07-30,47.8227806091309,2018-11-21,40.3015594482422,0.186623576453608,2019-05-01,46.422191619873,0.0301706778673119,2019-06-28,45.9823570251465,0.0400245594843671
2019-07-31,47.4397506713867,2018-11-23,39.7729721069336,0.192763531572149,2019-05-02,46.2357940673828,0.0260394923086926,2019-07-01,46.3560447692871,0.0233778767686756
2019-08-01,47.2155342102051,2018-11-23,39.7729721069336,0.187126123822515,2019-05-03,46.6831474304199,0.0114042606184313,2019-07-02,46.7857933044434,0.0091852862890518
2019-08-02,46.7577590942383,2018-11-23,39.7729721069336,0.175616420330002,2019-05-03,46.6831474304199,0.0015982569283608,2019-07-03,47.0286979675293,-0.00576113915545962
2019-08-05,45.2443351745605,2018-11-28,41.6647262573242,0.0859146150421921,2019-05-07,45.8536834716797,-0.0132889715936449,2019-07-05,47.0940780639649,-0.0392776112294186
2019-08-06,45.8982887268066,2018-11-29,41.8038139343262,0.0979450056617535,2019-05-08,45.7791213989258,0.00260309338054832,2019-07-05,47.0940780639649,-0.0253915011465783
2019-08-07,45.9543304443359,2018-11-30,41.7389106750488,0.10099496371876,2019-05-09,45.6393356323242,0.00690182728664923,2019-07-08,46.6736869812012,-0.015412464353951
2019-08-08,46.8792152404785,2018-11-30,41.7389106750488,0.123153778627542,2019-05-10,45.7698059082031,0.0242388909076969,2019-07-09,46.9632987976074,-0.00179040994311885
2019-08-09,46.3560447692871,2018-11-30,41.7389106750488,0.110619420094218,2019-05-10,45.7698059082031,0.012808419206753,2019-07-10,47.4958076477051,-0.0239971259541902
2019-08-12,45.860912322998,2018-12-04,40.570484161377,0.130400912658015,2019-05-14,44.6048126220703,0.0281606317141263,2019-07-12,47.8694877624512,-0.0419594094973511
2019-08-13,46.5335502624512,2018-12-06,41.0248641967773,0.134276765408685,2019-05-15,45.60205078125,0.0204267015461543,2019-07-12,47.8694877624512,-0.0279079130035711
2019-08-14,44.8799858093262,2018-12-07,40.2459106445312,0.115144000734013,2019-05-16,46.0028038024902,-0.0244075991103675,2019-07-15,47.8788185119629,-0.062633807513179
2019-08-15,44.9547309875488,2018-12-07,40.2459106445312,0.117001212486105,2019-05-17,45.6672973632812,-0.0156034277672267,2019-07-16,47.7667274475098,-0.0588693555163686
2019-08-16,45.5339469909668,2018-12-07,40.2459106445312,0.131393134401696,2019-05-17,45.6672973632812,-0.00292004081725394,2019-07-17,47.318286895752,-0.0377093090609193
2019-08-19,46.2439460754395,2018-12-12,41.0248641967773,0.127217529682209,2019-05-21,45.4063339233398,0.0184470332600242,2019-07-19,46.3280258178711,-0.00181487859556495
2019-08-20,45.9356498718262,2018-12-13,40.8394050598145,0.124787440085075,2019-05-22,45.3597297668457,0.0126967269853848,2019-07-19,46.3280258178711,-0.00846951578699806
2019-08-21,46.1131591796875,2018-12-14,40.4406623840332,0.140267158381014,2019-05-23,44.7259826660156,0.0310150036060783,2019-07-22,46.5055198669434,-0.00843686272895006
2019-08-22,46.0103912353516,2018-12-14,40.4406623840332,0.137725955090127,2019-05-24,44.7166709899902,0.0289314972854513,2019-07-23,46.6830253601074,-0.0144085375694321
2019-08-23,44.7491874694824,2018-12-14,40.4406623840332,0.106539429164996,2019-05-24,44.7166709899902,0.000727166821059999,2019-07-24,47.0940780639649,-0.049791623297042
2019-08-26,45.4218368530273,2018-12-19,38.9754676818848,0.165395556603898,2019-05-28,44.9123764038086,0.0113434311433038,2019-07-26,48.3179244995117,-0.0599381632485816
2019-08-27,45.5059127807617,2018-12-20,38.2892608642578,0.188477180118159,2019-05-29,44.4743461608887,0.0231946438547133,2019-07-26,48.3179244995117,-0.0581981065593663
2019-08-28,45.6180076599121,2018-12-21,37.0370063781738,0.231687226395142,2019-05-30,44.5768775939941,0.0233558320392149,2019-07-29,48.0469932556152,-0.0505543725240133
2019-08-29,46.3280258178711,2018-12-21,37.0370063781738,0.250857732529175,2019-05-31,43.8871841430664,0.0556162743740374,2019-07-30,47.8227806091309,-0.0312561246381056
2019-08-30,46.2719688415527,2018-12-21,37.0370063781738,0.249344192915687,2019-05-31,43.8871841430664,0.0543389771991807,2019-07-31,47.4397506713867,-0.0246161038645242
2019-09-03,45.8141975402832,2018-12-27,38.4697608947754,0.190914538449998,2019-06-05,43.4398460388184,0.0546583774570264,2019-08-02,46.7577590942383,-0.0201797856063497
2019-09-04,46.7017135620117,2018-12-28,38.3488006591797,0.217814188690477,2019-06-06,43.6262435913086,0.0704958694017799,2019-08-05,45.2443351745605,0.0322112896968947
2019-09-05,47.4958076477051,2018-12-28,38.3488006591797,0.238521331340146,2019-06-07,44.3345489501953,0.0713046319939123,2019-08-06,45.8982887268066,0.0348056314344769
2019-09-06,47.3930282592773,2018-12-28,38.3488006591797,0.235841211319153,2019-06-07,44.3345489501953,0.0689863634908721,2019-08-07,45.9543304443359,0.031307121679949
2019-09-09,47.5425148010254,2019-01-02,38.9163131713867,0.221660299413489,2019-06-11,44.4836692810059,0.068763336511128,2019-08-09,46.3560447692871,0.0255947209828473
2019-09-10,47.6078987121582,2019-01-03,38.2650756835938,0.244160578847887,2019-06-12,44.2693176269531,0.0754152371025572,2019-08-09,46.3560447692871,0.0270051931544535
2019-09-11,47.8601417541504,2019-01-04,39.9117813110352,0.199148225962984,2019-06-13,44.7632675170898,0.0691833820191572,2019-08-12,45.860912322998,0.0435933201038781
2019-09-12,48.0002746582031,2019-01-04,39.9117813110352,0.202659292105601,2019-06-14,44.8471527099609,0.0703081858648711,2019-08-13,46.5335502624512,0.0315197182995832
2019-09-13,47.9161949157715,2019-01-04,39.9117813110352,0.200552652420031,2019-06-14,44.8471527099609,0.0684333791636429,2019-08-14,44.8799858093262,0.0676517394489546
2019-09-16,47.7387008666992,2019-01-09,41.1026191711426,0.161451552951538,2019-06-18,45.6113739013672,0.0466402737600558,2019-08-16,45.5339469909668,0.0484200035672244
2019-09-17,47.7854194641113,2019-01-10,41.1863479614258,0.160224730506965,2019-06-19,45.6672973632812,0.046381595214197,2019-08-16,45.5339469909668,0.0494460204293554
2019-09-18,47.7293586730957,2019-01-11,40.9816780090332,0.164651156123358,2019-06-20,45.9561958312988,0.0385837602465182,2019-08-19,46.2439460754395,0.0321212336687928
2019-09-19,47.7760734558105,2019-01-11,40.9816780090332,0.165791050461128,2019-06-21,46.150520324707,0.0352228559865935,2019-08-20,45.9356498718262,0.0400652562687083
2019-09-20,47.4661102294922,2019-01-11,40.9816780090332,0.158227591828467,2019-06-21,46.150520324707,0.0285065021050444,2019-08-21,46.1131591796875,0.0293398039490786
2019-09-23,47.2975730895996,2019-01-16,41.335205078125,0.144244307006715,2019-06-25,45.403148651123,0.0417245167958127,2019-08-23,44.7491874694824,0.0569481987098672
2019-09-24,46.5859107971191,2019-01-17,41.5026779174805,0.122479635886283,2019-06-26,45.2256393432617,0.0300774400010797,2019-08-23,44.7491874694824,0.0410448419625342
2019-09-25,47.1196517944336,2019-01-18,41.837589263916,0.126251598704642,2019-06-27,45.5432777404785,0.034612661454404,2019-08-26,45.4218368530273,0.0373788261117647
2019-09-26,46.660816192627,2019-01-18,41.837589263916,0.11528453272691,2019-06-28,45.9823570251465,0.0147547714248195,2019-08-27,45.5059127807617,0.0253791945110369
2019-09-27,46.1364364624023,2019-01-18,41.837589263916,0.102750834216779,2019-06-28,45.9823570251465,0.00335083817411963,2019-08-28,45.6180076599121,0.0113645647647564
2019-09-30,46.3705291748047,2019-01-23,40.7863121032715,0.136913998436384,2019-07-02,46.7857933044434,-0.00887585953574577,2019-08-30,46.2719688415527,0.0021300224675862
2019-10-01,45.9023361206055,2019-01-24,40.9723815917969,0.12032384590003,2019-07-03,47.0286979675293,-0.0239505216091995,2019-08-30,46.2719688415527,-0.00798826438989408
2019-10-02,45.2093925476074,2019-01-25,41.4933662414551,0.0895571182277264,2019-07-03,47.0286979675293,-0.0386850050830241,2019-08-30,46.2719688415527,-0.0229637147618216
2019-10-03,45.6495018005371,2019-01-25,41.4933662414551,0.100163855949815,2019-07-05,47.0940780639649,-0.0306742656999394,2019-09-03,45.8141975402832,-0.00359486247906626
2019-10-04,46.2675399780273,2019-01-25,41.4933662414551,0.115058723093006,2019-07-05,47.0940780639649,-0.0175507859993538,2019-09-04,46.7017135620117,-0.009296737761193
2019-10-07,46.2675399780273,2019-01-30,41.2328796386719,0.122103049398313,2019-07-09,46.9632987976074,-0.0148149477867496,2019-09-06,47.3930282592773,-0.0237479714335342
2019-10-08,45.5184097290039,2019-01-31,42.9167938232422,0.0606199968356627,2019-07-10,47.4958076477051,-0.0416331044071994,2019-09-06,47.3930282592773,-0.0395547319748758
2019-10-09,45.7899627685547,2019-02-01,42.7679405212402,0.0706609252277086,2019-07-11,47.5238304138184,-0.0364841728910706,2019-09-09,47.5425148010254,-0.0368628382365862
2019-10-10,46.0521621704102,2019-02-01,42.7679405212402,0.0767916717322137,2019-07-12,47.8694877624512,-0.0379641746128422,2019-09-10,47.6078987121582,-0.0326781182079505
2019-10-11,46.5952682495117,2019-02-01,42.7679405212402,0.0894905782608511,2019-07-12,47.8694877624512,-0.0266186160015472,2019-09-11,47.8601417541504,-0.0264285365291251
2019-10-14,46.4922637939453,2019-02-06,42.665599822998,0.0896896794331385,2019-07-16,47.7667274475098,-0.0266809915953515,2019-09-13,47.9161949157715,-0.0297171159840469
2019-10-15,47.2882041931152,2019-02-07,42.2562637329102,0.119081528173208,2019-07-17,47.318286895752,-0.000635752150178082,2019-09-13,47.9161949157715,-0.0131060223742757
2019-10-16,47.3724746704102,2019-02-08,42.5446472167969,0.113476730198558,2019-07-18,46.9352645874023,0.00931517243699909,2019-09-16,47.7387008666992,-0.00767147387005085
2019-10-17,47.6534042358398,2019-02-08,42.5446472167969,0.120079900839464,2019-07-19,46.3280258178711,0.0286085667276046,2019-09-17,47.7854194641113,-0.00276266756161136
2019-10-18,47.1009178161621,2019-02-08,42.5446472167969,0.107093862505138,2019-07-19,46.3280258178711,0.016683033318309,2019-09-18,47.7293586730957,-0.0131667567804098
2019-10-21,47.3818321228027,2019-02-13,42.6191024780273,0.111751054523752,2019-07-23,46.6830253601074,0.0149691832803207,2019-09-20,47.4661102294922,-0.00177554272473524
2019-10-22,46.9230079650879,2019-02-14,42.7772407531738,0.0969152553769255,2019-07-24,47.0940780639649,-0.00363251826789357,2019-09-20,47.4661102294922,-0.0114418953181221
2019-10-23,47.2882041931152,2019-02-15,42.9633102416992,0.100664821380974,2019-07-25,46.9726333618164,0.00671818479641284,2019-09-23,47.2975730895996,-0.000198084084919725
2019-10-24,46.7544631958008,2019-02-15,42.9633102416992,0.0882416399661392,2019-07-26,48.3179244995117,-0.032357791024876,2019-09-24,46.5859107971191,0.00361809817169156
2019-10-25,47.1196517944336,2019-02-15,42.9633102416992,0.096741650709687,2019-07-26,48.3179244995117,-0.0247997553183442,2019-09-25,47.1196517944336,0
2019-10-28,47.5597648620605,2019-02-20,42.8609771728516,0.109628571235311,2019-07-30,47.8227806091309,-0.00549980038216547,2019-09-27,46.1364364624023,0.0308504190785976
2019-10-29,47.1290168762207,2019-02-21,42.4609260559082,0.109938507091579,2019-07-31,47.4397506713867,-0.00655007226573467,2019-09-27,46.1364364624023,0.021514024270757
2019-10-30,47.2601089477539,2019-02-22,42.8609771728516,0.10263722539879,2019-08-01,47.2155342102051,0.00094406932579405,2019-09-30,46.3705291748047,0.0191841626304445
2019-10-31,47.400577545166,2019-02-22,42.8609771728516,0.10591453279301,2019-08-02,46.7577590942383,0.0137478455636029,2019-10-01,45.9023361206055,0.0326397641423741
2019-11-01,47.709587097168,2019-02-22,42.8609771728516,0.113124110651111,2019-08-02,46.7577590942383,0.0203565787019715,2019-10-02,45.2093925476074,0.0553025468530182
2019-11-04,47.9717712402344,2019-02-27,42.6935043334961,0.123631615374264,2019-08-06,45.8982887268066,0.0451755952333954,2019-10-04,46.2675399780273,0.0368342743750019
2019-11-05,47.9904899597168,2019-02-28,42.7214279174805,0.123335344792639,2019-08-07,45.9543304443359,0.0443083273261318,2019-10-04,46.2675399780273,0.0372388500125074
2019-11-06,47.821964263916,2019-03-01,43.0563468933105,0.110683272373623,2019-08-08,46.8792152404785,0.0201101707569427,2019-10-07,46.2675399780273,0.0335964325448657
2019-11-07,48.1215934753418,2019-03-01,43.0563468933105,0.117642274542762,2019-08-09,46.3560447692871,0.0380866986137791,2019-10-08,45.5184097290039,0.0571896901020064
2019-11-08,48.252685546875,2019-03-01,43.0563468933105,0.120686937664277,2019-08-09,46.3560447692871,0.0409146377139686,2019-10-09,45.7899627685547,0.053783026441147
2019-11-11,48.0279541015625,2019-03-06,43.3633575439453,0.107570004303518,2019-08-13,46.5335502624512,0.0321145459713008,2019-10-11,46.5952682495117,0.0307474536766037
2019-11-12,48.0841331481934,2019-03-07,42.9819297790527,0.118705776947856,2019-08-14,44.8799858093262,0.0713936798572106,2019-10-11,46.5952682495117,0.0319531350417162
2019-11-13,48.0654106140137,2019-03-08,42.9540023803711,0.118997251720095,2019-08-15,44.9547309875488,0.0691958234012435,2019-10-14,46.4922637939453,0.0338367438299108
2019-11-14,48.2807922363281,2019-03-08,42.9540023803711,0.124011490449403,2019-08-16,45.5339469909668,0.0603252172693542,2019-10-15,47.2882041931152,0.0209901826501884
2019-11-15,48.6834449768066,2019-03-08,42.9540023803711,0.133385535198782,2019-08-16,45.5339469909668,0.0691681304602181,2019-10-16,47.3724746704102,0.0276736715891968
2019-11-18,48.8519897460938,2019-03-13,44.0518035888672,0.108966847351505,2019-08-20,45.9356498718262,0.0634875065968374,2019-10-18,47.1009178161621,0.0371770235299063
2019-11-19,48.8800773620605,2019-03-14,43.8564376831055,0.114547371933273,2019-08-21,46.1131591796875,0.0600027894768886,2019-10-18,47.1009178161621,0.0377733519512848
2019-11-20,48.5804405212402,2019-03-15,43.821964263916,0.108586557842695,2019-08-22,46.0103912353516,0.0558580185233029,2019-10-21,47.3818321228027,0.0252967929845134
2019-11-21,48.7115249633789,2019-03-15,43.821964263916,0.111577853288723,2019-08-23,44.7491874694824,0.0885454623416051,2019-10-22,46.9230079650879,0.0381159920442808
2019-11-22,48.7302627563477,2019-03-15,43.821964263916,0.112005442359261,2019-08-23,44.7491874694824,0.0889641915751029,2019-10-23,47.2882041931152,0.0304951010053871
2019-11-25,48.8800773620605,2019-03-20,43.9151573181152,0.113057093430865,2019-08-27,45.5059127807617,0.0741478277241656,2019-10-25,47.1196517944336,0.0373607507820104
2019-11-26,49.0392646789551,2019-03-21,44.4929962158203,0.10217941810622,2019-08-28,45.6180076599121,0.0749979491552735,2019-10-25,47.1196517944336,0.040739114391084
2019-11-27,49.3857460021973,2019-03-22,43.7753639221191,0.128163002597981,2019-08-29,46.3280258178711,0.0660015213328315,2019-10-28,47.5597648620605,0.0383934013431877
2019-11-29,49.2171936035156,2019-03-22,43.7753639221191,0.124312608595969,2019-08-30,46.2719688415527,0.0636503013746423,2019-10-30,47.2601089477539,0.0414109213739915
2019-12-02,48.7489776611328,2019-03-27,43.5982894897461,0.118139684645154,2019-09-03,45.8141975402832,0.064058311144032,2019-11-01,47.709587097168,0.0217857799072536
2019-12-03,48.655345916748,2019-03-28,43.4957580566406,0.118622782786968,2019-09-04,46.7017135620117,0.0418321343207728,2019-11-01,47.709587097168,0.0198232447003555
2019-12-04,48.9081726074219,2019-03-29,43.5889663696289,0.12203102483979,2019-09-05,47.4958076477051,0.0297366237077779,2019-11-04,47.9717712402344,0.0195198414187829
2019-12-05,49.114185333252,2019-03-29,43.5889663696289,0.12675728340906,2019-09-06,47.3930282592773,0.0363166722446711,2019-11-05,47.9904899597168,0.0234149593904622
2019-12-06,49.4044647216797,2019-03-29,43.5889663696289,0.133416752825385,2019-09-06,47.3930282592773,0.0424416108504018,2019-11-06,47.821964263916,0.0330914984802861
2019-12-09,49.2171936035156,2019-04-03,44.6514320373535,0.102253418487062,2019-09-10,47.6078987121582,0.0338031069400346,2019-11-08,48.252685546875,0.0199886917320624
2019-12-10,49.0486373901367,2019-04-04,44.9030647277832,0.0923227108769815,2019-09-11,47.8601417541504,0.0248326810666679,2019-11-08,48.252685546875,0.016495493136615
2019-12-11,49.2733726501465,2019-04-05,45.0335426330566,0.0941482674733569,2019-09-12,48.0002746582031,0.0265227230679144,2019-11-11,48.0279541015625,0.0259311180724116
2019-12-12,49.3295555114746,2019-04-05,45.0335426330566,0.0953958455683321,2019-09-13,47.9161949157715,0.0294965115278365,2019-11-12,48.0841331481934,0.0259009008115609
2019-12-13,49.2171936035156,2019-04-05,45.0335426330566,0.0929007740862917,2019-09-13,47.9161949157715,0.0271515442749799,2019-11-13,48.0654106140137,0.0239628243010608
2019-12-16,49.7041168212891,2019-04-10,45.266529083252,0.0980324276658304,2019-09-17,47.7854194641113,0.0401523598347557,2019-11-15,48.6834449768066,0.0209654810781916
2019-12-17,49.6572952270508,2019-04-11,45.2944984436035,0.0963206776398993,2019-09-18,47.7293586730957,0.0403930957287684,2019-11-15,48.6834449768066,0.0200037251001464
2019-12-18,49.9944038391113,2019-04-12,45.6859359741211,0.0943062186015142,2019-09-19,47.7760734558105,0.0464318271226827,2019-11-18,48.8519897460938,0.0233852111030735
2019-12-19,50.4532470703125,2019-04-12,45.6859359741211,0.104349642719192,2019-09-20,47.4661102294922,0.0629319914014002,2019-11-19,48.8800773620605,0.0321842720624048
2019-12-20,50.6099548339844,2019-04-12,45.6859359741211,0.107779752233871,2019-09-20,47.4661102294922,0.0662334577089239,2019-11-20,48.5804405212402,0.041776367010439
2019-12-23,50.4785804748535,2019-04-17,45.7791213989258,0.102655073586406,2019-09-24,46.5859107971191,0.083558947568652,2019-11-22,48.7302627563477,0.0358774531392843
2019-12-24,50.4691886901855,2019-04-18,45.8070869445801,0.101776865908237,2019-09-25,47.1196517944336,0.0710857735189723,2019-11-22,48.7302627563477,0.0356847231161579
2019-12-26,50.8539543151855,2019-04-18,45.8070869445801,0.110176562345286,2019-09-27,46.1364364624023,0.102251457080514,2019-11-26,49.0392646789551,0.0370048296627341
2019-12-27,50.7601051330566,2019-04-18,45.8070869445801,0.108127770588621,2019-09-27,46.1364364624023,0.100217290826573,2019-11-27,49.3857460021973,0.0278290649046431
2019-12-30,50.2345848083496,2019-04-24,46.4128875732422,0.0823412943027206,2019-10-01,45.9023361206055,0.0943796994636925,2019-11-29,49.2171936035156,0.0206714591049195
2019-12-31,50.3284111022949,2019-04-25,46.9347877502441,0.0723050750779868,2019-10-02,45.2093925476074,0.113229093916645,2019-11-29,49.2171936035156,0.0225778313922378
2020-01-02,50.9196357727051,2019-04-26,47.3075790405273,0.0763526015373428,2019-10-04,46.2675399780273,0.100547723023248,2019-12-03,48.655345916748,0.0465373293169338
2020-01-03,50.5911979675293,2019-04-26,47.3075790405273,0.0694099971632232,2019-10-04,46.2675399780273,0.0934490571911815,2019-12-04,48.9081726074219,0.0344119452921865
2020-01-06,51.2668609619141,2019-05-01,46.422191619873,0.104361064675952,2019-10-08,45.5184097290039,0.126288490022693,2019-12-06,49.4044647216797,0.037696921740296
2020-01-07,51.3325538635254,2019-05-02,46.2357940673828,0.110234070787552,2019-10-09,45.7899627685547,0.121043799991402,2019-12-06,49.4044647216797,0.0390266173858498
2020-01-08,51.698543548584,2019-05-03,46.6831474304199,0.107434832358709,2019-10-10,46.0521621704102,0.122608388228985,2019-12-09,49.2171936035156,0.0504163233088348
2020-01-09,51.9706878662109,2019-05-03,46.6831474304199,0.113264437529024,2019-10-11,46.5952682495117,0.115364066323527,2019-12-10,49.0486373901367,0.0595745494993469
2020-01-10,51.7642364501953,2019-05-03,46.6831474304199,0.10884204042473,2019-10-11,46.5952682495117,0.110933328530366,2019-12-11,49.2733726501465,0.0505519242154298
2020-01-13,52.2522201538086,2019-05-08,45.7791213989258,0.141398492524033,2019-10-15,47.2882041931152,0.104973661939484,2019-12-13,49.2171936035156,0.0616659815011511
2020-01-14,52.1208381652832,2019-05-09,45.6393356323242,0.142015707353295,2019-10-16,47.3724746704102,0.100234651618041,2019-12-13,49.2171936035156,0.0589965487499915
2020-01-15,52.3742294311523,2019-05-10,45.7698059082031,0.144296515833936,2019-10-17,47.6534042358398,0.0990658541821865,2019-12-16,49.7041168212891,0.0537201499719562
2020-01-16,52.7777481079102,2019-05-10,45.7698059082031,0.153112779498395,2019-10-18,47.1009178161621,0.12052483380271,2019-12-17,49.6572952270508,0.0628397673814405
2020-01-17,53.1906433105469,2019-05-10,45.7698059082031,0.16213390585984,2019-10-18,47.1009178161621,0.129291015477731,2019-12-18,49.9944038391113,0.0639319448977025
2020-01-21,53.1437339782715,2019-05-16,46.0028038024902,0.155228151015324,2019-10-23,47.2882041931152,0.123826435896011,2019-12-20,50.6099548339844,0.0500648370977343
2020-01-22,53.115592956543,2019-05-17,45.6672973632812,0.163099110814701,2019-10-24,46.7544631958008,0.136053957760198,2019-12-23,50.4785804748535,0.05224022658488
2020-01-23,52.8997459411621,2019-05-17,45.6672973632812,0.15837259911282,2019-10-25,47.1196517944336,0.12266843931583,2019-12-24,50.4691886901855,0.0481592297014519
2020-01-24,52.2616004943848,2019-05-17,45.6672973632812,0.144398804217515,2019-10-25,47.1196517944336,0.109125354371965,2019-12-24,50.4691886901855,0.0355149716236232
2020-01-27,51.4451713562012,2019-05-22,45.3597297668457,0.134159564455859,2019-10-29,47.1290168762207,0.0915816786782628,2019-12-27,50.7601051330566,0.0134961545361023
2020-01-28,52.0363807678223,2019-05-23,44.7259826660156,0.163448574319673,2019-10-30,47.2601089477539,0.101063495755977,2019-12-27,50.7601051330566,0.0251432819419926
2020-01-29,51.9519309997559,2019-05-24,44.7166709899902,0.16180229542099,2019-10-31,47.400577545166,0.0960189451331694,2019-12-30,50.2345848083496,0.034186531011615
2020-01-30,51.426399230957,2019-05-24,44.7166709899902,0.1500498157045,2019-11-01,47.709587097168,0.0779049319001484,2019-12-31,50.3284111022949,0.0218164671725956
2020-01-31,50.5911979675293,2019-05-24,44.7166709899902,0.131372189554407,2019-11-01,47.709587097168,0.0603989899240269,2019-12-31,50.3284111022949,0.00522144171609651
2020-02-03,51.1917839050293,2019-05-29,44.4743461608887,0.151040730758354,2019-11-05,47.9904899597168,0.0667068402093762,2020-01-03,50.5911979675293,0.0118713523622325
2020-02-04,51.726692199707,2019-05-30,44.5768775939941,0.160392898552325,2019-11-06,47.821964263916,0.0816513498743363,2020-01-03,50.5911979675293,0.0224445017670174
2020-02-05,51.811149597168,2019-05-31,43.8871841430664,0.180553061419263,2019-11-07,48.1215934753418,0.0766715284213677,2020-01-06,51.2668609619141,0.0106167731950324
2020-02-06,52.4586791992188,2019-05-31,43.8871841430664,0.195307473548779,2019-11-08,48.252685546875,0.0871660013256224,2020-01-07,51.3325538635254,0.0219378396540979
2020-02-07,52.421142578125,2019-05-31,43.8871841430664,0.194452175542615,2019-11-08,48.252685546875,0.0863880835648112,2020-01-08,51.698543548584,0.0139771641509001
2020-02-10,52.730827331543,2019-06-05,43.4398460388184,0.213881542867856,2019-11-12,48.0841331481934,0.0966367464508238,2020-01-10,51.7642364501953,0.018672947726712
2020-02-11,52.6745109558105,2019-06-06,43.6262435913086,0.207404227814484,2019-11-13,48.0654106140137,0.0958922493934353,2020-01-10,51.7642364501953,0.0175850078749071
2020-02-12,53.3595771789551,2019-06-07,44.3345489501953,0.203566483531801,2019-11-14,48.2807922363281,0.105192659593632,2020-01-13,52.2522201538086,0.0211925353963314
2020-02-13,53.3689613342285,2019-06-07,44.3345489501953,0.203778150403251,2019-11-15,48.6834449768066,0.0962445521193933,2020-01-14,52.1208381652832,0.0239467209830226
2020-02-14,53.4346542358398,2019-06-07,44.3345489501953,0.205259904546845,2019-11-15,48.6834449768066,0.0975939410470381,2020-01-15,52.3742294311523,0.020247072199534
2020-02-18,53.7912673950195,2019-06-13,44.7632675170898,0.201683218824072,2019-11-20,48.5804405212402,0.107261828379284,2020-01-17,53.1906433105469,0.0112919123945536
2020-02-19,54.0352554321289,2019-06-14,44.8471527099609,0.204875943442608,2019-11-21,48.7115249633789,0.109290983453143,2020-01-17,53.1906433105469,0.0158789604527034
2020-02-20,53.4815711975098,2019-06-14,44.8471527099609,0.192529914739293,2019-11-22,48.7302627563477,0.097502212637735,2020-01-21,53.1437339782715,0.00635704708623597
2020-02-21,52.6651306152344,2019-06-14,44.8471527099609,0.174324955607204,2019-11-22,48.7302627563477,0.0807479302658625,2020-01-22,53.115592956543,-0.0084807928563867
2020-02-24,50.9008712768555,2019-06-19,45.6672973632812,0.114602225569457,2019-11-26,49.0392646789551,0.0379615520356547,2020-01-24,52.2616004943848,-0.0260368837666098
2020-02-25,49.5401420593262,2019-06-20,45.9561958312988,0.077986137955885,2019-11-27,49.3857460021973,0.00312632833615645,2020-01-24,52.2616004943848,-0.0520737675332197
2020-02-26,49.4462890625,2019-06-21,46.150520324707,0.0714134686804073,2019-11-27,49.3857460021973,0.00122592175280767,2020-01-27,51.4451713562012,-0.0388546143594529
2020-02-27,47.4943466186523,2019-06-21,46.150520324707,0.0291183346252735,2019-11-29,49.2171936035156,-0.0350049821763958,2020-01-28,52.0363807678223,-0.0872857428235783
2020-02-28,47.6351127624512,2019-06-21,46.150520324707,0.0321684875338091,2019-11-29,49.2171936035156,-0.0321448811935398,2020-01-29,51.9519309997559,-0.083092546402654
2020-03-02,49.2867622375488,2019-06-26,45.2256393432617,0.0897969150521736,2019-12-03,48.655345916748,0.0129773267233815,2020-01-31,50.5911979675293,-0.0257838474356288
2020-03-03,47.6632537841797,2019-06-27,45.5432777404785,0.0465486049506916,2019-12-04,48.9081726074219,-0.0254542085069291,2020-01-31,50.5911979675293,-0.0578745770208651
2020-03-04,49.3806037902832,2019-06-28,45.9823570251465,0.0739032747555397,2019-12-05,49.114185333252,0.0054244706539166,2020-02-03,51.1917839050293,-0.03538028911253
2020-03-05,47.5788078308105,2019-06-28,45.9823570251465,0.0347187684352721,2019-12-06,49.4044647216797,-0.0369532774244997,2020-02-04,51.726692199707,-0.0801884712225998
2020-03-06,46.7529792785645,2019-06-28,45.9823570251465,0.0167590855117876,2019-12-06,49.4044647216797,-0.0536689438505688,2020-02-05,51.811149597168,-0.0976270620885817
2020-03-09,43.6373748779297,2019-07-03,47.0286979675293,-0.0721117793212376,2019-12-10,49.0486373901367,-0.11032442082265,2020-02-07,52.421142578125,-0.167561546128159
2020-03-10,45.861457824707,2019-07-03,47.0286979675293,-0.0248197418441859,2019-12-11,49.2733726501465,-0.0692445968670525,2020-02-07,52.421142578125,-0.12513433379751
2020-03-11,43.8907318115234,2019-07-05,47.0940780639649,-0.0680201499664249,2019-12-12,49.3295555114746,-0.110254869389327,2020-02-10,52.730827331543,-0.167645682182033
2020-03-12,39.7709999084473,2019-07-05,47.0940780639649,-0.155498917413164,2019-12-13,49.2171936035156,-0.191928734725614,2020-02-11,52.6745109558105,-0.244966888409998
2020-03-13,43.3464546203613,2019-07-05,47.0940780639649,-0.0795773820757966,2019-12-13,49.2171936035156,-0.119282278271448,2020-02-12,53.3595771789551,-0.187653708818047
2020-03-16,38.4571723937988,2019-07-10,47.4958076477051,-0.19030385420434,2019-12-17,49.6572952270508,-0.225548386839054,2020-02-14,53.4346542358398,-0.280295288820177
2020-03-17,40.1276054382324,2019-07-11,47.5238304138184,-0.155631920053215,2019-12-18,49.9944038391113,-0.197358056966367,2020-02-14,53.4346542358398,-0.249034058288751
2020-03-18,38.7950286865234,2019-07-12,47.8694877624512,-0.189566663444553,2019-12-19,50.4532470703125,-0.231069734075628,2020-02-14,53.4346542358398,-0.273972495165829
2020-03-19,39.4894714355469,2019-07-12,47.8694877624512,-0.175059661563322,2019-12-20,50.6099548339844,-0.219729170573575,2020-02-18,53.7912673950195,-0.265875794568039
2020-03-20,37.7439804077149,2019-07-12,47.8694877624512,-0.211523202524819,2019-12-20,50.6099548339844,-0.254218255449421,2020-02-19,54.0352554321289,-0.301493439683592
2020-03-23,37.9444274902344,2019-07-17,47.318286895752,-0.19810225645255,2019-12-24,50.4691886901855,-0.24816648583033,2020-02-21,52.6651306152344,-0.279515173569925
2020-03-24,40.2783012390137,2019-07-18,46.9352645874023,-0.141832871443435,2019-12-24,50.4691886901855,-0.201922949737324,2020-02-21,52.6651306152344,-0.235199822567944
2020-03-25,39.6571884155273,2019-07-19,46.3280258178711,-0.143991402279232,2019-12-26,50.8539543151855,-0.220174931338913,2020-02-24,50.9008712768555,-0.220893721055824
2020-03-26,41.9157905578613,2019-07-19,46.3280258178711,-0.0952390088314045,2019-12-27,50.7601051330566,-0.174237514914752,2020-02-25,49.5401420593262,-0.153902495724263
2020-03-27,40.2406692504883,2019-07-19,46.3280258178711,-0.131396848018389,2019-12-27,50.7601051330566,-0.207238260342329,2020-02-26,49.4462890625,-0.186174129273399
2020-03-30,41.7087478637695,2019-07-24,47.0940780639649,-0.114352598491912,2019-12-31,50.3284111022949,-0.171268336308204,2020-02-28,47.6351127624512,-0.124411690347738
2020-03-31,41.633472442627,2019-07-25,46.9726333618164,-0.113665352292759,2019-12-31,50.3284111022949,-0.172764020743573,2020-02-28,47.6351127624512,-0.125991941065689
2020-04-01,39.9771614074707,2019-07-26,48.3179244995117,-0.172622544913437,2020-01-02,50.9196357727051,-0.214896948872128,2020-03-02,49.2867622375488,-0.188886435372005
2020-04-02,40.4853477478027,2019-07-26,48.3179244995117,-0.16210499173631,2020-01-03,50.5911979675293,-0.199755108116095,2020-03-03,47.6632537841797,-0.150596223851579
2020-04-03,39.6665992736816,2019-07-26,48.3179244995117,-0.179050017471622,2020-01-03,50.5911979675293,-0.215938723191717,2020-03-04,49.3806037902832,-0.196717005686209
2020-04-06,42.2828140258789,2019-07-31,47.4397506713867,-0.108704969409087,2020-01-07,51.3325538635254,-0.176296310168133,2020-03-06,46.7529792785645,-0.095612414901975
2020-04-07,42.5933647155762,2019-08-01,47.2155342102051,-0.0978951010921715,2020-01-08,51.698543548584,-0.176120606269134,2020-03-06,46.7529792785645,-0.0889700427047524
2020-04-08,43.5062217712402,2019-08-02,46.7577590942383,-0.0695400589332072,2020-01-09,51.9706878662109,-0.162870003121008,2020-03-09,43.6373748779297,-0.00300552237746499
2020-04-09,43.8261871337891,2019-08-02,46.7577590942383,-0.0626970157945499,2020-01-10,51.7642364501953,-0.153350070642765,2020-03-10,45.861457824707,-0.0443786741079457
2020-04-13,43.8920593261719,2019-08-07,45.9543304443359,-0.0448765349908006,2020-01-14,52.1208381652832,-0.15787886628025,2020-03-13,43.3464546203613,0.0125870664761187
2020-04-14,45.190746307373,2019-08-08,46.8792152404785,-0.0360174317006814,2020-01-15,52.3742294311523,-0.13715682697007,2020-03-13,43.3464546203613,0.0425476939963019
2020-04-15,44.767261505127,2019-08-09,46.3560447692871,-0.034273486274929,2020-01-16,52.7777481079102,-0.151777726219104,2020-03-16,38.4571723937988,0.164080942995841
2020-04-16,44.9460678100586,2019-08-09,46.3560447692871,-0.0304162481127529,2020-01-17,53.1906433105469,-0.155000484809957,2020-03-17,40.1276054382324,0.120078492578959
2020-04-17,45.5577774047852,2019-08-09,46.3560447692871,-0.0172203510561547,2020-01-17,53.1906433105469,-0.143500161507696,2020-03-18,38.7950286865234,0.174319982410812
2020-04-20,45.1436996459961,2019-08-14,44.8799858093262,0.00587597861082934,2020-01-21,53.1437339782715,-0.150535796666947,2020-03-20,37.7439804077149,0.196050314734922
2020-04-21,43.7226676940918,2019-08-15,44.9547309875488,-0.0274067548930118,2020-01-22,53.115592956543,-0.176839318543165,2020-03-20,37.7439804077149,0.158401080696696
2020-04-22,44.8990211486816,2019-08-16,45.5339469909668,-0.0139440106611253,2020-01-23,52.8997459411621,-0.151243161004578,2020-03-23,37.9444274902344,0.183283662936729
2020-04-23,45.2189788818359,2019-08-16,45.5339469909668,-0.00691721517559951,2020-01-24,52.2616004943848,-0.134757097867784,2020-03-24,40.2783012390137,0.122663505928515
2020-04-24,45.7930450439453,2019-08-16,45.5339469909668,0.00569021730160824,2020-01-24,52.2616004943848,-0.123772624436453,2020-03-25,39.6571884155273,0.154722431760077
2020-04-27,46.1694869995117,2019-08-21,46.1131591796875,0.00122151292225992,2020-01-28,52.0363807678223,-0.112745999659117,2020-03-27,40.2406692504883,0.147333974793461
2020-04-28,45.3319091796875,2019-08-22,46.0103912353516,-0.0147462787741469,2020-01-29,51.9519309997559,-0.127425904921599,2020-03-27,40.2406692504883,0.126519762817748
2020-04-29,47.5246315002441,2019-08-23,44.7491874694824,0.0620222218035689,2020-01-30,51.426399230957,-0.0758709104479582,2020-03-30,41.7087478637695,0.139440379640996
2020-04-30,47.3175964355469,2019-08-23,44.7491874694824,0.0573956559058426,2020-01-31,50.5911979675293,-0.0647069384299517,2020-03-31,41.633472442627,0.136527742209179
2020-05-01,46.6588363647461,2019-08-23,44.7491874694824,0.0426744931752334,2020-01-31,50.5911979675293,-0.0777281772474946,2020-04-01,39.9771614074707,0.167137303451134
2020-05-04,46.9317474365234,2019-08-28,45.6180076599121,0.0287987100709313,2020-02-04,51.726692199707,-0.092697687775418,2020-04-03,39.6665992736816,0.183155306879613
2020-05-05,47.1764373779297,2019-08-29,46.3280258178711,0.018313138647305,2020-02-05,51.811149597168,-0.0894539545112046,2020-04-03,39.6665992736816,0.189323971345099
2020-05-06,47.0446853637695,2019-08-30,46.2719688415527,0.0166994519913941,2020-02-06,52.4586791992188,-0.103204920865218,2020-04-06,42.2828140258789,0.112619546442111
2020-05-07,47.9292984008789,2019-08-30,46.2719688415527,0.0358171394219533,2020-02-07,52.421142578125,-0.0856876435028433,2020-04-07,42.5933647155762,0.125276172026659
2020-05-08,48.8045082092285,2019-08-30,46.2719688415527,0.0547316103264994,2020-02-07,52.421142578125,-0.0689919027138045,2020-04-08,43.5062217712402,0.121782269806079
2020-05-11,48.8327369689941,2019-09-04,46.7017135620117,0.0456305185494488,2020-02-11,52.6745109558105,-0.072934212717026,2020-04-09,43.8261871337891,0.114236491071457
2020-05-12,47.8822593688965,2019-09-05,47.4958076477051,0.00813654384104523,2020-02-12,53.3595771789551,-0.102649198131556,2020-04-09,43.8261871337891,0.0925490557215338
2020-05-13,47.0635032653809,2019-09-06,47.3930282592773,-0.00695302676363541,2020-02-13,53.3689613342285,-0.11814841269552,2020-04-13,43.8920593261719,0.0722555284007353
2020-05-14,47.5717010498047,2019-09-06,47.3930282592773,0.00377002266134729,2020-02-14,53.4346542358398,-0.109721926152237,2020-04-14,45.190746307373,0.0526867763200267
2020-05-15,48.2304458618164,2019-09-06,47.3930282592773,0.0176696369338909,2020-02-14,53.4346542358398,-0.097393881338767,2020-04-15,44.767261505127,0.0773597544333338
2020-05-18,49.2468223571777,2019-09-11,47.8601417541504,0.0289735999978957,2020-02-18,53.7912673950195,-0.0844829515629254,2020-04-17,45.5577774047852,0.0809750861991148
2020-05-19,49.2374114990234,2019-09-12,48.0002746582031,0.0257735367063965,2020-02-19,54.0352554321289,-0.0887909920057991,2020-04-17,45.5577774047852,0.0807685164608531
2020-05-20,50.6019668579102,2019-09-13,47.9161949157715,0.0560514445452065,2020-02-20,53.4815711975098,-0.0538429271078275,2020-04-20,45.1436996459961,0.1209087260175
2020-05-21,50.2443656921387,2019-09-13,47.9161949157715,0.0485883902187916,2020-02-21,52.6651306152344,-0.0459652315453567,2020-04-21,43.7226676940918,0.149160569150911
2020-05-22,50.5455055236816,2019-09-13,47.9161949157715,0.0548731094472763,2020-02-21,52.6651306152344,-0.040247219873781,2020-04-22,44.8990211486816,0.1257596319595
2020-05-26,50.6866683959961,2019-09-19,47.7760734558105,0.0609216021671943,2020-02-26,49.4462890625,0.0250853877411965,2020-04-24,45.7930450439453,0.106863899252706
2020-05-27,51.0442848205566,2019-09-20,47.4661102294922,0.0753837753665607,2020-02-27,47.4943466186523,0.0747444370675929,2020-04-27,46.1694869995117,0.10558483833915
2020-05-28,50.564323425293,2019-09-20,47.4661102294922,0.0652721105820835,2020-02-28,47.6351127624512,0.0614926782570939,2020-04-28,45.3319091796875,0.115424528555926
2020-05-29,50.8372421264649,2019-09-20,47.4661102294922,0.0710218697229181,2020-02-28,47.6351127624512,0.0672220380789732,2020-04-29,47.5246315002441,0.0697030260235409
2020-06-01,51.420711517334,2019-09-25,47.1196517944336,0.0912795311320294,2020-03-03,47.6632537841797,0.0788334290010528,2020-05-01,46.6588363647461,0.102057306259481
2020-06-02,51.6277542114258,2019-09-26,46.660816192627,0.106447731181858,2020-03-04,49.3806037902832,0.0455067424992637,2020-05-01,46.6588363647461,0.106494679975218
2020-06-03,51.7877426147461,2019-09-27,46.1364364624023,0.122491171526634,2020-03-05,47.5788078308105,0.0884623843225003,2020-05-04,46.9317474365234,0.10346930262485
2020-06-04,51.4018859863281,2019-09-27,46.1364364624023,0.114127789826523,2020-03-06,46.7529792785645,0.099435517896399,2020-05-05,47.1764373779297,0.089566928815511
2020-06-05,52.2394485473633,2019-09-27,46.1364364624023,0.132281826532798,2020-03-06,46.7529792785645,0.117350152941254,2020-05-06,47.0446853637695,0.110421892365219
2020-06-08,53.2181777954102,2019-10-02,45.2093925476074,0.17714870288003,2020-03-10,45.861457824707,0.160411821159768,2020-05-08,48.8045082092285,0.0904356943268421
2020-06-09,53.08642578125,2019-10-03,45.6495018005371,0.162913584757356,2020-03-11,43.8907318115234,0.209513343482513,2020-05-08,48.8045082092285,0.0877361073625531
2020-06-10,52.9264488220215,2019-10-04,46.2675399780273,0.143921826125973,2020-03-12,39.7709999084473,0.33077993874577,2020-05-11,48.8327369689941,0.0838313006216835
2020-06-11,50.4890518188477,2019-10-04,46.2675399780273,0.0912413290792016,2020-03-13,43.3464546203613,0.164779271131697,2020-05-12,47.8822593688965,0.0544417177532877
2020-06-12,50.9313430786133,2019-10-04,46.2675399780273,0.100800758000118,2020-03-13,43.3464546203613,0.174982902862119,2020-05-13,47.0635032653809,0.0821834233508396
2020-06-15,51.7500915527344,2019-10-09,45.7899627685547,0.13016234178449,2020-03-17,40.1276054382324,0.2896381677295,2020-05-15,48.2304458618164,0.0729755992926542
2020-06-16,52.1735877990723,2019-10-10,46.0521621704102,0.132923739954067,2020-03-18,38.7950286865234,0.344852409329349,2020-05-15,48.2304458618164,0.0817562820910518
2020-06-17,52.2394485473633,2019-10-11,46.5952682495117,0.121132048594027,2020-03-19,39.4894714355469,0.322870290442514,2020-05-18,49.2468223571777,0.0607679043427536
2020-06-18,52.4088401794434,2019-10-11,46.5952682495117,0.124767431293682,2020-03-20,37.7439804077149,0.388535062103069,2020-05-19,49.2374114990234,0.0644109546758529
2020-06-19,52.2676849365234,2019-10-11,46.5952682495117,0.1217380412242,2020-03-20,37.7439804077149,0.384795254022545,2020-05-20,50.6019668579102,0.0329180500688955
2020-06-22,52.3827323913574,2019-10-16,47.3724746704102,0.105763056623191,2020-03-24,40.2783012390137,0.300519902279776,2020-05-22,50.5455055236816,0.0363479769099351
2020-06-23,52.7222023010254,2019-10-17,47.6534042358398,0.106368016020424,2020-03-25,39.6571884155273,0.329448818927935,2020-05-22,50.5455055236816,0.0430641014426876
2020-06-24,51.5340423583984,2019-10-18,47.1009178161621,0.0941197061071952,2020-03-26,41.9157905578613,0.229466071676732,2020-05-22,50.5455055236816,0.0195573636958413
2020-06-25,51.7603569030762,2019-10-18,47.1009178161621,0.0989245921937265,2020-03-27,40.2406692504883,0.286269782962124,2020-05-26,50.6866683959961,0.0211828581569369
2020-06-26,49.4783477783203,2019-10-18,47.1009178161621,0.0504752364155081,2020-03-27,40.2406692504883,0.229560757807723,2020-05-27,51.0442848205566,-0.0306780092568892
2020-06-29,50.3930358886719,2019-10-23,47.2882041931152,0.0656576359482199,2020-03-31,41.633472442627,0.210397137978727,2020-05-29,50.8372421264649,-0.00873781147859953
2020-06-30,50.9588279724121,2019-10-24,46.7544631958008,0.0899243513716341,2020-04-01,39.9771614074707,0.274698507305454,2020-05-29,50.8372421264649,0.00239166880148223
2020-07-01,52.2224349975586,2019-10-25,47.1196517944336,0.10829416196424,2020-04-02,40.4853477478027,0.289909508073643,2020-06-01,51.420711517334,0.0155914505374812
2020-07-02,52.0526885986328,2019-10-25,47.1196517944336,0.104691707521955,2020-04-03,39.6665992736816,0.312254883245542,2020-06-02,51.6277542114258,0.00823073545804154
2020-07-06,53.0994033813477,2019-10-30,47.2601089477539,0.123556516554989,2020-04-07,42.5933647155762,0.246659045039695,2020-06-05,52.2394485473633,0.016461790043681
2020-07-07,52.9485168457031,2019-10-31,47.400577545166,0.117043706804009,2020-04-08,43.5062217712402,0.217033212493407,2020-06-05,52.2394485473633,0.0135734261761389
2020-07-08,53.4200057983398,2019-11-01,47.709587097168,0.119691220331497,2020-04-09,43.8261871337891,0.218906076297797,2020-06-08,53.2181777954102,0.00379246361469887
2020-07-09,53.486026763916,2019-11-01,47.709587097168,0.121075029531977,2020-04-09,43.8261871337891,0.220412503616574,2020-06-09,53.08642578125,0.0075273664931339
2020-07-10,54.4101409912109,2019-11-01,47.709587097168,0.140444600377619,2020-04-09,43.8261871337891,0.24149839512874,2020-06-10,52.9264488220215,0.0280330950254897
2020-07-13,53.3162841796875,2019-11-06,47.821964263916,0.114891138420201,2020-04-14,45.190746307373,0.179805348135814,2020-06-12,50.9313430786133,0.0468265896187545
2020-07-14,53.8443565368652,2019-11-07,48.1215934753418,0.118922975076789,2020-04-15,44.767261505127,0.202761900696086,2020-06-12,50.9313430786133,0.0571949075396594
2020-07-15,54.1649742126465,2019-11-08,48.252685546875,0.122527660352251,2020-04-16,44.9460678100586,0.205110410137475,2020-06-15,51.7500915527344,0.0466643166698804
2020-07-16,54.2592735290527,2019-11-08,48.252685546875,0.12448194155624,2020-04-17,45.5577774047852,0.190999136041119,2020-06-16,52.1735877990723,0.0399758923617202
2020-07-17,54.1366844177246,2019-11-08,48.252685546875,0.121941375991055,2020-04-17,45.5577774047852,0.188308286787458,2020-06-17,52.2394485473633,0.0363180684926485
2020-07-20,54.7873344421387,2019-11-13,48.0654106140137,0.139849503879307,2020-04-21,43.7226676940918,0.253064767810177,2020-06-19,52.2676849365234,0.04820664065522
2020-07-21,54.5232963562012,2019-11-14,48.2807922363281,0.12929580959063,2020-04-22,44.8990211486816,0.214353786815286,2020-06-19,52.2676849365234,0.0431549899793164
2020-07-22,54.5798797607422,2019-11-15,48.6834449768066,0.12111786227833,2020-04-23,45.2189788818359,0.207012655092626,2020-06-22,52.3827323913574,0.0419441153426214
2020-07-23,53.6934776306152,2019-11-15,48.6834449768066,0.102910397080474,2020-04-24,45.7930450439453,0.172524726824527,2020-06-23,52.7222023010254,0.0184225105780711
2020-07-24,53.6086120605469,2019-11-15,48.6834449768066,0.101167184986326,2020-04-24,45.7930450439453,0.170671485355502,2020-06-24,51.5340423583984,0.0402562967546898
2020-07-27,53.9763717651367,2019-11-20,48.5804405212402,0.111072093748044,2020-04-28,45.3319091796875,0.190692665318466,2020-06-26,49.4783477783203,0.09090893671246
2020-07-28,53.4200057983398,2019-11-21,48.7115249633789,0.0966605097767057,2020-04-29,47.5246315002441,0.124048816623973,2020-06-26,49.4783477783203,0.0796643015987413
2020-07-29,53.9103546142578,2019-11-22,48.7302627563477,0.106301332373493,2020-04-30,47.3175964355469,0.139329946475434,2020-06-29,50.3930358886719,0.0697977143777639
2020-07-30,54.0612411499023,2019-11-22,48.7302627563477,0.109397694410344,2020-05-01,46.6588363647461,0.158649579841414,2020-06-30,50.9588279724121,0.0608807796594106
2020-07-31,54.8156280517578,2019-11-22,48.7302627563477,0.124878565211871,2020-05-01,46.6588363647461,0.174817726341215,2020-07-01,52.2224349975586,0.0496566859496392
2020-08-03,54.8627815246582,2019-11-27,49.3857460021973,0.110903164694875,2020-05-05,47.1764373779297,0.162927609076398,2020-07-02,52.0526885986328,0.0539855481374538
2020-08-04,55.2116775512695,2019-11-27,49.3857460021973,0.117967875767495,2020-05-06,47.0446853637695,0.173600739899722,2020-07-02,52.0526885986328,0.0606882956036143
2020-08-05,55.1268119812012,2019-11-29,49.2171936035156,0.120072233806997,2020-05-07,47.9292984008789,0.150169391592644,2020-07-06,53.0994033813477,0.0381813819129593
2020-08-06,56.5790138244629,2019-11-29,49.2171936035156,0.149578220169413,2020-05-08,48.8045082092285,0.159298923408971,2020-07-07,52.9485168457031,0.0685665471865693
2020-08-07,56.5129928588867,2019-11-29,49.2171936035156,0.148236799402759,2020-05-08,48.8045082092285,0.157946159740231,2020-07-08,53.4200057983398,0.0578994145418645
2020-08-10,56.3243980407715,2019-12-04,48.9081726074219,0.15163570908442,2020-05-12,47.8822593688965,0.17631036595067,2020-07-10,54.4101409912109,0.0351819902446084
2020-08-11,55.4851531982422,2019-12-05,49.114185333252,0.129717470049877,2020-05-13,47.0635032653809,0.178942266268906,2020-07-10,54.4101409912109,0.0197575706926563
2020-08-12,56.1452407836914,2019-12-06,49.4044647216797,0.136440625356148,2020-05-14,47.5717010498047,0.18022352669102,2020-07-13,53.3162841796875,0.0530598980692223
2020-08-13,56.4281234741211,2019-12-06,49.4044647216797,0.142166478111021,2020-05-15,48.2304458618164,0.169968936961346,2020-07-14,53.8443565368652,0.0479858448208372
2020-08-14,56.418701171875,2019-12-06,49.4044647216797,0.141975760484605,2020-05-15,48.2304458618164,0.169773576912777,2020-07-15,54.1649742126465,0.0416085670119699
2020-08-17,56.4847145080566,2019-12-11,49.2733726501465,0.146353729611986,2020-05-19,49.2374114990234,0.147190983205463,2020-07-17,54.1366844177246,0.0433722551646194
2020-08-18,56.9939193725586,2019-12-12,49.3295555114746,0.155370624803241,2020-05-20,50.6019668579102,0.126318262145757,2020-07-17,54.1366844177246,0.0527781667009239
2020-08-19,56.8336067199707,2019-12-13,49.2171936035156,0.154751064796816,2020-05-21,50.2443656921387,0.131143879260138,2020-07-20,54.7873344421387,0.0373493673066558
2020-08-20,57.5408515930176,2019-12-13,49.2171936035156,0.169120938844172,2020-05-22,50.5455055236816,0.138396994883323,2020-07-21,54.5232963562012,0.0553443287269848
2020-08-21,57.2862434387207,2019-12-13,49.2171936035156,0.163947784187124,2020-05-22,50.5455055236816,0.133359788277929,2020-07-22,54.5798797607422,0.0495853726655722
2020-08-24,57.9840469360352,2019-12-18,49.9944038391113,0.15981074847168,2020-05-26,50.6866683959961,0.143970372702884,2020-07-24,53.6086120605469,0.0816181338652557
2020-08-25,58.5309829711914,2019-12-19,50.4532470703125,0.160103390166774,2020-05-27,51.0442848205566,0.146670644460077,2020-07-24,53.6086120605469,0.0918205251254234
2020-08-26,60.5301094055176,2019-12-20,50.6099548339844,0.196011923031234,2020-05-28,50.564323425293,0.197091255358113,2020-07-27,53.9763717651367,0.12141863978738
2020-08-27,59.7945823669434,2019-12-20,50.6099548339844,0.181478674760475,2020-05-29,50.8372421264649,0.176196423444762,2020-07-28,53.4200057983398,0.119329387433381
2020-08-28,59.9360237121582,2019-12-20,50.6099548339844,0.184273408438441,2020-05-29,50.8372421264649,0.178978662199237,2020-07-29,53.9103546142578,0.111772017472628
2020-08-31,59.6531410217285,2019-12-24,50.4691886901855,0.181971467540728,2020-06-02,51.6277542114258,0.155447141423917,2020-07-31,54.8156280517578,0.0882506165103691
2020-09-01,60.1434936523438,2019-12-26,50.8539543151855,0.182670934094583,2020-06-03,51.7877426147461,0.161346114267943,2020-07-31,54.8156280517578,0.0971961061096533
2020-09-02,61.4259376525879,2019-12-27,50.7601051330566,0.210122348871679,2020-06-04,51.4018859863281,0.195013304938382,2020-08-03,54.8627815246582,0.119628570508768
2020-09-03,59.3419494628906,2019-12-27,50.7601051330566,0.169066717008141,2020-06-05,52.2394485473633,0.135960487965102,2020-08-04,55.2116775512695,0.0748079409068079
2020-09-04,58.2575149536133,2019-12-27,50.7601051330566,0.147702803233047,2020-06-05,52.2394485473633,0.115201568423787,2020-08-05,55.1268119812012,0.0567909309444505
2020-09-08,56.7204627990723,2020-01-02,50.9196357727051,0.113921219944716,2020-06-10,52.9264488220215,0.0716846503306712,2020-08-07,56.5129928588867,0.00367119010496575
2020-09-09,57.3994026184082,2020-01-03,50.5911979675293,0.134572908418745,2020-06-11,50.4890518188477,0.136868302149039,2020-08-10,56.3243980407715,0.019085948807807
2020-09-10,56.5507164001465,2020-01-03,50.5911979675293,0.117797535382383,2020-06-12,50.9313430786133,0.110332321550202,2020-08-11,55.4851531982422,0.0192044743590625
2020-09-11,56.3715515136719,2020-01-03,50.5911979675293,0.114256111307199,2020-06-12,50.9313430786133,0.106814548885184,2020-08-12,56.1452407836914,0.00403080878844886
2020-09-14,56.5884399414062,2020-01-08,51.698543548584,0.0945847998256848,2020-06-16,52.1735877990723,0.0846185268940329,2020-08-14,56.418701171875,0.00300855507137876
2020-09-15,57.5974349975586,2020-01-09,51.9706878662109,0.10826770555419,2020-06-17,52.2394485473633,0.102565907550449,2020-08-14,56.418701171875,0.0208926083231282
2020-09-16,56.9750633239746,2020-01-10,51.7642364501953,0.100664613855415,2020-06-18,52.4088401794434,0.087126964246812,2020-08-17,56.4847145080566,0.00868108868370099
2020-09-17,55.9283485412598,2020-01-10,51.7642364501953,0.0804438039972044,2020-06-19,52.2676849365234,0.070036842251231,2020-08-18,56.9939193725586,-0.0186962195797308
2020-09-18,55.3908500671387,2020-01-10,51.7642364501953,0.0700602165827886,2020-06-19,52.2676849365234,0.0597532707715707,2020-08-19,56.8336067199707,-0.0253856254441276
2020-09-21,54.7425956726074,2020-01-15,52.3742294311523,0.045220068479831,2020-06-23,52.7222023010254,0.0383214904424192,2020-08-21,57.2862434387207,-0.044402418685984
2020-09-22,55.8009757995605,2020-01-16,52.7777481079102,0.0572822410965517,2020-06-24,51.5340423583984,0.0827983454410059,2020-08-21,57.2862434387207,-0.0259271257810604
2020-09-23,54.4685554504395,2020-01-17,53.1906433105469,0.0240251303679793,2020-06-25,51.7603569030762,0.0523218677265791,2020-08-24,57.9840469360352,-0.060628598232783
2020-09-24,54.5724906921387,2020-01-17,53.1906433105469,0.0259791439919996,2020-06-26,49.4783477783203,0.102957013371624,2020-08-25,58.5309829711914,-0.0676307158723284
2020-09-25,55.3001327514649,2020-01-17,53.1906433105469,0.0396590322963755,2020-06-26,49.4783477783203,0.117663285751337,2020-08-26,60.5301094055176,-0.0864028944506747
2020-09-28,56.0372123718262,2020-01-22,53.115592956543,0.0550049289231047,2020-06-30,50.9588279724121,0.099656616948949,2020-08-28,59.9360237121582,-0.0650495494838965
2020-09-29,56.0939140319824,2020-01-23,52.8997459411621,0.0603815393437435,2020-07-01,52.2224349975586,0.0741344028597062,2020-08-28,59.9360237121582,-0.0641035130830075
2020-09-30,56.1317176818848,2020-01-24,52.2616004943848,0.0740527873407899,2020-07-02,52.0526885986328,0.07836346580874,2020-08-31,59.6531410217285,-0.0590316499605794
2020-10-01,56.9349517822266,2020-01-24,52.2616004943848,0.0894222764636519,2020-07-02,52.0526885986328,0.0937946399126439,2020-09-01,60.1434936523438,-0.053348112576632
2020-10-02,55.8104286193848,2020-01-24,52.2616004943848,0.0679050792824705,2020-07-02,52.0526885986328,0.0721910841095468,2020-09-02,61.4259376525879,-0.0914191829673526
2020-10-05,56.72705078125,2020-01-29,51.9519309997559,0.0919141924005977,2020-07-07,52.9485168457031,0.071362413163675,2020-09-04,58.2575149536133,-0.026270673810613
2020-10-06,55.536376953125,2020-01-30,51.426399230957,0.0799196090651801,2020-07-08,53.4200057983398,0.0396175762835829,2020-09-04,58.2575149536133,-0.0467087894609811
2020-10-07,55.9427223205566,2020-01-31,50.5911979675293,0.105779751577776,2020-07-09,53.486026763916,0.0459315396053688,2020-09-04,58.2575149536133,-0.0397338031822978
2020-10-08,56.670352935791,2020-01-31,50.5911979675293,0.120162305153625,2020-07-10,54.4101409912109,0.0415402699460965,2020-09-08,56.7204627990723,-0.000883453004584256
2020-10-09,57.0105438232422,2020-01-31,50.5911979675293,0.126886614937108,2020-07-10,54.4101409912109,0.0477926133742477,2020-09-09,57.3994026184082,-0.0067746139755348
2020-10-12,58.513053894043,2020-02-05,51.811149597168,0.129352549576343,2020-07-14,53.8443565368652,0.0867072736579413,2020-09-11,56.3715515136719,0.0379890622639987
2020-10-13,58.569751739502,2020-02-06,52.4586791992188,0.116493069089208,2020-07-15,54.1649742126465,0.0813215106419647,2020-09-11,56.3715515136719,0.0389948505372775
2020-10-14,57.870475769043,2020-02-07,52.421142578125,0.10395296483278,2020-07-16,54.2592735290527,0.0665545630288735,2020-09-14,56.5884399414062,0.0226554368518408
2020-10-15,57.426326751709,2020-02-07,52.421142578125,0.0954802571524378,2020-07-17,54.1366844177246,0.0607654932947339,2020-09-15,57.5974349975586,-0.00297076156007414
2020-10-16,57.4357757568359,2020-02-07,52.421142578125,0.0956605089489886,2020-07-17,54.1366844177246,0.0609400330772971,2020-09-16,56.9750633239746,0.00808621186152259
2020-10-19,56.40576171875,2020-02-12,53.3595771789551,0.0570878687733742,2020-07-21,54.5232963562012,0.0345258905523735,2020-09-18,55.3908500671387,0.0183227311077763
2020-10-20,56.8120956420898,2020-02-13,53.3689613342285,0.0645156701907377,2020-07-22,54.5798797607422,0.0408981458210032,2020-09-18,55.3908500671387,0.0256584900435448
2020-10-21,57.7665252685547,2020-02-14,53.4346542358398,0.0810685704748018,2020-07-23,53.6934776306152,0.0758574005200412,2020-09-21,54.7425956726074,0.0552390612610356
2020-10-22,58.1445198059082,2020-02-14,53.4346542358398,0.0881425291774294,2020-07-24,53.6086120605469,0.0846115497308222,2020-09-22,55.8009757995605,0.041998262087132
2020-10-23,58.6926040649414,2020-02-14,53.4346542358398,0.0983996229468431,2020-07-24,53.6086120605469,0.0948353596368534,2020-09-23,54.4685554504395,0.0775502228684104
2020-10-26,57.4074325561523,2020-02-19,54.0352554321289,0.062406980351172,2020-07-28,53.4200057983398,0.0746429488020839,2020-09-25,55.3001327514649,0.038106595768193
2020-10-27,57.7759666442871,2020-02-20,53.4815711975098,0.080296733073117,2020-07-29,53.9103546142578,0.0717044444928758,2020-09-25,55.3001327514649,0.0447708489950538
2020-10-28,55.5080299377441,2020-02-21,52.6651306152344,0.053980675435511,2020-07-30,54.0612411499023,0.0267620342609247,2020-09-28,56.0372123718262,-0.00944341111350655
2020-10-29,56.9066009521484,2020-02-21,52.6651306152344,0.0805365957962163,2020-07-31,54.8156280517578,0.0381455613062811,2020-09-29,56.0939140319824,0.0144879695808471
2020-10-30,55.9427223205566,2020-02-21,52.6651306152344,0.0622345690029327,2020-07-31,54.8156280517578,0.020561549850977,2020-09-30,56.1317176818848,-0.00336699764648607
2020-11-02,55.9143600463867,2020-02-26,49.4462890625,0.130810038660557,2020-08-04,55.2116775512695,0.0127270629381742,2020-10-02,55.8104286193848,0.00186222234039346
2020-11-03,56.7459526062012,2020-02-27,47.4943466186523,0.194793836450325,2020-08-05,55.1268119812012,0.0293712000895707,2020-10-02,55.8104286193848,0.0167625300496521
2020-11-04,59.1934432983398,2020-02-28,47.6351127624512,0.242643081239846,2020-08-06,56.5790138244629,0.0462084666584726,2020-10-05,56.72705078125,0.0434782433269922
2020-11-05,60.3368644714355,2020-02-28,47.6351127624512,0.266646827778618,2020-08-07,56.5129928588867,0.0676635835248907,2020-10-06,55.536376953125,0.086438615222638
2020-11-06,60.1951141357422,2020-02-28,47.6351127624512,0.263671074652972,2020-08-07,56.5129928588867,0.0651553048349385,2020-10-07,55.9427223205566,0.0760133157413929
2020-11-09,59.6848258972168,2020-03-04,49.3806037902832,0.208669423134133,2020-08-11,55.4851531982422,0.0756900261943885,2020-10-09,57.0105438232422,0.0469085522542296
2020-11-10,59.4958381652832,2020-03-05,47.5788078308105,0.250469292481002,2020-08-12,56.1452407836914,0.0596773178781174,2020-10-09,57.0105438232422,0.0435935912091372
2020-11-11,60.0344772338867,2020-03-06,46.7529792785645,0.284078109251353,2020-08-13,56.4281234741211,0.0639105739785866,2020-10-12,58.513053894043,0.0260014345277344
2020-11-12,59.6942672729492,2020-03-06,46.7529792785645,0.276801354567754,2020-08-14,56.418701171875,0.058058162152572,2020-10-13,58.569751739502,0.0191995953551027
2020-11-13,60.5825576782227,2020-03-06,46.7529792785645,0.29580100804397,2020-08-14,56.418701171875,0.0738027714190514,2020-10-14,57.870475769043,0.0468646900364775
2020-11-16,60.9700012207031,2020-03-11,43.8907318115234,0.389131570704309,2020-08-18,56.9939193725586,0.0697632640800439,2020-10-16,57.4357757568359,0.0615335201326421
2020-11-17,60.7526512145996,2020-03-12,39.7709999084473,0.527561573871717,2020-08-19,56.8336067199707,0.0689564629241064,2020-10-16,57.4357757568359,0.0577492932594177
2020-11-18,60.1384162902832,2020-03-13,43.3464546203613,0.387389506638776,2020-08-20,57.5408515930176,0.0451429658295295,2020-10-19,56.40576171875,0.066175058323739
2020-11-19,60.506965637207,2020-03-13,43.3464546203613,0.395891917047001,2020-08-21,57.2862434387207,0.0562215639419881,2020-10-20,56.8120956420898,0.065036678428384
2020-11-20,60.3652153015137,2020-03-13,43.3464546203613,0.39262174565848,2020-08-21,57.2862434387207,0.0537471420357063,2020-10-21,57.7665252685547,0.0449860887577669
2020-11-23,60.3935661315918,2020-03-18,38.7950286865234,0.556734668753351,2020-08-25,58.5309829711914,0.031822174613352,2020-10-23,58.6926040649414,0.028980858725715
2020-11-24,61.6315002441406,2020-03-19,39.4894714355469,0.560707145567473,2020-08-26,60.5301094055176,0.0181957516588043,2020-10-23,58.6926040649414,0.0500726833647973
2020-11-25,61.6220283508301,2020-03-20,37.7439804077149,0.632631950450954,2020-08-27,59.7945823669434,0.0305620661864008,2020-10-26,57.4074325561523,0.0734155074877332
2020-11-27,62.018928527832,2020-03-20,37.7439804077149,0.643147539233975,2020-08-28,59.9360237121582,0.0347521354715978,2020-10-28,55.5080299377441,0.117296517231656
2020-11-30,61.8015670776367,2020-03-25,39.6571884155273,0.558395074055199,2020-09-01,60.1434936523438,0.027568625043257,2020-10-30,55.9427223205566,0.104729346625436
2020-12-01,62.9355621337891,2020-03-26,41.9157905578613,0.50147620493789,2020-09-02,61.4259376525879,0.0245763359729125,2020-10-30,55.9427223205566,0.124999991476333
2020-12-02,63.5214424133301,2020-03-27,40.2406692504883,0.578538418879783,2020-09-03,59.3419494628906,0.0704306647871937,2020-11-02,55.9143600463867,0.136048813947482
2020-12-03,63.2379531860352,2020-03-27,40.2406692504883,0.571493575129043,2020-09-04,58.2575149536133,0.0854900562852274,2020-11-03,56.7459526062012,0.114404645294906
2020-12-04,63.2946662902832,2020-03-27,40.2406692504883,0.572902923067443,2020-09-04,58.2575149536133,0.0864635462168388,2020-11-04,59.1934432983398,0.0692850890811143
2020-12-07,63.6915397644043,2020-04-01,39.9771614074707,0.593198154196661,2020-09-08,56.7204627990723,0.122902328742037,2020-11-06,60.1951141357422,0.0580848741440634
2020-12-08,63.597038269043,2020-04-02,40.4853477478027,0.570865555242627,2020-09-09,57.3994026184082,0.107973870248036,2020-11-06,60.1951141357422,0.0565149544467898
2020-12-09,62.8410491943359,2020-04-03,39.6665992736816,0.584230822530589,2020-09-10,56.5507164001465,0.111233476684535,2020-11-09,59.6848258972168,0.0528815029561194
2020-12-10,62.8788452148438,2020-04-03,39.6665992736816,0.58518366500259,2020-09-11,56.3715515136719,0.115435774365615,2020-11-10,59.4958381652832,0.0568612385989478
2020-12-11,63.2568473815918,2020-04-03,39.6665992736816,0.594713147581624,2020-09-11,56.3715515136719,0.122141322760116,2020-11-11,60.0344772338867,0.0536753261821725
2020-12-14,63.0584030151367,2020-04-08,43.5062217712402,0.449411151965888,2020-09-15,57.5974349975586,0.0948126946592258,2020-11-13,60.5825576782227,0.0408672963275045
2020-12-15,63.578125,2020-04-09,43.8261871337891,0.450688028276651,2020-09-16,56.9750633239746,0.115893889199889,2020-11-13,60.5825576782227,0.0494460358984505
2020-12-16,63.5214424133301,2020-04-09,43.8261871337891,0.449394678560946,2020-09-17,55.9283485412598,0.135764671586337,2020-11-16,60.9700012207031,0.0418474846899064
2020-12-17,63.3608131408691,2020-04-09,43.8261871337891,0.445729534888498,2020-09-18,55.3908500671387,0.143885913721673,2020-11-17,60.7526512145996,0.0429308330439209
2020-12-18,63.4174957275391,2020-04-09,43.8261871337891,0.447022884604203,2020-09-18,55.3908500671387,0.144909234118476,2020-11-18,60.1384162902832,0.0545255369118469
2020-12-21,62.8751564025879,2020-04-15,44.767261505127,0.404489671439633,2020-09-22,55.8009757995605,0.126775213186918,2020-11-20,60.3652153015137,0.0415792619729343
2020-12-22,62.2883377075195,2020-04-16,44.9460678100586,0.385846209522691,2020-09-23,54.4685554504395,0.143565075159653,2020-11-20,60.3652153015137,0.0318581222049852
2020-12-23,62.6480026245117,2020-04-17,45.5577774047852,0.37513298921232,2020-09-24,54.5724906921387,0.14797770506627,2020-11-23,60.3935661315918,0.037329083830018
2020-12-24,62.7142677307129,2020-04-17,45.5577774047852,0.376587518163818,2020-09-25,55.3001327514649,0.134070835102139,2020-11-24,61.6315002441406,0.0175684103467073
2020-12-28,63.840576171875,2020-04-22,44.8990211486816,0.421870110719542,2020-09-29,56.0939140319824,0.13810165101825,2020-11-27,62.018928527832,0.0293724462399487
2020-12-29,63.7837829589844,2020-04-23,45.2189788818359,0.410553367993141,2020-09-30,56.1317176818848,0.136323376392402,2020-11-27,62.018928527832,0.0284567062515493
2020-12-30,63.3578643798828,2020-04-24,45.7930450439453,0.383569586147447,2020-10-01,56.9349517822266,0.112811417180497,2020-11-30,61.8015670776367,0.0251821656931617
2020-12-31,63.8689651489258,2020-04-24,45.7930450439453,0.394730686453236,2020-10-02,55.8104286193848,0.144391231690739,2020-12-01,62.9355621337891,0.0148310904596749
2021-01-04,62.922492980957,2020-04-29,47.5246315002441,0.323997493397372,2020-10-06,55.536376953125,0.132996000694576,2020-12-04,63.2946662902832,-0.00588001060972976
2021-01-05,63.1496353149414,2020-04-30,47.3175964355469,0.334590935973681,2020-10-07,55.9427223205566,0.128826640811088,2020-12-04,63.2946662902832,-0.00229136171880029
2021-01-06,62.8467674255371,2020-05-01,46.6588363647461,0.346942451248572,2020-10-08,56.670352935791,0.108988459922671,2020-12-07,63.6915397644043,-0.0132634937386035
2021-01-07,63.6796722412109,2020-05-01,46.6588363647461,0.364793406835264,2020-10-09,57.0105438232422,0.11698061394829,2020-12-08,63.597038269043,0.00129933679959104
2021-01-08,63.8784332275391,2020-05-01,46.6588363647461,0.369053285602372,2020-10-09,57.0105438232422,0.120467003885989,2020-12-09,62.8410491943359,0.0165080635429082
2021-01-11,62.7426567077637,2020-05-06,47.0446853637695,0.333682141194287,2020-10-13,58.569751739502,0.0712467586822181,2020-12-11,63.2568473815918,-0.00812861682350863
2021-01-12,61.7299156188965,2020-05-07,47.9292984008789,0.287936975471448,2020-10-14,57.870475769043,0.0666909991418814,2020-12-11,63.2568473815918,-0.0241386004187694
2021-01-13,61.9475975036621,2020-05-08,48.8045082092285,0.269300721935117,2020-10-15,57.426326751709,0.078731672521934,2020-12-14,63.0584030151367,-0.0176155033803816
2021-01-14,61.5973968505859,2020-05-08,48.8045082092285,0.262125141933884,2020-10-16,57.4357757568359,0.0724569493301339,2020-12-15,63.578125,-0.0311542397548538
2021-01-15,61.7961654663086,2020-05-08,48.8045082092285,0.266197893059057,2020-10-16,57.4357757568359,0.0759176602390312,2020-12-16,63.5214424133301,-0.0271605442426073
2021-01-19,62.9130210876465,2020-05-14,47.5717010498047,0.322488363865323,2020-10-21,57.7665252685547,0.0890913170762115,2020-12-18,63.4174957275391,-0.00795481805304898
2021-01-20,64.8911666870117,2020-05-15,48.2304458618164,0.345439908910016,2020-10-22,58.1445198059082,0.11603237766215,2020-12-21,62.8751564025879,0.0320637021006416
2021-01-21,65.127799987793,2020-05-15,48.2304458618164,0.350346214388908,2020-10-23,58.6926040649414,0.109642365087963,2020-12-22,62.2883377075195,0.0455857771258303
2021-01-22,65.1562042236328,2020-05-15,48.2304458618164,0.350935141887551,2020-10-23,58.6926040649414,0.110126314237815,2020-12-23,62.6480026245117,0.0400364176676837
2021-01-25,65.534782409668,2020-05-20,50.6019668579102,0.295103460971962,2020-10-27,57.7759666442871,0.134291405510358,2020-12-24,62.7142677307129,0.0449740510575043
2021-01-26,66.4244842529297,2020-05-21,50.2443656921387,0.322028516787955,2020-10-28,55.5080299377441,0.196664416435407,2020-12-24,62.7142677307129,0.0591606448814486
2021-01-27,64.2759399414062,2020-05-22,50.5455055236816,0.271645011271904,2020-10-29,56.9066009521484,0.129498843121109,2020-12-28,63.840576171875,0.00681954637062088
2021-01-28,64.5031051635742,2020-05-22,50.5455055236816,0.276139282717296,2020-10-30,55.9427223205566,0.153020491100984,2020-12-29,63.7837829589844,0.0112775092855875
2021-01-29,63.3010787963867,2020-05-22,50.5455055236816,0.252358209509425,2020-10-30,55.9427223205566,0.13153375757558,2020-12-30,63.3578643798828,-0.000896267322958
2021-02-01,64.4841842651367,2020-05-27,51.0442848205566,0.263298809882973,2020-11-03,56.7459526062012,0.136366230603906,2020-12-31,63.8689651489258,0.00963252050156771
2021-02-02,65.4685363769531,2020-05-28,50.564323425293,0.294757487928828,2020-11-04,59.1934432983398,0.106009935035985,2020-12-31,63.8689651489258,0.0250445771948482
2021-02-03,66.348762512207,2020-05-29,50.8372421264649,0.305121201247603,2020-11-05,60.3368644714355,0.0996388873276239,2021-01-04,62.922492980957,0.0544522215972423
2021-02-04,66.7463073730469,2020-05-29,50.8372421264649,0.312941154577307,2020-11-06,60.1951141357422,0.108832640844098,2021-01-05,63.1496353149414,0.056954755798162
2021-02-05,67.5886688232422,2020-05-29,50.8372421264649,0.329510925378403,2020-11-06,60.1951141357422,0.122826491712056,2021-01-06,62.8467674255371,0.0754517947692923
2021-02-08,67.8536682128906,2020-06-03,51.7877426147461,0.310226412409216,2020-11-10,59.4958381652832,0.140477557848481,2021-01-08,63.8784332275391,0.0622312537189433
2021-02-09,68.0808334350586,2020-06-04,51.4018859863281,0.324481235049755,2020-11-11,60.0344772338867,0.134028920911967,2021-01-08,63.8784332275391,0.0657874652709516
2021-02-10,68.7244415283203,2020-06-05,52.2394485473633,0.315565983932828,2020-11-12,59.6942672729492,0.151273726404598,2021-01-11,62.7426567077637,0.0953384050729313
2021-02-11,68.800178527832,2020-06-05,52.2394485473633,0.317015788661204,2020-11-13,60.5825576782227,0.135643346278913,2021-01-12,61.7299156188965,0.114535437770325
2021-02-12,69.0935897827148,2020-06-05,52.2394485473633,0.322632449308316,2020-11-13,60.5825576782227,0.140486510155242,2021-01-13,61.9475975036621,0.115355438580653
2021-02-16,69.4248580932617,2020-06-11,50.4890518188477,0.375047769610625,2020-11-18,60.1384162902832,0.154417797737699,2021-01-15,61.7961654663086,0.123449287983933
2021-02-17,69.6236267089844,2020-06-12,50.9313430786133,0.367009438598925,2020-11-19,60.506965637207,0.150671265295963,2021-01-15,61.7961654663086,0.126665808203639
2021-02-18,69.2828826904297,2020-06-12,50.9313430786133,0.360319176808091,2020-11-20,60.3652153015137,0.147728577532174,2021-01-19,62.9130210876465,0.101248700072901
2021-02-19,68.6014099121094,2020-06-12,50.9313430786133,0.346938952821686,2020-11-20,60.3652153015137,0.136439414146994,2021-01-20,64.8911666870117,0.0571763988000586
2021-02-22,68.3269424438477,2020-06-17,52.2394485473633,0.307956809343011,2020-11-24,61.6315002441406,0.108636690218223,2021-01-22,65.1562042236328,0.0486636423652314
2021-02-23,68.8569641113281,2020-06-18,52.4088401794434,0.313842547852,2020-11-25,61.6220283508301,0.117408270291067,2021-01-22,65.1562042236328,0.0567982731927317
2021-02-24,68.9800033569336,2020-06-19,52.2676849365234,0.319744760853794,2020-11-25,61.6220283508301,0.119404946624163,2021-01-25,65.534782409668,0.0525708764199295
2021-02-25,67.4750900268555,2020-06-19,52.2676849365234,0.290952337162067,2020-11-27,62.018928527832,0.08797574593013,2021-01-26,66.4244842529297,0.0158165439407147
2021-02-26,67.7401123046875,2020-06-19,52.2676849365234,0.296022817673187,2020-11-27,62.018928527832,0.0922489941806717,2021-01-27,64.2759399414062,0.0538953201841805
2021-03-01,69.4721908569336,2020-06-24,51.5340423583984,0.348083474100141,2020-12-01,62.9355621337891,0.103862244199057,2021-01-29,63.3010787963867,0.0974882605144343
2021-03-02,68.9610824584961,2020-06-25,51.7603569030762,0.332314662892088,2020-12-02,63.5214424133301,0.0856347059906262,2021-01-29,63.3010787963867,0.0894140158387389
2021-03-03,67.9767150878906,2020-06-26,49.4783477783203,0.373867926884892,2020-12-03,63.2379531860352,0.074935409245692,2021-02-01,64.4841842651367,0.0541610452633443
2021-03-04,67.8536682128906,2020-06-26,49.4783477783203,0.371381043621302,2020-12-04,63.2946662902832,0.0720282164329431,2021-02-02,65.4685363769531,0.0364317268711254
2021-03-05,69.4437789916992,2020-06-26,49.4783477783203,0.40351855124247,2020-12-04,63.2946662902832,0.0971505667351944,2021-02-03,66.348762512207,0.0466476896072139
2021-03-08,68.5162200927734,2020-07-01,52.2224349975586,0.312007379509909,2020-12-08,63.597038269043,0.0773492281656294,2021-02-05,67.5886688232422,0.0137234729678872
2021-03-09,69.2828826904297,2020-07-02,52.0526885986328,0.3310144885052,2020-12-09,62.8410491943359,0.102509960904255,2021-02-05,67.5886688232422,0.0250665369903675
2021-03-10,69.5762939453125,2020-07-02,52.0526885986328,0.336651301180626,2020-12-10,62.8788452148438,0.106513545336034,2021-02-08,67.8536682128906,0.0253873633923098
2021-03-11,70.8919296264648,2020-07-02,52.0526885986328,0.361926377580559,2020-12-11,63.2568473815918,0.120699695936711,2021-02-09,68.0808334350586,0.0412905666627557
2021-03-12,70.6931533813477,2020-07-02,52.0526885986328,0.358107626801903,2020-12-11,63.2568473815918,0.117557328693555,2021-02-10,68.7244415283203,0.0286464583668689
2021-03-15,71.1947860717773,2020-07-08,53.4200057983398,0.332736397306604,2020-12-15,63.578125,0.119800026688068,2021-02-12,69.0935897827148,0.0304108716260123
2021-03-16,71.9425277709961,2020-07-09,53.486026763916,0.345071453681649,2020-12-16,63.5214424133301,0.132570751508924,2021-02-12,69.0935897827148,0.0412330289573979
2021-03-17,71.9519805908203,2020-07-10,54.4101409912109,0.322400186436623,2020-12-17,63.3608131408691,0.135591180480127,2021-02-12,69.0935897827148,0.0413698407782042
2021-03-18,70.7594146728516,2020-07-10,54.4101409912109,0.300482104692241,2020-12-18,63.4174957275391,0.115771189970282,2021-02-16,69.4248580932617,0.0192230364777566
2021-03-19,71.3746109008789,2020-07-10,54.4101409912109,0.311788751152259,2020-12-18,63.4174957275391,0.125471923513442,2021-02-17,69.6236267089844,0.0251492815680712
2021-03-22,71.9748077392578,2020-07-15,54.1649742126465,0.328807200326389,2020-12-22,62.2883377075195,0.155510170735684,2021-02-19,68.6014099121094,0.0491738847856096
2021-03-23,71.4438171386719,2020-07-16,54.2592735290527,0.3167116419356,2020-12-23,62.6480026245117,0.140400557809942,2021-02-19,68.6014099121094,0.0414336561042132
2021-03-24,69.6423187255859,2020-07-17,54.1366844177246,0.286416400905126,2020-12-24,62.7142677307129,0.110470093099408,2021-02-22,68.3269424438477,0.019251209474495
2021-03-25,69.3009872436523,2020-07-17,54.1366844177246,0.280111406692702,2020-12-24,62.7142677307129,0.10502744831881,2021-02-23,68.8569641113281,0.00644848546628229
2021-03-26,68.5424652099609,2020-07-17,54.1366844177246,0.266100167514503,2020-12-24,62.7142677307129,0.0929325604864524,2021-02-24,68.9800033569336,-0.00634297079848833
2021-03-29,69.2440795898438,2020-07-22,54.5798797607422,0.268674095534544,2020-12-29,63.7837829589844,0.085606346590803,2021-02-26,67.7401123046875,0.0222020193647092
2021-03-30,69.2440795898438,2020-07-23,53.6934776306152,0.289618081104916,2020-12-30,63.3578643798828,0.0929042553370834,2021-02-26,67.7401123046875,0.0222020193647092
2021-03-31,69.5190505981445,2020-07-24,53.6086120605469,0.296788853992862,2020-12-31,63.8689651489258,0.0884637074680046,2021-03-01,69.4721908569336,0.000674510773777559
2021-04-01,70.7137451171875,2020-07-24,53.6086120605469,0.319074350168246,2020-12-31,63.8689651489258,0.107169107128971,2021-03-02,68.9610824584961,0.0254152428617436
2021-04-05,72.2023620605469,2020-07-29,53.9103546142578,0.339304157377057,2021-01-05,63.1496353149414,0.143353587086568,2021-03-05,69.4437789916992,0.0397239768471902
2021-04-06,72.3824996948242,2020-07-30,54.0612411499023,0.338898222741876,2021-01-06,62.8467674255371,0.15172987664935,2021-03-05,69.4437789916992,0.0423179836379048
2021-04-07,72.9419174194336,2020-07-31,54.8156280517578,0.330677400075771,2021-01-07,63.6796722412109,0.145450578689199,2021-03-08,68.5162200927734,0.064593425041072
2021-04-08,72.951416015625,2020-07-31,54.8156280517578,0.330850682705725,2021-01-08,63.8784332275391,0.142035149105292,2021-03-09,69.2828826904297,0.0529500676463923
2021-04-09,72.9324493408203,2020-07-31,54.8156280517578,0.330504674177158,2021-01-08,63.8784332275391,0.141738230820882,2021-03-10,69.5762939453125,0.0482370532432466
2021-04-12,72.6385116577148,2020-08-05,55.1268119812012,0.317662114806954,2021-01-12,61.7299156188965,0.17671490280604,2021-03-12,70.6931533813477,0.0275183406499513
2021-04-13,72.7333297729492,2020-08-06,56.5790138244629,0.285517806984146,2021-01-13,61.9475975036621,0.174110582232822,2021-03-12,70.6931533813477,0.0288596037100795
2021-04-14,71.9842758178711,2020-08-07,56.5129928588867,0.273765061383605,2021-01-14,61.5973968505859,0.168625290975853,2021-03-15,71.1947860717773,0.01108915118163
2021-04-15,72.9039993286133,2020-08-07,56.5129928588867,0.290039611079438,2021-01-15,61.7961654663086,0.179749565017278,2021-03-16,71.9425277709961,0.0133644394686505
2021-04-16,72.856575012207,2020-08-07,56.5129928588867,0.289200435626022,2021-01-15,61.7961654663086,0.178982133639483,2021-03-17,71.9519805908203,0.0125721962614345
2021-04-19,72.4488754272461,2020-08-12,56.1452407836914,0.290383199287845,2021-01-19,62.9130210876465,0.151572030316504,2021-03-19,71.3746109008789,0.0150510736634217
2021-04-20,72.0601348876953,2020-08-13,56.4281234741211,0.277025186221961,2021-01-20,64.8911666870117,0.11047679625274,2021-03-19,71.3746109008789,0.00960459157904792
2021-04-21,72.1833953857422,2020-08-14,56.418701171875,0.279423203413374,2021-01-21,65.127799987793,0.108334618999439,2021-03-22,71.9748077392578,0.00289806465673403
2021-04-22,71.6524276733398,2020-08-14,56.418701171875,0.270012002847363,2021-01-22,65.1562042236328,0.0997023004503197,2021-03-23,71.4438171386719,0.00291992425688936
2021-04-23,72.4868087768555,2020-08-14,56.418701171875,0.284801090263143,2021-01-22,65.1562042236328,0.112508158517985,2021-03-24,69.6423187255859,0.0408442754825233
2021-04-26,72.6385116577148,2020-08-19,56.8336067199707,0.278090831286104,2021-01-26,66.4244842529297,0.0935502544682698,2021-03-26,68.5424652099609,0.059759251949967
2021-04-27,72.3445816040039,2020-08-20,57.5408515930176,0.257273391010826,2021-01-27,64.2759399414062,0.125531290090087,2021-03-26,68.5424652099609,0.0554709607014605
2021-04-28,73.0082931518555,2020-08-21,57.2862434387207,0.274447210523635,2021-01-28,64.5031051635742,0.131857031792699,2021-03-29,69.2440795898438,0.0543615220869198
2021-04-29,75.0278778076172,2020-08-21,57.2862434387207,0.309701479865315,2021-01-29,63.3010787963867,0.185254331114177,2021-03-30,69.2440795898438,0.0835276929382678
2021-04-30,74.0038681030273,2020-08-21,57.2862434387207,0.291826163853623,2021-01-29,63.3010787963867,0.169077518268955,2021-03-31,69.5190505981445,0.0645120649130746
2021-05-03,73.6151123046875,2020-08-26,60.5301094055176,0.216173455288306,2021-02-02,65.4685363769531,0.124434978671712,2021-04-01,70.7137451171875,0.0410297486392754
2021-05-04,72.951416015625,2020-08-27,59.7945823669434,0.220033874773833,2021-02-03,66.348762512207,0.0995143428967977,2021-04-01,70.7137451171875,0.0316440727998384
2021-05-05,72.8091812133789,2020-08-28,59.9360237121582,0.214781640554666,2021-02-04,66.7463073730469,0.0908345956345791,2021-04-05,72.2023620605469,0.00840442245259476
2021-05-06,73.6625366210938,2020-08-28,59.9360237121582,0.229019412012664,2021-02-05,67.5886688232422,0.0898651786401643,2021-04-06,72.3824996948242,0.0176843426472748
2021-05-07,74.2219390869141,2020-08-28,59.9360237121582,0.23835273830249,2021-02-05,67.5886688232422,0.0981417503726727,2021-04-07,72.9419174194336,0.0175485058902418
2021-05-10,72.799690246582,2020-09-02,61.4259376525879,0.185162050896507,2021-02-09,68.0808334350586,0.0693125594007995,2021-04-09,72.9324493408203,-0.00182030214860718
2021-05-11,72.5911026000977,2020-09-03,59.3419494628906,0.223267911774492,2021-02-10,68.7244415283203,0.0562632592683048,2021-04-09,72.9324493408203,-0.00468031368489363
2021-05-12,71.1688690185547,2020-09-04,58.2575149536133,0.22162555466401,2021-02-11,68.800178527832,0.0344285515155232,2021-04-12,72.6385116577148,-0.0202322790709888
2021-05-13,71.6808853149414,2020-09-04,58.2575149536133,0.230414400133893,2021-02-12,69.0935897827148,0.0374462455976463,2021-04-13,72.7333297729492,-0.0144699061804707
2021-05-14,73.0936279296875,2020-09-04,58.2575149536133,0.254664363694319,2021-02-12,69.0935897827148,0.0578930427490012,2021-04-14,71.9842758178711,0.0154110338572162
2021-05-17,72.515251159668,2020-09-09,57.3994026184082,0.263345049803916,2021-02-16,69.4248580932617,0.0445142150993636,2021-04-16,72.856575012207,-0.00468487370538451
2021-05-18,71.7757034301758,2020-09-10,56.5507164001465,0.269227129189647,2021-02-17,69.6236267089844,0.0309101496563335,2021-04-16,72.856575012207,-0.0148356079303776
2021-05-19,71.8894729614258,2020-09-11,56.3715515136719,0.275279303674839,2021-02-18,69.2828826904297,0.037622428077118,2021-04-19,72.4488754272461,-0.0077213409113861
2021-05-20,73.1220703125,2020-09-11,56.3715515136719,0.297144895768313,2021-02-19,68.6014099121094,0.0658974852875822,2021-04-20,72.0601348876953,0.014736794851407
2021-05-21,72.8755569458008,2020-09-11,56.3715515136719,0.292771885622594,2021-02-19,68.6014099121094,0.0623040698313249,2021-04-21,72.1833953857422,0.00958893047853659
2021-05-24,74.202995300293,2020-09-16,56.9750633239746,0.302376706075007,2021-02-23,68.8569641113281,0.0776396586454402,2021-04-23,72.4868087768555,0.0236758460249042
2021-05-25,74.1840209960938,2020-09-17,55.9283485412598,0.326411791711788,2021-02-24,68.9800033569336,0.0754424091896926,2021-04-23,72.4868087768555,0.023414083857147
2021-05-26,74.6675872802734,2020-09-18,55.3908500671387,0.348013023627,2021-02-25,67.4750900268555,0.106594852271487,2021-04-26,72.6385116577148,0.0279338821274304
2021-05-27,74.952033996582,2020-09-18,55.3908500671387,0.353148289035706,2021-02-26,67.7401123046875,0.10646456651055,2021-04-27,72.3445816040039,0.0360421241614288
2021-05-28,74.7054901123047,2020-09-18,55.3908500671387,0.348697303286643,2021-02-26,67.7401123046875,0.102825011217692,2021-04-28,73.0082931518555,0.0232466325013116
2021-06-01,74.7529220581055,2020-09-24,54.5724906921387,0.369791283300798,2021-03-03,67.9767150878906,0.0996842368957302,2021-04-30,74.0038681030273,0.0101218216598529
2021-06-02,74.5253601074219,2020-09-25,55.3001327514649,0.347652463012356,2021-03-04,67.8536682128906,0.0983247047690752,2021-05-03,73.6151123046875,0.0123649584200447
2021-06-03,74.022834777832,2020-09-25,55.3001327514649,0.33856522751062,2021-03-05,69.4437789916992,0.065939035182405,2021-05-04,72.951416015625,0.0146867438731766
2021-06-04,75.0847625732422,2020-09-25,55.3001327514649,0.35776821568757,2021-03-05,69.4437789916992,0.0812309419713066,2021-05-05,72.8091812133789,0.0312540440908726
2021-06-07,75.473518371582,2020-09-30,56.1317176818848,0.344578813698755,2021-03-09,69.2828826904297,0.0893530326792751,2021-05-07,74.2219390869141,0.0168626594786532
2021-06-08,75.2554473876953,2020-10-01,56.9349517822266,0.321779417246962,2021-03-10,69.5762939453125,0.081624833982199,2021-05-07,74.2219390869141,0.0139245661524823
2021-06-09,75.1795806884766,2020-10-02,55.8104286193848,0.347052558961432,2021-03-11,70.8919296264648,0.0604815115712563,2021-05-10,72.799690246582,0.0326909418684822
2021-06-10,75.5872802734375,2020-10-02,55.8104286193848,0.354357637869557,2021-03-12,70.6931533813477,0.0692305641776783,2021-05-11,72.5911026000977,0.0412747232928214
2021-06-11,75.6726379394531,2020-10-02,55.8104286193848,0.355887059307937,2021-03-12,70.6931533813477,0.070438003115296,2021-05-12,71.1688690185547,0.063282850816756
2021-06-14,76.1751480102539,2020-10-07,55.9427223205566,0.361663230719516,2021-03-16,71.9425277709961,0.0588333544900017,2021-05-14,73.0936279296875,0.0421585323898641
2021-06-15,75.7389984130859,2020-10-08,56.670352935791,0.336483619555011,2021-03-17,71.9519805908203,0.0526325723235028,2021-05-14,73.0936279296875,0.0361915334937699
2021-06-16,75.0752792358398,2020-10-09,57.0105438232422,0.316866568903575,2021-03-18,70.7594146728516,0.0609935028849831,2021-05-17,72.515251159668,0.0353033056526975
2021-06-17,75.3881912231445,2020-10-09,57.0105438232422,0.32235523760098,2021-03-19,71.3746109008789,0.0562326052864857,2021-05-18,71.7757034301758,0.0503302318239629
2021-06-18,74.5064239501953,2020-10-09,57.0105438232422,0.306888497348807,2021-03-19,71.3746109008789,0.0438785306117562,2021-05-19,71.8894729614258,0.0364024227882951
2021-06-21,75.2292251586914,2020-10-14,57.870475769043,0.299958643141729,2021-03-23,71.4438171386719,0.0529844032923392,2021-05-21,72.8755569458008,0.0322970871377504
2021-06-22,75.8751449584961,2020-10-15,57.426326751709,0.321260635153511,2021-03-24,69.6423187255859,0.0894976839796155,2021-05-21,72.8755569458008,0.0411604128792618
2021-06-23,75.7991561889648,2020-10-16,57.4357757568359,0.319720247357211,2021-03-25,69.3009872436523,0.0937673358456765,2021-05-24,74.202995300293,0.0215107339294371
2021-06-24,76.5115661621094,2020-10-16,57.4357757568359,0.332123840131176,2021-03-26,68.5424652099609,0.116265163905869,2021-05-25,74.1840209960938,0.0313752899177329
2021-06-25,76.6065292358398,2020-10-16,57.4357757568359,0.333777218578304,2021-03-26,68.5424652099609,0.117650627259712,2021-05-26,74.6675872802734,0.0259676524472174
2021-06-28,77.4709167480469,2020-10-21,57.7665252685547,0.341103976531168,2021-03-30,69.2440795898438,0.118809249930586,2021-05-28,74.7054901123047,0.037017716255993
2021-06-29,77.052978515625,2020-10-22,58.1445198059082,0.325197607149134,2021-03-31,69.5190505981445,0.1083721347265,2021-05-28,74.7054901123047,0.0314232381019297
2021-06-30,76.9104843139648,2020-10-23,58.6926040649414,0.31039481957328,2021-04-01,70.7137451171875,0.0876313252325704,2021-05-28,74.7054901123047,0.0295158253877377
2021-07-01,77.4804306030273,2020-10-23,58.6926040649414,0.320105519893066,2021-04-01,70.7137451171875,0.0956912333610109,2021-06-01,74.7529220581055,0.0364869823122336
2021-07-02,78.0218353271484,2020-10-23,58.6926040649414,0.329329931260502,2021-04-01,70.7137451171875,0.103347520313765,2021-06-02,74.5253601074219,0.0469165826865741
2021-07-06,77.8318710327148,2020-10-29,56.9066009521484,0.367712527728761,2021-04-07,72.9419174194336,0.0670390056401018,2021-06-04,75.0847625732422,0.0365867636165589
2021-07-07,77.7178802490234,2020-10-30,55.9427223205566,0.389240226882297,2021-04-08,72.951416015625,0.0653375149342892,2021-06-07,75.473518371582,0.029737077664667
2021-07-08,76.8629989624023,2020-10-30,55.9427223205566,0.373958859598764,2021-04-09,72.9324493408203,0.0538930154836046,2021-06-08,75.2554473876953,0.0213612652706106
2021-07-09,77.5469131469727,2020-10-30,55.9427223205566,0.386184117080004,2021-04-09,72.9324493408203,0.0632703803020314,2021-06-09,75.1795806884766,0.0314890351451369
2021-07-12,78.0978317260742,2020-11-04,59.1934432983398,0.319366257043955,2021-04-13,72.7333297729492,0.0737557591529399,2021-06-11,75.6726379394531,0.0320484900838469
2021-07-13,77.8983535766602,2020-11-05,60.3368644714355,0.291057370300349,2021-04-14,71.9842758178711,0.0821579114548905,2021-06-11,75.6726379394531,0.0294124230080079
2021-07-14,77.8413772583008,2020-11-06,60.1951141357422,0.29315108669394,2021-04-15,72.9039993286133,0.0677243769224836,2021-06-14,76.1751480102539,0.0218736594751687
2021-07-15,77.2904434204102,2020-11-06,60.1951141357422,0.283998618992853,2021-04-16,72.856575012207,0.0608574916877473,2021-06-15,75.7389984130859,0.0204840972264053
2021-07-16,76.806022644043,2020-11-06,60.1951141357422,0.275951109102353,2021-04-16,72.856575012207,0.0542085272492456,2021-06-16,75.0752792358398,0.0230534395052493
2021-07-19,75.6376876831055,2020-11-11,60.0344772338867,0.259904161211076,2021-04-20,72.0601348876953,0.0496467679527068,2021-06-18,74.5064239501953,0.0151834388624847
2021-07-20,76.4925537109375,2020-11-12,59.6942672729492,0.281405354406629,2021-04-21,72.1833953857422,0.0596973625605657,2021-06-18,74.5064239501953,0.0266571612948414
2021-07-21,77.1289596557617,2020-11-13,60.5825576782227,0.273121548704223,2021-04-22,71.6524276733398,0.0764319111054985,2021-06-21,75.2292251586914,0.0252526128384671
2021-07-22,77.3949203491211,2020-11-13,60.5825576782227,0.277511602600131,2021-04-23,72.4868087768555,0.067710410419292,2021-06-22,75.8751449584961,0.0200299504067678
2021-07-23,79.3136367797852,2020-11-13,60.5825576782227,0.309182705706327,2021-04-23,72.4868087768555,0.0941802807728163,2021-06-23,75.7991561889648,0.0463656954446674
2021-07-26,79.7220916748047,2020-11-18,60.1384162902832,0.325643350666115,2021-04-27,72.3445816040039,0.101977368687864,2021-06-25,76.6065292358398,0.0406696722856783
2021-07-27,78.7722244262695,2020-11-19,60.506965637207,0.301870348260049,2021-04-28,73.0082931518555,0.0789489936769954,2021-06-25,76.6065292358398,0.0282703734529259
2021-07-28,79.3896560668945,2020-11-20,60.3652153015137,0.315155684782322,2021-04-29,75.0278778076172,0.0581354342776641,2021-06-28,77.4709167480469,0.0247672210345442
2021-07-29,78.5347595214844,2020-11-20,60.3652153015137,0.300993612450764,2021-04-30,74.0038681030273,0.0612250620757981,2021-06-29,77.052978515625,0.0192306778323812
2021-07-30,78.2688140869141,2020-11-20,60.3652153015137,0.296588005128037,2021-04-30,74.0038681030273,0.057631392698948,2021-06-30,76.9104843139648,0.0176611782524243
2021-08-02,78.0883255004883,2020-11-25,61.6220283508301,0.26721446194389,2021-05-04,72.951416015625,0.0704154869833238,2021-07-02,78.0218353271484,0.000852199554919997
2021-08-03,77.7368698120117,2020-11-25,61.6220283508301,0.261511052012694,2021-05-05,72.8091812133789,0.0676794947630497,2021-07-02,78.0218353271484,-0.00365238159217673
2021-08-04,77.9553527832031,2020-11-27,62.018928527832,0.256960651105402,2021-05-06,73.6625366210938,0.0582767897905936,2021-07-02,78.0218353271484,-0.000852101769543756
2021-08-05,78.6677474975586,2020-11-27,62.018928527832,0.268447381548282,2021-05-07,74.2219390869141,0.0598988448070386,2021-07-06,77.8318710327148,0.0107395139517128
2021-08-06,78.6677474975586,2020-11-27,62.018928527832,0.268447381548282,2021-05-07,74.2219390869141,0.0598988448070386,2021-07-07,77.7178802490234,0.0122219912006296
2021-08-09,78.525260925293,2020-12-02,63.5214424133301,0.236200847177461,2021-05-11,72.5911026000977,0.0817477364669115,2021-07-09,77.5469131469727,0.0126162053216234
2021-08-10,78.6772384643555,2020-12-03,63.2379531860352,0.244145872857406,2021-05-12,71.1688690185547,0.105500755447487,2021-07-09,77.5469131469727,0.0145760194895255
2021-08-11,78.8292083740234,2020-12-04,63.2946662902832,0.245432087634295,2021-05-13,71.6808853149414,0.0997242574177863,2021-07-12,78.0978317260742,0.00936487776657491
2021-08-12,78.9717178344727,2020-12-04,63.2946662902832,0.247683611637844,2021-05-14,73.0936279296875,0.0804186366346407,2021-07-13,77.8983535766602,0.0137790365075714
2021-08-13,79.0191955566406,2020-12-04,63.2946662902832,0.24843371784664,2021-05-14,73.0936279296875,0.081068183298457,2021-07-14,77.8413772583008,0.0151310053833129
2021-08-16,79.1521682739258,2020-12-09,62.8410491943359,0.259561533244738,2021-05-18,71.7757034301758,0.102771056098752,2021-07-16,76.806022644043,0.0305463757803994
2021-08-17,78.4967651367188,2020-12-10,62.8788452148438,0.2483811505843,2021-05-19,71.8894729614258,0.0919090362345303,2021-07-16,76.806022644043,0.0220131499389249
2021-08-18,77.8983535766602,2020-12-11,63.2568473815918,0.231461206195507,2021-05-20,73.1220703125,0.0653193111703194,2021-07-19,75.6376876831055,0.0298880883697299
2021-08-19,77.9078750610352,2020-12-11,63.2568473815918,0.231611727202626,2021-05-21,72.8755569458008,0.0690535801870718,2021-07-20,76.4925537109375,0.0185027336836747
2021-08-20,78.5822525024414,2020-12-11,63.2568473815918,0.242272666995248,2021-05-21,72.8755569458008,0.0783074023143977,2021-07-21,77.1289596557617,0.018842375849045
2021-08-23,79.5321197509766,2020-12-16,63.5214424133301,0.252051539281271,2021-05-25,74.1840209960938,0.0720923277421754,2021-07-23,79.3136367797852,0.00275467095019266
2021-08-24,79.7885818481445,2020-12-17,63.3608131408691,0.259273325150543,2021-05-26,74.6675872802734,0.0685839030615634,2021-07-23,79.3136367797852,0.00598818926533484
2021-08-25,79.9120483398438,2020-12-18,63.4174957275391,0.260094669823771,2021-05-27,74.952033996582,0.0661758471222795,2021-07-26,79.7220916748047,0.00238273558869873
2021-08-26,79.2186660766602,2020-12-18,63.4174957275391,0.24916105828284,2021-05-28,74.7054901123047,0.0604129088447289,2021-07-27,78.7722244262695,0.00566750086902124
2021-08-27,80.4724807739258,2020-12-18,63.4174957275391,0.268931859429772,2021-05-28,74.7054901123047,0.0771963433069187,2021-07-28,79.3896560668945,0.0136393676541293
2021-08-30,81.0234069824219,2020-12-23,62.6480026245117,0.293311894842767,2021-06-01,74.7529220581055,0.0838828068746578,2021-07-30,78.2688140869141,0.0351940032264826
2021-08-31,81.3273620605469,2020-12-24,62.7142677307129,0.296792022028484,2021-06-02,74.5253601074219,0.0912709706242345,2021-07-30,78.2688140869141,0.0390774794445772
2021-09-01,81.7358169555664,2020-12-24,62.7142677307129,0.303304972108255,2021-06-03,74.022834777832,0.104197335874581,2021-08-02,78.0883255004883,0.0467098177826251
2021-09-02,81.1848983764648,2020-12-24,62.7142677307129,0.294520390879194,2021-06-04,75.0847625732422,0.0812433254652996,2021-08-03,77.7368698120117,0.044355124830616
2021-09-03,81.1848983764648,2020-12-24,62.7142677307129,0.294520390879194,2021-06-04,75.0847625732422,0.0812433254652996,2021-08-04,77.9553527832031,0.0414281441614819
2021-09-07,81.3748626708984,2020-12-31,63.8689651489258,0.274090827699391,2021-06-09,75.1795806884766,0.0824064450172104,2021-08-06,78.6677474975586,0.0344120082175208
2021-09-08,80.9569396972656,2020-12-31,63.8689651489258,0.267547384061964,2021-06-10,75.5872802734375,0.0710391934251815,2021-08-09,78.525260925293,0.0309668346633842
2021-09-09,80.5579681396484,2020-12-31,63.8689651489258,0.261300663817055,2021-06-11,75.6726379394531,0.0645587405596213,2021-08-10,78.6772384643555,0.0239043681756195
2021-09-10,80.0355377197266,2020-12-31,63.8689651489258,0.253120941181755,2021-06-11,75.6726379394531,0.0576549185950708,2021-08-11,78.8292083740234,0.0153030757327843
2021-09-13,80.2350234985352,2021-01-06,62.8467674255371,0.276677015943584,2021-06-15,75.7389984130859,0.0593620879553698,2021-08-13,79.0191955566406,0.0153864884770059
2021-09-14,79.5416030883789,2021-01-07,63.6796722412109,0.249089392091795,2021-06-16,75.0752792358398,0.0594912719339831,2021-08-13,79.0191955566406,0.00661114717833122
2021-09-15,79.9310531616211,2021-01-08,63.8784332275391,0.251299525097956,2021-06-17,75.3881912231445,0.060259595896524,2021-08-16,79.1521682739258,0.00984034808749379
2021-09-16,79.8550720214844,2021-01-08,63.8784332275391,0.250110060417974,2021-06-18,74.5064239501953,0.0717877437637382,2021-08-17,78.4967651367188,0.0173039854878076
2021-09-17,78.9717178344727,2021-01-08,63.8784332275391,0.236281383940184,2021-06-18,74.5064239501953,0.0599316629028153,2021-08-18,77.8983535766602,0.0137790365075714
2021-09-20,77.3846282958984,2021-01-13,61.9475975036621,0.249194987607449,2021-06-22,75.8751449584961,0.0198943058128986,2021-08-20,78.5822525024414,-0.015240390398656
2021-09-21,77.0610961914062,2021-01-14,61.5973968505859,0.251044689085318,2021-06-23,75.7991561889648,0.0166484703245962,2021-08-20,78.5822525024414,-0.0193575045585248
2021-09-22,77.0230484008789,2021-01-15,61.7961654663086,0.246404980303706,2021-06-24,76.5115661621094,0.00668503161581913,2021-08-23,79.5321197509766,-0.0315478998667937
2021-09-23,77.8127975463867,2021-01-15,61.7961654663086,0.259184885651367,2021-06-25,76.6065292358398,0.0157462858920716,2021-08-24,79.7885818481445,-0.0247627449441096
2021-09-24,78.4502792358398,2021-01-15,61.7961654663086,0.269500763418907,2021-06-25,76.6065292358398,0.0240677918500114,2021-08-25,79.9120483398438,-0.0182922241936211
2021-09-27,78.4407577514648,2021-01-20,64.8911666870117,0.208804861373607,2021-06-29,77.052978515625,0.0180107149986217,2021-08-27,80.4724807739258,-0.0252474262371596
2021-09-28,76.5282669067383,2021-01-21,65.127799987793,0.175047628218397,2021-06-30,76.9104843139648,-0.00496963984346099,2021-08-27,80.4724807739258,-0.0490132009011642
2021-09-29,76.4616851806641,2021-01-22,65.1562042236328,0.173513498702717,2021-07-01,77.4804306030273,-0.0131484223104392,2021-08-30,81.0234069824219,-0.0563012834395804
2021-09-30,76.2237930297852,2021-01-22,65.1562042236328,0.16986239358213,2021-07-02,78.0218353271484,-0.0230453730013402,2021-08-31,81.3273620605469,-0.062753406743504
2021-10-01,77.5083236694336,2021-01-22,65.1562042236328,0.189577026362757,2021-07-02,78.0218353271484,-0.00658164032621988,2021-09-01,81.7358169555664,-0.0517214294001732
2021-10-04,75.8336944580078,2021-01-27,64.2759399414062,0.179814632460258,2021-07-06,77.8318710327148,-0.0256729865053243,2021-09-03,81.1848983764648,-0.065913784773651
2021-10-05,76.9659652709961,2021-01-28,64.5031051635742,0.193213335634264,2021-07-07,77.7178802490234,-0.00967492905902811,2021-09-03,81.1848983764648,-0.0519669691018767
2021-10-06,77.0991744995117,2021-01-29,63.3010787963867,0.217975680122415,2021-07-08,76.8629989624023,0.0030726817883453,2021-09-03,81.1848983764648,-0.0503261562021928
2021-10-07,77.4321899414062,2021-01-29,63.3010787963867,0.223236497919308,2021-07-09,77.5469131469727,-0.00147940389772805,2021-09-07,81.3748626708984,-0.0484507451083193
2021-10-08,77.0515975952148,2021-01-29,63.3010787963867,0.217224083069071,2021-07-09,77.5469131469727,-0.00638730197833992,2021-09-08,80.9569396972656,-0.0482397446921118
2021-10-11,75.8907699584961,2021-02-03,66.348762512207,0.143815906808111,2021-07-13,77.8983535766602,-0.0257718363224249,2021-09-10,80.0355377197266,-0.0517865922978474
2021-10-12,75.1866683959961,2021-02-04,66.7463073730469,0.126454351635901,2021-07-14,77.8413772583008,-0.0341040839179345,2021-09-10,80.0355377197266,-0.0605839538519819
2021-10-13,75.5387344360352,2021-02-05,67.5886688232422,0.11762423718662,2021-07-15,77.2904434204102,-0.0226639789714601,2021-09-13,80.2350234985352,-0.0585316593393375
2021-10-14,76.6043930053711,2021-02-05,67.5886688232422,0.133391060056336,2021-07-16,76.806022644043,-0.00262518005399559,2021-09-14,79.5416030883789,-0.0369267146872093
2021-10-15,76.4236068725586,2021-02-05,67.5886688232422,0.130716260626785,2021-07-16,76.806022644043,-0.00497898157357635,2021-09-15,79.9310531616211,-0.0438808967269632
2021-10-18,77.0135498046875,2021-02-10,68.7244415283203,0.120613686950826,2021-07-20,76.4925537109375,0.00681106942407528,2021-09-17,78.9717178344727,-0.0247958140392683
2021-10-19,77.7556915283203,2021-02-11,68.800178527832,0.130167002355459,2021-07-21,77.1289596557617,0.00812576592962988,2021-09-17,78.9717178344727,-0.0153982506585608
2021-10-20,77.9079360961914,2021-02-12,69.0935897827148,0.127571115369687,2021-07-22,77.3949203491211,0.00662854544918634,2021-09-20,77.3846282958984,0.00676242571447117
2021-10-21,78.1362915039062,2021-02-12,69.0935897827148,0.1308761311958,2021-07-23,79.3136367797852,-0.0148441721207138,2021-09-21,77.0610961914062,0.0139525047739966
2021-10-22,76.4807052612305,2021-02-12,69.0935897827148,0.106914628430026,2021-07-23,79.3136367797852,-0.035718088762218,2021-09-22,77.0230484008789,-0.00704130972362615
2021-10-25,76.8137130737305,2021-02-17,69.6236267089844,0.103270781839612,2021-07-27,78.7722244262695,-0.0248629687279204,2021-09-24,78.4502792358398,-0.0208611897631298
2021-10-26,76.128662109375,2021-02-18,69.2828826904297,0.0988091019470665,2021-07-28,79.3896560668945,-0.0410758040666127,2021-09-24,78.4502792358398,-0.029593484549437
2021-10-27,75.919319152832,2021-02-19,68.6014099121094,0.106672869407469,2021-07-29,78.5347595214844,-0.033302965267715,2021-09-27,78.4407577514648,-0.0321444956794253
2021-10-28,76.1667251586914,2021-02-19,68.6014099121094,0.110279296828951,2021-07-30,78.2688140869141,-0.0268572988200432,2021-09-28,76.5282669067383,-0.00472429028724075
2021-10-29,76.4045791625977,2021-02-19,68.6014099121094,0.113746485101189,2021-07-30,78.2688140869141,-0.0238183617072089,2021-09-29,76.4616851806641,-0.000746857958093372
2021-11-01,76.5282669067383,2021-02-24,68.9800033569336,0.109426836510091,2021-08-03,77.7368698120117,-0.0155473574919618,2021-10-01,77.5083236694336,-0.0126445356614235
2021-11-02,76.5377883911133,2021-02-25,67.4750900268555,0.134311763950975,2021-08-04,77.9553527832031,-0.0181843111663178,2021-10-01,77.5083236694336,-0.0125216909923064
2021-11-03,76.8137130737305,2021-02-26,67.7401123046875,0.133947235402134,2021-08-05,78.6677474975586,-0.0235679103928286,2021-10-04,75.8336944580078,0.0129232608634851
2021-11-04,77.1181869506836,2021-02-26,67.7401123046875,0.138441970745702,2021-08-06,78.6677474975586,-0.0196975329301642,2021-10-05,76.9659652709961,0.00197777912810593
2021-11-05,77.7366638183594,2021-02-26,67.7401123046875,0.147572113088749,2021-08-06,78.6677474975586,-0.0118356468669465,2021-10-06,77.0991744995117,0.00826843248304421
2021-11-08,77.3941345214844,2021-03-03,67.9767150878906,0.138538901466737,2021-08-10,78.6772384643555,-0.0163084516934641,2021-10-08,77.0515975952148,0.00444555255127899
2021-11-09,77.2038345336914,2021-03-04,67.8536682128906,0.137798980763496,2021-08-11,78.8292083740234,-0.0206189288698685,2021-10-08,77.0515975952148,0.00197577913019176
2021-11-10,76.3284759521484,2021-03-05,69.4437789916992,0.0991405862470729,2021-08-12,78.9717178344727,-0.0334707405993693,2021-10-11,75.8907699584961,0.00576757877001022
2021-11-11,76.1762237548828,2021-03-05,69.4437789916992,0.0969481335972275,2021-08-13,79.0191955566406,-0.0359782427767185,2021-10-12,75.1866683959961,0.0131613140999265
2021-11-12,77.2894515991211,2021-03-05,69.4437789916992,0.112978768168128,2021-08-13,79.0191955566406,-0.0218901742207646,2021-10-13,75.5387344360352,0.0231764163929489
2021-11-15,77.5083236694336,2021-03-10,69.5762939453125,0.114004774821087,2021-08-17,78.4967651367188,-0.012592129950369,2021-10-15,76.4236068725586,0.0141934781838267
2021-11-16,76.9279022216797,2021-03-11,70.8919296264648,0.0851432966632288,2021-08-18,77.8983535766602,-0.0124579186904823,2021-10-15,76.4236068725586,0.00659868553393506
2021-11-17,76.632942199707,2021-03-12,70.6931533813477,0.0840221228542137,2021-08-19,77.9078750610352,-0.0163646211673635,2021-10-18,77.0135498046875,-0.00494208624256021
2021-11-18,76.0810852050781,2021-03-12,70.6931533813477,0.0762157516820019,2021-08-20,78.5822525024414,-0.0318286536426985,2021-10-19,77.7556915283203,-0.0215367684387742
2021-11-19,75.8241806030273,2021-03-12,70.6931533813477,0.0725816712970893,2021-08-20,78.5822525024414,-0.0350978982096292,2021-10-20,77.9079360961914,-0.0267463829434692
2021-11-22,74.9012298583984,2021-03-17,71.9519805908203,0.0409891325208969,2021-08-24,79.7885818481445,-0.0612537768755912,2021-10-22,76.4807052612305,-0.0206519461011391
2021-11-23,74.701416015625,2021-03-18,70.7594146728516,0.0557099201710309,2021-08-25,79.9120483398438,-0.0652045897016602,2021-10-22,76.4807052612305,-0.0232645507063259
2021-11-24,74.8060836791992,2021-03-19,71.3746109008789,0.048076938494078,2021-08-26,79.2186660766602,-0.055701296373646,2021-10-25,76.8137130737305,-0.0261363409500098
2021-11-26,73.4359359741211,2021-03-19,71.3746109008789,0.0288803686244237,2021-08-27,80.4724807739258,-0.0874403862305762,2021-10-27,75.919319152832,-0.0327108199391472
2021-11-29,74.0639038085938,2021-03-24,69.6423187255859,0.0634899176810919,2021-08-31,81.3273620605469,-0.0893113715719145,2021-10-29,76.4045791625977,-0.0306352757865819
2021-11-30,71.713737487793,2021-03-25,69.3009872436523,0.0348155248590867,2021-09-01,81.7358169555664,-0.122615517175557,2021-10-29,76.4045791625977,-0.0613947714419321
2021-12-01,70.0581436157227,2021-03-26,68.5424652099609,0.0221129835514211,2021-09-02,81.1848983764648,-0.137054488990625,2021-11-01,76.5282669067383,-0.084545535297441
2021-12-02,71.2380065917969,2021-03-26,68.5424652099609,0.0393265893425176,2021-09-03,81.1848983764648,-0.12252145391059,2021-11-02,76.5377883911133,-0.0692439892858435
2021-12-03,71.0762405395508,2021-03-26,68.5424652099609,0.0369665042222851,2021-09-03,81.1848983764648,-0.124514017250338,2021-11-03,76.8137130737305,-0.0746933367050296
2021-12-06,72.2465667724609,2021-03-31,69.5190505981445,0.0392340826125896,2021-09-07,81.3748626708984,-0.112175868552365,2021-11-05,77.7366638183594,-0.0706242945893161
2021-12-07,72.9887084960938,2021-04-01,70.7137451171875,0.0321714452421684,2021-09-08,80.9569396972656,-0.0984255485813652,2021-11-05,77.7366638183594,-0.0610774258766721
2021-12-08,73.5215606689453,2021-04-01,70.7137451171875,0.0397067861008447,2021-09-09,80.5579681396484,-0.0873458905828584,2021-11-08,77.3941345214844,-0.0500370457849625
2021-12-09,72.9411697387695,2021-04-01,70.7137451171875,0.0314991748477007,2021-09-10,80.0355377197266,-0.0886402238690585,2021-11-09,77.2038345336914,-0.0552131227764557
2021-12-10,72.9792251586914,2021-04-01,70.7137451171875,0.0320373364152828,2021-09-10,80.0355377197266,-0.0881647423391518,2021-11-10,76.3284759521484,-0.0438794401653811
2021-12-13,72.5986251831055,2021-04-07,72.9419174194336,-0.00470637801244123,2021-09-14,79.5416030883789,-0.0872873771170928,2021-11-12,77.2894515991211,-0.0606916767936928
2021-12-14,72.4083251953125,2021-04-08,72.951416015625,-0.00744455488288509,2021-09-15,79.9310531616211,-0.0941152114072311,2021-11-12,77.2894515991211,-0.0631538496239518
2021-12-15,73.1695251464844,2021-04-09,72.9324493408203,0.00325062174391233,2021-09-16,79.8550720214844,-0.0837210048874705,2021-11-15,77.5083236694336,-0.0559784848586563
2021-12-16,73.0648574829102,2021-04-09,72.9324493408203,0.00181549013212323,2021-09-17,78.9717178344727,-0.074797161737617,2021-11-16,76.9279022216797,-0.0502164315834008
2021-12-17,72.7698974609375,2021-04-09,72.9324493408203,-0.00222880050446672,2021-09-17,78.9717178344727,-0.0785321700426269,2021-11-17,76.632942199707,-0.0504097145154933
2021-12-20,72.2617111206055,2021-04-14,71.9842758178711,0.00385410979803869,2021-09-21,77.0610961914062,-0.0622802595343304,2021-11-19,75.8241806030273,-0.0469832902128274
2021-12-21,73.6346664428711,2021-04-15,72.9039993286133,0.0100223186791761,2021-09-22,77.0230484008789,-0.0439917924355893,2021-11-19,75.8241806030273,-0.0288761994227055
2021-12-22,73.8158264160156,2021-04-16,72.856575012207,0.0131662983560217,2021-09-23,77.8127975463867,-0.0513665008379678,2021-11-22,74.9012298583984,-0.0144911297776389
2021-12-23,74.4736938476562,2021-04-16,72.856575012207,0.0221959217157583,2021-09-24,78.4502792358398,-0.0506892445370277,2021-11-23,74.701416015625,-0.00304843174486968
2021-12-27,75.1983184814453,2021-04-21,72.1833953857422,0.0417675433469376,2021-09-28,76.5282669067383,-0.0173785253351382,2021-11-26,73.4359359741211,0.0239989112135139
2021-12-28,75.1602020263672,2021-04-22,71.6524276733398,0.0489554152864036,2021-09-29,76.4616851806641,-0.0170213768009654,2021-11-26,73.4359359741211,0.0234798675794603
2021-12-29,74.7883605957031,2021-04-23,72.4868087768555,0.0317513194149959,2021-09-30,76.2237930297852,-0.0188318158546784,2021-11-29,74.0639038085938,0.00978150961339574
2021-12-30,75.1029815673828,2021-04-23,72.4868087768555,0.0360917087491188,2021-10-01,77.5083236694336,-0.0310333392360459,2021-11-30,71.713737487793,0.0472607369008868
2021-12-31,74.0637130737305,2021-04-23,72.4868087768555,0.0217543622554741,2021-10-01,77.5083236694336,-0.0444418151835421,2021-12-01,70.0581436157227,0.0571749300121174
2022-01-03,74.5785751342773,2021-04-28,73.0082931518555,0.0215082686449843,2021-10-05,76.9659652709961,-0.0310187773038743,2021-12-03,71.0762405395508,0.0492757434571638
2022-01-04,74.4165191650391,2021-04-29,75.0278778076172,-0.00814841976665981,2021-10-06,77.0991744995117,-0.0347948645609643,2021-12-03,71.0762405395508,0.0469957133372798
2022-01-05,72.547737121582,2021-04-30,74.0038681030273,-0.0196764171761684,2021-10-07,77.4321899414062,-0.0630803910301431,2021-12-06,72.2465667724609,0.00416864582741527
2022-01-06,72.8719100952148,2021-04-30,74.0038681030273,-0.0152959302915977,2021-10-08,77.0515975952148,-0.0542453061383321,2021-12-07,72.9887084960938,-0.0016002256141463
2022-01-07,72.881462097168,2021-04-30,74.0038681030273,-0.0151668559310545,2021-10-08,77.0515975952148,-0.0541213372363074,2021-12-08,73.5215606689453,-0.00870627018732095
2022-01-10,72.4237976074219,2021-05-05,72.8091812133789,-0.00529306331336987,2021-10-12,75.1866683959961,-0.0367468175876955,2021-12-10,72.9792251586914,-0.00761076251579496
2022-01-11,73.3295669555664,2021-05-06,73.6625366210938,-0.00452020363132588,2021-10-13,75.5387344360352,-0.0292454923551762,2021-12-10,72.9792251586914,0.00480056887577507
2022-01-12,73.4249114990234,2021-05-07,74.2219390869141,-0.0107384366091178,2021-10-14,76.6043930053711,-0.0415052111453286,2021-12-13,72.5986251831055,0.0113815697450736
2022-01-13,72.6621551513672,2021-05-07,74.2219390869141,-0.0210151331902063,2021-10-15,76.4236068725586,-0.0492184532387208,2021-12-14,72.4083251953125,0.00350553552191712
2022-01-14,72.9958648681641,2021-05-07,74.2219390869141,-0.0165190270401622,2021-10-15,76.4236068725586,-0.0448518742397296,2021-12-15,73.1695251464844,-0.00237339627355304
2022-01-18,72.1091613769531,2021-05-13,71.6808853149414,0.00597475966054306,2021-10-20,77.9079360961914,-0.0744311171596004,2021-12-17,72.7698974609375,-0.00907979957425464
2022-01-19,71.9851989746094,2021-05-14,73.0936279296875,-0.0151645086784361,2021-10-21,78.1362915039062,-0.0787226064982796,2021-12-20,72.2617111206055,-0.00382653748033435
2022-01-20,71.2701263427734,2021-05-14,73.0936279296875,-0.0249474767987735,2021-10-22,76.4807052612305,-0.0681293262223404,2021-12-21,73.6346664428711,-0.0321117785185075
2022-01-21,68.8578948974609,2021-05-14,73.0936279296875,-0.0579494157315755,2021-10-22,76.4807052612305,-0.0996697184960934,2021-12-22,73.8158264160156,-0.0671662400771954
2022-01-24,69.3632202148438,2021-05-19,71.8894729614258,-0.0351407882477809,2021-10-26,76.128662109375,-0.0888685247720662,2021-12-23,74.4736938476562,-0.0686211918434785
2022-01-25,67.9426040649414,2021-05-20,73.1220703125,-0.0708331455253282,2021-10-27,75.919319152832,-0.105068316956753,2021-12-23,74.4736938476562,-0.0876966005751625
2022-01-26,66.9510192871094,2021-05-21,72.8755569458008,-0.0812966364442006,2021-10-28,76.1667251586914,-0.120993857256976,2021-12-27,75.1983184814453,-0.109673984217758
2022-01-27,67.0273056030273,2021-05-21,72.8755569458008,-0.0802498339343453,2021-10-29,76.4045791625977,-0.122731826578279,2021-12-28,75.1602020263672,-0.108207484866615
2022-01-28,68.9437026977539,2021-05-21,72.8755569458008,-0.0539529907259726,2021-10-29,76.4045791625977,-0.0976495983174798,2021-12-29,74.7883605957031,-0.078149298251699
2022-01-31,70.5073699951172,2021-05-26,74.6675872802734,-0.0557165088184837,2021-11-02,76.5377883911133,-0.0787900790284173,2021-12-31,74.0637130737305,-0.0480173479160158
2022-02-01,71.117561340332,2021-05-27,74.952033996582,-0.0511590206668022,2021-11-03,76.8137130737305,-0.0741554014962267,2021-12-31,74.0637130737305,-0.0397786123748014
2022-02-02,72.538200378418,2021-05-28,74.7054901123047,-0.0290111172636527,2021-11-04,77.1181869506836,-0.0593891888977433,2022-01-03,74.5785751342773,-0.0273587253736843
2022-02-03,67.6851501464844,2021-05-28,74.7054901123047,-0.0939735480654319,2021-11-05,77.7366638183594,-0.129302097339314,2022-01-04,74.4165191650391,-0.0904553060809795
2022-02-04,67.8567733764648,2021-05-28,74.7054901123047,-0.0916762171768658,2021-11-05,77.7366638183594,-0.127094345918678,2022-01-05,72.547737121582,-0.0646603730348702
2022-02-07,66.6745147705078,2021-06-02,74.5253601074219,-0.10534461457949,2021-11-09,77.2038345336914,-0.136383378193329,2022-01-07,72.881462097168,-0.0851649671679864
2022-02-08,66.6458969116211,2021-06-03,74.022834777832,-0.0996575973934485,2021-11-10,76.3284759521484,-0.126854085840749,2022-01-07,72.881462097168,-0.085557630241191
2022-02-09,68.5242080688477,2021-06-04,75.0847625732422,-0.0873753113089353,2021-11-11,76.1762237548828,-0.100451496659345,2022-01-10,72.4237976074219,-0.0538440356264139
2022-02-10,67.5421447753906,2021-06-04,75.0847625732422,-0.100454706645627,2021-11-12,77.2894515991211,-0.126114322485907,2022-01-11,73.3295669555664,-0.0789234468503357
2022-02-11,66.0833740234375,2021-06-04,75.0847625732422,-0.119883026080347,2021-11-12,77.2894515991211,-0.144988447243828,2022-01-12,73.4249114990234,-0.0999870115700934
2022-02-14,66.0929107666016,2021-06-09,75.1795806884766,-0.120866195829525,2021-11-16,76.9279022216797,-0.14084605380055,2022-01-14,72.9958648681641,-0.0945663718627041
2022-02-15,67.0177459716797,2021-06-10,75.5872802734375,-0.113372703327299,2021-11-17,76.632942199707,-0.125470795613849,2022-01-14,72.9958648681641,-0.0818966787677808
2022-02-16,66.5505752563477,2021-06-11,75.6726379394531,-0.120546381512485,2021-11-18,76.0810852050781,-0.12526779715406,2022-01-14,72.9958648681641,-0.0882966401378636
2022-02-17,64.7771530151367,2021-06-11,75.6726379394531,-0.143981830434325,2021-11-19,75.8241806030273,-0.145692673498533,2022-01-18,72.1091613769531,-0.101679290423142
2022-02-18,64.2718353271484,2021-06-11,75.6726379394531,-0.150659510792086,2021-11-19,75.8241806030273,-0.152357007804153,2022-01-19,71.9851989746094,-0.10715207789009
2022-02-22,63.613941192627,2021-06-17,75.3881912231445,-0.156181622605409,2021-11-24,74.8060836791992,-0.149615404738591,2022-01-21,68.8578948974609,-0.0761561722536387
2022-02-23,62.5460815429688,2021-06-18,74.5064239501953,-0.16052766691932,2021-11-24,74.8060836791992,-0.163890442237381,2022-01-24,69.3632202148438,-0.0982817500508163
2022-02-24,64.3004302978516,2021-06-18,74.5064239501953,-0.136981391821544,2021-11-26,73.4359359741211,-0.124401024581329,2022-01-25,67.9426040649414,-0.0536066260222902
2022-02-25,65.3396911621094,2021-06-18,74.5064239501953,-0.123032784316874,2021-11-26,73.4359359741211,-0.11024908588167,2022-01-26,66.9510192871094,-0.0240672680140994
2022-02-28,65.2633972167969,2021-06-23,75.7991561889648,-0.138995729001292,2021-11-30,71.713737487793,-0.0899456714565192,2022-01-28,68.9437026977539,-0.0533813145645995
2022-03-01,64.4434585571289,2021-06-24,76.5115661621094,-0.157729193249176,2021-12-01,70.0581436157227,-0.0801432177448346,2022-01-28,68.9437026977539,-0.0652741869747534
2022-03-02,64.9964218139648,2021-06-25,76.6065292358398,-0.151555063748317,2021-12-02,71.2380065917969,-0.0876159381269205,2022-01-31,70.5073699951172,-0.0781613068468444
2022-03-03,64.3195037841797,2021-06-25,76.6065292358398,-0.160391360556663,2021-12-03,71.0762405395508,-0.0950632265308302,2022-02-01,71.117561340332,-0.0955890138529968
2022-03-04,63.3946533203125,2021-06-25,76.6065292358398,-0.172464097346761,2021-12-03,71.0762405395508,-0.108075316884041,2022-02-02,72.538200378418,-0.126051473711856
2022-03-07,61.2875366210938,2021-06-30,76.9104843139648,-0.203131573441859,2021-12-07,72.9887084960938,-0.16031482288286,2022-02-04,67.8567733764648,-0.0968103319461626
2022-03-08,61.1349906921387,2021-07-01,77.4804306030273,-0.210962171785478,2021-12-08,73.5215606689453,-0.168475340622613,2022-02-04,67.8567733764648,-0.099058389455599
2022-03-09,62.9656028747559,2021-07-02,78.0218353271484,-0.192974599857351,2021-12-09,72.9411697387695,-0.136761816402726,2022-02-07,66.6745147705078,-0.0556271299238988
2022-03-10,62.4984169006348,2021-07-02,78.0218353271484,-0.198962487378353,2021-12-10,72.9792251586914,-0.143613586404438,2022-02-08,66.6458969116211,-0.0622315881874361
2022-03-11,61.3733520507812,2021-07-02,78.0218353271484,-0.213382359009622,2021-12-10,72.9792251586914,-0.159029820920591,2022-02-09,68.5242080688477,-0.104355179280318
2022-03-14,60.6582679748535,2021-07-07,77.7178802490234,-0.219506916806114,2021-12-14,72.4083251953125,-0.162274948201946,2022-02-11,66.0833740234375,-0.0820948707410109
2022-03-15,61.8214721679688,2021-07-08,76.8629989624023,-0.195692686955803,2021-12-15,73.1695251464844,-0.155092614798264,2022-02-11,66.0833740234375,-0.0644928004728875
2022-03-16,63.5281372070312,2021-07-09,77.5469131469727,-0.180778000967904,2021-12-16,73.0648574829102,-0.130524038565456,2022-02-14,66.0929107666016,-0.0388055773277632
2022-03-17,64.2146148681641,2021-07-09,77.5469131469727,-0.171925583337408,2021-12-17,72.7698974609375,-0.11756623124783,2022-02-15,67.0177459716797,-0.0418266992253092
2022-03-18,65.0536422729492,2021-07-09,77.5469131469727,-0.161105972720607,2021-12-17,72.7698974609375,-0.10603636197413,2022-02-16,66.5505752563477,-0.0224931636974192
2022-03-21,64.4447555541992,2021-07-14,77.8413772583008,-0.17210155030592,2021-12-21,73.6346664428711,-0.124804135505955,2022-02-18,64.2718353271484,0.00269045105325838
2022-03-22,65.6491546630859,2021-07-15,77.2904434204102,-0.150617440425372,2021-12-22,73.8158264160156,-0.110635782994604,2022-02-18,64.2718353271484,0.0214295939882041
2022-03-23,64.7506408691406,2021-07-16,76.806022644043,-0.156958808175408,2021-12-23,74.4736938476562,-0.130556878223405,2022-02-18,64.2718353271484,0.00744969455991162
2022-03-24,65.8116607666016,2021-07-16,76.806022644043,-0.1431445282409,2021-12-23,74.4736938476562,-0.116309969783073,2022-02-22,63.613941192627,0.0345477663036122
2022-03-25,66.1270904541016,2021-07-16,76.806022644043,-0.139037692908964,2021-12-23,74.4736938476562,-0.112074518696878,2022-02-23,62.5460815429688,0.0572539289879044
2022-03-28,66.3373947143555,2021-07-21,77.1289596557617,-0.139915862855802,2021-12-28,75.1602020263672,-0.117386689686073,2022-02-25,65.3396911621094,0.0152694868081142
2022-03-29,67.4939956665039,2021-07-22,77.3949203491211,-0.127927319234325,2021-12-29,74.7883605957031,-0.0975334246010776,2022-02-25,65.3396911621094,0.0329708400220265
2022-03-30,67.0160598754883,2021-07-23,79.3136367797852,-0.155049968751795,2021-12-30,75.1029815673828,-0.107677771549441,2022-02-28,65.2633972167969,0.0268552164526354
2022-03-31,65.7447509765625,2021-07-23,79.3136367797852,-0.171078850423878,2021-12-31,74.0637130737305,-0.112321699141473,2022-03-01,64.4434585571289,0.0201927774916053
2022-04-01,66.2322387695312,2021-07-23,79.3136367797852,-0.164932520325281,2021-12-31,74.0637130737305,-0.105739693288169,2022-03-02,64.9964218139648,0.0190136152279829
2022-04-04,68.0579528808594,2021-07-28,79.3896560668945,-0.142735259823861,2022-01-04,74.4165191650391,-0.0854456289480273,2022-03-04,63.3946533203125,0.0735598243117561
2022-04-05,67.188102722168,2021-07-29,78.5347595214844,-0.144479423741182,2022-01-05,72.547737121582,-0.0738773476894518,2022-03-04,63.3946533203125,0.0598386331208156
2022-04-06,65.9359359741211,2021-07-30,78.2688140869141,-0.157570780350624,2022-01-06,72.8719100952148,-0.0951803529237969,2022-03-07,61.2875366210938,0.0758457528121219
2022-04-07,65.3623886108398,2021-07-30,78.2688140869141,-0.164898697222398,2022-01-07,72.881462097168,-0.103168532435634,2022-03-08,61.1349906921387,0.069148582028733
2022-04-08,65.0756378173828,2021-07-30,78.2688140869141,-0.168562363227847,2022-01-07,72.881462097168,-0.1071030143355,2022-03-09,62.9656028747559,0.0335109146310248
2022-04-11,64.2344741821289,2021-08-04,77.9553527832031,-0.17600944785963,2022-01-11,73.3295669555664,-0.124030362526873,2022-03-11,61.3733520507812,0.0466183129280655
2022-04-12,63.7087287902832,2021-08-05,78.6677474975586,-0.190154404862547,2022-01-12,73.4249114990234,-0.132328150083905,2022-03-11,61.3733520507812,0.0380519665533281
2022-04-13,64.6454925537109,2021-08-06,78.6677474975586,-0.178246554527099,2022-01-13,72.6621551513672,-0.11032789463726,2022-03-14,60.6582679748535,0.0657325820860952
2022-04-14,63.5462379455566,2021-08-06,78.6677474975586,-0.192219938068917,2022-01-14,72.9958648681641,-0.129454277165894,2022-03-15,61.8214721679688,0.0278991379063525
2022-04-18,63.3359565734863,2021-08-11,78.8292083740234,-0.196542019387354,2022-01-18,72.1091613769531,-0.121665605811231,2022-03-18,65.0536422729492,-0.0264041434030073
2022-04-19,64.5977325439453,2021-08-12,78.9717178344727,-0.182014342408705,2022-01-19,71.9851989746094,-0.102624796984582,2022-03-18,65.0536422729492,-0.00700821219342374
2022-04-20,61.7970008850098,2021-08-13,79.0191955566406,-0.21794950644981,2022-01-20,71.2701263427734,-0.132918600595749,2022-03-21,64.4447555541992,-0.0410856499713563
2022-04-21,60.0382041931152,2021-08-13,79.0191955566406,-0.24020734746559,2022-01-21,68.8578948974609,-0.128085395545122,2022-03-22,65.6491546630859,-0.085468739068558
2022-04-22,58.6139526367188,2021-08-13,79.0191955566406,-0.25823146864733,2022-01-21,68.8578948974609,-0.148769320874489,2022-03-23,64.7506408691406,-0.0947741698004806
2022-04-25,59.4168815612793,2021-08-18,77.8983535766602,-0.237251124918746,2022-01-25,67.9426040649414,-0.125484188028957,2022-03-25,66.1270904541016,-0.101474431231475
2022-04-26,57.466911315918,2021-08-19,77.9078750610352,-0.262373524231064,2022-01-26,66.9510192871094,-0.141657409732931,2022-03-25,66.1270904541016,-0.130962652049459
2022-04-27,56.1860389709473,2021-08-20,78.5822525024414,-0.285003455847722,2022-01-27,67.0273056030273,-0.161744031548695,2022-03-28,66.3373947143555,-0.153026144410996
2022-04-28,58.4323348999023,2021-08-20,78.5822525024414,-0.256418172817241,2022-01-28,68.9437026977539,-0.152463058793534,2022-03-29,67.4939956665039,-0.134258768904072
2022-04-29,56.453685760498,2021-08-20,78.5822525024414,-0.281597511362453,2022-01-28,68.9437026977539,-0.18116254927606,2022-03-30,67.0160598754883,-0.157609595888127
2022-05-02,58.0117530822754,2021-08-25,79.9120483398438,-0.274054985606582,2022-02-01,71.117561340332,-0.184283712926249,2022-04-01,66.2322387695312,-0.124116077607776
2022-05-03,58.1646957397461,2021-08-26,79.2186660766602,-0.265770321309628,2022-02-02,72.538200378418,-0.19815083037197,2022-04-01,66.2322387695312,-0.121806890113708
2022-05-04,60.1624603271484,2021-08-27,80.4724807739258,-0.252384669286324,2022-02-03,67.6851501464844,-0.111142396863349,2022-04-04,68.0579528808594,-0.116011314174151
2022-05-05,57.9448432922363,2021-08-27,80.4724807739258,-0.279942127607289,2022-02-04,67.8567733764648,-0.146071343964998,2022-04-05,67.188102722168,-0.137572859709312
2022-05-06,56.75,2021-08-27,80.4724807739258,-0.29478997721681,2022-02-04,67.8567733764648,-0.163679656780101,2022-04-06,65.9359359741211,-0.139316077620047
2022-05-09,55.2779655456543,2021-09-01,81.7358169555664,-0.323699601905187,2022-02-08,66.6458969116211,-0.170572111604136,2022-04-08,65.0756378173828,-0.150558221176764
2022-05-10,55.5264930725098,2021-09-02,81.1848983764648,-0.31604899207946,2022-02-09,68.5242080688477,-0.18968063057772,2022-04-08,65.0756378173828,-0.146739164841844
2022-05-11,54.5228271484375,2021-09-03,81.1848983764648,-0.328411709088948,2022-02-10,67.5421447753906,-0.192758427649114,2022-04-11,64.2344741821289,-0.151190574179143
2022-05-12,55.1154670715332,2021-09-03,81.1848983764648,-0.321111830232814,2022-02-11,66.0833740234375,-0.165970747014436,2022-04-12,63.7087287902832,-0.134883584744523
2022-05-13,56.4058952331543,2021-09-03,81.1848983764648,-0.305216901650934,2022-02-11,66.0833740234375,-0.146443472859769,2022-04-13,64.6454925537109,-0.127458187648748
2022-05-16,56.0426712036133,2021-09-08,80.9569396972656,-0.307747162711659,2022-02-15,67.0177459716797,-0.16376371077452,2022-04-14,63.5462379455566,-0.118080424341911
2022-05-17,57.2661743164062,2021-09-09,80.5579681396484,-0.289130850257612,2022-02-16,66.5505752563477,-0.139508950962161,2022-04-14,63.5462379455566,-0.0988266785286462
2022-05-18,55.3926734924316,2021-09-10,80.0355377197266,-0.307899027474406,2022-02-17,64.7771530151367,-0.144873293837291,2022-04-18,63.3359565734863,-0.125415064535078
2022-05-19,55.3162002563477,2021-09-10,80.0355377197266,-0.308854518475813,2022-02-18,64.2718353271484,-0.13933996166775,2022-04-19,64.5977325439453,-0.143682013626152
2022-05-20,55.4595794677734,2021-09-10,80.0355377197266,-0.307063074131078,2022-02-18,64.2718353271484,-0.137109136755158,2022-04-20,61.7970008850098,-0.102552248919472
2022-05-23,56.2911834716797,2021-09-15,79.9310531616211,-0.295753261778516,2022-02-22,63.613941192627,-0.115112467230626,2022-04-22,58.6139526367188,-0.0396282635882836
2022-05-24,54.2934265136719,2021-09-16,79.8550720214844,-0.320100462760028,2022-02-23,62.5460815429688,-0.131945196656762,2022-04-22,58.6139526367188,-0.0737115640336508
2022-05-25,55.0198783874512,2021-09-17,78.9717178344727,-0.303296421856054,2022-02-24,64.3004302978516,-0.144331101166993,2022-04-25,59.4168815612793,-0.0740025908174481
2022-05-26,56.358097076416,2021-09-17,78.9717178344727,-0.28635087824043,2022-02-25,65.3396911621094,-0.137460002120454,2022-04-26,57.466911315918,-0.0192948292175713
2022-05-27,57.5624923706055,2021-09-17,78.9717178344727,-0.271099908308208,2022-02-25,65.3396911621094,-0.119027174037424,2022-04-27,56.1860389709473,0.0244981391261614
2022-05-31,57.5242691040039,2021-09-23,77.8127975463867,-0.260735111474281,2022-03-02,64.9964218139648,-0.114962524111681,2022-04-29,56.453685760498,0.018963922888007
2022-06-01,56.8647117614746,2021-09-24,78.4502792358398,-0.275149657650982,2022-03-03,64.3195037841797,-0.115902511432911,2022-05-02,58.0117530822754,-0.0197725677962876
2022-06-02,58.2507247924805,2021-09-24,78.4502792358398,-0.257482250415385,2022-03-04,63.3946533203125,-0.0811413622193253,2022-05-03,58.1646957397461,0.00147905961924577
2022-06-03,56.9889717102051,2021-09-24,78.4502792358398,-0.273565725127849,2022-03-04,63.3946533203125,-0.101044508875876,2022-05-04,60.1624603271484,-0.052748650897698
2022-06-06,57.2757339477539,2021-09-29,76.4616851806641,-0.250922421963072,2022-03-08,61.1349906921387,-0.0631268067712493,2022-05-06,56.75,0.00926403432165479
2022-06-07,57.6867599487305,2021-09-30,76.2237930297852,-0.243192215241915,2022-03-09,62.9656028747559,-0.0838369313564022,2022-05-06,56.75,0.0165067832375414
2022-06-08,57.533821105957,2021-10-01,77.5083236694336,-0.257707838562812,2022-03-10,62.4984169006348,-0.0794355447846121,2022-05-09,55.2779655456543,0.0408093087007628
2022-06-09,55.7654685974121,2021-10-01,77.5083236694336,-0.280522839904949,2022-03-11,61.3733520507812,-0.0913732632483409,2022-05-10,55.5264930725098,0.00430381087799425
2022-06-10,54.207389831543,2021-10-01,77.5083236694336,-0.30062492303752,2022-03-11,61.3733520507812,-0.116760156970228,2022-05-11,54.5228271484375,-0.00578541747359795
2022-06-13,51.6456604003906,2021-10-06,77.0991744995117,-0.330139904406918,2022-03-15,61.8214721679688,-0.16459995873166,2022-05-13,56.4058952331543,-0.0843925056607503
2022-06-14,51.5022850036621,2021-10-07,77.4321899414062,-0.334872421371081,2022-03-16,63.5281372070312,-0.189299619539893,2022-05-13,56.4058952331543,-0.086934356935974
2022-06-15,52.6588859558105,2021-10-08,77.0515975952148,-0.316576325484511,2022-03-17,64.2146148681641,-0.179954811472093,2022-05-16,56.0426712036133,-0.060378728835191
2022-06-16,50.7375831604004,2021-10-08,77.0515975952148,-0.341511600746467,2022-03-18,65.0536422729492,-0.220065450793395,2022-05-17,57.2661743164062,-0.114004318150086
2022-06-17,51.464038848877,2021-10-08,77.0515975952148,-0.332083429090729,2022-03-18,65.0536422729492,-0.208898425195835,2022-05-18,55.3926734924316,-0.0709233621679491
2022-06-21,51.8281593322754,2021-10-14,76.6043930053711,-0.323430977011443,2022-03-23,64.7506408691406,-0.199573029137754,2022-05-20,55.4595794677734,-0.0654786814171247
2022-06-22,51.9143981933594,2021-10-15,76.4236068725586,-0.32070206683741,2022-03-24,65.8116607666016,-0.211167176323483,2022-05-23,56.2911834716797,-0.077752589453414
2022-06-23,52.5563697814941,2021-10-15,76.4236068725586,-0.31230189293296,2022-03-25,66.1270904541016,-0.205221802130048,2022-05-24,54.2934265136719,-0.0319938682031853
2022-06-24,54.5589752197266,2021-10-15,76.4236068725586,-0.286097876658619,2022-03-25,66.1270904541016,-0.174937611120277,2022-05-25,55.0198783874512,-0.00837702992505585
2022-06-27,54.041561126709,2021-10-20,77.9079360961914,-0.306340742232153,2022-03-29,67.4939956665039,-0.199313056027458,2022-05-27,57.5624923706055,-0.0611671089783192
2022-06-28,52.4701347351074,2021-10-21,78.1362915039062,-0.3284793311123,2022-03-30,67.0160598754883,-0.217051333179036,2022-05-27,57.5624923706055,-0.0884665938839452
2022-06-29,52.6330299377441,2021-10-22,76.4807052612305,-0.311812963047755,2022-03-31,65.7447509765625,-0.199433731880627,2022-05-27,57.5624923706055,-0.0856367094239752
2022-06-30,52.0006256103516,2021-10-22,76.4807052612305,-0.320081771830735,2022-04-01,66.2322387695312,-0.214874408952135,2022-05-31,57.5242691040039,-0.0960228366164132
2022-07-01,52.5276222229004,2021-10-22,76.4807052612305,-0.313191189287743,2022-04-01,66.2322387695312,-0.206917609931908,2022-06-01,56.8647117614746,-0.0762703160576391
2022-07-05,53.7445182800293,2021-10-28,76.1667251586914,-0.294383234042766,2022-04-06,65.9359359741211,-0.184897924234772,2022-06-03,56.9889717102051,-0.0569312506053657
2022-07-06,53.7541007995605,2021-10-29,76.4045791625977,-0.296454461385545,2022-04-07,65.3623886108398,-0.177598892237457,2022-06-06,57.2757339477539,-0.0614856049056612
2022-07-07,54.5973052978516,2021-10-29,76.4045791625977,-0.285418414756761,2022-04-08,65.0756378173828,-0.161017745979469,2022-06-07,57.6867599487305,-0.0535556972453416
2022-07-08,54.3386001586914,2021-10-29,76.4045791625977,-0.288804404732697,2022-04-08,65.0756378173828,-0.164993198972894,2022-06-08,57.533821105957,-0.0555363938261836
2022-07-11,52.6905250549316,2021-11-03,76.8137130737305,-0.314047935628941,2022-04-12,63.7087287902832,-0.172946532517096,2022-06-10,54.207389831543,-0.0279826197373678
2022-07-12,52.6617698669434,2021-11-04,77.1181869506836,-0.317129046347782,2022-04-13,64.6454925537109,-0.185375997820898,2022-06-10,54.207389831543,-0.0285130859353834
2022-07-13,52.4222259521484,2021-11-05,77.7366638183594,-0.32564348175992,2022-04-14,63.5462379455566,-0.175053824632997,2022-06-13,51.6456604003906,0.0150364144003072
2022-07-14,51.7610855102539,2021-11-05,77.7366638183594,-0.334148354614245,2022-04-14,63.5462379455566,-0.185457909332094,2022-06-14,51.5022850036621,0.00502502959962658
2022-07-15,53.0929565429688,2021-11-05,77.7366638183594,-0.317015241777978,2022-04-14,63.5462379455566,-0.164498823857106,2022-06-15,52.6588859558105,0.00824306438086175
2022-07-18,52.8246650695801,2021-11-10,76.3284759521484,-0.307929780981128,2022-04-19,64.5977325439453,-0.182252023573058,2022-06-17,51.464038848877,0.0264383878750476
2022-07-19,54.702709197998,2021-11-11,76.1762237548828,-0.281892610297689,2022-04-20,61.7970008850098,-0.114799935035886,2022-06-17,51.464038848877,0.0629307458482102
2022-07-20,55.6033973693848,2021-11-12,77.2894515991211,-0.280582327614587,2022-04-21,60.0382041931152,-0.0738664136166655,2022-06-17,51.464038848877,0.0804320572791217
2022-07-21,55.5746536254883,2021-11-12,77.2894515991211,-0.280954224986114,2022-04-22,58.6139526367188,-0.0518528247031492,2022-06-21,51.8281593322754,0.0722868483365142
2022-07-22,53.6487083435059,2021-11-12,77.2894515991211,-0.305872829558077,2022-04-22,58.6139526367188,-0.0847109616371855,2022-06-22,51.9143981933594,0.0334071126797406
2022-07-25,53.4666519165039,2021-11-17,76.632942199707,-0.302301981605134,2022-04-26,57.466911315918,-0.0696097860109981,2022-06-24,54.5589752197266,-0.0200209644485351
2022-07-26,52.393482208252,2021-11-18,76.0810852050781,-0.311346807593185,2022-04-27,56.1860389709473,-0.0674999845541057,2022-06-24,54.5589752197266,-0.0396908666769028
2022-07-27,54.6068954467773,2021-11-19,75.8241806030273,-0.27982214891753,2022-04-28,58.4323348999023,-0.0654678519980105,2022-06-27,54.041561126709,0.0104611026824863
2022-07-28,53.9840660095215,2021-11-19,75.8241806030273,-0.288036275760742,2022-04-29,56.453685760498,-0.0437459435590051,2022-06-28,52.4701347351074,0.0288531996736252
2022-07-29,54.012809753418,2021-11-19,75.8241806030273,-0.287657191625999,2022-04-29,56.453685760498,-0.0432367873629257,2022-06-29,52.6330299377441,0.026215093778676
2022-08-01,53.9361610412598,2021-11-24,74.8060836791992,-0.278986970196685,2022-05-03,58.1646957397461,-0.0726993349609635,2022-07-01,52.5276222229004,0.0268152023402517
2022-08-02,53.8499298095703,2021-11-24,74.8060836791992,-0.280139700395197,2022-05-04,60.1624603271484,-0.10492474016608,2022-07-01,52.5276222229004,0.0251735664153752
2022-08-03,55.1434707641602,2021-11-26,73.4359359741211,-0.249094193017533,2022-05-05,57.9448432922363,-0.0483455018412571,2022-07-01,52.5276222229004,0.049799485119647
2022-08-04,55.3830223083496,2021-11-26,73.4359359741211,-0.24583214507041,2022-05-06,56.75,-0.0240877126282008,2022-07-05,53.7445182800293,0.0304869050976155
2022-08-05,54.702709197998,2021-11-26,73.4359359741211,-0.255096180468438,2022-05-06,56.75,-0.0360756088458494,2022-07-06,53.7541007995605,0.0176471819698871
2022-08-08,55.0189018249512,2021-12-01,70.0581436157227,-0.214668003098448,2022-05-10,55.5264930725098,-0.00914142456098843,2022-07-08,54.3386001586914,0.0125196759628146
2022-08-09,54.4823265075684,2021-12-02,71.2380065917969,-0.235207031834015,2022-05-11,54.5228271484375,-0.000742819897414315,2022-07-08,54.3386001586914,0.00264501382916027
2022-08-10,56.0154190063477,2021-12-03,71.0762405395508,-0.211896710052109,2022-05-12,55.1154670715332,0.0163284824139551,2022-07-11,52.6905250549316,0.0631023119991632
2022-08-11,56.0729141235352,2021-12-03,71.0762405395508,-0.211087788297792,2022-05-13,56.4058952331543,-0.00590330333811306,2022-07-12,52.6617698669434,0.0647745843941534
2022-08-12,57.0694122314453,2021-12-03,71.0762405395508,-0.197067658640601,2022-05-13,56.4058952331543,0.0117632562261154,2022-07-13,52.4222259521484,0.088649159681599
2022-08-15,57.2706489562988,2021-12-08,73.5215606689453,-0.221036000389348,2022-05-17,57.2661743164062,7.81375732881173e-05,2022-07-15,53.0929565429688,0.0786863773530679
2022-08-16,57.3856201171875,2021-12-09,72.9411697387695,-0.213261587074795,2022-05-18,55.3926734924316,0.0359785238570973,2022-07-15,53.0929565429688,0.0808518465296737
2022-08-17,56.2741317749023,2021-12-10,72.9792251586914,-0.228902038182295,2022-05-19,55.3162002563477,0.0173173774430531,2022-07-18,52.8246650695801,0.0653003043328084
2022-08-18,56.1878852844238,2021-12-10,72.9792251586914,-0.230083833279337,2022-05-20,55.4595794677734,0.0131321914742177,2022-07-19,54.702709197998,0.0271499548779228
2022-08-19,55.2776145935059,2021-12-10,72.9792251586914,-0.242556844453937,2022-05-20,55.4595794677734,-0.00328103595472296,2022-07-20,55.6033973693848,-0.00585904443418561
2022-08-22,53.6966133117676,2021-12-15,73.1695251464844,-0.266134183537918,2022-05-24,54.2934265136719,-0.0109923657471502,2022-07-22,53.6487083435059,0.000892937961432194
2022-08-23,53.2366943359375,2021-12-16,73.0648574829102,-0.271377565495292,2022-05-25,55.0198783874512,-0.0324098144848022,2022-07-22,53.6487083435059,-0.00767984953021206
2022-08-24,53.5528945922852,2021-12-17,72.7698974609375,-0.264079015350653,2022-05-26,56.358097076416,-0.0497746132259802,2022-07-25,53.4666519165039,0.00161301807182412
2022-08-25,54.5973052978516,2021-12-17,72.7698974609375,-0.249726779852079,2022-05-27,57.5624923706055,-0.051512485833016,2022-07-26,52.393482208252,0.0420629245607291
2022-08-26,52.8534049987793,2021-12-17,72.7698974609375,-0.273691363559352,2022-05-27,57.5624923706055,-0.081808260516372,2022-07-27,54.6068954467773,-0.032111154345097
2022-08-29,52.4413948059082,2021-12-22,73.8158264160156,-0.28956434748348,2022-05-31,57.5242691040039,-0.0883605194340822,2022-07-29,54.012809753418,-0.0290933753434356
2022-08-30,51.9814682006836,2021-12-23,74.4736938476562,-0.302015711654948,2022-06-01,56.8647117614746,-0.0858747615089358,2022-07-29,54.012809753418,-0.0376085147580352
2022-08-31,52.106029510498,2021-12-23,74.4736938476562,-0.300343157181294,2022-06-02,58.2507247924805,-0.105487018468406,2022-08-01,53.9361610412598,-0.0339314384900645
2022-09-01,52.5851287841797,2021-12-23,74.4736938476562,-0.293910022890122,2022-06-03,56.9889717102051,-0.0772753533511605,2022-08-02,53.8499298095703,-0.0234875148373145
2022-09-02,51.5886039733887,2021-12-23,74.4736938476562,-0.307290919678047,2022-06-03,56.9889717102051,-0.094761627991427,2022-08-03,55.1434707641602,-0.064465778840347
2022-09-06,50.9466285705566,2021-12-30,75.1029815673828,-0.32164306253478,2022-06-08,57.533821105957,-0.11449252646142,2022-08-05,54.702709197998,-0.0686635211036105
2022-09-07,51.9718856811523,2021-12-31,74.0637130737305,-0.298281391463397,2022-06-09,55.7654685974121,-0.0680274551917927,2022-08-08,55.0189018249512,-0.0553812606709828
2022-09-08,51.8473167419434,2021-12-31,74.0637130737305,-0.299963307398195,2022-06-10,54.207389831543,-0.0435378478272772,2022-08-09,54.4823265075684,-0.0483644868810615
2022-09-09,53.2941780090332,2021-12-31,74.0637130737305,-0.280427947813272,2022-06-10,54.207389831543,-0.0168466296818146,2022-08-10,56.0154190063477,-0.0485802131910517
2022-09-12,53.5720596313477,2022-01-05,72.547737121582,-0.261561259428853,2022-06-14,51.5022850036621,0.04018801549365,2022-08-12,57.0694122314453,-0.0612824359556066
2022-09-13,50.6304321289062,2022-01-06,72.8719100952148,-0.30521332482225,2022-06-15,52.6588859558105,-0.0385206369273839,2022-08-12,57.0694122314453,-0.112827166966881
2022-09-14,50.7166557312012,2022-01-07,72.881462097168,-0.304121318757518,2022-06-16,50.7375831604004,-0.000412464053186401,2022-08-15,57.2706489562988,-0.114438955111174
2022-09-15,50.4962844848633,2022-01-07,72.881462097168,-0.307145012849221,2022-06-17,51.464038848877,-0.0188044775664705,2022-08-16,57.3856201171875,-0.120053344692546
2022-09-16,49.9596939086914,2022-01-07,72.881462097168,-0.314507523983486,2022-06-17,51.464038848877,-0.0292309926277459,2022-08-17,56.2741317749023,-0.112208534668626
2022-09-19,50.2477684020996,2022-01-12,73.4249114990234,-0.315657760067332,2022-06-21,51.8281593322754,-0.0304929009738459,2022-08-19,55.2776145935059,-0.0909924610241262
2022-09-20,49.4699974060059,2022-01-13,72.6621551513672,-0.319177950296798,2022-06-22,51.9143981933594,-0.0470852185986852,2022-08-19,55.2776145935059,-0.105062731635715
2022-09-21,48.2601127624512,2022-01-14,72.9958648681641,-0.338865114488163,2022-06-23,52.5563697814941,-0.0817456958481889,2022-08-22,53.6966133117676,-0.101244756680493
2022-09-22,48.0872917175293,2022-01-14,72.9958648681641,-0.34123266017358,2022-06-24,54.5589752197266,-0.118618127927325,2022-08-23,53.2366943359375,-0.0967265658140628
2022-09-23,47.1558837890625,2022-01-14,72.9958648681641,-0.353992395675707,2022-06-24,54.5589752197266,-0.135689708262471,2022-08-24,53.5528945922852,-0.119452194917289
2022-09-26,46.3877258300781,2022-01-19,71.9851989746094,-0.355593559636614,2022-06-28,52.4701347351074,-0.115921350988253,2022-08-26,52.8534049987793,-0.122332310829369
2022-09-27,46.1380653381348,2022-01-20,71.2701263427734,-0.352631071309824,2022-06-29,52.6330299377441,-0.123400925375032,2022-08-26,52.8534049987793,-0.127055951471804
2022-09-28,47.7128143310547,2022-01-21,68.8578948974609,-0.307082878410591,2022-06-30,52.0006256103516,-0.0824569171806909,2022-08-29,52.4413948059082,-0.0901688540580309
2022-09-29,46.5509567260742,2022-01-21,68.8578948974609,-0.323956144819775,2022-07-01,52.5276222229004,-0.113781382897255,2022-08-30,51.9814682006836,-0.104470144122208
2022-09-30,45.9844284057617,2022-01-21,68.8578948974609,-0.332183644675182,2022-07-01,52.5276222229004,-0.124566723949024,2022-08-31,52.106029510498,-0.117483545805442
2022-10-03,47.2711143493652,2022-01-26,66.9510192871094,-0.293944814392591,2022-07-05,53.7445182800293,-0.120447705883885,2022-09-02,51.5886039733887,-0.083690762910556
2022-10-04,48.7210350036621,2022-01-27,67.0273056030273,-0.273116611725154,2022-07-06,53.7541007995605,-0.0936312899115519,2022-09-02,51.5886039733887,-0.0555853182459786
2022-10-05,48.3465461730957,2022-01-28,68.9437026977539,-0.298753268517579,2022-07-07,54.5973052978516,-0.11448841825902,2022-09-02,51.5886039733887,-0.0628444569262883
2022-10-06,48.0872917175293,2022-01-28,68.9437026977539,-0.302513647572109,2022-07-08,54.3386001586914,-0.115043604783813,2022-09-06,50.9466285705566,-0.0561241623489848
2022-10-07,46.7910118103027,2022-01-28,68.9437026977539,-0.321315653505985,2022-07-08,54.3386001586914,-0.138899204733772,2022-09-07,51.9718856811523,-0.0996860861011332
2022-10-10,46.6661834716797,2022-02-02,72.538200378418,-0.356667476884854,2022-07-12,52.6617698669434,-0.113850833544187,2022-09-09,53.2941780090332,-0.124366202556499
2022-10-11,45.7923927307129,2022-02-03,67.6851501464844,-0.323449935006292,2022-07-13,52.4222259521484,-0.126469891367973,2022-09-09,53.2941780090332,-0.140761815991397
2022-10-12,45.7347793579102,2022-02-04,67.8567733764648,-0.326010108023017,2022-07-14,51.7610855102539,-0.116425420621249,2022-09-12,53.5720596313477,-0.146294175123547
2022-10-13,46.8390083312988,2022-02-04,67.8567733764648,-0.309737171388343,2022-07-15,53.0929565429688,-0.117792427072855,2022-09-13,50.6304321289062,-0.0748842867458521
2022-10-14,46.0708503723145,2022-02-04,67.8567733764648,-0.3210574555805,2022-07-15,53.0929565429688,-0.132260597787038,2022-09-14,50.7166557312012,-0.0916031487468246
2022-10-17,47.3383293151855,2022-02-09,68.5242080688477,-0.309173638787277,2022-07-19,54.702709197998,-0.134625505587976,2022-09-16,49.9596939086914,-0.0524695887508195
2022-10-18,47.6936111450195,2022-02-10,67.5421447753906,-0.293868868043453,2022-07-20,55.6033973693848,-0.142253649931117,2022-09-16,49.9596939086914,-0.0453582195241923
2022-10-19,47.7320022583008,2022-02-11,66.0833740234375,-0.277700284471373,2022-07-21,55.5746536254883,-0.141119212726692,2022-09-19,50.2477684020996,-0.0500672213672619
2022-10-20,47.8472366333008,2022-02-11,66.0833740234375,-0.275956511900694,2022-07-22,53.6487083435059,-0.108138143290589,2022-09-20,49.4699974060059,-0.0328029281947783
2022-10-21,48.1545066833496,2022-02-11,66.0833740234375,-0.271306778823508,2022-07-22,53.6487083435059,-0.102410697849006,2022-09-21,48.2601127624512,-0.00218826838680186
2022-10-24,48.4905815124512,2022-02-16,66.5505752563477,-0.271372466343541,2022-07-26,52.393482208252,-0.0744921034316378,2022-09-23,47.1558837890625,0.02830394886371
2022-10-25,49.7772598266602,2022-02-17,64.7771530151367,-0.231561476389237,2022-07-27,54.6068954467773,-0.088443695262339,2022-09-23,47.1558837890625,0.0555895855822275
2022-10-26,48.2025146484375,2022-02-18,64.2718353271484,-0.250021188860049,2022-07-28,53.9840660095215,-0.107097367583692,2022-09-26,46.3877258300781,0.0391221769527372
2022-10-27,45.9172134399414,2022-02-18,64.2718353271484,-0.285577995303551,2022-07-29,54.012809753418,-0.149882895380466,2022-09-27,46.1380653381348,-0.0047867611390896
2022-10-28,47.0790710449219,2022-02-18,64.2718353271484,-0.267500751996798,2022-07-29,54.012809753418,-0.128372116543286,2022-09-28,47.7128143310547,-0.0132824545149567
2022-10-31,46.2916984558105,2022-02-23,62.5460815429688,-0.259878519743744,2022-08-02,53.8499298095703,-0.140357311151342,2022-09-30,45.9844284057617,0.00668204565548813
2022-11-01,45.9940376281738,2022-02-24,64.3004302978516,-0.284700935668379,2022-08-03,55.1434707641602,-0.165920516231505,2022-09-30,45.9844284057617,0.000208966877381256
2022-11-02,44.6977462768555,2022-02-25,65.3396911621094,-0.315917392906568,2022-08-04,55.3830223083496,-0.192934144547096,2022-10-03,47.2711143493652,-0.0544384897189191
2022-11-03,43.6031036376953,2022-02-25,65.3396911621094,-0.332670496872797,2022-08-05,54.702709197998,-0.202907785062846,2022-10-04,48.7210350036621,-0.105045620758716
2022-11-04,43.9007797241211,2022-02-25,65.3396911621094,-0.328114673587878,2022-08-05,54.702709197998,-0.197466078595469,2022-10-05,48.3465461730957,-0.0919562368128095
2022-11-07,44.6881484985352,2022-03-02,64.9964218139648,-0.312452174268251,2022-08-09,54.4823265075684,-0.179767984167722,2022-10-07,46.7910118103027,-0.044941608022773
2022-11-08,44.7361602783203,2022-03-03,64.3195037841797,-0.304469754175501,2022-08-10,56.0154190063477,-0.201359892117368,2022-10-07,46.7910118103027,-0.0439155182263011
2022-11-09,44.1312294006348,2022-03-04,63.3946533203125,-0.303865119702539,2022-08-11,56.0729141235352,-0.212967078839375,2022-10-10,46.6661834716797,-0.0543210068289238
2022-11-10,46.8006172180176,2022-03-04,63.3946533203125,-0.261757659884197,2022-08-12,57.0694122314453,-0.179935180894848,2022-10-11,45.7923927307129,0.0220172921129862
2022-11-11,48.0296745300293,2022-03-04,63.3946533203125,-0.242370262877675,2022-08-12,57.0694122314453,-0.158398997781076,2022-10-12,45.7347793579102,0.0501783370191817
2022-11-14,47.8376388549805,2022-03-09,62.9656028747559,-0.240257590320643,2022-08-16,57.3856201171875,-0.166382819297048,2022-10-14,46.0708503723145,0.0383493785851137
2022-11-15,48.5481910705566,2022-03-10,62.4984169006348,-0.223209267080434,2022-08-17,56.2741317749023,-0.137291157778313,2022-10-14,46.0708503723145,0.0537724109327686
2022-11-16,48.0680885314941,2022-03-11,61.3733520507812,-0.216792191964326,2022-08-18,56.1878852844238,-0.144511520798962,2022-10-17,47.3383293151855,0.0154158211087203
2022-11-17,47.7032127380371,2022-03-11,61.3733520507812,-0.22273737470675,2022-08-19,55.2776145935059,-0.137024759681989,2022-10-18,47.6936111450195,0.000201318222442515
2022-11-18,47.5591773986816,2022-03-11,61.3733520507812,-0.225084245694606,2022-08-19,55.2776145935059,-0.139630431804686,2022-10-19,47.7320022583008,-0.00362073350042813
2022-11-21,47.1654930114746,2022-03-16,63.5281372070312,-0.257565307514568,2022-08-23,53.2366943359375,-0.114041666188964,2022-10-21,48.1545066833496,-0.0205383408530893
2022-11-22,47.8664321899414,2022-03-17,64.2146148681641,-0.254586634394465,2022-08-24,53.5528945922852,-0.106184034413762,2022-10-21,48.1545066833496,-0.00598229559909103
2022-11-23,48.4713706970215,2022-03-18,65.0536422729492,-0.254901508917096,2022-08-25,54.5973052978516,-0.112202141981376,2022-10-24,48.4905815124512,-0.000396176222897004
2022-11-25,48.2025146484375,2022-03-18,65.0536422729492,-0.259034345130262,2022-08-26,52.8534049987793,-0.0879960401879352,2022-10-26,48.2025146484375,0
2022-11-28,47.4343452453613,2022-03-23,64.7506408691406,-0.267430490128663,2022-08-30,51.9814682006836,-0.0874758469262027,2022-10-28,47.0790710449219,0.00754632987767434
2022-11-29,47.4535484313965,2022-03-24,65.8116607666016,-0.278949233636747,2022-08-31,52.106029510498,-0.0892887276733341,2022-10-28,47.0790710449219,0.00795422208134222
2022-11-30,49.4603843688965,2022-03-25,66.1270904541016,-0.252040517294094,2022-09-01,52.5851287841797,-0.0594225874792056,2022-10-31,46.2916984558105,0.0684504137628632
2022-12-01,49.7484550476074,2022-03-25,66.1270904541016,-0.247684198624503,2022-09-02,51.5886039733887,-0.0356696786509375,2022-11-01,45.9940376281738,0.0816283503915258
2022-12-02,49.8732757568359,2022-03-25,66.1270904541016,-0.245796610521482,2022-09-02,51.5886039733887,-0.0332501382948367,2022-11-02,44.6977462768555,0.115789495244872
2022-12-05,49.0859069824219,2022-03-30,67.0160598754883,-0.267550090625732,2022-09-06,50.9466285705566,-0.036522958247528,2022-11-04,43.9007797241211,0.11811014043224
2022-12-06,47.6744003295898,2022-03-31,65.7447509765625,-0.27485617298048,2022-09-07,51.9718856811523,-0.082688655515168,2022-11-04,43.9007797241211,0.0859579403642199
2022-12-07,47.4343452453613,2022-04-01,66.2322387695312,-0.283817878927226,2022-09-08,51.8473167419434,-0.0851147518114864,2022-11-07,44.6881484985352,0.0614524619858927
2022-12-08,47.3383293151855,2022-04-01,66.2322387695312,-0.285267564638589,2022-09-09,53.2941780090332,-0.11175420873999,2022-11-08,44.7361602783203,0.0581670179263525
2022-12-09,47.4727554321289,2022-04-01,66.2322387695312,-0.283237947046903,2022-09-09,53.2941780090332,-0.109231867239187,2022-11-09,44.1312294006348,0.0757179457014192
2022-12-12,47.8472366333008,2022-04-06,65.9359359741211,-0.274337492500597,2022-09-13,50.6304321289062,-0.0549708027085249,2022-11-11,48.0296745300293,-0.00379844124520246
2022-12-13,48.6538124084473,2022-04-07,65.3623886108398,-0.255629828675227,2022-09-14,50.7166557312012,-0.0406738830274416,2022-11-11,48.0296745300293,0.0129948388059085
2022-12-14,48.0200729370117,2022-04-08,65.0756378173828,-0.262088324485315,2022-09-15,50.4962844848633,-0.0490374999490077,2022-11-14,47.8376388549805,0.00381360966799171
2022-12-15,46.1476707458496,2022-04-08,65.0756378173828,-0.290861030431226,2022-09-16,49.9596939086914,-0.0763019719417982,2022-11-15,48.5481910705566,-0.049446133249708
2022-12-16,46.1380653381348,2022-04-08,65.0756378173828,-0.291008634174147,2022-09-16,49.9596939086914,-0.0764942350836101,2022-11-16,48.0680885314941,-0.0401518606693675
2022-12-19,45.0580558776855,2022-04-13,64.6454925537109,-0.302997717277057,2022-09-20,49.4699974060059,-0.0891841875816368,2022-11-18,47.5591773986816,-0.0525896716006998
2022-12-20,45.3660888671875,2022-04-14,63.5462379455566,-0.286093239602083,2022-09-21,48.2601127624512,-0.0599672012684431,2022-11-18,47.5591773986816,-0.0461128356596625
2022-12-21,45.9628753662109,2022-04-14,63.5462379455566,-0.276701865410353,2022-09-22,48.0872917175293,-0.0441783322670248,2022-11-21,47.1654930114746,-0.0254978283587769
2022-12-22,45.5682258605957,2022-04-14,63.5462379455566,-0.282912296088458,2022-09-23,47.1558837890625,-0.0336682891061634,2022-11-22,47.8664321899414,-0.0480129022406781
2022-12-23,46.0110092163086,2022-04-14,63.5462379455566,-0.275944403573842,2022-09-23,47.1558837890625,-0.0242785095042467,2022-11-23,48.4713706970215,-0.0507590655129562
2022-12-27,45.5971031188965,2022-04-21,60.0382041931152,-0.240531862474907,2022-09-28,47.7128143310547,-0.0443426203593521,2022-11-25,48.2025146484375,-0.0540513611902502
2022-12-28,44.9329261779785,2022-04-22,58.6139526367188,-0.233409040736996,2022-09-29,46.5509567260742,-0.0347582662503991,2022-11-28,47.4343452453613,-0.0527343437427846
2022-12-29,46.1746444702149,2022-04-22,58.6139526367188,-0.212224352853339,2022-09-30,45.9844284057617,0.00413653210549203,2022-11-29,47.4535484313965,-0.0269506497081148
2022-12-30,46.1938972473145,2022-04-22,58.6139526367188,-0.211895885377021,2022-09-30,45.9844284057617,0.0045552124668029,2022-11-30,49.4603843688965,-0.0660424936696646
2023-01-03,46.7906951904297,2022-04-28,58.4323348999023,-0.199232834515605,2022-10-05,48.3465461730957,-0.0321812229791055,2022-12-02,49.8732757568359,-0.0618082634362298
2023-01-04,47.666633605957,2022-04-29,56.453685760498,-0.155650637087181,2022-10-06,48.0872917175293,-0.00874780210212844,2022-12-05,49.0859069824219,-0.0289140705289016
2023-01-05,47.7340126037598,2022-04-29,56.453685760498,-0.1544571100943,2022-10-07,46.7910118103027,0.020153460183338,2022-12-06,47.6744003295898,0.00125040427898004
2023-01-06,48.5136985778809,2022-04-29,56.453685760498,-0.140646037112655,2022-10-07,46.7910118103027,0.036816617143526,2022-12-07,47.4343452453613,0.0227546796932985
2023-01-09,48.5906982421875,2022-05-04,60.1624603271484,-0.192341902608979,2022-10-11,45.7923927307129,0.0611085235910329,2022-12-09,47.4727554321289,0.0235491451861669
2023-01-10,49.322265625,2022-05-05,57.9448432922363,-0.148806643996768,2022-10-12,45.7347793579102,0.0784410970700213,2022-12-09,47.4727554321289,0.0389594026307429
2023-01-11,49.6784133911133,2022-05-06,56.75,-0.124609455663202,2022-10-13,46.8390083312988,0.0606205203946879,2022-12-12,47.8472366333008,0.03827131693825
2023-01-12,50.2270812988281,2022-05-06,56.75,-0.114941298699064,2022-10-14,46.0708503723145,0.0902138964860804,2022-12-13,48.6538124084473,0.0323359838109563
2023-01-13,50.3907089233398,2022-05-06,56.75,-0.112057992540267,2022-10-14,46.0708503723145,0.0937655484132616,2022-12-14,48.0200729370117,0.0493676048646927
2023-01-17,49.9190521240234,2022-05-12,55.1154670715332,-0.0942823353155194,2022-10-19,47.7320022583008,0.045819361481789,2022-12-16,46.1380653381348,0.0819494003092398
2023-01-18,49.3126258850098,2022-05-13,56.4058952331543,-0.125754042530917,2022-10-20,47.8472366333008,0.0306264134528744,2022-12-19,45.0580558776855,0.0944241806365029
2023-01-19,49.5629081726074,2022-05-13,56.4058952331543,-0.121316877114729,2022-10-21,48.1545066833496,0.0292475530591365,2022-12-20,45.3660888671875,0.0925100534389556
2023-01-20,51.1126403808594,2022-05-13,56.4058952331543,-0.0938422274908536,2022-10-21,48.1545066833496,0.0614300488417754,2022-12-21,45.9628753662109,0.112041837539917
2023-01-23,52.0078353881836,2022-05-18,55.3926734924316,-0.061106241869884,2022-10-25,49.7772598266602,0.0448111360346268,2022-12-23,46.0110092163086,0.130334593264028
2023-01-24,51.863452911377,2022-05-19,55.3162002563477,-0.0624183752493827,2022-10-26,48.2025146484375,0.0759491136435582,2022-12-23,46.0110092163086,0.127196594787883
2023-01-25,52.0463409423828,2022-05-20,55.4595794677734,-0.0615446160635602,2022-10-27,45.9172134399414,0.133482131063074,2022-12-23,46.0110092163086,0.131171470238801
2023-01-26,52.8549003601074,2022-05-20,55.4595794677734,-0.0469653598650085,2022-10-28,47.0790710449219,0.12268358714373,2022-12-27,45.5971031188965,0.159172332116931
2023-01-27,53.2206802368164,2022-05-20,55.4595794677734,-0.0403699280168184,2022-10-28,47.0790710449219,0.130453066629848,2022-12-28,44.9329261779785,0.184447236443276
2023-01-30,52.3832473754883,2022-05-25,55.0198783874512,-0.0479214256599347,2022-11-01,45.9940376281738,0.138913869640371,2022-12-30,46.1938972473145,0.133986316310076
2023-01-31,53.0185394287109,2022-05-26,56.358097076416,-0.0592560398761685,2022-11-02,44.6977462768555,0.186156883622653,2022-12-30,46.1938972473145,0.14773904320864
2023-02-01,53.6442108154297,2022-05-27,57.5624923706055,-0.068070046897008,2022-11-03,43.6031036376953,0.230284230709067,2022-12-30,46.1938972473145,0.161283503061616
2023-02-02,57.1672325134277,2022-05-27,57.5624923706055,-0.00686662166455432,2022-11-04,43.9007797241211,0.302191734923046,2023-01-03,46.7906951904297,0.221764974441337
2023-02-03,56.0217666625977,2022-05-27,57.5624923706055,-0.026766139625924,2022-11-04,43.9007797241211,0.276099582163383,2023-01-04,47.666633605957,0.175282633250536
2023-02-06,55.3479652404785,2022-06-01,56.8647117614746,-0.0266728956150917,2022-11-08,44.7361602783203,0.237208667354065,2023-01-06,48.5136985778809,0.14087292585261
2023-02-07,56.3779258728027,2022-06-02,58.2507247924805,-0.0321506543712481,2022-11-09,44.1312294006348,0.27750635181697,2023-01-06,48.5136985778809,0.162103231158456
2023-02-08,54.6067886352539,2022-06-03,56.9889717102051,-0.0418007730875514,2022-11-10,46.8006172180176,0.166796334776351,2023-01-09,48.5906982421875,0.123811564984738
2023-02-09,53.4131965637207,2022-06-03,56.9889717102051,-0.0627450371392481,2022-11-11,48.0296745300293,0.112087414423879,2023-01-10,49.322265625,0.0829428836425374
2023-02-10,52.9030227661133,2022-06-03,56.9889717102051,-0.0716971866920021,2022-11-11,48.0296745300293,0.101465360399997,2023-01-11,49.6784133911133,0.0649096691074444
2023-02-13,53.6538352966309,2022-06-08,57.533821105957,-0.0674383473015047,2022-11-15,48.5481910705566,0.105166518329262,2023-01-13,50.3907089233398,0.0647565085511155
2023-02-14,53.673095703125,2022-06-09,55.7654685974121,-0.0375209416671917,2022-11-16,48.0680885314941,0.116605576440978,2023-01-13,50.3907089233398,0.0651387299348916
2023-02-15,54.1640014648438,2022-06-10,54.207389831543,-0.000800414239351066,2022-11-17,47.7032127380371,0.135437182444842,2023-01-13,50.3907089233398,0.0748807195239956
2023-02-16,53.3361854553223,2022-06-10,54.207389831543,-0.0160716902054885,2022-11-18,47.5591773986816,0.12146989020043,2023-01-17,49.9190521240234,0.0684534899182179
2023-02-17,53.2784385681152,2022-06-10,54.207389831543,-0.0171369856824795,2022-11-18,47.5591773986816,0.120255678972112,2023-01-18,49.3126258850098,0.0804218516441042
2023-02-21,52.1040916442871,2022-06-16,50.7375831604004,0.0269328651222247,2022-11-23,48.4713706970215,0.0749457028969236,2023-01-20,51.1126403808594,0.0193973791226605
2023-02-22,52.2099761962891,2022-06-17,51.464038848877,0.0144943413711183,2022-11-23,48.4713706970215,0.0771301790212693,2023-01-23,52.0078353881836,0.00388673757707259
2023-02-23,51.9693336486816,2022-06-17,51.464038848877,0.00981840545567114,2022-11-25,48.2025146484375,0.0781456948401393,2023-01-24,51.863452911377,0.00204152888712628
2023-02-24,51.2474060058594,2022-06-17,51.464038848877,-0.00420940229066968,2022-11-25,48.2025146484375,0.0631687242798353,2023-01-25,52.0463409423828,-0.0153504535008117
2023-02-27,51.4110374450684,2022-06-22,51.9143981933594,-0.00969597579492698,2022-11-29,47.4535484313965,0.0833971145359809,2023-01-27,53.2206802368164,-0.0340026242373391
2023-02-28,51.4976692199707,2022-06-23,52.5563697814941,-0.0201440960615248,2022-11-30,49.4603843688965,0.041190234913649,2023-01-27,53.2206802368164,-0.0323748401782692
2023-03-01,51.1030235290527,2022-06-24,54.5589752197266,-0.0633434128253986,2022-12-01,49.7484550476074,0.0272283527226933,2023-01-30,52.3832473754883,-0.0244395662845943
2023-03-02,51.5843086242676,2022-06-24,54.5589752197266,-0.0545220393799378,2022-12-02,49.8732757568359,0.0343076094655186,2023-01-31,53.0185394287109,-0.0270514959464667
2023-03-03,52.7105140686035,2022-06-24,54.5589752197266,-0.0338800562818251,2022-12-02,49.8732757568359,0.0568889504190768,2023-02-01,53.6442108154297,-0.0174053589871734
2023-03-06,52.7105140686035,2022-06-29,52.6330299377441,0.00147215790067623,2022-12-06,47.6744003295898,0.105635596970225,2023-02-03,56.0217666625977,-0.0591065364635288
2023-03-07,52.1714820861816,2022-06-30,52.0006256103516,0.00328566192857616,2022-12-07,47.4343452453613,0.0998672336746034,2023-02-03,56.0217666625977,-0.068728367664753
2023-03-08,52.2003479003906,2022-07-01,52.5276222229004,-0.00623051850930878,2022-12-08,47.3383293151855,0.102707861801228,2023-02-06,55.3479652404785,-0.0568696125758548
2023-03-09,51.026008605957,2022-07-01,52.5276222229004,-0.0285871233723711,2022-12-09,47.4727554321289,0.0748482606809744,2023-02-07,56.3779258728027,-0.0949293040492559
2023-03-10,50.3040771484375,2022-07-01,52.5276222229004,-0.0423309676007664,2022-12-09,47.4727554321289,0.0596409812435785,2023-02-08,54.6067886352539,-0.0787944428586779
2023-03-13,50.3040771484375,2022-07-06,53.7541007995605,-0.0641815898658145,2022-12-13,48.6538124084473,0.0339185082997464,2023-02-10,52.9030227661133,-0.0491265996116298
2023-03-14,51.7286949157715,2022-07-07,54.5973052978516,-0.0525412447817815,2022-12-14,48.0200729370117,0.0772306610950884,2023-02-10,52.9030227661133,-0.0221977457797364
2023-03-15,52.2869834899902,2022-07-08,54.3386001586914,-0.0377561560789124,2022-12-15,46.1476707458496,0.133036243106436,2023-02-13,53.6538352966309,-0.0254753793290607
2023-03-16,53.4613304138184,2022-07-08,54.3386001586914,-0.0161445039495138,2022-12-16,46.1380653381348,0.158725014194097,2023-02-14,53.673095703125,-0.00394546441811272
2023-03-17,52.9511680603027,2022-07-08,54.3386001586914,-0.025533085032312,2022-12-16,46.1380653381348,0.147667715848863,2023-02-15,54.1640014648438,-0.0223918723089215
2023-03-20,53.3468933105469,2022-07-13,52.4222259521484,0.0176388419530771,2022-12-20,45.3660888671875,0.17592004606621,2023-02-17,53.2784385681152,0.0012848488858046
2023-03-21,54.4858436584473,2022-07-14,51.7610855102539,0.0526410549804559,2022-12-21,45.9628753662109,0.185431573293213,2023-02-17,53.2784385681152,0.0226621710917523
2023-03-22,53.5302848815918,2022-07-15,53.0929565429688,0.00823703118264119,2022-12-22,45.5682258605957,0.174728308390894,2023-02-17,53.2784385681152,0.00472698375262226
2023-03-23,54.3989715576172,2022-07-15,53.0929565429688,0.0245986492312114,2022-12-23,46.0110092163086,0.182303376608733,2023-02-21,52.1040916442871,0.0440441401223755
2023-03-24,54.6788749694824,2022-07-15,53.0929565429688,0.0298705992240265,2022-12-23,46.0110092163086,0.188386777443289,2023-02-22,52.2099761962891,0.0472878739479072
2023-03-27,54.3700141906738,2022-07-20,55.6033973693848,-0.0221817953050121,2022-12-27,45.5971031188965,0.192400623541842,2023-02-24,51.2474060058594,0.0609320242366498
2023-03-28,53.9260101318359,2022-07-21,55.5746536254883,-0.0296653849570053,2022-12-28,44.9329261779785,0.200144631538929,2023-02-24,51.2474060058594,0.0522680918848908
2023-03-29,54.6402740478516,2022-07-22,53.6487083435059,0.0184825643517237,2022-12-29,46.1746444702149,0.183339355933699,2023-02-27,51.4110374450684,0.0628121267973552
2023-03-30,54.90087890625,2022-07-22,53.6487083435059,0.023340180992367,2022-12-30,46.1938972473145,0.18848770460565,2023-02-28,51.4976692199707,0.0660847323350227
2023-03-31,55.9529495239258,2022-07-22,53.6487083435059,0.0429505434812365,2022-12-30,46.1938972473145,0.211262804356233,2023-03-01,51.1030235290527,0.0949048737227025
2023-04-03,56.1846008300781,2022-07-27,54.6068954467773,0.0288920542065698,2023-01-03,46.7906951904297,0.200764395600812,2023-03-03,52.7105140686035,0.0659088006038611
2023-04-04,56.358341217041,2022-07-28,53.9840660095215,0.0439810370545404,2023-01-04,47.666633605957,0.182343642786592,2023-03-03,52.7105140686035,0.0692049245372526
2023-04-05,56.1749458312988,2022-07-29,54.012809753418,0.0400300611605202,2023-01-05,47.7340126037598,0.176832676892414,2023-03-06,52.7105140686035,0.0657256303398275
2023-04-06,56.8795471191406,2022-07-29,54.012809753418,0.0530751386348913,2023-01-06,48.5136985778809,0.172443016848731,2023-03-07,52.1714820861816,0.0902421178141304
2023-04-10,56.7540664672852,2022-08-03,55.1434707641602,0.0292073690829737,2023-01-10,49.322265625,0.150678415683285,2023-03-10,50.3040771484375,0.128220010871385
2023-04-11,56.6092872619629,2022-08-04,55.3830223083496,0.0221415318720952,2023-01-11,49.6784133911133,0.139514799240538,2023-03-10,50.3040771484375,0.125341929937805
2023-04-12,56.0205116271973,2022-08-05,54.702709197998,0.0240902589381706,2023-01-12,50.2270812988281,0.115344753837096,2023-03-13,50.3040771484375,0.113637597642269
2023-04-13,57.1884078979492,2022-08-05,54.702709197998,0.045440138822999,2023-01-13,50.3907089233398,0.134899848004735,2023-03-14,51.7286949157715,0.105545152280908
2023-04-14,57.1691055297852,2022-08-05,54.702709197998,0.0450872793678265,2023-01-13,50.3907089233398,0.134516793894633,2023-03-15,52.2869834899902,0.093371652253176
2023-04-17,56.8409309387207,2022-08-10,56.0154190063477,0.0147372267674994,2023-01-17,49.9190521240234,0.138662064285594,2023-03-17,52.9511680603027,0.0734594348133768
2023-04-18,56.5513763427734,2022-08-11,56.0729141235352,0.00853285809587434,2023-01-18,49.3126258850098,0.146793043928414,2023-03-17,52.9511680603027,0.0679911022618169
2023-04-19,56.1266822814941,2022-08-12,57.0694122314453,-0.0165190057701651,2023-01-19,49.5629081726074,0.132433191491261,2023-03-20,53.3468933105469,0.0521077948206907
2023-04-20,55.5475616455078,2022-08-12,57.0694122314453,-0.0266666595367344,2023-01-20,51.1126403808594,0.0867676025265411,2023-03-21,54.4858436584473,0.0194861254918999
2023-04-21,55.6826858520508,2022-08-12,57.0694122314453,-0.0242989427290867,2023-01-20,51.1126403808594,0.0894112579029041,2023-03-22,53.5302848815918,0.0402090326106066
2023-04-24,55.6247787475586,2022-08-17,56.2741317749023,-0.0115391034363919,2023-01-24,51.863452911377,0.0725236293582092,2023-03-24,54.6788749694824,0.0172992545769111
2023-04-25,54.7560958862305,2022-08-18,56.1878852844238,-0.0254821727307519,2023-01-25,52.0463409423828,0.0520642737757002,2023-03-24,54.6788749694824,0.00141226235527236
2023-04-26,54.1769676208496,2022-08-19,55.2776145935059,-0.0199112602949686,2023-01-26,52.8549003601074,0.0250131445094923,2023-03-27,54.3700141906738,-0.00355060730988976
2023-04-27,57.323543548584,2022-08-19,55.2776145935059,0.0370118893538232,2023-01-27,53.2206802368164,0.0770915233234719,2023-03-28,53.9260101318359,0.0630036119572337
2023-04-28,57.8157958984375,2022-08-19,55.2776145935059,0.0459169832778896,2023-01-27,53.2206802368164,0.0863407916090921,2023-03-29,54.6402740478516,0.0581168726900043
2023-05-01,57.8061408996582,2022-08-24,53.5528945922852,0.0794214083058316,2023-01-31,53.0185394287109,0.0903005160559864,2023-03-31,55.9529495239258,0.0331205305797149
2023-05-02,56.7347602844238,2022-08-25,54.5973052978516,0.039149459390194,2023-02-01,53.6442108154297,0.0576119850029597,2023-03-31,55.9529495239258,0.0139726460740688
2023-05-03,56.5127601623535,2022-08-26,52.8534049987793,0.0692359397404716,2023-02-02,57.1672325134277,-0.0114483826188452,2023-04-03,56.1846008300781,0.00584073442593036
2023-05-04,55.6054763793945,2022-08-26,52.8534049987793,0.052069897496269,2023-02-03,56.0217666625977,-0.00743086675060278,2023-04-04,56.358341217041,-0.013358534360462
2023-05-05,56.3004264831543,2022-08-26,52.8534049987793,0.0652185319839775,2023-02-03,56.0217666625977,0.00497413482575304,2023-04-05,56.1749458312988,0.00223374762536133
2023-05-08,56.8698883056641,2022-08-31,52.106029510498,0.0914262483616453,2023-02-07,56.3779258728027,0.00872615345891359,2023-04-06,56.8795471191406,-0.000169811715559853
2023-05-09,56.5127601623535,2022-09-01,52.5851287841797,0.0746909148838193,2023-02-08,54.6067886352539,0.0349035637277728,2023-04-06,56.8795471191406,-0.00644848588577596
2023-05-10,57.0146675109863,2022-09-02,51.5886039733887,0.105179499340525,2023-02-09,53.4131965637207,0.0674266132521979,2023-04-10,56.7540664672852,0.00459175984951465
2023-05-11,57.5841484069824,2022-09-02,51.5886039733887,0.116218388787696,2023-02-10,52.9030227661133,0.0884850315938395,2023-04-11,56.6092872619629,0.0172208694398202
2023-05-12,57.6324005126953,2022-09-02,51.5886039733887,0.117153713684989,2023-02-10,52.9030227661133,0.0893971175804231,2023-04-12,56.0205116271973,0.0287731910808806
2023-05-15,57.9026641845703,2022-09-07,51.9718856811523,0.114115130241826,2023-02-14,53.673095703125,0.0788023948691123,2023-04-14,57.1691055297852,0.012831382404662
2023-05-16,57.8350982666016,2022-09-08,51.8473167419434,0.115488744662734,2023-02-15,54.1640014648438,0.0677774297037601,2023-04-14,57.1691055297852,0.0116495217240966
2023-05-17,58.5396957397461,2022-09-09,53.2941780090332,0.0984257179053178,2023-02-16,53.3361854553223,0.0975606005566825,2023-04-17,56.8409309387207,0.0298862944883291
2023-05-18,59.5917701721191,2022-09-09,53.2941780090332,0.118166606529113,2023-02-17,53.2784385681152,0.118496933725497,2023-04-18,56.5513763427734,0.0537633922632941
2023-05-19,59.273250579834,2022-09-09,53.2941780090332,0.11218997635703,2023-02-17,53.2784385681152,0.112518537945787,2023-04-19,56.1266822814941,0.0560618973086411
2023-05-22,59.8137741088867,2022-09-14,50.7166557312012,0.179371416481015,2023-02-21,52.1040916442871,0.147966929684397,2023-04-21,55.6826858520508,0.0741898167019504
2023-05-23,59.0705604553223,2022-09-15,50.4962844848633,0.169800135949195,2023-02-22,52.2099761962891,0.131403704020858,2023-04-21,55.6826858520508,0.0608425141752875
2023-05-24,58.8002967834473,2022-09-16,49.9596939086914,0.176954704544695,2023-02-23,51.9693336486816,0.131442192061643,2023-04-24,55.6247787475586,0.0570881917625254
2023-05-25,58.8002967834473,2022-09-16,49.9596939086914,0.176954704544695,2023-02-24,51.2474060058594,0.147380938202498,2023-04-25,54.7560958862305,0.0738584596246534
2023-05-26,59.9971618652344,2022-09-16,49.9596939086914,0.200911318129529,2023-02-24,51.2474060058594,0.170735585297227,2023-04-26,54.1769676208496,0.107429309907425
2023-05-30,60.0936737060547,2022-09-22,48.0872917175293,0.249678897681582,2023-03-01,51.1030235290527,0.175931863833666,2023-04-28,57.8157958984375,0.0393988835095973
2023-05-31,60.0743789672852,2022-09-23,47.1558837890625,0.27395298614293,2023-03-02,51.5843086242676,0.164586297062892,2023-05-01,57.8061408996582,0.039238704267843
2023-06-01,60.8851509094238,2022-09-23,47.1558837890625,0.29114642791502,2023-03-03,52.7105140686035,0.155085507801743,2023-05-02,56.7347602844238,0.0731542815056092
2023-06-02,60.9623641967773,2022-09-23,47.1558837890625,0.292783833073174,2023-03-03,52.7105140686035,0.156550363319051,2023-05-03,56.5127601623535,0.0787362716250402
2023-06-05,61.1167907714844,2022-09-28,47.7128143310547,0.280930325078424,2023-03-07,52.1714820861816,0.17145973868494,2023-05-05,56.3004264831543,0.0855475631214124
2023-06-06,61.367748260498,2022-09-29,46.5509567260742,0.318291880049044,2023-03-08,52.2003479003906,0.175619526092063,2023-05-05,56.3004264831543,0.0900050336005882
2023-06-07,60.682445526123,2022-09-30,45.9844284057617,0.319630310301296,2023-03-09,51.026008605957,0.189245390419165,2023-05-08,56.8698883056641,0.0670399983901369
2023-06-08,60.9913215637207,2022-09-30,45.9844284057617,0.326347280552011,2023-03-10,50.3040771484375,0.212452847186665,2023-05-09,56.5127601623535,0.0792486756707844
2023-06-09,61.0106239318848,2022-09-30,45.9844284057617,0.326767039345004,2023-03-10,50.3040771484375,0.212836560978036,2023-05-10,57.0146675109863,0.0700864636302307
2023-06-12,61.7345314025879,2022-10-05,48.3465461730957,0.276917097274313,2023-03-14,51.7286949157715,0.19342913064226,2023-05-12,57.6324005126953,0.0711775121875924
2023-06-13,61.9372215270996,2022-10-06,48.0872917175293,0.288016424192207,2023-03-15,52.2869834899902,0.184562913998602,2023-05-12,57.6324005126953,0.0746944596461157
2023-06-14,62.0433883666992,2022-10-07,46.7910118103027,0.325968085884352,2023-03-16,53.4613304138184,0.160528327418179,2023-05-15,57.9026641845703,0.0715118076247745
2023-06-15,63.0279006958008,2022-10-07,46.7910118103027,0.347008715078115,2023-03-17,52.9511680603027,0.190302367343857,2023-05-16,57.8350982666016,0.0897863509328201
2023-06-16,62.5066947937012,2022-10-07,46.7910118103027,0.33586969752037,2023-03-17,52.9511680603027,0.180459224667457,2023-05-17,58.5396957397461,0.0677659663895664
2023-06-20,62.2021522521973,2022-10-13,46.8390083312988,0.327998915182678,2023-03-22,53.5302848815918,0.16199927554631,2023-05-19,59.273250579834,0.0494135490075478
2023-06-21,61.583423614502,2022-10-14,46.0708503723145,0.336711241855209,2023-03-23,54.3989715576172,0.132069630200183,2023-05-22,59.8137741088867,0.0295859863715289
2023-06-22,62.0668106079102,2022-10-14,46.0708503723145,0.347203494320744,2023-03-24,54.6788749694824,0.135114989885054,2023-05-23,59.0705604553223,0.0507232389449579
2023-06-23,61.9314613342285,2022-10-14,46.0708503723145,0.344265643758233,2023-03-24,54.6788749694824,0.132639641338523,2023-05-24,58.8002967834473,0.053250829027494
2023-06-26,61.3127250671387,2022-10-19,47.7320022583008,0.284520283380238,2023-03-28,53.9260101318359,0.136978703175778,2023-05-26,59.9971618652344,0.0219270905657056
2023-06-27,62.34716796875,2022-10-20,47.8472366333008,0.303046369147211,2023-03-29,54.6402740478516,0.141047863598727,2023-05-26,59.9971618652344,0.0391686211556841
2023-06-28,62.6275482177734,2022-10-21,48.1545066833496,0.300554247800615,2023-03-30,54.90087890625,0.140738535802271,2023-05-26,59.9971618652344,0.0438418463601233
2023-06-29,62.2891616821289,2022-10-21,48.1545066833496,0.29352714776469,2023-03-31,55.9529495239258,0.113241789970227,2023-05-30,60.0936737060547,0.0365344276805799
2023-06-30,62.9175720214844,2022-10-21,48.1545066833496,0.306577023729316,2023-03-31,55.9529495239258,0.12447283935551,2023-05-31,60.0743789672852,0.0473278809215412
2023-07-03,63.1302604675293,2022-10-26,48.2025146484375,0.309688113327002,2023-04-04,56.358341217041,0.120158242848366,2023-06-02,60.9623641967773,0.0355612237044205
2023-07-05,63.613639831543,2022-10-28,47.0790710449219,0.351208475860625,2023-04-06,56.8795471191406,0.11839216473185,2023-06-05,61.1167907714844,0.0408537331319361
2023-07-06,63.1109352111816,2022-10-28,47.0790710449219,0.340530596938977,2023-04-06,56.8795471191406,0.109554108772854,2023-06-06,61.367748260498,0.0284055876269729
2023-07-07,62.8885688781738,2022-10-28,47.0790710449219,0.335807344587722,2023-04-06,56.8795471191406,0.105644683605631,2023-06-07,60.682445526123,0.0363552149707129
2023-07-10,62.7242088317871,2022-11-02,44.6977462768555,0.403296900995336,2023-04-11,56.6092872619629,0.108019759046374,2023-06-09,61.0106239318848,0.0280866640835451
2023-07-11,63.8166809082031,2022-11-03,43.6031036376953,0.463581157856685,2023-04-12,56.0205116271973,0.139166334875473,2023-06-09,61.0106239318848,0.0459929237808021
2023-07-12,64.5900726318359,2022-11-04,43.9007797241211,0.471273928110831,2023-04-13,57.1884078979492,0.129425962462441,2023-06-12,61.7345314025879,0.0462551697465114
2023-07-13,65.5375289916992,2022-11-04,43.9007797241211,0.492855694216518,2023-04-14,57.1691055297852,0.146380171324424,2023-06-13,61.9372215270996,0.0581283334291054
2023-07-14,64.9187850952148,2022-11-04,43.9007797241211,0.478761550550445,2023-04-14,57.1691055297852,0.135557124667485,2023-06-14,62.0433883666992,0.0463449338311599
2023-07-17,64.686767578125,2022-11-09,44.1312294006348,0.465782133347832,2023-04-18,56.5513763427734,0.143858412676656,2023-06-16,62.5066947937012,0.0348774285957529
2023-07-18,65.131477355957,2022-11-10,46.8006172180176,0.391679880044025,2023-04-19,56.1266822814941,0.160436974152522,2023-06-16,62.5066947937012,0.0419920229492019
2023-07-19,65.3151550292969,2022-11-11,48.0296745300293,0.359891685055252,2023-04-20,55.5475616455078,0.175841982878091,2023-06-16,62.5066947937012,0.0449305509572187
2023-07-20,64.0196914672852,2022-11-11,48.0296745300293,0.3329195355521,2023-04-21,55.6826858520508,0.149723482042261,2023-06-20,62.2021522521973,0.0292198766325433
2023-07-21,63.3816299438477,2022-11-11,48.0296745300293,0.319634800028052,2023-04-21,55.6826858520508,0.138264596507665,2023-06-21,61.583423614502,0.0291995186984417
2023-07-24,63.4976387023926,2022-11-16,48.0680885314941,0.320993628876859,2023-04-25,54.7560958862305,0.1596451075388,2023-06-23,61.9314613342285,0.025288881199037
2023-07-25,63.7006568908691,2022-11-17,47.7032127380371,0.335353600619779,2023-04-26,54.1769676208496,0.175788525793282,2023-06-23,61.9314613342285,0.0285669919379541
2023-07-26,64.6964340209961,2022-11-18,47.5591773986816,0.360335429661773,2023-04-27,57.323543548584,0.128618888784558,2023-06-26,61.3127250671387,0.0551877110363663
2023-07-27,65.2378234863281,2022-11-18,47.5591773986816,0.371718920608087,2023-04-28,57.8157958984375,0.128373699134551,2023-06-27,62.34716796875,0.0463638624135581
2023-07-28,66.5236358642578,2022-11-18,47.5591773986816,0.398754972286419,2023-04-28,57.8157958984375,0.150613510209511,2023-06-28,62.6275482177734,0.0622104450414791
2023-07-31,66.5043029785156,2022-11-23,48.4713706970215,0.372032645707753,2023-05-02,56.7347602844238,0.172196773990318,2023-06-30,62.9175720214844,0.0570068240364789
2023-08-01,66.4172973632812,2022-11-23,48.4713706970215,0.370237655923407,2023-05-03,56.5127601623535,0.175261961590149,2023-06-30,62.9175720214844,0.0556239732296382
2023-08-02,65.170166015625,2022-11-25,48.2025146484375,0.352007597340931,2023-05-04,55.6054763793945,0.172009849730823,2023-07-03,63.1302604675293,0.0323126426691194
2023-08-03,65.0057907104492,2022-11-25,48.2025146484375,0.34859749920861,2023-05-05,56.3004264831543,0.154623415328828,2023-07-03,63.1302604675293,0.0297088944197306
2023-08-04,64.8607788085938,2022-11-25,48.2025146484375,0.345589110477999,2023-05-05,56.3004264831543,0.152047734984757,2023-07-05,63.613639831543,0.0196048988920201
2023-08-07,65.8662338256836,2022-11-30,49.4603843688965,0.331696764311926,2023-05-09,56.5127601623535,0.165510826872706,2023-07-07,62.8885688781738,0.0473482701328125
2023-08-08,65.6825485229492,2022-12-01,49.7484550476074,0.320293232424876,2023-05-10,57.0146675109863,0.152028967112588,2023-07-07,62.8885688781738,0.044427464237385
2023-08-09,64.9767990112305,2022-12-02,49.8732757568359,0.302838003423594,2023-05-11,57.5841484069824,0.128379958873398,2023-07-10,62.7242088317871,0.0359126120743001
2023-08-10,65.1991577148438,2022-12-02,49.8732757568359,0.307296477430744,2023-05-12,57.6324005126953,0.131293458798087,2023-07-11,63.8166809082031,0.0216632514722794
2023-08-11,64.8897857666016,2022-12-02,49.8732757568359,0.301093316648794,2023-05-12,57.6324005126953,0.125925437589704,2023-07-12,64.5900726318359,0.00464023529550728
2023-08-14,65.3634948730469,2022-12-07,47.4343452453613,0.377978225164579,2023-05-16,57.8350982666016,0.130170032248269,2023-07-14,64.9187850952148,0.00685024800109524
2023-08-15,64.783447265625,2022-12-08,47.3383293151855,0.36851993306074,2023-05-17,58.5396957397461,0.106658421212799,2023-07-14,64.9187850952148,-0.00208472523617542
2023-08-16,64.0100250244141,2022-12-09,47.4727554321289,0.348352848739278,2023-05-18,59.5917701721191,0.0741420306786267,2023-07-17,64.686767578125,-0.0104618390908714
2023-08-17,63.2752838134766,2022-12-09,47.4727554321289,0.332875735514032,2023-05-19,59.273250579834,0.0675183694920243,2023-07-18,65.131477355957,-0.028499177630134
2023-08-18,62.8982391357422,2022-12-09,47.4727554321289,0.324933397339172,2023-05-19,59.273250579834,0.0611572424398386,2023-07-19,65.3151550292969,-0.0370039065584487
2023-08-21,63.3526039123535,2022-12-14,48.0200729370117,0.31929420422692,2023-05-23,59.0705604553223,0.0724903136862898,2023-07-21,63.3816299438477,-0.000457956532828985
2023-08-22,63.3526039123535,2022-12-15,46.1476707458496,0.372823435905512,2023-05-24,58.8002967834473,0.0774197985032579,2023-07-21,63.3816299438477,-0.000457956532828985
2023-08-23,64.3773803710938,2022-12-16,46.1380653381348,0.395320326053714,2023-05-25,58.8002967834473,0.0948478816048506,2023-07-24,63.4976387023926,0.0138547147056041
2023-08-24,63.1399269104004,2022-12-16,46.1380653381348,0.368499663946962,2023-05-26,59.9971618652344,0.0523818952007313,2023-07-25,63.7006568908691,-0.00880257767874171
2023-08-25,63.2075996398926,2022-12-16,46.1380653381348,0.369966407924981,2023-05-26,59.9971618652344,0.0535098273793264,2023-07-26,64.6964340209961,-0.0230126189122006
2023-08-28,63.9810333251953,2022-12-21,45.9628753662109,0.392015464990474,2023-05-30,60.0936737060547,0.0646883337197099,2023-07-28,66.5236358642578,-0.0382210398759729
2023-08-29,65.4021759033203,2022-12-22,45.5682258605957,0.435258333370307,2023-05-31,60.0743789672852,0.0886866752120155,2023-07-28,66.5236358642578,-0.0168580677584408
2023-08-30,65.4118423461914,2022-12-23,46.0110092163086,0.421656326612505,2023-06-01,60.8851509094238,0.0743480367405467,2023-07-31,66.5043029785156,-0.0164269165060965
2023-08-31,65.4795074462891,2022-12-23,46.0110092163086,0.423126955082738,2023-06-02,60.9623641967773,0.0740972452270889,2023-08-01,66.4172973632812,-0.0141196639162051
2023-09-01,64.8704452514648,2022-12-23,46.0110092163086,0.409889640683463,2023-06-02,60.9623641967773,0.0641064549608477,2023-08-02,65.170166015625,-0.00459904865192906
2023-09-05,64.8607788085938,2022-12-29,46.1746444702149,0.404683881224737,2023-06-07,60.682445526123,0.0688557167768062,2023-08-04,64.8607788085938,0
2023-09-06,64.6577529907227,2022-12-30,46.1938972473145,0.399703355717224,2023-06-08,60.9913215637207,0.0601139856130424,2023-08-07,65.8662338256836,-0.0183475016676862
2023-09-07,64.541748046875,2022-12-30,46.1938972473145,0.397192094473632,2023-06-09,61.0106239318848,0.057877200517283,2023-08-08,65.6825485229492,-0.0173683954372694
2023-09-08,64.7350997924805,2022-12-30,46.1938972473145,0.401377750093254,2023-06-09,61.0106239318848,0.0610463493170286,2023-08-09,64.9767990112305,-0.00371977725015704
2023-09-11,65.711540222168,2023-01-04,47.666633605957,0.378564737031394,2023-06-13,61.9372215270996,0.0609378109319445,2023-08-11,64.8897857666016,0.0126638491075024
2023-09-12,65.0251235961914,2023-01-05,47.7340126037598,0.362238790523756,2023-06-14,62.0433883666992,0.0480588715089034,2023-08-11,64.8897857666016,0.00208565690256135
2023-09-13,65.2378234863281,2023-01-06,48.5136985778809,0.344729950481912,2023-06-15,63.0279006958008,0.0350626114170194,2023-08-14,65.3634948730469,-0.00192265402825897
2023-09-14,66.146598815918,2023-01-06,48.5136985778809,0.363462295288213,2023-06-16,62.5066947937012,0.0582322267115551,2023-08-15,64.783447265625,0.0210416643113136
2023-09-15,65.2668304443359,2023-01-06,48.5136985778809,0.345327863212916,2023-06-16,62.5066947937012,0.0441574404108935,2023-08-16,64.0100250244141,0.0196345091170096
2023-09-18,65.3133544921875,2023-01-11,49.6784133911133,0.314723036301137,2023-06-20,62.2021522521973,0.0500175979020134,2023-08-18,62.8982391357422,0.0383971855115561
2023-09-19,65.3618087768555,2023-01-12,50.2270812988281,0.301326039392627,2023-06-21,61.583423614502,0.0613539316359761,2023-08-18,62.8982391357422,0.0391675454665208
2023-09-20,64.4701538085938,2023-01-13,50.3907089233398,0.279405572695419,2023-06-22,62.0668106079102,0.038721873689725,2023-08-21,63.3526039123535,0.0176401572662479
2023-09-21,63.6754188537598,2023-01-13,50.3907089233398,0.263634114587079,2023-06-23,61.9314613342285,0.0281594763301247,2023-08-22,63.3526039123535,0.00509552759430143
2023-09-22,63.597900390625,2023-01-13,50.3907089233398,0.262095766252812,2023-06-23,61.9314613342285,0.0269077948508776,2023-08-23,64.3773803710938,-0.0121079791687011
2023-09-25,63.7529563903809,2023-01-18,49.3126258850098,0.292832317205008,2023-06-27,62.34716796875,0.0225477510435674,2023-08-25,63.2075996398926,0.00862802500957627
2023-09-26,63.0454559326172,2023-01-19,49.5629081726074,0.272028988150888,2023-06-28,62.6275482177734,0.00667290556211086,2023-08-25,63.2075996398926,-0.00256525652293649
2023-09-27,63.2102279663086,2023-01-20,51.1126403808594,0.236684849291791,2023-06-29,62.2891616821289,0.0147869430139391,2023-08-28,63.9810333251953,-0.0120474040325195
2023-09-28,63.9080352783203,2023-01-20,51.1126403808594,0.250337192563673,2023-06-30,62.9175720214844,0.01574223583354,2023-08-29,65.4021759033203,-0.0228454268434232
2023-09-29,63.5494232177734,2023-01-20,51.1126403808594,0.243321079565504,2023-06-30,62.9175720214844,0.0100425235111314,2023-08-30,65.4118423461914,-0.0284722010818949
2023-10-02,64.0243225097656,2023-01-25,52.0463409423828,0.230140704428057,2023-07-03,63.1302604675293,0.0141621788919466,2023-09-01,64.8704452514648,-0.0130432701428099
2023-10-03,63.1617622375488,2023-01-26,52.8549003601074,0.195002957289095,2023-07-05,63.613639831543,-0.00710347018643753,2023-09-01,64.8704452514648,-0.0263399304150365
2023-10-04,63.7626533508301,2023-01-27,53.2206802368164,0.198080390312656,2023-07-06,63.1109352111816,0.0103265485999797,2023-09-01,64.8704452514648,-0.0170769893183329
2023-10-05,63.6754188537598,2023-01-27,53.2206802368164,0.196441281291837,2023-07-07,62.8885688781738,0.0125118123948758,2023-09-05,64.8607788085938,-0.0182754505358627
2023-10-06,64.84814453125,2023-01-27,53.2206802368164,0.218476431392737,2023-07-07,62.8885688781738,0.0311594887279469,2023-09-06,64.6577529907227,0.00294460496569782
2023-10-09,65.5459442138672,2023-02-01,53.6442108154297,0.221864264894996,2023-07-11,63.8166809082031,0.0270973557548615,2023-09-08,64.7350997924805,0.0125255761400851
2023-10-10,65.9239196777344,2023-02-02,57.1672325134277,0.153176684952343,2023-07-12,64.5900726318359,0.0206509606128078,2023-09-08,64.7350997924805,0.0183643786611107
2023-10-11,66.5248184204102,2023-02-03,56.0217666625977,0.187481623367382,2023-07-13,65.5375289916992,0.0150644896733287,2023-09-11,65.711540222168,0.0123764896621283
2023-10-12,65.7397994995117,2023-02-03,56.0217666625977,0.173468874972167,2023-07-14,64.9187850952148,0.0126467924976217,2023-09-12,65.0251235961914,0.0109907657809076
2023-10-13,65.0032043457031,2023-02-03,56.0217666625977,0.160320500729618,2023-07-14,64.9187850952148,0.00130038247580355,2023-09-13,65.2378234863281,-0.00359636677140474
2023-10-16,66.049919128418,2023-02-08,54.6067886352539,0.209555089745314,2023-07-18,65.131477355957,0.0141013502187501,2023-09-15,65.2668304443359,0.0119982643365821
2023-10-17,66.2825317382812,2023-02-09,53.4131965637207,0.240939243529597,2023-07-19,65.3151550292969,0.0148109073391995,2023-09-15,65.2668304443359,0.0155622892521428
2023-10-18,65.1388931274414,2023-02-10,52.9030227661133,0.231288681091504,2023-07-20,64.0196914672852,0.0174821470473374,2023-09-18,65.3133544921875,-0.00267114384343803
2023-10-19,65.0710525512695,2023-02-10,52.9030227661133,0.230006323815402,2023-07-21,63.3816299438477,0.0266547674605182,2023-09-19,65.3618087768555,-0.00444841155755915
2023-10-20,64.4701538085938,2023-02-10,52.9030227661133,0.218647828378717,2023-07-21,63.3816299438477,0.0171741223081587,2023-09-20,64.4701538085938,0
2023-10-23,64.8093719482422,2023-02-15,54.1640014648438,0.196539587096571,2023-07-25,63.7006568908691,0.0174050804416739,2023-09-22,63.597900390625,0.0190489237879898
2023-10-24,65.5750350952148,2023-02-16,53.3361854553223,0.229466159520249,2023-07-26,64.6964340209961,0.0135803632381595,2023-09-22,63.597900390625,0.0310880499583488
2023-10-25,62.7353210449219,2023-02-17,53.2784385681152,0.177499242300734,2023-07-27,65.2378234863281,-0.0383596862628425,2023-09-25,63.7529563903809,-0.0159621671382211
2023-10-26,61.3687591552734,2023-02-17,53.2784385681152,0.151849806499395,2023-07-28,66.5236358642578,-0.0774894012032499,2023-09-26,63.0454559326172,-0.0265950456308192
2023-10-27,61.1458549499512,2023-02-17,53.2784385681152,0.147666046402197,2023-07-28,66.5236358642578,-0.0808401531942731,2023-09-27,63.2102279663086,-0.0326588446644702
2023-10-30,62.4057960510254,2023-02-22,52.2099761962891,0.195284897591296,2023-08-01,66.4172973632812,-0.0603984424466151,2023-09-29,63.5494232177734,-0.0179958701250368
2023-10-31,62.7256202697754,2023-02-23,51.9693336486816,0.206973725963227,2023-08-02,65.170166015625,-0.0375101966943511,2023-09-29,63.5494232177734,-0.0129631852861199
2023-11-01,63.6463432312012,2023-02-24,51.2474060058594,0.241942728260708,2023-08-03,65.0057907104492,-0.0209127135350655,2023-10-02,64.0243225097656,-0.0059036825966694
2023-11-02,64.4895477294922,2023-02-24,51.2474060058594,0.258396331750309,2023-08-04,64.8607788085938,-0.00572350634575447,2023-10-03,63.1617622375488,0.0210219829989799
2023-11-03,65.4780960083008,2023-02-24,51.2474060058594,0.277686054993971,2023-08-04,64.8607788085938,0.00951757303945966,2023-10-04,63.7626533508301,0.0269035645055755
2023-11-06,65.3036499023438,2023-03-01,51.1030235290527,0.277882312877589,2023-08-08,65.6825485229492,-0.00576863457837784,2023-10-06,64.84814453125,0.0070241851079369
2023-11-07,65.6525497436523,2023-03-02,51.5843086242676,0.27272326594228,2023-08-09,64.9767990112305,0.0103998772285641,2023-10-06,64.84814453125,0.0124044445406561
2023-11-08,65.3424072265625,2023-03-03,52.7105140686035,0.239646555932245,2023-08-10,65.1991577148438,0.00219710678388307,2023-10-09,65.5459442138672,-0.00310525677440199
2023-11-09,65.3230438232422,2023-03-03,52.7105140686035,0.239279202214254,2023-08-11,64.8897857666016,0.00667682982032014,2023-10-10,65.9239196777344,-0.00911468640562541
2023-11-10,66.3600616455078,2023-03-03,52.7105140686035,0.258953034666655,2023-08-11,64.8897857666016,0.0226580479737535,2023-10-11,66.5248184204102,-0.00247662118911995
2023-11-13,66.2146987915039,2023-03-08,52.2003479003906,0.268472365698704,2023-08-15,64.783447265625,0.0220928583811,2023-10-13,65.0032043457031,0.0186374573068391
2023-11-14,67.2904815673828,2023-03-09,51.026008605957,0.318748681422967,2023-08-16,64.0100250244141,0.0512491057723778,2023-10-13,65.0032043457031,0.0351871456907782
2023-11-15,67.6200103759766,2023-03-10,50.3040771484375,0.344225243938839,2023-08-17,63.2752838134766,0.0686638810709632,2023-10-16,66.049919128418,0.0237712819073395
2023-11-16,67.9204635620117,2023-03-10,50.3040771484375,0.350197984183105,2023-08-18,62.8982391357422,0.0798468207580652,2023-10-17,66.2825317382812,0.0247113648313539
2023-11-17,67.9107666015625,2023-03-10,50.3040771484375,0.350005217294239,2023-08-18,62.8982391357422,0.0796926517291312,2023-10-18,65.1388931274414,0.0425532787101255
2023-11-20,68.6764221191406,2023-03-15,52.2869834899902,0.313451599905127,2023-08-22,63.3526039123535,0.0840347180386216,2023-10-20,64.4701538085938,0.0652436524819673
2023-11-21,68.4438247680664,2023-03-16,53.4613304138184,0.280249186435799,2023-08-23,64.3773803710938,0.0631657326460358,2023-10-20,64.4701538085938,0.0616358225430971
2023-11-22,69.0059356689453,2023-03-17,52.9511680603027,0.303199498646731,2023-08-24,63.1399269104004,0.0929049025804094,2023-10-23,64.8093719482422,0.0647524207464094
2023-11-24,68.7733306884766,2023-03-17,52.9511680603027,0.298806678072804,2023-08-25,63.2075996398926,0.088054776329004,2023-10-25,62.7353210449219,0.0962457757924142
2023-11-27,68.3468933105469,2023-03-22,53.5302848815918,0.276789269134831,2023-08-29,65.4021759033203,0.0450247620443018,2023-10-27,61.1458549499512,0.117768217755559
2023-11-28,68.5116577148438,2023-03-23,54.3989715576172,0.259429282450294,2023-08-30,65.4118423461914,0.0473892074809117,2023-10-27,61.1458549499512,0.120462830569981
2023-11-29,68.0173797607422,2023-03-24,54.6788749694824,0.243942560974495,2023-08-31,65.4795074462891,0.0387582682495722,2023-10-30,62.4057960510254,0.0899208737779509
2023-11-30,67.6200103759766,2023-03-24,54.6788749694824,0.236675231773091,2023-09-01,64.8704452514648,0.0423854825391325,2023-10-31,62.7256202697754,0.0780285644869032
2023-12-01,67.7557067871094,2023-03-24,54.6788749694824,0.23915692897715,2023-09-01,64.8704452514648,0.0444772889173191,2023-11-01,63.6463432312012,0.0645655877036102
2023-12-04,67.077262878418,2023-03-29,54.6402740478516,0.227615784277997,2023-09-05,64.8607788085938,0.034172948745576,2023-11-03,65.4780960083008,0.0244229286983919
2023-12-05,66.7671203613281,2023-03-30,54.90087890625,0.216139371381307,2023-09-06,64.6577529907227,0.0326235798962597,2023-11-03,65.4780960083008,0.0196863444664599
2023-12-06,66.5926666259766,2023-03-31,55.9529495239258,0.190154713783251,2023-09-07,64.541748046875,0.0317766196479841,2023-11-06,65.3036499023438,0.0197388159093776
2023-12-07,67.9882965087891,2023-03-31,55.9529495239258,0.215097632694357,2023-09-08,64.7350997924805,0.0502539847275632,2023-11-07,65.6525497436523,0.0355773960684984
2023-12-08,68.3081207275391,2023-03-31,55.9529495239258,0.220813581924401,2023-09-08,64.7350997924805,0.0551944918060299,2023-11-08,65.3424072265625,0.0453872703326266
2023-12-11,67.7847671508789,2023-04-05,56.1749458312988,0.206672585932632,2023-09-12,65.0251235961914,0.0424396510466476,2023-11-10,66.3600616455078,0.0214693216076531
2023-12-12,68.0658340454102,2023-04-06,56.8795471191406,0.196666244596473,2023-09-13,65.2378234863281,0.0433492475369706,2023-11-10,66.3600616455078,0.0257048043296659
2023-12-13,68.7054977416992,2023-04-06,56.8795471191406,0.207912179711765,2023-09-14,66.146598815918,0.0386852683522325,2023-11-13,66.2146987915039,0.0376170094503987
2023-12-14,69.0059356689453,2023-04-06,56.8795471191406,0.213194182513524,2023-09-15,65.2668304443359,0.0572895174953891,2023-11-14,67.2904815673828,0.0254932653416173
2023-12-15,68.8314743041992,2023-04-06,56.8795471191406,0.210126975167786,2023-09-15,65.2668304443359,0.0546164695848599,2023-11-15,67.6200103759766,0.0179157607561247
2023-12-18,69.6806259155273,2023-04-12,56.0205116271973,0.243841298330775,2023-09-19,65.3618087768555,0.0660755450237962,2023-11-17,67.9107666015625,0.0260615422639645
2023-12-19,70.3898696899414,2023-04-13,57.1884078979492,0.230841568724028,2023-09-20,64.4701538085938,0.0918210292924502,2023-11-17,67.9107666015625,0.0365053026558217
2023-12-20,69.8458099365234,2023-04-14,57.1691055297852,0.221740471348353,2023-09-21,63.6754188537598,0.0969038161638938,2023-11-20,68.6764221191406,0.0170275005787888
2023-12-21,70.5356063842773,2023-04-14,57.1691055297852,0.233806366753949,2023-09-22,63.597900390625,0.109087028833345,2023-11-21,68.4438247680664,0.0305620210924695
2023-12-22,70.5453262329102,2023-04-14,57.1691055297852,0.233976386007228,2023-09-22,63.597900390625,0.109239861687467,2023-11-22,69.0059356689453,0.0223080891381582
2023-12-26,70.8173522949219,2023-04-20,55.5475616455078,0.274895786548876,2023-09-27,63.2102279663086,0.120346415024289,2023-11-24,68.7733306884766,0.0297211373359849
2023-12-27,70.8270721435547,2023-04-21,55.6826858520508,0.271976576915536,2023-09-28,63.9080352783203,0.108265523030115,2023-11-27,68.3468933105469,0.036288099032368
2023-12-28,71.0213928222656,2023-04-21,55.6826858520508,0.275466363295942,2023-09-29,63.5494232177734,0.117577300094243,2023-11-28,68.5116577148438,0.0366322344420242
2023-12-29,70.5939102172852,2023-04-21,55.6826858520508,0.267789244305736,2023-09-29,63.5494232177734,0.110850526138867,2023-11-29,68.0173797607422,0.0378804721029562
2024-01-02,70.195556640625,2023-04-27,57.323543548584,0.224550198665431,2023-10-04,63.7626533508301,0.100888262199509,2023-12-01,67.7557067871094,0.0360095107734868
2024-01-03,69.9332504272461,2023-04-28,57.8157958984375,0.209587264872991,2023-10-05,63.6754188537598,0.0982770382376028,2023-12-04,67.077262878418,0.0425775803345583
2024-01-04,69.7000503540039,2023-04-28,57.8157958984375,0.205553763826809,2023-10-06,64.84814453125,0.0748195011256767,2023-12-05,66.7671203613281,0.0439277593043319
2024-01-05,69.9915237426758,2023-04-28,57.8157958984375,0.210595178273198,2023-10-06,64.84814453125,0.0793142078097118,2023-12-06,66.5926666259766,0.0510395106384489
2024-01-08,71.0796890258789,2023-05-03,56.5127601623535,0.257763535556865,2023-10-10,65.9239196777344,0.0782078701228361,2023-12-08,68.3081207275391,0.0405745066446026
2024-01-09,70.933952331543,2023-05-04,55.6054763793945,0.275664861632741,2023-10-11,66.5248184204102,0.0662780300018087,2023-12-08,68.3081207275391,0.0384409873384979
2024-01-10,71.5946197509766,2023-05-05,56.3004264831543,0.271653240005179,2023-10-12,65.7397994995117,0.0890605127493327,2023-12-11,67.7847671508789,0.0562051440203002
2024-01-11,71.3614349365234,2023-05-05,56.3004264831543,0.267511445190838,2023-10-13,65.0032043457031,0.0978141101630263,2023-12-12,68.0658340454102,0.0484178433619813
2024-01-12,71.7111968994141,2023-05-05,56.3004264831543,0.273723866387954,2023-10-13,65.0032043457031,0.10319479818312,2023-12-13,68.7054977416992,0.0437475785273382
2024-01-16,71.3031539916992,2023-05-11,57.5841484069824,0.238242744995657,2023-10-18,65.1388931274414,0.0946325700100201,2023-12-15,68.8314743041992,0.0359091493024901
2024-01-17,70.8659439086914,2023-05-12,57.6324005126953,0.229619854079842,2023-10-19,65.0710525512695,0.0890548274573564,2023-12-18,69.6806259155273,0.0170107254002139
2024-01-18,71.7306365966797,2023-05-12,57.6324005126953,0.244623440262198,2023-10-20,64.4701538085938,0.112617736412444,2023-12-19,70.3898696899414,0.0190477253707699
2024-01-19,72.7022094726562,2023-05-12,57.6324005126953,0.261481542082242,2023-10-20,64.4701538085938,0.127687855197348,2023-12-20,69.8458099365234,0.0408957894357405
2024-01-22,72.8479385375977,2023-05-17,58.5396957397461,0.244419493764756,2023-10-24,65.5750350952148,0.110909638581551,2023-12-22,70.5453262329102,0.0326401822437572
2024-01-23,73.5668869018555,2023-05-18,59.5917701721191,0.234514207068727,2023-10-25,62.7353210449219,0.172654984090662,2023-12-22,70.5453262329102,0.0428314791396587
2024-01-24,74.0235214233398,2023-05-19,59.273250579834,0.248852065631849,2023-10-26,61.3687591552734,0.206208540668839,2023-12-22,70.5453262329102,0.0493044029443734
2024-01-25,75.228271484375,2023-05-19,59.273250579834,0.269177424022857,2023-10-27,61.1458549499512,0.230308604662581,2023-12-26,70.8173522949219,0.0622858529232166
2024-01-26,75.4711685180664,2023-05-19,59.273250579834,0.273275343933024,2023-10-27,61.1458549499512,0.234281024933591,2023-12-27,70.8270721435547,0.0655695094257025
2024-01-29,76.1026840209961,2023-05-24,58.8002967834473,0.294256801139473,2023-10-31,62.7256202697754,0.213263156166293,2023-12-29,70.5939102172852,0.0780346886403538
2024-01-30,75.5877456665039,2023-05-25,58.8002967834473,0.285499390332711,2023-11-01,63.6463432312012,0.187621186529515,2023-12-29,70.5939102172852,0.0707403150476851
2024-01-31,73.7223434448242,2023-05-26,59.9971618652344,0.228763847370303,2023-11-02,64.4895477294922,0.143167319982765,2023-12-29,70.5939102172852,0.0443159079573561
2024-02-01,74.4801635742188,2023-05-26,59.9971618652344,0.241394780331711,2023-11-03,65.4780960083008,0.137482121727803,2024-01-02,70.195556640625,0.0610381502568509
2024-02-02,77.4725723266602,2023-05-26,59.9971618652344,0.291270618778252,2023-11-03,65.4780960083008,0.183183034473678,2024-01-03,69.9332504272461,0.107807399961446
2024-02-05,76.3844375610352,2023-05-31,60.0743789672852,0.271497747860731,2023-11-07,65.6525497436523,0.163464905160373,2024-01-05,69.9915237426758,0.0913384003734932
2024-02-06,76.1512603759766,2023-06-01,60.8851509094238,0.250736168647483,2023-11-08,65.3424072265625,0.165418655482593,2024-01-05,69.9915237426758,0.0880068943197621
2024-02-07,76.5398864746094,2023-06-02,60.9623641967773,0.255526872736598,2023-11-09,65.3230438232422,0.171713410687335,2024-01-08,71.0796890258789,0.0768179704154657
2024-02-08,76.8313522338867,2023-06-02,60.9623641967773,0.260307949768593,2023-11-10,66.3600616455078,0.157795070238422,2024-01-09,70.933952331543,0.0831393107038432
2024-02-09,76.9187850952148,2023-06-02,60.9623641967773,0.261742160243861,2023-11-10,66.3600616455078,0.159112622681263,2024-01-10,71.5946197509766,0.0743654392293307
2024-02-12,77.1616821289062,2023-06-07,60.682445526123,0.271565136505402,2023-11-14,67.2904815673828,0.146695347270456,2024-01-12,71.7111968994141,0.0760060557507822
2024-02-13,76.0735321044922,2023-06-08,60.9913215637207,0.247284534161378,2023-11-15,67.6200103759766,0.125015090673794,2024-01-12,71.7111968994141,0.0608319954720178
2024-02-14,77.2879943847656,2023-06-09,61.0106239318848,0.26679567268569,2023-11-16,67.9204635620117,0.137919123802818,2024-01-12,71.7111968994141,0.0777674578932754
2024-02-15,77.9194946289062,2023-06-09,61.0106239318848,0.277146333004222,2023-11-17,67.9107666015625,0.147380577899609,2024-01-16,71.3031539916992,0.0927916966755393
2024-02-16,76.7050323486328,2023-06-09,61.0106239318848,0.257240582136482,2023-11-17,67.9107666015625,0.12949737114097,2024-01-17,70.8659439086914,0.0823962557736462
2024-02-20,76.5884628295898,2023-06-15,63.0279006958008,0.215151734138157,2023-11-22,69.0059356689453,0.109882245449458,2024-01-19,72.7022094726562,0.0534544051016117
2024-02-21,76.5010223388672,2023-06-16,62.5066947937012,0.223885258872722,2023-11-22,69.0059356689453,0.108615100965798,2024-01-22,72.8479385375977,0.0501467011229719
2024-02-22,77.6474609375,2023-06-16,62.5066947937012,0.242226311817795,2023-11-24,68.7733306884766,0.129034469614693,2024-01-23,73.5668869018555,0.0554675371962983
2024-02-23,77.4531402587891,2023-06-16,62.5066947937012,0.239117513962585,2023-11-24,68.7733306884766,0.126208945872195,2024-01-24,74.0235214233398,0.0463314736924667
2024-02-26,76.3261337280273,2023-06-21,61.583423614502,0.239394129917352,2023-11-28,68.5116577148438,0.114060530336438,2024-01-26,75.4711685180664,0.0113283685246808
2024-02-27,76.9479293823242,2023-06-22,62.0668106079102,0.239759682004951,2023-11-29,68.0173797607422,0.131298054306063,2024-01-26,75.4711685180664,0.0195672187572438
2024-02-28,76.4232940673828,2023-06-23,61.9314613342285,0.23399791351516,2023-11-30,67.6200103759766,0.130187553099427,2024-01-29,76.1026840209961,0.00421286122179687
2024-02-29,77.1033935546875,2023-06-23,61.9314613342285,0.244979399704132,2023-12-01,67.7557067871094,0.137961615498291,2024-01-30,75.5877456665039,0.0200515027246704
2024-03-01,77.7446060180664,2023-06-23,61.9314613342285,0.255332981705346,2023-12-01,67.7557067871094,0.147425208954612,2024-01-31,73.7223434448242,0.0545596136163597
2024-03-04,76.7244873046875,2023-06-28,62.6275482177734,0.225091664739853,2023-12-05,66.7671203613281,0.149135785540434,2024-02-02,77.4725723266602,-0.00965612731714116
2024-03-05,76.1026840209961,2023-06-29,62.2891616821289,0.221764460555107,2023-12-06,66.5926666259766,0.142808778756877,2024-02-02,77.4725723266602,-0.0176822359775015
2024-03-06,76.2095565795898,2023-06-30,62.9175720214844,0.211260290743048,2023-12-07,67.9882965087891,0.120921695247034,2024-02-05,76.3844375610352,-0.00228948444250276
2024-03-07,77.4434509277344,2023-06-30,62.9175720214844,0.230871574339993,2023-12-08,68.3081207275391,0.13373710333261,2024-02-06,76.1512603759766,0.0169687349280625
2024-03-08,77.3268432617188,2023-06-30,62.9175720214844,0.229018234132017,2023-12-08,68.3081207275391,0.1320300198296,2024-02-07,76.5398864746094,0.0102816560535457
2024-03-11,77.1811141967773,2023-07-05,63.613639831543,0.213279328162369,2023-12-12,68.0658340454102,0.133918584546924,2024-02-09,76.9187850952148,0.00341046860318683
2024-03-12,77.861198425293,2023-07-06,63.1109352111816,0.233719610789383,2023-12-13,68.7054977416992,0.133260088123005,2024-02-09,76.9187850952148,0.0122520568793636
2024-03-13,77.9972229003906,2023-07-07,62.8885688781738,0.240244837682424,2023-12-14,69.0059356689453,0.130297301881114,2024-02-12,77.1616821289062,0.0108284416362063
2024-03-14,77.812629699707,2023-07-07,62.8885688781738,0.237309595173707,2023-12-15,68.8314743041992,0.13048035780573,2024-02-13,76.0735321044922,0.0228607446914135
2024-03-15,77.0353851318359,2023-07-07,62.8885688781738,0.224950519721111,2023-12-15,68.8314743041992,0.119188364197746,2024-02-14,77.2879943847656,-0.00326841516513043
2024-03-18,78.6174697875977,2023-07-12,64.5900726318359,0.21717574519103,2023-12-19,70.3898696899414,0.116886139069412,2024-02-16,76.7050323486328,0.0249323594607536
2024-03-19,78.5882568359375,2023-07-13,65.5375289916992,0.199133657387224,2023-12-20,69.8458099365234,0.125167807594461,2024-02-16,76.7050323486328,0.0245515115454906
2024-03-20,79.5137329101562,2023-07-14,64.9187850952148,0.224818560506567,2023-12-21,70.5356063842773,0.127285026472533,2024-02-16,76.7050323486328,0.0366169008150286
2024-03-21,79.5429534912109,2023-07-14,64.9187850952148,0.225268670301626,2023-12-22,70.5453262329102,0.127543917347473,2024-02-20,76.5884628295898,0.0385761843555323
2024-03-22,79.7085723876953,2023-07-14,64.9187850952148,0.227819840910279,2023-12-22,70.5453262329102,0.129891612160557,2024-02-21,76.5010223388672,0.0419281984836757
2024-03-25,79.4357986450195,2023-07-19,65.3151550292969,0.216192453487845,2023-12-26,70.8173522949219,0.121699640989199,2024-02-23,77.4531402587891,0.0255981665766674
2024-03-26,79.2701797485352,2023-07-20,64.0196914672852,0.23821558541942,2023-12-27,70.8270721435547,0.119207350373988,2024-02-23,77.4531402587891,0.0234598556452965
2024-03-27,79.6793365478516,2023-07-21,63.3816299438477,0.257136123170747,2023-12-28,71.0213928222656,0.121906138158299,2024-02-26,76.3261337280273,0.0439325648508895
2024-03-28,79.5526962280273,2023-07-21,63.3816299438477,0.255138062850487,2023-12-29,70.5939102172852,0.126905932582108,2024-02-27,76.9479293823242,0.0338510323359198
2024-04-01,80.1664428710938,2023-07-26,64.6964340209961,0.239116870723928,2024-01-02,70.195556640625,0.142044407191127,2024-03-01,77.7446060180664,0.0311511881925872
2024-04-02,80.0398025512695,2023-07-27,65.2378234863281,0.226892595030296,2024-01-03,69.9332504272461,0.144517122574441,2024-03-01,77.7446060180664,0.0295222607812786
2024-04-03,80.6730194091797,2023-07-28,66.5236358642578,0.212697086698536,2024-01-04,69.7000503540039,0.157431293082924,2024-03-04,76.7244873046875,0.0514637795989672
2024-04-04,79.5819320678711,2023-07-28,66.5236358642578,0.196295587785654,2024-01-05,69.9915237426758,0.137022425179005,2024-03-05,76.1026840209961,0.0457178099778335
2024-04-05,80.390510559082,2023-07-28,66.5236358642578,0.208450342719086,2024-01-05,69.9915237426758,0.148574945369645,2024-03-06,76.2095565795898,0.054861282064091
2024-04-08,80.4002456665039,2023-08-02,65.170166015625,0.233697112989207,2024-01-09,70.933952331543,0.13345221891367,2024-03-08,77.3268432617188,0.0397456080598426
2024-04-09,80.487922668457,2023-08-03,65.0057907104492,0.23816542786117,2024-01-10,71.5946197509766,0.124217475397083,2024-03-08,77.3268432617188,0.0408794575518796
2024-04-10,79.8547058105469,2023-08-04,64.8607788085938,0.231170936849227,2024-01-11,71.3614349365234,0.119017658229242,2024-03-11,77.1811141967773,0.0346404899902464
2024-04-11,80.5561218261719,2023-08-04,64.8607788085938,0.241985114978277,2024-01-12,71.7111968994141,0.123340918980395,2024-03-12,77.861198425293,0.0346118921283323
2024-04-12,79.2312164306641,2023-08-04,64.8607788085938,0.221558203370914,2024-01-12,71.7111968994141,0.104865346785356,2024-03-13,77.9972229003906,0.0158209931634279
2024-04-15,78.2277908325195,2023-08-09,64.9767990112305,0.203934204561212,2024-01-16,71.3031539916992,0.0971154353372146,2024-03-15,77.0353851318359,0.0154786751392617
2024-04-16,77.9647598266602,2023-08-10,65.1991577148438,0.19579397279407,2024-01-17,70.8659439086914,0.100172459808273,2024-03-15,77.0353851318359,0.0120642571362981
2024-04-17,77.8965606689453,2023-08-11,64.8897857666016,0.20044410300763,2024-01-18,71.7306365966797,0.0859594221494897,2024-03-18,78.6174697875977,-0.00916983363366997
2024-04-18,78.2765045166016,2023-08-11,64.8897857666016,0.206299321100395,2024-01-19,72.7022094726562,0.0766729798774801,2024-03-19,78.5882568359375,-0.00396690716765435
2024-04-19,77.4192123413086,2023-08-11,64.8897857666016,0.193087809224296,2024-01-19,72.7022094726562,0.0648811487693017,2024-03-20,79.5137329101562,-0.0263416203992621
2024-04-22,77.5263748168945,2023-08-16,64.0100250244141,0.211159889209935,2024-01-23,73.5668869018555,0.0538216048250262,2024-03-22,79.7085723876953,-0.027377200537312
2024-04-23,78.7051620483398,2023-08-17,63.2752838134766,0.243853165168687,2024-01-24,74.0235214233398,0.0632453108820066,2024-03-22,79.7085723876953,-0.0125884871513564
2024-04-24,78.7538528442383,2023-08-18,62.8982391357422,0.252083586541711,2024-01-25,75.228271484375,0.0468651118827788,2024-03-25,79.4357986450195,-0.00858486743273912
2024-04-25,75.9481735229492,2023-08-18,62.8982391357422,0.207476943178706,2024-01-26,75.4711685180664,0.00632036066552533,2024-03-26,79.2701797485352,-0.041907388580727
2024-04-26,78.0426940917969,2023-08-18,62.8982391357422,0.24077708953618,2024-01-26,75.4711685180664,0.0340729529464605,2024-03-27,79.6793365478516,-0.020540362495009
2024-04-29,77.1366882324219,2023-08-23,64.3773803710938,0.198195511960552,2024-01-30,75.5877456665039,0.0204919799136749,2024-03-28,79.5526962280273,-0.0303699071201848
2024-04-30,75.8507614135742,2023-08-24,63.1399269104004,0.20131215104527,2024-01-31,73.7223434448242,0.0288707313047227,2024-03-28,79.5526962280273,-0.0465343726860246
2024-05-01,76.5521774291992,2023-08-25,63.2075996398926,0.211122995736804,2024-02-01,74.4801635742188,0.0278196737969798,2024-04-01,80.1664428710938,-0.0450845180658223
2024-05-02,77.3217926025391,2023-08-25,63.2075996398926,0.22329898687908,2024-02-02,77.4725723266602,-0.00194623361007473,2024-04-02,80.0398025512695,-0.0339582290572175
2024-05-03,78.1401214599609,2023-08-25,63.2075996398926,0.236245671487957,2024-02-02,77.4725723266602,0.00861658666096798,2024-04-03,80.6730194091797,-0.0313970887388223
2024-05-06,79.2019805908203,2023-08-30,65.4118423461914,0.210820208543351,2024-02-06,76.1512603759766,0.0400613226856867,2024-04-05,80.390510559082,-0.0147844560259164
2024-05-07,79.289665222168,2023-08-31,65.4795074462891,0.210908088873561,2024-02-07,76.5398864746094,0.0359260886605937,2024-04-05,80.390510559082,-0.0136937224214418
2024-05-08,79.1630249023438,2023-09-01,64.8704452514648,0.220324981514693,2024-02-08,76.8313522338867,0.0303479322003737,2024-04-08,80.4002456665039,-0.0153882709425054
2024-05-09,79.5624465942383,2023-09-01,64.8704452514648,0.226482202886401,2024-02-09,76.9187850952148,0.0343695170919684,2024-04-09,80.487922668457,-0.0114983222766345
2024-05-10,79.6793365478516,2023-09-01,64.8704452514648,0.228284101318887,2024-02-09,76.9187850952148,0.0358891712761653,2024-04-10,79.8547058105469,-0.00219610429861672
2024-05-13,79.5332107543945,2023-09-06,64.6577529907227,0.230064564195515,2024-02-13,76.0735321044922,0.0454780861910058,2024-04-12,79.2312164306641,0.00381155732973948
2024-05-14,79.8936614990234,2023-09-07,64.541748046875,0.237860205475048,2024-02-14,77.2879943847656,0.0337137369781642,2024-04-12,79.2312164306641,0.00836090998223016
2024-05-15,80.4002456665039,2023-09-08,64.7350997924805,0.241988440957699,2024-02-15,77.9194946289062,0.0318373604630304,2024-04-15,78.2277908325195,0.0277708830949279
2024-05-16,80.341796875,2023-09-08,64.7350997924805,0.241085549146437,2024-02-16,76.7050323486328,0.0474123328680405,2024-04-16,77.9647598266602,0.0304886086178517
2024-05-17,80.4781875610352,2023-09-08,64.7350997924805,0.24319245384686,2024-02-16,76.7050323486328,0.0491904520064985,2024-04-17,77.8965606689453,0.0331417314181761
2024-05-20,80.7119903564453,2023-09-13,65.2378234863281,0.237196246643025,2024-02-20,76.5884628295898,0.0538400612117045,2024-04-19,77.4192123413086,0.0425317943125054
2024-05-21,80.6048278808594,2023-09-14,66.146598815918,0.218578571290986,2024-02-21,76.5010223388672,0.0536437999980452,2024-04-19,77.4192123413086,0.0411476097884689
2024-05-22,80.7022323608398,2023-09-15,65.2668304443359,0.236496882281855,2024-02-22,77.6474609375,0.0393415494397003,2024-04-22,77.5263748168945,0.0409648658465742
2024-05-23,79.786491394043,2023-09-15,65.2668304443359,0.222466157018157,2024-02-23,77.4531402587891,0.0301259720065272,2024-04-23,78.7051620483398,0.0137389888739317
2024-05-24,80.8094100952148,2023-09-15,65.2668304443359,0.238139029351742,2024-02-23,77.4531402587891,0.0433329084555087,2024-04-24,78.7538528442383,0.026101037304703
2024-05-28,80.9457931518555,2023-09-21,63.6754188537598,0.271225138506898,2024-02-28,76.4232940673828,0.0591769713627517,2024-04-26,78.0426940917969,0.0371988575464073
2024-05-29,80.5171585083008,2023-09-22,63.597900390625,0.266034853568371,2024-02-29,77.1033935546875,0.0442751582807051,2024-04-29,77.1366882324219,0.0438244155063172
2024-05-30,80.2541122436523,2023-09-22,63.597900390625,0.261898769467595,2024-03-01,77.7446060180664,0.0322788467794508,2024-04-30,75.8507614135742,0.0580528230437789
2024-05-31,81.1114044189453,2023-09-22,63.597900390625,0.27537865119368,2024-03-01,77.7446060180664,0.0433058777106226,2024-05-01,76.5521774291992,0.0595571170260021
2024-06-03,81.4328918457031,2023-09-27,63.2102279663086,0.288286634389411,2024-03-05,76.1026840209961,0.0700396824800091,2024-05-03,78.1401214599609,0.0421393046775516
2024-06-04,81.74462890625,2023-09-28,63.9080352783203,0.279097824714077,2024-03-06,76.2095565795898,0.0726296356399814,2024-05-03,78.1401214599609,0.0461287668734431
2024-06-05,82.7383117675781,2023-09-29,63.5494232177734,0.301952206301661,2024-03-07,77.4434509277344,0.0683706727478428,2024-05-06,79.2019805908203,0.0446495295998657
2024-06-06,82.7870330810547,2023-09-29,63.5494232177734,0.302718874368963,2024-03-08,77.3268432617188,0.0706118288167474,2024-05-07,79.289665222168,0.0441087479570907
2024-06-07,82.2219924926758,2023-09-29,63.5494232177734,0.293827517693033,2024-03-08,77.3268432617188,0.0633046562419342,2024-05-08,79.1630249023438,0.0386413681653222
2024-06-10,82.4265670776367,2023-10-04,63.7626533508301,0.292709176077028,2024-03-12,77.861198425293,0.0586347082330638,2024-05-10,79.6793365478516,0.0344785818859736
2024-06-11,82.5824432373047,2023-10-05,63.6754188537598,0.296928150986612,2024-03-13,77.9972229003906,0.0587869691561942,2024-05-10,79.6793365478516,0.0364348752792345
2024-06-12,82.4070892333984,2023-10-06,64.84814453125,0.270770194414535,2024-03-14,77.812629699707,0.0590451646657137,2024-05-13,79.5332107543945,0.0361343198865527
2024-06-13,81.695930480957,2023-10-06,64.84814453125,0.259803670120248,2024-03-15,77.0353851318359,0.0604987609414191,2024-05-14,79.8936614990234,0.0225583475349371
2024-06-14,81.9589614868164,2023-10-06,64.84814453125,0.263859777010594,2024-03-15,77.0353851318359,0.0639131789443828,2024-05-15,80.4002456665039,0.0193869534525799
2024-06-17,82.3486404418945,2023-10-11,66.5248184204102,0.237863437995188,2024-03-19,78.5882568359375,0.0478491794748328,2024-05-17,80.4781875610352,0.0232417371407727
2024-06-18,81.8615264892578,2023-10-12,65.7397994995117,0.245235414657233,2024-03-20,79.5137329101562,0.0295268942002052,2024-05-17,80.4781875610352,0.0171889920753188
2024-06-20,82.2122497558594,2023-10-13,65.0032043457031,0.264741493644441,2024-03-22,79.7085723876953,0.0314103902900984,2024-05-21,80.6048278808594,0.0199420049302246
2024-06-21,82.748046875,2023-10-13,65.0032043457031,0.272984119904696,2024-03-22,79.7085723876953,0.0381323413060386,2024-05-22,80.7022323608398,0.0253501601419501
2024-06-24,83.0254516601562,2023-10-18,65.1388931274414,0.274591072613417,2024-03-26,79.2701797485352,0.0473730717343364,2024-05-24,80.8094100952148,0.027423063258726
2024-06-25,83.9533767700195,2023-10-19,65.0710525512695,0.290180095117911,2024-03-27,79.6793365478516,0.0536405096646504,2024-05-24,80.8094100952148,0.0389059476006601
2024-06-26,83.9631500244141,2023-10-20,64.4701538085938,0.302356905703891,2024-03-28,79.5526962280273,0.0554406576459048,2024-05-24,80.8094100952148,0.0390268896343047
2024-06-27,84.441764831543,2023-10-20,64.4701538085938,0.309780725546944,2024-03-28,79.5526962280273,0.0614569817910602,2024-05-28,80.9457931518555,0.0431890471828351
2024-06-28,83.6701202392578,2023-10-20,64.4701538085938,0.297811705051412,2024-03-28,79.5526962280273,0.0517571899691296,2024-05-29,80.5171585083008,0.0391588797887346
2024-07-01,83.318489074707,2023-10-25,62.7353210449219,0.32809536457216,2024-04-02,80.0398025512695,0.0409632010440972,2024-05-31,81.1114044189453,0.0272105343456019
2024-07-02,84.0608291625977,2023-10-26,61.3687591552734,0.369765827428731,2024-04-03,80.6730194091797,0.0419943343912137,2024-05-31,81.1114044189453,0.03636263932034
2024-07-03,84.0901412963867,2023-10-27,61.1458549499512,0.375238621901939,2024-04-04,79.5819320678711,0.0566486526699403,2024-06-03,81.4328918457031,0.0326311566549604
2024-07-05,85.7213516235352,2023-10-27,61.1458549499512,0.401915987497426,2024-04-05,80.390510559082,0.0663118199819777,2024-06-05,82.7383117675781,0.0360539125373593
2024-07-08,84.9496917724609,2023-11-01,63.6463432312012,0.3347144149959,2024-04-09,80.487922668457,0.0554340198638579,2024-06-07,82.2219924926758,0.0331748136610548
2024-07-09,85.2134170532227,2023-11-02,64.4895477294922,0.321352374971814,2024-04-10,79.8547058105469,0.067105766507852,2024-06-07,82.2219924926758,0.0363822922536612
2024-07-10,85.7506408691406,2023-11-03,65.4780960083008,0.309608038362476,2024-04-11,80.5561218261719,0.0644832313821877,2024-06-10,82.4265670776367,0.0403276990581567
2024-07-11,84.5785140991211,2023-11-03,65.4780960083008,0.29170698684334,2024-04-12,79.2312164306641,0.0674897838169188,2024-06-11,82.5824432373047,0.0241706443109293
2024-07-12,84.3050155639648,2023-11-03,65.4780960083008,0.287530039866726,2024-04-12,79.2312164306641,0.0640378800411441,2024-06-12,82.4070892333984,0.0230311050690188
2024-07-15,84.6078186035156,2023-11-08,65.3424072265625,0.294837796687746,2024-04-16,77.9647598266602,0.0852059160013454,2024-06-14,81.9589614868164,0.0323193104042112
2024-07-16,84.8324813842773,2023-11-09,65.3230438232422,0.298660877068524,2024-04-17,77.8965606689453,0.0890401406142844,2024-06-14,81.9589614868164,0.035060472281889
2024-07-17,83.5529174804688,2023-11-10,66.3600616455078,0.259084386129783,2024-04-18,78.2765045166016,0.0674073656769909,2024-06-17,82.3486404418945,0.0146241277586601
2024-07-18,83.5040740966797,2023-11-10,66.3600616455078,0.258348350288677,2024-04-19,77.4192123413086,0.0785962756705081,2024-06-18,81.8615264892578,0.0200649520948943
2024-07-19,83.1329040527344,2023-11-10,66.3600616455078,0.252755075738571,2024-04-19,77.4192123413086,0.073801987111888,2024-06-18,81.8615264892578,0.0155308313685476
2024-07-22,83.4845352172852,2023-11-15,67.6200103759766,0.234612872034471,2024-04-23,78.7051620483398,0.0607250279976537,2024-06-21,82.748046875,0.00890037130903765
2024-07-23,83.367317199707,2023-11-16,67.9204635620117,0.227425621493179,2024-04-24,78.7538528442383,0.05858080828875,2024-06-21,82.748046875,0.00748380593976439
2024-07-24,81.1891250610352,2023-11-17,67.9107666015625,0.19552655821687,2024-04-25,75.9481735229492,0.0690069463816965,2024-06-24,83.0254516601562,-0.0221176345614792
2024-07-25,80.2514419555664,2023-11-17,67.9107666015625,0.181718981710331,2024-04-26,78.0426940917969,0.028301789033212,2024-06-25,83.9533767700195,-0.0440951270440753
2024-07-26,81.7556381225586,2023-11-17,67.9107666015625,0.203868579517368,2024-04-26,78.0426940917969,0.0475758054481616,2024-06-26,83.9631500244141,-0.026291437389064
2024-07-29,82.4784698486328,2023-11-22,69.0059356689453,0.195237323414057,2024-04-30,75.8507614135742,0.0873782716421421,2024-06-28,83.6701202392578,-0.0142422454660927
2024-07-30,82.8105621337891,2023-11-22,69.0059356689453,0.200049841090065,2024-05-01,76.5521774291992,0.0817531899778818,2024-06-28,83.6701202392578,-0.0102731788003987
2024-07-31,83.7971115112305,2023-11-24,68.7733306884766,0.218453587638605,2024-05-02,77.3217926025391,0.0837450696723601,2024-07-01,83.318489074707,0.00574449251107145
2024-08-01,84.1389770507812,2023-11-24,68.7733306884766,0.223424490401761,2024-05-03,78.1401214599609,0.0767704922738588,2024-07-02,84.0608291625977,0.000929658783551002
2024-08-02,82.771484375,2023-11-24,68.7733306884766,0.203540435607678,2024-05-03,78.1401214599609,0.0592699733313338,2024-07-03,84.0901412963867,-0.015681468731738
2024-08-05,80.3979415893555,2023-11-29,68.0173797607422,0.18202056404059,2024-05-07,79.289665222168,0.0139775639622406,2024-07-05,85.7213516235352,-0.0621013310377869
2024-08-06,81.3454055786133,2023-11-30,67.6200103759766,0.2029783066628,2024-05-08,79.1630249023438,0.0275681819758875,2024-07-05,85.7213516235352,-0.0510484956436505
2024-08-07,80.9156265258789,2023-12-01,67.7557067871094,0.194225997525469,2024-05-09,79.5624465942383,0.0170077717511847,2024-07-08,84.9496917724609,-0.0474876972760223
2024-08-08,82.5272979736328,2023-12-01,67.7557067871094,0.218012502370262,2024-05-10,79.6793365478516,0.0357427853841492,2024-07-09,85.2134170532227,-0.0315222552090846
2024-08-09,83.230583190918,2023-12-01,67.7557067871094,0.228392221668223,2024-05-10,79.6793365478516,0.0445692295760232,2024-07-10,85.7506408691406,-0.0293882080959416
2024-08-12,82.6542739868164,2023-12-06,66.5926666259766,0.241191833494989,2024-05-14,79.8936614990234,0.0345535858038839,2024-07-12,84.3050155639648,-0.0195805856401979
2024-08-13,83.7287368774414,2023-12-07,67.9882965087891,0.23151691065855,2024-05-15,80.4002456665039,0.0413990179177302,2024-07-12,84.3050155639648,-0.00683563940612997
2024-08-14,83.250114440918,2023-12-08,68.3081207275391,0.218744031518274,2024-05-16,80.341796875,0.0361993094384345,2024-07-15,84.6078186035156,-0.016047029518159
2024-08-15,84.0022201538086,2023-12-08,68.3081207275391,0.229754519069097,2024-05-17,80.4781875610352,0.043788667458506,2024-07-16,84.8324813842773,-0.00978706760571812
2024-08-16,84.2561874389648,2023-12-08,68.3081207275391,0.233472485285284,2024-05-17,80.4781875610352,0.046944395648379,2024-07-17,83.5529174804688,0.00841706046542878
2024-08-19,85.2134170532227,2023-12-13,68.7054977416992,0.240270718561498,2024-05-21,80.6048278808594,0.057175100965108,2024-07-19,83.1329040527344,0.0250263481613553
2024-08-20,85.1548156738281,2023-12-14,69.0059356689453,0.234021607682515,2024-05-22,80.7022323608398,0.0551729881904588,2024-07-19,83.1329040527344,0.0243214361886261
2024-08-21,85.5162200927734,2023-12-15,68.8314743041992,0.242399947948759,2024-05-23,79.786491394043,0.0718132681186965,2024-07-22,83.4845352172852,0.0243360626036957
2024-08-22,84.8715667724609,2023-12-15,68.8314743041992,0.233034271463849,2024-05-24,80.8094100952148,0.0502683619699711,2024-07-23,83.367317199707,0.0180436365626409
2024-08-23,85.4673919677734,2023-12-15,68.8314743041992,0.241690561356454,2024-05-24,80.8094100952148,0.0576415774730969,2024-07-24,81.1891250610352,0.0526950734291327
2024-08-26,85.6627349853516,2023-12-20,69.8458099365234,0.226454887747779,2024-05-28,80.9457931518555,0.0582728471712797,2024-07-26,81.7556381225586,0.0477899378258893
2024-08-27,85.4673919677734,2023-12-21,70.5356063842773,0.21169146121957,2024-05-29,80.5171585083008,0.0614804788343633,2024-07-26,81.7556381225586,0.0454005855798056
2024-08-28,84.9008483886719,2023-12-22,70.5453262329102,0.203493596561819,2024-05-30,80.2541122436523,0.0579002871642513,2024-07-29,82.4784698486328,0.0293698288108968
2024-08-29,84.7250442504883,2023-12-22,70.5453262329102,0.20100152305998,2024-05-31,81.1114044189453,0.0445515628465549,2024-07-30,82.8105621337891,0.0231188156120252
2024-08-30,85.2915725708008,2023-12-22,70.5453262329102,0.209032222619609,2024-05-31,81.1114044189453,0.0515361333193622,2024-07-31,83.7971115112305,0.0178342789222516
2024-09-03,83.7287368774414,2023-12-28,71.0213928222656,0.17892276608791,2024-06-05,82.7383117675781,0.0119705743168352,2024-08-02,82.771484375,0.0115650034510018
2024-09-04,83.3282470703125,2023-12-29,70.5939102172852,0.180388603122161,2024-06-06,82.7870330810547,0.00653742463180107,2024-08-05,80.3979415893555,0.0364475187178797
2024-09-05,83.5724411010742,2023-12-29,70.5939102172852,0.183847740461488,2024-06-07,82.2219924926758,0.0164244208569713,2024-08-06,81.3454055786133,0.0273775206678231
2024-09-06,81.8240280151367,2023-12-29,70.5939102172852,0.159080546229635,2024-06-07,82.2219924926758,-0.0048401220339499,2024-08-07,80.9156265258789,0.0112265272884871
2024-09-09,82.175666809082,2024-01-03,69.9332504272461,0.175058592401223,2024-06-11,82.5824432373047,-0.00492570106037871,2024-08-09,83.230583190918,-0.0126746244155964
2024-09-10,82.1561279296875,2024-01-04,69.7000503540039,0.178709735680529,2024-06-12,82.4070892333984,-0.00304538488187767,2024-08-09,83.230583190918,-0.012909380422889
2024-09-11,82.4980010986328,2024-01-05,69.9915237426758,0.178685599158223,2024-06-13,81.695930480957,0.00981775484964631,2024-08-12,82.6542739868164,-0.00189068127570169
2024-09-12,84.0413055419922,2024-01-05,69.9915237426758,0.200735475498012,2024-06-14,81.9589614868164,0.0254071552079236,2024-08-13,83.7287368774414,0.00373311095100237
2024-09-13,84.8520202636719,2024-01-05,69.9915237426758,0.212318516962579,2024-06-14,81.9589614868164,0.0352988706100288,2024-08-14,83.250114440918,0.0192420855335973
2024-09-16,85.7408676147461,2024-01-10,71.5946197509766,0.197588141580661,2024-06-18,81.8615264892578,0.047389064092243,2024-08-16,84.2561874389648,0.0176210225137086
2024-09-17,85.7408676147461,2024-01-11,71.3614349365234,0.201501450902904,2024-06-18,81.8615264892578,0.047389064092243,2024-08-16,84.2561874389648,0.0176210225137086
2024-09-18,85.6725006103516,2024-01-12,71.7111968994141,0.194687919245308,2024-06-20,82.2122497558594,0.0420892368809742,2024-08-19,85.2134170532227,0.00538745625987724
2024-09-19,86.8348617553711,2024-01-12,71.7111968994141,0.210896840519484,2024-06-21,82.748046875,0.049388656708051,2024-08-20,85.1548156738281,0.0197293138180008
2024-09-20,86.8348617553711,2024-01-12,71.7111968994141,0.210896840519484,2024-06-21,82.748046875,0.049388656708051,2024-08-21,85.5162200927734,0.0154197842370385
2024-09-23,87.0298309326172,2024-01-17,70.8659439086914,0.228091042500647,2024-06-25,83.9533767700195,0.03664479358615,2024-08-23,85.4673919677734,0.0182811119992159
2024-09-24,87.4413223266602,2024-01-18,71.7306365966797,0.219023369586374,2024-06-26,83.9631500244141,0.0414249858567091,2024-08-23,85.4673919677734,0.0230957130367453
2024-09-25,87.1669921875,2024-01-19,72.7022094726562,0.198959327643048,2024-06-27,84.441764831543,0.0322734533248294,2024-08-26,85.6627349853516,0.0175602285218381
2024-09-26,87.6568603515625,2024-01-19,72.7022094726562,0.205697336949997,2024-06-28,83.6701202392578,0.0476483134111012,2024-08-27,85.4673919677734,0.0256175874023936
2024-09-27,88.185920715332,2024-01-19,72.7022094726562,0.212974424780024,2024-06-28,83.6701202392578,0.053971483047486,2024-08-28,84.9008483886719,0.0386930447575891
2024-09-30,88.5680160522461,2024-01-24,74.0235214233398,0.196484770641029,2024-07-02,84.0608291625977,0.0536181588326978,2024-08-30,85.2915725708008,0.038414621546877
2024-10-01,88.636589050293,2024-01-25,75.228271484375,0.178235087705064,2024-07-03,84.0901412963867,0.0540663588360697,2024-08-30,85.2915725708008,0.0392186048242396
2024-10-02,88.3622665405273,2024-01-26,75.4711685180664,0.170808247382244,2024-07-03,84.0901412963867,0.0508041154204149,2024-08-30,85.2915725708008,0.0360023139118177
2024-10-03,88.0585479736328,2024-01-26,75.4711685180664,0.166783948131838,2024-07-05,85.7213516235352,0.0272650431407333,2024-09-03,83.7287368774414,0.051712366120239
2024-10-04,89.0382766723633,2024-01-26,75.4711685180664,0.179765444482937,2024-07-05,85.7213516235352,0.0386942691173975,2024-09-04,83.3282470703125,0.0685245376304706
2024-10-07,87.843017578125,2024-01-31,73.7223434448242,0.191538595675124,2024-07-09,85.2134170532227,0.0308589963392731,2024-09-06,81.8240280151367,0.0735601718589902
2024-10-08,88.6169891357422,2024-02-01,74.4801635742188,0.189806585849348,2024-07-10,85.7506408691406,0.0334265521231001,2024-09-06,81.8240280151367,0.0830191483527165
2024-10-09,88.6463928222656,2024-02-02,77.4725723266602,0.144229372538341,2024-07-11,84.5785140991211,0.0480958877851321,2024-09-09,82.175666809082,0.0787426042823234
2024-10-10,87.9899673461914,2024-02-02,77.4725723266602,0.135756367752771,2024-07-12,84.3050155639648,0.0437097574512715,2024-09-10,82.1561279296875,0.0710091817070144
2024-10-11,88.5974044799805,2024-02-02,77.4725723266602,0.143597041110406,2024-07-12,84.3050155639648,0.0509149887145073,2024-09-11,82.4980010986328,0.0739339535518606
2024-10-14,89.0088958740234,2024-02-07,76.5398864746094,0.162908647683328,2024-07-16,84.8324813842773,0.0492313135440141,2024-09-13,84.8520202636719,0.04898970699147
2024-10-15,89.204833984375,2024-02-08,76.8313522338867,0.161047298931059,2024-07-17,83.5529174804688,0.0676447534609121,2024-09-13,84.8520202636719,0.0512988813604798
2024-10-16,89.1460494995117,2024-02-09,76.9187850952148,0.158963306416777,2024-07-18,83.5040740966797,0.0675652710824606,2024-09-16,85.7408676147461,0.0397148055471739
2024-10-17,88.7247772216797,2024-02-09,76.9187850952148,0.153486461231163,2024-07-19,83.1329040527344,0.0672642587512422,2024-09-17,85.7408676147461,0.0348014860351193
2024-10-18,89.3811950683594,2024-02-09,76.9187850952148,0.162020369376841,2024-07-19,83.1329040527344,0.0751602639992159,2024-09-18,85.6725006103516,0.0432892051893685
2024-10-21,89.0284881591797,2024-02-14,77.2879943847656,0.151905789092753,2024-07-23,83.367317199707,0.0679063588661644,2024-09-20,86.8348617553711,0.0252620475171415
2024-10-22,89.1558532714844,2024-02-15,77.9194946289062,0.144204716625687,2024-07-24,81.1891250610352,0.0981255581269056,2024-09-20,86.8348617553711,0.0267287984248989
2024-10-23,88.4798355102539,2024-02-16,76.7050323486328,0.153507570508586,2024-07-25,80.2514419555664,0.102532656786945,2024-09-23,87.0298309326172,0.0166610064859185
2024-10-24,88.7835540771484,2024-02-16,76.7050323486328,0.157467135580067,2024-07-26,81.7556381225586,0.0859624622347686,2024-09-24,87.4413223266602,0.0153500852317172
2024-10-25,89.0088958740234,2024-02-16,76.7050323486328,0.160404906283961,2024-07-26,81.7556381225586,0.0887187467192367,2024-09-25,87.1669921875,0.0211307473195981
2024-10-28,89.5771331787109,2024-02-21,76.5010223388672,0.170927269205921,2024-07-30,82.8105621337891,0.0817114492471356,2024-09-27,88.185920715332,0.015775902231262
2024-10-29,90.4197082519531,2024-02-22,77.6474609375,0.164490212046132,2024-07-31,83.7971115112305,0.0790313248426839,2024-09-27,88.185920715332,0.0253304327777204
2024-10-30,90.9683532714844,2024-02-23,77.4531402587891,0.174495352512988,2024-08-01,84.1389770507812,0.0811678066466308,2024-09-30,88.5680160522461,0.0271016256909529
2024-10-31,90.1747817993164,2024-02-23,77.4531402587891,0.164249525558568,2024-08-02,82.771484375,0.0894426079249155,2024-10-01,88.636589050293,0.0173539253428474
2024-11-01,90.5274810791016,2024-02-23,77.4531402587891,0.168803237372017,2024-08-02,82.771484375,0.0937037285565965,2024-10-02,88.3622665405273,0.0245038365735124
2024-11-04,90.2237548828125,2024-02-28,76.4232940673828,0.180579245946422,2024-08-06,81.3454055786133,0.109143832292029,2024-10-04,89.0382766723633,0.0133142537653941
2024-11-05,91.2230911254883,2024-02-29,77.1033935546875,0.183126797924738,2024-08-07,80.9156265258789,0.127385340040749,2024-10-04,89.0382766723633,0.0245379238545298
2024-11-06,93.466682434082,2024-03-01,77.7446060180664,0.20222723120318,2024-08-08,82.5272979736328,0.132554739208163,2024-10-07,87.843017578125,0.0640194862494965
2024-11-07,94.6913681030273,2024-03-01,77.7446060180664,0.217979908226981,2024-08-09,83.230583190918,0.137699202297071,2024-10-08,88.6169891357422,0.0685464381776784
2024-11-08,94.2308731079102,2024-03-01,77.7446060180664,0.212056732090361,2024-08-09,83.230583190918,0.132166440450852,2024-10-09,88.6463928222656,0.06299726483898
2024-11-11,94.7599334716797,2024-03-06,76.2095565795898,0.24341273883042,2024-08-13,83.7287368774414,0.131749229782187,2024-10-11,88.5974044799805,0.069556540937852
2024-11-12,95.1910171508789,2024-03-07,77.4434509277344,0.229168070515162,2024-08-14,83.250114440918,0.143434069612425,2024-10-11,88.5974044799805,0.0744221877559441
2024-11-13,95.2302093505859,2024-03-08,77.3268432617188,0.231528474895475,2024-08-15,84.0022201538086,0.133663005289846,2024-10-14,89.0088958740234,0.069895412312132
2024-11-14,95.1224365234375,2024-03-08,77.3268432617188,0.230134743784745,2024-08-16,84.2561874389648,0.128966778758464,2024-10-15,89.204833984375,0.0663372406488534
2024-11-15,93.2217483520508,2024-03-08,77.3268432617188,0.205554816669995,2024-08-16,84.2561874389648,0.106408338492417,2024-10-16,89.1460494995117,0.0457193434304835
2024-11-18,94.142707824707,2024-03-13,77.9972229003906,0.207000766488002,2024-08-20,85.1548156738281,0.105547667266471,2024-10-18,89.3811950683594,0.0532719746329866
2024-11-19,94.7599334716797,2024-03-14,77.812629699707,0.217796311953154,2024-08-21,85.5162200927734,0.108093100570606,2024-10-18,89.3811950683594,0.0601775171970638
2024-11-20,95.3673629760742,2024-03-15,77.0353851318359,0.237968276693438,2024-08-22,84.8715667724609,0.123666813312783,2024-10-21,89.0284881591797,0.0712005218549916
2024-11-21,95.1224365234375,2024-03-15,77.0353851318359,0.234788874757333,2024-08-23,85.4673919677734,0.112967581359036,2024-10-22,89.1558532714844,0.0669230682340569
2024-11-22,94.9166870117188,2024-03-15,77.0353851318359,0.232118030555456,2024-08-23,85.4673919677734,0.110560236206907,2024-10-23,88.4798355102539,0.0727493610758227
2024-11-25,95.4065628051758,2024-03-20,79.5137329101562,0.199875283342276,2024-08-27,85.4673919677734,0.11629196361988,2024-10-25,89.0088958740234,0.0718767137636123
2024-11-26,95.7592620849609,2024-03-21,79.5429534912109,0.20386857517859,2024-08-28,84.9008483886719,0.127895231936668,2024-10-25,89.0088958740234,0.0758392309516058
2024-11-27,95.8866271972656,2024-03-22,79.7085723876953,0.202965055388042,2024-08-29,84.7250442504883,0.131738886010827,2024-10-28,89.5771331787109,0.070436436115531
2024-11-29,96.405891418457,2024-03-22,79.7085723876953,0.20947958959229,2024-08-30,85.2915725708008,0.130309695467629,2024-10-30,90.9683532714844,0.0597739538138606
2024-12-02,97.1994781494141,2024-03-27,79.6793365478516,0.219883126047878,2024-09-03,83.7287368774414,0.160885518811666,2024-11-01,90.5274810791016,0.0737013445064556
2024-12-03,97.9832611083984,2024-03-28,79.5526962280273,0.231677438405636,2024-09-04,83.3282470703125,0.175870902765061,2024-11-01,90.5274810791016,0.0823593006280836
2024-12-04,98.2086029052734,2024-03-28,79.5526962280273,0.234510048833183,2024-09-05,83.5724411010742,0.17513143820339,2024-11-04,90.2237548828125,0.0885005066884226
2024-12-05,97.9832611083984,2024-03-28,79.5526962280273,0.231677438405636,2024-09-06,81.8240280151367,0.197487626620782,2024-11-05,91.2230911254883,0.0741059078299675
2024-12-06,98.8846206665039,2024-03-28,79.5526962280273,0.243007784212167,2024-09-06,81.8240280151367,0.208503456322281,2024-11-06,93.466682434082,0.0579665190988554
2024-12-09,96.778190612793,2024-04-03,80.6730194091797,0.199635160820331,2024-09-10,82.1561279296875,0.177978965800574,2024-11-08,94.2308731079102,0.027032727394616
2024-12-10,98.2967834472656,2024-04-04,79.5819320678711,0.235164576846836,2024-09-11,82.4980010986328,0.191505032100646,2024-11-08,94.2308731079102,0.0431483886889101
2024-12-11,99.9035415649414,2024-04-05,80.390510559082,0.242728039294122,2024-09-12,84.0413055419922,0.188743331872962,2024-11-11,94.7599334716797,0.0542804105576855
2024-12-12,100.089706420898,2024-04-05,80.390510559082,0.245043795900994,2024-09-13,84.8520202636719,0.179579532813438,2024-11-12,95.1910171508789,0.0514616758664848
2024-12-13,98.894416809082,2024-04-05,80.390510559082,0.230175254782103,2024-09-13,84.8520202636719,0.165492777918244,2024-11-13,95.2302093505859,0.0384773643099585
2024-12-16,99.2765121459961,2024-04-10,79.8547058105469,0.24321429949948,2024-09-17,85.7408676147461,0.157866894840263,2024-11-15,93.2217483520508,0.0649501205564131
2024-12-17,98.5319061279297,2024-04-11,80.5561218261719,0.223146098573947,2024-09-18,85.6725006103516,0.150099570176715,2024-11-15,93.2217483520508,0.0569626494863102
2024-12-18,95.7200698852539,2024-04-12,79.2312164306641,0.208110567998402,2024-09-19,86.8348617553711,0.102323052634252,2024-11-18,94.142707824707,0.0167550105259762
2024-12-19,95.4555435180664,2024-04-12,79.2312164306641,0.204771904538414,2024-09-20,86.8348617553711,0.0992767373429035,2024-11-19,94.7599334716797,0.00734076123633653
2024-12-20,95.9747924804688,2024-04-12,79.2312164306641,0.211325495228982,2024-09-20,86.8348617553711,0.105256466588804,2024-11-20,95.3673629760742,0.00636936458594262
2024-12-23,96.4993362426758,2024-04-17,77.8965606689453,0.238813824563974,2024-09-24,87.4413223266602,0.103589626448889,2024-11-22,94.9166870117188,0.0166740884114678
2024-12-24,97.4128646850586,2024-04-18,78.2765045166016,0.244471317244352,2024-09-25,87.1669921875,0.117543031374987,2024-11-22,94.9166870117188,0.0262986177871087
2024-12-26,97.2851791381836,2024-04-19,77.4192123413086,0.256602543426745,2024-09-27,88.185920715332,0.103182666224287,2024-11-26,95.7592620849609,0.0159349291128499
2024-12-27,96.4207611083984,2024-04-19,77.4192123413086,0.245437123324376,2024-09-27,88.185920715332,0.0933804435704519,2024-11-27,95.8866271972656,0.00557047345125561
2024-12-30,95.4090042114258,2024-04-24,78.7538528442383,0.211483638776741,2024-10-01,88.636589050293,0.0764065408393604,2024-11-29,96.405891418457,-0.0103405216461741
2024-12-31,95.0946807861328,2024-04-25,75.9481735229492,0.252099640781988,2024-10-02,88.3622665405273,0.0761910542722173,2024-11-29,96.405891418457,-0.0136009388330101
2025-01-02,95.5563507080078,2024-04-26,78.0426940917969,0.224411225419905,2024-10-04,89.0382766723633,0.0732053031487712,2024-12-03,97.9832611083984,-0.0247686224456825
2025-01-03,96.1457214355469,2024-04-26,78.0426940917969,0.231963126778485,2024-10-04,89.0382766723633,0.0798245993612057,2024-12-04,98.2086029052734,-0.0210050994383486
2025-01-06,97.1869430541992,2024-05-01,76.5521774291992,0.269551648535203,2024-10-08,88.6169891357422,0.0967077983808466,2024-12-06,98.8846206665039,-0.0171682674298791
2025-01-07,96.1064376831055,2024-05-02,77.3217926025391,0.24294114826238,2024-10-09,88.6463928222656,0.0841550865560554,2024-12-06,98.8846206665039,-0.0280951978646716
2025-01-08,95.5367126464844,2024-05-03,78.1401214599609,0.222633275473439,2024-10-10,87.9899673461914,0.0857682475389578,2024-12-09,96.778190612793,-0.0128280758138546
2025-01-10,94.1124038696289,2024-05-03,78.1401214599609,0.204405651171814,2024-10-11,88.5974044799805,0.0622478663118693,2024-12-11,99.9035415649414,-0.0579672912951542
2025-01-13,94.1516876220703,2024-05-08,79.1630249023438,0.189339186295834,2024-10-15,89.204833984375,0.0554549951694525,2024-12-13,98.894416809082,-0.0479575019504657
2025-01-14,93.8373641967773,2024-05-09,79.5624465942383,0.17941778079475,2024-10-16,89.1460494995117,0.0526250431017845,2024-12-13,98.894416809082,-0.0511358757700898
2025-01-15,95.3795394897461,2024-05-10,79.6793365478516,0.197042340236678,2024-10-17,88.7247772216797,0.0750045531412202,2024-12-16,99.2765121459961,-0.0392537224768645
2025-01-16,94.8392944335938,2024-05-10,79.6793365478516,0.190262099843638,2024-10-18,89.3811950683594,0.0610654104709609,2024-12-17,98.5319061279297,-0.0374763042698227
2025-01-17,95.6643981933594,2024-05-10,79.6793365478516,0.200617403935184,2024-10-18,89.3811950683594,0.0702967007791131,2024-12-18,95.7200698852539,-0.000581609394573857
2025-01-21,96.5288162231445,2024-05-16,80.341796875,0.201476939497994,2024-10-23,88.4798355102539,0.0909696618045568,2024-12-20,95.9747924804688,0.00577259641158889
2025-01-22,97.4914474487305,2024-05-17,80.4781875610352,0.211402125262729,2024-10-24,88.7835540771484,0.0980800268934416,2024-12-23,96.4993362426758,0.010281015856521
2025-01-23,97.7468490600586,2024-05-17,80.4781875610352,0.214575675998254,2024-10-25,89.0088958740234,0.0981694368886701,2024-12-24,97.4128646850586,0.00342854484445954
2025-01-24,98.6309051513672,2024-05-17,80.4781875610352,0.225560715772394,2024-10-25,89.0088958740234,0.108101658636032,2024-12-24,97.4128646850586,0.0125038974086904
2025-01-27,99.1416854858398,2024-05-22,80.7022323608398,0.228487522408954,2024-10-29,90.4197082519531,0.0964610194227022,2024-12-27,96.4207611083984,0.0282192791901164
2025-01-28,99.6229934692383,2024-05-23,79.786491394043,0.248619806794466,2024-10-30,90.9683532714844,0.0951390223798505,2024-12-27,96.4207611083984,0.0332110255512277
2025-01-29,100.065032958984,2024-05-24,80.8094100952148,0.23828441317764,2024-10-31,90.1747817993164,0.109678681359925,2024-12-30,95.4090042114258,0.0488007267871788
2025-01-30,100.16325378418,2024-05-24,80.8094100952148,0.239499875895157,2024-11-01,90.5274810791016,0.106440305089882,2024-12-31,95.0946807861328,0.0533002787973604
2025-01-31,100.565986633301,2024-05-24,80.8094100952148,0.244483612920914,2024-11-01,90.5274810791016,0.110889040924796,2024-12-31,95.0946807861328,0.0575353511041581
2025-02-03,100.782089233398,2024-05-29,80.5171585083008,0.251684623508025,2024-11-05,91.2230911254883,0.104787044485925,2025-01-03,96.1457214355469,0.048222299740708
2025-02-04,101.685791015625,2024-05-30,80.2541122436523,0.267047733415901,2024-11-06,93.466682434082,0.0879362396043053,2025-01-03,96.1457214355469,0.0576215924885646
2025-02-05,100.703514099121,2024-05-31,81.1114044189453,0.241545684241655,2024-11-07,94.6913681030273,0.0634920174513935,2025-01-06,97.1869430541992,0.0361835750195452
2025-02-06,101.135711669922,2024-05-31,81.1114044189453,0.246874128174995,2024-11-08,94.2308731079102,0.0732757570239695,2025-01-07,96.1064376831055,0.0523302507933918
2025-02-07,100.91960144043,2024-05-31,81.1114044189453,0.244209765117293,2024-11-08,94.2308731079102,0.0709823448718321,2025-01-08,95.5367126464844,0.0563436677360216
2025-02-10,101.371467590332,2024-06-05,82.7383117675781,0.2252058982675,2024-11-12,95.1910171508789,0.0649268242365459,2025-01-10,94.1124038696289,0.0771318489617894
2025-02-11,101.538459777832,2024-06-06,82.7870330810547,0.226501977410138,2024-11-13,95.2302093505859,0.0662421144536451,2025-01-10,94.1124038696289,0.0789062398033125
2025-02-12,101.646514892578,2024-06-07,82.2219924926758,0.236244851420168,2024-11-14,95.1224365234375,0.0685861149859543,2025-01-13,94.1516876220703,0.0796037485869867
2025-02-13,102.815414428711,2024-06-07,82.2219924926758,0.250461236850586,2024-11-15,93.2217483520508,0.102912316559756,2025-01-14,93.8373641967773,0.0956767094726423
2025-02-14,103.44408416748,2024-06-07,82.2219924926758,0.258107241522943,2024-11-15,93.2217483520508,0.10965612634538,2025-01-15,95.3795394897461,0.0845521452596381
2025-02-18,102.962760925293,2024-06-13,81.695930480957,0.260316888725481,2024-11-20,95.3673629760742,0.0796435773433755,2025-01-17,95.6643981933594,0.0762913149485553
2025-02-19,103.080627441406,2024-06-14,81.9589614868164,0.257710268302843,2024-11-21,95.1224365234375,0.0836626058880219,2025-01-17,95.6643981933594,0.0775233983394428
2025-02-20,102.599311828613,2024-06-14,81.9589614868164,0.251837626628749,2024-11-22,94.9166870117188,0.0809407182105502,2025-01-21,96.5288162231445,0.0628879110196034
2025-02-21,101.19465637207,2024-06-14,81.9589614868164,0.23469910472631,2024-11-22,94.9166870117188,0.0661418930432798,2025-01-22,97.4914474487305,0.0379849619658925
2025-02-24,101.391105651855,2024-06-18,81.8615264892578,0.2385684704421,2024-11-26,95.7592620849609,0.0588125205256675,2025-01-24,98.6309051513672,0.0279851482276499
2025-02-25,99.8882217407227,2024-06-20,82.2122497558594,0.215004114804722,2024-11-27,95.8866271972656,0.0417325612592947,2025-01-24,98.6309051513672,0.0127476939142541
2025-02-26,99.7114105224609,2024-06-21,82.748046875,0.205000169648547,2024-11-27,95.8866271972656,0.039888600078994,2025-01-27,99.1416854858398,0.00574657404530887
2025-02-27,98.748779296875,2024-06-21,82.748046875,0.193366889324238,2024-11-29,96.405891418457,0.0243023309462331,2025-01-28,99.6229934692383,-0.00877522489457438
2025-02-28,100.192733764648,2024-06-21,82.748046875,0.210816902010999,2024-11-29,96.405891418457,0.0392801963705134,2025-01-29,100.065032958984,0.00127617812024705
2025-03-03,99.190803527832,2024-06-26,83.9631500244141,0.181361150683249,2024-12-03,97.9832611083984,0.0123239664180774,2025-01-31,100.565986633301,-0.0136744355771414
2025-03-04,98.4049682617188,2024-06-27,84.441764831543,0.1653589720446,2024-12-04,98.2086029052734,0.00199947204864248,2025-01-31,100.565986633301,-0.0214885613309981
2025-03-05,99.6721115112305,2024-06-28,83.6701202392578,0.191250965412914,2024-12-05,97.9832611083984,0.0172361113901249,2025-02-03,100.782089233398,-0.0110136407233768
2025-03-06,97.8843612670898,2024-06-28,83.6701202392578,0.169884314581907,2024-12-06,98.8846206665039,-0.0101154192904023,2025-02-04,101.685791015625,-0.0373840800230489
2025-03-07,98.5130157470703,2024-06-28,83.6701202392578,0.177397803007438,2024-12-06,98.8846206665039,-0.00375796475659085,2025-02-05,100.703514099121,-0.0217519554471027
2025-03-10,96.0573120117188,2024-07-03,84.0901412963867,0.142313599797058,2024-12-10,98.2967834472656,-0.02278275399264,2025-02-07,100.91960144043,-0.0481798318593341
2025-03-11,94.6428375244141,2024-07-03,84.0901412963867,0.125492668526183,2024-12-11,99.9035415649414,-0.0526578333272366,2025-02-07,100.91960144043,-0.0621956867291101
2025-03-12,95.1143341064453,2024-07-05,85.7213516235352,0.109575762689343,2024-12-12,100.089706420898,-0.0497091308623747,2025-02-10,101.371467590332,-0.0617247992223353
2025-03-13,93.1595840454102,2024-07-05,85.7213516235352,0.0867722251340797,2024-12-13,98.894416809082,-0.0579894492400225,2025-02-11,101.538459777832,-0.0825192321289393
2025-03-14,94.8687515258789,2024-07-05,85.7213516235352,0.106710868752008,2024-12-13,98.894416809082,-0.0407066992565898,2025-02-12,101.646514892578,-0.0666797417881182
2025-03-17,95.5465240478516,2024-07-10,85.7506408691406,0.114236850936892,2024-12-17,98.5319061279297,-0.0302986331777853,2025-02-14,103.44408416748,-0.0763461746816031
2025-03-18,94.2106323242188,2024-07-11,84.5785140991211,0.113883748463698,2024-12-18,95.7200698852539,-0.0157692902109725,2025-02-14,103.44408416748,-0.0892603179541167
2025-03-19,95.3304290771484,2024-07-12,84.3050155639648,0.130780042437905,2024-12-19,95.4555435180664,-0.00131070900973174,2025-02-14,103.44408416748,-0.0784351773775258
2025-03-20,95.124153137207,2024-07-12,84.3050155639648,0.12833326108615,2024-12-20,95.9747924804688,-0.00886315376440983,2025-02-18,102.962760925293,-0.0761305127955281
2025-03-21,95.8706817626953,2024-07-12,84.3050155639648,0.137188352571446,2024-12-20,95.9747924804688,-0.00108477148095554,2025-02-19,103.080627441406,-0.0699447205325679
2025-03-24,97.2282867431641,2024-07-17,83.5529174804688,0.163673150801611,2024-12-24,97.4128646850586,-0.00189480047108026,2025-02-21,101.19465637207,-0.0391954454029945
2025-03-25,98.4597625732422,2024-07-18,83.5040740966797,0.179101303000463,2024-12-24,97.4128646850586,0.0107470188005279,2025-02-21,101.19465637207,-0.0270260693289232
2025-03-26,97.6223526000977,2024-07-19,83.1329040527344,0.174292582611719,2024-12-26,97.2851791381836,0.00346582557488162,2025-02-24,101.391105651855,-0.0371704502828731
2025-03-27,97.1888656616211,2024-07-19,83.1329040527344,0.169078197965639,2024-12-27,96.4207611083984,0.00796617392761645,2025-02-25,99.8882217407227,-0.0270237674879048
2025-03-28,94.3219757080078,2024-07-19,83.1329040527344,0.134592575379969,2024-12-27,96.4207611083984,-0.0217669449635555,2025-02-26,99.7114105224609,-0.0540503317144342
2025-03-31,95.0214614868164,2024-07-24,81.1891250610352,0.170371788283007,2024-12-31,95.0946807861328,-0.000769962091581755,2025-02-28,100.192733764648,-0.0516132466250426
2025-04-01,95.0805740356445,2024-07-25,80.2514419555664,0.184783372344745,2024-12-31,95.0946807861328,-0.000148344264596756,2025-02-28,100.192733764648,-0.05102325824358
2025-04-02,95.41552734375,2024-07-26,81.7556381225586,0.167081922848111,2025-01-02,95.5563507080078,-0.00147372061840367,2025-03-03,99.190803527832,-0.0380607480714957
2025-04-03,91.1595153808594,2024-07-26,81.7556381225586,0.115024204742963,2025-01-03,96.1457214355469,-0.0518609250649816,2025-03-04,98.4049682617188,-0.0736289336691752
2025-04-04,85.9380264282227,2024-07-26,81.7556381225586,0.0511571850175558,2025-01-03,96.1457214355469,-0.106168999045549,2025-03-05,99.6721115112305,-0.137792657091049
2025-04-07,86.0562286376953,2024-07-31,83.7971115112305,0.0269593675214219,2025-01-07,96.1064376831055,-0.104573733952652,2025-03-07,98.5130157470703,-0.126448134948558
2025-04-08,84.8543090820312,2024-08-01,84.1389770507812,0.00850179139708662,2025-01-08,95.5367126464844,-0.111814644533368,2025-03-07,98.5130157470703,-0.138648751755884
2025-04-09,92.3515930175781,2024-08-02,82.771484375,0.115741655654923,2025-01-08,95.5367126464844,-0.0333392215481831,2025-03-10,96.0573120117188,-0.0385782083272177
2025-04-10,89.1595764160156,2024-08-02,82.771484375,0.0771774493263173,2025-01-10,94.1124038696289,-0.052626723470737,2025-03-11,94.6428375244141,-0.0579363557964329
2025-04-11,89.9181747436523,2024-08-02,82.771484375,0.0863424212168762,2025-01-10,94.1124038696289,-0.0445661671949927,2025-03-12,95.1143341064453,-0.0546306654155598
2025-04-14,90.5191421508789,2024-08-07,80.9156265258789,0.118685549841582,2025-01-14,93.8373641967773,-0.0353614157249783,2025-03-14,94.8687515258789,-0.0458487047108814
2025-04-15,90.745735168457,2024-08-08,82.5272979736328,0.0995844695830221,2025-01-15,95.3795394897461,-0.0485827919287366,2025-03-14,94.8687515258789,-0.0434602152037087
2025-04-16,88.3024673461914,2024-08-09,83.230583190918,0.0609377462084979,2025-01-16,94.8392944335938,-0.0689253028129541,2025-03-17,95.5465240478516,-0.0758170616236358
2025-04-17,88.8738784790039,2024-08-09,83.230583190918,0.0678031448505065,2025-01-17,95.6643981933594,-0.0709827254714998,2025-03-18,94.2106323242188,-0.0566470441133313
2025-04-21,86.8739318847656,2024-08-14,83.250114440918,0.043529278826631,2025-01-21,96.5288162231445,-0.100020747338907,2025-03-21,95.8706817626953,-0.093842556582616
2025-04-22,89.1398773193359,2024-08-15,84.0022201538086,0.0611609687948755,2025-01-22,97.4914474487305,-0.0856646439041386,2025-03-21,95.8706817626953,-0.0702071198369055
2025-04-23,90.5683975219727,2024-08-16,84.2561874389648,0.0749168728715666,2025-01-23,97.7468490600586,-0.0734392116688619,2025-03-24,97.2282867431641,-0.0684974449748766
2025-04-24,92.3811492919922,2024-08-16,84.2561874389648,0.0964316342810203,2025-01-24,98.6309051513672,-0.0633650867320299,2025-03-25,98.4597625732422,-0.0617370296493275
2025-04-25,92.9624099731445,2024-08-16,84.2561874389648,0.103330364200095,2025-01-24,98.6309051513672,-0.0574717951693067,2025-03-26,97.6223526000977,-0.0477343815513465
2025-04-28,93.3170852661133,2024-08-21,85.5162200927734,0.0912208837677457,2025-01-28,99.6229934692383,-0.0632977185640596,2025-03-28,94.3219757080078,-0.0106538315631275
2025-04-29,93.9968566894531,2024-08-22,84.8715667724609,0.107518810645465,2025-01-29,100.065032958984,-0.0606423251968401,2025-03-28,94.3219757080078,-0.00344690636635037
2025-04-30,94.0264129638672,2024-08-23,85.4673919677734,0.10014370158061,2025-01-30,100.16325378418,-0.0612683852457053,2025-03-31,95.0214614868164,-0.010471829283401
2025-05-01,94.509162902832,2024-08-23,85.4673919677734,0.105792053868544,2025-01-31,100.565986633301,-0.0602273585059535,2025-04-01,95.0805740356445,-0.00600975686787775
2025-05-02,95.9770965576172,2024-08-23,85.4673919677734,0.122967418893589,2025-01-31,100.565986633301,-0.0456306374481891,2025-04-02,95.41552734375,0.0058855118186798
2025-05-05,96.2036819458008,2024-08-28,84.9008483886719,0.133129806964768,2025-02-04,101.685791015625,-0.0539122429502648,2025-04-04,85.9380264282227,0.119454168826558
2025-05-06,96.183967590332,2024-08-29,84.7250442504883,0.135248360637802,2025-02-05,100.703514099121,-0.0448797298606732,2025-04-04,85.9380264282227,0.119224766822718
2025-05-07,96.0066299438477,2024-08-30,85.2915725708008,0.125628559189154,2025-02-06,101.135711669922,-0.0507148428718639,2025-04-07,86.0562286376953,0.115626741534822
2025-05-08,96.2332305908203,2024-08-30,85.2915725708008,0.128285335704613,2025-02-07,100.91960144043,-0.0464366761533,2025-04-08,84.8543090820312,0.134099512822486
2025-05-09,95.7406463623047,2024-08-30,85.2915725708008,0.122510037938743,2025-02-07,100.91960144043,-0.0513176330881767,2025-04-09,92.3515930175781,0.0366972916653585
2025-05-12,97.7307205200195,2024-09-04,83.3282470703125,0.172840230726973,2025-02-11,101.538459777832,-0.0375004630377881,2025-04-11,89.9181747436523,0.0868850574273772
2025-05-13,98.6863632202148,2024-09-05,83.5724411010742,0.180848159034406,2025-02-12,101.646514892578,-0.0291220183544082,2025-04-11,89.9181747436523,0.0975129722279142
2025-05-14,99.1986541748047,2024-09-06,81.8240280151367,0.212341369413564,2025-02-13,102.815414428711,-0.035177218066013,2025-04-14,90.5191421508789,0.0958859288509231
2025-05-15,99.5927276611328,2024-09-06,81.8240280151367,0.217157479007377,2025-02-14,103.44408416748,-0.0372312881625224,2025-04-15,90.745735168457,0.0974921022597097
2025-05-16,100.272506713867,2024-09-06,81.8240280151367,0.225465296029153,2025-02-14,103.44408416748,-0.0306598243789211,2025-04-16,88.3024673461914,0.135557246897157
2025-05-19,100.371025085449,2024-09-11,82.4980010986328,0.216647964178524,2025-02-18,102.962760925293,-0.0251715845277715,2025-04-17,88.8738784790039,0.129364744773252
2025-05-20,100.124732971191,2024-09-12,84.0413055419922,0.191375268690501,2025-02-19,103.080627441406,-0.0286755576055747,2025-04-17,88.8738784790039,0.12659349051415
2025-05-21,99.3759918212891,2024-09-13,84.8520202636719,0.171168246937256,2025-02-20,102.599311828613,-0.03141658506159,2025-04-21,86.8739318847656,0.143910372942563
2025-05-22,99.1592559814453,2024-09-13,84.8520202636719,0.168613966683583,2025-02-21,101.19465637207,-0.0201137141386328,2025-04-22,89.1398773193359,0.112400633290259
2025-05-23,98.7060699462891,2024-09-13,84.8520202636719,0.163273068096277,2025-02-21,101.19465637207,-0.024592073484901,2025-04-23,90.5683975219727,0.0898511251934444
2025-05-27,100.311920166016,2024-09-19,86.8348617553711,0.155203315099548,2025-02-26,99.7114105224609,0.00602247666950229,2025-04-25,92.9624099731445,0.0790589464601259
2025-05-28,100.292213439941,2024-09-20,86.8348617553711,0.154976370233444,2025-02-27,98.748779296875,0.0156299060510539,2025-04-28,93.3170852661133,0.0747465285047972
2025-05-29,99.4843673706055,2024-09-20,86.8348617553711,0.145673124359549,2025-02-28,100.192733764648,-0.0070700375908187,2025-04-29,93.9968566894531,0.0583797253910521
2025-05-30,99.8981475830078,2024-09-20,86.8348617553711,0.150438263660029,2025-02-28,100.192733764648,-0.00294019506776433,2025-04-30,94.0264129638672,0.0624477147862379
2025-06-02,100.390739440918,2024-09-25,87.1669921875,0.151705902906149,2025-03-04,98.4049682617188,0.0201795825381277,2025-05-02,95.9770965576172,0.0459864180268377
2025-06-03,100.105026245117,2024-09-26,87.6568603515625,0.142010172890396,2025-03-05,99.6721115112305,0.00434338881080021,2025-05-02,95.9770965576172,0.0430095286850223
2025-06-04,100.745399475098,2024-09-27,88.185920715332,0.142420452810241,2025-03-06,97.8843612670898,0.0292287569839793,2025-05-05,96.2036819458008,0.0472093940422735
2025-06-05,100.883331298828,2024-09-27,88.185920715332,0.143984555363252,2025-03-07,98.5130157470703,0.0240609378748846,2025-05-06,96.183967590332,0.0488580771434972
2025-06-06,102.173919677734,2024-09-27,88.185920715332,0.158619412814844,2025-03-07,98.5130157470703,0.0371616268459727,2025-05-07,96.0066299438477,0.0642381649839583
2025-06-09,101.878379821777,2024-10-02,88.3622665405273,0.152962500968112,2025-03-11,94.6428375244141,0.0764510288007458,2025-05-09,95.7406463623047,0.0641079175112949
2025-06-10,103.168968200684,2024-10-03,88.0585479736328,0.171595155436531,2025-03-12,95.1143341064453,0.0846837037751227,2025-05-09,95.7406463623047,0.0775879641575474
2025-06-11,102.932518005371,2024-10-04,89.0382766723633,0.156047958836118,2025-03-13,93.1595840454102,0.104905298366265,2025-05-12,97.7307205200195,0.0532258174059612
2025-06-12,102.095108032227,2024-10-04,89.0382766723633,0.146642902893425,2025-03-14,94.8687515258789,0.0761721472046188,2025-05-13,98.6863632202148,0.0345411939479949
2025-06-13,101.060668945312,2024-10-04,89.0382766723633,0.135024988378744,2025-03-14,94.8687515258789,0.0652682502915043,2025-05-14,99.1986541748047,0.0187705648428118
2025-06-16,102.794593811035,2024-10-09,88.6463928222656,0.159602670095516,2025-03-18,94.2106323242188,0.0911145724749551,2025-05-16,100.272506713867,0.0251523291859539
2025-06-17,101.888221740723,2024-10-10,87.9899673461914,0.157952716812013,2025-03-19,95.3304290771484,0.0687901305706615,2025-05-16,100.272506713867,0.0161132406060813
2025-06-18,101.937484741211,2024-10-11,88.5974044799805,0.150569650877806,2025-03-20,95.124153137207,0.0716256742299335,2025-05-19,100.371025085449,0.0156066918159712
2025-06-20,101.31681060791,2024-10-11,88.5974044799805,0.143564094259711,2025-03-21,95.8706817626953,0.0568070315667035,2025-05-21,99.3759918212891,0.0195300570193184
2025-06-23,102.599685668945,2024-10-16,89.1460494995117,0.150916796032642,2025-03-25,98.4597625732422,0.0420468523131317,2025-05-23,98.7060699462891,0.0394465682280227
2025-06-24,103.923034667969,2024-10-17,88.7247772216797,0.17129665378946,2025-03-26,97.6223526000977,0.064541387295606,2025-05-23,98.7060699462891,0.0528535349904875
2025-06-25,103.903289794922,2024-10-18,89.3811950683594,0.162473714022909,2025-03-27,97.1888656616211,0.0690863514826703,2025-05-23,98.7060699462891,0.0526534979202482
2025-06-26,105.108139038086,2024-10-18,89.3811950683594,0.175953610350572,2025-03-28,94.3219757080078,0.114354722206719,2025-05-27,100.311920166016,0.0478130501752194
2025-06-27,106.342613220215,2024-10-18,89.3811950683594,0.189764951552541,2025-03-28,94.3219757080078,0.127442596722309,2025-05-28,100.292213439941,0.0603277121199108
2025-06-30,107.182052612305,2024-10-23,88.4798355102539,0.211372647724728,2025-04-01,95.0805740356445,0.12727603613461,2025-05-30,99.8981475830078,0.0729133142658576
2025-07-01,106.421615600586,2024-10-24,88.7835540771484,0.198663611822871,2025-04-02,95.41552734375,0.115349027178613,2025-05-30,99.8981475830078,0.065301191017157
2025-07-02,106.115463256836,2024-10-25,89.0088958740234,0.192189412247332,2025-04-03,91.1595153808594,0.164063486005728,2025-06-02,100.390739440918,0.0570244212543838
2025-07-03,106.698143005371,2024-10-25,89.0088958740234,0.198735721386587,2025-04-04,85.9380264282227,0.241570785832367,2025-06-03,100.105026245117,0.0658619952219981
2025-07-07,105.671058654785,2024-10-30,90.9683532714844,0.161624398535854,2025-04-08,84.8543090820312,0.245323423146722,2025-06-06,102.173919677734,0.0342273154253165
2025-07-08,105.45378112793,2024-10-31,90.1747817993164,0.169437607984643,2025-04-09,92.3515930175781,0.141872897718805,2025-06-06,102.173919677734,0.0321007695558737
2025-07-09,105.73030090332,2024-11-01,90.5274810791016,0.167935964228749,2025-04-10,89.1595764160156,0.185854679367096,2025-06-09,101.878379821777,0.0378090139270117
2025-07-10,105.374771118164,2024-11-01,90.5274810791016,0.164008650876844,2025-04-11,89.9181747436523,0.171896242540253,2025-06-10,103.168968200684,0.0213804882994444
2025-07-11,104.693351745605,2024-11-01,90.5274810791016,0.156481440747545,2025-04-11,89.9181747436523,0.164318026295303,2025-06-11,102.932518005371,0.0171066809046925
2025-07-14,105.720443725586,2024-11-06,93.466682434082,0.131102987421704,2025-04-15,90.745735168457,0.165018317713008,2025-06-13,101.060668945312,0.0461086872757097
2025-07-15,104.673599243164,2024-11-07,94.6913681030273,0.105418596648384,2025-04-16,88.3024673461914,0.185398351699385,2025-06-13,101.060668945312,0.0357501126358726
2025-07-16,104.989624023438,2024-11-08,94.2308731079102,0.114174373649353,2025-04-17,88.8738784790039,0.181332758513975,2025-06-16,102.794593811035,0.0213535569432515
2025-07-17,105.355026245117,2024-11-08,94.2308731079102,0.118052107237381,2025-04-17,88.8738784790039,0.185444227799813,2025-06-17,101.888221740723,0.0340255668924776
2025-07-18,104.871116638184,2024-11-08,94.2308731079102,0.112916745641193,2025-04-17,88.8738784790039,0.179999325256847,2025-06-18,101.937484741211,0.0287787353633482
2025-07-21,106.273475646973,2024-11-13,95.2302093505859,0.115963898133747,2025-04-22,89.1398773193359,0.192210252503008,2025-06-20,101.31681060791,0.0489224345823962
2025-07-22,106.520378112793,2024-11-14,95.1224365234375,0.119823902813371,2025-04-23,90.5683975219727,0.17613186307012,2025-06-20,101.31681060791,0.0513593694240957
2025-07-23,107.103042602539,2024-11-15,93.2217483520508,0.148906177966817,2025-04-24,92.3811492919922,0.159360361105867,2025-06-23,102.599685668945,0.0438925022453243
2025-07-24,107.280807495117,2024-11-15,93.2217483520508,0.15081308162096,2025-04-25,92.9624099731445,0.154023519034296,2025-06-24,103.923034667969,0.032310188380049
2025-07-25,106.283355712891,2024-11-15,93.2217483520508,0.140113306087254,2025-04-25,92.9624099731445,0.143293894205134,2025-06-25,103.903289794922,0.0229065501454899
2025-07-28,105.710563659668,2024-11-20,95.3673629760742,0.108456398088606,2025-04-29,93.9968566894531,0.124618071101192,2025-06-27,106.342613220215,-0.00594352105339035
2025-07-29,104.801986694336,2024-11-21,95.1224365234375,0.101758854426668,2025-04-30,94.0264129638672,0.114601561314581,2025-06-27,106.342613220215,-0.0144873863752866
2025-07-30,105.127883911133,2024-11-22,94.9166870117188,0.107580629085309,2025-05-01,94.509162902832,0.112356523771332,2025-06-30,107.182052612305,-0.0191652301024887
2025-07-31,106.075973510742,2024-11-22,94.9166870117188,0.117569279442356,2025-05-02,95.9770965576172,0.105221738470307,2025-07-01,106.421615600586,-0.00324785606658118
2025-08-01,104.801986694336,2024-11-22,94.9166870117188,0.10414712095247,2025-05-02,95.9770965576172,0.0919478756207317,2025-07-02,106.115463256836,-0.0123778054789332
2025-08-04,106.816650390625,2024-11-27,95.8866271972656,0.113989025506896,2025-05-06,96.183967590332,0.110545271386389,2025-07-03,106.698143005371,0.00111067898574335
2025-08-05,105.987083435059,2024-11-27,95.8866271972656,0.10533748587291,2025-05-07,96.0066299438477,0.103955877808109,2025-07-03,106.698143005371,-0.00666421692340702
2025-08-06,106.391998291016,2024-11-29,96.405891418457,0.103583989791797,2025-05-08,96.2332305908203,0.105564030614227,2025-07-07,105.671058654785,0.00682248900889393
2025-08-07,105.937698364258,2024-11-29,96.405891418457,0.0988716229429094,2025-05-09,95.7406463623047,0.106507031124118,2025-07-08,105.45378112793,0.00458890360451902
2025-08-08,106.293228149414,2024-11-29,96.405891418457,0.102559465873722,2025-05-09,95.7406463623047,0.1102204986916,2025-07-09,105.73030090332,0.00532418087609976
2025-08-11,106.836402893066,2024-12-04,98.2086029052734,0.0878517740051232,2025-05-13,98.6863632202148,0.0825852671727811,2025-07-11,104.693351745605,0.0204697921284278
2025-08-12,108.880699157715,2024-12-05,97.9832611083984,0.11121734392225,2025-05-14,99.1986541748047,0.0976025840617634,2025-07-11,104.693351745605,0.0399963067596136
2025-08-13,109.730003356934,2024-12-06,98.8846206665039,0.109677143091913,2025-05-15,99.5927276611328,0.101787308510047,2025-07-14,105.720443725586,0.0379260575348614
2025-08-14,109.818885803223,2024-12-06,98.8846206665039,0.110575993142507,2025-05-16,100.272506713867,0.0952043526407147,2025-07-15,104.673599243164,0.0491555329831139
2025-08-15,110.095420837402,2024-12-06,98.8846206665039,0.113372535540261,2025-05-16,100.272506713867,0.0979621876968264,2025-07-16,104.989624023438,0.0486314420254048
2025-08-18,109.423866271973,2024-12-11,99.9035415649414,0.0952951672973741,2025-05-20,100.124732971191,0.0928754866538006,2025-07-18,104.871116638184,0.0434128078324609
2025-08-19,108.811561584473,2024-12-12,100.089706420898,0.0871403811186833,2025-05-21,99.3759918212891,0.0949481820533864,2025-07-18,104.871116638184,0.0375741679177881
2025-08-20,108.485656738281,2024-12-13,98.894416809082,0.0969846452273975,2025-05-22,99.1592559814453,0.0940547673994354,2025-07-21,106.273475646973,0.0208159286956717
2025-08-21,108.367149353027,2024-12-13,98.894416809082,0.0957863229249092,2025-05-23,98.7060699462891,0.0978772573155364,2025-07-22,106.520378112793,0.0173372576492252
2025-08-22,109.927520751953,2024-12-13,98.894416809082,0.111564477539422,2025-05-23,98.7060699462891,0.113685519155714,2025-07-23,107.103042602539,0.0263715958088673
2025-08-25,110.105278015137,2024-12-18,95.7200698852539,0.150284137351,2025-05-27,100.311920166016,0.0976290537845665,2025-07-25,106.283355712891,0.0359597443702331
2025-08-26,109.621376037598,2024-12-19,95.4555435180664,0.148402408047157,2025-05-28,100.292213439941,0.0930198095911292,2025-07-25,106.283355712891,0.0314068021499454
2025-08-27,109.809013366699,2024-12-20,95.9747924804688,0.144144316738645,2025-05-29,99.4843673706055,0.103781591711105,2025-07-28,105.710563659668,0.0387704839057155
2025-08-28,110.22380065918,2024-12-20,95.9747924804688,0.148466152522399,2025-05-30,99.8981475830078,0.103361807260661,2025-07-29,104.801986694336,0.0517338853571252
2025-08-29,110.006530761719,2024-12-20,95.9747924804688,0.146202329993113,2025-05-30,99.8981475830078,0.101186893083394,2025-07-30,105.127883911133,0.0464067825688379
2025-09-02,109.818885803223,2024-12-26,97.2851791381836,0.128834697906412,2025-06-04,100.745399475098,0.0900635301998856,2025-08-01,104.801986694336,0.0478702672261255
2025-09-03,111.655784606934,2024-12-27,96.4207611083984,0.158005634091683,2025-06-05,100.883331298828,0.106781300433034,2025-08-04,106.816650390625,0.0453031825900929
2025-09-04,112.663124084473,2024-12-27,96.4207611083984,0.168452963753462,2025-06-06,102.173919677734,0.102660291783091,2025-08-05,105.987083435059,0.0629891910697276
2025-09-05,113.265548706055,2024-12-27,96.4207611083984,0.174700836251634,2025-06-06,102.173919677734,0.108556362164673,2025-08-06,106.391998291016,0.0646058963592142
2025-09-08,113.393936157227,2024-12-31,95.0946807861328,0.192431955392423,2025-06-10,103.168968200684,0.0991089485033274,2025-08-08,106.293228149414,0.066803013996632
2025-09-09,114.035850524902,2025-01-02,95.5563507080078,0.193388505106924,2025-06-11,102.932518005371,0.107870017509451,2025-08-08,106.293228149414,0.0728421039636189
2025-09-10,113.196426391602,2025-01-03,96.1457214355469,0.177342316449151,2025-06-12,102.095108032227,0.108735066482038,2025-08-11,106.836402893066,0.0595304907906808
2025-09-11,114.934555053711,2025-01-03,96.1457214355469,0.195420382078671,2025-06-13,101.060668945312,0.137282745633775,2025-08-12,108.880699157715,0.0556008176180705
2025-09-12,115.892501831055,2025-01-03,96.1457214355469,0.205383870448623,2025-06-13,101.060668945312,0.146761673364424,2025-08-13,109.730003356934,0.0561605603353121
2025-09-15,117.522010803223,2025-01-08,95.5367126464844,0.230124080552057,2025-06-17,101.888221740723,0.153440592007619,2025-08-15,110.095420837402,0.0674559387605094
2025-09-16,117.047973632812,2025-01-08,95.5367126464844,0.225162248003304,2025-06-18,101.937484741211,0.148232899114223,2025-08-15,110.095420837402,0.0631502449650312
2025-09-17,117.354133605957,2025-01-10,94.1124038696289,0.246957136155232,2025-06-18,101.937484741211,0.15123630825191,2025-08-18,109.423866271973,0.0724729220796654
2025-09-18,117.443000793457,2025-01-10,94.1124038696289,0.247901402626452,2025-06-20,101.31681060791,0.159165987251161,2025-08-19,108.811561584473,0.0793246515654831
2025-09-19,117.926918029785,2025-01-10,94.1124038696289,0.25304330971235,2025-06-20,101.31681060791,0.163942265081311,2025-08-20,108.485656738281,0.0870277378168132
2025-09-22,117.515647888184,2025-01-15,95.3795394897461,0.232084454557649,2025-06-24,103.923034667969,0.130794999045619,2025-08-22,109.927520751953,0.0690284569716875
2025-09-23,117.347175598145,2025-01-16,94.8392944335938,0.237326535366738,2025-06-25,103.903289794922,0.129388451797411,2025-08-22,109.927520751953,0.0674958808807626
2025-09-24,116.3759765625,2025-01-17,95.6643981933594,0.216502468632875,2025-06-26,105.108139038086,0.107202331118537,2025-08-25,110.105278015137,0.0569518433666842
2025-09-25,115.979553222656,2025-01-17,95.6643981933594,0.21235857239425,2025-06-27,106.342613220215,0.0906216211039046,2025-08-26,109.621376037598,0.0580012531760035
2025-09-26,117.109321594238,2025-01-17,95.6643981933594,0.224168277916032,2025-06-27,106.342613220215,0.101245474866483,2025-08-27,109.809013366699,0.0664818670500227
2025-09-29,117.485916137695,2025-01-22,97.4914474487305,0.205089463867892,2025-07-01,106.421615600586,0.103966665744252,2025-08-29,110.006530761719,0.0679903758821137
2025-09-30,117.30753326416,2025-01-23,97.7468490600586,0.200115751987902,2025-07-02,106.115463256836,0.105470679426198,2025-08-29,110.006530761719,0.0663688096687263
2025-10-01,115.66242980957,2025-01-24,98.6309051513672,0.17267939123204,2025-07-03,106.698143005371,0.0840153966292363,2025-08-29,110.006530761719,0.0514142115807887
2025-10-02,115.404762268066,2025-01-24,98.6309051513672,0.170066949005047,2025-07-03,106.698143005371,0.0816004760481823,2025-09-02,109.818885803223,0.050864443069043
2025-10-03,115.345306396484,2025-01-24,98.6309051513672,0.169464137224188,2025-07-03,106.698143005371,0.0810432416867648,2025-09-03,111.655784606934,0.0330437137900124
2025-10-06,115.464233398438,2025-01-29,100.065032958984,0.153891923922766,2025-07-08,105.45378112793,0.0949273905917494,2025-09-05,113.265548706055,0.0194117692228626
2025-10-07,115.018272399902,2025-01-30,100.16325378418,0.148308067624586,2025-07-09,105.73030090332,0.0878458816179377,2025-09-05,113.265548706055,0.0154744643351026
2025-10-08,114.542579650879,2025-01-31,100.565986633301,0.138979325768878,2025-07-10,105.374771118164,0.0870019306844743,2025-09-08,113.393936157227,0.0101296730017353
2025-10-09,113.888496398926,2025-01-31,100.565986633301,0.132475305136752,2025-07-11,104.693351745605,0.0878293081652748,2025-09-09,114.035850524902,-0.00129217369185475
2025-10-10,111.787536621094,2025-01-31,100.565986633301,0.111583949638069,2025-07-11,104.693351745605,0.067761560378031,2025-09-10,113.196426391602,-0.012446415628297
2025-10-13,112.81819152832,2025-02-05,100.703514099121,0.120300443709193,2025-07-15,104.673599243164,0.0778094222807397,2025-09-12,115.892501831055,-0.0265272580551933
2025-10-14,113.561462402344,2025-02-06,101.135711669922,0.122862147576279,2025-07-16,104.989624023438,0.0816446240153477,2025-09-12,115.892501831055,-0.0201138071219572
2025-10-15,114.364189147949,2025-02-07,100.91960144043,0.133220776891946,2025-07-17,105.355026245117,0.0855124166726651,2025-09-15,117.522010803223,-0.0268700444596788
2025-10-16,113.145233154297,2025-02-07,100.91960144043,0.121142290886708,2025-07-18,104.871116638184,0.0788979538060977,2025-09-16,117.047973632812,-0.0333430845266812
2025-10-17,113.908325195312,2025-02-07,100.91960144043,0.128703676684155,2025-07-18,104.871116638184,0.0861744286399488,2025-09-17,117.354133605957,-0.0293624800828458
2025-10-20,115.196655273438,2025-02-12,101.646514892578,0.133306492555888,2025-07-22,106.520378112793,0.081451805883165,2025-09-19,117.926918029785,-0.0231521589978131
2025-10-21,115.602973937988,2025-02-13,102.815414428711,0.124373952877891,2025-07-23,107.103042602539,0.0793621836402219,2025-09-19,117.926918029785,-0.0197066465453621
2025-10-22,114.602043151855,2025-02-14,103.44408416748,0.107864640826727,2025-07-24,107.280807495117,0.0682436665763493,2025-09-22,117.515647888184,-0.0247933342383511
2025-10-23,114.215530395508,2025-02-14,103.44408416748,0.104128199449162,2025-07-25,106.283355712891,0.0746323319339373,2025-09-23,117.347175598145,-0.0266870096078072
2025-10-24,114.512847900391,2025-02-14,103.44408416748,0.107002385124212,2025-07-25,106.283355712891,0.0774297361266123,2025-09-24,116.3759765625,-0.0160095641483943
2025-10-27,116.1083984375,2025-02-19,103.080627441406,0.126384281115276,2025-07-29,104.801986694336,0.107883563086835,2025-09-26,117.109321594238,-0.0085469127744271
2025-10-28,115.533599853516,2025-02-20,102.599311828613,0.126066030993545,2025-07-30,105.127883911133,0.0989815028634937,2025-09-26,117.109321594238,-0.013455135076115
2025-10-29,115.246200561523,2025-02-21,101.19465637207,0.138856582879127,2025-07-31,106.075973510742,0.086449614811714,2025-09-29,117.485916137695,-0.0190636941839643
2025-10-30,113.293891906738,2025-02-21,101.19465637207,0.119563976680565,2025-08-01,104.801986694336,0.0810280938391914,2025-09-30,117.30753326416,-0.0342146940246686
2025-10-31,113.779487609863,2025-02-21,101.19465637207,0.12436260657402,2025-08-01,104.801986694336,0.0856615527882214,2025-10-01,115.66242980957,-0.0162796355117835
2025-11-03,112.570434570312,2025-02-26,99.7114105224609,0.128962412430771,2025-08-05,105.987083435059,0.0621146551248173,2025-10-03,115.345306396484,-0.0240570848772435
2025-11-04,111.797439575195,2025-02-27,98.748779296875,0.132139965387231,2025-08-06,106.391998291016,0.0508068404674016,2025-10-03,115.345306396484,-0.0307586579127348
2025-11-05,112.401962280273,2025-02-28,100.192733764648,0.121857424754018,2025-08-07,105.937698364258,0.0610194861303179,2025-10-06,115.464233398438,-0.0265213826657208
2025-11-06,111.391128540039,2025-02-28,100.192733764648,0.111768532054386,2025-08-08,106.293228149414,0.0479607259971349,2025-10-07,115.018272399902,-0.0315353707213774
2025-11-07,111.103721618652,2025-02-28,100.192733764648,0.108899991486745,2025-08-08,106.293228149414,0.0452568197710232,2025-10-08,114.542579650879,-0.0300225299858625
2025-11-10,112.263214111328,2025-03-05,99.6721115112305,0.126325231894771,2025-08-12,108.880699157715,0.0310662493883667,2025-10-10,111.787536621094,0.00425519252514417
2025-11-11,113.174957275391,2025-03-06,97.8843612670898,0.156210816624511,2025-08-13,109.730003356934,0.0313948219544946,2025-10-10,111.787536621094,0.0124112284448985
2025-11-12,112.520889282227,2025-03-07,98.5130157470703,0.142193124724971,2025-08-14,109.818885803223,0.0246041785913349,2025-10-13,112.81819152832,-0.00263523321962778
2025-11-13,110.925331115723,2025-03-07,98.5130157470703,0.125996704846806,2025-08-15,110.095420837402,0.00753809987743259,2025-10-14,113.561462402344,-0.0232132558955731
2025-11-14,110.330718994141,2025-03-07,98.5130157470703,0.11996083113943,2025-08-15,110.095420837402,0.00213722019452378,2025-10-15,114.364189147949,-0.0352686464518244
2025-11-17,110.182067871094,2025-03-12,95.1143341064453,0.158417066220384,2025-08-19,108.811561584473,0.0125952267081211,2025-10-17,113.908325195312,-0.0327127742228632
2025-11-18,110.80640411377,2025-03-13,93.1595840454102,0.189425706964916,2025-08-20,108.485656738281,0.0213922046956587,2025-10-17,113.908325195312,-0.027231732853804
2025-11-19,110.19197845459,2025-03-14,94.8687515258789,0.161520275983931,2025-08-21,108.367149353027,0.0168393199641872,2025-10-20,115.196655273438,-0.0434446365388671
2025-11-20,108.982933044434,2025-03-14,94.8687515258789,0.148775875001417,2025-08-22,109.927520751953,-0.00859282280777485,2025-10-21,115.602973937988,-0.0572653165229625
2025-11-21,110.895606994629,2025-03-14,94.8687515258789,0.168937139057618,2025-08-22,109.927520751953,0.00880658670416334,2025-10-22,114.602043151855,-0.0323417982375349
2025-11-24,111.995643615723,2025-03-19,95.3304290771484,0.17481526832411,2025-08-26,109.621376037598,0.0216588010837473,2025-10-24,114.512847900391,-0.021981850340999
2025-11-25,113.274063110352,2025-03-20,95.124153137207,0.190802329109465,2025-08-27,109.809013366699,0.0315552397514134,2025-10-24,114.512847900391,-0.0108178672764878
2025-11-26,113.432632446289,2025-03-21,95.8706817626953,0.183183746696035,2025-08-28,110.22380065918,0.0291119682674648,2025-10-27,116.1083984375,-0.0230454129694269
2025-11-28,114.354278564453,2025-03-21,95.8706817626953,0.192797177008811,2025-08-29,110.006530761719,0.0395226335439289,2025-10-29,115.246200561523,-0.00773927463746771
2025-12-01,113.819122314453,2025-03-26,97.6223526000977,0.165912511663228,2025-09-02,109.818885803223,0.0364257612155912,2025-10-31,113.779487609863,0.000348346660917986
2025-12-02,114.195724487305,2025-03-27,97.1888656616211,0.174987728377196,2025-09-03,111.655784606934,0.0227479470885681,2025-10-31,113.779487609863,0.00365827695470577
2025-12-03,114.096611022949,2025-03-28,94.3219757080078,0.209650351007889,2025-09-04,112.663124084473,0.0127236569208018,2025-11-03,112.570434570312,0.0135575247485027
2025-12-04,114.750686645508,2025-03-28,94.3219757080078,0.216584849756976,2025-09-05,113.265548706055,0.0131120005722776,2025-11-04,111.797439575195,0.0264160528321054
2025-12-05,116.078659057617,2025-03-28,94.3219757080078,0.230663990934218,2025-09-05,113.265548706055,0.0248364165776751,2025-11-05,112.401962280273,0.0327102543652749
2025-12-08,115.21647644043,2025-04-02,95.41552734375,0.207523341828249,2025-09-09,114.035850524902,0.0103531118511675,2025-11-07,111.103721618652,0.0370172552445522
2025-12-09,115.345306396484,2025-04-03,91.1595153808594,0.265312852032814,2025-09-10,113.196426391602,0.0189836382064641,2025-11-07,111.103721618652,0.0381768019652002
2025-12-10,116.019195556641,2025-04-04,85.9380264282227,0.350033278382794,2025-09-11,114.934555053711,0.00943702703179916,2025-11-10,112.263214111328,0.0334569206399864
2025-12-11,115.761535644531,2025-04-04,85.9380264282227,0.347035072317117,2025-09-12,115.892501831055,-0.00113006609102595,2025-11-11,113.174957275391,0.0228546882756637
2025-12-12,115.503868103027,2025-04-04,85.9380264282227,0.344036777473576,2025-09-12,115.892501831055,-0.00335339838114701,2025-11-12,112.520889282227,0.0265104447701159
2025-12-15,115.523681640625,2025-04-09,92.3515930175781,0.25091162876461,2025-09-16,117.047973632812,-0.0130227969342666,2025-11-14,110.330718994141,0.0470672419596954
2025-12-16,115.602973937988,2025-04-10,89.1595764160156,0.296585051039146,2025-09-17,117.354133605957,-0.0149220109608468,2025-11-14,110.330718994141,0.0477859202941264
2025-12-17,114.7705078125,2025-04-11,89.9181747436523,0.276388317931265,2025-09-18,117.443000793457,-0.0227556598767181,2025-11-17,110.182067871094,0.0416441625217492
2025-12-18,115.424591064453,2025-04-11,89.9181747436523,0.283662523105223,2025-09-19,117.926918029785,-0.0212193026591266,2025-11-18,110.80640411377,0.0416779787018622
2025-12-19,115.474128723145,2025-04-11,89.9181747436523,0.284213442414168,2025-09-19,117.926918029785,-0.020799231826114,2025-11-19,110.19197845459,0.0479358873725229
2025-12-22,115.987167358398,2025-04-16,88.3024673461914,0.31352125081249,2025-09-23,117.347175598145,-0.0115896120448901,2025-11-21,110.895606994629,0.045913093419617
2025-12-23,116.712951660156,2025-04-17,88.8738784790039,0.313242469638919,2025-09-24,116.3759765625,0.00289557267410134,2025-11-21,110.895606994629,0.0524578459253944
2025-12-24,117.408912658691,2025-04-17,88.8738784790039,0.321073353251133,2025-09-25,115.979553222656,0.0123242364392551,2025-11-24,111.995643615723,0.0483346393502828
2025-12-26,117.289611816406,2025-04-17,88.8738784790039,0.319730992094774,2025-09-26,117.109321594238,0.00153950359982979,2025-11-26,113.432632446289,0.0340023790944239
2025-12-29,117.210067749023,2025-04-23,90.5683975219727,0.294160777445436,2025-09-30,117.30753326416,-0.000830854698114281,2025-11-28,114.354278564453,0.0249731730235236
2025-12-30,117.607757568359,2025-04-24,92.3811492919922,0.273070950834705,2025-10-01,115.66242980957,0.016819011687649,2025-11-28,114.354278564453,0.0284508725405714
2025-12-31,117.041046142578,2025-04-25,92.9624099731445,0.259014758507117,2025-10-02,115.404762268066,0.0141786512302751,2025-12-01,113.819122314453,0.0283074035593391
2026-01-02,116.225776672363,2025-04-25,92.9624099731445,0.250244875384999,2025-10-03,115.345306396484,0.00763334290215845,2025-12-03,114.096611022949,0.0186610770497453
2026-01-05,117.070877075195,2025-04-30,94.0264129638672,0.245085007339201,2025-10-07,115.018272399902,0.0178459007639791,2025-12-05,116.078659057617,0.00854780737159988
2026-01-06,116.653305053711,2025-05-01,94.509162902832,0.23430682772681,2025-10-08,114.542579650879,0.0184274302994174,2025-12-05,116.078659057617,0.00495048789121943
2026-01-07,116.414680480957,2025-05-02,95.9770965576172,0.212942302448905,2025-10-09,113.888496398926,0.0221812049672041,2025-12-08,115.21647644043,0.0103995893429953
2026-01-08,116.802436828613,2025-05-02,95.9770965576172,0.216982394945592,2025-10-10,111.787536621094,0.044860995770196,2025-12-09,115.345306396484,0.012632767449767
2026-01-09,117.229957580566,2025-05-02,95.9770965576172,0.221436798832424,2025-10-10,111.787536621094,0.0486854002152302,2025-12-10,116.019195556641,0.0104358767367481
2026-01-12,116.872032165527,2025-05-07,96.0066299438477,0.217332930380781,2025-10-14,113.561462402344,0.0291522290498019,2025-12-12,115.503868103027,0.0118451796028132
2026-01-13,116.215843200684,2025-05-08,96.2332305908203,0.207647737555736,2025-10-15,114.364189147949,0.0161908554288699,2025-12-12,115.503868103027,0.00616408012432257
2026-01-14,115.96728515625,2025-05-09,95.7406463623047,0.211264907460548,2025-10-16,113.145233154297,0.024941855023664,2025-12-15,115.523681640625,0.00383993575451469
2026-01-15,115.539756774902,2025-05-09,95.7406463623047,0.206799422866577,2025-10-17,113.908325195312,0.0143223208382048,2025-12-16,115.602973937988,-0.000546847204119905
2026-01-16,114.505760192871,2025-05-09,95.7406463623047,0.19599944792053,2025-10-17,113.908325195312,0.00524487561847842,2025-12-17,114.7705078125,-0.00230675654116141
2026-01-20,112.815567016602,2025-05-15,99.5927276611328,0.132769125477313,2025-10-22,114.602043151855,-0.0155885190710494,2025-12-19,115.474128723145,-0.0230230072825837
2026-01-21,113.968864440918,2025-05-16,100.272506713867,0.136591356653066,2025-10-23,114.215530395508,-0.00215965336531454,2025-12-22,115.987167358398,-0.0174010880983407
2026-01-22,115.579528808594,2025-05-16,100.272506713867,0.152654227927162,2025-10-24,114.512847900391,0.00931494524641452,2025-12-23,116.712951660156,-0.0097112003033113
2026-01-23,116.285438537598,2025-05-16,100.272506713867,0.159694140981477,2025-10-24,114.512847900391,0.0154794040119317,2025-12-24,117.408912658691,-0.00956889980200815
2026-01-26,117.090759277344,2025-05-21,99.3759918212891,0.178260031737965,2025-10-28,115.533599853516,0.0134779789239015,2025-12-26,117.289611816406,-0.00169539770814264
2026-01-27,116.225776672363,2025-05-22,99.1592559814453,0.1721122301897,2025-10-29,115.246200561523,0.00849985601318726,2025-12-26,117.289611816406,-0.00907015657710741
2026-01-28,116.076644897461,2025-05-23,98.7060699462891,0.175982844425111,2025-10-30,113.293891906738,0.0245622508317869,2025-12-29,117.210067749023,-0.00967001276707258
2026-01-29,119.099113464355,2025-05-23,98.7060699462891,0.206603743104789,2025-10-31,113.779487609863,0.0467538215036842,2025-12-30,117.607757568359,0.0126807612595561
2026-01-30,119.38744354248,2025-05-23,98.7060699462891,0.209524840847632,2025-10-31,113.779487609863,0.049287934498758,2025-12-31,117.041046142578,0.0200476454819449
2026-02-02,118.979804992676,2025-05-28,100.292213439941,0.186331430045914,2025-11-04,111.797439575195,0.0642444535829425,2026-01-02,116.225776672363,0.0236955036925761
2026-02-03,117.060928344727,2025-05-29,99.4843673706055,0.176676612001198,2025-11-05,112.401962280273,0.0414491523985678,2026-01-02,116.225776672363,0.0071855976898958
2026-02-04,116.126358032227,2025-05-30,99.8981475830078,0.162447561259675,2025-11-06,111.391128540039,0.0425099337285684,2026-01-05,117.070877075195,-0.00806792488931385
2026-02-05,115.539756774902,2025-05-30,99.8981475830078,0.156575567919291,2025-11-07,111.103721618652,0.039926971766761,2026-01-06,116.653305053711,-0.00954579279426226
2026-02-06,115.092361450195,2025-05-30,99.8981475830078,0.15209705319673,2025-11-07,111.103721618652,0.0359001460386126,2026-01-07,116.414680480957,-0.0113586965604224
2026-02-09,116.205894470215,2025-06-04,100.745399475098,0.153461052074529,2025-11-11,113.174957275391,0.026780988195551,2026-01-09,117.229957580566,-0.00873550695988079
2026-02-10,116.901863098145,2025-06-05,100.883331298828,0.158782740350511,2025-11-12,112.520889282227,0.03893475997092,2026-01-09,117.229957580566,-0.0027987255919325
2026-02-11,116.066703796387,2025-06-06,102.173919677734,0.135971920843121,2025-11-13,110.925331115723,0.0463498520035999,2026-01-12,116.872032165527,-0.00689068508708768
2026-02-12,113.978813171387,2025-06-06,102.173919677734,0.115537247967838,2025-11-14,110.330718994141,0.0330650811533262,2026-01-13,116.215843200684,-0.0192489248254555
2026-02-13,113.919158935547,2025-06-06,102.173919677734,0.114953398037954,2025-11-14,110.330718994141,0.0325243955094394,2026-01-14,115.96728515625,-0.0176612414263518
2026-02-17,113.740196228027,2025-06-12,102.095108032227,0.114061177075448,2025-11-19,110.19197845459,0.032200327312389,2026-01-16,114.505760192871,-0.00668581181902339
2026-02-18,113.929100036621,2025-06-13,101.060668945312,0.127333721670417,2025-11-20,108.982933044434,0.0453847850669507,2026-01-16,114.505760192871,-0.00503607989046739
2026-02-19,114.475929260254,2025-06-13,101.060668945312,0.132744622165532,2025-11-21,110.895606994629,0.0322855193515321,2026-01-20,112.815567016602,0.0147174923422404
2026-02-20,116.126358032227,2025-06-13,101.060668945312,0.149075691306443,2025-11-21,110.895606994629,0.0471682438949181,2026-01-21,113.968864440918,0.0189305526723667
2026-02-23,114.694664001465,2025-06-18,101.937484741211,0.125147086889976,2025-11-25,113.274063110352,0.0125412724864413,2026-01-23,116.285438537598,-0.0136799117425049
2026-02-24,115.490051269531,2025-06-18,101.937484741211,0.132949783514144,2025-11-26,113.432632446289,0.0181378037243063,2026-01-23,116.285438537598,-0.00683995587125252
2026-02-25,115.828086853027,2025-06-20,101.31681060791,0.143226737577389,2025-11-26,113.432632446289,0.0211178596059871,2026-01-26,117.090759277344,-0.0107837068621754
2026-02-26,116.046813964844,2025-06-20,101.31681060791,0.145385580818743,2025-11-28,114.354278564453,0.014800805196254,2026-01-27,116.225776672363,-0.00153978499988006
2026-02-27,117.369148254395,2025-06-20,101.31681060791,0.158437060446029,2025-11-28,114.354278564453,0.0263642928606482,2026-01-28,116.076644897461,0.0111349131263687
2026-03-02,117.190185546875,2025-06-25,103.903289794922,0.127877527055958,2025-12-02,114.195724487305,0.0262221818987911,2026-01-30,119.38744354248,-0.0184044312400714
2026-03-03,117.279670715332,2025-06-26,105.108139038086,0.115800087306614,2025-12-03,114.096611022949,0.0278979337234004,2026-01-30,119.38744354248,-0.0176548953944093
2026-03-04,118.104881286621,2025-06-27,106.342613220215,0.110607288181351,2025-12-04,114.750686645508,0.029230279479505,2026-02-02,118.979804992676,-0.00735354799168264
2026-03-05,117.756896972656,2025-06-27,106.342613220215,0.107334994004752,2025-12-05,116.078659057617,0.0144577644905943,2026-02-03,117.060928344727,0.00594535373818461
2026-03-06,116.782554626465,2025-06-27,106.342613220215,0.0981726994486294,2025-12-05,116.078659057617,0.00606395331030019,2026-02-04,116.126358032227,0.00565071190862776
2026-03-09,116.881973266602,2025-07-02,106.115463256836,0.101460330844591,2025-12-09,115.345306396484,0.0133223181603515,2026-02-06,115.092361450195,0.0155493535266513
2026-03-10,116.703010559082,2025-07-03,106.698143005371,0.0937679632644339,2025-12-10,116.019195556641,0.0058939815877932,2026-02-06,115.092361450195,0.013994404916122
2026-03-11,116.325202941895,2025-07-03,106.698143005371,0.0902270617403229,2025-12-11,115.761535644531,0.00486921060803946,2026-02-09,116.205894470215,0.00102669896586227
2026-03-12,114.605171203613,2025-07-03,106.698143005371,0.0741065212151271,2025-12-12,115.503868103027,-0.00778066496104213,2026-02-10,116.901863098145,-0.0196463241360239
2026-03-13,113.789901733398,2025-07-03,106.698143005371,0.066465624689179,2025-12-12,115.503868103027,-0.0148390387073452,2026-02-11,116.066703796387,-0.0196163239630068
2026-03-16,114.664833068848,2025-07-09,105.73030090332,0.0845030430178861,2025-12-16,115.602973937988,-0.00811519666997373,2026-02-13,113.919158935547,0.00654564289508719
2026-03-17,114.704605102539,2025-07-10,105.374771118164,0.0885395421064574,2025-12-17,114.7705078125,-0.000574212933418417,2026-02-13,113.919158935547,0.00689476795941379
2026-03-18,113.004470825195,2025-07-11,104.693351745605,0.0793853567682601,2025-12-18,115.424591064453,-0.0209671112276794,2026-02-13,113.919158935547,-0.008029273731463
2026-03-19,112.487464904785,2025-07-11,104.693351745605,0.0744470687892256,2025-12-19,115.474128723145,-0.025864354651422,2026-02-17,113.740196228027,-0.011013971883174
2026-03-20,111.582717895508,2025-07-11,104.693351745605,0.0658051923549339,2025-12-19,115.474128723145,-0.0336994170959851,2026-02-18,113.929100036621,-0.0205951081888568
2026-03-23,112.417541503906,2025-07-16,104.989624023438,0.0707490625817515,2025-12-23,116.712951660156,-0.0368032004601969,2026-02-20,116.126358032227,-0.0319377666807658
2026-03-24,110.841644287109,2025-07-17,105.355026245117,0.05207742086483,2025-12-24,117.408912658691,-0.0559350071716713,2026-02-20,116.126358032227,-0.0455083052174133
2026-03-25,111.150840759277,2025-07-18,104.871116638184,0.0598803972189927,2025-12-24,117.408912658691,-0.0533015063141443,2026-02-23,114.694664001465,-0.030897891135914
2026-03-26,108.52766418457,2025-07-18,104.871116638184,0.0348670602888896,2025-12-26,117.289611816406,-0.0747035265625314,2026-02-24,115.490051269531,-0.0602856004342058
2026-03-27,106.762260437012,2025-07-18,104.871116638184,0.0180330281535266,2025-12-26,117.289611816406,-0.089755189878819,2026-02-25,115.828086853027,-0.0782696724285805
2026-03-30,107.679870605469,2025-07-23,107.103042602539,0.00538572937717863,2025-12-30,117.607757568359,-0.0844152389957783,2026-02-27,117.369148254395,-0.0825538720612039
2026-03-31,110.572341918945,2025-07-24,107.280807495117,0.0306814844209478,2025-12-31,117.041046142578,-0.0552686808331557,2026-02-27,117.369148254395,-0.057909650334322
2026-04-01,110.951354980469,2025-07-25,106.283355712891,0.0439203225779592,2025-12-31,117.041046142578,-0.0520303890200278,2026-03-02,117.190185546875,-0.0532368008233144
2026-04-02,111.410163879395,2025-07-25,106.283355712891,0.0482371687656649,2026-01-02,116.225776672363,-0.0414332597367262,2026-03-03,117.279670715332,-0.0500470951200429
2026-04-06,111.470008850098,2025-07-30,105.127883911133,0.0603277142373189,2026-01-06,116.653305053711,-0.0444333420405596,2026-03-06,116.782554626465,-0.0454909193702745
2026-04-07,111.529853820801,2025-07-31,106.075973510742,0.0514148504091387,2026-01-07,116.414680480957,-0.0419605726698302,2026-03-06,116.782554626465,-0.0449784715059977
2026-04-08,113.514686584473,2025-08-01,104.801986694336,0.0831348733449879,2026-01-08,116.802436828613,-0.0281479593526358,2026-03-09,116.881973266602,-0.028809290158443
2026-04-09,113.973495483398,2025-08-01,104.801986694336,0.0875127378626133,2026-01-09,117.229957580566,-0.0277784123135075,2026-03-10,116.703010559082,-0.0233885575239875
2026-04-10,113.654319763184,2025-08-01,104.801986694336,0.0844672257470296,2026-01-09,117.229957580566,-0.0305010586984599,2026-03-11,116.325202941895,-0.0229604858720518
2026-04-13,114.522071838379,2025-08-06,106.391998291016,0.0764162124779815,2026-01-13,116.215843200684,-0.0145743585010165,2026-03-13,113.789901733398,0.00643440317486066
2026-04-14,116.257553100586,2025-08-07,105.937698364258,0.0974143755780326,2026-01-14,115.96728515625,0.00250301577677559,2026-03-13,113.789901733398,0.0216860312698839
2026-04-15,117.055480957031,2025-08-08,106.293228149414,0.101250597004062,2026-01-15,115.539756774902,0.0131186374667713,2026-03-16,114.664833068848,0.0208490068332299
2026-04-16,118.521667480469,2025-08-08,106.293228149414,0.115044387530177,2026-01-16,114.505760192871,0.0350716617297973,2026-03-17,114.704605102539,0.0332773246071287
2026-04-17,118.790962219238,2025-08-08,106.293228149414,0.117577895482264,2026-01-16,114.505760192871,0.0374234625327956,2026-03-18,113.004470825195,0.051205862491883
2026-04-20,118.441871643066,2025-08-13,109.730003356934,0.0793936755637794,2026-01-20,112.815567016602,0.0498717045462076,2026-03-20,111.582717895508,0.0614714704653627
2026-04-21,116.856002807617,2025-08-14,109.818885803223,0.0640792970437152,2026-01-21,113.968864440918,0.0253326939849958,2026-03-20,111.582717895508,0.0472589753284878
2026-04-22,117.574127197266,2025-08-15,110.095420837402,0.067929313526204,2026-01-22,115.579528808594,0.0172573673662837,2026-03-23,112.417541503906,0.0458699383065606
2026-04-23,117.085395812988,2025-08-15,110.095420837402,0.0634901517467223,2026-01-23,116.285438537598,0.00687925578172877,2026-03-24,110.841644287109,0.0563303762411349
2026-04-24,115.240203857422,2025-08-15,110.095420837402,0.0467302180316633,2026-01-23,116.285438537598,-0.00898852593515254,2026-03-25,111.150840759277,0.0367911126016669
2026-04-27,115.509498596191,2025-08-20,108.485656738281,0.064744428610088,2026-01-27,116.225776672363,-0.00616281600071422,2026-03-27,106.762260437012,0.0819319310341919
2026-04-28,115.449653625488,2025-08-21,108.367149353027,0.0653565616032612,2026-01-28,116.076644897461,-0.00540152821031759,2026-03-27,106.762260437012,0.0813713867888926
2026-04-29,114.990852355957,2025-08-22,109.927520751953,0.0460606367665575,2026-01-29,119.099113464355,-0.0344944726194623,2026-03-30,107.679870605469,0.0678955287499852
2026-04-30,116.20768737793,2025-08-22,109.927520751953,0.0571300670024888,2026-01-30,119.38744354248,-0.0266339245585687,2026-03-31,110.572341918945,0.0509652356202721
2026-05-01,116.417137145996,2025-08-22,109.927520751953,0.0590354112387061,2026-01-30,119.38744354248,-0.0248795544016108,2026-04-01,110.951354980469,0.0492628698990607
2026-05-04,115.79874420166,2025-08-27,109.809013366699,0.0545468049599778,2026-02-03,117.060928344727,-0.0107822837296272,2026-04-02,111.410163879395,0.0393912024670966
2026-05-05,115.329963684082,2025-08-28,110.22380065918,0.0463254124278567,2026-02-04,116.126358032227,-0.00685799814649757,2026-04-02,111.410163879395,0.0351835027271914
2026-05-06,117.045501708984,2025-08-29,110.006530761719,0.0639868460401909,2026-02-05,115.539756774902,0.0130322667808238,2026-04-06,111.470008850098,0.0500178740129511
2026-05-07,117.075424194336,2025-08-29,110.006530761719,0.0642588524851206,2026-02-06,115.092361450195,0.0172301855583938,2026-04-07,111.529853820801,0.0497227440326913
2026-05-08,116.636573791504,2025-08-29,110.006530761719,0.0602695402161735,2026-02-06,115.092361450195,0.0134171575059463,2026-04-08,113.514686584473,0.027502055469343
2026-05-11,115.280097961426,2025-09-03,111.655784606934,0.0324597007423395,2026-02-10,116.901863098145,-0.0138728767338566,2026-04-10,113.654319763184,0.0143045878205927
2026-05-12,115.559371948242,2025-09-04,112.663124084473,0.0257071502970039,2026-02-11,116.066703796387,-0.00437103692575369,2026-04-10,113.654319763184,0.0167618106291787
2026-05-13,116.457038879395,2025-09-05,113.265548706055,0.0281770601016762,2026-02-12,113.978813171387,0.0217428628975225,2026-04-13,114.522071838379,0.0168960184701021
2026-05-14,116.806129455566,2025-09-05,113.265548706055,0.0312591144435295,2026-02-13,113.919158935547,0.0253422738281708,2026-04-14,116.257553100586,0.00471862980382731
2026-05-15,115.778800964355,2025-09-05,113.265548706055,0.022189026469321,2026-02-13,113.919158935547,0.0163242254084826,2026-04-15,117.055480957031,-0.0109066229298942
2026-05-18,116.676467895508,2025-09-10,113.196426391602,0.0307433866495668,2026-02-17,113.740196228027,0.0258156022660079,2026-04-17,118.790962219238,-0.0178001279241093
2026-05-19,115.549392700195,2025-09-11,114.934555053711,0.00534945862188319,2026-02-18,113.929100036621,0.0142219385833242,2026-04-17,118.790962219238,-0.0272880146644522
2026-05-20,115.79874420166,2025-09-12,115.892501831055,-0.000809005137633489,2026-02-19,114.475929260254,0.0115553981518588,2026-04-20,118.441871643066,-0.0223158196061906
2026-05-21,115.79874420166,2025-09-12,115.892501831055,-0.000809005137633489,2026-02-20,116.126358032227,-0.00282118406292819,2026-04-21,116.856002807617,-0.00904753355031007
2026-05-22,115.16040802002,2025-09-12,115.892501831055,-0.00631700756708475,2026-02-20,116.126358032227,-0.00831809443243692,2026-04-22,117.574127197266,-0.0205293395305957
2026-05-26,115.250175476074,2025-09-18,117.443000793457,-0.0186714006161957,2026-02-25,115.828086853027,-0.00498938895266765,2026-04-24,115.240203857422,8.65289917804102e-05
2026-05-27,115.958335876465,2025-09-19,117.926918029785,-0.0166932383734738,2026-02-26,116.046813964844,-0.000762434446547777,2026-04-27,115.509498596191,0.00388571750140243
2026-05-28,116.367263793945,2025-09-19,117.926918029785,-0.0132255999045604,2026-02-27,117.369148254395,-0.00853618242400156,2026-04-28,115.449653625488,0.00794814137280753
2026-05-29,115.38981628418,2025-09-19,117.926918029785,-0.0215141868200497,2026-02-27,117.369148254395,-0.0168641589348906,2026-04-29,114.990852355957,0.00346952753239549
2026-06-01,115.310020446777,2025-09-24,116.3759765625,-0.00915958900804736,2026-03-03,117.279670715332,-0.0167944730449965,2026-05-01,116.417137145996,-0.00950991173945759
2026-06-02,113.275314331055,2025-09-25,115.979553222656,-0.023316514130814,2026-03-04,118.104881286621,-0.0408921875451181,2026-05-01,116.417137145996,-0.0269876316491217
2026-06-03,111.789176940918,2025-09-26,117.109321594238,-0.0454288743278151,2026-03-05,117.756896972656,-0.0506783057736654,2026-05-04,115.79874420166,-0.0346253086627577
2026-06-04,112.816505432129,2025-09-26,117.109321594238,-0.0366564856125047,2026-03-06,116.782554626465,-0.0339609730838785,2026-05-05,115.329963684082,-0.0217936273598259
2026-06-05,111.380241394043,2025-09-26,117.109321594238,-0.0489207871944259,2026-03-06,116.782554626465,-0.0462595911666899,2026-05-06,117.045501708984,-0.0484022045462902
2026-06-08,110.801742553711,2025-10-01,115.66242980957,-0.0420247721223058,2026-03-10,116.703010559082,-0.0505665447455063,2026-05-08,116.636573791504,-0.0500257427676428
2026-06-09,111.190734863281,2025-10-02,115.404762268066,-0.03651519505752,2026-03-11,116.325202941895,-0.0441389135695555,2026-05-08,116.636573791504,-0.0466906627243483
2026-06-10,110.721954345703,2025-10-03,115.345306396484,-0.0400827063988983,2026-03-12,114.605171203613,-0.0338834349019996,2026-05-11,115.280097961426,-0.0395397271196618
2026-06-11,111.829078674316,2025-10-03,115.345306396484,-0.0304843589394214,2026-03-13,113.789901733398,-0.0172319602109869,2026-05-12,115.559371948242,-0.03228031799616
2026-06-12,111.360298156738,2025-10-03,115.345306396484,-0.034548507990851,2026-03-13,113.789901733398,-0.0213516624906886,2026-05-13,116.457038879395,-0.0437649863992724
2026-06-15,111.898895263672,2025-10-08,114.542579650879,-0.0230803636103262,2026-03-17,114.704605102539,-0.0244603068582909,2026-05-15,115.778800964355,-0.0335113653653928
2026-06-16,112.02855682373,2025-10-09,113.888496398926,-0.0163312330393787,2026-03-18,113.004470825195,-0.00863606540819495,2026-05-15,115.778800964355,-0.0323914577572761
2026-06-17,108.916648864746,2025-10-10,111.787536621094,-0.0256816443328437,2026-03-19,112.487464904785,-0.0317441240502804,2026-05-18,116.676467895508,-0.0665071472485025
2026-06-18,109.166000366211,2025-10-10,111.787536621094,-0.0234510602355303,2026-03-20,111.582717895508,-0.0216585289808051,2026-05-19,115.549392700195,-0.0552438414847125
2026-06-22,106.860000610352,2025-10-15,114.364189147949,-0.0656165937388822,2026-03-24,110.841644287109,-0.0359219109601469,2026-05-22,115.16040802002,-0.072076919076433
2026-06-23,107.269996643066,2025-10-16,113.145233154297,-0.0519265049656875,2026-03-25,111.150840759277,-0.0349151125596593,2026-05-22,115.16040802002,-0.0685167021601855
2026-06-24,106.540000915527,2025-10-17,113.908325195312,-0.0646864420765654,2026-03-26,108.52766418457,-0.0183148074177899,2026-05-22,115.16040802002,-0.0748556492001452
2026-06-25,105.580001831055,2025-10-17,113.908325195312,-0.0731142640362563,2026-03-27,106.762260437012,-0.011073750228945,2026-05-26,115.250175476074,-0.083905934243259
2026-06-26,106.180000305176,2025-10-17,113.908325195312,-0.0678468836837464,2026-03-27,106.762260437012,-0.00545380108525773,2026-05-27,115.958335876465,-0.0843262840690153
2026-06-29,107.879997253418,2025-10-22,114.602043151855,-0.0586555502289812,2026-03-31,110.572341918945,-0.0243491692298693,2026-05-29,115.38981628418,-0.0650821647229829
2026-06-30,107.129997253418,2025-10-23,114.215530395508,-0.0620365121761806,2026-04-01,110.951354980469,-0.0344417400555721,2026-05-29,115.38981628418,-0.0715818717521797
2026-07-01,109.73999786377,2025-10-24,114.512847900391,-0.041679602980207,2026-04-02,111.410163879395,-0.0149911458476357,2026-06-01,115.310020446777,-0.048304757569432
2026-07-02,109.599998474121,2025-10-24,114.512847900391,-0.0429021678907417,2026-04-02,111.410163879395,-0.0162477582138106,2026-06-02,113.275314331055,-0.0324458676512009
2026-07-06,110.209999084473,2025-10-29,115.246200561523,-0.0436995011767198,2026-04-07,111.529853820801,-0.0118340936629289,2026-06-05,111.380241394043,-0.0105067316691314
2026-07-07,111.019996643066,2025-10-30,113.293891906738,-0.020070766617707,2026-04-08,113.514686584473,-0.021976803323593,2026-06-05,111.380241394043,-0.00323436856005788
2026-07-08,109.459999084473,2025-10-31,113.779487609863,-0.0379636841062394,2026-04-09,113.973495483398,-0.0396012808046519,2026-06-08,110.801742553711,-0.0121094076529336
2026-07-09,110.51000213623,2025-10-31,113.779487609863,-0.0287352803419496,2026-04-10,113.654319763184,-0.0276656235636691,2026-06-09,111.190734863281,-0.00612220728541613
2026-07-10,111.639999389648,2025-10-31,113.779487609863,-0.0188038131051433,2026-04-10,113.654319763184,-0.0177232187719069,2026-06-10,110.721954345703,0.00829144544431482
2026-07-13,111.589996337891,2025-11-05,112.401962280273,-0.0072237701718959,2026-04-14,116.257553100586,-0.0401484173562207,2026-06-12,111.360298156738,0.00206265774207104
2026-07-14,111.449996948242,2025-11-06,111.391128540039,0.000528483811724545,2026-04-15,117.055480957031,-0.0478874117039141,2026-06-12,111.360298156738,0.000805482680889202
2026-07-15,113.379997253418,2025-11-07,111.103721618652,0.0204878432657603,2026-04-16,118.521667480469,-0.0433816899167243,2026-06-15,111.898895263672,0.0132360733879999
2026-07-16,112.650001525879,2025-11-07,111.103721618652,0.0139174447507164,2026-04-17,118.790962219238,-0.0516955210955,2026-06-16,112.02855682373,0.00554719903360201
2026-07-17,110.650001525879,2025-11-07,111.103721618652,-0.0040837524266808,2026-04-17,118.790962219238,-0.0685318187618901,2026-06-17,108.916648864746,0.0159144876306772
2026-07-20,110.800003051758,2025-11-12,112.520889282227,-0.0152939266783825,2026-04-21,116.856002807617,-0.0518244643865625,2026-06-18,109.166000366211,0.0149680548894839
2026-07-21,110.029998779297,2025-11-13,110.925331115723,-0.0080714867147138,2026-04-22,117.574127197266,-0.0641648685625471,2026-06-18,109.166000366211,0.00791453758668026
2026-07-22,109.199996948242,2025-11-14,110.330718994141,-0.0102484789024032,2026-04-23,117.085395812988,-0.0673474160461552,2026-06-22,106.860000610352,0.0218977758237442
2026-07-23,105.379997253418,2025-11-14,110.330718994141,-0.0448716530251705,2026-04-24,115.240203857422,-0.0855622107038548,2026-06-23,107.269996643066,-0.0176190868723274
2026-07-24,106.300003051758,2025-11-14,110.330718994141,-0.0365330343093013,2026-04-24,115.240203857422,-0.0775788353925955,2026-06-24,106.540000915527,-0.00225265498129512
2026-07-27,107.660003662109,2025-11-19,110.19197845459,-0.022977850366158,2026-04-28,115.449653625488,-0.0674722679432894,2026-06-26,106.180000305176,0.0139386264143893
2026-07-28,109.669998168945,2025-11-20,108.982933044434,0.00630433688393772,2026-04-29,114.990852355957,-0.0462719779703944,2026-06-26,106.180000305176,0.032868693291946
