date,adj_close,reference_date_250d,reference_adj_close_250d,adj_close_return_250d,reference_date_90d,reference_adj_close_90d,adj_close_return_90d,reference_date_30d,reference_adj_close_30d,adj_close_return_30d
2015-10-08,20.8613224029541,,,,,,,,,
2015-10-09,20.8267936706543,,,,,,,,,
2015-10-12,20.9579963684082,,,,,,,,,
2015-10-13,20.8267936706543,,,,,,,,,
2015-10-14,20.8267936706543,,,,,,,,,
2015-10-15,20.7646484375,,,,,,,,,
2015-10-16,21.159631729126,,,,,,,,,
2015-10-19,21.4068431854248,,,,,,,,,
2015-10-20,21.4275646209717,,,,,,,,,
2015-10-21,21.4448337554932,,,,,,,,,
2015-10-22,21.7162189483643,,,,,,,,,
2015-10-23,21.4551830291748,,,,,,,,,
2015-10-26,21.4828205108643,,,,,,,,,
2015-10-27,21.4883327484131,,,,,,,,,
2015-10-28,21.4103050231934,,,,,,,,,
2015-10-29,21.5076675415039,,,,,,,,,
2015-10-30,21.3723163604736,,,,,,,,,
2015-11-02,21.3723163604736,,,,,,,,,
2015-11-03,21.6485385894775,,,,,,,,,
2015-11-04,21.5587730407715,,,,,,,,,
2015-11-05,21.4759044647217,,,,,,,,,
2015-11-06,20.6817779541016,,,,,,,,,
2015-11-09,20.5160465240479,,,,,,,2015-10-09,20.8267936706543,-0.0149205466535303
2015-11-10,20.737024307251,,,,,,,2015-10-09,20.8267936706543,-0.00431028245743892
2015-11-11,20.808837890625,,,,,,,2015-10-12,20.9579963684082,-0.00711701992696412
2015-11-12,20.6817779541016,,,,,,,2015-10-13,20.8267936706543,-0.00696294008794407
2015-11-13,20.4124717712402,,,,,,,2015-10-14,20.8267936706543,-0.0198936958787783
2015-11-16,20.391752243042,,,,,,,2015-10-16,21.159631729126,-0.0362898322576667
2015-11-17,20.7094020843506,,,,,,,2015-10-16,21.159631729126,-0.0212777637408339
2015-11-18,20.9545478820801,,,,,,,2015-10-19,21.4068431854248,-0.0211285381701061
2015-11-19,21.0684833526611,,,,,,,2015-10-20,21.4275646209717,-0.0167579132142299
2015-11-20,21.2411231994629,,,,,,,2015-10-21,21.4448337554932,-0.00949928352688167
2015-11-23,21.3516082763672,,,,,,,2015-10-23,21.4551830291748,-0.00482749332255872
2015-11-24,21.0270538330078,,,,,,,2015-10-23,21.4551830291748,-0.019954581398109
2015-11-25,21.0270538330078,,,,,,,2015-10-26,21.4828205108643,-0.0212154022152702
2015-11-27,21.1858768463135,,,,,,,2015-10-28,21.4103050231934,-0.0104822503293045
2015-11-30,21.2342128753662,,,,,,,2015-10-30,21.3723163604736,-0.00646179304003003
2015-12-01,21.585693359375,,,,,,,2015-10-30,21.3723163604736,0.00998380312655223
2015-12-02,21.1444473266602,,,,,,,2015-11-02,21.3723163604736,-0.010661878196549
2015-12-03,20.7232093811035,,,,,,,2015-11-03,21.6485385894775,-0.0427432643801547
2015-12-04,21.1444473266602,,,,,,,2015-11-04,21.5587730407715,-0.0192184273811762
2015-12-07,21.1444473266602,,,,,,,2015-11-06,20.6817779541016,0.0223708703180834
2015-12-08,21.2134971618652,,,,,,,2015-11-06,20.6817779541016,0.0257095501626459
2015-12-09,21.0961055755615,,,,,,,2015-11-09,20.5160465240479,0.0282734322538096
2015-12-10,20.9234657287598,,,,,,,2015-11-10,20.737024307251,0.00899075097498936
2015-12-11,20.8115997314453,,,,,,,2015-11-11,20.808837890625,0.000132724414252605
2015-12-14,20.8758239746094,,,,,,,2015-11-13,20.4124717712402,0.0226994657267312
2015-12-15,21.1168231964111,,,,,,,2015-11-13,20.4124717712402,0.0345059350511034
2015-12-16,21.4966201782227,,,,,,,2015-11-16,20.391752243042,0.0541820988217265
2015-12-17,21.4689960479736,,,,,,,2015-11-17,20.7094020843506,0.0366787008398015
2015-12-18,21.1897296905518,,,,,,,2015-11-18,20.9545478820801,0.0112234255682893
2015-12-21,21.2246379852295,,,,,,,2015-11-20,21.2411231994629,-0.000776098988673923
2015-12-22,21.4201278686523,,,,,,,2015-11-20,21.2411231994629,0.00842726947669026
2015-12-23,21.6295852661133,,,,,,,2015-11-23,21.3516082763672,0.0130190188087036
2015-12-24,21.6505298614502,,,,,,,2015-11-24,21.0270538330078,0.0296511357888696
2015-12-28,21.5925788879395,,,,,,,2015-11-27,21.1858768463135,0.0191968472476391
2015-12-29,21.9507446289062,,,,,,,2015-11-27,21.1858768463135,0.0361027201347988
2015-12-30,21.9507446289062,,,,,,,2015-11-30,21.2342128753662,0.0337442107105974
2015-12-31,21.7720050811768,,,,,,,2015-12-01,21.585693359375,0.00863125954306421
2016-01-04,21.266529083252,,,,,,,2015-12-04,21.1444473266602,0.00577370288784396
2016-01-05,21.9109420776367,,,,,,,2015-12-04,21.1444473266602,0.0362504036702873
2016-01-06,21.6993942260742,,,,2015-10-08,20.8613224029541,0.0401734754361229,2015-12-07,21.1444473266602,0.0262455145240117
2016-01-07,21.3014392852783,,,,2015-10-09,20.8267936706543,0.0227901434147695,2015-12-08,21.2134971618652,0.00414557405325788
2016-01-08,21.0221672058105,,,,2015-10-09,20.8267936706543,0.0093808743796957,2015-12-09,21.0961055755615,-0.00350483502683208
2016-01-11,21.1478366851807,,,,2015-10-13,20.8267936706543,0.0154149034941815,2015-12-11,20.8115997314453,0.0161562281647822
2016-01-12,20.9174365997314,,,,2015-10-14,20.8267936706543,0.00435222677626412,2015-12-11,20.8115997314453,0.00508547491071609
2016-01-13,20.7010059356689,,,,2015-10-15,20.7646484375,-0.00306494482787001,2015-12-14,20.8758239746094,-0.00837418629094844
2016-01-14,20.7708225250244,,,,2015-10-16,21.159631729126,-0.0183750458929951,2015-12-15,21.1168231964111,-0.0163850721374381
2016-01-15,20.4217319488525,,,,2015-10-16,21.159631729126,-0.0348729973054175,2015-12-16,21.4966201782227,-0.0500026618351401
2016-01-19,20.5613670349121,,,,2015-10-21,21.4448337554932,-0.0411971820651094,2015-12-18,21.1897296905518,-0.0296541138002261
2016-01-20,20.0098094940186,,,,2015-10-22,21.7162189483643,-0.0785776501150183,2015-12-21,21.2246379852295,-0.0572367119786141
2016-01-21,20.1634063720703,,,,2015-10-23,21.4551830291748,-0.0602081396997607,2015-12-22,21.4201278686523,-0.0586701211257101
2016-01-22,20.5823135375977,,,,2015-10-23,21.4551830291748,-0.0406833859394357,2015-12-23,21.6295852661133,-0.0484184840176464
2016-01-25,20.5823135375977,,,,2015-10-27,21.4883327484131,-0.0421633088719897,2015-12-24,21.6505298614502,-0.0493390383832846
2016-01-26,20.7652282714844,,,,2015-10-28,21.4103050231934,-0.0301292649035214,2015-12-24,21.6505298614502,-0.0408905276513415
2016-01-27,20.5823135375977,,,,2015-10-29,21.5076675415039,-0.0430243773352256,2015-12-28,21.5925788879395,-0.0467876188196344
2016-01-28,20.3589019775391,,,,2015-10-30,21.3723163604736,-0.0474171524434668,2015-12-29,21.9507446289062,-0.0725188451817229
2016-01-29,20.3798408508301,,,,2015-10-30,21.3723163604736,-0.046437433028039,2015-12-30,21.9507446289062,-0.0715649425399216
2016-02-01,20.8127174377441,,,,2015-11-03,21.6485385894775,-0.0386086639649503,2015-12-31,21.7720050811768,-0.0440606016697095
2016-02-02,20.547399520874,,,,2015-11-04,21.5587730407715,-0.0469123877311929,2015-12-31,21.7720050811768,-0.0562467974693559
2016-02-03,20.5683498382568,,,,2015-11-05,21.4759044647217,-0.042259203935074,2016-01-04,21.266529083252,-0.0328299574538921
2016-02-04,20.6919231414795,,,,2015-11-06,20.6817779541016,0.000490537486692144,2016-01-05,21.9109420776367,-0.0556351676636221
2016-02-05,20.3156089782715,,,,2015-11-06,20.6817779541016,-0.0177049079940178,2016-01-06,21.6993942260742,-0.0637706856415358
2016-02-08,19.2390174865723,,,,2015-11-10,20.737024307251,-0.0722382728825232,2016-01-08,21.0221672058105,-0.0848223545070756
2016-02-09,19.0882167816162,,,,2015-11-11,20.808837890625,-0.0826870350979081,2016-01-08,21.0221672058105,-0.0919957683363773
2016-02-10,19.4931564331055,,,,2015-11-12,20.6817779541016,-0.0574719215936832,2016-01-11,21.1478366851807,-0.0782434759974627
2016-02-11,19.0044326782227,,,,2015-11-13,20.4124717712402,-0.0689793528582564,2016-01-12,20.9174365997314,-0.0914549883963004
2016-02-12,19.1929340362549,,,,2015-11-13,20.4124717712402,-0.0597447358973741,2016-01-13,20.7010059356689,-0.0728501747258365
2016-02-16,19.1929340362549,,,,2015-11-18,20.9545478820801,-0.0840683299748832,2016-01-15,20.4217319488525,-0.0601710920344687
2016-02-17,19.7933654785156,,,,2015-11-19,21.0684833526611,-0.0605225280245172,2016-01-15,20.4217319488525,-0.0307694994680517
2016-02-18,20.0377349853516,,,,2015-11-20,21.2411231994629,-0.0566536996566058,2016-01-19,20.5613670349121,-0.0254667916131963
2016-02-19,20.0098094940186,,,,2015-11-20,21.2411231994629,-0.0579683896130065,2016-01-20,20.0098094940186,0
2016-02-22,20.317008972168,,,,2015-11-24,21.0270538330078,-0.0337681572739034,2016-01-22,20.5823135375977,-0.0128899292562548
2016-02-23,20.2122783660889,,,,2015-11-25,21.0270538330078,-0.0387489123958928,2016-01-22,20.5823135375977,-0.0179783079697453
2016-02-24,20.2290363311768,,,,2015-11-25,21.0270538330078,-0.0379519407791851,2016-01-25,20.5823135375977,-0.0171641154807775
2016-02-25,20.3589019775391,,,,2015-11-27,21.1858768463135,-0.0390342526190186,2016-01-26,20.7652282714844,-0.0195676295311086
2016-02-26,20.5055160522461,,,,2015-11-27,21.1858768463135,-0.0321138841220903,2016-01-27,20.5823135375977,-0.00373123678304077
2016-02-29,20.4775848388672,,,,2015-12-01,21.585693359375,-0.0513353220607363,2016-01-29,20.3798408508301,0.0047961114491788
2016-03-01,20.9663124084473,,,,2015-12-02,21.1444473266602,-0.00842466655481178,2016-01-29,20.3798408508301,0.028777043054941
2016-03-02,21.1967086791992,,,,2015-12-03,20.7232093811035,0.0228487436182283,2016-02-01,20.8127174377441,0.0184498368655457
2016-03-03,21.2260360717773,,,,2015-12-04,21.1444473266602,0.00385863692045119,2016-02-02,20.547399520874,0.0330278559198645
2016-03-04,21.2874736785889,,,,2015-12-04,21.1444473266602,0.00676425113974832,2016-02-03,20.5683498382568,0.0349626414363329
2016-03-07,21.273509979248,,,,2015-12-08,21.2134971618652,0.00282899217064014,2016-02-05,20.3156089782715,0.0471509863180122
2016-03-08,21.2413921356201,,,,2015-12-09,21.0961055755615,0.0068868900725878,2016-02-05,20.3156089782715,0.0455700421453675
2016-03-09,21.1764640808105,,,,2015-12-10,20.9234657287598,0.0120916083086096,2016-02-08,19.2390174865723,0.100704030005197
2016-03-10,21.0766258239746,,,,2015-12-11,20.8115997314453,0.0127345372748475,2016-02-09,19.0882167816162,0.104169449933816
2016-03-11,21.566743850708,,,,2015-12-11,20.8115997314453,0.0362847704648916,2016-02-10,19.4931564331055,0.106375148874347
2016-03-14,21.6365623474121,,,,2015-12-15,21.1168231964111,0.0246125634602703,2016-02-12,19.1929340362549,0.127319163737097
2016-03-15,21.7796859741211,,,,2015-12-16,21.4966201782227,0.0131679209825366,2016-02-12,19.1929340362549,0.134776263648899
2016-03-16,21.6156215667725,,,,2015-12-17,21.4689960479736,0.00682964021564758,2016-02-12,19.1929340362549,0.126228096545385
2016-03-17,22.3389339447021,,,,2015-12-18,21.1897296905518,0.0542340214308068,2016-02-16,19.1929340362549,0.163914485534341
2016-03-18,22.1817474365234,,,,2015-12-18,21.1897296905518,0.0468159698334429,2016-02-17,19.7933654785156,0.120665783724362
2016-03-21,22.0689754486084,,,,2015-12-22,21.4201278686523,0.0302914895716202,2016-02-19,20.0098094940186,0.102907824045271
2016-03-22,22.0302085876465,,,,2015-12-23,21.6295852661133,0.0185220066221452,2016-02-19,20.0098094940186,0.100970431239332
2016-03-23,21.9491424560547,,,,2015-12-24,21.6505298614502,0.0137923919883451,2016-02-22,20.317008972168,0.0803333544874918
2016-03-24,21.9843921661377,,,,2015-12-24,21.6505298614502,0.0154205142702746,2016-02-23,20.2122783660889,0.08767511351031
2016-03-28,22.125358581543,,,,2015-12-29,21.9507446289062,0.00795480771102297,2016-02-26,20.5055160522461,0.0789954529878532
2016-03-29,22.604663848877,,,,2015-12-30,21.9507446289062,0.0297902978247755,2016-02-26,20.5055160522461,0.102369908237493
2016-03-30,22.5553150177002,,,,2015-12-31,21.7720050811768,0.0359778501613823,2016-02-29,20.4775848388672,0.101463634270454
2016-03-31,22.6680965423584,,,,2015-12-31,21.7720050811768,0.0411579667486097,2016-03-01,20.9663124084473,0.0811675463361639
2016-04-01,22.7153282165527,,,,2015-12-31,21.7720050811768,0.0433273431573618,2016-03-02,21.1967086791992,0.071644119864881
2016-04-04,22.6821956634521,,,,2016-01-05,21.9109420776367,0.0351994717106485,2016-03-04,21.2874736785889,0.0655184361433223
2016-04-05,22.4791984558105,,,,2016-01-06,21.6993942260742,0.0359366819926847,2016-03-04,21.2874736785889,0.0559824427837263
2016-04-06,22.5412254333496,,,,2016-01-07,21.3014392852783,0.0582019896152333,2016-03-07,21.273509979248,0.0595912689226272
2016-04-07,22.3579635620117,,,,2016-01-08,21.0221672058105,0.0635422762612199,2016-03-08,21.2413921356201,0.0525658308675163
2016-04-08,22.5694160461426,,,,2016-01-08,21.0221672058105,0.0736008245574398,2016-03-09,21.1764640808105,0.0657783074651388
2016-04-11,22.5553150177002,,,,2016-01-12,20.9174365997314,0.0783020620217765,2016-03-11,21.566743850708,0.045837757142914
2016-04-12,22.6540012359619,,,,2016-01-13,20.7010059356689,0.0943430143618218,2016-03-11,21.566743850708,0.0504136086921727
2016-04-13,22.5673027038574,,,,2016-01-14,20.7708225250244,0.0864905651506405,2016-03-14,21.6365623474121,0.0430170163587305
2016-04-14,22.4777870178223,,,,2016-01-15,20.4217319488525,0.10067975988125,2016-03-15,21.7796859741211,0.0320528516586815
2016-04-15,22.6328563690186,,,,2016-01-15,20.4217319488525,0.108273109533702,2016-03-16,21.6156215667725,0.0470601689201382
2016-04-18,22.717435836792,,,,2016-01-19,20.5613670349121,0.104860187468031,2016-03-18,22.1817474365234,0.0241499639197276
2016-04-19,22.6399059295654,,,,2016-01-20,20.0098094940186,0.131440353609217,2016-03-18,22.1817474365234,0.0206547520366951
2016-04-20,22.4143505096436,,,,2016-01-21,20.1634063720703,0.111635112442666,2016-03-21,22.0689754486084,0.0156498004105095
2016-04-21,21.8955745697021,,,,2016-01-22,20.5823135375977,0.0638053166232047,2016-03-22,22.0302085876465,-0.00611133650454099
2016-04-22,22.1746940612793,,,,2016-01-22,20.5823135375977,0.0773664496351609,2016-03-23,21.9491424560547,0.0102761010219965
2016-04-25,22.330472946167,,,,2016-01-26,20.7652282714844,0.0753781588248696,2016-03-24,21.9843921661377,0.015742112741346
2016-04-26,22.3932056427002,,,,2016-01-27,20.5823135375977,0.0879829229009941,2016-03-24,21.9843921661377,0.018595623361932
2016-04-27,22.3086242675781,,,,2016-01-28,20.3589019775391,0.0957675562360922,2016-03-28,22.125358581543,0.00828306060485895
2016-04-28,22.3311805725098,,,,2016-01-29,20.3798408508301,0.0957485260048145,2016-03-29,22.604663848877,-0.012098533214011
2016-04-29,22.118314743042,,,,2016-01-29,20.3798408508301,0.085303604917067,2016-03-30,22.5553150177002,-0.0193746030288324
2016-05-02,22.3509120941162,,,,2016-02-02,20.547399520874,0.0877732761953651,2016-04-01,22.7153282165527,-0.0160427407855357
2016-05-03,22.4636898040771,,,,2016-02-03,20.5683498382568,0.0921483726562742,2016-04-01,22.7153282165527,-0.0110779122395517
2016-05-04,22.7879219055176,,,,2016-02-04,20.6919231414795,0.101295503066914,2016-04-04,22.6821956634521,0.00466119963138212
2016-05-05,22.8090648651123,,,,2016-02-05,20.3156089782715,0.122735965705369,2016-04-05,22.4791984558105,0.0146742958807098
2016-05-06,22.9288959503174,,,,2016-02-05,20.3156089782715,0.128634439402773,2016-04-06,22.5412254333496,0.0171982893349807
2016-05-09,23.1600856781006,,,,2016-02-09,19.0882167816162,0.213318454157854,2016-04-08,22.5694160461426,0.0261712412386037
2016-05-10,23.246072769165,,,,2016-02-10,19.4931564331055,0.192524815000507,2016-04-08,22.5694160461426,0.0299811356057711
2016-05-11,22.8231639862061,,,,2016-02-11,19.0044326782227,0.200938979481314,2016-04-11,22.5553150177002,0.0118752040614667
2016-05-12,22.9006996154785,,,,2016-02-12,19.1929340362549,0.193183885914461,2016-04-12,22.6540012359619,0.0108898369408128
2016-05-13,22.5701198577881,,,,2016-02-12,19.1929340362549,0.175959851430417,2016-04-13,22.5673027038574,0.000124833435684923
2016-05-16,22.8781471252441,,,,2016-02-16,19.1929340362549,0.192008844610626,2016-04-15,22.6328563690186,0.0108378170314092
2016-05-17,22.4989318847656,,,,2016-02-17,19.7933654785156,0.136690569836985,2016-04-15,22.6328563690186,-0.00591725949519373
2016-05-18,21.9442119598389,,,,2016-02-18,20.0377349853516,0.0951443352195758,2016-04-18,22.717435836792,-0.0340365824078108
2016-05-19,21.8998126983643,,,,2016-02-19,20.0098094940186,0.0944538330017917,2016-04-19,22.6399059295654,-0.03268976618117
2016-05-20,22.0492382049561,,,,2016-02-19,20.0098094940186,0.101921445656298,2016-04-20,22.4143505096436,-0.0162892208065729
2016-05-23,22.118314743042,,,,2016-02-23,20.2122783660889,0.0943009166225899,2016-04-22,22.1746940612793,-0.00254250715168836
2016-05-24,22.2663288116455,,,,2016-02-24,20.2290363311768,0.100711296727907,2016-04-22,22.1746940612793,0.0041324020125364
2016-05-25,22.4171695709229,,,,2016-02-25,20.3589019775391,0.101099145506696,2016-04-25,22.330472946167,0.0038824356727627
2016-05-26,22.4002571105957,,,,2016-02-26,20.5055160522461,0.0924015300820515,2016-04-26,22.3932056427002,0.000314893187157717
2016-05-27,22.4883613586426,,,,2016-02-26,20.5055160522461,0.0966981421654729,2016-04-27,22.3086242675781,0.00805684334939749
2016-05-31,22.4989318847656,,,,2016-03-02,21.1967086791992,0.0614351607730641,2016-04-29,22.118314743042,0.0172082342685429
2016-06-01,22.4143505096436,,,,2016-03-03,21.2260360717773,0.0559838131739643,2016-05-02,22.3509120941162,0.0028382920240666
2016-06-02,22.4848346710205,,,,2016-03-04,21.2874736785889,0.0562472095331799,2016-05-03,22.4636898040771,0.000941290906693482
2016-06-03,22.586332321167,,,,2016-03-04,21.2874736785889,0.0610151614131895,2016-05-04,22.7879219055176,-0.00884633470249729
2016-06-06,22.5976104736328,,,,2016-03-08,21.2413921356201,0.0638479026870569,2016-05-06,22.9288959503174,-0.0144483832715891
2016-06-07,22.6159381866455,,,,2016-03-09,21.1764640808105,0.0679751869973122,2016-05-06,22.9288959503174,-0.0136490550766158
2016-06-08,22.7244853973389,,,,2016-03-10,21.0766258239746,0.0781842210952866,2016-05-09,23.1600856781006,-0.0188082326989664
2016-06-09,22.7724132537842,,,,2016-03-11,21.566743850708,0.0559040999152309,2016-05-10,23.246072769165,-0.0203758940309758
2016-06-10,22.6610507965088,,,,2016-03-11,21.566743850708,0.0507404804997884,2016-05-11,22.8231639862061,-0.00710301121243495
2016-06-13,22.6540012359619,,,,2016-03-15,21.7796859741211,0.0401436119363567,2016-05-13,22.5701198577881,0.00371647907509387
2016-06-14,22.5482692718506,2015-10-08,20.8613224029541,0.0808648098290068,2016-03-16,21.6156215667725,0.0431469297423206,2016-05-13,22.5701198577881,-0.000968120066494382
2016-06-15,22.7808742523193,2015-10-09,20.8267936706543,0.0938253200452266,2016-03-17,22.3389339447021,0.019783410824848,2016-05-16,22.8781471252441,-0.00425178107266699
2016-06-16,22.8978843688965,2015-10-09,20.8267936706543,0.0994435692307467,2016-03-18,22.1817474365234,0.0322849646729764,2016-05-17,22.4989318847656,0.0177320632896798
2016-06-17,22.8623447418213,2015-10-09,20.8267936706543,0.0977371314738262,2016-03-18,22.1817474365234,0.0306827632604458,2016-05-18,21.9442119598389,0.0418394054734224
2016-06-20,22.8836688995361,2015-10-14,20.8267936706543,0.098761012444275,2016-03-22,22.0302085876465,0.0387404553385948,2016-05-20,22.0492382049561,0.037843969339155
2016-06-21,23.0684375762939,2015-10-15,20.7646484375,0.11094765922612,2016-03-23,21.9491424560547,0.0509949362477484,2016-05-20,22.0492382049561,0.0462237906753988
2016-06-22,23.0471229553223,2015-10-16,21.159631729126,0.0892024610994615,2016-03-24,21.9843921661377,0.0483402398007386,2016-05-23,22.118314743042,0.0419927206512178
2016-06-23,23.146614074707,2015-10-16,21.159631729126,0.0939043916745488,2016-03-24,21.9843921661377,0.0528657740357952,2016-05-24,22.2663288116455,0.0395343691592809
2016-06-24,22.8552417755127,2015-10-16,21.159631729126,0.0801341945877407,2016-03-24,21.9843921661377,0.0396121758925116,2016-05-25,22.4171695709229,0.0195418160711092
2016-06-27,22.8197078704834,2015-10-21,21.4448337554932,0.0641121367815713,2016-03-29,22.604663848877,0.00951325899133515,2016-05-27,22.4883613586426,0.0147341332059077
2016-06-28,23.2390041351318,2015-10-22,21.7162189483643,0.0701220221802143,2016-03-30,22.5553150177002,0.0303116634325489,2016-05-27,22.4883613586426,0.0333791673176216
2016-06-29,23.6796226501465,2015-10-23,21.4551830291748,0.103678426697497,2016-03-31,22.6680965423584,0.0446233368513282,2016-05-27,22.4883613586426,0.0529723474514561
2016-06-30,23.8714981079102,2015-10-23,21.4551830291748,0.112621508539435,2016-04-01,22.7153282165527,0.0508982252131811,2016-05-31,22.4989318847656,0.0610058393071504
2016-07-01,23.8572902679443,2015-10-23,21.4551830291748,0.111959298389724,2016-04-01,22.7153282165527,0.0502727515316927,2016-06-01,22.4143505096436,0.0643757113408203
2016-07-05,24.0314025878906,2015-10-29,21.5076675415039,0.117341178048089,2016-04-06,22.5412254333496,0.0661089681635634,2016-06-03,22.586332321167,0.0639798549926307
2016-07-06,23.9994258880615,2015-10-30,21.3723163604736,0.122921141689935,2016-04-07,22.3579635620117,0.0734173450769373,2016-06-06,22.5976104736328,0.0620337896373766
2016-07-07,23.7009410858154,2015-10-30,21.3723163604736,0.108955186984242,2016-04-08,22.5694160461426,0.0501353263797117,2016-06-07,22.6159381866455,0.0479751443524286
2016-07-08,24.1117095947266,2015-10-30,21.3723163604736,0.128174840202123,2016-04-08,22.5694160461426,0.0683355539829125,2016-06-08,22.7244853973389,0.0610453514406157
2016-07-11,24.2979011535645,2015-11-04,21.5587730407715,0.127053989000802,2016-04-12,22.6540012359619,0.0725655437412502,2016-06-10,22.6610507965088,0.0722318824380306
2016-07-12,24.3476581573486,2015-11-05,21.4759044647217,0.133719801992245,2016-04-13,22.5673027038574,0.0788909280322145,2016-06-10,22.6610507965088,0.0744275883755441
2016-07-13,24.4613590240479,2015-11-06,20.6817779541016,0.182749330272001,2016-04-14,22.4777870178223,0.0882458760131879,2016-06-13,22.6540012359619,0.0797809521267641
2016-07-14,24.3256187438965,2015-11-06,20.6817779541016,0.176186051212889,2016-04-15,22.6328563690186,0.0747922554395344,2016-06-14,22.5482692718506,0.0788242082182671
2016-07-15,24.2900886535645,2015-11-06,20.6817779541016,0.174468109437724,2016-04-15,22.6328563690186,0.0732224098242604,2016-06-15,22.7808742523193,0.0662491871264099
2016-07-18,24.2979011535645,2015-11-11,20.808837890625,0.167672182429341,2016-04-19,22.6399059295654,0.0732333088819883,2016-06-17,22.8623447418213,0.0627913028149361
2016-07-19,24.3675498962402,2015-11-12,20.6817779541016,0.178213495489527,2016-04-20,22.4143505096436,0.0871405747740197,2016-06-17,22.8623447418213,0.065837741990896
2016-07-20,24.3334426879883,2015-11-13,20.4124717712402,0.192087022124994,2016-04-21,21.8955745697021,0.11134067802265,2016-06-20,22.8836688995361,0.0633540799255987
2016-07-21,24.4045104980469,2015-11-13,20.4124717712402,0.195568609796249,2016-04-22,22.1746940612793,0.100556807259912,2016-06-21,23.0684375762939,0.0579177899384886
2016-07-22,24.5892734527588,2015-11-13,20.4124717712402,0.20462008365902,2016-04-22,22.1746940612793,0.108888960758911,2016-06-22,23.0471229553223,0.0669129288035666
2016-07-25,24.5537452697754,2015-11-18,20.9545478820801,0.171762111401758,2016-04-26,22.3932056427002,0.0964819267749411,2016-06-24,22.8552417755127,0.0743157088840114
2016-07-26,24.4151649475098,2015-11-19,21.0684833526611,0.158847769857431,2016-04-27,22.3086242675781,0.0944271889949373,2016-06-24,22.8552417755127,0.0682523154783858
2016-07-27,24.233943939209,2015-11-20,21.2411231994629,0.140897480403568,2016-04-28,22.3311805725098,0.0852065729584204,2016-06-27,22.8197078704834,0.0619743283635483
2016-07-28,24.383186340332,2015-11-20,21.2411231994629,0.147923587249312,2016-04-29,22.118314743042,0.102398018275896,2016-06-28,23.2390041351318,0.0492354232800563
2016-07-29,24.6447124481201,2015-11-20,21.2411231994629,0.160235841424021,2016-04-29,22.118314743042,0.114221980039093,2016-06-29,23.6796226501465,0.0407561307978725
2016-08-01,24.7243137359619,2015-11-25,21.0270538330078,0.175833473025605,2016-05-03,22.4636898040771,0.100634577471528,2016-07-01,23.8572902679443,0.036342076500723
2016-08-02,24.3476581573486,2015-11-25,21.0270538330078,0.157920569886411,2016-05-04,22.7879219055176,0.0684457432449519,2016-07-01,23.8572902679443,0.0205542156672831
2016-08-03,24.1628742218018,2015-11-27,21.1858768463135,0.140518015708484,2016-05-05,22.8090648651123,0.0593540052911237,2016-07-01,23.8572902679443,0.0128088291010995
2016-08-04,24.1202354431152,2015-11-27,21.1858768463135,0.138505411793346,2016-05-06,22.9288959503174,0.0519579963806047,2016-07-05,24.0314025878906,0.00369653227270939
2016-08-05,24.1202354431152,2015-11-27,21.1858768463135,0.138505411793346,2016-05-06,22.9288959503174,0.0519579963806047,2016-07-06,23.9994258880615,0.005033851877007
2016-08-08,24.1131286621094,2015-12-02,21.1444473266602,0.140400044020357,2016-05-10,23.246072769165,0.0372990268745286,2016-07-08,24.1117095947266,5.88538683761186e-05
2016-08-09,24.2765884399414,2015-12-03,20.7232093811035,0.171468569056588,2016-05-11,22.8231639862061,0.0636819879405757,2016-07-08,24.1117095947266,0.00683812338428735
2016-08-10,24.2268314361572,2015-12-04,21.1444473266602,0.145777473484049,2016-05-12,22.9006996154785,0.0579079173538601,2016-07-11,24.2979011535645,-0.00292493236177316
2016-08-11,23.9994258880615,2015-12-04,21.1444473266602,0.135022614556666,2016-05-13,22.5701198577881,0.0633273566679902,2016-07-12,24.3476581573486,-0.0143024954201607
2016-08-12,24.077600479126,2015-12-04,21.1444473266602,0.138719783362109,2016-05-13,22.5701198577881,0.0667909887424774,2016-07-13,24.4613590240479,-0.0156883574843328
2016-08-15,24.0491752624512,2015-12-09,21.0961055755615,0.139981745745081,2016-05-17,22.4989318847656,0.0689029766224252,2016-07-15,24.2900886535645,-0.00991817669129558
2016-08-16,23.757791519165,2015-12-10,20.9234657287598,0.135461583044984,2016-05-18,21.9442119598389,0.0826450073780407,2016-07-15,24.2900886535645,-0.0219141700959293
2016-08-17,23.8572902679443,2015-12-11,20.8115997314453,0.146345815593269,2016-05-19,21.8998126983643,0.0893833018821342,2016-07-18,24.2979011535645,-0.0181337014598679
2016-08-18,23.8075408935547,2015-12-11,20.8115997314453,0.143955351859985,2016-05-20,22.0492382049561,0.0797443735812795,2016-07-19,24.3675498962402,-0.0229817525795629
2016-08-19,23.6227684020996,2015-12-11,20.8115997314453,0.135077010269747,2016-05-20,22.0492382049561,0.071364379236915,2016-07-20,24.3334426879883,-0.0292056613197392
2016-08-22,23.7364711761475,2015-12-16,21.4966201782227,0.104195495820032,2016-05-24,22.2663288116455,0.0660253594985563,2016-07-22,24.5892734527588,-0.0346818818477798
2016-08-23,23.7222633361816,2015-12-17,21.4689960479736,0.104954478689779,2016-05-25,22.4171695709229,0.0582184901233747,2016-07-22,24.5892734527588,-0.0352596882637813
2016-08-24,23.6583042144775,2015-12-18,21.1897296905518,0.116498632119242,2016-05-26,22.4002571105957,0.0561621724996522,2016-07-25,24.5537452697754,-0.0364686138696771
2016-08-25,23.757791519165,2015-12-18,21.1897296905518,0.121193704030984,2016-05-27,22.4883613586426,0.0564483174330801,2016-07-26,24.4151649475098,-0.0269247998020091
2016-08-26,23.5232696533203,2015-12-18,21.1897296905518,0.110125990130447,2016-05-27,22.4883613586426,0.0460197289688256,2016-07-27,24.233943939209,-0.0293255727450473
2016-08-29,23.757791519165,2015-12-23,21.6295852661133,0.0983932991256187,2016-05-31,22.4989318847656,0.0559519732246403,2016-07-29,24.6447124481201,-0.0359882847414896
2016-08-30,23.6867294311523,2015-12-24,21.6505298614502,0.0940484866990576,2016-06-01,22.4143505096436,0.056766263245565,2016-07-29,24.6447124481201,-0.0388717465859842
2016-08-31,23.7222633361816,2015-12-24,21.6505298614502,0.0956897354470878,2016-06-02,22.4848346710205,0.0550339232316432,2016-08-01,24.7243137359619,-0.0405289469500131
2016-09-01,23.7151489257812,2015-12-24,21.6505298614502,0.0953611333091302,2016-06-03,22.586332321167,0.0499778622116693,2016-08-02,24.3476581573486,-0.025978236899818
2016-09-02,23.8714981079102,2015-12-24,21.6505298614502,0.102582627800463,2016-06-03,22.586332321167,0.056900153972266,2016-08-03,24.1628742218018,-0.0120588350217333
2016-09-06,24.0704917907715,2015-12-31,21.7720050811768,0.105570741005472,2016-06-08,22.7244853973389,0.0592315456168808,2016-08-05,24.1202354431152,-0.00206232034762122
2016-09-07,24.1905117034912,2015-12-31,21.7720050811768,0.111083320681631,2016-06-09,22.7724132537842,0.0622726469040948,2016-08-08,24.1131286621094,0.00320916636186808
2016-09-08,23.8833084106445,2015-12-31,21.7720050811768,0.0969733068495893,2016-06-10,22.6610507965088,0.0539364932858297,2016-08-09,24.2765884399414,-0.0161999710243399
2016-09-09,22.9759864807129,2015-12-31,21.7720050811768,0.0552995185811822,2016-06-10,22.6610507965088,0.0138976646331255,2016-08-10,24.2268314361572,-0.0516305633586701
2016-09-12,23.0688667297363,2016-01-06,21.6993942260742,0.0631110937657668,2016-06-14,22.5482692718506,0.0230881337990612,2016-08-12,24.077600479126,-0.0418951111953273
2016-09-13,22.6616325378418,2016-01-07,21.3014392852783,0.063854523365636,2016-06-15,22.7808742523193,-0.00523429053498226,2016-08-12,24.077600479126,-0.0588085155126544
2016-09-14,22.7045078277588,2016-01-08,21.0221672058105,0.0800269832067191,2016-06-16,22.8978843688965,-0.0084451706551707,2016-08-15,24.0491752624512,-0.0559132452575976
2016-09-15,22.8759670257568,2016-01-08,21.0221672058105,0.0881830974797833,2016-06-17,22.8623447418213,0.000595839319605274,2016-08-16,23.757791519165,-0.0371172755134603
2016-09-16,22.7973785400391,2016-01-08,21.0221672058105,0.0844447347815711,2016-06-17,22.8623447418213,-0.00284162462406523,2016-08-17,23.8572902679443,-0.0444271631858131
2016-09-19,23.033145904541,2016-01-13,20.7010059356689,0.112658291878158,2016-06-21,23.0684375762939,-0.00152986831623125,2016-08-19,23.6227684020996,-0.0249599237279144
2016-09-20,22.9902782440186,2016-01-14,20.7708225250244,0.106854493427989,2016-06-22,23.0471229553223,-0.00246645585281535,2016-08-19,23.6227684020996,-0.0267745992897614
2016-09-21,23.25461769104,2016-01-15,20.4217319488525,0.138719171776548,2016-06-23,23.146614074707,0.00466606545494819,2016-08-22,23.7364711761475,-0.0203001314530541
2016-09-22,23.7118434906006,2016-01-15,20.4217319488525,0.161108350162872,2016-06-24,22.8552417755127,0.0374794422873119,2016-08-23,23.7222633361816,-0.000439243314745874
2016-09-23,23.8047256469727,2016-01-15,20.4217319488525,0.165656551882721,2016-06-24,22.8552417755127,0.0415433746352774,2016-08-24,23.6583042144775,0.00618900793428456
2016-09-26,23.8547382354736,2016-01-20,20.0098094940186,0.192152191284201,2016-06-28,23.2390041351318,0.0264957180075955,2016-08-26,23.5232696533203,0.0140910930767033
2016-09-27,23.6475448608398,2016-01-21,20.1634063720703,0.172795133147524,2016-06-29,23.6796226501465,-0.00135465795973921,2016-08-26,23.5232696533203,0.00528307541217976
2016-09-28,23.8118648529053,2016-01-22,20.5823135375977,0.156909052493453,2016-06-30,23.8714981079102,-0.00249809436908022,2016-08-29,23.757791519165,0.00227602526508508
2016-09-29,23.5189514160156,2016-01-22,20.5823135375977,0.142677735088119,2016-07-01,23.8572902679443,-0.0141817804171716,2016-08-30,23.6867294311523,-0.00708320731337697
2016-09-30,23.4117832183838,2016-01-22,20.5823135375977,0.137470925006441,2016-07-01,23.8572902679443,-0.0186738328015043,2016-08-31,23.7222633361816,-0.013088132165041
2016-10-03,22.9616966247559,2016-01-27,20.5823135375977,0.115603286424133,2016-07-05,24.0314025878906,-0.044512839366013,2016-09-02,23.8714981079102,-0.0381124585914793
2016-10-04,22.6116352081299,2016-01-28,20.3589019775391,0.110651018069449,2016-07-06,23.9994258880615,-0.0578259949385704,2016-09-02,23.8714981079102,-0.0527768677979538
2016-10-05,22.1901149749756,2016-01-29,20.3798408508301,0.0888267056350329,2016-07-07,23.7009410858154,-0.0637454059469414,2016-09-02,23.8714981079102,-0.0704347555119479
2016-10-06,22.232982635498,2016-01-29,20.3798408508301,0.0909301401434881,2016-07-08,24.1117095947266,-0.0779176172410191,2016-09-06,24.0704917907715,-0.0763386627596006
2016-10-07,22.1758308410645,2016-01-29,20.3798408508301,0.0881258103721265,2016-07-08,24.1117095947266,-0.0802879093270723,2016-09-07,24.1905117034912,-0.0832839291339172
2016-10-10,22.2615604400635,2016-02-03,20.5683498382568,0.0823211689377867,2016-07-12,24.3476581573486,-0.0856796043300588,2016-09-09,22.9759864807129,-0.0310944664443084
2016-10-11,22.0900974273682,2016-02-04,20.6919231414795,0.0675710167841221,2016-07-13,24.4613590240479,-0.0969390782559755,2016-09-09,22.9759864807129,-0.0385571715968924
2016-10-12,22.4044399261475,2016-02-05,20.3156089782715,0.102819017146377,2016-07-14,24.3256187438965,-0.0789775930460582,2016-09-12,23.0688667297363,-0.0288018831342246
2016-10-13,22.4758911132812,2016-02-05,20.3156089782715,0.106336075739609,2016-07-15,24.2900886535645,-0.0746887986354459,2016-09-13,22.6616325378418,-0.00819629496023233
2016-10-14,22.4473114013672,2016-02-05,20.3156089782715,0.104929289856664,2016-07-15,24.2900886535645,-0.07586539837214,2016-09-14,22.7045078277588,-0.0113279895051127
2016-10-17,22.4687442779541,2016-02-10,19.4931564331055,0.152647820534347,2016-07-19,24.3675498962402,-0.0779235346340301,2016-09-16,22.7973785400391,-0.0144154408590348
2016-10-18,22.5830535888672,2016-02-11,19.0044326782227,0.188304537748464,2016-07-20,24.3334426879883,-0.0719334753230433,2016-09-16,22.7973785400391,-0.00940129808326229
2016-10-19,22.6687850952148,2016-02-12,19.1929340362549,0.181100557757047,2016-07-21,24.4045104980469,-0.0711231394283013,2016-09-19,23.033145904541,-0.0158189771747305
2016-10-20,22.5901966094971,2016-02-12,19.1929340362549,0.177005900547819,2016-07-22,24.5892734527588,-0.0812987356906811,2016-09-20,22.9902782440186,-0.0174022093284397
2016-10-21,22.5759124755859,2016-02-12,19.1929340362549,0.176261661345822,2016-07-22,24.5892734527588,-0.0818796448394844,2016-09-21,23.25461769104,-0.0291858255625336
2016-10-24,22.6044864654541,2016-02-17,19.7933654785156,0.142023396172306,2016-07-26,24.4151649475098,-0.0741620417453026,2016-09-23,23.8047256469727,-0.0504202064463277
2016-10-25,22.5759124755859,2016-02-18,20.0377349853516,0.126669880208012,2016-07-27,24.233943939209,-0.0684177312525864,2016-09-23,23.8047256469727,-0.0516205559186099
2016-10-26,22.2829933166504,2016-02-19,20.0098094940186,0.113603471502882,2016-07-28,24.383186340332,-0.0861328373727649,2016-09-26,23.8547382354736,-0.0658881645779686
2016-10-27,21.7543163299561,2016-02-19,20.0098094940186,0.087182580946559,2016-07-29,24.6447124481201,-0.11728260673557,2016-09-27,23.6475448608398,-0.080060257503474
2016-10-28,21.8114738464355,2016-02-19,20.0098094940186,0.0900390557419128,2016-07-29,24.6447124481201,-0.114963345896158,2016-09-28,23.8118648529053,-0.0840081622681336
2016-10-31,22.1115303039551,2016-02-24,20.2290363311768,0.0930590039960055,2016-08-02,24.3476581573486,-0.0918415988487438,2016-09-30,23.4117832183838,-0.0555383971524092
2016-11-01,21.6757278442383,2016-02-25,20.3589019775391,0.0646805936858483,2016-08-03,24.1628742218018,-0.102932554907701,2016-09-30,23.4117832183838,-0.0741530603607458
2016-11-02,21.3399505615234,2016-02-26,20.5055160522461,0.0406931728590145,2016-08-04,24.1202354431152,-0.115267733938534,2016-10-03,22.9616966247559,-0.0706283202733353
2016-11-03,21.2470703125,2016-02-26,20.5055160522461,0.0361636477894287,2016-08-05,24.1202354431152,-0.119118452943432,2016-10-04,22.6116352081299,-0.0603479086350757
2016-11-04,21.3899631500244,2016-02-26,20.5055160522461,0.0431321550515886,2016-08-05,24.1202354431152,-0.11319426377615,2016-10-05,22.1901149749756,-0.0360589310084029
2016-11-07,21.7828941345215,2016-03-02,21.1967086791992,0.0276545507226555,2016-08-09,24.2765884399414,-0.102720129378522,2016-10-07,22.1758308410645,-0.0177191424916239
2016-11-08,21.9186305999756,2016-03-03,21.2260360717773,0.032629480410576,2016-08-10,24.2268314361572,-0.0952745654034138,2016-10-07,22.1758308410645,-0.0115982234411978
2016-11-09,21.4256763458252,2016-03-04,21.2874736785889,0.00649220613601198,2016-08-11,23.9994258880615,-0.107242129634302,2016-10-10,22.2615604400635,-0.0375483154691155
2016-11-10,21.104190826416,2016-03-04,21.2874736785889,-0.00860989213375751,2016-08-12,24.077600479126,-0.123492773097874,2016-10-11,22.0900974273682,-0.044631156752196
2016-11-11,21.1256237030029,2016-03-04,21.2874736785889,-0.00760306168921898,2016-08-12,24.077600479126,-0.122602614769784,2016-10-12,22.4044399261475,-0.0570786963369733
2016-11-14,21.5399894714355,2016-03-09,21.1764640808105,0.0171664820546891,2016-08-16,23.757791519165,-0.093350513912054,2016-10-14,22.4473114013672,-0.0404200714156074
2016-11-15,21.397102355957,2016-03-10,21.0766258239746,0.0152053053775751,2016-08-17,23.8572902679443,-0.103121011831462,2016-10-14,22.4473114013672,-0.0467855159413965
2016-11-16,21.3828163146973,2016-03-11,21.566743850708,-0.00852829417755174,2016-08-18,23.8075408935547,-0.101846914374674,2016-10-17,22.4687442779541,-0.0483306031624708
2016-11-17,21.1827774047852,2016-03-11,21.566743850708,-0.0178036354760268,2016-08-19,23.6227684020996,-0.10328979888308,2016-10-18,22.5830535888672,-0.0620056175561805
2016-11-18,21.2256374359131,2016-03-11,21.566743850708,-0.0158163150244732,2016-08-19,23.6227684020996,-0.101475446289075,2016-10-19,22.6687850952148,-0.0636623292002706
2016-11-21,21.1684856414795,2016-03-16,21.6156215667725,-0.020685776900365,2016-08-23,23.7222633361816,-0.107653205704326,2016-10-21,22.5759124755859,-0.0623419689294273
2016-11-22,21.5328426361084,2016-03-17,22.3389339447021,-0.0360845916187921,2016-08-24,23.6583042144775,-0.0898399800383191,2016-10-21,22.5759124755859,-0.0462027765480371
2016-11-23,21.3828163146973,2016-03-18,22.1817474365234,-0.0360175015116569,2016-08-25,23.757791519165,-0.0999661606825667,2016-10-24,22.6044864654541,-0.0540454724606942
2016-11-25,21.4756851196289,2016-03-18,22.1817474365234,-0.0318307797397408,2016-08-26,23.5232696533203,-0.0870450649024632,2016-10-26,22.2829933166504,-0.0362297912829443
2016-11-28,21.5542755126953,2016-03-23,21.9491424560547,-0.017990085223145,2016-08-30,23.6867294311523,-0.0900273684746222,2016-10-28,21.8114738464355,-0.0117918823620562
2016-11-29,21.7043037414551,2016-03-24,21.9843921661377,-0.0127403306202856,2016-08-31,23.7222633361816,-0.085066064992573,2016-10-28,21.8114738464355,-0.00491347378609075
2016-11-30,21.4399681091309,2016-03-24,21.9843921661377,-0.024764116874034,2016-09-01,23.7151489257812,-0.0959378675533845,2016-10-31,22.1115303039551,-0.0303715837661449
2016-12-01,21.1113300323486,2016-03-24,21.9843921661377,-0.039712816583295,2016-09-02,23.8714981079102,-0.115626093640386,2016-11-01,21.6757278442383,-0.0260382403739982
2016-12-02,21.3113746643066,2016-03-24,21.9843921661377,-0.0306134232297627,2016-09-02,23.8714981079102,-0.107246031733349,2016-11-02,21.3399505615234,-0.00133907982281478
2016-12-05,21.4828395843506,2016-03-30,22.5553150177002,-0.0475486789924234,2016-09-06,24.0704917907715,-0.107503088383636,2016-11-04,21.3899631500244,0.00434205677096111
2016-12-06,21.5757141113281,2016-03-31,22.6680965423584,-0.0481903025685906,2016-09-07,24.1905117034912,-0.108091867762587,2016-11-04,21.3899631500244,0.00868402437165972
2016-12-07,22.0258026123047,2016-04-01,22.7153282165527,-0.0303550799563435,2016-09-08,23.8833084106445,-0.0777742248436558,2016-11-07,21.7828941345215,0.0111513408770711
2016-12-08,22.1401100158691,2016-04-01,22.7153282165527,-0.0253229094996931,2016-09-09,22.9759864807129,-0.0363804385742229,2016-11-08,21.9186305999756,0.0101046192134742
2016-12-09,22.1258144378662,2016-04-01,22.7153282165527,-0.0259522456847856,2016-09-09,22.9759864807129,-0.0370026350581445,2016-11-09,21.4256763458252,0.0326775258218366
2016-12-12,22.3544387817383,2016-04-06,22.5412254333496,-0.00828644619005403,2016-09-13,22.6616325378418,-0.0135556763437298,2016-11-11,21.1256237030029,0.058167043776354
2016-12-13,22.4115886688232,2016-04-07,22.3579635620117,0.00239847903243895,2016-09-14,22.7045078277588,-0.0129013657181075,2016-11-11,21.1256237030029,0.0608722840044487
2016-12-14,22.0186614990234,2016-04-08,22.5694160461426,-0.0244026937158288,2016-09-15,22.8759670257568,-0.0374762529500121,2016-11-14,21.5399894714355,0.0222224819665147
2016-12-15,21.8400459289551,2016-04-08,22.5694160461426,-0.0323167473937435,2016-09-16,22.7973785400391,-0.0419931006278909,2016-11-15,21.397102355957,0.0207011008139957
2016-12-16,22.1463451385498,2016-04-08,22.5694160461426,-0.0187453191845022,2016-09-16,22.7973785400391,-0.028557379978836,2016-11-16,21.3828163146973,0.0357075893378804
2016-12-19,22.3427810668945,2016-04-13,22.5673027038574,-0.00994897972120157,2016-09-20,22.9902782440186,-0.0281639556621062,2016-11-18,21.2256374359131,0.0526318059636348
2016-12-20,22.357328414917,2016-04-14,22.4777870178223,-0.00535900632966069,2016-09-21,23.25461769104,-0.0385854236799072,2016-11-18,21.2256374359131,0.0533171728020341
2016-12-21,22.0735874176025,2016-04-15,22.6328563690186,-0.024710489135679,2016-09-22,23.7118434906006,-0.0690902026933271,2016-11-21,21.1684856414795,0.0427570394714258
2016-12-22,22.0444812774658,2016-04-15,22.6328563690186,-0.0259965018095614,2016-09-23,23.8047256469727,-0.0739451651580237,2016-11-22,21.5328426361084,0.0237608498795907
2016-12-23,22.0663108825684,2016-04-15,22.6328563690186,-0.0250319923041495,2016-09-23,23.8047256469727,-0.0730281369415984,2016-11-23,21.3828163146973,0.0319646653561394
2016-12-27,22.1245174407959,2016-04-21,21.8955745697021,0.0104561252944031,2016-09-28,23.8118648529053,-0.0708616239228953,2016-11-25,21.4756851196289,0.030212415462078
2016-12-28,21.957181930542,2016-04-22,22.1746940612793,-0.0098090251047529,2016-09-29,23.5189514160156,-0.0664047243369073,2016-11-28,21.5542755126953,0.0186926448819573
2016-12-29,22.1608943939209,2016-04-22,22.1746940612793,-0.000622316020246427,2016-09-30,23.4117832183838,-0.0534298824141105,2016-11-29,21.7043037414551,0.0210368716686236
2016-12-30,22.3718852996826,2016-04-22,22.1746940612793,0.00889262498316268,2016-09-30,23.4117832183838,-0.0444177151736398,2016-11-30,21.4399681091309,0.0434663515266551
2017-01-03,22.4446334838867,2016-04-28,22.3311805725098,0.00508047082457486,2016-10-05,22.1901149749756,0.0114699049192923,2016-12-02,21.3113746643066,0.0531762421444411
2017-01-04,22.7283744812012,2016-04-29,22.118314743042,0.0275816555305639,2016-10-06,22.232982635498,0.0222818437735006,2016-12-05,21.4828395843506,0.0579781314271839
2017-01-05,22.844783782959,2016-04-29,22.118314743042,0.0328446831667193,2016-10-07,22.1758308410645,0.030165856994895,2016-12-06,21.5757141113281,0.0588193588903991
2017-01-06,22.844783782959,2016-04-29,22.118314743042,0.0328446831667193,2016-10-07,22.1758308410645,0.030165856994895,2016-12-07,22.0258026123047,0.0371828071407838
2017-01-09,22.6992702484131,2016-05-04,22.7879219055176,-0.00389029142157171,2016-10-11,22.0900974273682,0.0275767376331351,2016-12-09,22.1258144378662,0.0259179526320832
2017-01-10,22.4155254364014,2016-05-05,22.8090648651123,-0.0172536415253427,2016-10-12,22.4044399261475,0.000494790777651577,2016-12-09,22.1258144378662,0.0130938004270407
2017-01-11,22.2918548583984,2016-05-06,22.9288959503174,-0.027783330401049,2016-10-13,22.4758911132812,-0.00818816277206735,2016-12-12,22.3544387817383,-0.00279961952750818
2017-01-12,22.3791561126709,2016-05-06,22.9288959503174,-0.0239758529515625,2016-10-14,22.4473114013672,-0.00303623393811603,2016-12-13,22.4115886688232,-0.0014471332948145
2017-01-13,22.3282260894775,2016-05-06,22.9288959503174,-0.0261970686308396,2016-10-14,22.4473114013672,-0.00530510357166403,2016-12-14,22.0186614990234,0.0140591920388906
2017-01-17,22.5101203918457,2016-05-12,22.9006996154785,-0.0170553402381133,2016-10-19,22.6687850952148,-0.00699925923258382,2016-12-16,22.1463451385498,0.0164259723679046
2017-01-18,22.5610427856445,2016-05-13,22.5701198577881,-0.000402172084187025,2016-10-20,22.5901966094971,-0.00129055201937833,2016-12-19,22.3427810668945,0.00976878026493311
2017-01-19,22.3427810668945,2016-05-13,22.5701198577881,-0.0100725557651442,2016-10-21,22.5759124755859,-0.0103265553028485,2016-12-20,22.357328414917,-0.000650674702830534
2017-01-20,22.4810085296631,2016-05-13,22.5701198577881,-0.00394819915385836,2016-10-21,22.5759124755859,-0.00420377010344453,2016-12-21,22.0735874176025,0.0184574036087879
2017-01-23,22.6192455291748,2016-05-18,21.9442119598389,0.0307613493057461,2016-10-25,22.5759124755859,0.00191943752597945,2016-12-23,22.0663108825684,0.0250578653382085
2017-01-24,22.626522064209,2016-05-19,21.8998126983643,0.0331833598695122,2016-10-26,22.2829933166504,0.0154166337833033,2016-12-23,22.0663108825684,0.0253876229978782
2017-01-25,22.4882850646973,2016-05-20,22.0492382049561,0.0199121101445823,2016-10-27,21.7543163299561,0.0337389933845234,2016-12-23,22.0663108825684,0.0191230053983447
2017-01-26,22.4737339019775,2016-05-20,22.0492382049561,0.0192521706680131,2016-10-28,21.8114738464355,0.0303629209197258,2016-12-27,22.1245174407959,0.0157841391169831
2017-01-27,22.2845764160156,2016-05-20,22.0492382049561,0.010673303488856,2016-10-28,21.8114738464355,0.0216905364997786,2016-12-28,21.957181930542,0.014910587638673
2017-01-30,22.1608943939209,2016-05-25,22.4171695709229,-0.0114320934313833,2016-11-01,21.6757278442383,0.02238294156344,2016-12-30,22.3718852996826,-0.00943107399914622
2017-01-31,22.3427810668945,2016-05-26,22.4002571105957,-0.00256586535669645,2016-11-02,21.3399505615234,0.0469931034975883,2016-12-30,22.3718852996826,-0.00130092892924405
2017-02-01,22.0954170227051,2016-05-27,22.4883613586426,-0.017473231138136,2016-11-03,21.2470703125,0.0399277028657445,2016-12-30,22.3718852996826,-0.0123578443780712
2017-02-02,22.357328414917,2016-05-27,22.4883613586426,-0.00582670038229449,2016-11-04,21.3899631500244,0.0452251954857379,2017-01-03,22.4446334838867,-0.00388979704357406
2017-02-03,22.5028324127197,2016-05-27,22.4883613586426,0.000643490819378645,2016-11-04,21.3899631500244,0.0520276381445774,2017-01-04,22.7283744812012,-0.00992336995626275
2017-02-06,22.3646049499512,2016-06-01,22.4143505096436,-0.00221936208550788,2016-11-08,21.9186305999756,0.0203468162822218,2017-01-06,22.844783782959,-0.0210191892192915
2017-02-07,22.3209476470947,2016-06-02,22.4848346710205,-0.00728878047464621,2016-11-09,21.4256763458252,0.0417849727037427,2017-01-06,22.844783782959,-0.0229302295369069
2017-02-08,22.5101203918457,2016-06-03,22.586332321167,-0.00337424988871993,2016-11-10,21.104190826416,0.0666185013675054,2017-01-09,22.6992702484131,-0.00833286068218908
2017-02-09,22.6046924591064,2016-06-03,22.586332321167,0.000812887089341574,2016-11-11,21.1256237030029,0.0700130219536794,2017-01-10,22.4155254364014,0.00843910722689922
2017-02-10,22.7574787139893,2016-06-03,22.586332321167,0.00757743180205783,2016-11-11,21.1256237030029,0.0772452938634118,2017-01-11,22.2918548583984,0.0208876227908592
2017-02-13,22.8666095733643,2016-06-08,22.7244853973389,0.0062542307797222,2016-11-15,21.397102355957,0.0686778608131537,2017-01-13,22.3282260894775,0.0241122372072555
2017-02-14,22.7502002716064,2016-06-09,22.7724132537842,-0.000975433825575966,2016-11-16,21.3828163146973,0.0639477951260012,2017-01-13,22.3282260894775,0.0188986881643842
2017-02-15,22.6847267150879,2016-06-10,22.6610507965088,0.00104478467444902,2016-11-17,21.1827774047852,0.0709042672545594,2017-01-13,22.3282260894775,0.0159663658089864
2017-02-16,22.7792987823486,2016-06-10,22.6610507965088,0.00521811573971975,2016-11-18,21.2256374359131,0.0731973940064954,2017-01-17,22.5101203918457,0.0119581053240589
2017-02-17,22.844783782959,2016-06-10,22.6610507965088,0.00810787584830353,2016-11-18,21.2256374359131,0.0762825781762555,2017-01-18,22.5610427856445,0.0125765905419495
2017-02-21,23.1576271057129,2016-06-16,22.8978843688965,0.0113435255690797,2016-11-23,21.3828163146973,0.0830017320868872,2017-01-20,22.4810085296631,0.0300973408358003
2017-02-22,23.0703201293945,2016-06-17,22.8623447418213,0.00909685292221152,2016-11-23,21.3828163146973,0.0789186882523691,2017-01-23,22.6192455291748,0.0199420709960427
2017-02-23,23.223108291626,2016-06-17,22.8623447418213,0.0157798140951289,2016-11-25,21.4756851196289,0.081367516904032,2017-01-24,22.626522064209,0.0263666782603182
2017-02-24,23.3395137786865,2016-06-17,22.8623447418213,0.0208713953994564,2016-11-25,21.4756851196289,0.0867878555992643,2017-01-25,22.4882850646973,0.0378520955039627
2017-02-27,23.4559192657471,2016-06-22,23.0471229553223,0.0177374117896307,2016-11-29,21.7043037414551,0.0807036035413757,2017-01-27,22.2845764160156,0.0525629398497167
2017-02-28,23.3831615447998,2016-06-23,23.146614074707,0.0102195279762864,2016-11-30,21.4399681091309,0.0906341569995797,2017-01-27,22.2845764160156,0.0492980036180828
2017-03-01,23.3249588012695,2016-06-24,22.8552417755127,0.0205518292202054,2016-12-01,21.1113300323486,0.104855012238877,2017-01-30,22.1608943939209,0.0525278622178695
2017-03-02,23.2522068023682,2016-06-24,22.8552417755127,0.017368664517073,2016-12-02,21.3113746643066,0.0910702462245256,2017-01-31,22.3427810668945,0.0407033364714446
2017-03-03,23.1794490814209,2016-06-24,22.8552417755127,0.0141852494536097,2016-12-02,21.3113746643066,0.0876562139486479,2017-02-01,22.0954170227051,0.0490613984611321
2017-03-06,23.0848731994629,2016-06-29,23.6796226501465,-0.0251165088004438,2016-12-06,21.5757141113281,0.0699471211171823,2017-02-03,22.5028324127197,0.0258652233669112
2017-03-07,23.0048408508301,2016-06-30,23.8714981079102,-0.0363051054928513,2016-12-07,22.0258026123047,0.0444496055720782,2017-02-03,22.5028324127197,0.022308677810114
2017-03-08,22.6628971099854,2016-07-01,23.8572902679443,-0.0500640745258409,2016-12-08,22.1401100158691,0.0236126692117382,2017-02-06,22.3646049499512,0.0133376896529904
2017-03-09,22.3718852996826,2016-07-01,23.8572902679443,-0.0622620989885667,2016-12-09,22.1258144378662,0.0111214374732926,2017-02-07,22.3209476470947,0.00228205600377018
2017-03-10,22.3500537872314,2016-07-01,23.8572902679443,-0.0631771866706119,2016-12-09,22.1258144378662,0.0101347387683715,2017-02-08,22.5101203918457,-0.00711087287974888
2017-03-13,22.3791561126709,2016-07-06,23.9994258880615,-0.067512855638627,2016-12-13,22.4115886688232,-0.0014471332948145,2017-02-10,22.7574787139893,-0.0166240999749148
2017-03-14,22.3500537872314,2016-07-07,23.7009410858154,-0.0569972008154759,2016-12-14,22.0186614990234,0.0150505192253718,2017-02-10,22.7574787139893,-0.0179029026843539
2017-03-15,22.7792987823486,2016-07-08,24.1117095947266,-0.0552599062767962,2016-12-15,21.8400459289551,0.0430059925903505,2017-02-13,22.8666095733643,-0.00381826570027732
2017-03-16,22.7283744812012,2016-07-08,24.1117095947266,-0.0573719216420863,2016-12-16,22.1463451385498,0.0262810562650464,2017-02-14,22.7502002716064,-0.000959366956980845
2017-03-17,22.7708396911621,2016-07-08,24.1117095947266,-0.0556107354518615,2016-12-16,22.1463451385498,0.0281985378944203,2017-02-15,22.6847267150879,0.00379607729710685
2017-03-20,22.7928047180176,2016-07-13,24.4613590240479,-0.0682118399223008,2016-12-20,22.357328414917,0.0194780116397997,2017-02-17,22.844783782959,-0.00227531437527484
2017-03-21,22.756196975708,2016-07-14,24.3256187438965,-0.0645172394055653,2016-12-21,22.0735874176025,0.0309242691362948,2017-02-17,22.844783782959,-0.00387776956405506
2017-03-22,22.8074531555176,2016-07-15,24.2900886535645,-0.0610387026244679,2016-12-22,22.0444812774658,0.0346105616389201,2017-02-17,22.844783782959,-0.00163409852315
2017-03-23,22.9758529663086,2016-07-15,24.2900886535645,-0.0541058415224431,2016-12-23,22.0663108825684,0.0412185837759926,2017-02-21,23.1576271057129,-0.00784942855217874
2017-03-24,22.9538841247559,2016-07-15,24.2900886535645,-0.055010277972473,2016-12-23,22.0663108825684,0.0402230008863265,2017-02-22,23.0703201293945,-0.00504700428887062
2017-03-27,22.7708396911621,2016-07-20,24.3334426879883,-0.0642162729237454,2016-12-27,22.1245174407959,0.0292129422526723,2017-02-24,23.3395137786865,-0.0243652928212978
2017-03-28,22.9026317596436,2016-07-21,24.4045104980469,-0.0615410310533997,2016-12-28,21.957181930542,0.0430587965291875,2017-02-24,23.3395137786865,-0.0187185570010429
2017-03-29,22.9831733703613,2016-07-22,24.5892734527588,-0.0653171020072276,2016-12-29,22.1608943939209,0.0371049544221462,2017-02-27,23.4559192657471,-0.0201546522235903
2017-03-30,23.034423828125,2016-07-22,24.5892734527588,-0.0632328412476678,2016-12-30,22.3718852996826,0.0296147829996152,2017-02-28,23.3831615447998,-0.0149140532603625
2017-03-31,23.1369342803955,2016-07-22,24.5892734527588,-0.0590639318869479,2016-12-30,22.3718852996826,0.0341968935771249,2017-03-01,23.3249588012695,-0.00806108694450469
2017-04-03,23.166223526001,2016-07-27,24.233943939209,-0.0440588793919138,2017-01-03,22.4446334838867,0.0321497805982127,2017-03-03,23.1794490814209,-0.000570572465871222
2017-04-04,23.1003170013428,2016-07-28,24.383186340332,-0.0526128669601837,2017-01-04,22.7283744812012,0.0163646775729274,2017-03-03,23.1794490814209,-0.00341388959677869
2017-04-05,23.1369342803955,2016-07-29,24.6447124481201,-0.0611805948597962,2017-01-05,22.844783782959,0.012788499125759,2017-03-06,23.0848731994629,0.00225520324425377
2017-04-06,23.2687244415283,2016-07-29,24.6447124481201,-0.05583299093014,2017-01-06,22.844783782959,0.0185574379953455,2017-03-07,23.0048408508301,0.0114707853190263
2017-04-07,23.2980136871338,2016-07-29,24.6447124481201,-0.0546445313095572,2017-01-06,22.844783782959,0.0198395357330057,2017-03-08,22.6628971099854,0.0280245095790776
2017-04-10,23.4590930938721,2016-08-03,24.1628742218018,-0.0291265485003718,2017-01-10,22.4155254364014,0.0465555741903787,2017-03-10,22.3500537872314,0.0496213260692113
2017-04-11,23.5689163208008,2016-08-04,24.1202354431152,-0.0228571202637998,2017-01-11,22.2918548583984,0.0572882548587565,2017-03-10,22.3500537872314,0.0545351051578082
2017-04-12,23.5323085784912,2016-08-05,24.1202354431152,-0.0243748393754523,2017-01-12,22.3791561126709,0.051527969151947,2017-03-13,22.3791561126709,0.051527969151947
2017-04-13,23.4810581207275,2016-08-05,24.1202354431152,-0.0264996303164254,2017-01-13,22.3282260894775,0.0516311518268477,2017-03-14,22.3500537872314,0.0506040989548864
2017-04-17,23.7519645690918,2016-08-10,24.2268314361572,-0.019600865607077,2017-01-17,22.5101203918457,0.0551682601260524,2017-03-17,22.7708396911621,0.0430868993518272
2017-04-18,23.8105373382568,2016-08-11,23.9994258880615,-0.00787054451576052,2017-01-18,22.5610427856445,0.0553828368876352,2017-03-17,22.7708396911621,0.0456591702895464
2017-04-19,23.7592926025391,2016-08-12,24.077600479126,-0.0132200829921931,2017-01-19,22.3427810668945,0.0633990697668065,2017-03-20,22.7928047180176,0.0424032012066284
2017-04-20,23.7519645690918,2016-08-12,24.077600479126,-0.0135244336459726,2017-01-20,22.4810085296631,0.0565346540281642,2017-03-21,22.756196975708,0.043758084641593
2017-04-21,23.6714248657227,2016-08-12,24.077600479126,-0.0168694390354825,2017-01-20,22.4810085296631,0.0529520877361371,2017-03-22,22.8074531555176,0.0378811129990668
2017-04-24,23.4371299743652,2016-08-17,23.8572902679443,-0.0176114004926891,2017-01-24,22.626522064209,0.0358255638164773,2017-03-24,22.9538841247559,0.0210529009810672
2017-04-25,23.4883842468262,2016-08-18,23.8075408935547,-0.0134056956220507,2017-01-25,22.4882850646973,0.0444720075030927,2017-03-24,22.9538841247559,0.0232858247068455
2017-04-26,23.2906913757324,2016-08-19,23.6227684020996,-0.0140574982878666,2017-01-26,22.4737339019775,0.0363516573310945,2017-03-27,22.7708396911621,0.0228297107889299
2017-04-27,23.3053340911865,2016-08-19,23.6227684020996,-0.0134376422572416,2017-01-27,22.2845764160156,0.0458055677664706,2017-03-28,22.9026317596436,0.0175832339169233
2017-04-28,23.1735439300537,2016-08-19,23.6227684020996,-0.019016588758749,2017-01-27,22.2845764160156,0.0398916047333615,2017-03-29,22.9831733703613,0.00828304066739016
2017-05-01,23.3199787139893,2016-08-24,23.6583042144775,-0.0143004966637149,2017-01-31,22.3427810668945,0.0437366165012751,2017-03-31,23.1369342803955,0.00791135209943694
2017-05-02,23.3272972106934,2016-08-25,23.757791519165,-0.0181201315839651,2017-02-01,22.0954170227051,0.0557527466769425,2017-03-31,23.1369342803955,0.00822766439109235
2017-05-03,23.0417518615723,2016-08-26,23.5232696533203,-0.0204698495933826,2017-02-02,22.357328414917,0.0306129352288182,2017-04-03,23.166223526001,-0.0053729803776178
2017-05-04,23.0637130737305,2016-08-26,23.5232696533203,-0.0195362543712105,2017-02-03,22.5028324127197,0.0249248917080191,2017-04-04,23.1003170013428,-0.00158456386594941
2017-05-05,23.2467575073242,2016-08-26,23.5232696533203,-0.0117548346837517,2017-02-03,22.5028324127197,0.0330591758832985,2017-04-05,23.1369342803955,0.00474666287234804
2017-05-08,23.1222858428955,2016-08-31,23.7222633361816,-0.0252917474518983,2017-02-07,22.3209476470947,0.0359007246677128,2017-04-07,23.2980136871338,-0.00754261056749772
2017-05-09,23.034423828125,2016-09-01,23.7151489257812,-0.0287042303544727,2017-02-08,22.5101203918457,0.0232918983618242,2017-04-07,23.2980136871338,-0.011313833983811
2017-05-10,23.1588935852051,2016-09-02,23.8714981079102,-0.0298516883810047,2017-02-09,22.6046924591064,0.0245170832162935,2017-04-10,23.4590930938721,-0.0127967226808698
2017-05-11,23.0490703582764,2016-09-02,23.8714981079102,-0.0344522889144218,2017-02-10,22.7574787139893,0.0128130030550297,2017-04-11,23.5689163208008,-0.0220564219181186
2017-05-12,22.96120262146,2016-09-02,23.8714981079102,-0.0381331528643591,2017-02-10,22.7574787139893,0.00895195421386807,2017-04-12,23.5323085784912,-0.0242690153040593
2017-05-15,23.0637130737305,2016-09-07,24.1905117034912,-0.0465801899344742,2017-02-14,22.7502002716064,0.0137806611977525,2017-04-13,23.4810581207275,-0.0177736899611294
2017-05-16,22.9465618133545,2016-09-08,23.8833084106445,-0.0392218105290867,2017-02-15,22.6847267150879,0.0115423518896725,2017-04-13,23.4810581207275,-0.0227628714440783
2017-05-17,23.0930080413818,2016-09-09,22.9759864807129,0.00509321159146658,2017-02-16,22.7792987823486,0.0137716820008651,2017-04-17,23.7519645690918,-0.0277432431238742
2017-05-18,23.1369342803955,2016-09-09,22.9759864807129,0.00700504414980063,2017-02-17,22.844783782959,0.012788499125759,2017-04-18,23.8105373382568,-0.0282901241703202
2017-05-19,23.2687244415283,2016-09-09,22.9759864807129,0.0127410399140497,2017-02-17,22.844783782959,0.0185574379953455,2017-04-19,23.7592926025391,-0.0206474228512308
2017-05-22,23.3272972106934,2016-09-14,22.7045078277588,0.0274302084704581,2017-02-21,23.1576271057129,0.00732674829791224,2017-04-21,23.6714248657227,-0.0145376823313923
2017-05-23,23.3565845489502,2016-09-15,22.8759670257568,0.0210097139348127,2017-02-22,23.0703201293945,0.0124083418847287,2017-04-21,23.6714248657227,-0.0133004379144225
2017-05-24,23.4883842468262,2016-09-16,22.7973785400391,0.0303107528601805,2017-02-23,23.223108291626,0.0114229306374052,2017-04-24,23.4371299743652,0.00218688348432572
2017-05-25,23.5762405395508,2016-09-16,22.7973785400391,0.0341645421267978,2017-02-24,23.3395137786865,0.0101427460361421,2017-04-25,23.4883842468262,0.00374041448749218
2017-05-26,23.4297981262207,2016-09-16,22.7973785400391,0.0277408906936787,2017-02-24,23.3395137786865,0.00386830455811071,2017-04-26,23.2906913757324,0.005972632939236
2017-05-30,23.3639087677002,2016-09-22,23.7118434906006,-0.0146734572973337,2017-03-01,23.3249588012695,0.00166988361105025,2017-04-28,23.1735439300537,0.00821474860388527
2017-05-31,23.3272972106934,2016-09-23,23.8047256469727,-0.0200560360728212,2017-03-02,23.2522068023682,0.00322938846034804,2017-05-01,23.3199787139893,0.00031382947616998
2017-06-01,23.4005184173584,2016-09-23,23.8047256469727,-0.0169801255267003,2017-03-03,23.1794490814209,0.00953729897380073,2017-05-02,23.3272972106934,0.00313886370991456
2017-06-02,23.6055297851562,2016-09-23,23.8047256469727,-0.00836791252167779,2017-03-03,23.1794490814209,0.0183818304843522,2017-05-03,23.0417518615723,0.0244676675181206
2017-06-05,23.5469512939453,2016-09-28,23.8118648529053,-0.011125275596701,2017-03-07,23.0048408508301,0.0235650594859764,2017-05-05,23.2467575073242,0.0129133616387798
2017-06-06,23.4371299743652,2016-09-29,23.5189514160156,-0.00347895789242858,2017-03-08,22.6628971099854,0.0341630136969009,2017-05-05,23.2467575073242,0.00818920518188548
2017-06-07,23.5615978240967,2016-09-30,23.4117832183838,0.00639911126441883,2017-03-09,22.3718852996826,0.0531789122140252,2017-05-08,23.1222858428955,0.0189995048147955
2017-06-08,23.4517669677734,2016-09-30,23.4117832183838,0.0017078472415657,2017-03-10,22.3500537872314,0.0492935359811708,2017-05-09,23.034423828125,0.0181182365472874
2017-06-09,23.5615978240967,2016-09-30,23.4117832183838,0.00639911126441883,2017-03-10,22.3500537872314,0.0542076564288803,2017-05-10,23.1588935852051,0.0173887512117099
2017-06-12,23.715353012085,2016-10-05,22.1901149749756,0.0687350218252332,2017-03-14,22.3500537872314,0.0610870666286052,2017-05-12,22.96120262146,0.0328445510044912
2017-06-13,23.7739315032959,2016-10-06,22.232982635498,0.0693091382771789,2017-03-15,22.7792987823486,0.0436638866916301,2017-05-12,22.96120262146,0.0353957453899365
2017-06-14,23.8471412658691,2016-10-07,22.1758308410645,0.0753663047298239,2017-03-16,22.7283744812012,0.0492233523164323,2017-05-15,23.0637130737305,0.0339679994125055
2017-06-15,23.9642887115479,2016-10-07,22.1758308410645,0.0806489679372731,2017-03-17,22.7708396911621,0.0524112872679414,2017-05-16,22.9465618133545,0.0443520430847755
2017-06-16,23.9510059356689,2016-10-07,22.1758308410645,0.0800499925945179,2017-03-17,22.7708396911621,0.0518279633299989,2017-05-17,23.0930080413818,0.037154011844174
2017-06-19,23.9657745361328,2016-10-12,22.4044399261475,0.0696886248945312,2017-03-21,22.756196975708,0.0531537656189218,2017-05-19,23.2687244415283,0.0299565236743464
2017-06-20,23.9214820861816,2016-10-13,22.4758911132812,0.0643174041738517,2017-03-22,22.8074531555176,0.048844950949491,2017-05-19,23.2687244415283,0.0280530050666776
2017-06-21,23.8697967529297,2016-10-14,22.4473114013672,0.063369965610931,2017-03-23,22.9758529663086,0.038907969507463,2017-05-22,23.3272972106934,0.0232559964978558
2017-06-22,23.8845615386963,2016-10-14,22.4473114013672,0.0640277185819931,2017-03-24,22.9538841247559,0.0405455307207327,2017-05-23,23.3565845489502,0.0226050597697438
2017-06-23,23.987922668457,2016-10-14,22.4473114013672,0.0686323292595303,2017-03-24,22.9538841247559,0.0450485215522176,2017-05-24,23.4883842468262,0.0212674663519421
2017-06-26,24.0986671447754,2016-10-19,22.6687850952148,0.0630771364038551,2017-03-28,22.9026317596436,0.0522226178058434,2017-05-26,23.4297981262207,0.028547792642146
2017-06-27,24.0026893615723,2016-10-20,22.5901966094971,0.0625268020678216,2017-03-29,22.9831733703613,0.0443592351144027,2017-05-26,23.4297981262207,0.0244513944279541
2017-06-28,24.0322208404541,2016-10-21,22.5759124755859,0.064507176241184,2017-03-30,23.034423828125,0.0433176457885087,2017-05-26,23.4297981262207,0.0257118183856315
2017-06-29,23.7885799407959,2016-10-21,22.5759124755859,0.0537151030560277,2017-03-31,23.1369342803955,0.0281647366285924,2017-05-30,23.3639087677002,0.018176375251165
2017-06-30,23.7738056182861,2016-10-21,22.5759124755859,0.0530606744686675,2017-03-31,23.1369342803955,0.0275261765527104,2017-05-31,23.3272972106934,0.0191410262217644
2017-07-03,23.9953117370605,2016-10-26,22.2829933166504,0.0768441831883813,2017-04-04,23.1003170013428,0.0387438291719437,2017-06-02,23.6055297851562,0.016512315353727
2017-07-05,23.7073612213135,2016-10-28,21.8114738464355,0.0869215619368959,2017-04-06,23.2687244415283,0.0188509164259263,2017-06-05,23.5469512939453,0.00681234378776741
2017-07-06,23.2791347503662,2016-10-28,21.8114738464355,0.0672884791859452,2017-04-07,23.2980136871338,-0.00081032387658031,2017-06-06,23.4371299743652,-0.00674123598631038
2017-07-07,23.4120388031006,2016-10-28,21.8114738464355,0.073381788316272,2017-04-07,23.2980136871338,0.00489419902906851,2017-06-07,23.5615978240967,-0.00634757549605325
2017-07-10,23.2274513244629,2016-11-02,21.3399505615234,0.0884491628740072,2017-04-11,23.5689163208008,-0.0144879379132307,2017-06-09,23.5615978240967,-0.0141818268068413
2017-07-11,23.1905384063721,2016-11-03,21.2470703125,0.091469932808981,2017-04-12,23.5323085784912,-0.0145234442672371,2017-06-09,23.5615978240967,-0.0157484827852007
2017-07-12,23.4932537078857,2016-11-04,21.3899631500244,0.0983307237655964,2017-04-13,23.4810581207275,0.000519379795216324,2017-06-12,23.715353012085,-0.00936521181388428
2017-07-13,23.5375480651855,2016-11-04,21.3899631500244,0.100401524775824,2017-04-13,23.4810581207275,0.00240576656160751,2017-06-13,23.7739315032959,-0.00994296791330374
2017-07-14,23.7738056182861,2016-11-04,21.3899631500244,0.111446777703261,2017-04-13,23.4810581207275,0.0124673895040606,2017-06-14,23.8471412658691,-0.00307523852714242
2017-07-17,23.8254928588867,2016-11-09,21.4256763458252,0.112006569796296,2017-04-18,23.8105373382568,0.000628105129145906,2017-06-16,23.9510059356689,-0.00524040940574055
2017-07-18,23.7959632873535,2016-11-10,21.104190826416,0.127546821533106,2017-04-19,23.7592926025391,0.0015434249423123,2017-06-16,23.9510059356689,-0.00647332511761145
2017-07-19,23.9731578826904,2016-11-11,21.1256237030029,0.134790537771566,2017-04-20,23.7519645690918,0.00931263234900848,2017-06-19,23.9657745361328,0.000308078779030829
2017-07-20,23.9067115783691,2016-11-11,21.1256237030029,0.131645243447695,2017-04-21,23.6714248657227,0.00993969370163228,2017-06-20,23.9214820861816,-0.000617457888239858
2017-07-21,23.9510059356689,2016-11-11,21.1256237030029,0.133741955853564,2017-04-21,23.6714248657227,0.0118109100543049,2017-06-21,23.8697967529297,0.00340217319736036
2017-07-24,23.9362335205078,2016-11-16,21.3828163146973,0.119414447948818,2017-04-25,23.4883842468262,0.0190668403997247,2017-06-23,23.987922668457,-0.00215479884038439
2017-07-25,23.9362335205078,2016-11-17,21.1827774047852,0.129985604017188,2017-04-26,23.2906913757324,0.0277167446153188,2017-06-23,23.987922668457,-0.00215479884038439
2017-07-26,24.1355838775635,2016-11-18,21.2256374359131,0.137095832831237,2017-04-27,23.3053340911865,0.0356248824036784,2017-06-26,24.0986671447754,0.00153189936050446
2017-07-27,24.1134357452393,2016-11-18,21.2256374359131,0.136052371479789,2017-04-28,23.1735439300537,0.0405588294143735,2017-06-27,24.0026893615723,0.0046139156324827
2017-07-28,24.0986671447754,2016-11-18,21.2256374359131,0.135356580811148,2017-04-28,23.1735439300537,0.0399215250595266,2017-06-28,24.0322208404541,0.00276488405971365
2017-07-31,24.0617504119873,2016-11-23,21.3828163146973,0.125284436711393,2017-05-02,23.3272972106934,0.0314847105800695,2017-06-30,23.7738056182861,0.0121118510988285
2017-08-01,24.1651191711426,2016-11-23,21.3828163146973,0.130118634304169,2017-05-03,23.0417518615723,0.0487535546914639,2017-06-30,23.7738056182861,0.0164598617124829
2017-08-02,24.0469875335693,2016-11-25,21.4756851196289,0.119730867705368,2017-05-04,23.0637130737305,0.0426329644622061,2017-07-03,23.9953117370605,0.00215357887720113
2017-08-03,23.987922668457,2016-11-25,21.4756851196289,0.11698055427959,2017-05-05,23.2467575073242,0.031882517847889,2017-07-03,23.9953117370605,-0.000307938012411912
2017-08-04,24.0617504119873,2016-11-25,21.4756851196289,0.120418290636731,2017-05-05,23.2467575073242,0.0350583475741213,2017-07-05,23.7073612213135,0.014948487407161
2017-08-07,24.0469875335693,2016-11-30,21.4399681091309,0.12159623611232,2017-05-09,23.034423828125,0.0439587164410857,2017-07-07,23.4120388031006,0.0271206081541546
2017-08-08,23.9362335205078,2016-12-01,21.1113300323486,0.133809830258473,2017-05-10,23.1588935852051,0.0335655040014229,2017-07-07,23.4120388031006,0.0223899644886034
2017-08-09,23.9657745361328,2016-12-02,21.3113746643066,0.124553198169421,2017-05-11,23.0490703582764,0.0397718503873314,2017-07-10,23.2274513244629,0.0317866648973375
2017-08-10,23.7516632080078,2016-12-02,21.3113746643066,0.114506388355524,2017-05-12,22.96120262146,0.0344259227001058,2017-07-11,23.1905384063721,0.0241962817681525
2017-08-11,23.5966186523438,2016-12-02,21.3113746643066,0.107231186351604,2017-05-12,22.96120262146,0.0276734647291479,2017-07-12,23.4932537078857,0.00439977134471192
2017-08-14,23.987922668457,2016-12-07,22.0258026123047,0.0890827948787758,2017-05-16,22.9465618133545,0.0453819994286242,2017-07-14,23.7738056182861,0.00900642722535783
2017-08-15,23.9436225891113,2016-12-08,22.1401100158691,0.081459061041228,2017-05-17,23.0930080413818,0.0368342896778635,2017-07-14,23.7738056182861,0.007143028489077
2017-08-16,24.0174560546875,2016-12-09,22.1258144378662,0.085494779056988,2017-05-18,23.1369342803955,0.038056976936572,2017-07-17,23.8254928588867,0.00805705035936666
2017-08-17,23.8476409912109,2016-12-09,22.1258144378662,0.0778198044722813,2017-05-19,23.2687244415283,0.0248795997020537,2017-07-18,23.7959632873535,0.00217170043647208
2017-08-18,23.6704483032227,2016-12-09,22.1258144378662,0.0698113902064077,2017-05-19,23.2687244415283,0.017264541625555,2017-07-19,23.9731578826904,-0.012627021477481
2017-08-21,23.9140911102295,2016-12-14,22.0186614990234,0.0860828716264208,2017-05-23,23.3565845489502,0.0238693529916965,2017-07-21,23.9510059356689,-0.0015412640929825
2017-08-22,23.8993244171143,2016-12-15,21.8400459289551,0.0942891097783372,2017-05-24,23.4883842468262,0.0174954635435858,2017-07-21,23.9510059356689,-0.0021578015843472
2017-08-23,24.1429691314697,2016-12-16,22.1463451385498,0.0901559142345538,2017-05-25,23.5762405395508,0.0240381239310916,2017-07-24,23.9362335205078,0.00863693157007317
2017-08-24,24.0986671447754,2016-12-16,22.1463451385498,0.0881554944624794,2017-05-26,23.4297981262207,0.028547792642146,2017-07-25,23.9362335205078,0.00678609791003315
2017-08-25,24.2168045043945,2016-12-16,22.1463451385498,0.0934898897715051,2017-05-26,23.4297981262207,0.0335899769146144,2017-07-26,24.1355838775635,0.00336518176825851
2017-08-28,24.091287612915,2016-12-21,22.0735874176025,0.0914078965571083,2017-05-30,23.3639087677002,0.0311325836976568,2017-07-28,24.0986671447754,-0.000306221577152765
2017-08-29,24.0765247344971,2016-12-22,22.0444812774658,0.0921792366740075,2017-05-31,23.3272972106934,0.0321180596721793,2017-07-28,24.0986671447754,-0.000918823026406335
2017-08-30,24.1872673034668,2016-12-23,22.0663108825684,0.0961173996045677,2017-06-01,23.4005184173584,0.0336210024101344,2017-07-31,24.0617504119873,0.00521644890044937
2017-08-31,24.3054027557373,2016-12-23,22.0663108825684,0.101471056266943,2017-06-02,23.6055297851562,0.0296486872758583,2017-08-01,24.1651191711426,0.0058052097157566
2017-09-01,24.3054027557373,2016-12-23,22.0663108825684,0.101471056266943,2017-06-02,23.6055297851562,0.0296486872758583,2017-08-02,24.0469875335693,0.0107462617430656
2017-09-05,24.2832489013672,2016-12-29,22.1608943939209,0.0957702550140975,2017-06-07,23.5615978240967,0.0306282741373536,2017-08-04,24.0617504119873,0.00920541879071002
2017-09-06,24.320161819458,2016-12-30,22.3718852996826,0.0870859336920984,2017-06-08,23.4517669677734,0.0370289732487059,2017-08-07,24.0469875335693,0.0113600211048193
2017-09-07,24.5047435760498,2016-12-30,22.3718852996826,0.0953365461961064,2017-06-09,23.5615978240967,0.0400289385717534,2017-08-08,23.9362335205078,0.0237510239468091
2017-09-08,24.5121288299561,2016-12-30,22.3718852996826,0.0956666593630264,2017-06-09,23.5615978240967,0.0403423830996408,2017-08-09,23.9657745361328,0.0227972725437899
2017-09-11,24.6893272399902,2017-01-04,22.7283744812012,0.0862777388858578,2017-06-13,23.7739315032959,0.0385041799488415,2017-08-11,23.5966186523438,0.0463078462107516
2017-09-12,24.4235286712646,2017-01-05,22.844783782959,0.0691074559210023,2017-06-14,23.8471412658691,0.0241700839094057,2017-08-11,23.5966186523438,0.0350435810784595
2017-09-13,24.320161819458,2017-01-06,22.844783782959,0.0645827095811509,2017-06-15,23.9642887115479,0.0148501427350385,2017-08-14,23.987922668457,0.0138502677198411
2017-09-14,24.4899768829346,2017-01-06,22.844783782959,0.0720161379335449,2017-06-16,23.9510059356689,0.0225030609868024,2017-08-15,23.9436225891113,0.0228183639209092
2017-09-15,24.5762367248535,2017-01-06,22.844783782959,0.0757920476877574,2017-06-16,23.9510059356689,0.0261045732635994,2017-08-16,24.0174560546875,0.0232656060197916
2017-09-18,24.4349517822266,2017-01-11,22.2918548583984,0.0961381158024501,2017-06-20,23.9214820861816,0.0214647944552535,2017-08-18,23.6704483032227,0.032297803117646
2017-09-19,24.1895599365234,2017-01-12,22.3791561126709,0.0808968763047999,2017-06-21,23.8697967529297,0.013396141865117,2017-08-18,23.6704483032227,0.0219307900995735
2017-09-20,24.1226367950439,2017-01-13,22.3282260894775,0.0803651261132672,2017-06-22,23.8845615386963,0.00996774656976407,2017-08-21,23.9140911102295,0.00872061931407675
2017-09-21,24.0854568481445,2017-01-13,22.3282260894775,0.0786999715796997,2017-06-23,23.987922668457,0.00406597023992217,2017-08-22,23.8993244171143,0.007788187974761
2017-09-22,23.8772430419922,2017-01-13,22.3282260894775,0.0693748328374659,2017-06-23,23.987922668457,-0.0046139729560819,2017-08-23,24.1429691314697,-0.0110063550191585
2017-09-25,23.966480255127,2017-01-18,22.5610427856445,0.0622948807302781,2017-06-27,24.0026893615723,-0.00150854372607412,2017-08-25,24.2168045043945,-0.0103367993585671
2017-09-26,23.9887866973877,2017-01-19,22.3427810668945,0.073670579574002,2017-06-28,24.0322208404541,-0.00180732955787821,2017-08-25,24.2168045043945,-0.00941568516876212
2017-09-27,23.7880115509033,2017-01-20,22.4810085296631,0.0581380955180759,2017-06-29,23.7885799407959,-2.3893393132024e-05,2017-08-28,24.091287612915,-0.0125886198730671
2017-09-28,23.9590473175049,2017-01-20,22.4810085296631,0.0657461068035075,2017-06-30,23.7738056182861,0.00779184040590741,2017-08-29,24.0765247344971,-0.00487933446739786
2017-09-29,23.9739189147949,2017-01-20,22.4810085296631,0.0664076250476919,2017-06-30,23.7738056182861,0.00841738591295882,2017-08-30,24.1872673034668,-0.00882069007610886
2017-10-02,23.8846759796143,2017-01-25,22.4882850646973,0.0620941486155864,2017-07-03,23.9953117370605,-0.00461072390551276,2017-09-01,24.3054027557373,-0.0173100104676825
2017-10-03,23.8772430419922,2017-01-26,22.4737339019775,0.062451088285385,2017-07-05,23.7073612213135,0.0071657836185488,2017-09-01,24.3054027557373,-0.017615824680957
2017-10-04,24.0854568481445,2017-01-27,22.2845764160156,0.080812863502967,2017-07-06,23.2791347503662,0.0346371163028572,2017-09-01,24.3054027557373,-0.009049259944514
2017-10-05,24.159818649292,2017-01-27,22.2845764160156,0.0841497813675587,2017-07-07,23.4120388031006,0.0319399712464332,2017-09-05,24.2832489013672,-0.00508293814293714
2017-10-06,24.0928974151611,2017-01-27,22.2845764160156,0.0811467521476374,2017-07-07,23.4120388031006,0.0290815600378376,2017-09-06,24.320161819458,-0.00934469128881565
2017-10-09,24.1449413299561,2017-02-01,22.0954170227051,0.0927578920617291,2017-07-11,23.1905384063721,0.0411548411192446,2017-09-08,24.5121288299561,-0.014979829069406
2017-10-10,24.1821212768555,2017-02-02,22.357328414917,0.0816194505923598,2017-07-12,23.4932537078857,0.0293219312035309,2017-09-08,24.5121288299561,-0.0134630311136943
2017-10-11,24.3159675598145,2017-02-03,22.5028324127197,0.0805736413016991,2017-07-13,23.5375480651855,0.0330713926732356,2017-09-11,24.6893272399902,-0.0151223108084952
2017-10-12,24.4870014190674,2017-02-03,22.5028324127197,0.088174189362318,2017-07-14,23.7738056182861,0.0299992273947374,2017-09-12,24.4235286712646,0.00259883609191225
2017-10-13,24.5539302825928,2017-02-03,22.5028324127197,0.0911484311065509,2017-07-14,23.7738056182861,0.0328144629779672,2017-09-13,24.320161819458,0.00961212613921569
2017-10-16,24.4349517822266,2017-02-08,22.5101203918457,0.0855095999876627,2017-07-18,23.7959632873535,0.0268528105862658,2017-09-15,24.5762367248535,-0.00574884365774686
2017-10-17,24.4349517822266,2017-02-09,22.6046924591064,0.0809681143165821,2017-07-19,23.9731578826904,0.019262956586523,2017-09-15,24.5762367248535,-0.00574884365774686
2017-10-18,24.3903388977051,2017-02-10,22.7574787139893,0.071750487135998,2017-07-20,23.9067115783691,0.0202297717839843,2017-09-18,24.4349517822266,-0.00182578156564761
2017-10-19,24.3754596710205,2017-02-10,22.7574787139893,0.0710966701261448,2017-07-21,23.9510059356689,0.0177217498292817,2017-09-19,24.1895599365234,0.00768512263079169
2017-10-20,24.3382816314697,2017-02-10,22.7574787139893,0.0694630076269716,2017-07-21,23.9510059356689,0.0161694960470964,2017-09-20,24.1226367950439,0.0089395217553534
2017-10-23,24.2490539550781,2017-02-15,22.6847267150879,0.0689594924213823,2017-07-25,23.9362335205078,0.0130689080344366,2017-09-22,23.8772430419922,0.0155717690033161
2017-10-24,24.0928974151611,2017-02-16,22.7792987823486,0.0576663331634415,2017-07-26,24.1355838775635,-0.00176861113528015,2017-09-22,23.8772430419922,0.00903179537058274
2017-10-25,24.0334072113037,2017-02-17,22.844783782959,0.0520304083259207,2017-07-27,24.1134357452393,-0.00331883580511083,2017-09-25,23.966480255127,0.00279252336865077
2017-10-26,23.899543762207,2017-02-17,22.844783782959,0.0461707140355971,2017-07-28,24.0986671447754,-0.00826283799730931,2017-09-26,23.9887866973877,-0.00372019378497279
2017-10-27,23.936731338501,2017-02-17,22.844783782959,0.047798550685191,2017-07-28,24.0986671447754,-0.00671969969548802,2017-09-27,23.7880115509033,0.00625187974536723
2017-10-30,24.0854568481445,2017-02-22,23.0703201293945,0.0440018479612074,2017-08-01,24.1651191711426,-0.00329658308050762,2017-09-29,23.9739189147949,0.0046524697837691
2017-10-31,24.1672534942627,2017-02-23,23.223108291626,0.0406554191962825,2017-08-02,24.0469875335693,0.00500129010028671,2017-09-29,23.9739189147949,0.00806437112575953
2017-11-01,24.1449413299561,2017-02-24,23.3395137786865,0.0345091829635731,2017-08-03,23.987922668457,0.00654573818955528,2017-10-02,23.8846759796143,0.0108967503081867
2017-11-02,24.353157043457,2017-02-24,23.3395137786865,0.0434303505369575,2017-08-04,24.0617504119873,0.012110782735264,2017-10-03,23.8772430419922,0.0199316981708428
2017-11-03,24.353157043457,2017-02-24,23.3395137786865,0.0434303505369575,2017-08-04,24.0617504119873,0.012110782735264,2017-10-04,24.0854568481445,0.0111145990296266
2017-11-06,24.7249603271484,2017-03-01,23.3249588012695,0.0600216076610052,2017-08-08,23.9362335205078,0.0329511661040938,2017-10-06,24.0928974151611,0.0262344084688446
2017-11-07,24.9554882049561,2017-03-02,23.2522068023682,0.073252462317444,2017-08-09,23.9657745361328,0.0412969615203158,2017-10-06,24.0928974151611,0.035802700477698
2017-11-08,25.1413860321045,2017-03-03,23.1794490814209,0.084641224379062,2017-08-10,23.7516632080078,0.0585105477425318,2017-10-09,24.1449413299561,0.0412692948196223
2017-11-09,25.1413860321045,2017-03-03,23.1794490814209,0.084641224379062,2017-08-11,23.5966186523438,0.0654656246524246,2017-10-10,24.1821212768555,0.0396683460589178
2017-11-10,25.1413860321045,2017-03-03,23.1794490814209,0.084641224379062,2017-08-11,23.5966186523438,0.0654656246524246,2017-10-11,24.3159675598145,0.0339455327146494
2017-11-13,25.2157363891602,2017-03-08,22.6628971099854,0.112643995460316,2017-08-15,23.9436225891113,0.0531295460958086,2017-10-13,24.5539302825928,0.0269531638703302
2017-11-14,25.193431854248,2017-03-09,22.3718852996826,0.126120195806898,2017-08-16,24.0174560546875,0.0489633788392436,2017-10-13,24.5539302825928,0.0260447742701559
2017-11-15,25.0075378417969,2017-03-10,22.3500537872314,0.118902803539723,2017-08-17,23.8476409912109,0.0486378024146463,2017-10-16,24.4349517822266,0.023433075075139
2017-11-16,25.104190826416,2017-03-10,22.3500537872314,0.123227311459895,2017-08-18,23.6704483032227,0.0605709915091959,2017-10-17,24.4349517822266,0.0273885968817931
2017-11-17,24.9554882049561,2017-03-10,22.3500537872314,0.116573966332604,2017-08-18,23.6704483032227,0.0542887859693997,2017-10-18,24.3903388977051,0.0231710313506199
2017-11-20,24.8959865570068,2017-03-15,22.7792987823486,0.0929215510487265,2017-08-22,23.8993244171143,0.041702523573381,2017-10-20,24.3382816314697,0.0229147206849638
2017-11-21,25.0298366546631,2017-03-16,22.7283744812012,0.101259426861586,2017-08-23,24.1429691314697,0.0367339873718082,2017-10-20,24.3382816314697,0.0284142912661169
2017-11-22,24.9480438232422,2017-03-17,22.7708396911621,0.0956136954811158,2017-08-24,24.0986671447754,0.0352457948551292,2017-10-23,24.2490539550781,0.0288254490034521
2017-11-24,25.0372695922852,2017-03-17,22.7708396911621,0.0995321179131881,2017-08-25,24.2168045043945,0.0338799897295179,2017-10-25,24.0334072113037,0.0417694574953691
2017-11-27,24.9629211425781,2017-03-22,22.8074531555176,0.0945071758939076,2017-08-29,24.0765247344971,0.0368157953797634,2017-10-27,23.936731338501,0.0428709245872085
2017-11-28,24.9034328460693,2017-03-23,22.9758529663086,0.0838959007348847,2017-08-30,24.1872673034668,0.0296091961781846,2017-10-27,23.936731338501,0.0403856940155178
2017-11-29,24.8439426422119,2017-03-24,22.9538841247559,0.0823415552323725,2017-08-31,24.3054027557373,0.0221572089089326,2017-10-30,24.0854568481445,0.0314914431081601
2017-11-30,24.8736820220947,2017-03-24,22.9538841247559,0.083637169504936,2017-09-01,24.3054027557373,0.0233807796590937,2017-10-31,24.1672534942627,0.029230815491704
2017-12-01,24.9182949066162,2017-03-24,22.9538841247559,0.0855807571034013,2017-09-01,24.3054027557373,0.0252162927328672,2017-11-01,24.1449413299561,0.0320296316355375
2017-12-04,24.5911064147949,2017-03-29,22.9831733703613,0.0699613155469274,2017-09-05,24.2832489013672,0.0126777728416068,2017-11-03,24.353157043457,0.0097707812959642
2017-12-05,24.4944381713867,2017-03-30,23.034423828125,0.0633840183785732,2017-09-06,24.320161819458,0.00716592073780031,2017-11-03,24.353157043457,0.00580134754921424
2017-12-06,24.531623840332,2017-03-31,23.1369342803955,0.0602797908761092,2017-09-07,24.5047435760498,0.00109694125950766,2017-11-06,24.7249603271484,-0.00781948623003947
2017-12-07,24.6282901763916,2017-03-31,23.1369342803955,0.0644578005850911,2017-09-08,24.5121288299561,0.00473893341705978,2017-11-07,24.9554882049561,-0.013111265380874
2017-12-08,24.6877765655518,2017-03-31,23.1369342803955,0.0670288581175735,2017-09-08,24.5121288299561,0.00716574789624369,2017-11-08,25.1413860321045,-0.0180423412604813
2017-12-11,24.7472705841064,2017-04-05,23.1369342803955,0.0696002453996429,2017-09-12,24.4235286712646,0.013255329203216,2017-11-10,25.1413860321045,-0.0156759634291751
2017-12-12,24.858814239502,2017-04-06,23.2687244415283,0.0683359245569888,2017-09-13,24.320161819458,0.0221483896383037,2017-11-10,25.1413860321045,-0.0112393084550587
2017-12-13,24.8513736724854,2017-04-07,23.2980136871338,0.0666734944107874,2017-09-14,24.4899768829346,0.01475692652869,2017-11-13,25.2157363891602,-0.0144498146336682
2017-12-14,24.8736820220947,2017-04-07,23.2980136871338,0.0676310159363969,2017-09-15,24.5762367248535,0.0121029635485406,2017-11-14,25.193431854248,-0.0126917934008822
2017-12-15,24.9526176452637,2017-04-07,23.2980136871338,0.0710190997545697,2017-09-15,24.5762367248535,0.0153148313398823,2017-11-15,25.0075378417969,-0.00219614569337612
2017-12-18,25.0353164672852,2017-04-12,23.5323085784912,0.0638699719485964,2017-09-19,24.1895599365234,0.0349637005791381,2017-11-17,24.9554882049561,0.0031988259125002
2017-12-19,24.5616817474365,2017-04-13,23.4810581207275,0.0460210788267281,2017-09-20,24.1226367950439,0.0182005373675727,2017-11-17,24.9554882049561,-0.0157803547774842
2017-12-20,24.2985496520996,2017-04-13,23.4810581207275,0.0348149358163057,2017-09-21,24.0854568481445,0.00884736400470199,2017-11-20,24.8959865570068,-0.0239973179427624
2017-12-21,24.2158393859863,2017-04-13,23.4810581207275,0.0312925108179078,2017-09-22,23.8772430419922,0.0141807135521743,2017-11-21,25.0298366546631,-0.0325210779401995
2017-12-22,24.3737258911133,2017-04-13,23.4810581207275,0.0380165052952939,2017-09-22,23.8772430419922,0.0207931396538514,2017-11-22,24.9480438232422,-0.0230205596959012
2017-12-26,24.5015354156494,2017-04-20,23.7519645690918,0.0315582672909938,2017-09-27,23.7880115509033,0.0299951033409933,2017-11-24,25.0372695922852,-0.0213974680689953
2017-12-27,24.5992755889893,2017-04-21,23.6714248657227,0.0391970795391436,2017-09-28,23.9590473175049,0.0267217749938082,2017-11-27,24.9629211425781,-0.0145674278868198
2017-12-28,24.742115020752,2017-04-21,23.6714248657227,0.0452313352957352,2017-09-29,23.9739189147949,0.0320429925823671,2017-11-28,24.9034328460693,-0.00647773446795463
2017-12-29,24.7646675109863,2017-04-21,23.6714248657227,0.0461840658711989,2017-09-29,23.9739189147949,0.0329837019555204,2017-11-29,24.8439426422119,-0.00319092393535392
2018-01-02,24.6218242645264,2017-04-27,23.3053340911865,0.0564887921447008,2017-10-04,24.0854568481445,0.0222693478377245,2017-12-01,24.9182949066162,-0.0118977098232803
2018-01-03,24.6293430328369,2017-04-28,23.1735439300537,0.0628215998026607,2017-10-05,24.159818649292,0.0194341021495494,2017-12-04,24.5911064147949,0.00155489620503602
2018-01-04,24.2083282470703,2017-04-28,23.1735439300537,0.0446536930277026,2017-10-06,24.0928974151611,0.0047910730668923,2017-12-05,24.4944381713867,-0.0116806077491758
2018-01-05,24.2609539031982,2017-04-28,23.1735439300537,0.0469246299325961,2017-10-06,24.0928974151611,0.00697535398674587,2017-12-06,24.531623840332,-0.0110335108224181
2018-01-08,24.4263515472412,2017-05-03,23.0417518615723,0.060090903416858,2017-10-10,24.1821212768555,0.010099621434762,2017-12-08,24.6877765655518,-0.0105892492025925
2018-01-09,24.1481857299805,2017-05-04,23.0637130737305,0.0470207313446511,2017-10-11,24.3159675598145,-0.00690006800762755,2017-12-08,24.6877765655518,-0.0218565991205629
2018-01-10,23.7722816467285,2017-05-05,23.2467575073242,0.0226063415183269,2017-10-12,24.4870014190674,-0.0291877212773929,2017-12-11,24.7472705841064,-0.0393978371903404
2018-01-11,23.621919631958,2017-05-05,23.2467575073242,0.0161382560348724,2017-10-13,24.5539302825928,-0.037957697195854,2017-12-12,24.858814239502,-0.0497567822675332
2018-01-12,23.4489994049072,2017-05-05,23.2467575073242,0.0086997895306169,2017-10-13,24.5539302825928,-0.0450001635163424,2017-12-13,24.8513736724854,-0.0564304527411613
2018-01-16,23.5617694854736,2017-05-11,23.0490703582764,0.0222438093696553,2017-10-18,24.3903388977051,-0.0339712135902057,2017-12-15,24.9526176452637,-0.0557395692733678
2018-01-17,23.6970977783203,2017-05-12,22.96120262146,0.0320495040696418,2017-10-19,24.3754596710205,-0.0278297066744831,2017-12-18,25.0353164672852,-0.0534532363796384
2018-01-18,23.4715557098389,2017-05-12,22.96120262146,0.022226757752746,2017-10-20,24.3382816314697,-0.03561163169836,2017-12-19,24.5616817474365,-0.0443832001736376
2018-01-19,23.6369495391846,2017-05-12,22.96120262146,0.0294299444530419,2017-10-20,24.3382816314697,-0.028816006935277,2017-12-20,24.2985496520996,-0.027227967199181
2018-01-22,23.8624973297119,2017-05-17,23.0930080413818,0.0333213103702725,2017-10-24,24.0928974151611,-0.00956298785816545,2017-12-22,24.3737258911133,-0.0209745758069658
2018-01-23,24.230884552002,2017-05-18,23.1369342803955,0.0472815567675871,2017-10-25,24.0334072113037,0.00821678503434864,2017-12-22,24.3737258911133,-0.0058604638350922
2018-01-24,24.163215637207,2017-05-19,23.2687244415283,0.0384417804218906,2017-10-26,23.899543762207,0.0110325066295596,2017-12-22,24.3737258911133,-0.00863676956271187
2018-01-25,24.110595703125,2017-05-19,23.2687244415283,0.0361803786757717,2017-10-27,23.936731338501,0.00726349651359337,2017-12-26,24.5015354156494,-0.0159557230145958
2018-01-26,24.1782569885254,2017-05-19,23.2687244415283,0.0390881996682981,2017-10-27,23.936731338501,0.0100901683947103,2017-12-27,24.5992755889893,-0.0171150812527304
2018-01-29,23.9000873565674,2017-05-24,23.4883842468262,0.0175279451074564,2017-10-31,24.1672534942627,-0.0110548820849143,2017-12-29,24.7646675109863,-0.034911841801849
2018-01-30,23.8023490905762,2017-05-25,23.5762405395508,0.00959052613354849,2017-11-01,24.1449413299561,-0.0141889862020429,2017-12-29,24.7646675109863,-0.0388585237408597
2018-01-31,24.2910270690918,2017-05-26,23.4297981262207,0.0367578473459949,2017-11-02,24.353157043457,-0.0025512082172493,2017-12-29,24.7646675109863,-0.0191256531784409
2018-02-01,23.8474559783936,2017-05-26,23.4297981262207,0.0178259261954734,2017-11-03,24.353157043457,-0.0207653186057593,2018-01-02,24.6218242645264,-0.0314504838395941
2018-02-02,23.5768070220947,2017-05-26,23.4297981262207,0.00627444142207545,2017-11-03,24.353157043457,-0.0318788245801949,2018-01-03,24.6293430328369,-0.0427350420731445
2018-02-05,22.9678401947021,2017-05-31,23.3272972106934,-0.0154092869287246,2017-11-07,24.9554882049561,-0.0796477309491851,2018-01-05,24.2609539031982,-0.0533002005467569
2018-02-06,22.9227333068848,2017-06-01,23.4005184173584,-0.0204177147681998,2017-11-08,25.1413860321045,-0.0882470330946191,2018-01-05,24.2609539031982,-0.0551594385634218
2018-02-07,22.8174724578857,2017-06-02,23.6055297851562,-0.0333844372247919,2017-11-09,25.1413860321045,-0.0924337891018102,2018-01-08,24.4263515472412,-0.0658665329631342
2018-02-08,22.1032524108887,2017-06-02,23.6055297851562,-0.0636409090556505,2017-11-10,25.1413860321045,-0.120841930406552,2018-01-09,24.1481857299805,-0.0846826897042194
2018-02-09,22.6220111846924,2017-06-02,23.6055297851562,-0.0416647543781173,2017-11-10,25.1413860321045,-0.100208271898573,2018-01-10,23.7722816467285,-0.0483870450102308
2018-02-12,22.6821556091309,2017-06-07,23.5615978240967,-0.0373252366639756,2017-11-14,25.193431854248,-0.0996797998639373,2018-01-12,23.4489994049072,-0.0327026233629349
2018-02-13,22.8475475311279,2017-06-08,23.4517669677734,-0.0257643459222415,2017-11-15,25.0075378417969,-0.0863735696146304,2018-01-12,23.4489994049072,-0.0256493619788923
2018-02-14,22.704704284668,2017-06-09,23.5615978240967,-0.0363682270542941,2017-11-16,25.104190826416,-0.0955811146568872,2018-01-12,23.4489994049072,-0.0317410183431323
2018-02-15,22.9152088165283,2017-06-09,23.5615978240967,-0.0274340056389254,2017-11-17,24.9554882049561,-0.0817567411092579,2018-01-16,23.5617694854736,-0.0274410913553814
2018-02-16,23.0655765533447,2017-06-09,23.5615978240967,-0.0210521066718432,2017-11-17,24.9554882049561,-0.0757313035148716,2018-01-17,23.6970977783203,-0.0266497286242936
2018-02-20,22.8325119018555,2017-06-15,23.9642887115479,-0.0472276403992331,2017-11-22,24.9480438232422,-0.0847975070260154,2018-01-19,23.6369495391846,-0.0340330564227643
2018-02-21,22.4115047454834,2017-06-16,23.9510059356689,-0.0642770994387694,2017-11-22,24.9480438232422,-0.10167286444301,2018-01-22,23.8624973297119,-0.0608064011146833
2018-02-22,22.6671161651611,2017-06-16,23.9510059356689,-0.0536048370559579,2017-11-24,25.0372695922852,-0.0946650120288817,2018-01-23,24.230884552002,-0.0645361659614538
2018-02-23,23.0806083679199,2017-06-16,23.9510059356689,-0.036340752037174,2017-11-24,25.0372695922852,-0.0781499443121448,2018-01-24,24.163215637207,-0.0448039402346802
2018-02-26,23.1633129119873,2017-06-21,23.8697967529297,-0.0295973965867837,2017-11-28,24.9034328460693,-0.0698747014051392,2018-01-26,24.1782569885254,-0.0419775535109814
2018-02-27,22.6671161651611,2017-06-22,23.8845615386963,-0.0509720629186651,2017-11-29,24.8439426422119,-0.087620008965573,2018-01-26,24.1782569885254,-0.0624999901391329
2018-02-28,22.6370410919189,2017-06-23,23.987922668457,-0.0563150713469004,2017-11-30,24.8736820220947,-0.0899199775967636,2018-01-29,23.9000873565674,-0.052846930883764
2018-03-01,22.5242729187012,2017-06-23,23.987922668457,-0.0610161108981935,2017-12-01,24.9182949066162,-0.0960748717713984,2018-01-30,23.8023490905762,-0.0536953796875879
2018-03-02,22.449089050293,2017-06-23,23.987922668457,-0.0641503493000481,2017-12-01,24.9182949066162,-0.0990920873830587,2018-01-31,24.2910270690918,-0.0758279184144723
2018-03-05,22.7648468017578,2017-06-28,24.0322208404541,-0.052736451079997,2017-12-05,24.4944381713867,-0.070611595886667,2018-02-02,23.5768070220947,-0.0344389390631225
2018-03-06,22.8550662994385,2017-06-29,23.7885799407959,-0.0392420919483513,2017-12-06,24.531623840332,-0.0683427053914446,2018-02-02,23.5768070220947,-0.0306123183677873
2018-03-07,22.9528045654297,2017-06-30,23.7738056182861,-0.0345338506606176,2017-12-07,24.6282901763916,-0.0680309351141239,2018-02-05,22.9678401947021,-0.00065463836150903
2018-03-08,23.1332397460938,2017-06-30,23.7738056182861,-0.0269441873327877,2017-12-08,24.6877765655518,-0.0629678746212871,2018-02-06,22.9227333068848,0.00918330446857119
2018-03-09,23.2835922241211,2017-06-30,23.7738056182861,-0.0206198957809254,2017-12-08,24.6877765655518,-0.0568777158891661,2018-02-07,22.8174724578857,0.0204281945380087
2018-03-12,23.3963794708252,2017-07-05,23.7073612213135,-0.0131175185456197,2017-12-12,24.858814239502,-0.0588296269720251,2018-02-09,22.6220111846924,0.0342307445527568
2018-03-13,23.4715557098389,2017-07-06,23.2791347503662,0.00826581234809987,2017-12-13,24.8513736724854,-0.0555228045270663,2018-02-09,22.6220111846924,0.0375538902447961
2018-03-14,23.5166625976562,2017-07-07,23.4120388031006,0.00446880322707366,2017-12-14,24.8736820220947,-0.0545564353211988,2018-02-12,22.6821556091309,0.0367913439492256
2018-03-15,23.5166625976562,2017-07-07,23.4120388031006,0.00446880322707366,2017-12-15,24.9526176452637,-0.0575472709124761,2018-02-13,22.8475475311279,0.0292860783248927
2018-03-16,23.6399326324463,2017-07-07,23.4120388031006,0.00973404457690918,2017-12-15,24.9526176452637,-0.0526071064558851,2018-02-14,22.704704284668,0.0411909503886321
2018-03-19,23.4054946899414,2017-07-12,23.4932537078857,-0.00373549866849143,2017-12-19,24.5616817474365,-0.0470727969437919,2018-02-16,23.0655765533447,0.0147370318626345
2018-03-20,23.3979320526123,2017-07-13,23.5375480651855,-0.00593162941979286,2017-12-20,24.2985496520996,-0.0370646648619821,2018-02-16,23.0655765533447,0.0144091563676687
2018-03-21,23.1861877441406,2017-07-14,23.7738056182861,-0.0247170303139658,2017-12-21,24.2158393859863,-0.0425197584702168,2018-02-16,23.0655765533447,0.00522905597078638
2018-03-22,23.1030006408691,2017-07-14,23.7738056182861,-0.0282161378866927,2017-12-22,24.3737258911133,-0.0521350431165492,2018-02-20,22.8325119018555,0.0118466483309569
2018-03-23,22.7400035858154,2017-07-14,23.7738056182861,-0.0434849198765019,2017-12-22,24.3737258911133,-0.067028008462732,2018-02-21,22.4115047454834,0.0146575985888782
2018-03-26,23.0500659942627,2017-07-19,23.9731578826904,-0.0385052270937675,2017-12-26,24.5015354156494,-0.0592399372840793,2018-02-23,23.0806083679199,-0.0013232915341902
2018-03-27,23.0878734588623,2017-07-20,23.9067115783691,-0.0342513907369729,2017-12-27,24.5992755889893,-0.0614409202685406,2018-02-23,23.0806083679199,0.000314770339957082
2018-03-28,23.5113697052002,2017-07-21,23.9510059356689,-0.0183556478441694,2017-12-28,24.742115020752,-0.0497429308092499,2018-02-26,23.1633129119873,0.0150262095295
2018-03-29,23.5038013458252,2017-07-21,23.9510059356689,-0.0186716412264653,2017-12-29,24.7646675109863,-0.0509139145357707,2018-02-27,22.6671161651611,0.0369118495077918
2018-04-02,23.2164325714111,2017-07-26,24.1355838775635,-0.0380828286904131,2018-01-02,24.6218242645264,-0.0570791050255377,2018-03-02,22.449089050293,0.0341814992759428
2018-04-03,23.2996215820312,2017-07-27,24.1134357452393,-0.033749407251875,2018-01-03,24.6293430328369,-0.0539893187176299,2018-03-02,22.449089050293,0.037887173498792
2018-04-04,23.5718669891357,2017-07-28,24.0986671447754,-0.0218601365990424,2018-01-04,24.2083282470703,-0.0262910041304315,2018-03-05,22.7648468017578,0.0354502797407634
2018-04-05,23.5945568084717,2017-07-28,24.0986671447754,-0.0209185982475799,2018-01-05,24.2609539031982,-0.0274678851204903,2018-03-06,22.8550662994385,0.0323556492615105
2018-04-06,23.3525562286377,2017-07-28,24.0986671447754,-0.0309606714618429,2018-01-05,24.2609539031982,-0.0374427847390121,2018-03-07,22.9528045654297,0.0174162448021751
2018-04-09,23.3450012207031,2017-08-02,24.0469875335693,-0.0291922766577828,2018-01-09,24.1481857299805,-0.0332606564426152,2018-03-09,23.2835922241211,0.00263743652572712
2018-04-10,23.1861877441406,2017-08-03,23.987922668457,-0.0334224407589344,2018-01-10,23.7722816467285,-0.0246545077707571,2018-03-09,23.2835922241211,-0.00418339571672965
2018-04-11,23.2466831207275,2017-08-04,24.0617504119873,-0.0338739816224554,2018-01-11,23.621919631958,-0.015885098123982,2018-03-12,23.3963794708252,-0.00639826988121495
2018-04-12,22.9744338989258,2017-08-04,24.0617504119873,-0.0451885874653506,2018-01-12,23.4489994049072,-0.0202381985596423,2018-03-13,23.4715557098389,-0.0211797554903743
2018-04-13,23.09543800354,2017-08-04,24.0617504119873,-0.0401596887966164,2018-01-12,23.4489994049072,-0.015077888623819,2018-03-14,23.5166625976562,-0.0179117505456829
2018-04-16,23.2013092041016,2017-08-09,23.9657745361328,-0.0318982109624155,2018-01-16,23.5617694854736,-0.0152985233810352,2018-03-16,23.6399326324463,-0.0185543434139364
2018-04-17,23.5113697052002,2017-08-10,23.7516632080078,-0.0101169126853651,2018-01-17,23.6970977783203,-0.00783758732219242,2018-03-16,23.6399326324463,-0.00543837959460336
2018-04-18,23.4508686065674,2017-08-11,23.5966186523438,-0.00617673438401267,2018-01-18,23.4715557098389,-0.000881369071876748,2018-03-19,23.4054946899414,0.00193860105189225
2018-04-19,23.0576248168945,2017-08-11,23.5966186523438,-0.022841994583647,2018-01-19,23.6369495391846,-0.0245092845559303,2018-03-20,23.3979320526123,-0.0145443295994092
2018-04-20,22.8534469604492,2017-08-11,23.5966186523438,-0.0314948384276539,2018-01-19,23.6369495391846,-0.0331473643600452,2018-03-21,23.1861877441406,-0.0143508190032444
2018-04-23,22.8988170623779,2017-08-16,24.0174560546875,-0.0465760815701064,2018-01-23,24.230884552002,-0.0549739522205752,2018-03-23,22.7400035858154,0.00698388089356161
2018-04-24,22.9215068817139,2017-08-17,23.8476409912109,-0.0388354600708052,2018-01-24,24.163215637207,-0.0513883902762161,2018-03-23,22.7400035858154,0.00798167402276295
2018-04-25,22.8458786010742,2017-08-18,23.6704483032227,-0.0348354070689981,2018-01-25,24.110595703125,-0.0524548259870187,2018-03-26,23.0500659942627,-0.00885842987344576
2018-04-26,23.1408138275146,2017-08-18,23.6704483032227,-0.0223753462090492,2018-01-26,24.1782569885254,-0.0429081038183644,2018-03-27,23.0878734588623,0.00229299457772369
2018-04-27,23.4508686065674,2017-08-18,23.6704483032227,-0.00927653307797205,2018-01-26,24.1782569885254,-0.0300844011337631,2018-03-28,23.5113697052002,-0.00257326984311901
2018-04-30,23.3601207733154,2017-08-23,24.1429691314697,-0.0324255212311014,2018-01-30,23.8023490905762,-0.0185791879439255,2018-03-29,23.5038013458252,-0.00611307806748829
2018-05-01,23.5264949798584,2017-08-24,24.0986671447754,-0.0237428967120714,2018-01-31,24.2910270690918,-0.0314738478146197,2018-03-29,23.5038013458252,0.000965530370993894
2018-05-02,23.4206142425537,2017-08-25,24.2168045043945,-0.0328775938087265,2018-02-01,23.8474559783936,-0.0178988373529895,2018-04-02,23.2164325714111,0.00879470480723255
2018-05-03,23.4130592346191,2017-08-25,24.2168045043945,-0.0331895675843417,2018-02-02,23.5768070220947,-0.00694529107873387,2018-04-03,23.2996215820312,0.00486864785286367
2018-05-04,23.677734375,2017-08-25,24.2168045043945,-0.0222601676987031,2018-02-02,23.5768070220947,0.00428078971044266,2018-04-04,23.5718669891357,0.0044912601073579
2018-05-07,23.7231178283691,2017-08-30,24.1872673034668,-0.0191898269975762,2018-02-06,22.9227333068848,0.0349166266853516,2018-04-06,23.3525562286377,0.0158681386355906
2018-05-08,23.5567455291748,2017-08-31,24.3054027557373,-0.0308020909625033,2018-02-07,22.8174724578857,0.0323994286682514,2018-04-06,23.3525562286377,0.00874376657261666
2018-05-09,23.7382354736328,2017-09-01,24.3054027557373,-0.0233350291622144,2018-02-08,22.1032524108887,0.0739702480137583,2018-04-09,23.3450012207031,0.0168444734361783
2018-05-10,23.9575481414795,2017-09-01,24.3054027557373,-0.0143118226738993,2018-02-09,22.6220111846924,0.0590370566915299,2018-04-10,23.1861877441406,0.0332680993465082
2018-05-11,23.8441104888916,2017-09-01,24.3054027557373,-0.0189790011497265,2018-02-09,22.6220111846924,0.0540225753679309,2018-04-11,23.2466831207275,0.0256994671051105
2018-05-14,23.677734375,2017-09-06,24.320161819458,-0.0264154263950669,2018-02-13,22.8475475311279,0.0363359280789768,2018-04-13,23.09543800354,0.025212614342742
2018-05-15,23.2769317626953,2017-09-07,24.5047435760498,-0.0501050667820299,2018-02-14,22.704704284668,0.0252030359370836,2018-04-13,23.09543800354,0.00785842464331932
2018-05-16,23.2164325714111,2017-09-08,24.5121288299561,-0.0528593933041613,2018-02-15,22.9152088165283,0.0131451455360749,2018-04-16,23.2013092041016,0.000651832496887828
2018-05-17,23.09543800354,2017-09-08,24.5121288299561,-0.0577955034523434,2018-02-16,23.0655765533447,0.00129463272362829,2018-04-17,23.5113697052002,-0.0176906622997878
2018-05-18,23.1105613708496,2017-09-08,24.5121288299561,-0.0571785285900422,2018-02-16,23.0655765533447,0.00195030102112748,2018-04-18,23.4508686065674,-0.0145114981209041
2018-05-21,23.3450012207031,2017-09-13,24.320161819458,-0.0400967972990491,2018-02-20,22.8325119018555,0.0224455951693168,2018-04-20,22.8534469604492,0.0215089767904424
2018-05-22,23.375244140625,2017-09-14,24.4899768829346,-0.0455179172948241,2018-02-21,22.4115047454834,0.0430019941135735,2018-04-20,22.8534469604492,0.0228323185154002
2018-05-23,23.564302444458,2017-09-15,24.5762367248535,-0.0411753146637036,2018-02-22,22.6671161651611,0.0395809626932531,2018-04-23,22.8988170623779,0.0290619982799658
2018-05-24,23.4735546112061,2017-09-15,24.5762367248535,-0.0448678178841085,2018-02-23,23.0806083679199,0.0170249517266752,2018-04-24,22.9215068817139,0.0240842686452081
2018-05-25,23.5869960784912,2017-09-15,24.5762367248535,-0.0402519172254679,2018-02-23,23.0806083679199,0.0219399637348869,2018-04-25,22.8458786010742,0.0324398763714933
2018-05-29,23.6474895477295,2017-09-21,24.0854568481445,-0.0181838901033252,2018-02-28,22.6370410919189,0.0446369493127463,2018-04-27,23.4508686065674,0.0083843777584871
2018-05-30,23.9575481414795,2017-09-22,23.8772430419922,0.00336324840125268,2018-03-01,22.5242729187012,0.0636324745287702,2018-04-30,23.3601207733154,0.0255746694959946
2018-05-31,23.8819255828857,2017-09-22,23.8772430419922,0.000196108942951412,2018-03-02,22.449089050293,0.0638260434257611,2018-05-01,23.5264949798584,0.0151076734265618
2018-06-01,23.9802284240723,2017-09-22,23.8772430419922,0.00431311864183659,2018-03-02,22.449089050293,0.0682049668184337,2018-05-02,23.4206142425537,0.0238940864540509
2018-06-04,24.2146682739258,2017-09-27,23.7880115509033,0.0179357876176187,2018-03-06,22.8550662994385,0.059487990832068,2018-05-04,23.677734375,0.022676743071022
2018-06-05,24.0936660766602,2017-09-28,23.9590473175049,0.00561870250395646,2018-03-07,22.9528045654297,0.0497046671563952,2018-05-04,23.677734375,0.0175663640394292
2018-06-06,24.1617298126221,2017-09-29,23.9739189147949,0.00783396734153663,2018-03-08,23.1332397460938,0.0444594046409772,2018-05-07,23.7231178283691,0.0184888001411188
2018-06-07,24.1617298126221,2017-09-29,23.9739189147949,0.00783396734153663,2018-03-09,23.2835922241211,0.0377148671926686,2018-05-08,23.5567455291748,0.0256819976553213
2018-06-08,24.2449169158936,2017-09-29,23.9739189147949,0.0113038674261718,2018-03-09,23.2835922241211,0.0412876450729349,2018-05-09,23.7382354736328,0.0213445284433016
2018-06-11,24.2373600006104,2017-10-04,24.0854568481445,0.0063068412371643,2018-03-13,23.4715557098389,0.0326269080856227,2018-05-11,23.8441104888916,0.0164925217865417
2018-06-12,24.3734741210938,2017-10-05,24.159818649292,0.00884342200176325,2018-03-14,23.5166625976562,0.0364342312553692,2018-05-11,23.8441104888916,0.0222010224473992
2018-06-13,23.8289833068848,2017-10-06,24.0928974151611,-0.0109540211676777,2018-03-15,23.5166625976562,0.0132808262197734,2018-05-14,23.677734375,0.0063878126804422
2018-06-14,24.0558547973633,2017-10-06,24.0928974151611,-0.00153749120164104,2018-03-16,23.6399326324463,0.0175940503462404,2018-05-15,23.2769317626953,0.0334633036092973
2018-06-15,24.016960144043,2017-10-06,24.0928974151611,-0.00315185300504284,2018-03-16,23.6399326324463,0.015948755754033,2018-05-16,23.2164325714111,0.0344810758573482
2018-06-18,23.9940795898438,2017-10-11,24.3159675598145,-0.0132377199952622,2018-03-20,23.3979320526123,0.0254786421249089,2018-05-18,23.1105613708496,0.0382300630788035
2018-06-19,24.0245876312256,2017-10-12,24.4870014190674,-0.0188840511718079,2018-03-21,23.1861877441406,0.0361594539100905,2018-05-18,23.1105613708496,0.0395501539624596
2018-06-20,24.2839069366455,2017-10-13,24.5539302825928,-0.0109971537281222,2018-03-22,23.1030006408691,0.0511148449559988,2018-05-21,23.3450012207031,0.0402187049409846
2018-06-21,24.4288101196289,2017-10-13,24.5539302825928,-0.00509572852589601,2018-03-23,22.7400035858154,0.074265886873778,2018-05-22,23.375244140625,0.0450718705937645
2018-06-22,24.6423606872559,2017-10-13,24.5539302825928,0.00360147657199206,2018-03-23,22.7400035858154,0.0836568514275462,2018-05-23,23.564302444458,0.045749635294271
2018-06-25,24.5813522338867,2017-10-18,24.3903388977051,0.00783151628121126,2018-03-27,23.0878734588623,0.0646867186657738,2018-05-25,23.5869960784912,0.0421569644598472
2018-06-26,24.7110080718994,2017-10-19,24.3754596710205,0.0137658286410831,2018-03-28,23.5113697052002,0.0510237549637051,2018-05-25,23.5869960784912,0.0476538847790446
2018-06-27,24.6423606872559,2017-10-20,24.3382816314697,0.0124938588677088,2018-03-29,23.5038013458252,0.0484414978104339,2018-05-25,23.5869960784912,0.0447434936289759
2018-06-28,24.8864192962646,2017-10-20,24.3382816314697,0.0225216255237253,2018-03-29,23.5038013458252,0.0588252908581122,2018-05-29,23.6474895477295,0.052391597257482
2018-06-29,24.947437286377,2017-10-20,24.3382816314697,0.0250287043321737,2018-03-29,23.5038013458252,0.0614213811336601,2018-05-30,23.9575481414795,0.0413184662742512
2018-07-02,24.8025245666504,2017-10-25,24.0334072113037,0.0320020107255095,2018-04-03,23.2996215820312,0.0645033216238236,2018-06-01,23.9802284240723,0.0342905883979268
2018-07-03,24.947437286377,2017-10-26,23.899543762207,0.0438457543205066,2018-04-04,23.5718669891357,0.0583564423588177,2018-06-01,23.9802284240723,0.040333596711438
2018-07-05,25.2753849029541,2017-10-27,23.936731338501,0.0559246601184837,2018-04-06,23.3525562286377,0.082339109067572,2018-06-05,24.0936660766602,0.0490468666135739
2018-07-06,25.3821716308594,2017-10-27,23.936731338501,0.0603858677242819,2018-04-06,23.3525562286377,0.0869119158669542,2018-06-06,24.1617298126221,0.0505113593977755
2018-07-09,25.1457328796387,2017-11-01,24.1449413299561,0.0414493262172877,2018-04-10,23.1861877441406,0.0845134679802306,2018-06-08,24.2449169158936,0.0371548381407154
2018-07-10,25.267765045166,2017-11-02,24.353157043457,0.0375560343193662,2018-04-11,23.2466831207275,0.0869406578969716,2018-06-08,24.2449169158936,0.0421881474298615
2018-07-11,25.1914939880371,2017-11-03,24.353157043457,0.0344241587685781,2018-04-12,22.9744338989258,0.0965011847023134,2018-06-11,24.2373600006104,0.0393662505901109
2018-07-12,25.2525119781494,2017-11-03,24.353157043457,0.0369297062014393,2018-04-13,23.09543800354,0.0933982708740462,2018-06-12,24.3734741210938,0.0360653492681582
2018-07-13,25.1686134338379,2017-11-03,24.353157043457,0.0334846274314955,2018-04-13,23.09543800354,0.0897655818426166,2018-06-13,23.8289833068848,0.0562185179997197
2018-07-16,25.0313339233398,2017-11-08,25.1413860321045,-0.00437732862556239,2018-04-17,23.5113697052002,0.064648050589901,2018-06-15,24.016960144043,0.0422357273032521
2018-07-17,24.8635406494141,2017-11-09,25.1413860321045,-0.0110513152431465,2018-04-18,23.4508686065674,0.0602396468355575,2018-06-15,24.016960144043,0.0352492780224343
2018-07-18,24.7720241546631,2017-11-10,25.1413860321045,-0.0146913888108531,2018-04-19,23.0576248168945,0.0743528161023941,2018-06-18,23.9940795898438,0.0324223549357829
2018-07-19,25.008451461792,2017-11-10,25.1413860321045,-0.00528747978105681,2018-04-20,22.8534469604492,0.0942966942830235,2018-06-19,24.0245876312256,0.0409523711985653
2018-07-20,24.7872734069824,2017-11-10,25.1413860321045,-0.0140848489685443,2018-04-20,22.8534469604492,0.0846185894792999,2018-06-20,24.2839069366455,0.0207283972735588
2018-07-23,24.7186298370361,2017-11-15,25.0075378417969,-0.0115528368521698,2018-04-24,22.9215068817139,0.0784033512541864,2018-06-22,24.6423606872559,0.00309504234388225
2018-07-24,24.6499900817871,2017-11-16,25.104190826416,-0.0180926263574674,2018-04-25,22.8458786010742,0.0789687939875536,2018-06-22,24.6423606872559,0.000309604855966317
2018-07-25,24.8940486907959,2017-11-17,24.9554882049561,-0.00246196402392762,2018-04-26,23.1408138275146,0.0757637512815836,2018-06-25,24.5813522338867,0.0127208810131327
2018-07-26,24.9779434204102,2017-11-17,24.9554882049561,0.000899810705752957,2018-04-27,23.4508686065674,0.0651180491205823,2018-06-26,24.7110080718994,0.010802284865679
2018-07-27,24.7491359710693,2017-11-17,24.9554882049561,-0.00826881174160854,2018-04-27,23.4508686065674,0.0553611632167166,2018-06-27,24.6423606872559,0.00433299736046378
2018-07-30,24.7262554168701,2017-11-22,24.9480438232422,-0.00889001189606076,2018-05-01,23.5264949798584,0.0509961402256844,2018-06-29,24.947437286377,-0.00886591544325155
2018-07-31,25.2067489624023,2017-11-22,24.9480438232422,0.0103697564824357,2018-05-02,23.4206142425537,0.0762633593359539,2018-06-29,24.947437286377,0.0103943211901363
2018-08-01,25.3745384216309,2017-11-24,25.0372695922852,0.0134706713167168,2018-05-03,23.4130592346191,0.0837771419512503,2018-07-02,24.8025245666504,0.0230627270801942
2018-08-02,25.2525119781494,2017-11-24,25.0372695922852,0.00859687934704256,2018-05-04,23.677734375,0.0665087959096344,2018-07-03,24.947437286377,0.0122286986142277
2018-08-03,25.5804672241211,2017-11-24,25.0372695922852,0.0216955618836054,2018-05-04,23.677734375,0.0803595825084551,2018-07-03,24.947437286377,0.0253745477131557
2018-08-06,25.5270709991455,2017-11-29,24.8439426422119,0.0274967772535788,2018-05-08,23.5567455291748,0.0836416672044309,2018-07-06,25.3821716308594,0.00570870650444943
2018-08-07,25.4736957550049,2017-11-30,24.8736820220947,0.0241224331957439,2018-05-09,23.7382354736328,0.0731082258957172,2018-07-06,25.3821716308594,0.00360584293087984
2018-08-08,25.3135280609131,2017-12-01,24.9182949066162,0.0158611636862818,2018-05-10,23.9575481414795,0.0565992776650583,2018-07-09,25.1457328796387,0.00667290876259519
2018-08-09,25.3592872619629,2017-12-01,24.9182949066162,0.0176975333584959,2018-05-11,23.8441104888916,0.0635451162574161,2018-07-10,25.267765045166,0.00362209386676193
2018-08-10,25.1152286529541,2017-12-01,24.9182949066162,0.00790317905281723,2018-05-11,23.8441104888916,0.0533095233162371,2018-07-11,25.1914939880371,-0.00302742406302792
2018-08-13,25.1076030731201,2017-12-06,24.531623840332,0.0234790504100724,2018-05-15,23.2769317626953,0.0786474492896321,2018-07-13,25.1686134338379,-0.00242406523021821
2018-08-14,25.2067489624023,2017-12-07,24.6282901763916,0.023487573918763,2018-05-16,23.2164325714111,0.085728777876154,2018-07-13,25.1686134338379,0.00151520180739007
2018-08-15,25.4279327392578,2017-12-08,24.6877765655518,0.0299806737046879,2018-05-17,23.09543800354,0.100993743238827,2018-07-16,25.0313339233398,0.0158440943312321
2018-08-16,25.6262226104736,2017-12-08,24.6877765655518,0.0380125785094534,2018-05-18,23.1105613708496,0.108853315990721,2018-07-17,24.8635406494141,0.030674712496249
2018-08-17,25.870288848877,2017-12-08,24.6877765655518,0.0478986951370592,2018-05-18,23.1105613708496,0.119414125591441,2018-07-18,24.7720241546631,0.0443348790295417
2018-08-20,25.9007949829102,2017-12-13,24.8513736724854,0.0422278995219767,2018-05-22,23.375244140625,0.108043827353909,2018-07-20,24.7872734069824,0.0449231166996391
2018-08-21,25.6643695831299,2017-12-14,24.8736820220947,0.0317881188773261,2018-05-23,23.564302444458,0.0891207004163106,2018-07-20,24.7872734069824,0.0353849397530099
2018-08-22,25.5041980743408,2017-12-15,24.9526176452637,0.0221051128550374,2018-05-24,23.4735546112061,0.0865077103475993,2018-07-23,24.7186298370361,0.0317804118789653
2018-08-23,25.4431858062744,2017-12-15,24.9526176452637,0.0196599879012636,2018-05-25,23.5869960784912,0.0786954693851771,2018-07-24,24.6499900817871,0.0321783384843373
2018-08-24,25.6186046600342,2017-12-15,24.9526176452637,0.02669006611805,2018-05-25,23.5869960784912,0.086132569606673,2018-07-25,24.8940486907959,0.0291055897832388
2018-08-27,25.5804672241211,2017-12-20,24.2985496520996,0.0527569583524798,2018-05-29,23.6474895477295,0.0817413481667952,2018-07-27,24.7491359710693,0.0335903141840406
2018-08-28,25.8931694030762,2017-12-21,24.2158393859863,0.0692658218595763,2018-05-30,23.9575481414795,0.0807937961833998,2018-07-27,24.7491359710693,0.0462251867436567
2018-08-29,25.8550338745117,2017-12-22,24.3737258911133,0.06077478634231,2018-05-31,23.8819255828857,0.0826193132868625,2018-07-30,24.7262554168701,0.0456510069402365
2018-08-30,25.7177486419678,2017-12-22,24.3737258911133,0.0551422772562042,2018-06-01,23.9802284240723,0.0724563664352471,2018-07-31,25.2067489624023,0.0202723358068755
2018-08-31,25.8168926239014,2017-12-22,24.3737258911133,0.059209935289962,2018-06-01,23.9802284240723,0.0765907716702727,2018-08-01,25.3745384216309,0.0174329950330609
2018-09-04,25.5880908966064,2017-12-28,24.742115020752,0.034191736443911,2018-06-06,24.1617298126221,0.0590338976160243,2018-08-03,25.5804672241211,0.000298027100856135
2018-09-05,25.7482566833496,2017-12-29,24.7646675109863,0.0397174390460495,2018-06-07,24.1617298126221,0.0656628015887646,2018-08-06,25.5270709991455,0.00866474983406862
2018-09-06,25.8321533203125,2017-12-29,24.7646675109863,0.0431051944813152,2018-06-08,24.2449169158936,0.0654667702069314,2018-08-07,25.4736957550049,0.0140716749055618
2018-09-07,25.5041980743408,2017-12-29,24.7646675109863,0.029862325550158,2018-06-08,24.2449169158936,0.0519400071699876,2018-08-08,25.3135280609131,0.00753233658180363
2018-09-10,25.6414833068848,2018-01-03,24.6293430328369,0.0410948953327102,2018-06-12,24.3734741210938,0.052024146393379,2018-08-10,25.1152286529541,0.0209536079166361
2018-09-11,25.6491012573242,2018-01-04,24.2083282470703,0.0595155929624454,2018-06-13,23.8289833068848,0.0763825265643445,2018-08-10,25.1152286529541,0.0212569278881449
2018-09-12,25.6719875335693,2018-01-05,24.2609539031982,0.0581606822221894,2018-06-14,24.0558547973633,0.0671825112771796,2018-08-13,25.1076030731201,0.0224786276414191
2018-09-13,25.8321533203125,2018-01-05,24.2609539031982,0.0647624748550029,2018-06-15,24.016960144043,0.0755796389460954,2018-08-14,25.2067489624023,0.0248109884715
2018-09-14,25.6109733581543,2018-01-05,24.2609539031982,0.0556457697559076,2018-06-15,24.016960144043,0.0663703151669133,2018-08-15,25.4279327392578,0.00719840738818278
2018-09-17,25.7558879852295,2018-01-10,23.7722816467285,0.0834419837346134,2018-06-19,24.0245876312256,0.0720636866105322,2018-08-17,25.870288848877,-0.00442209456244391
2018-09-18,25.6033477783203,2018-01-11,23.621919631958,0.0838809113414152,2018-06-20,24.2839069366455,0.0543339605573809,2018-08-17,25.870288848877,-0.0103184418278436
2018-09-19,25.3592872619629,2018-01-12,23.4489994049072,0.0814656448264437,2018-06-21,24.4288101196289,0.0380893354108285,2018-08-20,25.9007949829102,-0.0209069922874787
2018-09-20,25.5499610900879,2018-01-12,23.4489994049072,0.0895970718793653,2018-06-22,24.6423606872559,0.0368309032706193,2018-08-21,25.6643695831299,-0.00445787272005294
2018-09-21,25.5499610900879,2018-01-12,23.4489994049072,0.0895970718793653,2018-06-22,24.6423606872559,0.0368309032706193,2018-08-22,25.5041980743408,0.00179433266686835
2018-09-24,25.0489768981934,2018-01-17,23.6970977783203,0.0570482990161705,2018-06-26,24.7110080718994,0.0136768530571716,2018-08-24,25.6186046600342,-0.0222349253364863
2018-09-25,25.0258617401123,2018-01-18,23.4715557098389,0.0662208355291038,2018-06-27,24.6423606872559,0.0155626750912212,2018-08-24,25.6186046600342,-0.0231372054718723
2018-09-26,24.7483940124512,2018-01-19,23.6369495391846,0.0470214852142439,2018-06-28,24.8864192962646,-0.00554620904559766,2018-08-27,25.5804672241211,-0.0325276784188415
2018-09-27,24.8254623413086,2018-01-19,23.6369495391846,0.0502819875362408,2018-06-29,24.947437286377,-0.0048892775505629,2018-08-28,25.8931694030762,-0.0412350857921905
2018-09-28,25.1337642669678,2018-01-19,23.6369495391846,0.0633252072270083,2018-06-29,24.947437286377,0.00746878240245374,2018-08-29,25.8550338745117,-0.0278966800447701
2018-10-01,24.9410743713379,2018-01-24,24.163215637207,0.0321918550001721,2018-07-03,24.947437286377,-0.000255052852364268,2018-08-31,25.8168926239014,-0.0339242319097939
2018-10-02,24.8639984130859,2018-01-25,24.110595703125,0.0312477849671415,2018-07-03,24.947437286377,-0.00334458695429152,2018-08-31,25.8168926239014,-0.0369097173969433
2018-10-03,24.5788269042969,2018-01-26,24.1782569885254,0.0165673611609634,2018-07-05,25.2753849029541,-0.027558749405071,2018-08-31,25.8168926239014,-0.0479556443000536
2018-10-04,24.4632167816162,2018-01-26,24.1782569885254,0.0117857872561309,2018-07-06,25.3821716308594,-0.0362047370338441,2018-09-04,25.5880908966064,-0.0439608456736965
2018-10-05,24.4709243774414,2018-01-26,24.1782569885254,0.0121045693680446,2018-07-06,25.3821716308594,-0.0359010752377894,2018-09-05,25.7482566833496,-0.0496084966689883
2018-10-08,24.7869281768799,2018-01-31,24.2910270690918,0.0204149913619369,2018-07-10,25.267765045166,-0.0190296556670777,2018-09-07,25.5041980743408,-0.0281236012741983
2018-10-09,24.871711730957,2018-02-01,23.8474559783936,0.0429503152659756,2018-07-11,25.1914939880371,-0.0126940568603011,2018-09-07,25.5041980743408,-0.0247993032966647
2018-10-10,24.4786319732666,2018-02-02,23.5768070220947,0.0382505124772299,2018-07-12,25.2525119781494,-0.0306456643027211,2018-09-10,25.6414833068848,-0.0453503925533801
2018-10-11,23.7618408203125,2018-02-02,23.5768070220947,0.00784812795237166,2018-07-13,25.1686134338379,-0.0558939258701497,2018-09-11,25.6491012573242,-0.0735799830987374
2018-10-12,23.7464294433594,2018-02-02,23.5768070220947,0.00719446111195987,2018-07-13,25.1686134338379,-0.0565062510979039,2018-09-12,25.6719875335693,-0.075006194502551
2018-10-15,23.8928718566895,2018-02-07,22.8174724578857,0.0471305224883507,2018-07-17,24.8635406494141,-0.0390398457891187,2018-09-14,25.6109733581543,-0.0670845843083826
2018-10-16,24.3398971557617,2018-02-08,22.1032524108887,0.101190752532474,2018-07-18,24.7720241546631,-0.017444153784261,2018-09-14,25.6109733581543,-0.0496301403549694
2018-10-17,24.2705326080322,2018-02-09,22.6220111846924,0.0728724519619788,2018-07-19,25.008451461792,-0.0295067791337325,2018-09-17,25.7558879852295,-0.0576705170502794
2018-10-18,24.2782382965088,2018-02-09,22.6220111846924,0.0732130798758124,2018-07-20,24.7872734069824,-0.020536147809232,2018-09-18,25.6033477783203,-0.051755320955862
2018-10-19,24.5248775482178,2018-02-09,22.6220111846924,0.0841157025336898,2018-07-20,24.7872734069824,-0.0105859105378947,2018-09-19,25.3592872619629,-0.0329035159831432
2018-10-22,24.1780433654785,2018-02-14,22.704704284668,0.0648913574181835,2018-07-24,24.6499900817871,-0.0191459191156954,2018-09-21,25.5499610900879,-0.0536954917376218
2018-10-23,24.3321914672852,2018-02-15,22.9152088165283,0.0618359039231096,2018-07-25,24.8940486907959,-0.0225699415345996,2018-09-21,25.5499610900879,-0.047662288741221
2018-10-24,24.6173629760742,2018-02-16,23.0655765533447,0.0672771573318625,2018-07-26,24.9779434204102,-0.0144359540842462,2018-09-24,25.0489768981934,-0.0172308004384112
2018-10-25,24.9102458953857,2018-02-16,23.0655765533447,0.0799749938084042,2018-07-27,24.7491359710693,0.00650971914755893,2018-09-25,25.0258617401123,-0.00461985468980863
2018-10-26,24.262825012207,2018-02-16,23.0655765533447,0.0519062879739154,2018-07-27,24.7491359710693,-0.0196496136039166,2018-09-26,24.7483940124512,-0.0196202226293893
2018-10-29,24.6636085510254,2018-02-21,22.4115047454834,0.100488736973177,2018-07-31,25.2067489624023,-0.0215474201844548,2018-09-28,25.1337642669678,-0.0187061401128954
2018-10-30,25.0721054077148,2018-02-22,22.6671161651611,0.106100362526492,2018-08-01,25.3745384216309,-0.0119187592259098,2018-09-28,25.1337642669678,-0.00245322819924609
2018-10-31,24.7329750061035,2018-02-23,23.0806083679199,0.0715911215096154,2018-08-02,25.2525119781494,-0.020573674907884,2018-10-01,24.9410743713379,-0.00834364078050776
2018-11-01,24.8254623413086,2018-02-23,23.0806083679199,0.0755982661104324,2018-08-03,25.5804672241211,-0.0295148980742839,2018-10-02,24.8639984130859,-0.00154987428558773
2018-11-02,24.6173629760742,2018-02-23,23.0806083679199,0.0665820668007286,2018-08-03,25.5804672241211,-0.0376499865936271,2018-10-03,24.5788269042969,0.00156785642892521
2018-11-05,25.0258617401123,2018-02-28,22.6370410919189,0.105527071249879,2018-08-07,25.4736957550049,-0.0175802529479685,2018-10-05,24.4709243774414,0.0226774172528794
2018-11-06,25.1645889282227,2018-03-01,22.5242729187012,0.117220920695261,2018-08-08,25.3135280609131,-0.00588377615052449,2018-10-05,24.4709243774414,0.0283464792781063
2018-11-07,25.4420547485352,2018-03-02,22.449089050293,0.133322367403729,2018-08-09,25.3592872619629,0.00326379388021736,2018-10-08,24.7869281768799,0.0264303251689877
2018-11-08,25.4960060119629,2018-03-02,22.449089050293,0.135725639238362,2018-08-10,25.1152286529541,0.0151612141091935,2018-10-09,24.871711730957,0.0251005756161455
2018-11-09,25.5268325805664,2018-03-02,22.449089050293,0.137098816053441,2018-08-10,25.1152286529541,0.0163886195622547,2018-10-10,24.4786319732666,0.0428210452465054
2018-11-12,25.58078956604,2018-03-07,22.9528045654297,0.114495158668692,2018-08-14,25.2067489624023,0.0148389070004864,2018-10-12,23.7464294433594,0.0772478290707255
2018-11-13,25.6347408294678,2018-03-08,23.1332397460938,0.10813449005976,2018-08-15,25.4279327392578,0.00813310670319156,2018-10-12,23.7464294433594,0.0795198027818225
2018-11-14,25.6270313262939,2018-03-09,23.2835922241211,0.100647661220639,2018-08-16,25.6262226104736,3.15581360779138e-05,2018-10-15,23.8928718566895,0.0725806206975059
2018-11-15,25.4266471862793,2018-03-09,23.2835922241211,0.0920414230557629,2018-08-17,25.870288848877,-0.017148693823607,2018-10-16,24.3398971557617,0.0446489162860051
2018-11-16,25.7888889312744,2018-03-09,23.2835922241211,0.107599234819012,2018-08-17,25.870288848877,-0.00314646342288838,2018-10-17,24.2705326080322,0.0625596622770317
2018-11-19,25.8582515716553,2018-03-14,23.5166625976562,0.0995714831675307,2018-08-21,25.6643695831299,0.00755451981383737,2018-10-19,24.5248775482178,0.054368223483114
2018-11-20,25.5191287994385,2018-03-15,23.5166625976562,0.0851509517333384,2018-08-22,25.5041980743408,0.000585422253000845,2018-10-19,24.5248775482178,0.04054051847011
2018-11-21,25.503719329834,2018-03-16,23.6399326324463,0.0788406095045131,2018-08-23,25.4431858062744,0.00237916446550668,2018-10-22,24.1780433654785,0.0548297454974487
2018-11-23,25.4112243652344,2018-03-16,23.6399326324463,0.0749279517978383,2018-08-24,25.6186046600342,-0.00809490983415373,2018-10-24,24.6173629760742,0.0322480271315702
2018-11-26,25.465181350708,2018-03-21,23.1861877441406,0.0982910011648339,2018-08-28,25.8931694030762,-0.0165289944118356,2018-10-26,24.262825012207,0.0495554964393492
2018-11-27,25.603910446167,2018-03-22,23.1030006408691,0.108250432234926,2018-08-29,25.8550338745117,-0.00971274799188282,2018-10-26,24.262825012207,0.055273259947481
2018-11-28,25.8120136260986,2018-03-23,22.7400035858154,0.135092768507717,2018-08-30,25.7177486419678,0.00366536688118324,2018-10-29,24.6636085510254,0.0465627352419808
2018-11-29,25.842830657959,2018-03-23,22.7400035858154,0.136447958789198,2018-08-31,25.8168926239014,0.00100469233208966,2018-10-30,25.0721054077148,0.0307403481961663
2018-11-30,26.0894718170166,2018-03-23,22.7400035858154,0.147294094240622,2018-08-31,25.8168926239014,0.0105581720110994,2018-10-31,24.7329750061035,0.0548456791218335
2018-12-03,26.2127914428711,2018-03-28,23.5113697052002,0.114898526608316,2018-09-04,25.5880908966064,0.0244137223362568,2018-11-02,24.6173629760742,0.0648090726999266
2018-12-04,25.8659610748291,2018-03-29,23.5038013458252,0.100501178266786,2018-09-05,25.7482566833496,0.00457135381734819,2018-11-02,24.6173629760742,0.0507202213319276
2018-12-06,26.5750350952148,2018-03-29,23.5038013458252,0.130669660800855,2018-09-07,25.5041980743408,0.0419866963765219,2018-11-06,25.1645889282227,0.0560488459006911
2018-12-07,26.1742572784424,2018-03-29,23.5038013458252,0.113618043878316,2018-09-07,25.5041980743408,0.0262725062810618,2018-11-07,25.4420547485352,0.0287792215347458
2018-12-10,26.0740585327148,2018-04-04,23.5718669891357,0.106151606265739,2018-09-11,25.6491012573242,0.0165681156281949,2018-11-09,25.5268325805664,0.0214372837061281
2018-12-11,26.1203079223633,2018-04-05,23.5945568084717,0.107048042241028,2018-09-12,25.6719875335693,0.017463407856821,2018-11-09,25.5268325805664,0.0232490787849915
2018-12-12,25.6270313262939,2018-04-06,23.3525562286377,0.0973972645815544,2018-09-13,25.8321533203125,-0.00794056892877226,2018-11-12,25.58078956604,0.0018076752531242
2018-12-13,25.8042984008789,2018-04-06,23.3525562286377,0.104988171240739,2018-09-14,25.6109733581543,0.00754852383082327,2018-11-13,25.6347408294678,0.00661436651687231
2018-12-14,25.758056640625,2018-04-06,23.3525562286377,0.103008012846037,2018-09-14,25.6109733581543,0.00574297901191922,2018-11-14,25.6270313262939,0.00511277770190333
2018-12-17,24.7946338653564,2018-04-11,23.2466831207275,0.0665880261966791,2018-09-18,25.6033477783203,-0.0315862566085459,2018-11-16,25.7888889312744,-0.0385536216223811
2018-12-18,25.0412712097168,2018-04-12,22.9744338989258,0.0899624913451147,2018-09-19,25.3592872619629,-0.012540417597741,2018-11-16,25.7888889312744,-0.0289899159110716
2018-12-19,24.8100471496582,2018-04-13,23.09543800354,0.0742401657788587,2018-09-20,25.5499610900879,-0.0289594938254812,2018-11-19,25.8582515716553,-0.0405365544183225
2018-12-20,24.5094604492188,2018-04-13,23.09543800354,0.0612251841884086,2018-09-21,25.5499610900879,-0.0407241575515668,2018-11-20,25.5191287994385,-0.0395651575002806
2018-12-21,24.1343841552734,2018-04-13,23.09543800354,0.0449849079101317,2018-09-21,25.5499610900879,-0.0554042696903998,2018-11-21,25.503719329834,-0.053691587366189
2018-12-24,23.2454242706299,2018-04-18,23.4508686065674,-0.00876062799140687,2018-09-25,25.0258617401123,-0.0711439025745385,2018-11-23,25.4112243652344,-0.0852300567448283
2018-12-26,23.9862270355225,2018-04-20,22.8534469604492,0.049567143067462,2018-09-27,24.8254623413086,-0.0338054250208136,2018-11-26,25.465181350708,-0.0580775096323604
2018-12-27,24.0408134460449,2018-04-20,22.8534469604492,0.0519556847442133,2018-09-28,25.1337642669678,-0.0434853613375882,2018-11-27,25.603910446167,-0.0610491511993269
2018-12-28,24.1265888214111,2018-04-20,22.8534469604492,0.0557089643048265,2018-09-28,25.1337642669678,-0.0400726065088598,2018-11-28,25.8120136260986,-0.0652961380348632
2018-12-31,24.1733722686768,2018-04-25,22.8458786010742,0.0581064834836391,2018-10-02,24.8639984130859,-0.027776149794383,2018-11-30,26.0894718170166,-0.0734434012991433
2019-01-02,23.6197280883789,2018-04-27,23.4508686065674,0.00720056406628067,2018-10-04,24.4632167816162,-0.0344798764924154,2018-12-03,26.2127914428711,-0.0989235869878105
2019-01-03,23.7288932800293,2018-04-27,23.4508686065674,0.011855623692508,2018-10-05,24.4709243774414,-0.0303229696584798,2018-12-04,25.8659610748291,-0.0826208540489703
2019-01-04,23.970630645752,2018-04-27,23.4508686065674,0.0221638715351899,2018-10-05,24.4709243774414,-0.0204444149298522,2018-12-04,25.8659610748291,-0.0732750823986023
2019-01-07,24.1733722686768,2018-05-02,23.4206142425537,0.032140831932381,2018-10-09,24.871711730957,-0.028077659866533,2018-12-07,26.1742572784424,-0.0764447674094496
2019-01-08,24.5944576263428,2018-05-03,23.4130592346191,0.050458950275784,2018-10-10,24.4786319732666,0.00473170450058924,2018-12-07,26.1742572784424,-0.0603570002118364
2019-01-09,24.493091583252,2018-05-04,23.677734375,0.0344356092242022,2018-10-11,23.7618408203125,0.0307741630149445,2018-12-10,26.0740585327148,-0.0606337117591134
2019-01-10,24.8829765319824,2018-05-04,23.677734375,0.0509019206776378,2018-10-12,23.7464294433594,0.0478618097652945,2018-12-11,26.1203079223633,-0.0473704748833186
2019-01-11,24.9297695159912,2018-05-04,23.677734375,0.0528781648261569,2018-10-12,23.7464294433594,0.0498323369184566,2018-12-12,25.6270313262939,-0.0272080601699397
2019-01-14,24.8517875671387,2018-05-09,23.7382354736328,0.0469096405561711,2018-10-16,24.3398971557617,0.0210309192393519,2018-12-14,25.758056640625,-0.0351839071607981
2019-01-15,25.1325092315674,2018-05-10,23.9575481414795,0.0490434615073818,2018-10-17,24.2705326080322,0.0355153567272721,2018-12-14,25.758056640625,-0.0242855048338941
2019-01-16,25.2494773864746,2018-05-11,23.8441104888916,0.0589397913685115,2018-10-18,24.2782382965088,0.0400045126052446,2018-12-17,24.7946338653564,0.0183444338637193
2019-01-17,25.3742446899414,2018-05-11,23.8441104888916,0.0641724169900428,2018-10-19,24.5248775482178,0.0346328800237112,2018-12-18,25.0412712097168,0.0132969878979388
2019-01-18,25.4678153991699,2018-05-11,23.8441104888916,0.0680966862250854,2018-10-19,24.5248775482178,0.0384482185119277,2018-12-19,24.8100471496582,0.0265121724897963
2019-01-22,25.4210319519043,2018-05-17,23.09543800354,0.100694948846945,2018-10-24,24.6173629760742,0.0326464283201726,2018-12-21,24.1343841552734,0.0533118138980861
2019-01-23,25.4366302490234,2018-05-18,23.1105613708496,0.100649605210707,2018-10-25,24.9102458953857,0.021131238762087,2018-12-24,23.2454242706299,0.0942639700993586
2019-01-24,25.5380001068115,2018-05-18,23.1105613708496,0.105035905316595,2018-10-26,24.262825012207,0.0525567444830901,2018-12-24,23.2454242706299,0.09862482222268
2019-01-25,25.8343238830566,2018-05-18,23.1105613708496,0.117857912168358,2018-10-26,24.262825012207,0.0647698225601909,2018-12-26,23.9862270355225,0.0770482512650796
2019-01-28,26.091646194458,2018-05-23,23.564302444458,0.107253068744855,2018-10-30,25.0721054077148,0.0406643466978025,2018-12-28,24.1265888214111,0.0814477913803955
2019-01-29,26.2943897247314,2018-05-24,23.4735546112061,0.120170769201642,2018-10-31,24.7329750061035,0.0631308897632656,2018-12-28,24.1265888214111,0.0898511148578327
2019-01-30,26.512731552124,2018-05-25,23.5869960784912,0.124040189937572,2018-11-01,24.8254623413086,0.0679652683852687,2018-12-31,24.1733722686768,0.0967742215461822
2019-01-31,26.7700653076172,2018-05-25,23.5869960784912,0.134950174177906,2018-11-02,24.6173629760742,0.0874465040644359,2018-12-31,24.1733722686768,0.107419561080651
2019-02-01,26.6063079833984,2018-05-25,23.5869960784912,0.128007478987988,2018-11-02,24.6173629760742,0.0807943974038685,2019-01-02,23.6197280883789,0.126444296219014
2019-02-04,26.762264251709,2018-05-30,23.9575481414795,0.117070248327018,2018-11-06,25.1645889282227,0.0634890292880763,2019-01-04,23.970630645752,0.116460582419084
2019-02-05,26.9416179656982,2018-05-31,23.8819255828857,0.128117490869544,2018-11-07,25.4420547485352,0.0589403344967416,2019-01-04,23.970630645752,0.123942810009998
2019-02-06,26.731071472168,2018-06-01,23.9802284240723,0.114712962672795,2018-11-08,25.4960060119629,0.0484415268660345,2019-01-07,24.1733722686768,0.105806470651404
2019-02-07,26.9572105407715,2018-06-01,23.9802284240723,0.124143192635764,2018-11-09,25.5268325805664,0.0560342908071574,2019-01-08,24.5944576263428,0.0960685106508712
2019-02-08,26.9572105407715,2018-06-01,23.9802284240723,0.124143192635764,2018-11-09,25.5268325805664,0.0560342908071574,2019-01-09,24.493091583252,0.100604652097265
2019-02-11,27.0351905822754,2018-06-06,24.1617298126221,0.118926119608879,2018-11-13,25.6347408294678,0.0546309308186086,2019-01-11,24.9297695159912,0.0844540927237076
2019-02-12,26.8480434417725,2018-06-07,24.1617298126221,0.111180517702299,2018-11-14,25.6270313262939,0.0476454763695446,2019-01-11,24.9297695159912,0.0769471183658867
2019-02-13,27.0273971557617,2018-06-08,24.2449169158936,0.114765509385769,2018-11-15,25.4266471862793,0.0629556055013898,2019-01-14,24.8517875671387,0.0875433842634257
2019-02-14,27.1287612915039,2018-06-08,24.2449169158936,0.118946350099466,2018-11-16,25.7888889312744,0.0519554124181216,2019-01-15,25.1325092315674,0.0794290789488361
2019-02-15,27.2925205230713,2018-06-08,24.2449169158936,0.125700723898126,2018-11-16,25.7888889312744,0.0583054041530813,2019-01-16,25.2494773864746,0.0809142741976543
2019-02-19,27.3237018585205,2018-06-14,24.0558547973633,0.135844146411933,2018-11-21,25.503719329834,0.0713614553684931,2019-01-18,25.4678153991699,0.0728718356978149
2019-02-20,27.1521625518799,2018-06-15,24.016960144043,0.130541183773191,2018-11-21,25.503719329834,0.0646354047708471,2019-01-18,25.4678153991699,0.066136302871304
2019-02-21,27.1989421844482,2018-06-15,24.016960144043,0.132488958690907,2018-11-23,25.4112243652344,0.0703515026871229,2019-01-22,25.4210319519043,0.0699385546545745
2019-02-22,27.3549022674561,2018-06-15,24.016960144043,0.138982706528786,2018-11-23,25.4112243652344,0.0764889512715046,2019-01-23,25.4366302490234,0.0754137635234233
2019-02-25,27.1287612915039,2018-06-20,24.2839069366455,0.11714977998723,2018-11-27,25.603910446167,0.0595553889529084,2019-01-25,25.8343238830566,0.0501053332886414
2019-02-26,27.0741806030273,2018-06-21,24.4288101196289,0.108288961699074,2018-11-28,25.8120136260986,0.0488984313743164,2019-01-25,25.8343238830566,0.0479926134542217
2019-02-27,26.9884014129639,2018-06-22,24.6423606872559,0.0952035706108829,2018-11-29,25.842830657959,0.0443283775746939,2019-01-28,26.091646194458,0.0343694380884383
2019-02-28,27.0663776397705,2018-06-22,24.6423606872559,0.0983678870412874,2018-11-30,26.0894718170166,0.0374444461584205,2019-01-29,26.2943897247314,0.0293594155681416
2019-03-01,27.0351905822754,2018-06-22,24.6423606872559,0.0971022997913109,2018-11-30,26.0894718170166,0.0362490575467287,2019-01-30,26.512731552124,0.019705967645175
2019-03-04,27.1443634033203,2018-06-27,24.6423606872559,0.101532590477762,2018-12-04,25.8659610748291,0.0494241186241968,2019-02-01,26.6063079833984,0.0202228516732799
2019-03-05,27.2223434448242,2018-06-28,24.8864192962646,0.0938634088235499,2018-12-04,25.8659610748291,0.0524388931875046,2019-02-01,26.6063079833984,0.0231537371442203
2019-03-06,27.1521625518799,2018-06-29,24.947437286377,0.0883748194331309,2018-12-06,26.5750350952148,0.0217169028976731,2019-02-04,26.762264251709,0.014568957861852
2019-03-07,27.1287612915039,2018-06-29,24.947437286377,0.0874367968175271,2018-12-07,26.1742572784424,0.0364672816847287,2019-02-05,26.9416179656982,0.00694625415756156
2019-03-08,27.1521625518799,2018-06-29,24.947437286377,0.0883748194331309,2018-12-07,26.1742572784424,0.0373613380137026,2019-02-06,26.731071472168,0.0157528694706588
2019-03-11,27.5732383728027,2018-07-03,24.947437286377,0.105253339502717,2018-12-11,26.1203079223633,0.0556245529247954,2019-02-08,26.9572105407715,0.0228520614586414
2019-03-12,27.7213935852051,2018-07-05,25.2753849029541,0.0967743396052141,2018-12-12,25.6270313262939,0.0817247316805778,2019-02-08,26.9572105407715,0.0283480014847162
2019-03-13,27.8539638519287,2018-07-06,25.3821716308594,0.0973830079245135,2018-12-13,25.8042984008789,0.0794311637234824,2019-02-11,27.0351905822754,0.0302854632062448
2019-03-14,27.9241409301758,2018-07-06,25.3821716308594,0.100147825658302,2018-12-14,25.758056640625,0.084093467134259,2019-02-12,26.8480434417725,0.0400810394521725
2019-03-15,27.8096446990967,2018-07-06,25.3821716308594,0.0956369338108962,2018-12-14,25.758056640625,0.079648402326904,2019-02-13,27.0273971557617,0.0289427627391119
2019-03-18,27.6684722900391,2018-07-11,25.1914939880371,0.0983259787283046,2018-12-18,25.0412712097168,0.104914844710552,2019-02-15,27.2925205230713,0.013774900953174
2019-03-19,27.5900554656982,2018-07-12,25.2525119781494,0.0925667707660713,2018-12-19,24.8100471496582,0.112051714342604,2019-02-15,27.2925205230713,0.0109017026249163
2019-03-20,27.7155265808105,2018-07-13,25.1686134338379,0.101194019037555,2018-12-20,24.5094604492188,0.130809331287992,2019-02-15,27.2925205230713,0.0154989736980018
2019-03-21,28.2096138000488,2018-07-13,25.1686134338379,0.120825105213085,2018-12-21,24.1343841552734,0.168855754452095,2019-02-19,27.3237018585205,0.0324228373635274
2019-03-22,28.076286315918,2018-07-13,25.1686134338379,0.115527734164762,2018-12-21,24.1343841552734,0.163331375488328,2019-02-20,27.1521625518799,0.0340349967437164
2019-03-25,28.0998191833496,2018-07-18,24.7720241546631,0.134336823180438,2018-12-24,23.2454242706299,0.208832278396104,2019-02-22,27.3549022674561,0.0272315692671943
2019-03-26,28.2723579406738,2018-07-19,25.008451461792,0.130512138421223,2018-12-26,23.9862270355225,0.178691333939423,2019-02-22,27.3549022674561,0.0335389855992747
2019-03-27,28.1782455444336,2018-07-20,24.7872734069824,0.136802950521212,2018-12-27,24.0408134460449,0.172100337106911,2019-02-25,27.1287612915039,0.038685299400617
2019-03-28,28.4135227203369,2018-07-20,24.7872734069824,0.146294804346371,2018-12-28,24.1265888214111,0.177685039963932,2019-02-26,27.0741806030273,0.0494693500404522
2019-03-29,28.4056777954102,2018-07-20,24.7872734069824,0.14597831431546,2018-12-28,24.1265888214111,0.177359883142765,2019-02-27,26.9884014129639,0.0525142768095002
2019-04-01,28.3194007873535,2018-07-25,24.8940486907959,0.137597228120795,2018-12-31,24.1733722686768,0.171512210733174,2019-03-01,27.0351905822754,0.0475014297076963
2019-04-02,28.5625343322754,2018-07-26,24.9779434204102,0.143510250284904,2019-01-02,23.6197280883789,0.209266009557849,2019-03-01,27.0351905822754,0.0564946544523841
2019-04-03,28.5311622619629,2018-07-27,24.7491359710693,0.152814477859533,2019-01-03,23.7288932800293,0.202380655737336,2019-03-04,27.1443634033203,0.0510897543639923
2019-04-04,28.4448909759521,2018-07-27,24.7491359710693,0.149328647642608,2019-01-04,23.970630645752,0.186655928929142,2019-03-05,27.2223434448242,0.0449097093204285
2019-04-05,28.6644840240479,2018-07-27,24.7491359710693,0.158201403780535,2019-01-04,23.970630645752,0.195816849696765,2019-03-06,27.1521625518799,0.0556980118721064
2019-04-08,28.5233173370361,2018-08-01,25.3745384216309,0.124092066743609,2019-01-08,24.5944576263428,0.159745735010038,2019-03-08,27.1521625518799,0.0504989163399554
2019-04-09,28.437047958374,2018-08-02,25.2525119781494,0.12610769110733,2019-01-09,24.493091583252,0.161023215943017,2019-03-08,27.1521625518799,0.0473216600717934
2019-04-10,28.6644840240479,2018-08-03,25.5804672241211,0.120561394477529,2019-01-10,24.8829765319824,0.151971669756028,2019-03-11,27.5732383728027,0.0395762600130962
2019-04-11,28.6252670288086,2018-08-03,25.5804672241211,0.119028310859639,2019-01-11,24.9297695159912,0.148236328877686,2019-03-12,27.7213935852051,0.0326056278817786
2019-04-12,28.7821178436279,2018-08-03,25.5804672241211,0.125159974266922,2019-01-11,24.9297695159912,0.154528036256638,2019-03-13,27.8539638519287,0.0333221510817374
2019-04-15,28.609582901001,2018-08-08,25.3135280609131,0.130209223785655,2019-01-15,25.1325092315674,0.138349642584285,2019-03-15,27.8096446990967,0.0287647760537653
2019-04-16,27.9351234436035,2018-08-09,25.3592872619629,0.101573682061017,2019-01-16,25.2494773864746,0.106364421568881,2019-03-15,27.8096446990967,0.00451205852733949
2019-04-17,27.6449451446533,2018-08-10,25.1152286529541,0.100724406162301,2019-01-17,25.3742446899414,0.0894883959092601,2019-03-18,27.6684722900391,-0.000850323253814511
2019-04-18,27.8645420074463,2018-08-10,25.1152286529541,0.109467980263393,2019-01-18,25.4678153991699,0.0941080564120347,2019-03-19,27.5900554656982,0.0099487491820851
2019-04-22,27.5586814880371,2018-08-15,25.4279327392578,0.0837955948141105,2019-01-22,25.4210319519043,0.0840898017113221,2019-03-22,28.076286315918,-0.0184356585503048
2019-04-23,27.872386932373,2018-08-16,25.6262226104736,0.0876510110772777,2019-01-23,25.4366302490234,0.0957578366121479,2019-03-22,28.076286315918,-0.00726233452852776
2019-04-24,28.0684471130371,2018-08-17,25.870288848877,0.0849684468929142,2019-01-24,25.5380001068115,0.0990855586045152,2019-03-25,28.0998191833496,-0.00111645096745283
2019-04-25,28.0370693206787,2018-08-17,25.870288848877,0.0837555577542697,2019-01-25,25.8343238830566,0.0852642959650565,2019-03-26,28.2723579406738,-0.00832221424505319
2019-04-26,28.225305557251,2018-08-17,25.870288848877,0.0910317129480465,2019-01-25,25.8343238830566,0.0925505805771234,2019-03-27,28.1782455444336,0.00167008314066841
2019-04-29,27.9351234436035,2018-08-22,25.5041980743408,0.0953147149413176,2019-01-29,26.2943897247314,0.0623986232823219,2019-03-29,28.4056777954102,-0.0165655033897016
2019-04-30,28.2566699981689,2018-08-23,25.4431858062744,0.110579084447857,2019-01-30,26.512731552124,0.065777396139524,2019-03-29,28.4056777954102,-0.00524570469025354
2019-05-01,28.2566699981689,2018-08-24,25.6186046600342,0.102974591049849,2019-01-31,26.7700653076172,0.0555323520308617,2019-04-01,28.3194007873535,-0.0022151171084307
2019-05-02,28.3115673065186,2018-08-24,25.6186046600342,0.105117459839079,2019-02-01,26.6063079833984,0.064092294360576,2019-04-02,28.5625343322754,-0.00878658114988229
2019-05-03,28.5076293945312,2018-08-24,25.6186046600342,0.112770573293714,2019-02-01,26.6063079833984,0.0714613020460855,2019-04-03,28.5311622619629,-0.000824812785948592
2019-05-06,28.3899955749512,2018-08-29,25.8550338745117,0.0980451896811652,2019-02-05,26.9416179656982,0.0537598599719211,2019-04-05,28.6644840240479,-0.0095759075539753
2019-05-07,27.9037609100342,2018-08-30,25.7177486419678,0.085000141283718,2019-02-06,26.731071472168,0.0438699002053546,2019-04-05,28.6644840240479,-0.0265388734496483
2019-05-08,27.9037609100342,2018-08-31,25.8168926239014,0.0808334417520404,2019-02-07,26.9572105407715,0.0351130680910432,2019-04-08,28.5233173370361,-0.0217210508750147
2019-05-09,27.9978675842285,2018-08-31,25.8168926239014,0.0844786005852616,2019-02-08,26.9572105407715,0.0386040329314894,2019-04-09,28.437047958374,-0.0154439509610271
2019-05-10,28.3194007873535,2018-08-31,25.8168926239014,0.0969329733019582,2019-02-08,26.9572105407715,0.0505315727872433,2019-04-10,28.6644840240479,-0.0120387039377658
2019-05-13,28.3194007873535,2018-09-05,25.7482566833496,0.0998570169477364,2019-02-12,26.8480434417725,0.0548031497629282,2019-04-12,28.7821178436279,-0.016076546513649
2019-05-14,28.4213695526123,2018-09-06,25.8321533203125,0.100232303524764,2019-02-13,27.0273971557617,0.0515762723586359,2019-04-12,28.7821178436279,-0.0125337646442683
2019-05-15,28.609582901001,2018-09-07,25.5041980743408,0.121759751771392,2019-02-14,27.1287612915039,0.0545849327061179,2019-04-15,28.609582901001,0
2019-05-16,28.7742748260498,2018-09-07,25.5041980743408,0.128217195544718,2019-02-15,27.2925205230713,0.0542915888521889,2019-04-16,27.9351234436035,0.0300392938710436
2019-05-17,28.7350673675537,2018-09-07,25.5041980743408,0.12667990123804,2019-02-15,27.2925205230713,0.0528550246307589,2019-04-17,27.6449451446533,0.0394329674809004
2019-05-20,28.2723579406738,2018-09-12,25.6719875335693,0.101292134226233,2019-02-19,27.3237018585205,0.0347191638623994,2019-04-18,27.8645420074463,0.0146356589359538
2019-05-21,28.5076293945312,2018-09-13,25.8321533203125,0.103571546709385,2019-02-20,27.1521625518799,0.0499211375912127,2019-04-18,27.8645420074463,0.0230790582135929
2019-05-22,28.6409511566162,2018-09-14,25.6109733581543,0.118307795494122,2019-02-21,27.1989421844482,0.0530170975911144,2019-04-22,27.5586814880371,0.0392714603943916
2019-05-23,28.7821178436279,2018-09-14,25.6109733581543,0.123819756521045,2019-02-22,27.3549022674561,0.0521740330935061,2019-04-23,27.872386932373,0.0326391461722373
2019-05-24,28.8213310241699,2018-09-14,25.6109733581543,0.125350865081177,2019-02-22,27.3549022674561,0.0536075304666128,2019-04-24,28.0684471130371,0.0268231408777551
2019-05-28,28.5233173370361,2018-09-20,25.5499610900879,0.11637419863241,2019-02-27,26.9884014129639,0.0568731693510001,2019-04-26,28.225305557251,0.0105583189943039
2019-05-29,28.1939296722412,2018-09-21,25.5499610900879,0.103482293880246,2019-02-28,27.0663776397705,0.0416587711690652,2019-04-29,27.9351234436035,0.00926454573076008
2019-05-30,28.3664627075195,2018-09-21,25.5499610900879,0.110235064840247,2019-03-01,27.0351905822754,0.0492421949530084,2019-04-30,28.2566699981689,0.0038855501854147
2019-05-31,28.6017436981201,2018-09-21,25.5499610900879,0.11944372820263,2019-03-01,27.0351905822754,0.0579449629207267,2019-05-01,28.2566699981689,0.01221211487318
2019-06-03,28.7115325927734,2018-09-26,24.7483940124512,0.160137202370723,2019-03-05,27.2223434448242,0.054704663871705,2019-05-03,28.5076293945312,0.00715258345126757
2019-06-04,28.5546817779541,2018-09-27,24.8254623413086,0.150217522049538,2019-03-06,27.1521625518799,0.0516540523575024,2019-05-03,28.5076293945312,0.00165051898113555
2019-06-05,29.2056121826172,2018-09-28,25.1337642669678,0.162007086260488,2019-03-07,27.1287612915039,0.0765553159171961,2019-05-06,28.3899955749512,0.0287290149627797
2019-06-06,29.2605133056641,2018-09-28,25.1337642669678,0.164191443623902,2019-03-08,27.1521625518799,0.0776494597716015,2019-05-07,27.9037609100342,0.0486225638186999
2019-06-07,29.354621887207,2018-09-28,25.1337642669678,0.167935752695292,2019-03-08,27.1521625518799,0.0811154297974936,2019-05-08,27.9037609100342,0.0519951766305138
2019-06-10,29.2526760101318,2018-10-03,24.5788269042969,0.190157533719312,2019-03-12,27.7213935852051,0.0552382916905017,2019-05-10,28.3194007873535,0.032955330862618
2019-06-11,29.3075637817383,2018-10-04,24.4632167816162,0.19802575611244,2019-03-13,27.8539638519287,0.0521864657230435,2019-05-10,28.3194007873535,0.0348934994001018
2019-06-12,29.417366027832,2018-10-05,24.4709243774414,0.202135463871178,2019-03-14,27.9241409301758,0.0534743432712954,2019-05-13,28.3194007873535,0.0387707793933558
2019-06-13,29.4565773010254,2018-10-05,24.4709243774414,0.203737825620516,2019-03-15,27.8096446990967,0.0592216340679177,2019-05-14,28.4213695526123,0.0364235701765447
2019-06-14,29.5820560455322,2018-10-05,24.4709243774414,0.208865492339249,2019-03-15,27.8096446990967,0.063733692595257,2019-05-15,28.609582901001,0.0339911682004013
2019-06-17,29.9036121368408,2018-10-10,24.4786319732666,0.221621051760527,2019-03-19,27.5900554656982,0.0838547307024788,2019-05-17,28.7350673675537,0.0406661572892839
2019-06-18,29.8173389434814,2018-10-11,23.7618408203125,0.254841288137596,2019-03-20,27.7155265808105,0.075835194995939,2019-05-17,28.7350673675537,0.0376637911470423
2019-06-19,30.0134086608887,2018-10-12,23.7464294433594,0.263912485558196,2019-03-21,28.2096138000488,0.0639425577969708,2019-05-20,28.2723579406738,0.0615813765469519
2019-06-20,30.1937770843506,2018-10-12,23.7464294433594,0.271508087410345,2019-03-22,28.076286315918,0.0754191898674326,2019-05-21,28.5076293945312,0.0591472432338689
2019-06-21,29.856237411499,2018-10-12,23.7464294433594,0.257293753686757,2019-03-22,28.076286315918,0.0633969562624066,2019-05-22,28.6409511566162,0.0424317700986014
2019-06-24,29.7060432434082,2018-10-17,24.2705326080322,0.223955144419745,2019-03-26,28.2723579406738,0.0507097888949621,2019-05-24,28.8213310241699,0.0306964386376312
2019-06-25,29.3029136657715,2018-10-18,24.2782382965088,0.206962107707183,2019-03-27,28.1782455444336,0.03991263826431,2019-05-24,28.8213310241699,0.0167092436222915
2019-06-26,28.7337741851807,2018-10-19,24.5248775482178,0.17161743738324,2019-03-28,28.4135227203369,0.0112710932747007,2019-05-24,28.8213310241699,-0.00303791795444242
2019-06-27,28.970911026001,2018-10-19,24.5248775482178,0.181286673869909,2019-03-29,28.4056777954102,0.0198986003665136,2019-05-28,28.5233173370361,0.0156922031079345
2019-06-28,29.065767288208,2018-10-19,24.5248775482178,0.185154430682172,2019-03-29,28.4056777954102,0.0232379419900519,2019-05-29,28.1939296722412,0.0309228839719062
2019-07-01,29.0104312896729,2018-10-24,24.6173629760742,0.178454057726178,2019-04-02,28.5625343322754,0.0156812750642839,2019-05-31,28.6017436981201,0.014288904755817
2019-07-02,29.547966003418,2018-10-25,24.9102458953857,0.186177211076479,2019-04-03,28.5311622619629,0.035638356829601,2019-05-31,28.6017436981201,0.0330826789892547
2019-07-03,29.9748191833496,2018-10-26,24.262825012207,0.235421644770087,2019-04-04,28.4448909759521,0.0537856941934103,2019-06-03,28.7115325927734,0.0439992740371558
2019-07-05,29.8088150024414,2018-10-26,24.262825012207,0.22857972999616,2019-04-05,28.6644840240479,0.0399215620777797,2019-06-05,29.2056121826172,0.0206536612227988
2019-07-08,29.9194755554199,2018-10-31,24.7329750061035,0.209699825760407,2019-04-09,28.437047958374,0.0521301507531957,2019-06-07,29.354621887207,0.0192424099476838
2019-07-09,30.0775756835938,2018-11-01,24.8254623413086,0.211561552009681,2019-04-10,28.6644840240479,0.0492976485591157,2019-06-07,29.354621887207,0.0246282782712928
2019-07-10,30.2435703277588,2018-11-02,24.6173629760742,0.228546305189257,2019-04-11,28.6252670288086,0.056534085684564,2019-06-10,29.2526760101318,0.0338736297931768
2019-07-11,29.856237411499,2018-11-02,24.6173629760742,0.212812170032854,2019-04-12,28.7821178436279,0.0373189899960364,2019-06-11,29.3075637817383,0.0187212295722317
2019-07-12,29.7376670837402,2018-11-02,24.6173629760742,0.207995637576717,2019-04-12,28.7821178436279,0.0331994068436439,2019-06-12,29.417366027832,0.0108881623053936
2019-07-15,29.7772006988525,2018-11-07,25.4420547485352,0.170392918070699,2019-04-16,27.9351234436035,0.0659412606129297,2019-06-14,29.5820560455322,0.0065967238051321
2019-07-16,29.7297687530518,2018-11-08,25.4960060119629,0.166055920252857,2019-04-17,27.6449451446533,0.0754142790839163,2019-06-14,29.5820560455322,0.00499332119755902
2019-07-17,29.5795803070068,2018-11-09,25.5268325805664,0.158764222456874,2019-04-18,27.8645420074463,0.0615491293236485,2019-06-17,29.9036121368408,-0.0108358758918886
2019-07-18,29.5716724395752,2018-11-09,25.5268325805664,0.158454435983888,2019-04-18,27.8645420074463,0.0612653325388484,2019-06-18,29.8173389434814,-0.00823904857411684
2019-07-19,29.0894794464111,2018-11-09,25.5268325805664,0.139564783629167,2019-04-18,27.8645420074463,0.0439604368389583,2019-06-19,30.0134086608887,-0.0307838814616728
2019-07-22,29.0578594207764,2018-11-14,25.6270313262939,0.133875361948862,2019-04-23,27.872386932373,0.0425321480818861,2019-06-21,29.856237411499,-0.026740743641567
2019-07-23,29.3424320220947,2018-11-15,25.4266471862793,0.154003192285944,2019-04-24,28.0684471130371,0.0453885070280886,2019-06-21,29.856237411499,-0.0172093148350437
2019-07-24,29.3187217712402,2018-11-16,25.7888889312744,0.136874172802581,2019-04-25,28.0370693206787,0.045712782456055,2019-06-24,29.7060432434082,-0.0130384739897635
2019-07-25,29.1922359466553,2018-11-16,25.7888889312744,0.131969509211915,2019-04-26,28.225305557251,0.0342575703013392,2019-06-25,29.3029136657715,-0.0037770209603929
2019-07-26,29.2870998382568,2018-11-16,25.7888889312744,0.135647988414891,2019-04-26,28.225305557251,0.0376185221042928,2019-06-26,28.7337741851807,0.0192569778515748
2019-07-29,29.3977603912354,2018-11-21,25.503719329834,0.152685222537176,2019-04-30,28.2566699981689,0.0403830456009271,2019-06-28,29.065767288208,0.0114221344902199
2019-07-30,29.690242767334,2018-11-21,25.503719329834,0.164153446928921,2019-05-01,28.2566699981689,0.0507339601325256,2019-06-28,29.065767288208,0.0214849129195129
2019-07-31,29.5716724395752,2018-11-23,25.4112243652344,0.163724817605909,2019-05-02,28.3115673065186,0.0445084908021502,2019-07-01,29.0104312896729,0.0193461842844831
2019-08-01,29.6428127288818,2018-11-23,25.4112243652344,0.166524379259615,2019-05-03,28.5076293945312,0.0398203343617325,2019-07-02,29.547966003418,0.00320992400806541
2019-08-02,29.8720512390137,2018-11-23,25.4112243652344,0.175545530969466,2019-05-03,28.5076293945312,0.0478616382161949,2019-07-03,29.9748191833496,-0.00342847587194195
2019-08-05,29.3029136657715,2018-11-28,25.8120136260986,0.135243227833383,2019-05-07,27.9037609100342,0.0501420851564913,2019-07-05,29.8088150024414,-0.0169715346493474
2019-08-06,29.666524887085,2018-11-29,25.842830657959,0.147959574542519,2019-05-08,27.9037609100342,0.0631729888574588,2019-07-05,29.8088150024414,-0.00477342408092341
2019-08-07,29.9431972503662,2018-11-30,26.0894718170166,0.147711899281765,2019-05-09,27.9978675842285,0.0694813510452317,2019-07-08,29.9194755554199,0.00079285129521578
2019-08-08,30.4174880981445,2018-11-30,26.0894718170166,0.165891295595529,2019-05-10,28.3194007873535,0.0740865714831067,2019-07-09,30.0775756835938,0.0113011905655744
2019-08-09,30.4095859527588,2018-11-30,26.0894718170166,0.165588409226608,2019-05-10,28.3194007873535,0.0738075350216687,2019-07-10,30.2435703277588,0.00548928658887959
2019-08-12,30.3858661651611,2018-12-04,25.8659610748291,0.174743365508675,2019-05-14,28.4213695526123,0.0691204063517152,2019-07-12,29.7376670837402,0.0217972405029485
2019-08-13,30.4016704559326,2018-12-06,26.5750350952148,0.143993614571249,2019-05-15,28.609582901001,0.0626394156507937,2019-07-12,29.7376670837402,0.022328697483988
2019-08-14,29.9273872375488,2018-12-07,26.1742572784424,0.143390122561284,2019-05-16,28.7742748260498,0.0400744212832462,2019-07-15,29.7772006988525,0.00504367553603102
2019-08-15,30.3463344573975,2018-12-07,26.1742572784424,0.159396201182422,2019-05-17,28.7350673675537,0.056073196879403,2019-07-16,29.7297687530518,0.020739001015015
2019-08-16,30.5597667694092,2018-12-07,26.1742572784424,0.167550484596894,2019-05-17,28.7350673675537,0.0635007873312257,2019-07-17,29.5795803070068,0.033137267406399
2019-08-19,30.8364295959473,2018-12-12,25.6270313262939,0.2032774769471,2019-05-21,28.5076293945312,0.0816904194027006,2019-07-19,29.0894794464111,0.060054362703684
2019-08-20,30.6071872711182,2018-12-13,25.8042984008789,0.18612747363345,2019-05-22,28.6409511566162,0.0686512156579597,2019-07-19,29.0894794464111,0.0521737705036271
2019-08-21,30.7336750030518,2018-12-14,25.758056640625,0.193167459480593,2019-05-23,28.7821178436279,0.06780450174051,2019-07-22,29.0578594207764,0.0576716804224466
2019-08-22,30.8838691711426,2018-12-14,25.758056640625,0.198998418321406,2019-05-24,28.8213310241699,0.0715629040602943,2019-07-23,29.3424320220947,0.0525326989898842
2019-08-23,30.4965343475342,2018-12-14,25.758056640625,0.183960994147197,2019-05-24,28.8213310241699,0.0581237321052042,2019-07-24,29.3187217712402,0.0401727123536915
2019-08-26,30.7810974121094,2018-12-19,24.8100471496582,0.240670653563568,2019-05-28,28.5233173370361,0.0791555921912919,2019-07-26,29.2870998382568,0.0510121378389596
2019-08-27,30.6783351898193,2018-12-20,24.5094604492188,0.25169361656826,2019-05-29,28.1939296722412,0.0881184548042691,2019-07-26,29.2870998382568,0.0475033499133011
2019-08-28,30.7652854919434,2018-12-21,24.1343841552734,0.274749141888547,2019-05-30,28.3664627075195,0.0845654535483529,2019-07-29,29.3977603912354,0.0465180028175114
2019-08-29,30.9866237640381,2018-12-21,24.1343841552734,0.283920217921426,2019-05-31,28.6017436981201,0.0833823311994337,2019-07-30,29.690242767334,0.0436635364305751
2019-08-30,30.9945163726807,2018-12-21,24.1343841552734,0.284247245476461,2019-05-31,28.6017436981201,0.0836582797124292,2019-07-31,29.5716724395752,0.0481150985292704
2019-09-03,31.437198638916,2018-12-27,24.0408134460449,0.307659522814022,2019-06-05,29.2056121826172,0.076409507951593,2019-08-02,29.8720512390137,0.052395042689878
2019-09-04,31.6980438232422,2018-12-28,24.1265888214111,0.313822026722309,2019-06-06,29.2605133056641,0.0833044346185918,2019-08-05,29.3029136657715,0.0817369284430045
2019-09-05,31.4213848114014,2018-12-28,24.1265888214111,0.302355050852297,2019-06-07,29.354621887207,0.07040672954793,2019-08-06,29.666524887085,0.0591528644152173
2019-09-06,31.4609146118164,2018-12-28,24.1265888214111,0.303993483898413,2019-06-07,29.354621887207,0.0717533590690642,2019-08-07,29.9431972503662,0.050686549895123
2019-09-09,31.2237548828125,2019-01-02,23.6197280883789,0.321935407807461,2019-06-11,29.3075637817383,0.0653821353199002,2019-08-09,30.4095859527588,0.0267734303031459
2019-09-10,30.7652854919434,2019-01-03,23.7288932800293,0.296532675539319,2019-06-12,29.417366027832,0.0458205354903647,2019-08-09,30.4095859527588,0.0116969543662038
2019-09-11,30.6941432952881,2019-01-04,23.970630645752,0.280489602000841,2019-06-13,29.4565773010254,0.0420132312595469,2019-08-12,30.3858661651611,0.0101454119639484
2019-09-12,30.875955581665,2019-01-04,23.970630645752,0.288074395620327,2019-06-14,29.5820560455322,0.0437393375951036,2019-08-13,30.4016704559326,0.0156006271569815
2019-09-13,30.5044384002686,2019-01-04,23.970630645752,0.272575546762868,2019-06-14,29.5820560455322,0.031180468095815,2019-08-14,29.9273872375488,0.0192817086950952
2019-09-16,30.8206214904785,2019-01-09,24.493091583252,0.258339372378505,2019-06-18,29.8173389434814,0.0336476219054553,2019-08-16,30.5597667694092,0.00853588716948117
2019-09-17,31.2553844451904,2019-01-10,24.8829765319824,0.25609508191343,2019-06-19,30.0134086608887,0.0413806974853947,2019-08-16,30.5597667694092,0.0227625322218616
2019-09-18,31.1605281829834,2019-01-11,24.9297695159912,0.249932461790129,2019-06-20,30.1937770843506,0.0320182233554966,2019-08-19,30.8364295959473,0.0105102500932446
2019-09-19,31.2632923126221,2019-01-11,24.9297695159912,0.254054606985765,2019-06-21,29.856237411499,0.0471276698979197,2019-08-20,30.6071872711182,0.0214363063058403
2019-09-20,31.1303958892822,2019-01-11,24.9297695159912,0.248723774574555,2019-06-21,29.856237411499,0.0426764585309891,2019-08-21,30.7336750030518,0.0129083452008609
2019-09-23,31.2418060302734,2019-01-16,25.2494773864746,0.23732485833583,2019-06-25,29.3029136657715,0.0661672210011921,2019-08-23,30.4965343475342,0.0244379139690514
2019-09-24,31.2020053863525,2019-01-17,25.3742446899414,0.229672282569314,2019-06-26,28.7337741851807,0.0858999999535339,2019-08-23,30.4965343475342,0.023132826529694
2019-09-25,31.1701812744141,2019-01-18,25.4678153991699,0.223904790649221,2019-06-27,28.970911026001,0.0759130510752415,2019-08-26,30.7810974121094,0.0126403505728039
2019-09-26,31.4725799560547,2019-01-18,25.4678153991699,0.235778548837781,2019-06-28,29.065767288208,0.0828057502828465,2019-08-27,30.6783351898193,0.0258894350466228
2019-09-27,31.2656726837158,2019-01-18,25.4678153991699,0.227654284188618,2019-06-28,29.065767288208,0.075687160558817,2019-08-28,30.7652854919434,0.016264669213081
2019-09-30,31.3054599761963,2019-01-23,25.4366302490234,0.23072355377726,2019-07-02,29.547966003418,0.0594793554512356,2019-08-30,30.9945163726807,0.0100322134333961
2019-10-01,31.0349006652832,2019-01-24,25.5380001068115,0.215243971159885,2019-07-03,29.9748191833496,0.0353657339999052,2019-08-30,30.9945163726807,0.00130294959653354
2019-10-02,30.8439273834229,2019-01-25,25.8343238830566,0.193912700136571,2019-07-03,29.9748191833496,0.0289946102679417,2019-08-30,30.9945163726807,-0.00485856876897572
2019-10-03,31.2099704742432,2019-01-25,25.8343238830566,0.208081566814765,2019-07-05,29.8088150024414,0.0470047357362915,2019-09-03,31.437198638916,-0.00722800295544035
2019-10-04,31.353214263916,2019-01-25,25.8343238830566,0.213626275099807,2019-07-05,29.8088150024414,0.0518101528473414,2019-09-04,31.6980438232422,-0.0108785753861987
2019-10-07,31.2975025177002,2019-01-30,26.512731552124,0.180470690323602,2019-07-09,30.0775756835938,0.0405593471674603,2019-09-06,31.4609146118164,-0.00519413043557337
2019-10-08,31.1463012695312,2019-01-31,26.7700653076172,0.163474982657918,2019-07-10,30.2435703277588,0.0298486895558061,2019-09-06,31.4609146118164,-0.0100001333771457
2019-10-09,31.2418060302734,2019-02-01,26.6063079833984,0.174225527636808,2019-07-11,29.856237411499,0.0464080118227077,2019-09-09,31.2237548828125,0.000578122251109425
2019-10-10,31.3213768005371,2019-02-01,26.6063079833984,0.177216200762644,2019-07-12,29.7376670837402,0.0532560174386647,2019-09-10,30.7652854919434,0.0180752851696884
2019-10-11,31.2179298400879,2019-02-01,26.6063079833984,0.173328139310684,2019-07-12,29.7376670837402,0.0497773666030792,2019-09-11,30.6941432952881,0.0170647064412515
2019-10-14,31.2656726837158,2019-02-06,26.731071472168,0.169637839480891,2019-07-16,29.7297687530518,0.0516621553104546,2019-09-13,30.5044384002686,0.0249548696310555
2019-10-15,31.2895469665527,2019-02-07,26.9572105407715,0.160711599563642,2019-07-17,29.5795803070068,0.0578090237183262,2019-09-13,30.5044384002686,0.025737519110572
2019-10-16,31.2497596740723,2019-02-08,26.9572105407715,0.159235657072474,2019-07-18,29.5716724395752,0.0567464433378249,2019-09-16,30.8206214904785,0.0139237355653687
2019-10-17,31.4566593170166,2019-02-08,26.9572105407715,0.166910770290565,2019-07-19,29.0894794464111,0.0813758071871415,2019-09-17,31.2553844451904,0.00643968632601943
2019-10-18,31.7590560913086,2019-02-08,26.9572105407715,0.178128428506153,2019-07-19,29.0894794464111,0.0917712071752739,2019-09-18,31.1605281829834,0.0192078871324157
2019-10-21,31.973913192749,2019-02-13,27.0273971557617,0.183018586972324,2019-07-23,29.3424320220947,0.0896817676419188,2019-09-20,31.1303958892822,0.0270962600818452
2019-10-22,31.8784160614014,2019-02-14,27.1287612915039,0.175078202755426,2019-07-24,29.3187217712402,0.0873057942339093,2019-09-20,31.1303958892822,0.0240286109685059
2019-10-23,31.9341239929199,2019-02-15,27.2925205230713,0.170068699441846,2019-07-25,29.1922359466553,0.0939252495518004,2019-09-23,31.2418060302734,0.0221599853086476
2019-10-24,31.8147563934326,2019-02-15,27.2925205230713,0.16569506163927,2019-07-26,29.2870998382568,0.0863061405579659,2019-09-24,31.2020053863525,0.0196381931062704
2019-10-25,31.4248294830322,2019-02-15,27.2925205230713,0.151408110382028,2019-07-26,29.2870998382568,0.0729921930331572,2019-09-25,31.1701812744141,0.0081696094859478
2019-10-28,31.0906066894531,2019-02-20,27.1521625518799,0.145050845583589,2019-07-30,29.690242767334,0.0471657956148428,2019-09-27,31.2656726837158,-0.00559930362073657
2019-10-29,31.1701812744141,2019-02-21,27.1989421844482,0.146007115388351,2019-07-31,29.5716724395752,0.0540554085368405,2019-09-27,31.2656726837158,-0.00305419334065671
2019-10-30,31.4009552001953,2019-02-22,27.3549022674561,0.147909610247551,2019-08-01,29.6428127288818,0.0593109192232781,2019-09-30,31.3054599761963,0.00305043350494238
2019-10-31,31.2975025177002,2019-02-22,27.3549022674561,0.144127740311272,2019-08-02,29.8720512390137,0.0477185603118158,2019-10-01,31.0349006652832,0.00846150130297496
2019-11-01,31.2179298400879,2019-02-22,27.3549022674561,0.141218840223299,2019-08-02,29.8720512390137,0.0450547767980682,2019-10-02,30.8439273834229,0.0121256431457573
2019-11-04,30.8678035736084,2019-02-27,26.9884014129639,0.143743310368174,2019-08-06,29.666524887085,0.0404927335134693,2019-10-04,31.353214263916,-0.0154820072424366
2019-11-05,30.3346366882324,2019-02-28,27.0663776397705,0.120749776418535,2019-08-07,29.9431972503662,0.0130727335024794,2019-10-04,31.353214263916,-0.0324871819236683
2019-11-06,30.4460334777832,2019-03-01,27.0351905822754,0.126163079380842,2019-08-08,30.4174880981445,0.000938452890868913,2019-10-07,31.2975025177002,-0.0272056544906562
2019-11-07,30.1197681427002,2019-03-01,27.0351905822754,0.114094907192816,2019-08-09,30.4095859527588,-0.00953047537407525,2019-10-08,31.1463012695312,-0.0329584279670234
2019-11-08,30.0640678405762,2019-03-01,27.0351905822754,0.11203461832766,2019-08-09,30.4095859527588,-0.011362144578995,2019-10-09,31.2418060302734,-0.0376975066216095
2019-11-11,30.1197681427002,2019-03-06,27.1521625518799,0.109295367731763,2019-08-13,30.4016704559326,-0.00927259288732307,2019-10-11,31.2179298400879,-0.0351772748229292
2019-11-12,29.9208316802979,2019-03-07,27.1287612915039,0.102919199251031,2019-08-14,29.9273872375488,-0.000219048766233465,2019-10-11,31.2179298400879,-0.041549781373536
2019-11-13,30.2232303619385,2019-03-08,27.1521625518799,0.113105827360553,2019-08-15,30.3463344573975,-0.00405663806387568,2019-10-14,31.2656726837158,-0.0333414327055332
2019-11-14,30.5256175994873,2019-03-08,27.1521625518799,0.124242591770056,2019-08-16,30.5597667694092,-0.00111745518804351,2019-10-15,31.2895469665527,-0.0244148426911401
2019-11-15,30.6768016815186,2019-03-08,27.1521625518799,0.129810622741526,2019-08-16,30.5597667694092,0.00382970567126617,2019-10-16,31.2497596740723,-0.0183347967641841
2019-11-18,30.8439273834229,2019-03-13,27.8539638519287,0.107344274135945,2019-08-20,30.6071872711182,0.00773478824459262,2019-10-18,31.7590560913086,-0.0288147325680812
2019-11-19,30.9075870513916,2019-03-14,27.9241409301758,0.106841106721095,2019-08-21,30.7336750030518,0.00565868052950291,2019-10-18,31.7590560913086,-0.0268102753894508
2019-11-20,30.9234962463379,2019-03-15,27.8096446990967,0.111970202457939,2019-08-22,30.8838691711426,0.00128309943860105,2019-10-21,31.973913192749,-0.0328523111975342
2019-11-21,30.5096874237061,2019-03-15,27.8096446990967,0.0970901553696253,2019-08-23,30.4965343475342,0.000431297406517706,2019-10-22,31.8784160614014,-0.0429359048159417
2019-11-22,30.3346366882324,2019-03-15,27.8096446990967,0.090795550121421,2019-08-23,30.4965343475342,-0.00530872319643905,2019-10-23,31.9341239929199,-0.0500870888157794
2019-11-25,30.3584995269775,2019-03-20,27.7155265808105,0.0953607335751259,2019-08-27,30.6783351898193,-0.0104254569507388,2019-10-25,31.4248294830322,-0.0339327205142179
2019-11-26,30.7802581787109,2019-03-21,28.2096138000488,0.0911265356868396,2019-08-28,30.7652854919434,0.000486674722114833,2019-10-25,31.4248294830322,-0.0205115290973759
2019-11-27,30.8757438659668,2019-03-22,28.076286315918,0.0997089685775738,2019-08-29,30.9866237640381,-0.0035783149179347,2019-10-28,31.0906066894531,-0.00691085978580186
2019-11-29,30.7563915252686,2019-03-22,28.076286315918,0.0954579668832871,2019-08-30,30.9945163726807,-0.0076828057114644,2019-10-30,31.4009552001953,-0.0205268811352194
2019-12-02,30.1913909912109,2019-03-27,28.1782455444336,0.0714432502052995,2019-09-03,31.437198638916,-0.0396284561488535,2019-11-01,31.2179298400879,-0.0328829891711379
2019-12-03,30.4380760192871,2019-03-28,28.4135227203369,0.0712531606473814,2019-09-04,31.6980438232422,-0.0397490712985645,2019-11-01,31.2179298400879,-0.0249809588526703
2019-12-04,30.5972385406494,2019-03-29,28.4056777954102,0.0771522074221853,2019-09-05,31.4213848114014,-0.0262288335061831,2019-11-04,30.8678035736084,-0.00876528296915557
2019-12-05,30.6449775695801,2019-03-29,28.4056777954102,0.0788328231524105,2019-09-06,31.4609146118164,-0.0259349434784031,2019-11-05,30.3346366882324,0.0102305784815298
2019-12-06,30.6529445648193,2019-03-29,28.4056777954102,0.079113295081179,2019-09-06,31.4609146118164,-0.0256817087794899,2019-11-06,30.4460334777832,0.00679599486045102
2019-12-09,30.692720413208,2019-04-03,28.5311622619629,0.0757613072821381,2019-09-10,30.7652854919434,-0.00235866749081048,2019-11-08,30.0640678405762,0.0209104295521638
2019-12-10,30.4778671264648,2019-04-04,28.4448909759521,0.0714706958177977,2019-09-11,30.6941432952881,-0.00704617055907364,2019-11-08,30.0640678405762,0.0137639153850693
2019-12-11,30.2470951080322,2019-04-05,28.6644840240479,0.0552115671315296,2019-09-12,30.875955581665,-0.0203673201941723,2019-11-11,30.1197681427002,0.004227355427465
2019-12-12,29.8810424804688,2019-04-05,28.6644840240479,0.042441317115643,2019-09-13,30.5044384002686,-0.0204362365771112,2019-11-12,29.9208316802979,-0.00132981597083415
2019-12-13,29.9128742218018,2019-04-05,28.6644840240479,0.0435518112486024,2019-09-13,30.5044384002686,-0.019392724780063,2019-11-13,30.2232303619385,-0.0102687944478485
2019-12-16,30.1436462402344,2019-04-10,28.6644840240479,0.0516026109155006,2019-09-17,31.2553844451904,-0.0355694938549103,2019-11-15,30.6768016815186,-0.0173797596900522
2019-12-17,29.8173789978027,2019-04-11,28.6252670288086,0.0416454444877101,2019-09-18,31.1605281829834,-0.0431041854391336,2019-11-15,30.6768016815186,-0.0280153939331163
2019-12-18,30.2391357421875,2019-04-12,28.7821178436279,0.0506223310763818,2019-09-19,31.2632923126221,-0.0327590760497443,2019-11-18,30.8439273834229,-0.0196081268677996
2019-12-19,30.5256175994873,2019-04-12,28.7821178436279,0.0605757979774713,2019-09-20,31.1303958892822,-0.0194272598378082,2019-11-19,30.9075870513916,-0.0123584364987528
2019-12-20,30.7613124847412,2019-04-12,28.7821178436279,0.0687647327367,2019-09-20,31.1303958892822,-0.0118560459640055,2019-11-20,30.9234962463379,-0.00524467739044499
2019-12-23,30.5762920379639,2019-04-17,27.6449451446533,0.106035547474309,2019-09-24,31.2020053863525,-0.0200536260615592,2019-11-22,30.3346366882324,0.0079663175865623
2019-12-24,30.6165218353271,2019-04-18,27.8645420074463,0.0987627870268042,2019-09-25,31.1701812744141,-0.0177624709401797,2019-11-22,30.3346366882324,0.00929251765866956
2019-12-26,30.8015327453613,2019-04-18,27.8645420074463,0.10540244074818,2019-09-27,31.2656726837158,-0.0148450328591917,2019-11-26,30.7802581787109,0.00069117570511823
2019-12-27,30.9141483306885,2019-04-18,27.8645420074463,0.10944397802868,2019-09-27,31.2656726837158,-0.0112431405709184,2019-11-27,30.8757438659668,0.00124383933512329
2019-12-30,30.8900184631348,2019-04-24,28.0684471130371,0.100524668811732,2019-10-01,31.0349006652832,-0.00466836365004075,2019-11-29,30.7563915252686,0.00434468841237212
2019-12-31,31.1072177886963,2019-04-25,28.0370693206787,0.109503187829735,2019-10-02,30.8439273834229,0.00853621531397275,2019-11-29,30.7563915252686,0.0114066132608406
2020-01-02,30.7452220916748,2019-04-26,28.225305557251,0.0892786272698638,2019-10-04,31.353214263916,-0.019391701505416,2019-12-03,30.4380760192871,0.0100908504267179
2020-01-03,30.9704570770264,2019-04-26,28.225305557251,0.0972585226476024,2019-10-04,31.353214263916,-0.0122079090095129,2019-12-04,30.5972385406494,0.0121977849694221
2020-01-06,30.9785041809082,2019-05-01,28.2566699981689,0.096325369653099,2019-10-08,31.1463012695312,-0.00538738411251394,2019-12-06,30.6529445648193,0.0106208268311851
2020-01-07,30.6406497955322,2019-05-02,28.3115673065186,0.0822661092477708,2019-10-09,31.2418060302734,-0.0192420449111902,2019-12-06,30.6529445648193,-0.000401095864089318
2020-01-08,30.7934913635254,2019-05-03,28.5076293945312,0.0801842179635128,2019-10-10,31.3213768005371,-0.0168538388453814,2019-12-09,30.692720413208,0.00328321989581659
2020-01-09,30.7854385375977,2019-05-03,28.5076293945312,0.0799017382870626,2019-10-11,31.2179298400879,-0.0138539392171629,2019-12-10,30.4778671264648,0.0100916317357962
2020-01-10,31.0830783843994,2019-05-03,28.5076293945312,0.0903424467262866,2019-10-11,31.2179298400879,-0.00431967963216173,2019-12-11,30.2470951080322,0.0276384648965906
2020-01-13,31.4611644744873,2019-05-08,27.9037609100342,0.127488318722437,2019-10-15,31.2895469665527,0.00548481919914101,2019-12-13,29.9128742218018,0.0517599960874735
2020-01-14,31.3083209991455,2019-05-09,27.9978675842285,0.118239483952049,2019-10-16,31.2497596740723,0.00187397681403056,2019-12-13,29.9128742218018,0.0466503742501176
2020-01-15,31.5255241394043,2019-05-10,28.3194007873535,0.113212965773009,2019-10-17,31.4566593170166,0.0021891969421699,2019-12-16,30.1436462402344,0.0458430903865059
2020-01-16,31.8070659637451,2019-05-10,28.3194007873535,0.123154624724584,2019-10-18,31.7590560913086,0.00151169078509406,2019-12-17,29.8173789978027,0.0667291033893023
2020-01-17,31.8472900390625,2019-05-10,28.3194007873535,0.124574996420278,2019-10-18,31.7590560913086,0.00277822953869356,2019-12-18,30.2391357421875,0.0531812255014754
2020-01-21,32.169059753418,2019-05-16,28.7742748260498,0.117979860409716,2019-10-23,31.9341239929199,0.0073568875899066,2019-12-20,30.7613124847412,0.0457635632216622
2020-01-22,31.9116363525391,2019-05-17,28.7350673675537,0.110546773541662,2019-10-24,31.8147563934326,0.00304512654154543,2019-12-23,30.5762920379639,0.0436725392639898
2020-01-23,32.2173233032227,2019-05-17,28.7350673675537,0.121184888524081,2019-10-25,31.4248294830322,0.0252187150488226,2019-12-24,30.6165218353271,0.0522855429661644
2020-01-24,32.169059753418,2019-05-17,28.7350673675537,0.119505283977227,2019-10-25,31.4248294830322,0.0236828737857619,2019-12-24,30.6165218353271,0.050709153915041
2020-01-27,32.032299041748,2019-05-22,28.6409511566162,0.118409052359576,2019-10-29,31.1701812744141,0.0276584136532325,2019-12-27,30.9141483306885,0.0361695460311153
2020-01-28,32.1127510070801,2019-05-23,28.7821178436279,0.115718835616869,2019-10-30,31.4009552001953,0.0226679667018646,2019-12-27,30.9141483306885,0.0387719779167179
2020-01-29,31.9438304901123,2019-05-24,28.8213310241699,0.108339877270894,2019-10-31,31.2975025177002,0.0206511037756634,2019-12-30,30.8900184631348,0.0341149691520966
2020-01-30,32.016227722168,2019-05-24,28.8213310241699,0.110851809561424,2019-11-01,31.2179298400879,0.0255717751359337,2019-12-31,31.1072177886963,0.0292218333264762
2020-01-31,31.5576934814453,2019-05-24,28.8213310241699,0.0949422653305168,2019-11-01,31.2179298400879,0.0108836057707171,2019-12-31,31.1072177886963,0.0144813880755583
2020-02-03,31.5898723602295,2019-05-29,28.1939296722412,0.120449427499701,2019-11-05,30.3346366882324,0.0413796177913019,2020-01-03,30.9704570770264,0.0200001983071345
2020-02-04,32.000129699707,2019-05-30,28.3664627075195,0.128097289734482,2019-11-06,30.4460334777832,0.0510442919619682,2020-01-03,30.9704570770264,0.0332469301347338
2020-02-05,31.9759960174561,2019-05-31,28.6017436981201,0.117973657653526,2019-11-07,30.1197681427002,0.0616282258867829,2020-01-06,30.9785041809082,0.0321994835748911
2020-02-06,32.1127510070801,2019-05-31,28.6017436981201,0.122755009135709,2019-11-08,30.0640678405762,0.0681439111090247,2020-01-07,30.6406497955322,0.0480440598150271
2020-02-07,32.128833770752,2019-05-31,28.6017436981201,0.123317309247256,2019-11-08,30.0640678405762,0.0686788607957125,2020-01-08,30.7934913635254,0.0433644367071759
2020-02-10,32.4988784790039,2019-06-05,29.2056121826172,0.112761419818717,2019-11-12,29.9208316802979,0.0861622706966276,2020-01-10,31.0830783843994,0.0455489021098723
2020-02-11,32.8930397033691,2019-06-06,29.2605133056641,0.124144315575008,2019-11-13,30.2232303619385,0.088336332994797,2020-01-10,31.0830783843994,0.0582297961799738
2020-02-12,33.1021957397461,2019-06-07,29.354621887207,0.127665546738733,2019-11-14,30.5256175994873,0.0844070765107816,2020-01-13,31.4611644744873,0.0521605380051824
2020-02-13,33.3033103942871,2019-06-07,29.354621887207,0.134516755904832,2019-11-15,30.6768016815186,0.0856187271423055,2020-01-14,31.3083209991455,0.0637207404126223
2020-02-14,33.6894340515137,2019-06-07,29.354621887207,0.147670516110302,2019-11-15,30.6768016815186,0.0982055561486417,2020-01-15,31.5255241394043,0.0686399345032511
2020-02-18,33.6572494506836,2019-06-13,29.4565773010254,0.142605575207544,2019-11-20,30.9234962463379,0.0884037555963435,2020-01-17,31.8472900390625,0.0568324466352106
2020-02-19,33.1826438903809,2019-06-14,29.5820560455322,0.121715266826169,2019-11-21,30.5096874237061,0.0876100901839434,2020-01-17,31.8472900390625,0.041929905171852
2020-02-20,33.5526733398438,2019-06-14,29.5820560455322,0.134223844623917,2019-11-22,30.3346366882324,0.106084562168489,2020-01-21,32.169059753418,0.0430106940343127
2020-02-21,33.7296485900879,2019-06-14,29.5820560455322,0.140206364904852,2019-11-22,30.3346366882324,0.111918660399598,2020-01-22,31.9116363525391,0.0569701978759287
2020-02-24,33.2791633605957,2019-06-19,30.0134086608887,0.108809856841177,2019-11-26,30.7802581787109,0.0811853223379759,2020-01-24,32.169059753418,0.0345084256638799
2020-02-25,32.4425621032715,2019-06-20,30.1937770843506,0.0744784268837451,2019-11-27,30.8757438659668,0.0507459267736616,2020-01-24,32.169059753418,0.0085020312048274
2020-02-26,32.161018371582,2019-06-21,29.856237411499,0.0771959617120184,2019-11-27,30.8757438659668,0.0416273211487528,2020-01-27,32.032299041748,0.00401842308184697
2020-02-27,30.3430080413818,2019-06-21,29.856237411499,0.0163038169603829,2019-11-29,30.7563915252686,-0.0134405716466151,2020-01-28,32.1127510070801,-0.0551102882872929
2020-02-28,29.5948886871338,2019-06-21,29.856237411499,-0.00875357201790528,2019-11-29,30.7563915252686,-0.0377646004792372,2020-01-29,31.9438304901123,-0.0735335044964501
2020-03-02,31.0669918060303,2019-06-26,28.7337741851807,0.0812012235431627,2019-12-03,30.4380760192871,0.0206621399573566,2020-01-31,31.5576934814453,-0.0155493517200028
2020-03-03,31.0428676605225,2019-06-27,28.970911026001,0.0715185184429283,2019-12-04,30.5972385406494,0.0145643574756271,2020-01-31,31.5576934814453,-0.0163137974968148
2020-03-04,32.2495002746582,2019-06-28,29.065767288208,0.109535487395918,2019-12-05,30.6449775695801,0.0523584232174756,2020-02-03,31.5898723602295,0.0208809933420042
2020-03-05,31.5094223022461,2019-06-28,29.065767288208,0.0840733014135662,2019-12-06,30.6529445648193,0.0279411244037464,2020-02-04,32.000129699707,-0.015334544017971
2020-03-06,30.9704570770264,2019-06-28,29.065767288208,0.0655303460573391,2019-12-06,30.6529445648193,0.0103583038013073,2020-02-05,31.9759960174561,-0.0314466808127181
2020-03-09,28.7824192047119,2019-07-03,29.9748191833496,-0.0397800557642743,2019-12-10,30.4778671264648,-0.0556288245078906,2020-02-07,32.128833770752,-0.104156116898535
2020-03-10,30.1821193695068,2019-07-03,29.9748191833496,0.00691581106425421,2019-12-11,30.2470951080322,-0.00214816458550204,2020-02-07,32.128833770752,-0.0605908827919325
2020-03-11,28.5652275085449,2019-07-05,29.8088150024414,-0.0417187833127427,2019-12-12,29.8810424804688,-0.0440351093099879,2020-02-10,32.4988784790039,-0.121039591350832
2020-03-12,26.1117134094238,2019-07-05,29.8088150024414,-0.124027123946885,2019-12-13,29.9128742218018,-0.127074408971622,2020-02-11,32.8930397033691,-0.206162955904945
2020-03-13,28.4043388366699,2019-07-05,29.8088150024414,-0.0471161354671917,2019-12-13,29.9128742218018,-0.050430974099853,2020-02-12,33.1021957397461,-0.141919797103834
2020-03-16,23.8593215942383,2019-07-10,30.2435703277588,-0.211094413269745,2019-12-17,29.8173789978027,-0.199818280607544,2020-02-14,33.6894340515137,-0.291786215293626
2020-03-17,25.3072929382324,2019-07-11,29.856237411499,-0.152361612435283,2019-12-18,30.2391357421875,-0.163094701052402,2020-02-14,33.6894340515137,-0.248806231071271
2020-03-18,23.529504776001,2019-07-12,29.7376670837402,-0.208764268234535,2019-12-19,30.5256175994873,-0.229188248220859,2020-02-14,33.6894340515137,-0.301576133929035
2020-03-19,23.1594715118408,2019-07-12,29.7376670837402,-0.221207519519788,2019-12-20,30.7613124847412,-0.247123427411337,2020-02-18,33.6572494506836,-0.311902431427877
2020-03-20,21.8482551574707,2019-07-12,29.7376670837402,-0.265300297567164,2019-12-20,30.7613124847412,-0.289748928355763,2020-02-19,33.1826438903809,-0.341575818079879
2020-03-23,20.6341915130615,2019-07-17,29.5795803070068,-0.302417705089153,2019-12-24,30.6165218353271,-0.326043904528287,2020-02-21,33.7296485900879,-0.388247658200469
2020-03-24,22.4334049224854,2019-07-18,29.5716724395752,-0.241388698311727,2019-12-24,30.6165218353271,-0.267277810224662,2020-02-21,33.7296485900879,-0.334905465659733
2020-03-25,23.4302635192871,2019-07-19,29.0894794464111,-0.194545108225449,2019-12-26,30.8015327453613,-0.239315013542121,2020-02-24,33.2791633605957,-0.295947939994496
2020-03-26,25.229471206665,2019-07-19,29.0894794464111,-0.132694304374096,2019-12-27,30.9141483306885,-0.183885936730797,2020-02-25,32.4425621032715,-0.222334194002485
2020-03-27,25.2943096160889,2019-07-19,29.0894794464111,-0.130465374511557,2019-12-27,30.9141483306885,-0.181788566661589,2020-02-26,32.161018371582,-0.213510302321791
2020-03-30,25.9507827758789,2019-07-24,29.3187217712402,-0.114873322979075,2019-12-31,31.1072177886963,-0.165763298017964,2020-02-28,29.5948886871338,-0.123132948725674
2020-03-31,25.1241149902344,2019-07-25,29.1922359466553,-0.139356264585379,2019-12-31,31.1072177886963,-0.192338088192383,2020-02-28,29.5948886871338,-0.151065737876658
2020-04-01,23.6004543304443,2019-07-26,29.2870998382568,-0.194168952856992,2020-01-02,30.7452220916748,-0.23238627907538,2020-03-02,31.0669918060303,-0.24033667379848
2020-04-02,23.9489517211914,2019-07-26,29.2870998382568,-0.18226960493003,2020-01-03,30.9704570770264,-0.226716232775378,2020-03-03,31.0428676605225,-0.228519994251448
2020-04-03,23.746337890625,2019-07-26,29.2870998382568,-0.189187798663291,2020-01-03,30.9704570770264,-0.233258397460338,2020-03-04,32.2495002746582,-0.263668035523485
2020-04-06,25.4645042419434,2019-07-31,29.5716724395752,-0.138888600434221,2020-01-07,30.6406497955322,-0.168930671775231,2020-03-06,30.9704570770264,-0.177780806443676
2020-04-07,25.4726142883301,2019-08-01,29.6428127288818,-0.140681603958879,2020-01-08,30.7934913635254,-0.172792263546245,2020-03-06,30.9704570770264,-0.177518942488406
2020-04-08,27.3852863311768,2019-08-02,29.8720512390137,-0.0832472095049547,2020-01-09,30.7854385375977,-0.110446768600303,2020-03-09,28.7824192047119,-0.0485411898005584
2020-04-09,28.7954730987549,2019-08-02,29.8720512390137,-0.0360396456086935,2020-01-10,31.0830783843994,-0.0735964841498028,2020-03-10,30.1821193695068,-0.0459426408654686
2020-04-13,27.4744338989258,2019-08-07,29.9431972503662,-0.0824482212369702,2020-01-14,31.3083209991455,-0.122455851283892,2020-03-13,28.4043388366699,-0.0327381300121526
2020-04-14,28.390251159668,2019-08-08,30.4174880981445,-0.0666470857795856,2020-01-15,31.5255241394043,-0.0994518906607962,2020-03-13,28.4043388366699,-0.000495969192698231
2020-04-15,27.2961406707764,2019-08-09,30.4095859527588,-0.102383678844531,2020-01-16,31.8070659637451,-0.141821483883816,2020-03-16,23.8593215942383,0.144045129823307
2020-04-16,27.1178321838379,2019-08-09,30.4095859527588,-0.108247240657424,2020-01-17,31.8472900390625,-0.148504247910063,2020-03-17,25.3072929382324,0.0715421933916225
2020-04-17,27.993127822876,2019-08-09,30.4095859527588,-0.079463697191957,2020-01-17,31.8472900390625,-0.121020099715209,2020-03-18,23.529504776001,0.189703229599107
2020-04-20,26.9557399749756,2019-08-14,29.9273872375488,-0.0992952454882138,2020-01-21,32.169059753418,-0.162060060766572,2020-03-20,21.8482551574707,0.233770833446096
2020-04-21,26.558614730835,2019-08-15,30.3463344573975,-0.124816383734253,2020-01-22,31.9116363525391,-0.167745131041461,2020-03-20,21.8482551574707,0.215594313569412
2020-04-22,27.0205783843994,2019-08-16,30.5597667694092,-0.115812022117674,2020-01-23,32.2173233032227,-0.161302814324846,2020-03-23,20.6341915130615,0.309505069161313
2020-04-23,26.712610244751,2019-08-16,30.5597667694092,-0.12588959050922,2020-01-24,32.169059753418,-0.169617935696341,2020-03-24,22.4334049224854,0.190751485877942
2020-04-24,26.8098621368408,2019-08-16,30.5597667694092,-0.122707239910027,2020-01-24,32.169059753418,-0.166594785724433,2020-03-25,23.4302635192871,0.144240742950745
2020-04-27,27.5878963470459,2019-08-21,30.7336750030518,-0.102356085163701,2020-01-28,32.1127510070801,-0.140905232910023,2020-03-27,25.2943096160889,0.0906759965292019
2020-04-28,27.6122093200684,2019-08-22,30.8838691711426,-0.105934260793049,2020-01-29,31.9438304901123,-0.135601181936672,2020-03-27,25.2943096160889,0.0916371997955285
2020-04-29,27.6851539611816,2019-08-23,30.4965343475342,-0.0921868811162097,2020-01-30,32.016227722168,-0.135277453626665,2020-03-30,25.9507827758789,0.0668330971085322
2020-04-30,27.4906482696533,2019-08-23,30.4965343475342,-0.0985648416185986,2020-01-31,31.5576934814453,-0.128876504050692,2020-03-31,25.1241149902344,0.0941936971845101
2020-05-01,26.6477699279785,2019-08-23,30.4965343475342,-0.126203337588976,2020-01-31,31.5576934814453,-0.155585627839171,2020-04-01,23.6004543304443,0.129121056521492
2020-05-04,26.6315612792969,2019-08-28,30.7652854919434,-0.134363265172007,2020-02-04,32.000129699707,-0.167767083158394,2020-04-03,23.746337890625,0.121501824911325
2020-05-05,26.8017559051514,2019-08-29,30.9866237640381,-0.135054012039334,2020-02-05,31.9759960174561,-0.161816385937752,2020-04-03,23.746337890625,0.128669019559965
2020-05-06,26.3073692321777,2019-08-30,30.9945163726807,-0.151225045235237,2020-02-06,32.1127510070801,-0.180781203504564,2020-04-06,25.4645042419434,0.0330996033626314
2020-05-07,26.542407989502,2019-08-30,30.9945163726807,-0.143641808429794,2020-02-07,32.128833770752,-0.173875772183661,2020-04-07,25.4726142883301,0.0419977976764634
2020-05-08,27.0286769866943,2019-08-30,30.9945163726807,-0.12795293652273,2020-02-07,32.128833770752,-0.15874080025589,2020-04-08,27.3852863311768,-0.0130219322949509
2020-05-11,26.7045040130615,2019-09-04,31.6980438232422,-0.157534636459781,2020-02-11,32.8930397033691,-0.188141191757165,2020-04-09,28.7954730987549,-0.0726145070970816
2020-05-12,25.5698661804199,2019-09-05,31.4213848114014,-0.186227267388234,2020-02-12,33.1021957397461,-0.22754773183466,2020-04-09,28.7954730987549,-0.112017847641282
2020-05-13,25.1646308898926,2019-09-06,31.4609146118164,-0.200130345846939,2020-02-13,33.3033103942871,-0.244380495753679,2020-04-13,27.4744338989258,-0.0840709955127964
2020-05-14,25.1970520019531,2019-09-06,31.4609146118164,-0.199099825518443,2020-02-14,33.6894340515137,-0.252078501424959,2020-04-14,28.390251159668,-0.112475199312474
2020-05-15,25.1079025268555,2019-09-06,31.4609146118164,-0.201933483604917,2020-02-14,33.6894340515137,-0.254724716109401,2020-04-15,27.2961406707764,-0.0801665763051865
2020-05-18,26.331693649292,2019-09-11,30.6941432952881,-0.142126450770359,2020-02-18,33.6572494506836,-0.217651647741608,2020-04-17,27.993127822876,-0.0593515017005802
2020-05-19,25.8211059570312,2019-09-12,30.875955581665,-0.163714758925081,2020-02-19,33.1826438903809,-0.221849047281118,2020-04-17,27.993127822876,-0.0775912530956884
2020-05-20,26.0642395019531,2019-09-13,30.5044384002686,-0.145559109794211,2020-02-20,33.5526733398438,-0.223184416992434,2020-04-20,26.9557399749756,-0.0330727508816335
2020-05-21,25.9345703125,2019-09-13,30.5044384002686,-0.14980994004231,2020-02-21,33.7296485900879,-0.231104639491519,2020-04-21,26.558614730835,-0.0234968737887686
2020-05-22,26.5018863677979,2019-09-13,30.5044384002686,-0.131212120018425,2020-02-21,33.7296485900879,-0.214285132647781,2020-04-22,27.0205783843994,-0.0191961848196792
2020-05-26,27.3447589874268,2019-09-19,31.2632923126221,-0.125339752640616,2020-02-26,32.161018371582,-0.149754567113179,2020-04-24,26.8098621368408,0.0199514957539044
2020-05-27,27.9282894134521,2019-09-20,31.1303958892822,-0.102861090723633,2020-02-27,30.3430080413818,-0.0795807266252737,2020-04-27,27.5878963470459,0.0123384930160759
2020-05-28,28.24436378479,2019-09-20,31.1303958892822,-0.0927078510262637,2020-02-28,29.5948886871338,-0.0456337213030601,2020-04-28,27.6122093200684,0.0228940197212772
2020-05-29,28.082275390625,2019-09-20,31.1303958892822,-0.0979146076233053,2020-02-28,29.5948886871338,-0.0511106263145497,2020-04-29,27.6851539611816,0.0143442015890602
2020-06-01,28.6414928436279,2019-09-25,31.1701812744141,-0.0811252398092981,2020-03-03,31.0428676605225,-0.0773567327334383,2020-05-01,26.6477699279785,0.0748176271799812
2020-06-02,28.8278903961182,2019-09-26,31.4725799560547,-0.0840315463056831,2020-03-04,32.2495002746582,-0.106098074370125,2020-05-01,26.6477699279785,0.0818124921534487
2020-06-03,29.5167827606201,2019-09-27,31.2656726837158,-0.0559364239748655,2020-03-05,31.5094223022461,-0.0632394819083666,2020-05-04,26.6315612792969,0.108338427892554
2020-06-04,28.9656715393066,2019-09-27,31.2656726837158,-0.0735631428012452,2020-03-06,30.9704570770264,-0.0647321908337886,2020-05-05,26.8017559051514,0.0807378308276945
2020-06-05,30.0273742675781,2019-09-27,31.2656726837158,-0.0396056860399054,2020-03-06,30.9704570770264,-0.0304510458822971,2020-05-06,26.3073692321777,0.141405436726463
2020-06-08,30.683837890625,2019-10-02,30.8439273834229,-0.00519030831605094,2020-03-10,30.1821193695068,0.0166230381298222,2020-05-08,27.0286769866943,0.13523269769105
2020-06-09,30.3272399902344,2019-10-03,31.2099704742432,-0.0282836052260058,2020-03-11,28.5652275085449,0.0616838245437523,2020-05-08,27.0286769866943,0.122039380808904
2020-06-10,29.759916305542,2019-10-04,31.353214263916,-0.0508176911292865,2020-03-12,26.1117134094238,0.139715186013091,2020-05-11,26.7045040130615,0.114415616593591
2020-06-11,27.9201889038086,2019-10-04,31.353214263916,-0.109495164712935,2020-03-13,28.4043388366699,-0.0170449287922266,2020-05-12,25.5698661804199,0.0919176778949449
2020-06-12,28.8035793304443,2019-10-04,31.353214263916,-0.0813197304751628,2020-03-13,28.4043388366699,0.0140556165052854,2020-05-13,25.1646308898926,0.144605675182518
2020-06-15,29.1682891845703,2019-10-09,31.2418060302734,-0.0663699417278848,2020-03-17,25.3072929382324,0.152564569263154,2020-05-15,25.1079025268555,0.161717477330966
2020-06-16,29.65456199646,2019-10-10,31.3213768005371,-0.0532165241231849,2020-03-18,23.529504776001,0.260313902853844,2020-05-15,25.1079025268555,0.181084798490889
2020-06-17,29.3060646057129,2019-10-11,31.2179298400879,-0.0612425373549247,2020-03-19,23.1594715118408,0.265402994655102,2020-05-18,26.331693649292,0.112957829300163
2020-06-18,28.9413547515869,2019-10-11,31.2179298400879,-0.0729252420055589,2020-03-20,21.8482551574707,0.324652909030625,2020-05-19,25.8211059570312,0.120841020510433
2020-06-19,28.6495933532715,2019-10-11,31.2179298400879,-0.0822711979933508,2020-03-20,21.8482551574707,0.311298918233073,2020-05-20,26.0642395019531,0.0991916089139921
2020-06-22,28.5679225921631,2019-10-16,31.2497596740723,-0.0858194466095136,2020-03-24,22.4334049224854,0.273454595540645,2020-05-22,26.5018863677979,0.0779580817641592
2020-06-23,28.4617557525635,2019-10-17,31.4566593170166,-0.0952072988511217,2020-03-25,23.4302635192871,0.214743305346719,2020-05-22,26.5018863677979,0.0739520710928352
2020-06-24,27.7348957061768,2019-10-18,31.7590560913086,-0.1267090675983,2020-03-26,25.229471206665,0.0993054701380285,2020-05-22,26.5018863677979,0.046525342432874
2020-06-25,28.0289096832275,2019-10-18,31.7590560913086,-0.117451425425137,2020-03-27,25.2943096160889,0.108111275169941,2020-05-26,27.3447589874268,0.0250194450832553
2020-06-26,27.5470542907715,2019-10-18,31.7590560913086,-0.132623645628114,2020-03-27,25.2943096160889,0.089061322837992,2020-05-27,27.9282894134521,-0.0136505002879638
2020-06-29,28.0207481384277,2019-10-23,31.9341239929199,-0.122545270236936,2020-03-31,25.1241149902344,0.115292942629791,2020-05-29,28.082275390625,-0.00219096392088691
2020-06-30,28.429084777832,2019-10-24,31.8147563934326,-0.106418278792777,2020-04-01,23.6004543304443,0.204599046263224,2020-05-29,28.082275390625,0.0123497609215388
2020-07-01,29.204948425293,2019-10-25,31.4248294830322,-0.070640989760593,2020-04-02,23.9489517211914,0.219466670829302,2020-06-01,28.6414928436279,0.0196727029816952
2020-07-02,29.1069412231445,2019-10-25,31.4248294830322,-0.0737597720662012,2020-04-03,23.746337890625,0.22574442245412,2020-06-02,28.8278903961182,0.00967989066116126
2020-07-06,29.1396083831787,2019-10-30,31.4009552001953,-0.0720152238235905,2020-04-07,25.4726142883301,0.143958293928575,2020-06-05,30.0273742675781,-0.0295652186064759
2020-07-07,28.6659297943115,2019-10-31,31.2975025177002,-0.0840825149514852,2020-04-08,27.3852863311768,0.0467639245267564,2020-06-05,30.0273742675781,-0.0453401106981443
2020-07-08,28.6495933532715,2019-11-01,31.2179298400879,-0.0822711979933508,2020-04-09,28.7954730987549,-0.00506606524515507,2020-06-08,30.683837890625,-0.0662969392748307
2020-07-09,28.5515918731689,2019-11-01,31.2179298400879,-0.0854104670161383,2020-04-09,28.7954730987549,-0.00846942937001038,2020-06-09,30.3272399902344,-0.0585496114264668
2020-07-10,28.5842590332031,2019-11-01,31.2179298400879,-0.0843640440085425,2020-04-09,28.7954730987549,-0.00733497466172528,2020-06-10,29.759916305542,-0.0395047237454741
2020-07-13,28.1350803375244,2019-11-06,30.4460334777832,-0.075903258200945,2020-04-14,28.390251159668,-0.00898797339651791,2020-06-12,28.8035793304443,-0.0232088861335836
2020-07-14,28.4127578735352,2019-11-07,30.1197681427002,-0.0566740839795855,2020-04-15,27.2961406707764,0.0409075120262059,2020-06-12,28.8035793304443,-0.0135685031511376
2020-07-15,28.5434226989746,2019-11-08,30.0640678405762,-0.0505801526814416,2020-04-16,27.1178321838379,0.0525702241046526,2020-06-15,29.1682891845703,-0.021422802058828
2020-07-16,28.2085819244385,2019-11-08,30.0640678405762,-0.0617177264892085,2020-04-17,27.993127822876,0.00769667837498433,2020-06-16,29.65456199646,-0.0487607968107604
2020-07-17,28.6005954742432,2019-11-08,30.0640678405762,-0.0486784547617943,2020-04-17,27.993127822876,0.0217005993474857,2020-06-17,29.3060646057129,-0.0240724621664897
2020-07-20,28.3310832977295,2019-11-13,30.2232303619385,-0.0626057188973373,2020-04-21,26.558614730835,0.0667379900969256,2020-06-19,28.6495933532715,-0.0111174372220408
2020-07-21,28.3392543792725,2019-11-14,30.5256175994873,-0.0716238815836953,2020-04-22,27.0205783843994,0.0488026561131794,2020-06-19,28.6495933532715,-0.0108322296296602
2020-07-22,28.682258605957,2019-11-15,30.6768016815186,-0.0650179603554679,2020-04-23,26.712610244751,0.0737347770644425,2020-06-22,28.5679225921631,0.00400225159617684
2020-07-23,28.5352554321289,2019-11-15,30.6768016815186,-0.0698099584051437,2020-04-24,26.8098621368408,0.0643566642186171,2020-06-23,28.4617557525635,0.00258240145844835
2020-07-24,28.4209213256836,2019-11-15,30.6768016815186,-0.0735370127321332,2020-04-24,26.8098621368408,0.0600920355583978,2020-06-24,27.7348957061768,0.0247351072372721
2020-07-27,28.7557621002197,2019-11-20,30.9234962463379,-0.070099904902405,2020-04-28,27.6122093200684,0.0414147512390557,2020-06-26,27.5470542907715,0.0438779332515844
2020-07-28,29.3356189727783,2019-11-21,30.5096874237061,-0.0384818249568653,2020-04-29,27.6851539611816,0.0596155258486499,2020-06-26,27.5470542907715,0.0649276203229476
2020-07-29,29.8909645080566,2019-11-22,30.3346366882324,-0.0146259269473268,2020-04-30,27.4906482696533,0.0873139190774561,2020-06-29,28.0207481384277,0.0667439841502337
2020-07-30,29.6459560394287,2019-11-22,30.3346366882324,-0.0227027821655392,2020-05-01,26.6477699279785,0.112511708092401,2020-06-30,28.429084777832,0.042803743810478
2020-07-31,29.6132926940918,2019-11-22,30.3346366882324,-0.0237795494818124,2020-05-01,26.6477699279785,0.111285964046082,2020-07-01,29.204948425293,0.0139820232808623
2020-08-03,29.1396083831787,2019-11-27,30.8757438659668,-0.0562297540206559,2020-05-05,26.8017559051514,0.0872275863678769,2020-07-02,29.1069412231445,0.00112231511321448
2020-08-04,29.572452545166,2019-11-27,30.8757438659668,-0.0422108476627621,2020-05-06,26.3073692321777,0.124112878189075,2020-07-02,29.1069412231445,0.0159931378035467
2020-08-05,29.3519420623779,2019-11-29,30.7563915252686,-0.0456636618680306,2020-05-07,26.542407989502,0.105850760563518,2020-07-06,29.1396083831787,0.00728677188818327
2020-08-06,29.4091148376465,2019-11-29,30.7563915252686,-0.0438047710023195,2020-05-08,27.0286769866943,0.0880708238928598,2020-07-07,28.6659297943115,0.0259257260681089
2020-08-07,29.8093032836914,2019-11-29,30.7563915252686,-0.0307932171041277,2020-05-08,27.0286769866943,0.102876892508128,2020-07-08,28.6495933532715,0.0404791061471557
2020-08-10,29.7602996826172,2019-12-04,30.5972385406494,-0.0273534115479187,2020-05-12,25.5698661804199,0.163881714226807,2020-07-10,28.5842590332031,0.0411429468242639
2020-08-11,29.1886119842529,2019-12-05,30.6449775695801,-0.0475237934836286,2020-05-13,25.1646308898926,0.159906223618666,2020-07-10,28.5842590332031,0.0211428587443108
2020-08-12,29.5561199188232,2019-12-06,30.6529445648193,-0.0357820320875448,2020-05-14,25.1970520019531,0.172999123728134,2020-07-13,28.1350803375244,0.0505077491960653
2020-08-13,29.2131195068359,2019-12-06,30.6529445648193,-0.0469718351181145,2020-05-15,25.1079025268555,0.163502983795222,2020-07-14,28.4127578735352,0.0281690935059236
2020-08-14,29.2866134643555,2019-12-06,30.6529445648193,-0.0445742201886868,2020-05-15,25.1079025268555,0.166430108330652,2020-07-15,28.5434226989746,0.0260371985945316
2020-08-17,29.5479602813721,2019-12-11,30.2470951080322,-0.023114114732773,2020-05-19,25.8211059570312,0.144333644366072,2020-07-17,28.6005954742432,0.0331239539394232
2020-08-18,29.5152854919434,2019-12-12,29.8810424804688,-0.0122404360143881,2020-05-20,26.0642395019531,0.132405397430899,2020-07-17,28.6005954742432,0.0319815025712993
2020-08-19,28.9109344482422,2019-12-13,29.9128742218018,-0.0334952691650513,2020-05-21,25.9345703125,0.114764351206838,2020-07-20,28.3310832977295,0.0204669600671137
2020-08-20,29.2212772369385,2019-12-13,29.9128742218018,-0.0231203788621294,2020-05-22,26.5018863677979,0.102611219118535,2020-07-21,28.3392543792725,0.0311237143314236
2020-08-21,29.3192882537842,2019-12-13,29.9128742218018,-0.0198438292360736,2020-05-22,26.5018863677979,0.106309484799909,2020-07-22,28.682258605957,0.0222098843950471
2020-08-24,29.3601169586182,2019-12-18,30.2391357421875,-0.0290689122554184,2020-05-26,27.3447589874268,0.0737018004846219,2020-07-24,28.4209213256836,0.0330459249428281
2020-08-25,29.449951171875,2019-12-19,30.5256175994873,-0.0352381544486874,2020-05-27,27.9282894134521,0.0544846029019563,2020-07-24,28.4209213256836,0.0362067729754236
2020-08-26,29.2457828521729,2019-12-20,30.7613124847412,-0.0492673917382466,2020-05-28,28.24436378479,0.0354555363687141,2020-07-27,28.7557621002197,0.0170407847389091
2020-08-27,29.6377925872803,2019-12-20,30.7613124847412,-0.0365237958561826,2020-05-29,28.082275390625,0.0553914230602046,2020-07-28,29.3356189727783,0.010300570606073
2020-08-28,29.8664703369141,2019-12-20,30.7613124847412,-0.0290898559114156,2020-05-29,28.082275390625,0.0635345577048467,2020-07-29,29.8909645080566,-0.000819450678347211
2020-08-31,29.6051273345947,2019-12-24,30.6165218353271,-0.0330342716972316,2020-06-02,28.8278903961182,0.0269612839440108,2020-07-31,29.6132926940918,-0.000275732914317373
2020-09-01,29.5561199188232,2019-12-26,30.8015327453613,-0.0404334692313534,2020-06-03,29.5167827606201,0.00133270480465786,2020-07-31,29.6132926940918,-0.0019306456684558
2020-09-02,30.2176399230957,2019-12-27,30.9141483306885,-0.0225304090587336,2020-06-04,28.9656715393066,0.0432224877676366,2020-08-03,29.1396083831787,0.036995402468734
2020-09-03,29.7112941741943,2019-12-27,30.9141483306885,-0.0389095033001465,2020-06-05,30.0273742675781,-0.0105263980315813,2020-08-04,29.572452545166,0.00469496497851396
2020-09-04,29.6051273345947,2019-12-27,30.9141483306885,-0.0423437508965527,2020-06-05,30.0273742675781,-0.0140620664737682,2020-08-05,29.3519420623779,0.00862584396217247
2020-09-08,29.2294483184814,2020-01-02,30.7452220916748,-0.0493011164035078,2020-06-10,29.759916305542,-0.0178249152858593,2020-08-07,29.8093032836914,-0.0194521475289628
2020-09-09,29.5479602813721,2020-01-03,30.9704570770264,-0.0459307653134217,2020-06-11,27.9201889038086,0.0583008726470839,2020-08-10,29.7602996826172,-0.0071349886765133
2020-09-10,29.131441116333,2020-01-03,30.9704570770264,-0.0593796841977359,2020-06-12,28.8035793304443,0.011382675122676,2020-08-11,29.1886119842529,-0.00195867031809405
2020-09-11,29.0334358215332,2020-01-03,30.9704570770264,-0.062544161058896,2020-06-12,28.8035793304443,0.00798013637304851,2020-08-12,29.5561199188232,-0.0176844625994753
2020-09-14,29.7439670562744,2020-01-08,30.7934913635254,-0.0340826668486878,2020-06-16,29.65456199646,0.00301488384232829,2020-08-14,29.2866134643555,0.015616472436309
2020-09-15,30.1359748840332,2020-01-09,30.7854385375977,-0.0210964561304292,2020-06-17,29.3060646057129,0.0283187213802338,2020-08-14,29.2866134643555,0.0290016946039693
2020-09-16,30.3319873809814,2020-01-10,31.0830783843994,-0.0241639838284144,2020-06-18,28.9413547515869,0.0480500184366204,2020-08-17,29.5479602813721,0.0265340514926726
2020-09-17,29.6622924804688,2020-01-10,31.0830783843994,-0.0457093047979363,2020-06-19,28.6495933532715,0.0353477661867625,2020-08-18,29.5152854919434,0.00498070698199804
2020-09-18,29.0742702484131,2020-01-10,31.0830783843994,-0.0646270652843234,2020-06-19,28.6495933532715,0.0148231386709408,2020-08-19,28.9109344482422,0.00564962023151883
2020-09-21,28.2962131500244,2020-01-15,31.5255241394043,-0.102434807272356,2020-06-23,28.4617557525635,-0.00581631730586962,2020-08-21,29.3192882537842,-0.0348942680635408
2020-09-22,28.6330718994141,2020-01-16,31.8070659637451,-0.099788960979579,2020-06-24,27.7348957061768,0.0323843364241414,2020-08-21,29.3192882537842,-0.0234049458646578
2020-09-23,27.811466217041,2020-01-17,31.8472900390625,-0.126724246146888,2020-06-25,28.0289096832275,-0.00775782820823179,2020-08-24,29.3601169586182,-0.0527467497408102
2020-09-24,27.9429187774658,2020-01-17,31.8472900390625,-0.122596656004569,2020-06-26,27.5470542907715,0.014370483410524,2020-08-25,29.449951171875,-0.0511726619040513
2020-09-25,28.485179901123,2020-01-17,31.8472900390625,-0.105569740276665,2020-06-26,27.5470542907715,0.0340553875724507,2020-08-26,29.2457828521729,-0.0260072693179179
2020-09-28,28.9781494140625,2020-01-22,31.9116363525391,-0.0919253060566779,2020-06-30,28.429084777832,0.0193134826717534,2020-08-28,29.8664703369141,-0.029743083559279
2020-09-29,28.8302574157715,2020-01-23,32.2173233032227,-0.105131821646784,2020-07-01,29.204948425293,-0.0128297096801918,2020-08-28,29.8664703369141,-0.0346948571241728
2020-09-30,28.9781494140625,2020-01-24,32.169059753418,-0.0991919056327543,2020-07-02,29.1069412231445,-0.00442477992086721,2020-08-31,29.6051273345947,-0.0211780180320177
2020-10-01,29.4546794891357,2020-01-24,32.169059753418,-0.0843786012114892,2020-07-02,29.1069412231445,0.0119469188921406,2020-09-01,29.5561199188232,-0.00343212945292215
2020-10-02,29.9312152862549,2020-01-24,32.169059753418,-0.0695651189160204,2020-07-02,29.1069412231445,0.0283188142921362,2020-09-02,30.2176399230957,-0.00947872294361096
2020-10-05,30.0955295562744,2020-01-29,31.9438304901123,-0.0578609673755315,2020-07-07,28.6659297943115,0.0498710410658501,2020-09-04,29.6051273345947,0.0165647732616447
2020-10-06,29.8408279418945,2020-01-30,32.016227722168,-0.0679467862095194,2020-07-08,28.6495933532715,0.0415794588751823,2020-09-04,29.6051273345947,0.00796147926120816
2020-10-07,29.9229965209961,2020-01-31,31.5576934814453,-0.0518002673867898,2020-07-09,28.5515918731689,0.0480325108988375,2020-09-04,29.6051273345947,0.0107369639998112
2020-10-08,30.4241733551025,2020-01-31,31.5576934814453,-0.0359189789015867,2020-07-10,28.5842590332031,0.0643680957327666,2020-09-08,29.2294483184814,0.0408740193657944
2020-10-09,30.3420162200928,2020-01-31,31.5576934814453,-0.0385223736984235,2020-07-10,28.5842590332031,0.0614938867174364,2020-09-09,29.5479602813721,0.0268734603390306
2020-10-12,30.4981174468994,2020-02-05,31.9759960174561,-0.0462183748631271,2020-07-14,28.4127578735352,0.0733951833414468,2020-09-11,29.0334358215332,0.0504480983363291
2020-10-13,29.9805107116699,2020-02-06,32.1127510070801,-0.0663985559798366,2020-07-15,28.5434226989746,0.0503474312751895,2020-09-11,29.0334358215332,0.0326201451305428
2020-10-14,29.6354293823242,2020-02-07,32.128833770752,-0.0776064393192376,2020-07-16,28.2085819244385,0.0505820342797731,2020-09-14,29.7439670562744,-0.00364906516151131
2020-10-15,29.775110244751,2020-02-07,32.128833770752,-0.0732589157389104,2020-07-17,28.6005954742432,0.0410660949897195,2020-09-15,30.1359748840332,-0.0119745467226754
2020-10-16,29.6683006286621,2020-02-07,32.128833770752,-0.0765833319580295,2020-07-17,28.6005954742432,0.0373315707842687,2020-09-16,30.3319873809814,-0.021880753937524
2020-10-19,29.1999797821045,2020-02-12,33.1021957397461,-0.117883900763603,2020-07-21,28.3392543792725,0.0303721965056911,2020-09-18,29.0742702484131,0.00432373822686949
2020-10-20,29.3971652984619,2020-02-13,33.3033103942871,-0.117289994585501,2020-07-22,28.682258605957,0.0249250486973998,2020-09-18,29.0742702484131,0.0111058694608666
2020-10-21,29.2903633117676,2020-02-14,33.6894340515137,-0.130577163540937,2020-07-23,28.5352554321289,0.0264622786165238,2020-09-21,28.2962131500244,0.0351336822518353
2020-10-22,29.0849533081055,2020-02-14,33.6894340515137,-0.136674327516681,2020-07-24,28.4209213256836,0.0233641962135052,2020-09-22,28.6330718994141,0.0157817998110308
2020-10-23,29.2739315032959,2020-02-14,33.6894340515137,-0.131064907218867,2020-07-24,28.4209213256836,0.0300134597269879,2020-09-23,27.811466217041,0.0525849760973329
2020-10-26,28.9206428527832,2020-02-19,33.1826438903809,-0.128440670721634,2020-07-28,29.3356189727783,-0.0141458109467603,2020-09-25,28.485179901123,0.0152873512883445
2020-10-27,28.5509052276611,2020-02-20,33.5526733398438,-0.149072118979057,2020-07-29,29.8909645080566,-0.0448315838063478,2020-09-25,28.485179901123,0.00230735163921136
2020-10-28,27.918270111084,2020-02-21,33.7296485900879,-0.172292885396728,2020-07-30,29.6459560394287,-0.0582772883440469,2020-09-28,28.9781494140625,-0.0365751203720476
2020-10-29,28.2386932373047,2020-02-21,33.7296485900879,-0.16279313844962,2020-07-31,29.6132926940918,-0.0464183254117284,2020-09-29,28.8302574157715,-0.0205188656464504
2020-10-30,28.0579452514648,2020-02-21,33.7296485900879,-0.168151865664257,2020-07-31,29.6132926940918,-0.0525219352908117,2020-09-30,28.9781494140625,-0.031755104490941
2020-11-02,28.7480926513672,2020-02-26,32.161018371582,-0.106119951824366,2020-08-04,29.572452545166,-0.0278759393574065,2020-10-02,29.9312152862549,-0.0395280520210288
2020-11-03,29.1999797821045,2020-02-27,30.3430080413818,-0.0376702355191182,2020-08-05,29.3519420623779,-0.0051772478955735,2020-10-02,29.9312152862549,-0.0244305317093554
2020-11-04,29.2821445465088,2020-02-28,29.5948886871338,-0.0105675052179184,2020-08-06,29.4091148376465,-0.00431737887517647,2020-10-05,30.0955295562744,-0.0270267718082416
2020-11-05,29.388952255249,2020-02-28,29.5948886871338,-0.00695851348054899,2020-08-07,29.8093032836914,-0.0141013369028439,2020-10-06,29.8408279418945,-0.0151428669313529
2020-11-06,29.2739315032959,2020-02-28,29.5948886871338,-0.010845020815281,2020-08-07,29.8093032836914,-0.0179598890755829,2020-10-07,29.9229965209961,-0.0216911771267548
2020-11-09,30.0462436676025,2020-03-04,32.2495002746582,-0.0683190929562091,2020-08-11,29.1886119842529,0.0293824072145772,2020-10-09,30.3420162200928,-0.00974795314671184
2020-11-10,30.2105560302734,2020-03-05,31.5094223022461,-0.0412215196938113,2020-08-12,29.5561199188232,0.0221421523950922,2020-10-09,30.3420162200928,-0.00433261220565417
2020-11-11,30.4406070709229,2020-03-06,30.9704570770264,-0.0171082397907699,2020-08-13,29.2131195068359,0.0420183665698448,2020-10-12,30.4981174468994,-0.00188570248890574
2020-11-12,30.1283912658691,2020-03-06,30.9704570770264,-0.0271893246219431,2020-08-14,29.2866134643555,0.0287427497391664,2020-10-13,29.9805107116699,0.00493255620697819
2020-11-13,30.8185424804688,2020-03-06,30.9704570770264,-0.00490514544812148,2020-08-14,29.2866134643555,0.0523081652297483,2020-10-14,29.6354293823242,0.0399222526146419
2020-11-16,31.0157432556152,2020-03-11,28.5652275085449,0.0857866700462049,2020-08-18,29.5152854919434,0.0508366339224957,2020-10-16,29.6683006286621,0.045416912947531
2020-11-17,31.0321617126465,2020-03-12,26.1117134094238,0.188438354315226,2020-08-19,28.9109344482422,0.0733711069838239,2020-10-16,29.6683006286621,0.0459703136035627
2020-11-18,30.5063400268555,2020-03-13,28.4043388366699,0.0740028205645777,2020-08-20,29.2212772369385,0.0439769548571458,2020-10-19,29.1999797821045,0.0447383955228489
2020-11-19,30.5556392669678,2020-03-13,28.4043388366699,0.0757384441394049,2020-08-21,29.3192882537842,0.0421685206844686,2020-10-20,29.3971652984619,0.0394076761056437
2020-11-20,30.3502388000488,2020-03-13,28.4043388366699,0.0685071381019704,2020-08-21,29.3192882537842,0.0351628776708652,2020-10-21,29.2903633117676,0.0361851260429893
2020-11-23,30.251636505127,2020-03-18,23.529504776001,0.285689469163085,2020-08-25,29.449951171875,0.0272219579778989,2020-10-23,29.2739315032959,0.0333984863536687
2020-11-24,30.2352066040039,2020-03-19,23.1594715118408,0.305522303846418,2020-08-26,29.2457828521729,0.0338313307197911,2020-10-23,29.2739315032959,0.0328372395282737
2020-11-25,30.3091506958008,2020-03-20,21.8482551574707,0.387257265046953,2020-08-27,29.6377925872803,0.0226520955143139,2020-10-26,28.9206428527832,0.0480109605476475
2020-11-27,30.251636505127,2020-03-20,21.8482551574707,0.384624826426143,2020-08-28,29.8664703369141,0.0128962734420226,2020-10-28,27.918270111084,0.0835784733351581
2020-11-30,29.9887275695801,2020-03-25,23.4302635192871,0.279914224818438,2020-09-01,29.5561199188232,0.0146368214753836,2020-10-30,28.0579452514648,0.0688141024159434
2020-12-01,30.3666648864746,2020-03-26,25.229471206665,0.203618761476556,2020-09-02,30.2176399230957,0.00493172080143167,2020-10-30,28.0579452514648,0.0822839881651432
2020-12-02,30.0462436676025,2020-03-27,25.2943096160889,0.187865734374151,2020-09-03,29.7112941741943,0.0112734736980633,2020-11-02,28.7480926513672,0.0451560745952171
2020-12-03,30.2680702209473,2020-03-27,25.2943096160889,0.196635554808531,2020-09-04,29.6051273345947,0.0223928402286542,2020-11-03,29.1999797821045,0.0365784650130945
2020-12-04,30.6706676483154,2020-03-27,25.2943096160889,0.212552076487861,2020-09-04,29.6051273345947,0.0359917490534005,2020-11-04,29.2821445465088,0.0474187640048445
2020-12-07,30.3666648864746,2020-04-01,23.6004543304443,0.286698317807464,2020-09-08,29.2294483184814,0.0389065354775826,2020-11-06,29.2739315032959,0.0373278656833531
2020-12-08,30.226993560791,2020-04-02,23.9489517211914,0.262142657127011,2020-09-09,29.5479602813721,0.0229807158583135,2020-11-06,29.2739315032959,0.0325566812707687
2020-12-09,29.9476528167725,2020-04-03,23.746337890625,0.261148264406518,2020-09-10,29.131441116333,0.0280182397149529,2020-11-09,30.0462436676025,-0.0032813037103997
2020-12-10,29.7833232879639,2020-04-03,23.746337890625,0.254228059296767,2020-09-11,29.0334358215332,0.0258284093911647,2020-11-10,30.2105560302734,-0.0141418364455607
2020-12-11,29.7997608184814,2020-04-03,23.746337890625,0.254920272580065,2020-09-11,29.0334358215332,0.0263945680304183,2020-11-11,30.4406070709229,-0.0210523479688928
2020-12-14,29.5861339569092,2020-04-08,27.3852863311768,0.0803660622393005,2020-09-15,30.1359748840332,-0.0182453339983152,2020-11-13,30.8185424804688,-0.0399891891169288
2020-12-15,30.1037464141846,2020-04-09,28.7954730987549,0.04543329817652,2020-09-16,30.3319873809814,-0.00752476136594948,2020-11-13,30.8185424804688,-0.0231937012185823
2020-12-16,30.1119651794434,2020-04-09,28.7954730987549,0.0457187168334943,2020-09-17,29.6622924804688,0.0151597419272531,2020-11-16,31.0157432556152,-0.0291393331677857
2020-12-17,30.4652557373047,2020-04-09,28.7954730987549,0.0579876785779223,2020-09-18,29.0742702484131,0.0478424901814181,2020-11-17,31.0321617126465,-0.0182683365919289
2020-12-18,29.9394340515137,2020-04-09,28.7954730987549,0.0397271108842541,2020-09-18,29.0742702484131,0.0297570255661981,2020-11-18,30.5063400268555,-0.018583218270128
2020-12-21,29.6697807312012,2020-04-15,27.2961406707764,0.0869588154990004,2020-09-22,28.6330718994141,0.0362066925766467,2020-11-20,30.3502388000488,-0.0224201883000197
2020-12-22,29.8778381347656,2020-04-16,27.1178321838379,0.101778266500693,2020-09-23,27.811466217041,0.0742992800738593,2020-11-20,30.3502388000488,-0.0155649735870429
2020-12-23,29.5948753356934,2020-04-17,27.993127822876,0.0572193119308531,2020-09-24,27.9429187774658,0.05911896933114,2020-11-23,30.251636505127,-0.0217099385457146
2020-12-24,29.886157989502,2020-04-17,27.993127822876,0.067624817726835,2020-09-25,28.485179901123,0.0491827010832282,2020-11-24,30.2352066040039,-0.0115444428435201
2020-12-28,30.1275253295898,2020-04-22,27.0205783843994,0.114984472241507,2020-09-29,28.8302574157715,0.0449967509866456,2020-11-27,30.251636505127,-0.00410262682867035
2020-12-29,29.8944892883301,2020-04-23,26.712610244751,0.119115242367763,2020-09-30,28.9781494140625,0.0316217526928375,2020-11-27,30.251636505127,-0.0118058808731339
2020-12-30,30.060941696167,2020-04-24,26.8098621368408,0.121264314703756,2020-10-01,29.4546794891357,0.0205828825010594,2020-11-30,29.9887275695801,0.00240804236923209
2020-12-31,30.4271297454834,2020-04-24,26.8098621368408,0.13492302161718,2020-10-02,29.9312152862549,0.0165684705577676,2020-12-01,30.3666648864746,0.00199115903029967
2021-01-04,29.4450740814209,2020-04-29,27.6851539611816,0.0635690927602175,2020-10-06,29.8408279418945,-0.0132621608637749,2020-12-04,30.6706676483154,-0.0399597941899333
2021-01-05,29.4117774963379,2020-04-30,27.4906482696533,0.0698830092270064,2020-10-07,29.9229965209961,-0.0170844863180563,2020-12-04,30.6706676483154,-0.0410454107622493
2021-01-06,29.270299911499,2020-05-01,26.6477699279785,0.0984146137034532,2020-10-08,30.4241733551025,-0.037926205262369,2020-12-07,30.3666648864746,-0.0361042274176085
2021-01-07,29.3618450164795,2020-05-01,26.6477699279785,0.101849989542703,2020-10-09,30.3420162200928,-0.0323040893691239,2020-12-08,30.226993560791,-0.0286217199395495
2021-01-08,29.6780986785889,2020-05-01,26.6477699279785,0.113717911810274,2020-10-09,30.3420162200928,-0.0218811280268268,2020-12-09,29.9476528167725,-0.00900084356636544
2021-01-11,29.1787528991699,2020-05-06,26.3073692321777,0.109147503182495,2020-10-13,29.9805107116699,-0.0267426335798848,2020-12-11,29.7997608184814,-0.0208393591846008
2021-01-12,29.2037220001221,2020-05-07,26.542407989502,0.100266487188077,2020-10-14,29.6354293823242,-0.0145672727272728,2020-12-11,29.7997608184814,-0.020001463165762
2021-01-13,29.603199005127,2020-05-08,27.0286769866943,0.0952514997200939,2020-10-15,29.775110244751,-0.00577365585587786,2020-12-14,29.5861339569092,0.000576792096008027
2021-01-14,29.7862949371338,2020-05-08,27.0286769866943,0.102025635653457,2020-10-16,29.6683006286621,0.00397711719146088,2020-12-15,30.1037464141846,-0.0105452481788513
2021-01-15,30.2440280914307,2020-05-08,27.0286769866943,0.118960728500295,2020-10-16,29.6683006286621,0.0194054748862951,2020-12-16,30.1119651794434,0.00438572876928878
2021-01-19,30.0442905426025,2020-05-14,25.1970520019531,0.192373240340723,2020-10-21,29.2903633117676,0.0257397705453546,2020-12-18,29.9394340515137,0.00350228701412503
2021-01-20,30.6684799194336,2020-05-15,25.1079025268555,0.221467220793554,2020-10-22,29.0849533081055,0.0544448737652548,2020-12-21,29.6697807312012,0.0336604842914185
2021-01-21,30.5686130523682,2020-05-15,25.1079025268555,0.217489713434721,2020-10-23,29.2739315032959,0.0442264322756409,2020-12-22,29.8778381347656,0.0231199765688119
2021-01-22,30.643518447876,2020-05-15,25.1079025268555,0.220473052860533,2020-10-23,29.2739315032959,0.0467852069827341,2020-12-23,29.5948753356934,0.0354332667493242
2021-01-25,30.9181537628174,2020-05-20,26.0642395019531,0.186228885001633,2020-10-27,28.5509052276611,0.0829132567349484,2020-12-24,29.886157989502,0.0345308946595921
2021-01-26,31.2344036102295,2020-05-21,25.9345703125,0.204354004476221,2020-10-28,27.918270111084,0.118780049263473,2020-12-24,29.886157989502,0.0451127114164733
2021-01-27,30.834924697876,2020-05-22,26.5018863677979,0.163499241900877,2020-10-29,28.2386932373047,0.0919387961317395,2020-12-28,30.1275253295898,0.0234801684023931
2021-01-28,30.9181537628174,2020-05-22,26.5018863677979,0.166639737780541,2020-10-30,28.0579452514648,0.101939343231244,2020-12-29,29.8944892883301,0.0342425811196885
2021-01-29,30.5935745239258,2020-05-22,26.5018863677979,0.154392336430047,2020-10-30,28.0579452514648,0.090371167586784,2020-12-30,30.060941696167,0.0177184345434762
2021-02-01,31.2843494415283,2020-05-27,27.9282894134521,0.120167045621479,2020-11-03,29.1999797821045,0.0713825720078498,2020-12-31,30.4271297454834,0.0281728741164673
2021-02-02,31.4175033569336,2020-05-28,28.24436378479,0.112345939045451,2020-11-04,29.2821445465088,0.0729235800005434,2020-12-31,30.4271297454834,0.032549031727096
2021-02-03,31.2926712036133,2020-05-29,28.082275390625,0.114321071506194,2020-11-05,29.388952255249,0.0647766865531672,2021-01-04,29.4450740814209,0.0627472397278894
2021-02-04,31.4674434661865,2020-05-29,28.082275390625,0.120544650619431,2020-11-06,29.2739315032959,0.0749305559673001,2021-01-05,29.4117774963379,0.0698926125802695
2021-02-05,31.5756282806396,2020-05-29,28.082275390625,0.124397074005651,2020-11-06,29.2739315032959,0.0786261584674612,2021-01-06,29.270299911499,0.0787599845615166
2021-02-08,31.6422138214111,2020-06-03,29.5167827606201,0.0720075449288688,2020-11-10,30.2105560302734,0.0473893227818467,2021-01-08,29.6780986785889,0.0661806257905351
2021-02-09,31.7837009429932,2020-06-04,28.9656715393066,0.097288592113683,2020-11-11,30.4406070709229,0.0441217834105958,2021-01-08,29.6780986785889,0.0709480174996309
2021-02-10,32.0000877380371,2020-06-05,30.0273742675781,0.0656971686195356,2020-11-12,30.1283912658691,0.0621240097305931,2021-01-11,29.1787528991699,0.0966914127076162
2021-02-11,31.9418239593506,2020-06-05,30.0273742675781,0.0637568131902753,2020-11-13,30.8185424804688,0.0364482350063671,2021-01-12,29.2037220001221,0.0937586640229306
2021-02-12,31.9335021972656,2020-06-05,30.0273742675781,0.0634796740035186,2020-11-13,30.8185424804688,0.0361782104881656,2021-01-13,29.603199005127,0.0787179517907872
2021-02-16,31.5922794342041,2020-06-11,27.9201889038086,0.131520977277292,2020-11-18,30.5063400268555,0.035597171158279,2021-01-15,30.2440280914307,0.0445790930592163
2021-02-17,31.6172523498535,2020-06-12,28.8035793304443,0.0976848393433949,2020-11-19,30.5556392669678,0.0347436057092545,2021-01-15,30.2440280914307,0.0454048070009545
2021-02-18,31.6006011962891,2020-06-12,28.8035793304443,0.097106746135831,2020-11-20,30.3502388000488,0.0411977778652015,2021-01-19,30.0442905426025,0.0518005459799322
2021-02-19,31.700475692749,2020-06-12,28.8035793304443,0.100574179655609,2020-11-20,30.3502388000488,0.0444885096817762,2021-01-20,30.6684799194336,0.0336500464329006
2021-02-22,31.883581161499,2020-06-17,29.3060646057129,0.0879516438138088,2020-11-24,30.2352066040039,0.0545183824633377,2021-01-22,30.643518447876,0.0404673737362231
2021-02-23,32.0000877380371,2020-06-18,28.9413547515869,0.105687277347736,2020-11-25,30.3091506958008,0.0557896543920844,2021-01-22,30.643518447876,0.0442693711059527
2021-02-24,32.1498908996582,2020-06-19,28.6495933532715,0.122176168548899,2020-11-25,30.3091506958008,0.0607321604729905,2021-01-25,30.9181537628174,0.0398386380470792
2021-02-25,31.6255683898926,2020-06-19,28.6495933532715,0.103874948587403,2020-11-27,30.251636505127,0.0454167788421218,2021-01-26,31.2344036102295,0.0125235232452132
2021-02-26,31.0762882232666,2020-06-19,28.6495933532715,0.0847025938578641,2020-11-27,30.251636505127,0.0272597390888218,2021-01-27,30.834924697876,0.00782760223206425
2021-03-01,31.1095809936523,2020-06-24,27.7348957061768,0.121676509016907,2020-12-01,30.3666648864746,0.0244648567748589,2021-01-29,30.5935745239258,0.0168664982028504
2021-03-02,30.9181537628174,2020-06-25,28.0289096832275,0.10308085873632,2020-12-02,30.0462436676025,0.0290189384357216,2021-01-29,30.5935745239258,0.0106093924604254
2021-03-03,30.5353145599365,2020-06-26,27.5470542907715,0.108478396187941,2020-12-03,30.2680702209473,0.00882924933893903,2021-02-01,31.2843494415283,-0.0239427987144746
2021-03-04,30.3106117248535,2020-06-26,27.5470542907715,0.100321341255274,2020-12-04,30.6706676483154,-0.0117394224211381,2021-02-02,31.4175033569336,-0.0352316866017235
2021-03-05,30.6601638793945,2020-06-26,27.5470542907715,0.113010616516844,2020-12-04,30.6706676483154,-0.000342469523041955,2021-02-03,31.2926712036133,-0.0202126344569049
2021-03-08,30.8099594116211,2020-07-01,29.204948425293,0.054956816322884,2020-12-08,30.226993560791,0.0192862664180493,2021-02-05,31.5756282806396,-0.0242487295015447
2021-03-09,31.1595096588135,2020-07-02,29.1069412231445,0.07051817708818,2020-12-09,29.9476528167725,0.0404658371544333,2021-02-05,31.5756282806396,-0.0131784748074611
2021-03-10,31.4674434661865,2020-07-02,29.1069412231445,0.0810975713643529,2020-12-10,29.7833232879639,0.056545744138071,2021-02-08,31.6422138214111,-0.00552332893681251
2021-03-11,31.9335021972656,2020-07-02,29.1069412231445,0.0971095159897304,2020-12-11,29.7997608184814,0.071602634389631,2021-02-09,31.7837009429932,0.00471314698502678
2021-03-12,32.4827880859375,2020-07-02,29.1069412231445,0.115980818352313,2020-12-11,29.7997608184814,0.0900351947050553,2021-02-10,32.0000877380371,0.0150843445134254
2021-03-15,32.8489837646484,2020-07-08,28.6495933532715,0.14657766201409,2020-12-15,30.1037464141846,0.0911925483523983,2021-02-12,31.9335021972656,0.0286683734758413
2021-03-16,32.8489837646484,2020-07-09,28.5515918731689,0.150513215184962,2020-12-16,30.1119651794434,0.0908947180595694,2021-02-12,31.9335021972656,0.0286683734758413
2021-03-17,32.7990493774414,2020-07-10,28.5842590332031,0.147451446593121,2020-12-17,30.4652557373047,0.0766050894258206,2021-02-12,31.9335021972656,0.0271046744208938
2021-03-18,32.5909805297852,2020-07-10,28.5842590332031,0.140172305740998,2020-12-18,29.9394340515137,0.0885636807198578,2021-02-16,31.5922794342041,0.0316121885937675
2021-03-19,32.1582069396973,2020-07-10,28.5842590332031,0.125032029073858,2020-12-18,29.9394340515137,0.0741087117534014,2021-02-17,31.6172523498535,0.0171094750378034
2021-03-22,32.5129280090332,2020-07-15,28.5434226989746,0.139069002057738,2020-12-22,29.8778381347656,0.0881954665656151,2021-02-19,31.700475692749,0.0256290260171084
2021-03-23,32.6137962341309,2020-07-16,28.2085819244385,0.156165748476563,2020-12-23,29.5948753356934,0.102008231634498,2021-02-19,31.700475692749,0.0288109412058679
2021-03-24,32.4709014892578,2020-07-17,28.6005954742432,0.13532256761927,2020-12-24,29.886157989502,0.0864863091690737,2021-02-22,31.883581161499,0.0184207766619393
2021-03-25,32.7482872009277,2020-07-17,28.6005954742432,0.145021166794232,2020-12-24,29.886157989502,0.0957677200405334,2021-02-23,32.0000877380371,0.0233811691085233
2021-03-26,33.5468139648438,2020-07-17,28.6005954742432,0.172941101700313,2020-12-24,29.886157989502,0.122486670137649,2021-02-24,32.1498908996582,0.0434503205483785
2021-03-29,33.4711799621582,2020-07-22,28.682258605957,0.166964583298421,2020-12-29,29.8944892883301,0.11964381258804,2021-02-26,31.0762882232666,0.0770649223512661
2021-03-30,33.3282699584961,2020-07-23,28.5352554321289,0.16796816617841,2020-12-30,30.060941696167,0.1086901500077,2021-02-26,31.0762882232666,0.0724662391805031
2021-03-31,33.1937828063965,2020-07-24,28.4209213256836,0.16793479092459,2020-12-31,30.4271297454834,0.0909271786085497,2021-03-01,31.1095809936523,0.0669954961196491
2021-04-01,33.7233390808105,2020-07-24,28.4209213256836,0.186567412588952,2020-12-31,30.4271297454834,0.108331261045628,2021-03-02,30.9181537628174,0.0907293928192672
2021-04-05,33.8998603820801,2020-07-29,29.8909645080566,0.134117314044614,2021-01-05,29.4117774963379,0.152594751755517,2021-03-05,30.6601638793945,0.105664683183994
2021-04-06,33.9839172363281,2020-07-30,29.6459560394287,0.14632556262075,2021-01-06,29.270299911499,0.161037547926775,2021-03-05,30.6601638793945,0.10840624890356
2021-04-07,34.0259399414062,2020-07-31,29.6132926940918,0.149009003925957,2021-01-07,29.3618450164795,0.158848836723612,2021-03-08,30.8099594116211,0.104381199819826
2021-04-08,33.8578262329102,2020-07-31,29.6132926940918,0.143332036145551,2021-01-08,29.6780986785889,0.140835422093152,2021-03-09,31.1595096588135,0.0865968881937609
2021-04-09,33.9082641601562,2020-07-31,29.6132926940918,0.145035255296732,2021-01-08,29.6780986785889,0.14253492204402,2021-03-10,31.4674434661865,0.0775665394169223
2021-04-12,34.1100044250488,2020-08-05,29.3519420623779,0.162103834647779,2021-01-12,29.2037220001221,0.168001956220041,2021-03-12,32.4827880859375,0.0500947250835215
2021-04-13,34.3117256164551,2020-08-06,29.4091148376465,0.166703785743758,2021-01-13,29.603199005127,0.159054655225358,2021-03-12,32.4827880859375,0.0563048198226976
2021-04-14,34.1015892028809,2020-08-07,29.8093032836914,0.143991487433983,2021-01-14,29.7862949371338,0.144875160702425,2021-03-15,32.8489837646484,0.0381322432135771
2021-04-15,34.7488288879395,2020-08-07,29.8093032836914,0.16570416145722,2021-01-15,30.2440280914307,0.14894843976769,2021-03-16,32.8489837646484,0.0578357350992269
2021-04-16,34.7992668151855,2020-08-07,29.8093032836914,0.167396181118535,2021-01-15,30.2440280914307,0.150616138497952,2021-03-17,32.7990493774414,0.0609840064181815
2021-04-19,34.9085273742676,2020-08-12,29.5561199188232,0.181093034882281,2021-01-19,30.0442905426025,0.161902203174596,2021-03-19,32.1582069396973,0.0855246823844278
2021-04-20,35.2951965332031,2020-08-13,29.2131195068359,0.208196766693949,2021-01-20,30.6684799194336,0.150862273771767,2021-03-19,32.1582069396973,0.097548647515961
2021-04-21,35.4548950195312,2020-08-14,29.2866134643555,0.210617781488568,2021-01-21,30.5686130523682,0.159846374409994,2021-03-22,32.5129280090332,0.0904860678706227
2021-04-22,35.3035926818848,2020-08-14,29.2866134643555,0.205451518826256,2021-01-22,30.643518447876,0.152073732718894,2021-03-23,32.6137962341309,0.0824741906291482
2021-04-23,35.5053291320801,2020-08-14,29.2866134643555,0.212339869042673,2021-01-22,30.643518447876,0.158657064542831,2021-03-24,32.4709014892578,0.093450674408474
2021-04-26,35.5809936523438,2020-08-19,28.9109344482422,0.230710605914265,2021-01-26,31.2344036102295,0.13916033410962,2021-03-26,33.5468139648438,0.0606370455814902
2021-04-27,35.5809936523438,2020-08-20,29.2212772369385,0.217639919153362,2021-01-27,30.834924697876,0.153918616665041,2021-03-26,33.5468139648438,0.0606370455814902
2021-04-28,35.4548950195312,2020-08-21,29.3192882537842,0.209268612274555,2021-01-28,30.9181537628174,0.146733899168644,2021-03-29,33.4711799621582,0.0592663616763971
2021-04-29,35.7154769897461,2020-08-21,29.3192882537842,0.21815634406256,2021-01-29,30.5935745239258,0.16741758835061,2021-03-30,33.3282699584961,0.0716270911818346
2021-04-30,35.9508247375488,2020-08-21,29.3192882537842,0.22618340617149,2021-01-29,30.5935745239258,0.175110306559091,2021-03-31,33.1937828063965,0.0830589856911716
2021-05-03,35.757495880127,2020-08-26,29.2457828521729,0.222654769095036,2021-02-02,31.4175033569336,0.138139319152346,2021-04-01,33.7233390808105,0.0603189617268325
2021-05-04,35.538948059082,2020-08-27,29.6377925872803,0.19910914264021,2021-02-03,31.2926712036133,0.135695569989514,2021-04-01,33.7233390808105,0.0538383513542589
2021-05-05,35.0178031921387,2020-08-28,29.8664703369141,0.172478796359733,2021-02-04,31.4674434661865,0.11282644329741,2021-04-05,33.8998603820801,0.0329777998333454
2021-05-06,35.185920715332,2020-08-28,29.8664703369141,0.178107768290359,2021-02-05,31.5756282806396,0.114337944524955,2021-04-06,33.9839172363281,0.0353697741977488
2021-05-07,35.6146087646484,2020-08-28,29.8664703369141,0.192461257151966,2021-02-05,31.5756282806396,0.127914493042258,2021-04-07,34.0259399414062,0.0466899320335581
2021-05-10,35.7743148803711,2020-09-02,30.2176399230957,0.183888449641243,2021-02-09,31.7837009429932,0.125555357588326,2021-04-09,33.9082641601562,0.0550323281487095
2021-05-11,35.3540306091309,2020-09-03,29.7112941741943,0.189918904301298,2021-02-10,32.0000877380371,0.104810427351018,2021-04-09,33.9082641601562,0.0426375836328847
2021-05-12,34.496654510498,2020-09-04,29.6051273345947,0.165225675965507,2021-02-11,31.9418239593506,0.0799838654924265,2021-04-12,34.1100044250488,0.0113353865520252
2021-05-13,34.9337539672852,2020-09-04,29.6051273345947,0.179989992019515,2021-02-12,31.9335021972656,0.0939531076637263,2021-04-13,34.3117256164551,0.0181287399468995
2021-05-14,35.2615661621094,2020-09-04,29.6051273345947,0.191062810289111,2021-02-12,31.9335021972656,0.104218570963028,2021-04-14,34.1015892028809,0.034015334368362
2021-05-17,35.2783813476562,2020-09-09,29.5479602813721,0.193936265370467,2021-02-16,31.5922794342041,0.116677301526439,2021-04-16,34.7992668151855,0.0137679490494791
2021-05-18,35.3456230163574,2020-09-10,29.131441116333,0.213315293095484,2021-02-17,31.6172523498535,0.117922032732271,2021-04-16,34.7992668151855,0.0157002216188491
2021-05-19,35.2111358642578,2020-09-11,29.0334358215332,0.212778814078312,2021-02-18,31.6006011962891,0.114255252472625,2021-04-19,34.9085273742676,0.00866861230626692
2021-05-20,35.6482238769531,2020-09-11,29.0334358215332,0.227833457124421,2021-02-19,31.700475692749,0.124532774286005,2021-04-20,35.2951965332031,0.0100021356565587
2021-05-21,35.5893898010254,2020-09-11,29.0334358215332,0.225807032271042,2021-02-19,31.700475692749,0.122676837596033,2021-04-21,35.4548950195312,0.00379340515378912
2021-05-24,35.9760398864746,2020-09-16,30.3319873809814,0.186075921587389,2021-02-23,32.0000877380371,0.124248163973359,2021-04-23,35.5053291320801,0.0132574677069879
2021-05-25,36.0769119262695,2020-09-17,29.6622924804688,0.216255012994175,2021-02-24,32.1498908996582,0.122147258255644,2021-04-23,35.5053291320801,0.0160985071301032
2021-05-26,36.1609649658203,2020-09-18,29.0742702484131,0.243744543091121,2021-02-25,31.6255683898926,0.143409171971665,2021-04-26,35.5809936523438,0.0163000313915731
2021-05-27,36.1189460754395,2020-09-18,29.0742702484131,0.242299317122529,2021-02-26,31.0762882232666,0.162267057633912,2021-04-27,35.5809936523438,0.0151190949963891
2021-05-28,36.3627090454102,2020-09-18,29.0742702484131,0.250683464614039,2021-02-26,31.0762882232666,0.17011107581972,2021-04-28,35.4548950195312,0.0256047585355652
2021-06-01,36.9847183227539,2020-09-24,27.9429187774658,0.323581069583172,2021-03-03,30.5353145599365,0.211211309127277,2021-04-30,35.9508247375488,0.028758549845596
2021-06-02,37.4974594116211,2020-09-25,28.485179901123,0.316384854923901,2021-03-04,30.3106117248535,0.237106652680145,2021-05-03,35.757495880127,0.0486601057671143
2021-06-03,37.421817779541,2020-09-25,28.485179901123,0.313729381714933,2021-03-05,30.6601638793945,0.220535478112389,2021-05-04,35.538948059082,0.0529804573092256
2021-06-04,37.4554290771484,2020-09-25,28.485179901123,0.314909339072552,2021-03-05,30.6601638793945,0.221631731144162,2021-05-05,35.0178031921387,0.0696110453198562
2021-06-07,37.8084678649902,2020-09-30,28.9781494140625,0.304723339118494,2021-03-09,31.1595096588135,0.213384558325233,2021-05-07,35.6146087646484,0.061599977549647
2021-06-08,38.0102005004883,2020-10-01,29.4546794891357,0.290463897748682,2021-03-10,31.4674434661865,0.207921467828561,2021-05-07,35.6146087646484,0.0672643002109219
2021-06-09,38.0522270202637,2020-10-02,29.9312152862549,0.271322485784202,2021-03-11,31.9335021972656,0.191608323609491,2021-05-10,35.7743148803711,0.0636745147324245
2021-06-10,38.4388847351074,2020-10-02,29.9312152862549,0.284240695457477,2021-03-12,32.4827880859375,0.183361620111312,2021-05-11,35.3540306091309,0.0872560800798718
2021-06-11,38.1951293945312,2020-10-02,29.9312152862549,0.276096845024243,2021-03-12,32.4827880859375,0.175857481613986,2021-05-12,34.496654510498,0.107212567030454
2021-06-14,38.4136810302734,2020-10-07,29.9229965209961,0.283751144485803,2021-03-16,32.8489837646484,0.169402417605796,2021-05-14,35.2615661621094,0.0893923671362957
2021-06-15,38.0606422424316,2020-10-08,30.4241733551025,0.251000045200846,2021-03-17,32.7990493774414,0.160419065944303,2021-05-14,35.2615661621094,0.0793803674928664
2021-06-16,37.716007232666,2020-10-09,30.3420162200928,0.243029037987598,2021-03-18,32.5909805297852,0.157252915364024,2021-05-17,35.2783813476562,0.0690968743998712
2021-06-17,37.8589057922363,2020-10-09,30.3420162200928,0.247738631395424,2021-03-19,32.1582069396973,0.177270420058835,2021-05-18,35.3456230163574,0.0711059124552931
2021-06-18,37.2621040344238,2020-10-09,30.3420162200928,0.228069478446475,2021-03-19,32.1582069396973,0.158712116763765,2021-05-19,35.2111358642578,0.0582477139639201
2021-06-21,38.0023574829102,2020-10-14,29.6354293823242,0.28232855993564,2021-03-23,32.6137962341309,0.165223367745828,2021-05-21,35.5893898010254,0.067800198187586
2021-06-22,37.8331489562988,2020-10-15,29.775110244751,0.270630021024637,2021-03-24,32.4709014892578,0.165140086080301,2021-05-21,35.5893898010254,0.0630457326697069
2021-06-23,37.714714050293,2020-10-16,29.6683006286621,0.27121248103632,2021-03-25,32.7482872009277,0.15165455276771,2021-05-24,35.9760398864746,0.0483286701178032
2021-06-24,37.537052154541,2020-10-16,29.6683006286621,0.26522420762708,2021-03-26,33.5468139648438,0.118945369711679,2021-05-25,36.0769119262695,0.0404729825894072
2021-06-25,37.8077774047852,2020-10-16,29.6683006286621,0.274349275275296,2021-03-26,33.5468139648438,0.127015443088181,2021-05-26,36.1609649658203,0.0455411640845711
2021-06-28,37.8246994018555,2020-10-21,29.2903633117676,0.291370100099072,2021-03-30,33.3282699584961,0.134913376810702,2021-05-28,36.3627090454102,0.0402057600994348
2021-06-29,37.7993202209473,2020-10-22,29.0849533081055,0.299617703371498,2021-03-31,33.1937828063965,0.138746988898876,2021-05-28,36.3627090454102,0.0395078148259815
2021-06-30,37.5032157897949,2020-10-23,29.2739315032959,0.281113053966547,2021-04-01,33.7233390808105,0.112084888745054,2021-05-28,36.3627090454102,0.0313647353105755
2021-07-01,37.6554985046387,2020-10-23,29.2739315032959,0.286315044509792,2021-04-01,33.7233390808105,0.116600536334957,2021-06-01,36.9847183227539,0.018136684887825
2021-07-02,37.8331489562988,2020-10-23,29.2739315032959,0.292383599108964,2021-04-01,33.7233390808105,0.121868414798429,2021-06-02,37.4974594116211,0.0089523277028658
2021-07-06,38.1715469360352,2020-10-29,28.2386932373047,0.351746223355998,2021-04-07,34.0259399414062,0.121836663491671,2021-06-04,37.4554290771484,0.0191192005146092
2021-07-07,38.3661308288574,2020-10-30,28.0579452514648,0.367389182814604,2021-04-08,33.8578262329102,0.133153988236999,2021-06-07,37.8084678649902,0.0147496842733361
2021-07-08,38.3322944641113,2020-10-30,28.0579452514648,0.366183236889383,2021-04-09,33.9082641601562,0.130470562664588,2021-06-08,38.0102005004883,0.00847388225744594
2021-07-09,38.8398895263672,2020-10-30,28.0579452514648,0.384274193219457,2021-04-09,33.9082641601562,0.145440219025007,2021-06-09,38.0522270202637,0.0206995113764057
2021-07-12,39.178295135498,2020-11-04,29.2821445465088,0.337958532144776,2021-04-13,34.3117256164551,0.141834006643754,2021-06-11,38.1951293945312,0.0257406050601721
2021-07-13,38.6706924438477,2020-11-05,29.388952255249,0.315824126970735,2021-04-14,34.1015892028809,0.133985053124175,2021-06-11,38.1951293945312,0.012450882006555
2021-07-14,39.0090942382812,2020-11-06,29.2739315032959,0.332553990361332,2021-04-15,34.7488288879395,0.122601695846516,2021-06-14,38.4136810302734,0.0155000299903196
2021-07-15,39.0683174133301,2020-11-06,29.2739315032959,0.334577059078363,2021-04-16,34.7992668151855,0.122676452375187,2021-06-15,38.0606422424316,0.0264755167419386
2021-07-16,39.1106147766113,2020-11-06,29.2739315032959,0.336021940620034,2021-04-16,34.7992668151855,0.12389191945689,2021-06-16,37.716007232666,0.0369765424887669
2021-07-19,38.5014953613281,2020-11-11,30.4406070709229,0.264807080608622,2021-04-20,35.2951965332031,0.0908423565543472,2021-06-18,37.2621040344238,0.0332614423962563
2021-07-20,39.1952171325684,2020-11-12,30.1283912658691,0.300939595038071,2021-04-21,35.4548950195312,0.105495224593858,2021-06-18,37.2621040344238,0.0518787961184013
2021-07-21,39.0767784118652,2020-11-13,30.8185424804688,0.267963221707521,2021-04-22,35.3035926818848,0.106878236557397,2021-06-21,38.0023574829102,0.0282724809753774
2021-07-22,38.7975921630859,2020-11-13,30.8185424804688,0.258904186908706,2021-04-23,35.5053291320801,0.092725884014724,2021-06-22,37.8331489562988,0.025492015161126
2021-07-23,39.1529121398926,2020-11-13,30.8185424804688,0.270433608750503,2021-04-23,35.5053291320801,0.102733395154386,2021-06-23,37.714714050293,0.0381336071561289
2021-07-26,39.1529121398926,2020-11-18,30.5063400268555,0.283435250030824,2021-04-27,35.5809936523438,0.100388384946454,2021-06-25,37.8077774047852,0.0355782547253669
2021-07-27,39.4659385681152,2020-11-19,30.5556392669678,0.291608996404796,2021-04-28,35.4548950195312,0.113130882107376,2021-06-25,37.8077774047852,0.0438576736626735
2021-07-28,39.2290573120117,2020-11-20,30.3502388000488,0.292545260367065,2021-04-29,35.7154769897461,0.0983769675895516,2021-06-28,37.8246994018555,0.0371280653214487
2021-07-29,39.1106147766113,2020-11-20,30.3502388000488,0.288642736364513,2021-04-30,35.9508247375488,0.0878920042065754,2021-06-29,37.7993202209473,0.0346909560277588
2021-07-30,39.2375144958496,2020-11-20,30.3502388000488,0.292823913325732,2021-04-30,35.9508247375488,0.0914218180610471,2021-06-30,37.5032157897949,0.0462439998685822
2021-08-02,39.2544364929199,2020-11-25,30.3091506958008,0.295134822050902,2021-05-04,35.538948059082,0.104546944598952,2021-07-02,37.8331489562988,0.0375672545328656
2021-08-03,39.4151763916016,2020-11-25,30.3091506958008,0.300438167574995,2021-05-05,35.0178031921387,0.125575358777791,2021-07-02,37.8331489562988,0.041815906921471
2021-08-04,39.2882690429688,2020-11-27,30.251636505127,0.298715493831558,2021-05-06,35.185920715332,0.116590620459426,2021-07-02,37.8331489562988,0.0384615113151363
2021-08-05,39.6012992858887,2020-11-27,30.251636505127,0.309063041240005,2021-05-07,35.6146087646484,0.111939753363161,2021-07-06,38.1715469360352,0.0374559708635696
2021-08-06,39.5336074829102,2020-11-27,30.251636505127,0.306825416741012,2021-05-07,35.6146087646484,0.110039078181642,2021-07-07,38.3661308288574,0.0304298773118559
2021-08-09,39.3559494018555,2020-12-02,30.0462436676025,0.309845910764917,2021-05-11,35.3540306091309,0.113195545847919,2021-07-09,38.8398895263672,0.0132868523000804
2021-08-10,38.9329566955566,2020-12-03,30.2680702209473,0.286271520164928,2021-05-12,34.496654510498,0.128600939656584,2021-07-09,38.8398895263672,0.0023961749202781
2021-08-11,39.1444664001465,2020-12-04,30.6706676483154,0.276283478696834,2021-05-13,34.9337539672852,0.120534209887794,2021-07-12,39.178295135498,-0.000863456034382648
2021-08-12,39.2798118591309,2020-12-04,30.6706676483154,0.280696341844658,2021-05-14,35.2615661621094,0.113955394906404,2021-07-13,38.6706924438477,0.0157514483653916
2021-08-13,39.5420761108398,2020-12-04,30.6706676483154,0.289247321390203,2021-05-14,35.2615661621094,0.121393075084967,2021-07-14,39.0090942382812,0.0136630158419713
2021-08-16,39.5843811035156,2020-12-09,29.9476528167725,0.32178576216651,2021-05-18,35.3456230163574,0.119923139710865,2021-07-16,39.1106147766113,0.0121134973103929
2021-08-17,39.6605186462402,2020-12-10,29.7833232879639,0.331635098701963,2021-05-19,35.2111358642578,0.126362943789579,2021-07-16,39.1106147766113,0.0140602205506051
2021-08-18,39.2459754943848,2020-12-11,29.7997608184814,0.316989613891293,2021-05-20,35.6482238769531,0.100923727079643,2021-07-19,38.5014953613281,0.019336395276855
2021-08-19,39.5759201049805,2020-12-11,29.7997608184814,0.328061669556622,2021-05-21,35.5893898010254,0.112014573057957,2021-07-20,39.1952171325684,0.00971299562200345
2021-08-20,39.7620391845703,2020-12-11,29.7997608184814,0.334307326383317,2021-05-21,35.5893898010254,0.117244195724443,2021-07-21,39.0767784118652,0.0175362657965941
2021-08-23,39.6097450256348,2020-12-16,30.1119651794434,0.315415476525434,2021-05-25,36.0769119262695,0.0979250415497117,2021-07-23,39.1529121398926,0.0116679158911586
2021-08-24,39.3136596679688,2020-12-17,30.4652557373047,0.290442463603849,2021-05-26,36.1609649658203,0.0871850268688459,2021-07-23,39.1529121398926,0.00410563402032071
2021-08-25,39.2713508605957,2020-12-18,29.9394340515137,0.311693160031869,2021-05-27,36.1189460754395,0.0872784266343767,2021-07-26,39.1529121398926,0.003025029665225
2021-08-26,39.2967338562012,2020-12-18,29.9394340515137,0.312540971502246,2021-05-28,36.3627090454102,0.0806877399350792,2021-07-27,39.4659385681152,-0.00428736064700519
2021-08-27,39.6182136535645,2020-12-18,29.9394340515137,0.32327864265562,2021-05-28,36.3627090454102,0.0895286598170884,2021-07-28,39.2290573120117,0.00992010433637347
2021-08-30,40.1004371643066,2020-12-23,29.5948753356934,0.354979087069946,2021-06-01,36.9847183227539,0.0842434114101624,2021-07-30,39.2375144958496,0.0219922867068532
2021-08-31,40.3373222351074,2020-12-24,29.886157989502,0.349699156689081,2021-06-02,37.4974594116211,0.0757348062521328,2021-07-30,39.2375144958496,0.0280294955832165
2021-09-01,41.0310363769531,2020-12-24,29.886157989502,0.372911044349227,2021-06-03,37.421817779541,0.0964469074878911,2021-08-02,39.2544364929199,0.0452585756607062
2021-09-02,41.2256164550781,2020-12-24,29.886157989502,0.379421753360179,2021-06-04,37.4554290771484,0.100657967905376,2021-08-03,39.4151763916016,0.0459325627643854
2021-09-03,41.2256164550781,2020-12-24,29.886157989502,0.379421753360179,2021-06-04,37.4554290771484,0.100657967905376,2021-08-04,39.2882690429688,0.0493110910534271
2021-09-07,40.7687797546387,2020-12-31,30.4271297454834,0.339882535607565,2021-06-09,38.0522270202637,0.0713901116202311,2021-08-06,39.5336074829102,0.0312436013400106
2021-09-08,41.0141143798828,2020-12-31,30.4271297454834,0.347945557893805,2021-06-10,38.4388847351074,0.0669954308643963,2021-08-09,39.3559494018555,0.0421325111762942
2021-09-09,40.1427307128906,2020-12-31,30.4271297454834,0.319307179108782,2021-06-11,38.1951293945312,0.0509908291772467,2021-08-10,38.9329566955566,0.0310732633741135
2021-09-10,39.6351318359375,2020-12-31,30.4271297454834,0.302624735473807,2021-06-11,38.1951293945312,0.0377012059975488,2021-08-11,39.1444664001465,0.01253473302651
2021-09-13,39.8551025390625,2021-01-06,29.270299911499,0.361622622916999,2021-06-15,38.0606422424316,0.047147399279309,2021-08-13,39.5420761108398,0.00791628713032733
2021-09-14,39.7705001831055,2021-01-07,29.3618450164795,0.354495950809088,2021-06-16,37.716007232666,0.0544727053891338,2021-08-13,39.5420761108398,0.00577673442399274
2021-09-15,39.9227867126465,2021-01-08,29.6780986785889,0.345193543057008,2021-06-17,37.8589057922363,0.0545150705552981,2021-08-16,39.5843811035156,0.0085489680448938
2021-09-16,39.9989242553711,2021-01-08,29.6780986785889,0.347758988490328,2021-06-18,37.2621040344238,0.0734478176116653,2021-08-17,39.6605186462402,0.00853255632255645
2021-09-17,39.6351318359375,2021-01-08,29.6780986785889,0.335501046249034,2021-06-18,37.2621040344238,0.0636847505798759,2021-08-18,39.2459754943848,0.00991582797090662
2021-09-20,39.3637580871582,2021-01-13,29.603199005127,0.329712984071107,2021-06-22,37.8331489562988,0.0404568261718681,2021-08-20,39.7620391845703,-0.0100166164910038
2021-09-21,39.3722534179688,2021-01-14,29.7862949371338,0.321824466623554,2021-06-23,37.714714050293,0.0439494083254997,2021-08-20,39.7620391845703,-0.00980296218692978
2021-09-22,39.704044342041,2021-01-15,30.2440280914307,0.312789560372441,2021-06-24,37.537052154541,0.0577294183511916,2021-08-23,39.6097450256348,0.00238071000823714
2021-09-23,39.5083694458008,2021-01-15,30.2440280914307,0.306319691489609,2021-06-25,37.8077774047852,0.0449799527438073,2021-08-24,39.3136596679688,0.0049527258331199
2021-09-24,39.0574760437012,2021-01-15,30.2440280914307,0.291411181262846,2021-06-25,37.8077774047852,0.033054009642943,2021-08-25,39.2713508605957,-0.00544607741286363
2021-09-27,38.4109230041504,2021-01-20,30.6684799194336,0.252456042981467,2021-06-29,37.7993202209473,0.0161802587884685,2021-08-27,39.6182136535645,-0.0304731217810837
2021-09-28,38.1812210083008,2021-01-21,30.5686130523682,0.249033475705659,2021-06-30,37.5032157897949,0.0180785888417161,2021-08-27,39.6182136535645,-0.036271010546544
2021-09-29,38.4279327392578,2021-01-22,30.643518447876,0.254031347758678,2021-07-01,37.6554985046387,0.0205131857310026,2021-08-30,40.1004371643066,-0.0417078850835453
2021-09-30,37.8154106140137,2021-01-22,30.643518447876,0.23404271211013,2021-07-02,37.8331489562988,-0.000468857147091994,2021-08-31,40.3373222351074,-0.0625205512253566
2021-10-01,38.223762512207,2021-01-22,30.643518447876,0.24736859369543,2021-07-02,37.8331489562988,0.0103246376969415,2021-09-01,41.0310363769531,-0.068418302646699
2021-10-04,38.2662963867188,2021-01-27,30.834924697876,0.241005021470173,2021-07-06,38.1715469360352,0.00248220096613738,2021-09-03,41.2256164550781,-0.0717835249737023
2021-10-05,37.9685363769531,2021-01-28,30.9181537628174,0.228033752216299,2021-07-07,38.3661308288574,-0.0103631625945779,2021-09-03,41.2256164550781,-0.079006218904552
2021-10-06,38.3343620300293,2021-01-29,30.5935745239258,0.253020041840806,2021-07-08,38.3322944641113,5.39379639772353e-05,2021-09-03,41.2256164550781,-0.0701324728084857
2021-10-07,38.3768882751465,2021-01-29,30.5935745239258,0.254410080297539,2021-07-09,38.8398895263672,-0.0119207664302545,2021-09-07,40.7687797546387,-0.058669685329987
2021-10-08,37.9600296020508,2021-01-29,30.5935745239258,0.240784386681067,2021-07-09,38.8398895263672,-0.0226535125368752,2021-09-08,41.0141143798828,-0.0744642380801972
2021-10-11,38.0110778808594,2021-02-03,31.2926712036133,0.214695851099804,2021-07-13,38.6706924438477,-0.0170572214072992,2021-09-10,39.6351318359375,-0.0409751117216061
2021-10-12,38.5215187072754,2021-02-04,31.4674434661865,0.224170585979406,2021-07-14,39.0090942382812,-0.0124990221005281,2021-09-10,39.6351318359375,-0.0280966172453194
2021-10-13,38.7427024841309,2021-02-05,31.5756282806396,0.226981206511278,2021-07-15,39.0683174133301,-0.00833450096543242,2021-09-13,39.8551025390625,-0.0279111075888304
2021-10-14,39.2871856689453,2021-02-05,31.5756282806396,0.244224986428344,2021-07-16,39.1106147766113,0.00451465397162654,2021-09-14,39.7705001831055,-0.0121525882735936
2021-10-15,39.3042030334473,2021-02-05,31.5756282806396,0.244763926282548,2021-07-16,39.1106147766113,0.0049497625629682,2021-09-15,39.9227867126465,-0.0154945015149269
2021-10-18,39.3722534179688,2021-02-10,32.0000877380371,0.230379545840078,2021-07-20,39.1952171325684,0.00451678287178781,2021-09-17,39.6351318359375,-0.00663245978484162
2021-10-19,39.5509147644043,2021-02-11,31.9418239593506,0.238217166769722,2021-07-21,39.0767784118652,0.012133455515235,2021-09-17,39.6351318359375,-0.0021248086642377
2021-10-20,40.1549491882324,2021-02-12,31.9335021972656,0.257455224928971,2021-07-22,38.7975921630859,0.0349855996073372,2021-09-20,39.3637580871582,0.0200994808301176
2021-10-21,40.282543182373,2021-02-12,31.9335021972656,0.261450840359825,2021-07-23,39.1529121398926,0.028851775787311,2021-09-21,39.3722534179688,0.0231200829360927
2021-10-22,40.5718002319336,2021-02-12,31.9335021972656,0.270508946413264,2021-07-23,39.1529121398926,0.0362396566306833,2021-09-22,39.704044342041,0.0218556044925065
2021-10-25,40.6908950805664,2021-02-17,31.6172523498535,0.286983910882279,2021-07-27,39.4659385681152,0.0310383220796078,2021-09-24,39.0574760437012,0.0418209060677042
2021-10-26,40.8780708312988,2021-02-18,31.6006011962891,0.293585225717137,2021-07-28,39.2290573120117,0.0420355122523475,2021-09-24,39.0574760437012,0.0466132216418851
2021-10-27,40.5803070068359,2021-02-19,31.700475692749,0.280116658190023,2021-07-29,39.1106147766113,0.0375778350358098,2021-09-27,38.4109230041504,0.0564783096321622
2021-10-28,41.1758193969727,2021-02-19,31.700475692749,0.298902256106869,2021-07-30,39.2375144958496,0.0493992783698893,2021-09-28,38.1812210083008,0.0784311844825716
2021-10-29,40.6823921203613,2021-02-19,31.700475692749,0.283336960450306,2021-07-30,39.2375144958496,0.0368238825286589,2021-09-29,38.4279327392578,0.0586672043068392
2021-11-01,40.7759780883789,2021-02-24,32.1498908996582,0.268308443585182,2021-08-03,39.4151763916016,0.0345248156004014,2021-10-01,38.223762512207,0.0667703912025093
2021-11-02,41.1588134765625,2021-02-25,31.6255683898926,0.301441067213095,2021-08-04,39.2882690429688,0.0476107621730033,2021-10-01,38.223762512207,0.0767860297221692
2021-11-03,41.3970184326172,2021-02-26,31.0762882232666,0.332109489241496,2021-08-05,39.6012992858887,0.0453449553198977,2021-10-04,38.2662963867188,0.0818140855404295
2021-11-04,40.9291152954102,2021-02-26,31.0762882232666,0.317052892589882,2021-08-06,39.5336074829102,0.0352992782938732,2021-10-05,37.9685363769531,0.0779745336787359
2021-11-05,41.0226898193359,2021-02-26,31.0762882232666,0.320064015515937,2021-08-06,39.5336074829102,0.0376662397194458,2021-10-06,38.3343620300293,0.0701284082202995
2021-11-08,41.0141944885254,2021-03-03,30.5353145599365,0.343172489938504,2021-08-10,38.9329566955566,0.0534569673000529,2021-10-08,37.9600296020508,0.0804573894828999
2021-11-09,41.1673164367676,2021-03-04,30.3106117248535,0.358181643131009,2021-08-11,39.1444664001465,0.0516765260239576,2021-10-08,37.9600296020508,0.0844911573657867
2021-11-10,40.9631423950195,2021-03-05,30.6601638793945,0.336037946703515,2021-08-12,39.2798118591309,0.0428548523074805,2021-10-11,38.0110778808594,0.0776632676245859
2021-11-11,40.9801597595215,2021-03-05,30.6601638793945,0.336592978456407,2021-08-13,39.5420761108398,0.036368440661805,2021-10-12,38.5215187072754,0.0638251329323043
2021-11-12,40.9971733093262,2021-03-05,30.6601638793945,0.337147885790615,2021-08-13,39.5420761108398,0.0367987051162304,2021-10-13,38.7427024841309,0.0581908509381541
2021-11-15,41.2268676757812,2021-03-10,31.4674434661865,0.310143536766238,2021-08-17,39.6605186462402,0.0394939119054989,2021-10-15,39.3042030334473,0.0489175328322475
2021-11-16,40.9716491699219,2021-03-11,31.9335021972656,0.283030245690689,2021-08-18,39.2459754943848,0.0439707168390813,2021-10-15,39.3042030334473,0.0424241177223625
2021-11-17,41.2438812255859,2021-03-12,32.4827880859375,0.269714936921973,2021-08-19,39.5759201049805,0.0421458582941592,2021-10-18,39.3722534179688,0.0475367205363717
2021-11-18,41.2353820800781,2021-03-12,32.4827880859375,0.269453286182962,2021-08-20,39.7620391845703,0.0370540074332895,2021-10-19,39.5509147644043,0.0425898446523376
2021-11-19,41.0141944885254,2021-03-12,32.4827880859375,0.262643907906456,2021-08-20,39.7620391845703,0.0314912245356114,2021-10-20,40.1549491882324,0.0213982415035598
2021-11-22,40.8100051879883,2021-03-17,32.7990493774414,0.244243536401292,2021-08-24,39.3136596679688,0.0380617203449694,2021-10-22,40.5718002319336,0.00587119513289913
2021-11-23,41.2438812255859,2021-03-18,32.5909805297852,0.265499857787121,2021-08-25,39.2713508605957,0.0502282280024506,2021-10-22,40.5718002319336,0.016565224855942
2021-11-24,41.7968635559082,2021-03-19,32.1582069396973,0.299726182939405,2021-08-26,39.2967338562012,0.0636218192803446,2021-10-25,40.6908950805664,0.0271797529435522
2021-11-26,40.6653823852539,2021-03-19,32.1582069396973,0.264541349009577,2021-08-27,39.6182136535645,0.0264314979177576,2021-10-27,40.5803070068359,0.00209646956105192
2021-11-29,41.1758193969727,2021-03-24,32.4709014892578,0.268083653624297,2021-08-31,40.3373222351074,0.0207871300176552,2021-10-29,40.6823921203613,0.0121287675304711
2021-11-30,40.3165817260742,2021-03-25,32.7482872009277,0.231105049211004,2021-09-01,41.0310363769531,-0.0174125421623571,2021-10-29,40.6823921203613,-0.00899186048855827
2021-12-01,39.789119720459,2021-03-26,33.5468139648438,0.18607745469233,2021-09-02,41.2256164550781,-0.0348447605673633,2021-11-01,40.7759780883789,-0.0242019545375708
2021-12-02,40.8780708312988,2021-03-26,33.5468139648438,0.218538096468358,2021-09-03,41.2256164550781,-0.00843033176127284,2021-11-02,41.1588134765625,-0.00682096060479342
2021-12-03,40.6738891601562,2021-03-26,33.5468139648438,0.21245162663678,2021-09-03,41.2256164550781,-0.0133831181280957,2021-11-03,41.3970184326172,-0.0174681486696437
2021-12-06,41.2608985900879,2021-03-31,33.1937828063965,0.243030926325663,2021-09-07,40.7687797546387,0.0120709728966863,2021-11-05,41.0226898193359,0.00580675649990359
2021-12-07,41.9925346374512,2021-04-01,33.7233390808105,0.245206903646917,2021-09-08,41.0141143798828,0.0238556963221488,2021-11-05,41.0226898193359,0.0236416681204092
2021-12-08,42.1711921691895,2021-04-01,33.7233390808105,0.250504645110482,2021-09-09,40.1427307128906,0.0505312274545249,2021-11-08,41.0141944885254,0.0282096892330228
2021-12-09,41.6352195739746,2021-04-01,33.7233390808105,0.234611420719786,2021-09-10,39.6351318359375,0.0504624974206245,2021-11-09,41.1673164367676,0.0113658887123653
2021-12-10,41.8479080200195,2021-04-01,33.7233390808105,0.24091828272818,2021-09-10,39.6351318359375,0.0558286570924356,2021-11-10,40.9631423950195,0.0215990662158667
2021-12-13,42.4094009399414,2021-04-07,34.0259399414062,0.246384405925942,2021-09-14,39.7705001831055,0.0663532202181591,2021-11-12,40.9971733093262,0.0344469512558803
2021-12-14,41.9414939880371,2021-04-08,33.8578262329102,0.238753300330591,2021-09-15,39.9227867126465,0.0505652896908411,2021-11-12,40.9971733093262,0.0230337997106771
2021-12-15,42.5625381469727,2021-04-09,33.9082641601562,0.255226099040056,2021-09-16,39.9989242553711,0.0640920709575665,2021-11-15,41.2268676757812,0.0323980585111501
2021-12-16,42.7241821289062,2021-04-09,33.9082641601562,0.259993195968701,2021-09-17,39.6351318359375,0.077937177193085,2021-11-16,40.9716491699219,0.0427742840351892
2021-12-17,42.5795516967773,2021-04-09,33.9082641601562,0.255727851348116,2021-09-17,39.6351318359375,0.0742881308690417,2021-11-17,41.2438812255859,0.0323846939594719
2021-12-20,42.3006896972656,2021-04-14,34.1015892028809,0.240431624626225,2021-09-21,39.3722534179688,0.0743781730806496,2021-11-19,41.0141944885254,0.0313670724192854
2021-12-21,42.5409393310547,2021-04-15,34.7488288879395,0.224240951205688,2021-09-22,39.704044342041,0.0714510331636367,2021-11-19,41.0141944885254,0.0372247916012696
2021-12-22,42.961368560791,2021-04-16,34.7992668151855,0.234548095192733,2021-09-23,39.5083694458008,0.0873991805641892,2021-11-22,40.8100051879883,0.0527165670009753
2021-12-23,42.8326644897461,2021-04-16,34.7992668151855,0.230849624425276,2021-09-24,39.0574760437012,0.0966572556255527,2021-11-23,41.2438812255859,0.0385216719898451
2021-12-27,43.7078475952149,2021-04-21,35.4548950195312,0.232773290433867,2021-09-28,38.1812210083008,0.144747245922611,2021-11-26,40.6653823852539,0.074817081052807
2021-12-28,43.8966293334961,2021-04-22,35.3035926818848,0.243404027715872,2021-09-29,38.4279327392578,0.142310455036565,2021-11-26,40.6653823852539,0.0794594015526557
2021-12-29,44.1626091003418,2021-04-23,35.5053291320801,0.243830438412684,2021-09-30,37.8154106140137,0.167846874680662,2021-11-29,41.1758193969727,0.0725374685218465
2021-12-30,44.3599548339844,2021-04-23,35.5053291320801,0.249388638786167,2021-10-01,38.223762512207,0.160533446172854,2021-11-30,40.3165817260742,0.100290573625074
2021-12-31,44.454345703125,2021-04-23,35.5053291320801,0.252047137424202,2021-10-01,38.223762512207,0.163002875212198,2021-12-01,39.789119720459,0.117248785985764
2022-01-03,44.0424842834473,2021-04-28,35.4548950195312,0.242211668069679,2021-10-05,37.9685363769531,0.159973190596334,2021-12-03,40.6738891601562,0.082819597359548
2022-01-04,43.8708801269531,2021-04-29,35.7154769897461,0.228343671275857,2021-10-06,38.3343620300293,0.144427031095151,2021-12-03,40.6738891601562,0.0786005723280727
2022-01-05,42.4465446472168,2021-04-30,35.9508247375488,0.180683474081292,2021-10-07,38.3768882751465,0.106044459438518,2021-12-06,41.2608985900879,0.0287353426038506
2022-01-06,42.4980354309082,2021-04-30,35.9508247375488,0.1821157300606,2021-10-08,37.9600296020508,0.119546951791952,2021-12-07,41.9925346374512,0.0120378728700552
2022-01-07,42.2749404907227,2021-04-30,35.9508247375488,0.175910171723226,2021-10-08,37.9600296020508,0.113669850469209,2021-12-08,42.1711921691895,0.00246017046700908
2022-01-10,42.0261192321777,2021-05-05,35.0178031921387,0.200135799541314,2021-10-12,38.5215187072754,0.0909777351078433,2021-12-10,41.8479080200195,0.00425854530345804
2022-01-11,41.9574813842773,2021-05-06,35.185920715332,0.192450859073148,2021-10-13,38.7427024841309,0.0829776627343761,2021-12-10,41.8479080200195,0.00261837137009091
2022-01-12,42.069019317627,2021-05-07,35.6146087646484,0.181229298225094,2021-10-14,39.2871856689453,0.0708076590703861,2021-12-13,42.4094009399414,-0.00802608890412027
2022-01-13,41.9231605529785,2021-05-07,35.6146087646484,0.177133822528244,2021-10-15,39.3042030334473,0.0666330142173996,2021-12-14,41.9414939880371,-0.00043711926579959
2022-01-14,41.4340782165527,2021-05-07,35.6146087646484,0.163401189954409,2021-10-15,39.3042030334473,0.0541895018528418,2021-12-15,42.5625381469727,-0.0265129848817577
2022-01-18,41.1509437561035,2021-05-13,34.9337539672852,0.177970847182374,2021-10-20,40.1549491882324,0.0248037810532951,2021-12-17,42.5795516967773,-0.0335515026284775
2022-01-19,40.6189651489258,2021-05-14,35.2615661621094,0.151933097985116,2021-10-21,40.282543182373,0.00835155727456516,2021-12-20,42.3006896972656,-0.0397564332963714
2022-01-20,40.2585792541504,2021-05-14,35.2615661621094,0.141712738142941,2021-10-22,40.5718002319336,-0.00772016464619873,2021-12-21,42.5409393310547,-0.0536509092839468
2022-01-21,40.232852935791,2021-05-14,35.2615661621094,0.140983152898738,2021-10-22,40.5718002319336,-0.00835425823367342,2021-12-22,42.961368560791,-0.0635109102993101
2022-01-24,40.3186531066895,2021-05-19,35.2111358642578,0.145054032398205,2021-10-26,40.8780708312988,-0.0136850324203913,2021-12-23,42.8326644897461,-0.0586937892611953
2022-01-25,40.207103729248,2021-05-20,35.6482238769531,0.127885189119963,2021-10-27,40.5803070068359,-0.00919665978685236,2021-12-23,42.8326644897461,-0.0612980955487042
2022-01-26,39.5378456115723,2021-05-21,35.5893898010254,0.110944745965639,2021-10-28,41.1758193969727,-0.0397799924661807,2021-12-27,43.7078475952149,-0.0954062534092647
2022-01-27,38.8256874084473,2021-05-21,35.5893898010254,0.0909343381697609,2021-10-29,40.6823921203613,-0.0456390250214609,2021-12-28,43.8966293334961,-0.115520075277838
2022-01-28,40.1727752685547,2021-05-21,35.5893898010254,0.128785165836062,2021-10-29,40.6823921203613,-0.0125267179545123,2021-12-29,44.1626091003418,-0.0903441602085107
2022-01-31,40.6189651489258,2021-05-26,36.1609649658203,0.123282113387162,2021-11-02,41.1588134765625,-0.0131162266848176,2021-12-31,44.454345703125,-0.0862768418595711
2022-02-01,40.3443946838379,2021-05-27,36.1189460754395,0.116987040529173,2021-11-03,41.3970184326172,-0.0254275256681269,2021-12-31,44.454345703125,-0.0924533013427795
2022-02-02,41.0393829345703,2021-05-28,36.3627090454102,0.128611811714024,2021-11-04,40.9291152954102,0.00269411245183981,2022-01-03,44.0424842834473,-0.0681864658121847
2022-02-03,40.6189651489258,2021-05-28,36.3627090454102,0.117050027768843,2021-11-05,41.0226898193359,-0.00984149679575286,2022-01-04,43.8708801269531,-0.0741246806222484
2022-02-04,40.0612411499023,2021-05-28,36.3627090454102,0.101712226662579,2021-11-05,41.0226898193359,-0.0234369972731633,2022-01-05,42.4465446472168,-0.0561954693165081
2022-02-07,40.0698204040527,2021-06-02,37.4974594116211,0.0686009407782553,2021-11-09,41.1673164367676,-0.0266594018679984,2022-01-07,42.2749404907227,-0.0521614001361833
2022-02-08,39.7094459533691,2021-06-03,37.421817779541,0.0611308672204267,2021-11-10,40.9631423950195,-0.0306054752723957,2022-01-07,42.2749404907227,-0.060685940833353
2022-02-09,40.6704368591309,2021-06-04,37.4554290771484,0.0858355613911228,2021-11-11,40.9801597595215,-0.00755787440088418,2022-01-10,42.0261192321777,-0.0322580908686158
2022-02-10,39.5121040344238,2021-06-04,37.4554290771484,0.0549099291597801,2021-11-12,40.9971733093262,-0.0362236992218319,2022-01-11,41.9574813842773,-0.0582822721758953
2022-02-11,38.9715423583984,2021-06-04,37.4554290771484,0.0404777977079691,2021-11-12,40.9971733093262,-0.0494090393902094,2022-01-12,42.069019317627,-0.0736284565095785
2022-02-14,38.5511207580566,2021-06-09,38.0522270202637,0.0131107632025662,2021-11-16,40.9716491699219,-0.0590781298996917,2022-01-14,41.4340782165527,-0.0695793796456262
2022-02-15,38.7398834228516,2021-06-10,38.4388847351074,0.00783057806745435,2021-11-17,41.2438812255859,-0.0607119826826822,2022-01-14,41.4340782165527,-0.0650236450204135
2022-02-16,38.8428382873535,2021-06-11,38.1951293945312,0.0169578923566891,2021-11-18,41.2353820800781,-0.0580216229857732,2022-01-14,41.4340782165527,-0.0625388578854403
2022-02-17,38.5082130432129,2021-06-11,38.1951293945312,0.00819695216758354,2021-11-19,41.0141944885254,-0.0611003452966412,2022-01-18,41.1509437561035,-0.064220415661759
2022-02-18,38.336612701416,2021-06-11,38.1951293945312,0.00370422378789015,2021-11-19,41.0141944885254,-0.0652842709822934,2022-01-19,40.6189651489258,-0.0561893302584575
2022-02-22,38.233642578125,2021-06-17,37.8589057922363,0.00989824660926986,2021-11-24,41.7968635559082,-0.0852509177636493,2022-01-21,40.232852935791,-0.0496909916096834
2022-02-23,37.7359886169434,2021-06-18,37.2621040344238,0.0127176012949173,2021-11-24,41.7968635559082,-0.0971574083192378,2022-01-24,40.3186531066895,-0.0640563186203656
2022-02-24,38.3880882263184,2021-06-18,37.2621040344238,0.0302179445061479,2021-11-26,40.6653823852539,-0.0560008052392333,2022-01-25,40.207103729248,-0.0452411473151316
2022-02-25,39.3490753173828,2021-06-18,37.2621040344238,0.0560078754820441,2021-11-26,40.6653823852539,-0.0323692288295909,2022-01-26,39.5378456115723,-0.00477442033751585
2022-02-28,38.6712379455566,2021-06-23,37.714714050293,0.0253620879635501,2021-11-30,40.3165817260742,-0.0408105972797161,2022-01-28,40.1727752685547,-0.0373769875982001
2022-03-01,38.5940170288086,2021-06-24,37.537052154541,0.0281579083492232,2021-12-01,39.789119720459,-0.030035916854825,2022-01-28,40.1727752685547,-0.0392992077144809
2022-03-02,39.2804412841797,2021-06-25,37.8077774047852,0.0389513475925229,2021-12-02,40.8780708312988,-0.039082801967648,2022-01-31,40.6189651489258,-0.0329531749476757
2022-03-03,39.7094459533691,2021-06-25,37.8077774047852,0.0502983428045494,2021-12-03,40.6738891601562,-0.0237116053247219,2022-02-01,40.3443946838379,-0.0157382143280269
2022-03-04,40.0440788269043,2021-06-25,37.8077774047852,0.0591492432410505,2021-12-03,40.6738891601562,-0.0154843892791278,2022-02-02,41.0393829345703,-0.024252414059267
2022-03-07,39.3147583007812,2021-06-30,37.5032157897949,0.0483036580420197,2021-12-07,41.9925346374512,-0.0637679139825424,2022-02-04,40.0612411499023,-0.0186335427384258
2022-03-08,38.9629745483398,2021-07-01,37.6554985046387,0.0347220484556883,2021-12-08,42.1711921691895,-0.0760760475534662,2022-02-04,40.0612411499023,-0.0274146923569585
2022-03-09,39.6150665283203,2021-07-02,37.8331489562988,0.0470993724069806,2021-12-09,41.6352195739746,-0.0485202928272067,2022-02-07,40.0698204040527,-0.0113490370345265
2022-03-10,39.7523536682129,2021-07-02,37.8331489562988,0.0507281250664844,2021-12-10,41.8479080200195,-0.0500754864688613,2022-02-08,39.7094459533691,0.00108054176565786
2022-03-11,39.3576545715332,2021-07-02,37.8331489562988,0.0402954989814708,2021-12-10,41.8479080200195,-0.0595072386245693,2022-02-09,40.6704368591309,-0.0322785391301477
2022-03-14,39.1174087524414,2021-07-07,38.3661308288574,0.019581800597388,2021-12-14,41.9414939880371,-0.0673339208279327,2022-02-11,38.9715423583984,0.00374289507716985
2022-03-15,39.4263038635254,2021-07-08,38.3322944641113,0.0285401491016493,2021-12-15,42.5625381469727,-0.0736853209415645,2022-02-11,38.9715423583984,0.0116690661340724
2022-03-16,39.863899230957,2021-07-09,38.8398895263672,0.0263648974566386,2021-12-16,42.7241821289062,-0.0669476337620519,2022-02-14,38.5511207580566,0.0340529262726048
2022-03-17,40.4301872253418,2021-07-09,38.8398895263672,0.0409449593798408,2021-12-17,42.5795516967773,-0.05047879523819,2022-02-15,38.7398834228516,0.0436321344605073
2022-03-18,40.5245742797852,2021-07-09,38.8398895263672,0.0433751170243235,2021-12-17,42.5795516967773,-0.048262072640556,2022-02-16,38.8428382873535,0.0432959090164937
2022-03-21,40.3166007995605,2021-07-14,39.0090942382812,0.0335179933502836,2021-12-21,42.5409393310547,-0.0522870102652008,2022-02-18,38.336612701416,0.0516474450563911
2022-03-22,40.3424835205078,2021-07-15,39.0683174133301,0.0326137953088041,2021-12-22,42.961368560791,-0.0609590692293109,2022-02-18,38.336612701416,0.0523225887147225
2022-03-23,39.8851356506348,2021-07-16,39.1106147766113,0.0198033418407582,2021-12-23,42.8326644897461,-0.0688149774062492,2022-02-18,38.336612701416,0.0403927952967413
2022-03-24,40.1958045959473,2021-07-16,39.1106147766113,0.0277466827237116,2021-12-23,42.8326644897461,-0.0615618926632517,2022-02-22,38.233642578125,0.0513203002777691
2022-03-25,40.67041015625,2021-07-16,39.1106147766113,0.0398816379785329,2021-12-23,42.8326644897461,-0.050481434187073,2022-02-23,37.7359886169434,0.0777618832010432
2022-03-28,41.1881790161133,2021-07-21,39.0767784118652,0.0540321052568382,2021-12-28,43.8966293334961,-0.0617006444118041,2022-02-25,39.3490753173828,0.0467381681499903
2022-03-29,42.3962898254395,2021-07-22,38.7975921630859,0.092755695952119,2021-12-29,44.1626091003418,-0.0399958089181075,2022-02-25,39.3490753173828,0.0774405620329917
2022-03-30,42.1633071899414,2021-07-23,39.1529121398926,0.0768881517495492,2021-12-30,44.3599548339844,-0.0495187078585595,2022-02-28,38.6712379455566,0.0903014599455305
2022-03-31,41.6973075866699,2021-07-23,39.1529121398926,0.0649861097863236,2021-12-31,44.454345703125,-0.0620195410110662,2022-03-01,38.5940170288086,0.080408591713707
2022-04-01,42.5257339477539,2021-07-23,39.1529121398926,0.0861448516475687,2021-12-31,44.454345703125,-0.0433840994590436,2022-03-02,39.2804412841797,0.0826185388319778
2022-04-04,42.3962898254395,2021-07-28,39.2290573120117,0.0807369009210921,2022-01-04,43.8708801269531,-0.0336120519407525,2022-03-04,40.0440788269043,0.0587405446059301
2022-04-05,42.4308090209961,2021-07-29,39.1106147766113,0.0848924074282331,2022-01-05,42.4465446472168,-0.000370716305684859,2022-03-04,40.0440788269043,0.0596025745631146
2022-04-06,43.0607643127441,2021-07-30,39.2375144958496,0.0974386340729849,2022-01-06,42.4980354309082,0.0132412916533706,2022-03-07,39.3147583007812,0.0952824377884691
2022-04-07,42.7069549560547,2021-07-30,39.2375144958496,0.0884215145832457,2022-01-07,42.2749404907227,0.0102191619980361,2022-03-08,38.9629745483398,0.0960907233370965
2022-04-08,42.8622817993164,2021-07-30,39.2375144958496,0.0923801456346123,2022-01-07,42.2749404907227,0.0138933680751756,2022-03-09,39.6150665283203,0.0819691989832882
2022-04-11,42.2754821777344,2021-08-04,39.2882690429688,0.0760332080677459,2022-01-11,41.9574813842773,0.00757912017035878,2022-03-11,39.3576545715332,0.0741362166512736
2022-04-12,42.1460418701172,2021-08-05,39.6012992858887,0.064259068013339,2022-01-12,42.069019317627,0.00183086161121815,2022-03-11,39.3576545715332,0.0708473949715689
2022-04-13,42.3186225891113,2021-08-06,39.5336074829102,0.0704467738595596,2022-01-13,41.9231605529785,0.00943302057661088,2022-03-14,39.1174087524414,0.0818360402379701
2022-04-14,42.0770072937012,2021-08-06,39.5336074829102,0.0643351308602558,2022-01-14,41.4340782165527,0.0155169151776036,2022-03-15,39.4263038635254,0.06723185209933
2022-04-18,41.9734497070312,2021-08-11,39.1444664001465,0.0722703249538788,2022-01-18,41.1509437561035,0.0199875355423831,2022-03-18,40.5245742797852,0.0357530079709889
2022-04-19,42.8536491394043,2021-08-12,39.2798118591309,0.0909840732712845,2022-01-19,40.6189651489258,0.0550157785232894,2022-03-18,40.5245742797852,0.0574731481085773
2022-04-20,43.6648178100586,2021-08-13,39.5420761108398,0.104262145661304,2022-01-20,40.2585792541504,0.0846090105267945,2022-03-21,40.3166007995605,0.0830480979074639
2022-04-21,43.380054473877,2021-08-13,39.5420761108398,0.0970606184733178,2022-01-21,40.232852935791,0.0782246673659623,2022-03-22,40.3424835205078,0.0752945948859349
2022-04-22,42.603401184082,2021-08-13,39.5420761108398,0.0774194320161905,2022-01-21,40.232852935791,0.0589207097014535,2022-03-23,39.8851356506348,0.0681523452059265
2022-04-25,42.4049186706543,2021-08-18,39.2459754943848,0.0804908818414134,2022-01-25,40.207103729248,0.0546623541005637,2022-03-25,40.67041015625,0.0426479228446568
2022-04-26,41.7404594421387,2021-08-19,39.5759201049805,0.0546933420983384,2022-01-26,39.5378456115723,0.0557089997316831,2022-03-25,40.67041015625,0.0263102654184626
2022-04-27,41.4902076721191,2021-08-20,39.7620391845703,0.0434627731119848,2022-01-27,38.8256874084473,0.068627767890908,2022-03-28,41.1881790161133,0.00733289655480274
2022-04-28,42.2495956420898,2021-08-20,39.7620391845703,0.0625610886295997,2022-01-28,40.1727752685547,0.0516972093576216,2022-03-29,42.3962898254395,-0.00346007124570591
2022-04-29,40.2130432128906,2021-08-20,39.7620391845703,0.0113425779353724,2022-01-28,40.1727752685547,0.001002368994095,2022-03-30,42.1633071899414,-0.0462550048141394
2022-05-02,39.1688957214355,2021-08-25,39.2713508605957,-0.00260890284940407,2022-02-01,40.3443946838379,-0.0291366117056467,2022-04-01,42.5257339477539,-0.0789366323563633
2022-05-03,39.6435165405273,2021-08-26,39.2967338562012,0.00882472028324677,2022-02-02,41.0393829345703,-0.0340128504434002,2022-04-01,42.5257339477539,-0.0677758415825954
2022-05-04,40.1094970703125,2021-08-27,39.6182136535645,0.0124004434183731,2022-02-03,40.6189651489258,-0.012542615912182,2022-04-04,42.3962898254395,-0.0539385112363013
2022-05-05,39.0826072692871,2021-08-27,39.6182136535645,-0.0135191957154069,2022-02-04,40.0612411499023,-0.0244284463617427,2022-04-05,42.4308090209961,-0.0789096844713045
2022-05-06,38.6856536865234,2021-08-27,39.6182136535645,-0.0235386677247906,2022-02-04,40.0612411499023,-0.0343371154735742,2022-04-06,43.0607643127441,-0.10160318090141
2022-05-09,36.8820953369141,2021-09-01,41.0310363769531,-0.101117139765192,2022-02-08,39.7094459533691,-0.071200958577343,2022-04-08,42.8622817993164,-0.139520954353338
2022-05-10,36.062313079834,2021-09-02,41.2256164550781,-0.1252450252835,2022-02-09,40.6704368591309,-0.113304014787397,2022-04-08,42.8622817993164,-0.158646913650567
2022-05-11,36.0105323791504,2021-09-03,41.2256164550781,-0.126501057458059,2022-02-10,39.5121040344238,-0.0886202276705587,2022-04-11,42.2754821777344,-0.148193455777628
2022-05-12,36.2780494689941,2021-09-03,41.2256164550781,-0.120011958862402,2022-02-11,38.9715423583984,-0.0691143518168673,2022-04-12,42.1460418701172,-0.139229976072406
2022-05-13,37.1841316223145,2021-09-03,41.2256164550781,-0.0980333389839667,2022-02-11,38.9715423583984,-0.0458645110744198,2022-04-13,42.3186225891113,-0.12132934988574
2022-05-16,36.8820953369141,2021-09-08,41.0141143798828,-0.100746270044916,2022-02-15,38.7398834228516,-0.0479554382149132,2022-04-14,42.0770072937012,-0.123462011462131
2022-05-17,37.2790565490723,2021-09-09,40.1427307128906,-0.0713373034908854,2022-02-16,38.8428382873535,-0.0402592036841549,2022-04-14,42.0770072937012,-0.114027851627821
2022-05-18,36.1917495727539,2021-09-10,39.6351318359375,-0.0868770230773257,2022-02-17,38.5082130432129,-0.0601550497256131,2022-04-18,41.9734497070312,-0.137746603498945
2022-05-19,36.1227149963379,2021-09-10,39.6351318359375,-0.0886187752355316,2022-02-18,38.336612701416,-0.05774891282965,2022-04-19,42.8536491394043,-0.157067934195533
2022-05-20,36.5455589294434,2021-09-10,39.6351318359375,-0.0779503628064837,2022-02-18,38.336612701416,-0.0467191451138953,2022-04-20,43.6648178100586,-0.163043366208097
2022-05-23,37.0201644897461,2021-09-15,39.9227867126465,-0.0727059021153178,2022-02-22,38.233642578125,-0.0317384901503783,2022-04-22,42.603401184082,-0.131051431086728
2022-05-24,37.4516487121582,2021-09-16,39.9989242553711,-0.0636836012626223,2022-02-23,37.7359886169434,-0.0075349796098223,2022-04-22,42.603401184082,-0.120923502085291
2022-05-25,37.6587448120117,2021-09-17,39.6351318359375,-0.049864525040731,2022-02-24,38.3880882263184,-0.018999211682717,2022-04-25,42.4049186706543,-0.11192507868025
2022-05-26,37.6155967712402,2021-09-17,39.6351318359375,-0.050953156231617,2022-02-25,39.3490753173828,-0.0440538572294428,2022-04-26,41.7404594421387,-0.0988216882618742
2022-05-27,38.6770133972168,2021-09-17,39.6351318359375,-0.0241734641551505,2022-02-25,39.3490753173828,-0.017079484454089,2022-04-27,41.4902076721191,-0.0678038128209412
2022-05-31,38.1592597961426,2021-09-23,39.5083694458008,-0.0341474393548175,2022-03-02,39.2804412841797,-0.0285429962440027,2022-04-29,40.2130432128906,-0.0510725688149286
2022-06-01,37.7450370788574,2021-09-24,39.0574760437012,-0.0336027592611277,2022-03-03,39.7094459533691,-0.0494695613939949,2022-05-02,39.1688957214355,-0.0363517688296457
2022-06-02,38.314582824707,2021-09-24,39.0574760437012,-0.0190205126967989,2022-03-04,40.0440788269043,-0.043189806155193,2022-05-03,39.6435165405273,-0.0335220947027177
2022-06-03,37.8313369750977,2021-09-24,39.0574760437012,-0.0313931977384201,2022-03-04,40.0440788269043,-0.0552576539810418,2022-05-04,40.1094970703125,-0.056798520590303
2022-06-06,37.7191543579102,2021-09-29,38.4279327392578,-0.0184443536465224,2022-03-08,38.9629745483398,-0.0319231322774527,2022-05-06,38.6856536865234,-0.0249834043504857
2022-06-07,38.1592597961426,2021-09-30,37.8154106140137,0.0090928321693664,2022-03-09,39.6150665283203,-0.0367488145233076,2022-05-06,38.6856536865234,-0.0136069534883996
2022-06-08,37.2445297241211,2021-10-01,38.223762512207,-0.0256184301002085,2022-03-10,39.7523536682129,-0.0630861750985359,2022-05-09,36.8820953369141,0.00982683830450037
2022-06-09,36.3902244567871,2021-10-01,38.223762512207,-0.0479685393303281,2022-03-11,39.3576545715332,-0.0753965180865322,2022-05-10,36.062313079834,0.00909291026971015
2022-06-10,35.5272789001465,2021-10-01,38.223762512207,-0.0705446935319203,2022-03-11,39.3576545715332,-0.0973222544149562,2022-05-11,36.0105323791504,-0.0134197815771172
2022-06-13,33.8186569213867,2021-10-06,38.3343620300293,-0.117797841662402,2022-03-15,39.4263038635254,-0.142231109503686,2022-05-13,37.1841316223145,-0.090508358111235
2022-06-14,33.5770378112793,2021-10-07,38.3768882751465,-0.125071382271909,2022-03-16,39.863899230957,-0.157708140472008,2022-05-13,37.1841316223145,-0.0970062672882352
2022-06-15,34.3450584411621,2021-10-08,37.9600296020508,-0.095230988984618,2022-03-17,40.4301872253418,-0.150509537595352,2022-05-16,36.8820953369141,-0.0687877647019886
2022-06-16,33.5252685546875,2021-10-08,37.9600296020508,-0.116827122998969,2022-03-18,40.5245742797852,-0.172717563342525,2022-05-17,37.2790565490723,-0.100694286333225
2022-06-17,33.7237358093262,2021-10-08,37.9600296020508,-0.111598801084595,2022-03-18,40.5245742797852,-0.167820108941933,2022-05-18,36.1917495727539,-0.0681927177481834
2022-06-21,34.3518028259277,2021-10-14,39.2871856689453,-0.125623221897484,2022-03-23,39.8851356506348,-0.13873170378998,2022-05-20,36.5455589294434,-0.0600279806296299
2022-06-22,34.9085235595703,2021-10-15,39.3042030334473,-0.111837389760487,2022-03-24,40.1958045959473,-0.131538131641481,2022-05-23,37.0201644897461,-0.0570402903196355
2022-06-23,35.5957298278809,2021-10-15,39.3042030334473,-0.0943530950725692,2022-03-25,40.67041015625,-0.12477573520584,2022-05-24,37.4516487121582,-0.0495550649463088
2022-06-24,36.3699340820312,2021-10-15,39.3042030334473,-0.0746553479005542,2022-03-25,40.67041015625,-0.105739678004154,2022-05-25,37.6587448120117,-0.0342234117577224
2022-06-27,36.2394485473633,2021-10-20,40.1549491882324,-0.0975097894537144,2022-03-29,42.3962898254395,-0.145221228164683,2022-05-27,38.6770133972168,-0.0630236059030588
2022-06-28,35.7436180114746,2021-10-21,40.282543182373,-0.112677224731049,2022-03-30,42.1633071899414,-0.152257723748916,2022-05-27,38.6770133972168,-0.075843379001784
2022-06-29,35.5174407958984,2021-10-22,40.5718002319336,-0.124578140657829,2022-03-31,41.6973075866699,-0.148207813608261,2022-05-27,38.6770133972168,-0.0816912249368696
2022-06-30,35.5435409545898,2021-10-22,40.5718002319336,-0.123934832780382,2022-04-01,42.5257339477539,-0.1641874776751,2022-05-31,38.1592597961426,-0.068547420875736
2022-07-01,36.1785507202149,2021-10-22,40.5718002319336,-0.108283327005561,2022-04-01,42.5257339477539,-0.149255113041366,2022-06-01,37.7450370788574,-0.0415017835422932
2022-07-05,36.0306701660156,2021-10-28,41.1758193969727,-0.124955600308838,2022-04-06,43.0607643127441,-0.163259855205308,2022-06-03,37.8313369750977,-0.0475972289921267
2022-07-06,36.0045738220215,2021-10-29,40.6823921203613,-0.114983855533869,2022-04-07,42.7069549560547,-0.15693886723907,2022-06-06,37.7191543579102,-0.045456494586791
2022-07-07,36.0306701660156,2021-10-29,40.6823921203613,-0.114342390206144,2022-04-08,42.8622817993164,-0.159385159784231,2022-06-07,38.1592597961426,-0.0557817327038961
2022-07-08,35.8653984069824,2021-10-29,40.6823921203613,-0.118404878924709,2022-04-08,42.8622817993164,-0.163241038475128,2022-06-08,37.2445297241211,-0.0370290973561543
2022-07-11,35.8653984069824,2021-11-03,41.3970184326172,-0.13362363365948,2022-04-12,42.1460418701172,-0.149020956285528,2022-06-10,35.5272789001465,0.00951717996152368
2022-07-12,35.6392250061035,2021-11-04,40.9291152954102,-0.129245165724358,2022-04-13,42.3186225891113,-0.157835892908443,2022-06-10,35.5272789001465,0.00315099015243114
2022-07-13,35.4478492736816,2021-11-05,41.0226898193359,-0.135896514104899,2022-04-14,42.0770072937012,-0.157548229933451,2022-06-13,33.8186569213867,0.0481743658857319
2022-07-14,35.0998878479004,2021-11-05,41.0226898193359,-0.144378684028755,2022-04-14,42.0770072937012,-0.165817863354679,2022-06-14,33.5770378112793,0.0453539125511999
2022-07-15,35.6653251647949,2021-11-05,41.0226898193359,-0.130595157902489,2022-04-14,42.0770072937012,-0.152379709045183,2022-06-15,34.3450584411621,0.0384412425995611
2022-07-18,35.3173599243164,2021-11-10,40.9631423950195,-0.137825912286201,2022-04-19,42.8536491394043,-0.175861084561833,2022-06-17,33.7237358093262,0.0472552662611454
2022-07-19,36.2916412353516,2021-11-11,40.9801597595215,-0.114409474040193,2022-04-20,43.6648178100586,-0.168858521448097,2022-06-17,33.7237358093262,0.07614534286902
2022-07-20,36.1089630126953,2021-11-12,40.9971733093262,-0.119232861732906,2022-04-21,43.380054473877,-0.167613700567394,2022-06-17,33.7237358093262,0.0707284393655319
2022-07-21,36.4830169677734,2021-11-12,40.9971733093262,-0.110108965500942,2022-04-22,42.603401184082,-0.143659521216709,2022-06-21,34.3518028259277,0.0620408236692931
2022-07-22,36.7613677978516,2021-11-12,40.9971733093262,-0.103319452770931,2022-04-22,42.603401184082,-0.137125985810101,2022-06-22,34.9085235595703,0.0530771298625514
2022-07-25,36.7874755859375,2021-11-17,41.2438812255859,-0.108050103608675,2022-04-26,41.7404594421387,-0.118661459945526,2022-06-24,36.3699340820312,0.0114804030979132
2022-07-26,36.8570594787598,2021-11-18,41.2353820800781,-0.106178780951169,2022-04-27,41.4902076721191,-0.111668474401799,2022-06-24,36.3699340820312,0.0133936288042156
2022-07-27,37.0571327209473,2021-11-19,41.0141944885254,-0.0964802994896119,2022-04-28,42.2495956420898,-0.12289970690204,2022-06-27,36.2394485473633,0.0225633724121193
2022-07-28,38.4228591918945,2021-11-19,41.0141944885254,-0.0631814260635021,2022-04-29,40.2130432128906,-0.044517496761405,2022-06-28,35.7436180114746,0.0749571903873809
2022-07-29,38.5707397460938,2021-11-19,41.0141944885254,-0.0595758315603455,2022-04-29,40.2130432128906,-0.0408400691810966,2022-06-29,35.5174407958984,0.0859661868021726
2022-08-01,38.2227897644043,2021-11-24,41.7968635559082,-0.0855105739387159,2022-05-03,39.6435165405273,-0.0358375568088327,2022-07-01,36.1785507202149,0.0565041717673678
2022-08-02,37.7182540893555,2021-11-24,41.7968635559082,-0.0975817111515345,2022-05-04,40.1094970703125,-0.0596178749577725,2022-07-01,36.1785507202149,0.0425584590451906
2022-08-03,37.874828338623,2021-11-26,40.6653823852539,-0.068622348615681,2022-05-05,39.0826072692871,-0.0309032333063713,2022-07-01,36.1785507202149,0.0468862788762956
2022-08-04,37.9096260070801,2021-11-26,40.6653823852539,-0.0677666412199563,2022-05-06,38.6856536865234,-0.0200598311128887,2022-07-05,36.0306701660156,0.0521487896951942
2022-08-05,38.0314178466797,2021-11-26,40.6653823852539,-0.0647716653349202,2022-05-06,38.6856536865234,-0.0169115880823713,2022-07-06,36.0045738220215,0.0562940707110529
2022-08-08,38.3097801208496,2021-12-01,39.789119720459,-0.0371795005771066,2022-05-10,36.062313079834,0.0623217661063569,2022-07-08,35.8653984069824,0.0681543164843612
2022-08-09,38.6142387390137,2021-12-02,40.8780708312988,-0.0553801108087475,2022-05-11,36.0105323791504,0.0723040229577609,2022-07-08,35.8653984069824,0.0766432398391006
2022-08-10,39.1361656188965,2021-12-03,40.6738891601562,-0.0378061595045628,2022-05-12,36.2780494689941,0.0787836223759795,2022-07-11,35.8653984069824,0.0911956190978012
2022-08-11,38.953498840332,2021-12-03,40.6738891601562,-0.0422971679214167,2022-05-13,37.1841316223145,0.0475839327374736,2022-07-12,35.6392250061035,0.0929951151760711
2022-08-12,39.6146011352539,2021-12-03,40.6738891601562,-0.0260434408111631,2022-05-13,37.1841316223145,0.0653630838451775,2022-07-13,35.4478492736816,0.117545970967155
2022-08-15,39.7885856628418,2021-12-08,42.1711921691895,-0.0564984384787776,2022-05-17,37.2790565490723,0.0673173987240292,2022-07-15,35.6653251647949,0.115609782863186
2022-08-16,39.6320037841797,2021-12-09,41.6352195739746,-0.0481134916614465,2022-05-18,36.1917495727539,0.0950563112322065,2022-07-15,35.6653251647949,0.111219471603199
2022-08-17,39.518913269043,2021-12-10,41.8479080200195,-0.0556537915793163,2022-05-19,36.1227149963379,0.0940183558475431,2022-07-18,35.3173599243164,0.118965668830578
2022-08-18,39.2492446899414,2021-12-10,41.8479080200195,-0.0620978073464259,2022-05-20,36.5455589294434,0.0739812398468966,2022-07-19,36.2916412353516,0.0814954450643266
2022-08-19,38.8665046691895,2021-12-10,41.8479080200195,-0.0712437847407763,2022-05-20,36.5455589294434,0.0635082841181065,2022-07-20,36.1089630126953,0.0763672347922213
2022-08-22,38.057502746582,2021-12-15,42.5625381469727,-0.10584508341195,2022-05-24,37.4516487121582,0.0161769656412254,2022-07-22,36.7613677978516,0.0352580718937836
2022-08-23,37.4833831787109,2021-12-16,42.7241821289062,-0.122665869515838,2022-05-25,37.6587448120117,-0.00465659793432227,2022-07-22,36.7613677978516,0.0196406016454473
2022-08-24,37.7791481018066,2021-12-17,42.5795516967773,-0.112739646231034,2022-05-26,37.6155967712402,0.00434796586004049,2022-07-25,36.7874755859375,0.0269567971184252
2022-08-25,38.3619651794434,2021-12-17,42.5795516967773,-0.0990519239697207,2022-05-27,38.6770133972168,-0.00814561906675315,2022-07-26,36.8570594787598,0.0408308671925075
2022-08-26,37.3876991271973,2021-12-17,42.5795516967773,-0.121933002173271,2022-05-27,38.6770133972168,-0.0333354144172958,2022-07-27,37.0571327209473,0.00892045287851273
2022-08-29,37.0658378601074,2021-12-22,42.961368560791,-0.137228652116641,2022-05-31,38.1592597961426,-0.0286541704916846,2022-07-29,38.5707397460938,-0.039016671598546
2022-08-30,36.5352096557617,2021-12-23,42.8326644897461,-0.147024587636661,2022-06-01,37.7450370788574,-0.0320526224565131,2022-07-29,38.5707397460938,-0.0527739448019837
2022-08-31,36.4047241210938,2021-12-23,42.8326644897461,-0.150070990101285,2022-06-02,38.314582824707,-0.0498467832039584,2022-08-01,38.2227897644043,-0.0475649646327924
2022-09-01,36.5352096557617,2021-12-23,42.8326644897461,-0.147024587636661,2022-06-03,37.8313369750977,-0.034260679716107,2022-08-02,37.7182540893555,-0.0313653020840012
2022-09-02,35.9088935852051,2021-12-23,42.8326644897461,-0.161646981037066,2022-06-03,37.8313369750977,-0.0508161630966947,2022-08-03,37.874828338623,-0.0519061033317793
2022-09-06,36.2829475402832,2021-12-30,44.3599548339844,-0.182078798861025,2022-06-08,37.2445297241211,-0.0258180782778181,2022-08-05,38.0314178466797,-0.0459743655481184
2022-09-07,36.9788475036621,2021-12-31,44.454345703125,-0.16816124680781,2022-06-09,36.3902244567871,0.0161753068485186,2022-08-08,38.3097801208496,-0.0347413274884122
2022-09-08,37.0832405090332,2021-12-31,44.454345703125,-0.165812927341626,2022-06-10,35.5272789001465,0.0437962505729732,2022-08-09,38.6142387390137,-0.039648541055754
2022-09-09,37.439884185791,2021-12-31,44.454345703125,-0.157790231897191,2022-06-10,35.5272789001465,0.0538348374785507,2022-08-10,39.1361656188965,-0.0433430666055448
2022-09-12,37.7530555725098,2022-01-05,42.4465446472168,-0.110574114187992,2022-06-14,33.5770378112793,0.124371238008007,2022-08-12,39.6146011352539,-0.0469913998726978
2022-09-13,36.3177375793457,2022-01-06,42.4980354309082,-0.145425495294017,2022-06-15,34.3450584411621,0.0574370587129169,2022-08-12,39.6146011352539,-0.0832234444227247
2022-09-14,35.8740997314453,2022-01-07,42.2749404907227,-0.151409811225684,2022-06-16,33.5252685546875,0.0700615171188359,2022-08-15,39.7885856628418,-0.0983821331214643
2022-09-15,35.0911979675293,2022-01-07,42.2749404907227,-0.16992909841635,2022-06-17,33.7237358093262,0.0405489524035756,2022-08-16,39.6320037841797,-0.114574217376892
2022-09-16,35.0998878479004,2022-01-07,42.2749404907227,-0.169723542115851,2022-06-17,33.7237358093262,0.0408066308654229,2022-08-17,39.518913269043,-0.111820519735906
2022-09-19,35.0331840515137,2022-01-12,42.069019317627,-0.167245050639088,2022-06-21,34.3518028259277,0.0198353847406125,2022-08-19,38.8665046691895,-0.0986278712300712
2022-09-20,34.1114845275879,2022-01-13,41.9231605529785,-0.186333184863746,2022-06-22,34.9085235595703,-0.0228322183441044,2022-08-19,38.8665046691895,-0.122342366057193
2022-09-21,33.611141204834,2022-01-14,41.4340782165527,-0.188804417726699,2022-06-23,35.5957298278809,-0.0557535589983161,2022-08-22,38.057502746582,-0.116832719460222
2022-09-22,33.2951278686523,2022-01-14,41.4340782165527,-0.196431312055807,2022-06-24,36.3699340820312,-0.084542529179288,2022-08-23,37.4833831787109,-0.111736320334002
2022-09-23,32.8825607299805,2022-01-14,41.4340782165527,-0.206388505661409,2022-06-24,36.3699340820312,-0.0958861609203118,2022-08-24,37.7791481018066,-0.129610846666815
2022-09-26,31.9959754943848,2022-01-19,40.6189651489258,-0.21228974256054,2022-06-28,35.7436180114746,-0.104847878462856,2022-08-26,37.3876991271973,-0.144211164599063
2022-09-27,31.5746288299561,2022-01-20,40.2585792541504,-0.215704343895819,2022-06-29,35.5174407958984,-0.111010587406897,2022-08-26,37.3876991271973,-0.155480824788508
2022-09-28,32.1715393066406,2022-01-21,40.232852935791,-0.200366442867368,2022-06-30,35.5435409545898,-0.0948696037982615,2022-08-29,37.0658378601074,-0.132043381076092
2022-09-29,31.2761821746826,2022-01-21,40.232852935791,-0.222620821232903,2022-07-01,36.1785507202149,-0.135504834990336,2022-08-30,36.5352096557617,-0.143944089294414
2022-09-30,31.6097450256348,2022-01-21,40.232852935791,-0.214330013432509,2022-07-01,36.1785507202149,-0.126284928600726,2022-08-31,36.4047241210938,-0.131713100736853
2022-10-03,32.197868347168,2022-01-26,39.5378456115723,-0.185644340273714,2022-07-05,36.0306701660156,-0.106376090180603,2022-09-02,35.9088935852051,-0.103345574522689
2022-10-04,32.7070007324219,2022-01-27,38.8256874084473,-0.157593775781911,2022-07-06,36.0045738220215,-0.0915876162262116,2022-09-02,35.9088935852051,-0.0891671263885007
2022-10-05,32.1013145446777,2022-01-28,40.1727752685547,-0.200918673651977,2022-07-07,36.0306701660156,-0.109055857224773,2022-09-02,35.9088935852051,-0.106034429367551
2022-10-06,31.047945022583,2022-01-28,40.1727752685547,-0.227139653284401,2022-07-08,35.8653984069824,-0.134320364428505,2022-09-06,36.2829475402832,-0.144282724326298
2022-10-07,30.3105926513672,2022-01-28,40.1727752685547,-0.245494182347595,2022-07-08,35.8653984069824,-0.154879243012502,2022-09-07,36.9788475036621,-0.180326194634231
2022-10-10,29.9682521820068,2022-02-02,41.0393829345703,-0.269768450715118,2022-07-12,35.6392250061035,-0.159121665050951,2022-09-09,37.439884185791,-0.19956343792911
2022-10-11,30.2491455078125,2022-02-03,40.6189651489258,-0.255295022979864,2022-07-13,35.4478492736816,-0.146657804983642,2022-09-09,37.439884185791,-0.192060922044933
2022-10-12,29.8453559875488,2022-02-04,40.0612411499023,-0.255006706460427,2022-07-14,35.0998878479004,-0.14970224073425,2022-09-12,37.7530555725098,-0.209458531635225
2022-10-13,30.4071483612061,2022-02-04,40.0612411499023,-0.240983367254457,2022-07-15,35.6653251647949,-0.147431063064559,2022-09-13,36.3177375793457,-0.162746624985282
2022-10-14,29.6434593200684,2022-02-04,40.0612411499023,-0.260046407220695,2022-07-15,35.6653251647949,-0.168843710716276,2022-09-14,35.8740997314453,-0.173680746221361
2022-10-17,30.7494983673096,2022-02-09,40.6704368591309,-0.243934888778898,2022-07-19,36.2916412353516,-0.152711276740039,2022-09-16,35.0998878479004,-0.123943116269845
2022-10-18,31.1532878875732,2022-02-10,39.5121040344238,-0.21155077288641,2022-07-20,36.1089630126953,-0.137242244353008,2022-09-16,35.0998878479004,-0.11243910457575
2022-10-19,30.3720397949219,2022-02-11,38.9715423583984,-0.22066107839387,2022-07-21,36.4830169677734,-0.167501968881838,2022-09-19,35.0331840515137,-0.13304940395192
2022-10-20,30.2228126525879,2022-02-11,38.9715423583984,-0.224490209429065,2022-07-22,36.7613677978516,-0.177864849349969,2022-09-20,34.1114845275879,-0.113998904734123
2022-10-21,30.4334869384766,2022-02-11,38.9715423583984,-0.219084360105699,2022-07-22,36.7613677978516,-0.172133988435132,2022-09-21,33.611141204834,-0.0945416951775625
2022-10-24,30.4159317016602,2022-02-16,38.8428382873535,-0.216948785342419,2022-07-26,36.8570594787598,-0.174759676116092,2022-09-23,32.8825607299805,-0.0750132889155246
2022-10-25,31.6185169219971,2022-02-17,38.5082130432129,-0.178914978825021,2022-07-27,37.0571327209473,-0.146762995396995,2022-09-23,32.8825607299805,-0.038441160904811
2022-10-26,31.5570735931396,2022-02-18,38.336612701416,-0.176842413310708,2022-07-28,38.4228591918945,-0.178690127261618,2022-09-26,31.9959754943848,-0.0137174095949082
2022-10-27,31.5746288299561,2022-02-18,38.336612701416,-0.176384489785927,2022-07-29,38.5707397460938,-0.181383892613733,2022-09-27,31.5746288299561,0
2022-10-28,32.3207626342773,2022-02-18,38.336612701416,-0.156921794682097,2022-07-29,38.5707397460938,-0.162039337408595,2022-09-28,32.1715393066406,0.0046383645561503
2022-10-31,32.2417602539062,2022-02-23,37.7359886169434,-0.145596513153765,2022-08-02,37.7182540893555,-0.145194786123326,2022-09-30,31.6097450256348,0.0199943159224767
2022-11-01,32.1890907287598,2022-02-24,38.3880882263184,-0.161482318708141,2022-08-03,37.874828338623,-0.150119165135997,2022-09-30,31.6097450256348,0.0183280726451656
2022-11-02,31.346399307251,2022-02-25,39.3490753173828,-0.203376469347339,2022-08-04,37.9096260070801,-0.173128236575147,2022-10-03,32.197868347168,-0.0264448885477813
2022-11-03,31.3288516998291,2022-02-25,39.3490753173828,-0.203822416482827,2022-08-05,38.0314178466797,-0.176237608965077,2022-10-04,32.7070007324219,-0.0421362094270735
2022-11-04,31.7677459716797,2022-02-25,39.3490753173828,-0.192668551536559,2022-08-05,38.0314178466797,-0.164697301064384,2022-10-05,32.1013145446777,-0.0103911187977612
2022-11-07,31.7589797973633,2022-03-02,39.2804412841797,-0.191481084247536,2022-08-09,38.6142387390137,-0.17753189407627,2022-10-07,30.3105926513672,0.0477848507502132
2022-11-08,31.9520854949951,2022-03-03,39.7094459533691,-0.195353026770595,2022-08-10,39.1361656188965,-0.183566274577308,2022-10-07,30.3105926513672,0.0541557488666884
2022-11-09,31.6009674072266,2022-03-04,40.0440788269043,-0.21084544000061,2022-08-11,38.953498840332,-0.188751502483591,2022-10-10,29.9682521820068,0.0544814964617795
2022-11-10,34.0237045288086,2022-03-04,40.0440788269043,-0.150343683122779,2022-08-12,39.6146011352539,-0.141132220096238,2022-10-11,30.2491455078125,0.124782335422375
2022-11-11,34.0061531066895,2022-03-04,40.0440788269043,-0.150781985679195,2022-08-12,39.6146011352539,-0.141575274465489,2022-10-12,29.8453559875488,0.139411877709767
2022-11-14,33.1020011901855,2022-03-09,39.6150665283203,-0.164408794655908,2022-08-16,39.6320037841797,-0.164765895500868,2022-10-14,29.6434593200684,0.116671331533017
2022-11-15,33.5145835876465,2022-03-10,39.7523536682129,-0.156915742213128,2022-08-17,39.518913269043,-0.151935597027157,2022-10-14,29.6434593200684,0.130589491117773
2022-11-16,33.2775726318359,2022-03-11,39.3576545715332,-0.154482832015475,2022-08-18,39.2492446899414,-0.152147438894177,2022-10-17,30.7494983673096,0.0822151384171528
2022-11-17,32.9791145324707,2022-03-11,39.3576545715332,-0.162066060808308,2022-08-19,38.8665046691895,-0.151477221500338,2022-10-18,31.1532878875732,0.0586078314265432
2022-11-18,33.4004707336426,2022-03-11,39.3576545715332,-0.151360234819464,2022-08-19,38.8665046691895,-0.140636107673453,2022-10-19,30.3720397949219,0.0997111474622474
2022-11-21,33.6374740600586,2022-03-16,39.863899230957,-0.156192075813376,2022-08-23,37.4833831787109,-0.102603041468164,2022-10-21,30.4334869384766,0.10527834447821
2022-11-22,33.804256439209,2022-03-17,40.4301872253418,-0.163885730956488,2022-08-24,37.7791481018066,-0.105213904026798,2022-10-21,30.4334869384766,0.110758570240297
2022-11-23,33.8569183349609,2022-03-18,40.5245742797852,-0.164533645653873,2022-08-25,38.3619651794434,-0.117435246693162,2022-10-24,30.4159317016602,0.113131061282366
2022-11-25,34.0588150024414,2022-03-18,40.5245742797852,-0.159551565741409,2022-08-26,37.3876991271973,-0.089036881179305,2022-10-26,31.5570735931396,0.079276723867248
2022-11-28,33.1020011901855,2022-03-23,39.8851356506348,-0.170066726608745,2022-08-30,36.5352096557617,-0.0939698580608732,2022-10-28,32.3207626342773,0.0241714146645684
2022-11-29,33.6550369262695,2022-03-24,40.1958045959473,-0.162722645694651,2022-08-31,36.4047241210938,-0.0755310543125634,2022-10-28,32.3207626342773,0.0412822651213416
2022-11-30,34.4450492858887,2022-03-25,40.67041015625,-0.153068553930102,2022-09-01,36.5352096557617,-0.0572094806507678,2022-10-31,32.2417602539062,0.068336499453856
2022-12-01,34.3748321533203,2022-03-25,40.67041015625,-0.154795045802168,2022-09-02,35.9088935852051,-0.0427209328587284,2022-11-01,32.1890907287598,0.0679031738727454
2022-12-02,34.2080497741699,2022-03-25,40.67041015625,-0.158895874353187,2022-09-02,35.9088935852051,-0.0473655309651736,2022-11-02,31.346399307251,0.0912912018656316
2022-12-05,33.6286926269531,2022-03-30,42.1633071899414,-0.202418053321593,2022-09-06,36.2829475402832,-0.0731543353908386,2022-11-04,31.7677459716797,0.0585797512021291
2022-12-06,33.3741302490234,2022-03-31,41.6973075866699,-0.199609466878559,2022-09-07,36.9788475036621,-0.0974805192152537,2022-11-04,31.7677459716797,0.0505665173341479
2022-12-07,33.4443550109863,2022-04-01,42.5257339477539,-0.213550198755529,2022-09-08,37.0832405090332,-0.098127495011135,2022-11-07,31.7589797973633,0.0530676748553167
2022-12-08,33.6901435852051,2022-04-01,42.5257339477539,-0.207770437857793,2022-09-09,37.439884185791,-0.100153637815178,2022-11-08,31.9520854949951,0.0543957636343393
2022-12-09,33.6199150085449,2022-04-01,42.5257339477539,-0.209421875002803,2022-09-09,37.439884185791,-0.102029406883043,2022-11-09,31.6009674072266,0.0638887909759582
2022-12-12,33.9008178710938,2022-04-06,43.0607643127441,-0.212721408638338,2022-09-13,36.3177375793457,-0.0665492915953686,2022-11-11,34.0061531066895,-0.00309753459220241
2022-12-13,34.6469497680664,2022-04-07,42.7069549560547,-0.188728163744805,2022-09-14,35.8740997314453,-0.0342071291702201,2022-11-11,34.0061531066895,0.0188435504411966
2022-12-14,34.3133811950684,2022-04-08,42.8622817993164,-0.199450431600317,2022-09-15,35.0911979675293,-0.0221655804735041,2022-11-14,33.1020011901855,0.0365953707125712
2022-12-15,33.9183616638184,2022-04-08,42.8622817993164,-0.208666448915949,2022-09-16,35.0998878479004,-0.0336618222030218,2022-11-15,33.5145835876465,0.0120478321061612
2022-12-16,32.9176712036133,2022-04-08,42.8622817993164,-0.232013093522747,2022-09-16,35.0998878479004,-0.0621716130189187,2022-11-16,33.2775726318359,-0.0108151346314949
2022-12-19,32.5279388427734,2022-04-13,42.3186225891113,-0.231356389866457,2022-09-20,34.1114845275879,-0.0464226552067457,2022-11-18,33.4004707336426,-0.0261233411297489
2022-12-20,32.4569206237793,2022-04-14,42.0770072937012,-0.228630487020449,2022-09-21,33.611141204834,-0.034340416292937,2022-11-18,33.4004707336426,-0.0282496051444237
2022-12-21,32.7853965759277,2022-04-14,42.0770072937012,-0.220823944367459,2022-09-22,33.2951278686523,-0.015309485962495,2022-11-21,33.6374740600586,-0.0253311970634151
2022-12-22,32.6255989074707,2022-04-14,42.0770072937012,-0.224621687570573,2022-09-23,32.8825607299805,-0.0078145319830728,2022-11-22,33.804256439209,-0.0348671337841105
2022-12-23,32.9185562133789,2022-04-14,42.0770072937012,-0.21765927924473,2022-09-23,32.8825607299805,0.00109466789080148,2022-11-23,33.8569183349609,-0.0277155207186435
2022-12-27,32.8919258117676,2022-04-21,43.380054473877,-0.241773063434607,2022-09-28,32.1715393066406,0.0223920434226241,2022-11-25,34.0588150024414,-0.0342610038132619
2022-12-28,32.3681449890137,2022-04-22,42.603401184082,-0.240245048766026,2022-09-29,31.2761821746826,0.0349135584462408,2022-11-28,33.1020011901855,-0.0221695418641171
2022-12-29,33.0872344970703,2022-04-22,42.603401184082,-0.223366360960102,2022-09-30,31.6097450256348,0.0467415814407024,2022-11-29,33.6550369262695,-0.0168712466559803
2022-12-30,32.7853965759277,2022-04-22,42.603401184082,-0.230451192517057,2022-09-30,31.6097450256348,0.037192693245059,2022-11-30,34.4450492858887,-0.0481826196904546
2023-01-03,32.9096870422363,2022-04-28,42.2495956420898,-0.221065041165717,2022-10-05,32.1013145446777,0.0251819126108845,2022-12-02,34.2080497741699,-0.0379548889955712
2023-01-04,33.6642837524414,2022-04-29,40.2130432128906,-0.162851625672289,2022-10-06,31.047945022583,0.0842676939795977,2022-12-05,33.6286926269531,0.00105835590705516
2023-01-05,32.6788673400879,2022-04-29,40.2130432128906,-0.187356520940638,2022-10-07,30.3105926513672,0.07813356591079,2022-12-06,33.3741302490234,-0.0208323903498846
2023-01-06,33.6287803649902,2022-04-29,40.2130432128906,-0.163734508056077,2022-10-07,30.3105926513672,0.109472874773149,2022-12-07,33.4443550109863,0.00551439410158516
2023-01-09,33.6110229492188,2022-05-04,40.1094970703125,-0.162018339689023,2022-10-11,30.2491455078125,0.111139583778919,2022-12-09,33.6199150085449,-0.000264487858577578
2023-01-10,33.7086753845215,2022-05-05,39.0826072692871,-0.137501877695573,2022-10-12,29.8453559875488,0.129444574177115,2022-12-09,33.6199150085449,0.00264011303877498
2023-01-11,34.9338035583496,2022-05-06,38.6856536865234,-0.0969829838879219,2022-10-13,30.4071483612061,0.148868126118618,2022-12-12,33.9008178710938,0.0304708190576328
2023-01-12,35.3244209289551,2022-05-06,38.6856536865234,-0.0868857686832698,2022-10-14,29.6434593200684,0.19164300453425,2022-12-13,34.6469497680664,0.0195535585505737
2023-01-13,35.1202354431152,2022-05-06,38.6856536865234,-0.0921638360385326,2022-10-14,29.6434593200684,0.18475495939636,2022-12-14,34.3133811950684,0.0235142740221368
2023-01-17,35.1291122436523,2022-05-12,36.2780494689941,-0.0316703142026354,2022-10-19,30.3720397949219,0.156626702745393,2022-12-16,32.9176712036133,0.0671809687374336
2023-01-18,34.5875701904297,2022-05-13,37.1841316223145,-0.0698298257509005,2022-10-20,30.2228126525879,0.144419302995218,2022-12-19,32.5279388427734,0.0633188397706861
2023-01-19,34.4188919067383,2022-05-13,37.1841316223145,-0.0743661232609432,2022-10-21,30.4334869384766,0.130954595387591,2022-12-20,32.4569206237793,0.0604484727833843
2023-01-20,34.8183937072754,2022-05-13,37.1841316223145,-0.0636222445388335,2022-10-21,30.4334869384766,0.144081641964433,2022-12-21,32.7853965759277,0.0620092280000162
2023-01-23,34.9160499572754,2022-05-18,36.1917495727539,-0.03524835440503,2022-10-25,31.6185169219971,0.104291198838116,2022-12-23,32.9185562133789,0.0606798709806311
2023-01-24,35.066967010498,2022-05-19,36.1227149963379,-0.0292267064075021,2022-10-26,31.5570735931396,0.111223666129848,2022-12-23,32.9185562133789,0.0652644296789047
2023-01-25,35.1024780273438,2022-05-20,36.5455589294434,-0.039487175579547,2022-10-27,31.5746288299561,0.111730504145806,2022-12-23,32.9185562133789,0.0663431834558177
2023-01-26,35.5019760131836,2022-05-20,36.5455589294434,-0.0285556698770036,2022-10-28,32.3207626342773,0.0984263092706994,2022-12-27,32.8919258117676,0.0793523072000313
2023-01-27,35.8215675354004,2022-05-20,36.5455589294434,-0.0198106532025065,2022-10-28,32.3207626342773,0.108314427500863,2022-12-28,32.3681449890137,0.106692013013377
2023-01-30,35.3865661621094,2022-05-25,37.6587448120117,-0.0603360165413056,2022-11-01,32.1890907287598,0.0993341334271609,2022-12-30,32.7853965759277,0.0793392747334194
2023-01-31,36.0346374511719,2022-05-26,37.6155967712402,-0.0420293563247975,2022-11-02,31.346399307251,0.149562254278961,2022-12-30,32.7853965759277,0.0991063465625381
2023-02-01,36.300968170166,2022-05-27,38.6770133972168,-0.0614330068004103,2022-11-03,31.3288516998291,0.158707268238754,2022-12-30,32.7853965759277,0.107229802332772
2023-02-02,37.1354713439941,2022-05-27,38.6770133972168,-0.0398568016974544,2022-11-04,31.7677459716797,0.168967775589105,2023-01-03,32.9096870422363,0.12840548426773
2023-02-03,36.3631057739258,2022-05-27,38.6770133972168,-0.0598264297071481,2022-11-04,31.7677459716797,0.144654890099624,2023-01-04,33.6642837524414,0.0801687046524093
2023-02-06,36.1322975158691,2022-06-01,37.7450370788574,-0.0427271950910771,2022-11-08,31.9520854949951,0.130827517394093,2023-01-06,33.6287803649902,0.0744456719425137
2023-02-07,35.9902534484863,2022-06-02,38.314582824707,-0.0606643529659383,2022-11-09,31.6009674072266,0.138897204781649,2023-01-06,33.6287803649902,0.0702217879407407
2023-02-08,35.8925933837891,2022-06-03,37.8313369750977,-0.0512470281604048,2022-11-10,34.0237045288086,0.0549290231872912,2023-01-09,33.6110229492188,0.0678816124703323
2023-02-09,35.5463638305664,2022-06-03,37.8313369750977,-0.0603989530170537,2022-11-11,34.0061531066895,0.0452921187246544,2023-01-10,33.7086753845215,0.054516780178457
2023-02-10,35.6173858642578,2022-06-03,37.8313369750977,-0.0585216195847683,2022-11-11,34.0061531066895,0.0473806241039187,2023-01-11,34.9338035583496,0.0195679323829259
2023-02-13,35.9458618164062,2022-06-08,37.2445297241211,-0.0348686885653913,2022-11-15,33.5145835876465,0.0725438889133607,2023-01-13,35.1202354431152,0.0235085660125569
2023-02-14,35.572998046875,2022-06-09,36.3902244567871,-0.0224573061065494,2022-11-16,33.2775726318359,0.0689781505530569,2023-01-13,35.1202354431152,0.0128917872573238
2023-02-15,35.670654296875,2022-06-10,35.5272789001465,0.00403564250252564,2022-11-17,32.9791145324707,0.0816134636287535,2023-01-13,35.1202354431152,0.0156724135477762
2023-02-16,35.342170715332,2022-06-10,35.5272789001465,-0.00521031135918748,2022-11-18,33.4004707336426,0.0581339106617345,2023-01-17,35.1291122436523,0.0060650115551435
2023-02-17,35.1646194458008,2022-06-10,35.5272789001465,-0.0102079153138916,2022-11-18,33.4004707336426,0.0528180793087227,2023-01-18,34.5875701904297,0.0166837176533077
2023-02-21,34.47216796875,2022-06-16,33.5252685546875,0.0282443498556286,2022-11-23,33.8569183349609,0.0181720506190828,2023-01-20,34.8183937072754,-0.00994375965290573
2023-02-22,34.161434173584,2022-06-17,33.7237358093262,0.0129789406112228,2022-11-23,33.8569183349609,0.00899419833814585,2023-01-23,34.9160499572754,-0.0216122896093568
2023-02-23,34.489917755127,2022-06-17,33.7237358093262,0.022719367454803,2022-11-25,34.0588150024414,0.0126575969438352,2023-01-24,35.066967010498,-0.0164556363029156
2023-02-24,33.8507232666016,2022-06-17,33.7237358093262,0.00376552164900645,2022-11-25,34.0588150024414,-0.0061097761570662,2023-01-25,35.1024780273438,-0.035660011232458
2023-02-27,33.9039878845215,2022-06-22,34.9085235595703,-0.028776229201863,2022-11-29,33.6550369262695,0.00739713816975884,2023-01-27,35.8215675354004,-0.0535314276513409
2023-02-28,33.9217414855957,2022-06-23,35.5957298278809,-0.047027785365816,2022-11-30,34.4450492858887,-0.0151925403255949,2023-01-27,35.8215675354004,-0.0530358155858813
2023-03-01,33.3979530334473,2022-06-24,36.3699340820312,-0.0817153267828524,2022-12-01,34.3748321533203,-0.0284184404309502,2023-01-30,35.3865661621094,-0.0561968380755589
2023-03-02,33.8329734802246,2022-06-24,36.3699340820312,-0.0697543359876486,2022-12-02,34.2080497741699,-0.0109645623302539,2023-01-31,36.0346374511719,-0.0610985464729762
2023-03-03,34.4011459350586,2022-06-24,36.3699340820312,-0.0541322990174279,2022-12-02,34.2080497741699,0.0056447579491794,2023-02-01,36.300968170166,-0.0523353048381997
2023-03-06,34.2679710388184,2022-06-29,35.5174407958984,-0.0351790480699378,2022-12-06,33.3741302490234,0.0267824444599893,2023-02-03,36.3631057739258,-0.0576170459182763
2023-03-07,33.4068374633789,2022-06-30,35.5435409545898,-0.0601150992226906,2022-12-07,33.4443550109863,-0.00112179013753133,2023-02-03,36.3631057739258,-0.0812985647850429
2023-03-08,33.8773574829102,2022-07-01,36.1785507202149,-0.0636065622169572,2022-12-08,33.6901435852051,0.00555693380265976,2023-02-06,36.1322975158691,-0.0624078784906666
2023-03-09,33.1049957275391,2022-07-01,36.1785507202149,-0.084955171821143,2022-12-09,33.6199150085449,-0.0153159007354714,2023-02-07,35.9902534484863,-0.0801677522242793
2023-03-10,32.0485420227051,2022-07-01,36.1785507202149,-0.114156278106578,2022-12-09,33.6199150085449,-0.0467393503356703,2023-02-08,35.8925933837891,-0.107098735384782
2023-03-13,32.5634460449219,2022-07-06,36.0045738220215,-0.0955747398680473,2022-12-13,34.6469497680664,-0.0601352712747275,2023-02-10,35.6173858642578,-0.0857429523596952
2023-03-14,32.9007987976074,2022-07-07,36.0306701660156,-0.0868668652008676,2022-12-14,34.3133811950684,-0.0411671000718506,2023-02-10,35.6173858642578,-0.0762713770461323
2023-03-15,32.9185562133789,2022-07-08,35.8653984069824,-0.0821639330522482,2022-12-15,33.9183616638184,-0.0294768202647586,2023-02-13,35.9458618164062,-0.0842184732832204
2023-03-16,32.9185562133789,2022-07-08,35.8653984069824,-0.0821639330522482,2022-12-16,32.9176712036133,2.68855521445843e-05,2023-02-14,35.572998046875,-0.0746195704393062
2023-03-17,32.1639595031738,2022-07-08,35.8653984069824,-0.103203618758296,2022-12-16,32.9176712036133,-0.0228968718891852,2023-02-15,35.670654296875,-0.0983075545661741
2023-03-20,32.5090713500977,2022-07-13,35.4478492736816,-0.0829042659512178,2022-12-20,32.4569206237793,0.00160676753419886,2023-02-17,35.1646194458008,-0.0755176122351081
2023-03-21,32.3213195800781,2022-07-14,35.0998878479004,-0.0791617420506509,2022-12-21,32.7853965759277,-0.014154991072774,2023-02-17,35.1646194458008,-0.08085683594856
2023-03-22,31.1411228179932,2022-07-15,35.6653251647949,-0.126851565936866,2022-12-22,32.6255989074707,-0.0455003475549263,2023-02-17,35.1646194458008,-0.114418887257092
2023-03-23,30.9533634185791,2022-07-15,35.6653251647949,-0.132116046172123,2022-12-23,32.9185562133789,-0.0596986326514861,2023-02-21,34.47216796875,-0.102076682654853
2023-03-24,31.7490921020508,2022-07-15,35.6653251647949,-0.109805057002812,2022-12-23,32.9185562133789,-0.0355259843034315,2023-02-22,34.161434173584,-0.0706159483608154
2023-03-27,31.6418018341064,2022-07-20,36.1089630126953,-0.12371336105715,2022-12-27,32.8919258117676,-0.0380070168227694,2023-02-24,33.8507232666016,-0.0652547780175358
2023-03-28,31.5345191955566,2022-07-21,36.4830169677734,-0.135638392422095,2022-12-28,32.3681449890137,-0.025754512460939,2023-02-24,33.8507232666016,-0.0684240644668936
2023-03-29,32.2855529785156,2022-07-22,36.7613677978516,-0.121753217778733,2022-12-29,33.0872344970703,-0.0242293298530487,2023-02-27,33.9039878845215,-0.0477358271693089
2023-03-30,32.7057800292969,2022-07-22,36.7613677978516,-0.110322004090166,2022-12-30,32.7853965759277,-0.00242841493304724,2023-02-28,33.9217414855957,-0.0358460799194277
2023-03-31,33.4210472106934,2022-07-22,36.7613677978516,-0.0908649701373032,2022-12-30,32.7853965759277,0.019388224671723,2023-03-01,33.3979530334473,0.000691484811149001
2023-04-03,33.1081161499023,2022-07-27,37.0571327209473,-0.106565626671183,2023-01-03,32.9096870422363,0.0060295045471368,2023-03-03,34.4011459350586,-0.0375868230551736
2023-04-04,33.1170539855957,2022-07-28,38.4228591918945,-0.138089806898548,2023-01-04,33.6642837524414,-0.0162555000685561,2023-03-03,34.4011459350586,-0.0373270109050134
2023-04-05,32.9471740722656,2022-07-29,38.5707397460938,-0.145798750836705,2023-01-05,32.6788673400879,0.00821040488905189,2023-03-06,34.2679710388184,-0.0385431913974875
2023-04-06,33.1707000732422,2022-07-29,38.5707397460938,-0.140003528799275,2023-01-06,33.6287803649902,-0.0136216742556902,2023-03-07,33.4068374633789,-0.00706853470926649
2023-04-10,33.3405799865723,2022-08-03,37.874828338623,-0.119716670700444,2023-01-10,33.7086753845215,-0.0109199009973036,2023-03-10,32.0485420227051,0.0403150309599678
2023-04-11,33.5015106201172,2022-08-04,37.9096260070801,-0.116279579918294,2023-01-11,34.9338035583496,-0.0410002001597128,2023-03-10,32.0485420227051,0.0453364960060505
2023-04-12,33.4031600952148,2022-08-05,38.0314178466797,-0.121695640434003,2023-01-12,35.3244209289551,-0.0543890255866982,2023-03-13,32.5634460449219,0.0257870143453052
2023-04-13,33.2958755493164,2022-08-05,38.0314178466797,-0.124516585641224,2023-01-13,35.1202354431152,-0.0519461179795839,2023-03-14,32.9007987976074,0.0120081203541391
2023-04-14,32.7236518859863,2022-08-05,38.0314178466797,-0.139562663219424,2023-01-13,35.1202354431152,-0.068239393241275,2023-03-15,32.9185562133789,-0.00592080424576347
2023-04-17,33.4657516479492,2022-08-10,39.1361656188965,-0.144889359529114,2023-01-17,35.1291122436523,-0.0473499183288837,2023-03-17,32.1639595031738,0.0404736283991072
2023-04-18,33.4121017456055,2022-08-11,38.953498840332,-0.142256723008128,2023-01-18,34.5875701904297,-0.0339852854176345,2023-03-17,32.1639595031738,0.0388056154065384
2023-04-19,33.6088027954102,2022-08-12,39.6146011352539,-0.1516056748707,2023-01-19,34.4188919067383,-0.0235361763976348,2023-03-20,32.5090713500977,0.0338284484804026
2023-04-20,33.2064590454102,2022-08-12,39.6146011352539,-0.161762125736538,2023-01-20,34.8183937072754,-0.0462954918431062,2023-03-21,32.3213195800781,0.0273856227663927
2023-04-21,33.2422256469727,2022-08-12,39.6146011352539,-0.160859261627409,2023-01-20,34.8183937072754,-0.0452682588850556,2023-03-22,31.1411228179932,0.0674703619795458
2023-04-24,33.1528129577637,2022-08-17,39.518913269043,-0.161089963884866,2023-01-24,35.066967010498,-0.0545856746653148,2023-03-24,31.7490921020508,0.0442129447733788
2023-04-25,32.8488273620605,2022-08-18,39.2492446899414,-0.163071095468014,2023-01-25,35.1024780273438,-0.0642020390562649,2023-03-24,31.7490921020508,0.034638321514042
2023-04-26,32.5805969238281,2022-08-19,38.8665046691895,-0.161730719005055,2023-01-26,35.5019760131836,-0.0822877883831205,2023-03-27,31.6418018341064,0.0296694573413883
2023-04-27,33.3673973083496,2022-08-19,38.8665046691895,-0.141487056982491,2023-01-27,35.8215675354004,-0.0685109668812083,2023-03-28,31.5345191955566,0.0581229129078089
2023-04-28,33.7518577575684,2022-08-19,38.8665046691895,-0.131595237471293,2023-01-27,35.8215675354004,-0.0577783140223179,2023-03-29,32.2855529785156,0.0454167466181696
2023-05-01,33.4389305114746,2022-08-24,37.7791481018066,-0.11488394546738,2023-01-31,36.0346374511719,-0.0720336632556534,2023-03-31,33.4210472106934,0.000535090976309327
2023-05-02,32.8667068481445,2022-08-25,38.3619651794434,-0.143247571014519,2023-02-01,36.300968170166,-0.0946052266684153,2023-03-31,33.4210472106934,-0.0165865647193563
2023-05-03,32.6610679626465,2022-08-26,37.3876991271973,-0.126422092690707,2023-02-02,37.1354713439941,-0.120488665402958,2023-04-03,33.1081161499023,-0.0135026766618728
2023-05-04,32.9650573730469,2022-08-26,37.3876991271973,-0.118291359388126,2023-02-03,36.3631057739258,-0.093447694539763,2023-04-04,33.1170539855957,-0.0045896779530854
2023-05-05,33.474681854248,2022-08-26,37.3876991271973,-0.10466055318453,2023-02-03,36.3631057739258,-0.0794328168126079,2023-04-05,32.9471740722656,0.0160107140243773
2023-05-08,33.2422256469727,2022-08-31,36.4047241210938,-0.0868705518438105,2023-02-07,35.9902534484863,-0.0763547777024407,2023-04-06,33.1707000732422,0.0021562877350354
2023-05-09,33.1349334716797,2022-09-01,36.5352096557617,-0.0930684732924695,2023-02-08,35.8925933837891,-0.0768308905021857,2023-04-06,33.1707000732422,-0.00107825886953017
2023-05-10,33.4478645324707,2022-09-02,35.9088935852051,-0.0685353628870468,2023-02-09,35.5463638305664,-0.0590355544690396,2023-04-10,33.3405799865723,0.00321783682052468
2023-05-11,33.0991706848145,2022-09-02,35.9088935852051,-0.0782458778275549,2023-02-10,35.6173858642578,-0.0707018529950677,2023-04-11,33.5015106201172,-0.0120096057716613
2023-05-12,33.1617546081543,2022-09-02,35.9088935852051,-0.0765030248156305,2023-02-10,35.6173858642578,-0.0689447357383898,2023-04-12,33.4031600952148,-0.00722702541832654
2023-05-15,33.0991706848145,2022-09-07,36.9788475036621,-0.104916109634391,2023-02-14,35.572998046875,-0.0695422791972932,2023-04-14,32.7236518859863,0.0114754551275782
2023-05-16,32.2140121459961,2022-09-08,37.0832405090332,-0.131305363182891,2023-02-15,35.670654296875,-0.0969043663205733,2023-04-14,32.7236518859863,-0.0155740484517403
2023-05-17,32.6342468261719,2022-09-09,37.439884185791,-0.128356095755311,2023-02-16,35.342170715332,-0.0766201915261931,2023-04-17,33.4657516479492,-0.0248464409383227
2023-05-18,32.4286041259766,2022-09-09,37.439884185791,-0.133848706233881,2023-02-17,35.1646194458008,-0.0778059129586555,2023-04-18,33.4121017456055,-0.0294353712650914
2023-05-19,32.3749580383301,2022-09-09,37.439884185791,-0.135281565571273,2023-02-17,35.1646194458008,-0.0793314829347267,2023-04-19,33.6088027954102,-0.0367119520618148
2023-05-22,32.589542388916,2022-09-14,35.8740997314453,-0.0915579029750601,2023-02-21,34.47216796875,-0.0546129150200427,2023-04-21,33.2422256469727,-0.019634162435092
2023-05-23,32.1872062683105,2022-09-15,35.0911979675293,-0.0827555588699446,2023-02-22,34.161434173584,-0.0577911306428712,2023-04-21,33.2422256469727,-0.0317373267923229
2023-05-24,31.4808654785156,2022-09-16,35.0998878479004,-0.10310637985703,2023-02-23,34.489917755127,-0.087244402783884,2023-04-24,33.1528129577637,-0.0504315420045379
2023-05-25,31.5523986816406,2022-09-16,35.0998878479004,-0.101068390350198,2023-02-24,33.8507232666016,-0.067895878231605,2023-04-25,32.8488273620605,-0.0394665132526849
2023-05-26,31.9189701080322,2022-09-16,35.0998878479004,-0.090624726598904,2023-02-24,33.8507232666016,-0.0570668207989304,2023-04-26,32.5805969238281,-0.0203073877787675
2023-05-30,32.0173301696777,2022-09-22,33.2951278686523,-0.038377918355366,2023-03-01,33.3979530334473,-0.0413385473770465,2023-04-28,33.7518577575684,-0.0513905812340562
2023-05-31,32.2229690551758,2022-09-23,32.8825607299805,-0.0200590118336894,2023-03-02,33.8329734802246,-0.0475868438223402,2023-05-01,33.4389305114746,-0.0363636467345022
2023-06-01,32.2318992614746,2022-09-23,32.8825607299805,-0.0197874330362788,2023-03-03,34.4011459350586,-0.0630573957530084,2023-05-02,32.8667068481445,-0.0193146088411885
2023-06-02,32.9114189147949,2022-09-23,32.8825607299805,0.000877613670401844,2023-03-03,34.4011459350586,-0.0433045754660595,2023-05-03,32.6610679626465,0.00766511837380079
2023-06-05,32.7594184875488,2022-09-28,32.1715393066406,0.0182732686585145,2023-03-07,33.4068374633789,-0.0193798343389969,2023-05-05,33.474681854248,-0.0213672939391492
2023-06-06,32.9561195373535,2022-09-29,31.2761821746826,0.053712993270348,2023-03-08,33.8773574829102,-0.0271933236239388,2023-05-05,33.474681854248,-0.0154911798460817
2023-06-07,33.5640983581543,2022-09-30,31.6097450256348,0.0618275576387786,2023-03-09,33.1049957275391,0.0138680770235933,2023-05-08,33.2422256469727,0.00968264624035342
2023-06-08,33.3584518432617,2022-09-30,31.6097450256348,0.0553217628363907,2023-03-10,32.0485420227051,0.0408726805615252,2023-05-09,33.1349334716797,0.00674570153499987
2023-06-09,33.1885795593262,2022-09-30,31.6097450256348,0.0499477149344609,2023-03-10,32.0485420227051,0.0355722121715685,2023-05-10,33.4478645324707,-0.00775191411376419
2023-06-12,33.1707000732422,2022-10-05,32.1013145446777,0.0333128267092027,2023-03-14,32.9007987976074,0.00820348701243057,2023-05-12,33.1617546081543,0.000269752466164563
2023-06-13,33.4121017456055,2022-10-06,31.047945022583,0.0761453526570879,2023-03-15,32.9185562133789,0.0149929276675256,2023-05-12,33.1617546081543,0.0075492729624631
2023-06-14,33.5909118652344,2022-10-07,30.3105926513672,0.10822352606554,2023-03-16,32.9185562133789,0.020424822021271,2023-05-15,33.0991706848145,0.0148566012454665
2023-06-15,33.7339820861816,2022-10-07,30.3105926513672,0.112943665410648,2023-03-17,32.1639595031738,0.0488131003539189,2023-05-16,32.2140121459961,0.0471835030451015
2023-06-16,33.6982078552246,2022-10-07,30.3105926513672,0.111763410330567,2023-03-17,32.1639595031738,0.0477008544889936,2023-05-17,32.6342468261719,0.0326025918330515
2023-06-20,33.336238861084,2022-10-13,30.4071483612061,0.0963290100434053,2023-03-22,31.1411228179932,0.0704893030325322,2023-05-19,32.3749580383301,0.029692110229635
2023-06-21,33.1918029785156,2022-10-14,29.6434593200684,0.11970072791218,2023-03-23,30.9533634185791,0.0723165211375041,2023-05-22,32.589542388916,0.0184801793904428
2023-06-22,32.7224082946777,2022-10-14,29.6434593200684,0.103866048201903,2023-03-24,31.7490921020508,0.0306565047434564,2023-05-23,32.1872062683105,0.0166277875099123
2023-06-23,32.370361328125,2022-10-14,29.6434593200684,0.0919900062477037,2023-03-24,31.7490921020508,0.0195680942332863,2023-05-24,31.4808654785156,0.0282551269188078
2023-06-26,33.0925025939941,2022-10-19,30.3720397949219,0.0895712904843198,2023-03-28,31.5345191955566,0.0494056493703265,2023-05-26,31.9189701080322,0.0367659884385367
2023-06-27,33.4535827636719,2022-10-20,30.2228126525879,0.106898393217792,2023-03-29,32.2855529785156,0.0361780944539967,2023-05-26,31.9189701080322,0.0480783888216203
2023-06-28,33.5438537597656,2022-10-21,30.4334869384766,0.102202117935973,2023-03-30,32.7057800292969,0.0256246366763926,2023-05-26,31.9189701080322,0.0509065187953701
2023-06-29,33.8507652282715,2022-10-21,30.4334869384766,0.112286781225667,2023-03-31,33.4210472106934,0.0128577065484841,2023-05-30,32.0173301696777,0.057263833332678
2023-06-30,34.022274017334,2022-10-21,30.4334869384766,0.117922309924998,2023-03-31,33.4210472106934,0.0179894664236691,2023-05-31,32.2229690551758,0.055839204608279
2023-07-03,34.2930870056152,2022-10-26,31.5570735931396,0.086700479510571,2023-04-04,33.1170539855957,0.0355114020870047,2023-06-02,32.9114189147949,0.0419814197132413
2023-07-05,34.4645881652832,2022-10-28,32.3207626342773,0.0663296703504221,2023-04-06,33.1707000732422,0.0390069576217584,2023-06-05,32.7594184875488,0.0520512804090973
2023-07-06,34.275032043457,2022-10-28,32.3207626342773,0.0604648297224,2023-04-06,33.1707000732422,0.0332923926168709,2023-06-06,32.9561195373535,0.0400202610203733
2023-07-07,34.1125373840332,2022-10-28,32.3207626342773,0.0554372670605123,2023-04-06,33.1707000732422,0.0283936518889081,2023-06-07,33.5640983581543,0.0163400494190742
2023-07-10,34.2298927307129,2022-11-02,31.346399307251,0.0919880269245121,2023-04-11,33.5015106201172,0.0217417691654274,2023-06-09,33.1885795593262,0.0313756474429803
2023-07-11,34.6180419921875,2022-11-03,31.3288516998291,0.104989174958377,2023-04-12,33.4031600952148,0.0363702683671145,2023-06-09,33.1885795593262,0.0430709133033578
2023-07-12,34.7805328369141,2022-11-04,31.7677459716797,0.0948379172988922,2023-04-13,33.2958755493164,0.0445898257097532,2023-06-12,33.1707000732422,0.0485317693059628
2023-07-13,35.0152320861816,2022-11-04,31.7677459716797,0.102225890291273,2023-04-14,32.7236518859863,0.0700282538201877,2023-06-13,33.4121017456055,0.0479805297129212
2023-07-14,35.0152320861816,2022-11-04,31.7677459716797,0.102225890291273,2023-04-14,32.7236518859863,0.0700282538201877,2023-06-14,33.5909118652344,0.0424019516547092
2023-07-17,34.717342376709,2022-11-09,31.6009674072266,0.0986164420007525,2023-04-18,33.4121017456055,0.0390649065132571,2023-06-16,33.6982078552246,0.0302429887625721
2023-07-18,34.4284782409668,2022-11-10,34.0237045288086,0.0118968148167249,2023-04-19,33.6088027954102,0.0243887129971965,2023-06-16,33.6982078552246,0.0216708968286861
2023-07-19,34.8076095581055,2022-11-11,34.0061531066895,0.023567983385288,2023-04-20,33.2064590454102,0.0482180442818585,2023-06-16,33.6982078552246,0.0329216825905729
2023-07-20,34.6902656555176,2022-11-11,34.0061531066895,0.0201173166127264,2023-04-21,33.2422256469727,0.0435602604928709,2023-06-20,33.336238861084,0.0406172633954294
2023-07-21,34.8437194824219,2022-11-11,34.0061531066895,0.0246298478132672,2023-04-21,33.2422256469727,0.0481764925266086,2023-06-21,33.1918029785156,0.0497688090332273
2023-07-24,35.1777114868164,2022-11-16,33.2775726318359,0.0570996832011312,2023-04-25,32.8488273620605,0.0708970246970111,2023-06-23,32.370361328125,0.0867259444599477
2023-07-25,34.9159355163574,2022-11-17,32.9791145324707,0.0587287139556083,2023-04-26,32.5805969238281,0.0716788154001355,2023-06-23,32.370361328125,0.0786390415117393
2023-07-26,35.0423164367676,2022-11-18,33.4004707336426,0.0491563641787616,2023-04-27,33.3673973083496,0.0501962773104527,2023-06-26,33.0925025939941,0.0589201084818318
2023-07-27,34.3021125793457,2022-11-18,33.4004707336426,0.0269948843803254,2023-04-28,33.7518577575684,0.0163029491807443,2023-06-27,33.4535827636719,0.0253643928564586
2023-07-28,34.2028121948242,2022-11-18,33.4004707336426,0.0240218608767535,2023-04-28,33.7518577575684,0.0133608775106531,2023-06-28,33.5438537597656,0.0196446848289384
2023-07-31,34.4736213684082,2022-11-23,33.8569183349609,0.0182149783198211,2023-05-02,32.8667068481445,0.048891862749991,2023-06-30,34.022274017334,0.0132662311415239
2023-08-01,34.4104347229004,2022-11-23,33.8569183349609,0.0163486937134467,2023-05-03,32.6610679626465,0.0535612234803409,2023-06-30,34.022274017334,0.0114090170859433
2023-08-02,34.2660026550293,2022-11-25,34.0588150024414,0.0060832313917274,2023-05-04,32.9650573730469,0.0394643718425958,2023-07-03,34.2930870056152,-0.000789790390742673
2023-08-03,33.7966041564941,2022-11-25,34.0588150024414,-0.00769876597082042,2023-05-05,33.474681854248,0.00961688907598202,2023-07-03,34.2930870056152,-0.0144776365288957
2023-08-04,33.4626083374023,2022-11-25,34.0588150024414,-0.0175052087101776,2023-05-05,33.474681854248,-0.000360676074481425,2023-07-05,34.4645881652832,-0.0290727346885918
2023-08-07,33.8868789672852,2022-11-30,34.4450492858887,-0.0162046601812289,2023-05-09,33.1349334716797,0.0226934361056788,2023-07-07,34.1125373840332,-0.00661511672988779
2023-08-08,33.7153625488281,2022-12-01,34.3748321533203,-0.0191846639876171,2023-05-10,33.4478645324707,0.00799746172428262,2023-07-07,34.1125373840332,-0.0116430751173315
2023-08-09,33.7966041564941,2022-12-02,34.2080497741699,-0.0120277426042118,2023-05-11,33.0991706848145,0.0210710255649897,2023-07-10,34.2298927307129,-0.0126581925811874
2023-08-10,33.6882743835449,2022-12-02,34.2080497741699,-0.0151945344460261,2023-05-12,33.1617546081543,0.0158773195692472,2023-07-11,34.6180419921875,-0.0268578912941525
2023-08-11,33.7514724731445,2022-12-02,34.2080497741699,-0.0133470719330555,2023-05-12,33.1617546081543,0.0177830718536596,2023-07-12,34.7805328369141,-0.029587251253303
2023-08-14,33.570930480957,2022-12-07,33.4443550109863,0.00378465872429357,2023-05-16,32.2140121459961,0.042121991163699,2023-07-14,35.0152320861816,-0.0412478090012314
2023-08-15,33.2279090881348,2022-12-08,33.6901435852051,-0.0137201699927839,2023-05-17,32.6342468261719,0.0181913884859997,2023-07-14,35.0152320861816,-0.0510441568300277
2023-08-16,32.821704864502,2022-12-09,33.6199150085449,-0.0237421820917778,2023-05-18,32.4286041259766,0.0121220369830999,2023-07-17,34.717342376709,-0.0546020340969062
2023-08-17,32.5779762268066,2022-12-09,33.6199150085449,-0.0309917137349532,2023-05-19,32.3749580383301,0.00627084020421598,2023-07-18,34.4284782409668,-0.0537491666407208
2023-08-18,32.6682395935059,2022-12-09,33.6199150085449,-0.0283068953266891,2023-05-19,32.3749580383301,0.00905890147652255,2023-07-19,34.8076095581055,-0.0614627086364058
2023-08-21,32.3884124755859,2022-12-14,34.3133811950684,-0.0560996512858688,2023-05-23,32.1872062683105,0.00625112367933234,2023-07-21,34.8437194824219,-0.0704662717788955
2023-08-22,32.4877090454102,2022-12-15,33.9183616638184,-0.0421792960576369,2023-05-24,31.4808654785156,0.0319827155826344,2023-07-21,34.8437194824219,-0.0676165022566056
2023-08-23,32.9661331176758,2022-12-16,32.9176712036133,0.00147221575192047,2023-05-25,31.5523986816406,0.0448059258600129,2023-07-24,35.1777114868164,-0.0628687392006573
2023-08-24,32.8126792907715,2022-12-16,32.9176712036133,-0.00318953039515968,2023-05-26,31.9189701080322,0.0279993113723416,2023-07-25,34.9159355163574,-0.0602377165177373
2023-08-25,32.9029426574707,2022-12-16,32.9176712036133,-0.000447435848407229,2023-05-26,31.9189701080322,0.03082720232226,2023-07-26,35.0423164367676,-0.0610511517740925
2023-08-28,33.164722442627,2022-12-21,32.7853965759277,0.0115699642620073,2023-05-30,32.0173301696777,0.0358366005806401,2023-07-28,34.2028121948242,-0.0303510058261921
2023-08-29,33.5438537597656,2022-12-22,32.6255989074707,0.0281452259282406,2023-05-31,32.2229690551758,0.040992023495044,2023-07-28,34.2028121948242,-0.0192662062787431
2023-08-30,33.6612014770508,2022-12-23,32.9185562133789,0.0225600800611676,2023-06-01,32.2318992614746,0.0443443373901504,2023-07-31,34.4736213684082,-0.0235664214871817
2023-08-31,33.4174728393555,2022-12-23,32.9185562133789,0.0151560907696733,2023-06-02,32.9114189147949,0.0153762414762695,2023-08-01,34.4104347229004,-0.0288564178726896
2023-09-01,33.3994178771973,2022-12-23,32.9185562133789,0.0146076170747405,2023-06-02,32.9114189147949,0.0148276488371935,2023-08-02,34.2660026550293,-0.0252899291042586
2023-09-05,33.0654258728027,2022-12-29,33.0872344970703,-0.000659125025076035,2023-06-07,33.5640983581543,-0.0148573180792867,2023-08-04,33.4626083374023,-0.0118694412759111
2023-09-06,33.0022354125977,2022-12-30,32.7853965759277,0.00661388481813074,2023-06-08,33.3584518432617,-0.0106784461202751,2023-08-07,33.8868789672852,-0.0261057843521545
2023-09-07,33.2730445861816,2022-12-30,32.7853965759277,0.0148739396555586,2023-06-09,33.1885795593262,0.00254500276833136,2023-08-08,33.7153625488281,-0.0131191815602131
2023-09-08,33.0564002990723,2022-12-30,32.7853965759277,0.00826598886845598,2023-06-09,33.1885795593262,-0.00398267301610877,2023-08-09,33.7966041564941,-0.0219017228474904
2023-09-11,33.0744552612305,2023-01-04,33.6642837524414,-0.0175208982774856,2023-06-13,33.4121017456055,-0.0101055146708755,2023-08-11,33.7514724731445,-0.0200588940957391
2023-09-12,33.0744552612305,2023-01-05,32.6788673400879,0.0121053131072661,2023-06-14,33.5909118652344,-0.0153748908655982,2023-08-11,33.7514724731445,-0.0200588940957391
2023-09-13,32.7404594421387,2023-01-06,33.6287803649902,-0.026415496286519,2023-06-15,33.7339820861816,-0.0294516858847192,2023-08-14,33.570930480957,-0.0247378022271215
2023-09-14,33.336238861084,2023-01-06,33.6287803649902,-0.00869914105510661,2023-06-16,33.6982078552246,-0.0107414909331597,2023-08-15,33.2279090881348,0.00326020432588403
2023-09-15,33.2098579406738,2023-01-06,33.6287803649902,-0.0124572589243389,2023-06-16,33.6982078552246,-0.0144918660555733,2023-08-16,32.821704864502,0.0118261095142465
2023-09-18,32.919605255127,2023-01-11,34.9338035583496,-0.0576575722668835,2023-06-20,33.336238861084,-0.0124979187872151,2023-08-18,32.6682395935059,0.00769449669614475
2023-09-19,32.7467346191406,2023-01-12,35.3244209289551,-0.072971792375556,2023-06-21,33.1918029785156,-0.0134089841296986,2023-08-18,32.6682395935059,0.00240279325153381
2023-09-20,32.8104209899902,2023-01-13,35.1202354431152,-0.0657687633349224,2023-06-22,32.7224082946777,0.00268967658247865,2023-08-21,32.3884124755859,0.0130296140547921
2023-09-21,31.6730690002441,2023-01-13,35.1202354431152,-0.098153283979389,2023-06-23,32.370361328125,-0.0215410733545015,2023-08-22,32.4877090454102,-0.0250753306127972
2023-09-22,31.4546928405762,2023-01-13,35.1202354431152,-0.104371242284984,2023-06-23,32.370361328125,-0.0282872495078779,2023-08-23,32.9661331176758,-0.0458482731870427
2023-09-25,31.4000968933105,2023-01-18,34.5875701904297,-0.0921566123196798,2023-06-27,33.4535827636719,-0.0613831374913679,2023-08-25,32.9029426574707,-0.0456751172624656
2023-09-26,30.8450660705566,2023-01-19,34.4188919067383,-0.10383326243812,2023-06-28,33.5438537597656,-0.0804555048605078,2023-08-25,32.9029426574707,-0.0625438462552472
2023-09-27,30.5720996856689,2023-01-20,34.8183937072754,-0.121955482992863,2023-06-29,33.8507652282715,-0.0968564675124172,2023-08-28,33.164722442627,-0.0781741129129935
2023-09-28,30.890567779541,2023-01-20,34.8183937072754,-0.112808935436721,2023-06-30,34.022274017334,-0.0920487042164612,2023-08-29,33.5438537597656,-0.079099020620198
2023-09-29,30.9997482299805,2023-01-20,34.8183937072754,-0.109673223566801,2023-06-30,34.022274017334,-0.0888396168290683,2023-08-30,33.6612014770508,-0.0790659016994629
2023-10-02,30.4356212615967,2023-01-25,35.1024780273438,-0.132949496104285,2023-07-03,34.2930870056152,-0.112485228973027,2023-09-01,33.3994178771973,-0.0887379722154994
2023-10-03,29.8805923461914,2023-01-26,35.5019760131836,-0.158340022113268,2023-07-05,34.4645881652832,-0.133005965343562,2023-09-01,33.3994178771973,-0.105355894044137
2023-10-04,30.1990489959717,2023-01-27,35.8215675354004,-0.156959031283941,2023-07-06,34.275032043457,-0.118919890208051,2023-09-01,33.3994178771973,-0.0958210976308832
2023-10-05,30.4174213409424,2023-01-27,35.8215675354004,-0.150862917685481,2023-07-07,34.1125373840332,-0.108321348291739,2023-09-05,33.0654258728027,-0.0800837872781918
2023-10-06,30.5357093811035,2023-01-27,35.8215675354004,-0.147560771847105,2023-07-07,34.1125373840332,-0.10485376571852,2023-09-06,33.0022354125977,-0.0747381503300413
2023-10-09,30.9360637664795,2023-02-01,36.300968170166,-0.147789567995481,2023-07-11,34.6180419921875,-0.106360094731497,2023-09-08,33.0564002990723,-0.0641429954081324
2023-10-10,31.0452404022217,2023-02-02,37.1354713439941,-0.16400036734036,2023-07-12,34.7805328369141,-0.107396066995499,2023-09-08,33.0564002990723,-0.0608402572166041
2023-10-11,31.6730690002441,2023-02-03,36.3631057739258,-0.128977893220679,2023-07-13,35.0152320861816,-0.0954488343162074,2023-09-11,33.0744552612305,-0.0423706528170403
2023-10-12,31.2545204162598,2023-02-03,36.3631057739258,-0.140488147228863,2023-07-14,35.0152320861816,-0.10740216316904,2023-09-12,33.0744552612305,-0.0550253913661281
2023-10-13,31.2454166412354,2023-02-03,36.3631057739258,-0.140738504695055,2023-07-14,35.0152320861816,-0.107662157876543,2023-09-13,32.7404594421387,-0.0456634643000495
2023-10-16,31.5638751983643,2023-02-08,35.8925933837891,-0.120601989918619,2023-07-18,34.4284782409668,-0.0832044629609544,2023-09-15,33.2098579406738,-0.049563076880665
2023-10-17,31.4000968933105,2023-02-09,35.5463638305664,-0.116643912075487,2023-07-19,34.8076095581055,-0.0978956242055822,2023-09-15,33.2098579406738,-0.0544946940332067
2023-10-18,30.7085857391357,2023-02-10,35.6173858642578,-0.1378203370632,2023-07-20,34.6902656555176,-0.114778017439268,2023-09-18,32.919605255127,-0.0671642171543615
2023-10-19,29.9533824920654,2023-02-10,35.6173858642578,-0.159023556467018,2023-07-21,34.8437194824219,-0.140350601571785,2023-09-19,32.7467346191406,-0.0853016998355148
2023-10-20,29.7987041473389,2023-02-10,35.6173858642578,-0.163366332922204,2023-07-21,34.8437194824219,-0.144789804590986,2023-09-20,32.8104209899902,-0.0917914720926677
2023-10-23,29.5439319610596,2023-02-15,35.670654296875,-0.171758058734352,2023-07-25,34.9159355163574,-0.153855352172396,2023-09-22,31.4546928405762,-0.0607464485252178
2023-10-24,29.9169826507568,2023-02-16,35.342170715332,-0.153504664675893,2023-07-26,35.0423164367676,-0.146261272289439,2023-09-22,31.4546928405762,-0.0488865110720681
2023-10-25,29.2891674041748,2023-02-17,35.1646194458008,-0.167084192413395,2023-07-27,34.3021125793457,-0.14614100410216,2023-09-25,31.4000968933105,-0.0672268463472625
2023-10-26,29.9078922271729,2023-02-17,35.1646194458008,-0.1494890973221,2023-07-28,34.2028121948242,-0.125572129659599,2023-09-26,30.8450660705566,-0.0303832658759766
2023-10-27,29.434741973877,2023-02-17,35.1646194458008,-0.162944390191831,2023-07-28,34.2028121948242,-0.139405794874048,2023-09-27,30.5720996856689,-0.0372024729569077
2023-10-30,29.5257396697998,2023-02-22,34.161434173584,-0.135699645402148,2023-08-01,34.4104347229004,-0.141953889639464,2023-09-29,30.9997482299805,-0.0475490494066375
2023-10-31,30.1171607971191,2023-02-23,34.489917755127,-0.12678362961181,2023-08-02,34.2660026550293,-0.121077497707519,2023-09-29,30.9997482299805,-0.0284707935791478
2023-11-01,30.2718448638916,2023-02-24,33.8507232666016,-0.105725315660863,2023-08-03,33.7966041564941,-0.10429329752425,2023-10-02,30.4356212615967,-0.00538107621649664
2023-11-02,31.209020614624,2023-02-24,33.8507232666016,-0.0780397698203378,2023-08-04,33.4626083374023,-0.0673464453235525,2023-10-03,29.8805923461914,0.0444578960497728
2023-11-03,31.9460296630859,2023-02-24,33.8507232666016,-0.0562674418657066,2023-08-04,33.4626083374023,-0.0453215917607138,2023-10-04,30.1990489959717,0.0578488636296888
2023-11-06,31.5092830657959,2023-03-01,33.3979530334473,-0.0565504707956176,2023-08-08,33.7153625488281,-0.0654324710237738,2023-10-06,30.5357093811035,0.0318831199413647
2023-11-07,31.2454166412354,2023-03-02,33.8329734802246,-0.076480325931201,2023-08-09,33.7966041564941,-0.0754865046040009,2023-10-06,30.5357093811035,0.0232418789186872
2023-11-08,31.427396774292,2023-03-03,34.4011459350586,-0.0864433169284637,2023-08-10,33.6882743835449,-0.0671117072816665,2023-10-09,30.9360637664795,0.0158822082706231
2023-11-09,30.9451560974121,2023-03-03,34.4011459350586,-0.100461474282589,2023-08-11,33.7514724731445,-0.0831464872522335,2023-10-10,31.0452404022217,-0.00322382122067277
2023-11-10,31.2909107208252,2023-03-03,34.4011459350586,-0.0904108025966578,2023-08-11,33.7514724731445,-0.0729023527574142,2023-10-11,31.6730690002441,-0.0120657167581708
2023-11-13,31.027042388916,2023-03-08,33.8773574829102,-0.0841362876497089,2023-08-15,33.2279090881348,-0.0662354857593086,2023-10-13,31.2454166412354,-0.00698900113340595
2023-11-14,32.7012329101562,2023-03-09,33.1049957275391,-0.012196431641492,2023-08-16,32.821704864502,-0.00367049654620466,2023-10-13,31.2454166412354,0.0465929542766801
2023-11-15,32.7740287780762,2023-03-10,32.0485420227051,0.0226371219900461,2023-08-17,32.5779762268066,0.00601794752088414,2023-10-16,31.5638751983643,0.0383398290642918
2023-11-16,32.7649192810059,2023-03-10,32.0485420227051,0.0223528813820377,2023-08-18,32.6682395935059,0.00295943977095159,2023-10-17,31.4000968933105,0.043465547011929
2023-11-17,32.7285308837891,2023-03-10,32.0485420227051,0.021217466323499,2023-08-18,32.6682395935059,0.00184556287799453,2023-10-18,30.7085857391357,0.0657778629668071
2023-11-20,32.9832878112793,2023-03-15,32.9185562133789,0.00196641667638153,2023-08-22,32.4877090454102,0.015254346349151,2023-10-20,29.7987041473389,0.106869870857281
2023-11-21,32.8195190429688,2023-03-16,32.9185562133789,-0.00300855146161927,2023-08-23,32.9661331176758,-0.0044474149935535,2023-10-20,29.7987041473389,0.101374035618916
2023-11-22,32.919605255127,2023-03-17,32.1639595031738,0.0234935550108053,2023-08-24,32.8126792907715,0.00325867825080484,2023-10-23,29.5439319610596,0.11425944584887
2023-11-24,33.046989440918,2023-03-17,32.1639595031738,0.0274540184536984,2023-08-25,32.9029426574707,0.00437793011241694,2023-10-25,29.2891674041748,0.128300746309625
2023-11-27,33.1652793884277,2023-03-22,31.1411228179932,0.0649994729562231,2023-08-29,33.5438537597656,-0.0112859534282842,2023-10-27,29.434741973877,0.126739259948723
2023-11-28,33.3472518920898,2023-03-23,30.9533634185791,0.077338557401289,2023-08-30,33.6612014770508,-0.00932674923011823,2023-10-27,29.434741973877,0.132921495343333
2023-11-29,33.6020240783691,2023-03-24,31.7490921020508,0.0583617311122631,2023-08-31,33.4174728393555,0.0055225971126196,2023-10-30,29.5257396697998,0.138058671997936
2023-11-30,33.8749847412109,2023-03-24,31.7490921020508,0.0669591631888848,2023-09-01,33.3994178771973,0.0142387770278583,2023-10-31,30.1171607971191,0.124773512662962
2023-12-01,34.5846862792969,2023-03-24,31.7490921020508,0.0893126067394832,2023-09-01,33.3994178771973,0.0354876964160751,2023-11-01,30.2718448638916,0.142470385759331
2023-12-04,34.7757682800293,2023-03-29,32.2855529785156,0.0771309478010422,2023-09-05,33.0654258728027,0.051726005701725,2023-11-03,31.9460296630859,0.0885787262701117
2023-12-05,34.6301918029785,2023-03-30,32.7057800292969,0.0588401124192059,2023-09-06,33.0022354125977,0.0493286703166611,2023-11-03,31.9460296630859,0.0840217757324055
2023-12-06,34.5118980407715,2023-03-31,33.4210472106934,0.0326396364303358,2023-09-07,33.2730445861816,0.0372329454667439,2023-11-06,31.5092830657959,0.0952930274137211
2023-12-07,34.5573959350586,2023-03-31,33.4210472106934,0.0340009909683994,2023-09-08,33.0564002990723,0.0454071109499619,2023-11-07,31.2454166412354,0.105998883991591
2023-12-08,34.4846076965332,2023-03-31,33.4210472106934,0.0318230748167445,2023-09-08,33.0564002990723,0.0432051700892859,2023-11-08,31.427396774292,0.0972785288007707
2023-12-11,34.6028861999512,2023-04-05,32.9471740722656,0.0502535399258808,2023-09-12,33.0744552612305,0.046211825006603,2023-11-10,31.2909107208252,0.105844649542966
2023-12-12,34.5937881469727,2023-04-06,33.1707000732422,0.0429019607843137,2023-09-13,32.7404594421387,0.0566066798210123,2023-11-10,31.2909107208252,0.105553892490233
2023-12-13,35.8494338989258,2023-04-06,33.1707000732422,0.0807560232304065,2023-09-14,33.336238861084,0.0753892797659201,2023-11-13,31.027042388916,0.155425433386861
2023-12-14,36.8412055969238,2023-04-06,33.1707000732422,0.110655051463401,2023-09-15,33.2098579406738,0.109345473947436,2023-11-14,32.7012329101562,0.126599896038837
2023-12-15,36.3953628540039,2023-04-06,33.1707000732422,0.0972141912483471,2023-09-15,33.2098579406738,0.0959204619008212,2023-11-15,32.7740287780762,0.110494016480214
2023-12-18,36.2951354980469,2023-04-12,33.4031600952148,0.0865778984559706,2023-09-19,32.7467346191406,0.10835892250558,2023-11-17,32.7285308837891,0.108975396021348
2023-12-19,36.5434150695801,2023-04-13,33.2958755493164,0.0975357898444076,2023-09-20,32.8104209899902,0.113774647412439,2023-11-17,32.7285308837891,0.116561424627849
2023-12-20,36.083625793457,2023-04-14,32.7236518859863,0.102677229276772,2023-09-21,31.6730690002441,0.139252586895791,2023-11-20,32.9832878112793,0.0939972388415904
2023-12-21,36.3870887756348,2023-04-14,32.7236518859863,0.111950735278946,2023-09-22,31.4546928405762,0.156809540632229,2023-11-21,32.8195190429688,0.108702681718011
2023-12-22,36.5342140197754,2023-04-14,32.7236518859863,0.116446726272043,2023-09-22,31.4546928405762,0.161486910870314,2023-11-22,32.919605255127,0.109801096842906
2023-12-26,36.8008880615234,2023-04-20,33.2064590454102,0.108244875227372,2023-09-27,30.5720996856689,0.203740941574069,2023-11-24,33.046989440918,0.113592756378512
2023-12-27,37.0123863220215,2023-04-21,33.2422256469727,0.113414809077087,2023-09-28,30.890567779541,0.198177598617497,2023-11-27,33.1652793884277,0.115998025782835
2023-12-28,37.2422790527344,2023-04-21,33.2422256469727,0.120330493157759,2023-09-29,30.9997482299805,0.201373597502854,2023-11-28,33.3472518920898,0.116802043336244
2023-12-29,36.8376770019531,2023-04-21,33.2422256469727,0.10815916458674,2023-09-29,30.9997482299805,0.18832181244384,2023-11-29,33.6020240783691,0.0962933933990868
2024-01-02,37.1779022216797,2023-04-27,33.3673973083496,0.114198445809754,2023-10-04,30.1990489959717,0.231095132387743,2023-12-01,34.5846862792969,0.0749816239893195
2024-01-03,36.2951354980469,2023-04-28,33.7518577575684,0.0753522297571378,2023-10-05,30.4174213409424,0.193235123096809,2023-12-04,34.7757682800293,0.0436903997571814
2024-01-04,36.2031707763672,2023-04-28,33.7518577575684,0.0726274990966729,2023-10-06,30.5357093811035,0.185601104743644,2023-12-05,34.6301918029785,0.0454221848477714
2024-01-05,36.1296043395996,2023-04-28,33.7518577575684,0.0704478727988853,2023-10-06,30.5357093811035,0.183191911105814,2023-12-06,34.5118980407715,0.0468738722198647
2024-01-08,36.6261749267578,2023-05-03,32.6610679626465,0.121401632324029,2023-10-10,31.0452404022217,0.17976779861356,2023-12-08,34.4846076965332,0.0621021195621694
2024-01-09,36.3686904907227,2023-05-04,32.9650573730469,0.103249725282101,2023-10-11,31.6730690002441,0.148252810311572,2023-12-08,34.4846076965332,0.0546354713027186
2024-01-10,36.4238586425781,2023-05-05,33.474681854248,0.0881017122484113,2023-10-12,31.2545204162598,0.165394898320983,2023-12-11,34.6028861999512,0.0526248715816522
2024-01-11,36.083625793457,2023-05-05,33.474681854248,0.0779378262822206,2023-10-13,31.2454166412354,0.15484540365631,2023-12-12,34.5937881469727,0.0430666234109649
2024-01-12,36.3594970703125,2023-05-05,33.474681854248,0.0861790181793276,2023-10-13,31.2454166412354,0.163674579468656,2023-12-13,35.8494338989258,0.014227928196155
2024-01-16,36.1387977600098,2023-05-11,33.0991706848145,0.0918339345761874,2023-10-18,30.7085857391357,0.176830416972073,2023-12-15,36.3953628540039,-0.00704938964404145
2024-01-17,35.4767227172852,2023-05-12,33.1617546081543,0.0698083722192924,2023-10-19,29.9533824920654,0.184397879828191,2023-12-18,36.2951354980469,-0.0225488283631221
2024-01-18,35.246826171875,2023-05-12,33.1617546081543,0.0628757913553826,2023-10-20,29.7987041473389,0.182830837126274,2023-12-19,36.5434150695801,-0.035480780743571
2024-01-19,35.5870742797852,2023-05-12,33.1617546081543,0.07313604784454,2023-10-20,29.7987041473389,0.194249055389317,2023-12-20,36.083625793457,-0.0137611313373588
2024-01-22,35.7525901794434,2023-05-17,32.6342468261719,0.0955543227297848,2023-10-24,29.9169826507568,0.195060029843581,2023-12-22,36.5342140197754,-0.0213942974086961
2024-01-23,35.5594787597656,2023-05-18,32.4286041259766,0.0965466975274805,2023-10-25,29.2891674041748,0.214082949817722,2023-12-22,36.5342140197754,-0.0266800665119593
2024-01-24,35.0721092224121,2023-05-19,32.3749580383301,0.0833097970625556,2023-10-26,29.9078922271729,0.172670710326664,2023-12-22,36.5342140197754,-0.0400201519751285
2024-01-25,35.5502777099609,2023-05-19,32.3749580383301,0.0980794992188549,2023-10-27,29.434741973877,0.207765902670778,2023-12-26,36.8008880615234,-0.0339831568594687
2024-01-26,35.3939628601074,2023-05-19,32.3749580383301,0.0932512350503441,2023-10-27,29.434741973877,0.202455346526197,2023-12-27,37.0123863220215,-0.0437265365122147
2024-01-29,35.6514282226562,2023-05-24,31.4808654785156,0.13247929117409,2023-10-31,30.1171607971191,0.183757939960479,2023-12-29,36.8376770019531,-0.0322020516992421
2024-01-30,35.3203887939453,2023-05-25,31.5523986816406,0.119420084359455,2023-11-01,30.2718448638916,0.166773579633253,2023-12-29,36.8376770019531,-0.0411884877520199
2024-01-31,35.062915802002,2023-05-26,31.9189701080322,0.0984977172925317,2023-11-02,31.209020614624,0.123486578927506,2023-12-29,36.8376770019531,-0.048177880485164
2024-02-01,35.6790237426758,2023-05-26,31.9189701080322,0.117799967289589,2023-11-03,31.9460296630859,0.116853146352123,2024-01-02,37.1779022216797,-0.0403163812220115
2024-02-02,35.2284355163574,2023-05-26,31.9189701080322,0.103683339315901,2023-11-03,31.9460296630859,0.102748475722614,2024-01-03,36.2951354980469,-0.0293896128793034
2024-02-05,34.5295677185059,2023-05-31,32.2229690551758,0.0715824373409062,2023-11-07,31.2454166412354,0.105108250434924,2024-01-05,36.1296043395996,-0.0442860266626292
2024-02-06,35.0537261962891,2023-06-01,32.2318992614746,0.0875476468799734,2023-11-08,31.427396774292,0.115387521532278,2024-01-05,36.1296043395996,-0.0297782985165808
2024-02-07,35.0353240966797,2023-06-02,32.9114189147949,0.0645339900836057,2023-11-09,30.9451560974121,0.132174741222573,2024-01-08,36.6261749267578,-0.0434348067538962
2024-02-08,35.2284355163574,2023-06-02,32.9114189147949,0.0704016015705999,2023-11-10,31.2909107208252,0.125836056056741,2024-01-09,36.3686904907227,-0.0313526541368352
2024-02-09,35.3203887939453,2023-06-02,32.9114189147949,0.0731955642929594,2023-11-10,31.2909107208252,0.128774713816123,2024-01-10,36.4238586425781,-0.0302952484925059
2024-02-12,35.2100448608398,2023-06-07,33.5640983581543,0.0490389011831049,2023-11-14,32.7012329101562,0.0767191854073617,2024-01-12,36.3594970703125,-0.0316135343470189
2024-02-13,34.566349029541,2023-06-08,33.3584518432617,0.036209629630138,2023-11-15,32.7740287780762,0.054687211743214,2024-01-12,36.3594970703125,-0.0493171849243094
2024-02-14,34.7962341308594,2023-06-09,33.1885795593262,0.0484399933012933,2023-11-16,32.7649192810059,0.0619966383079444,2024-01-12,36.3594970703125,-0.04299462493747
2024-02-15,35.6330451965332,2023-06-09,33.1885795593262,0.0736538191650364,2023-11-17,32.7285308837891,0.0887456367368689,2024-01-16,36.1387977600098,-0.0139947257469704
2024-02-16,35.2652206420898,2023-06-09,33.1885795593262,0.0625709539346684,2023-11-17,32.7285308837891,0.0775069851839039,2024-01-17,35.4767227172852,-0.0059617140196625
2024-02-20,35.2100448608398,2023-06-15,33.7339820861816,0.0437559601142623,2023-11-22,32.919605255127,0.0695767639970766,2024-01-19,35.5870742797852,-0.0105945607099116
2024-02-21,35.4675216674805,2023-06-16,33.6982078552246,0.0525046857048672,2023-11-22,32.919605255127,0.0773981459561002,2024-01-22,35.7525901794434,-0.00797336669964677
2024-02-22,35.5594787597656,2023-06-16,33.6982078552246,0.0552335279234275,2023-11-24,33.046989440918,0.0760277822988848,2024-01-23,35.5594787597656,0
2024-02-23,35.6054573059082,2023-06-16,33.6982078552246,0.0565979490327078,2023-11-24,33.046989440918,0.0774190904610028,2024-01-24,35.0721092224121,0.0152071858613871
2024-02-26,35.2008476257324,2023-06-21,33.1918029785156,0.0605283373282617,2023-11-28,33.3472518920898,0.0555846622576495,2024-01-26,35.3939628601074,-0.00545616310720209
2024-02-27,35.2284355163574,2023-06-22,32.7224082946777,0.076584437157313,2023-11-29,33.6020240783691,0.0484021865526625,2024-01-26,35.3939628601074,-0.00467671123474467
2024-02-28,35.6790237426758,2023-06-23,32.370361328125,0.10221271183884,2023-11-30,33.8749847412109,0.0532557878696289,2024-01-29,35.6514282226562,0.00077403687300226
2024-02-29,35.9640846252441,2023-06-23,32.370361328125,0.111018942936443,2023-12-01,34.5846862792969,0.0398846568914231,2024-01-30,35.3203887939453,0.0182244831746918
2024-03-01,36.3594970703125,2023-06-23,32.370361328125,0.123234204949128,2023-12-01,34.5846862792969,0.0513178224802364,2024-01-31,35.062915802002,0.0369787063811879
2024-03-04,36.7733001708984,2023-06-28,33.5438537597656,0.0962753544736232,2023-12-05,34.6301918029785,0.0618855471581763,2024-02-02,35.2284355163574,0.0438527749500457
2024-03-05,36.3043174743652,2023-06-29,33.8507652282715,0.072481441100321,2023-12-06,34.5118980407715,0.0519362751789609,2024-02-02,35.2284355163574,0.0305401571837687
2024-03-06,36.5066261291504,2023-06-30,34.022274017334,0.0730213421522223,2023-12-07,34.5573959350586,0.056405586744871,2024-02-05,34.5295677185059,0.0572569696430036
2024-03-07,36.5066261291504,2023-06-30,34.022274017334,0.0730213421522223,2023-12-08,34.4846076965332,0.0586353903286672,2024-02-06,35.0537261962891,0.0414478028591192
2024-03-08,36.9388236999512,2023-06-30,34.022274017334,0.0857247132020404,2023-12-08,34.4846076965332,0.0711684478192482,2024-02-07,35.0353240966797,0.0543308689829383
2024-03-11,36.7549095153809,2023-07-05,34.4645881652832,0.0664543368141779,2023-12-12,34.5937881469727,0.0624713708492004,2024-02-09,35.3203887939453,0.0406145223883112
2024-03-12,36.662956237793,2023-07-06,34.275032043457,0.0696694956056731,2023-12-13,35.8494338989258,0.0226927527268865,2024-02-09,35.3203887939453,0.0380111173656674
2024-03-13,36.4330673217773,2023-07-07,34.1125373840332,0.068025720620545,2023-12-14,36.8412055969238,-0.0110783094237438,2024-02-12,35.2100448608398,0.0347350440981042
2024-03-14,35.9181060791016,2023-07-07,34.1125373840332,0.0529297681594767,2023-12-15,36.3953628540039,-0.0131131203943979,2024-02-13,34.566349029541,0.0391061563489192
2024-03-15,35.899715423584,2023-07-07,34.1125373840332,0.0523906509630472,2023-12-15,36.3953628540039,-0.013618422555867,2024-02-14,34.7962341308594,0.031712664323809
2024-03-18,35.8941612243652,2023-07-12,34.7805328369141,0.0320187270469079,2023-12-19,36.5434150695801,-0.0177666439761757,2024-02-16,35.2652206420898,0.0178345852038917
2024-03-19,35.8941612243652,2023-07-13,35.0152320861816,0.0251013369273212,2023-12-20,36.083625793457,-0.00525070762501234,2024-02-16,35.2652206420898,0.0178345852038917
2024-03-20,36.042293548584,2023-07-14,35.0152320861816,0.0293318479190563,2023-12-21,36.3870887756348,-0.00947575743629314,2024-02-16,35.2652206420898,0.0220351068941473
2024-03-21,36.1811714172363,2023-07-14,35.0152320861816,0.033298060917746,2023-12-22,36.5342140197754,-0.00966334193881835,2024-02-20,35.2100448608398,0.0275809519764787
2024-03-22,35.7552833557129,2023-07-14,35.0152320861816,0.0211351239286317,2023-12-22,36.5342140197754,-0.0213205808571898,2024-02-21,35.4675216674805,0.00811338584438692
2024-03-25,35.6164169311523,2023-07-19,34.8076095581055,0.0232365101572605,2023-12-26,36.8008880615234,-0.0321859387847082,2024-02-23,35.6054573059082,0.000307807456311426
2024-03-26,35.4682846069336,2023-07-20,34.6902656555176,0.0224275870107749,2023-12-27,37.0123863220215,-0.0417185128690066,2024-02-23,35.6054573059082,-0.00385257512060788
2024-03-27,36.3663291931152,2023-07-21,34.8437194824219,0.04369825418499,2023-12-28,37.2422790527344,-0.023520307615407,2024-02-26,35.2008476257324,0.0331094745153473
2024-03-28,36.5977821350098,2023-07-21,34.8437194824219,0.0503408556446676,2023-12-29,36.8376770019531,-0.00651221484271769,2024-02-27,35.2284355163574,0.0388704919358829
2024-04-01,35.9589653015137,2023-07-26,35.0423164367676,0.0261583410560244,2024-01-02,37.1779022216797,-0.0327865976110726,2024-03-01,36.3594970703125,-0.0110158775855528
2024-04-02,35.560863494873,2023-07-27,34.3021125793457,0.036696017267615,2024-01-03,36.2951354980469,-0.020230589942648,2024-03-01,36.3594970703125,-0.0219649236042799
2024-04-03,35.5793800354004,2023-07-28,34.2028121948242,0.040247212209775,2024-01-04,36.2031707763672,-0.0172302792155984,2024-03-04,36.7733001708984,-0.0324670380398137
2024-04-04,35.3016319274902,2023-07-28,34.2028121948242,0.0321265902466434,2024-01-05,36.1296043395996,-0.0229167306767841,2024-03-05,36.3043174743652,-0.0276189064174807
2024-04-05,35.533088684082,2023-07-28,34.2028121948242,0.0388937752159197,2024-01-05,36.1296043395996,-0.0165104397466034,2024-03-06,36.5066261291504,-0.0266674176250704
2024-04-08,35.8386116027832,2023-08-02,34.2660026550293,0.0458941465564584,2024-01-09,36.3686904907227,-0.0145751436410577,2024-03-08,36.9388236999512,-0.0297847085252317
2024-04-09,36.2922592163086,2023-08-03,33.7966041564941,0.0738433674655121,2024-01-10,36.4238586425781,-0.00361300068619574,2024-03-08,36.9388236999512,-0.0175036565564332
2024-04-10,34.801685333252,2023-08-04,33.4626083374023,0.0400171135001712,2024-01-11,36.083625793457,-0.0355269303462716,2024-03-11,36.7549095153809,-0.0531418579961825
2024-04-11,34.8387222290039,2023-08-04,33.4626083374023,0.0411239278697659,2024-01-12,36.3594970703125,-0.0418260692211363,2024-03-12,36.662956237793,-0.0497568716760654
2024-04-12,34.4776573181152,2023-08-04,33.4626083374023,0.0303338272521432,2024-01-12,36.3594970703125,-0.0517564846553883,2024-03-13,36.4330673217773,-0.0536712977359798
2024-04-15,33.8758659362793,2023-08-09,33.7966041564941,0.0023452586957593,2024-01-16,36.1387977600098,-0.0626177948352938,2024-03-15,35.899715423584,-0.0563750844101438
2024-04-16,33.3574028015137,2023-08-10,33.6882743835449,-0.0098215651613448,2024-01-17,35.4767227172852,-0.0597383228620186,2024-03-15,35.899715423584,-0.0708170689397767
2024-04-17,33.0796508789062,2023-08-11,33.7514724731445,-0.0199049565844227,2024-01-18,35.246826171875,-0.0614856861835134,2024-03-18,35.8941612243652,-0.0784113696895213
2024-04-18,33.088924407959,2023-08-11,33.7514724731445,-0.0196301973406561,2024-01-19,35.5870742797852,-0.0701982369268616,2024-03-19,35.8941612243652,-0.0781530120977457
2024-04-19,33.2185325622559,2023-08-11,33.7514724731445,-0.0157901232698135,2024-01-19,35.5870742797852,-0.0665562360903247,2024-03-20,36.042293548584,-0.0783457629443525
2024-04-22,33.4870185852051,2023-08-16,32.821704864502,0.0202705411997866,2024-01-23,35.5594787597656,-0.0582815116206221,2024-03-22,35.7552833557129,-0.0634385902620849
2024-04-23,33.7925453186035,2023-08-17,32.5779762268066,0.0372819073640762,2024-01-24,35.0721092224121,-0.0364838024338413,2024-03-22,35.7552833557129,-0.0548936507531765
2024-04-24,33.9221534729004,2023-08-18,32.6682395935059,0.0383832705709615,2024-01-25,35.5502777099609,-0.0457977923644843,2024-03-25,35.6164169311523,-0.0475697334048795
2024-04-25,33.7277374267578,2023-08-18,32.6682395935059,0.0324320455107281,2024-01-26,35.3939628601074,-0.0470765435318805,2024-03-26,35.4682846069336,-0.0490733397305469
2024-04-26,33.7555046081543,2023-08-18,32.6682395935059,0.0332820203407769,2024-01-26,35.3939628601074,-0.0462920260844776,2024-03-27,36.3663291931152,-0.0717923596604084
2024-04-29,34.1350975036621,2023-08-23,32.9661331176758,0.0354595542587175,2024-01-30,35.3203887939453,-0.0335582741514552,2024-03-28,36.5977821350098,-0.0672905429695924
2024-04-30,33.5055351257324,2023-08-24,32.8126792907715,0.0211154910216613,2024-01-31,35.062915802002,-0.0444167474565995,2024-03-28,36.5977821350098,-0.0844927432452054
2024-05-01,33.5240516662598,2023-08-25,32.9029426574707,0.0188770048702023,2024-02-01,35.6790237426758,-0.0603988520526263,2024-04-01,35.9589653015137,-0.0677136734841314
2024-05-02,34.0054817199707,2023-08-25,32.9029426574707,0.0335088284953038,2024-02-02,35.2284355163574,-0.0347149618897743,2024-04-02,35.560863494873,-0.0437385828700867
2024-05-03,34.2739791870117,2023-08-25,32.9029426574707,0.0416691158542841,2024-02-02,35.2284355163574,-0.0270933498849963,2024-04-03,35.5793800354004,-0.03668981435567
2024-05-06,34.2832260131836,2023-08-30,33.6612014770508,0.0184789760566595,2024-02-06,35.0537261962891,-0.021980550050255,2024-04-05,35.533088684082,-0.0351746137807138
2024-05-07,34.6442985534668,2023-08-31,33.4174728393555,0.0367121032762987,2024-02-07,35.0353240966797,-0.0111608941345557,2024-04-05,35.533088684082,-0.0250130276744952
2024-05-08,34.3202629089355,2023-09-01,33.3994178771973,0.0275706910558753,2024-02-08,35.2284355163574,-0.0257795327584215,2024-04-08,35.8386116027832,-0.042366281112568
2024-05-09,35.1349868774414,2023-09-01,33.3994178771973,0.0519640493922819,2024-02-09,35.3203887939453,-0.00524914710269808,2024-04-09,36.2922592163086,-0.0318875805435431
2024-05-10,35.00537109375,2023-09-01,33.3994178771973,0.0480832696682767,2024-02-09,35.3203887939453,-0.00891886275751619,2024-04-10,34.801685333252,0.00585275565098664
2024-05-13,35.0979537963867,2023-09-06,33.0022354125977,0.0635023160579322,2024-02-13,34.566349029541,0.0153792570453821,2024-04-12,34.4776573181152,0.0179912594567604
2024-05-14,35.3479232788086,2023-09-07,33.2730445861816,0.0623591474249596,2024-02-14,34.7962341308594,0.0158548521622903,2024-04-12,34.4776573181152,0.0252414470236093
2024-05-15,35.9497146606445,2023-09-08,33.0564002990723,0.0875266010635001,2024-02-15,35.6330451965332,0.00888696047067383,2024-04-15,33.8758659362793,0.0612190616253516
2024-05-16,35.8848991394043,2023-09-08,33.0564002990723,0.085565845486552,2024-02-16,35.2652206420898,0.017571944426596,2024-04-16,33.3574028015137,0.0757701777002835
2024-05-17,35.8848991394043,2023-09-08,33.0564002990723,0.085565845486552,2024-02-16,35.2652206420898,0.017571944426596,2024-04-17,33.0796508789062,0.0848028375742882
2024-05-20,35.6627082824707,2023-09-13,32.7404594421387,0.0892549735136259,2024-02-20,35.2100448608398,0.0128560876141997,2024-04-19,33.2185325622559,0.0735786782764754
2024-05-21,35.6349334716797,2023-09-14,33.336238861084,0.0689548278128986,2024-02-21,35.4675216674805,0.00472014384790564,2024-04-19,33.2185325622559,0.072742554322506
2024-05-22,35.3294067382812,2023-09-15,33.2098579406738,0.063822880585451,2024-02-22,35.5594787597656,-0.00647006169687425,2024-04-22,33.4870185852051,0.05501798102415
2024-05-23,34.5794906616211,2023-09-15,33.2098579406738,0.0412417518736148,2024-02-23,35.6054573059082,-0.0288148705821246,2024-04-23,33.7925453186035,0.0232875427286723
2024-05-24,34.5794906616211,2023-09-15,33.2098579406738,0.0412417518736148,2024-02-23,35.6054573059082,-0.0288148705821246,2024-04-24,33.9221534729004,0.019377814243009
2024-05-28,34.3758125305176,2023-09-21,31.6730690002441,0.0853325432484173,2024-02-28,35.6790237426758,-0.0365259773237413,2024-04-26,33.7555046081543,0.0183764967984936
2024-05-29,34.0517692565918,2023-09-22,31.4546928405762,0.082565626349574,2024-02-29,35.9640846252441,-0.0531729192770846,2024-04-29,34.1350975036621,-0.00244113106931576
2024-05-30,34.5424613952637,2023-09-22,31.4546928405762,0.0981655923438018,2024-03-01,36.3594970703125,-0.04997416965188,2024-04-30,33.5055351257324,0.0309479095212208
2024-05-31,35.2275657653809,2023-09-22,31.4546928405762,0.119946265058984,2024-03-01,36.3594970703125,-0.0311316546194986,2024-05-01,33.5240516662598,0.050814684217767
2024-06-03,35.088695526123,2023-09-27,30.5720996856689,0.147735873129163,2024-03-05,36.3043174743652,-0.0334842253707303,2024-05-03,34.2739791870117,0.023770695975099
2024-06-04,35.4219932556152,2023-09-28,30.890567779541,0.146692851630762,2024-03-06,36.5066261291504,-0.0297105755458755,2024-05-03,34.2739791870117,0.0334952081968516
2024-06-05,35.3756980895996,2023-09-29,30.9997482299805,0.141160819344561,2024-03-07,36.5066261291504,-0.0309787060450305,2024-05-06,34.2832260131836,0.0318660815640834
2024-06-06,35.4312515258789,2023-09-29,30.9997482299805,0.142952880230577,2024-03-08,36.9388236999512,-0.0408126741208128,2024-05-07,34.6442985534668,0.0227152231469661
2024-06-07,35.1535034179688,2023-09-29,30.9997482299805,0.133993191079246,2024-03-08,36.9388236999512,-0.0483318119841695,2024-05-08,34.3202629089355,0.0242783836255596
2024-06-10,35.3294067382812,2023-10-04,30.1990489959717,0.16988474514525,2024-03-12,36.662956237793,-0.0363732125380841,2024-05-10,35.00537109375,0.00925674073454119
2024-06-11,35.2183113098145,2023-10-05,30.4174213409424,0.157833562387157,2024-03-13,36.4330673217773,-0.0333421284909708,2024-05-10,35.00537109375,0.00608307266602504
2024-06-12,35.4682846069336,2023-10-06,30.5357093811035,0.161534653224153,2024-03-14,35.9181060791016,-0.0125235298090979,2024-05-13,35.0979537963867,0.0105513504489541
2024-06-13,35.6441917419434,2023-10-06,30.5357093811035,0.167295355646826,2024-03-15,35.899715423584,-0.0071177077206791,2024-05-14,35.3479232788086,0.00838149559163437
2024-06-14,35.6719665527344,2023-10-06,30.5357093811035,0.16820494023988,2024-03-15,35.899715423584,-0.00634402997802019,2024-05-15,35.9497146606445,-0.00772601703607445
2024-06-17,35.4868011474609,2023-10-11,31.6730690002441,0.120409302527248,2024-03-19,35.8941612243652,-0.0113489231398386,2024-05-17,35.8848991394043,-0.0110937469935987
2024-06-18,35.625675201416,2023-10-12,31.2545204162598,0.139856722385739,2024-03-20,36.042293548584,-0.0115591519337241,2024-05-17,35.8848991394043,-0.0072237610862792
2024-06-20,35.533088684082,2023-10-13,31.2454166412354,0.137225631908781,2024-03-22,35.7552833557129,-0.00621431717993526,2024-05-21,35.6349334716797,-0.00285800414580806
2024-06-21,35.625675201416,2023-10-13,31.2454166412354,0.140188835069011,2024-03-22,35.7552833557129,-0.00362486721213928,2024-05-22,35.3294067382812,0.00838588842800303
2024-06-24,35.866024017334,2023-10-18,30.7085857391357,0.167947762948441,2024-03-26,35.4682846069336,0.0112139454954818,2024-05-24,34.5794906616211,0.037205098487491
2024-06-25,35.3610038757324,2023-10-19,29.9533824920654,0.180534581865653,2024-03-27,36.3663291931152,-0.027644399082576,2024-05-24,34.5794906616211,0.0226004836727891
2024-06-26,35.3142395019531,2023-10-20,29.7987041473389,0.185093127786458,2024-03-28,36.5977821350098,-0.0350715960962233,2024-05-24,34.5794906616211,0.021248110549746
2024-06-27,35.6322174072266,2023-10-20,29.7987041473389,0.195763991314658,2024-03-28,36.5977821350098,-0.0263831486897544,2024-05-28,34.3758125305176,0.0365490961295416
2024-06-28,35.9221382141113,2023-10-20,29.7987041473389,0.205493300530631,2024-03-28,36.5977821350098,-0.0184613351269751,2024-05-29,34.0517692565918,0.0549272181256033
2024-07-01,35.5761070251465,2023-10-25,29.2891674041748,0.21465067730384,2024-04-02,35.560863494873,0.000428660296048156,2024-05-31,35.2275657653809,0.00989399216758113
2024-07-02,35.7257385253906,2023-10-26,29.9078922271729,0.19452545348321,2024-04-03,35.5793800354004,0.00411357617374475,2024-05-31,35.2275657653809,0.0141415607120754
2024-07-03,35.6883316040039,2023-10-27,29.434741973877,0.212456070981595,2024-04-04,35.3016319274902,0.0109541586436557,2024-06-03,35.088695526123,0.0170891527567458
2024-07-05,35.8192672729492,2023-10-27,29.434741973877,0.216904408563814,2024-04-05,35.533088684082,0.00805386189226454,2024-06-05,35.3756980895996,0.0125388107459006
2024-07-08,35.9034271240234,2023-11-01,30.2718448638916,0.186033665455561,2024-04-09,36.2922592163086,-0.0107139125720348,2024-06-07,35.1535034179688,0.0213328298217743
2024-07-09,35.9127922058105,2023-11-02,31.209020614624,0.150718333948051,2024-04-10,34.801685333252,0.0319268122195497,2024-06-07,35.1535034179688,0.0215992351833043
2024-07-10,36.1652984619141,2023-11-03,31.9460296630859,0.132074903934104,2024-04-11,34.8387222290039,0.038077637411333,2024-06-10,35.3294067382812,0.0236599422635388
2024-07-11,37.1285820007324,2023-11-03,31.9460296630859,0.162228370545683,2024-04-12,34.4776573181152,0.0768881904636931,2024-06-11,35.2183113098145,0.0542408372199727
2024-07-12,37.3998031616211,2023-11-03,31.9460296630859,0.170718350795156,2024-04-12,34.4776573181152,0.0847547678934235,2024-06-12,35.4682846069336,0.0544576253431186
2024-07-15,37.5587921142578,2023-11-08,31.427396774292,0.195097143552831,2024-04-16,33.3574028015137,0.125950732367974,2024-06-14,35.6719665527344,0.0528937915080772
2024-07-16,37.9141807556152,2023-11-09,30.9451560974121,0.225205671487498,2024-04-17,33.0796508789062,0.146148152965901,2024-06-14,35.6719665527344,0.0628564786179131
2024-07-17,38.250862121582,2023-11-10,31.2909107208252,0.222427255724607,2024-04-18,33.088924407959,0.156001979695098,2024-06-17,35.4868011474609,0.0778898318458006
2024-07-18,37.9328804016113,2023-11-10,31.2909107208252,0.2122651443432,2024-04-19,33.2185325622559,0.141919208216683,2024-06-18,35.625675201416,0.064762427298602
2024-07-19,37.8861198425293,2023-11-10,31.2909107208252,0.210770762811795,2024-04-19,33.2185325622559,0.14051154341408,2024-06-18,35.625675201416,0.0634498750783938
2024-07-22,38.2602119445801,2023-11-15,32.7740287780762,0.167394225581868,2024-04-23,33.7925453186035,0.132208644949779,2024-06-21,35.625675201416,0.0739505069944428
2024-07-23,38.1947479248047,2023-11-16,32.7649192810059,0.165720800262937,2024-04-24,33.9221534729004,0.125952924990967,2024-06-21,35.625675201416,0.0721129553015898
2024-07-24,37.671012878418,2023-11-17,32.7285308837891,0.151014477618272,2024-04-25,33.7277374267578,0.116914911954093,2024-06-24,35.866024017334,0.0503258699713032
2024-07-25,37.465274810791,2023-11-17,32.7285308837891,0.144728278327584,2024-04-26,33.7555046081543,0.109901192285556,2024-06-25,35.3610038757324,0.059508235186239
2024-07-26,38.0918655395508,2023-11-17,32.7285308837891,0.163873370143182,2024-04-26,33.7555046081543,0.128463815953412,2024-06-26,35.3142395019531,0.0786545619209507
2024-07-29,38.3350372314453,2023-11-22,32.919605255127,0.164504766516754,2024-04-30,33.5055351257324,0.144140425980059,2024-06-28,35.9221382141113,0.0671702503607128
2024-07-30,38.6156005859375,2023-11-22,32.919605255127,0.173027449347177,2024-05-01,33.5240516662598,0.151877492922555,2024-06-28,35.9221382141113,0.0749805692459615
2024-07-31,38.5220756530762,2023-11-24,33.046989440918,0.165675793916014,2024-05-02,34.0054817199707,0.132819583921758,2024-07-01,35.5761070251465,0.0828075040882739
2024-08-01,39.1206245422363,2023-11-24,33.046989440918,0.183787848880362,2024-05-03,34.2739791870117,0.141408890073122,2024-07-02,35.7257385253906,0.0950263355488907
2024-08-02,39.1486740112305,2023-11-24,33.046989440918,0.184636624199043,2024-05-03,34.2739791870117,0.142227279698706,2024-07-03,35.6883316040039,0.0969600497334075
2024-08-05,38.0170593261719,2023-11-29,33.6020240783691,0.131391943458694,2024-05-07,34.6442985534668,0.0973539922449254,2024-07-05,35.8192672729492,0.0613578171902596
2024-08-06,38.858757019043,2023-11-30,33.8749847412109,0.147122495136329,2024-05-08,34.3202629089355,0.132239491350918,2024-07-05,35.8192672729492,0.0848562792458118
2024-08-07,38.5781860351562,2023-12-01,34.5846862792969,0.115470174389003,2024-05-09,35.1349868774414,0.0979991587794093,2024-07-08,35.9034271240234,0.0744987073766865
2024-08-08,38.9055213928223,2023-12-01,34.5846862792969,0.124934922891347,2024-05-10,35.00537109375,0.111415767843941,2024-07-09,35.9127922058105,0.0833332359639669
2024-08-09,39.1019172668457,2023-12-01,34.5846862792969,0.130613617572496,2024-05-10,35.00537109375,0.117026217551715,2024-07-10,36.1652984619141,0.0811999051528418
2024-08-12,38.868106842041,2023-12-06,34.5118980407715,0.126223391020778,2024-05-14,35.3479232788086,0.099586715051597,2024-07-12,37.3998031616211,0.0392596633216153
2024-08-13,39.139331817627,2023-12-07,34.5573959350586,0.132589153742339,2024-05-15,35.9497146606445,0.0887244081654481,2024-07-12,37.3998031616211,0.0465117061843505
2024-08-14,39.279613494873,2023-12-08,34.4846076965332,0.139047711968662,2024-05-16,35.8848991394043,0.0946000807270237,2024-07-15,37.5587921142578,0.045816739137412
2024-08-15,39.1673851013184,2023-12-08,34.4846076965332,0.135793263069538,2024-05-17,35.8848991394043,0.0914726261083356,2024-07-16,37.9141807556152,0.0330537102669037
2024-08-16,39.1486740112305,2023-12-08,34.4846076965332,0.135250670552536,2024-05-17,35.8848991394043,0.0909512064990676,2024-07-17,38.250862121582,0.0234716772342203
2024-08-19,39.3824882507324,2023-12-13,35.8494338989258,0.0985525841710015,2024-05-21,35.6349334716797,0.105165196450585,2024-07-19,37.8861198425293,0.0394964808859462
2024-08-20,39.4198951721191,2023-12-14,36.8412055969238,0.0699947119920155,2024-05-22,35.3294067382812,0.115781407373751,2024-07-19,37.8861198425293,0.0404838324949839
2024-08-21,39.5508308410645,2023-12-15,36.3953628540039,0.0866997259985665,2024-05-23,34.5794906616211,0.143765569831279,2024-07-22,38.2602119445801,0.033732664585179
2024-08-22,39.7939834594727,2023-12-15,36.3953628540039,0.0933805940911194,2024-05-24,34.5794906616211,0.150797270233914,2024-07-23,38.1947479248047,0.0418705613090167
2024-08-23,40.5608711242676,2023-12-15,36.3953628540039,0.114451620855469,2024-05-24,34.5794906616211,0.172974799460683,2024-07-24,37.671012878418,0.0767130487087389
2024-08-26,40.5328178405762,2023-12-20,36.083625793457,0.123302244419293,2024-05-28,34.3758125305176,0.179108648111012,2024-07-26,38.0918655395508,0.0640806709372359
2024-08-27,40.6356925964355,2023-12-21,36.3870887756348,0.116761300883342,2024-05-29,34.0517692565918,0.193350403916801,2024-07-26,38.0918655395508,0.0667813723705264
2024-08-28,40.4954071044922,2023-12-22,36.5342140197754,0.108424204297174,2024-05-30,34.5424613952637,0.172337044575658,2024-07-29,38.3350372314453,0.0563549699979102
2024-08-29,40.3364219665527,2023-12-22,36.5342140197754,0.104072526227587,2024-05-31,35.2275657653809,0.14502438900256,2024-07-30,38.6156005859375,0.0445628542481324
2024-08-30,40.7292175292969,2023-12-22,36.5342140197754,0.114823970408965,2024-05-31,35.2275657653809,0.156174621901427,2024-07-31,38.5220756530762,0.0572955075447619
2024-09-03,40.8227424621582,2023-12-28,37.2422790527344,0.0961397503185548,2024-06-05,35.3756980895996,0.153977014354948,2024-08-02,39.1486740112305,0.0427618174359494
2024-09-04,40.9162673950195,2023-12-29,36.8376770019531,0.11071790419494,2024-06-06,35.4312515258789,0.15480728545912,2024-08-05,38.0170593261719,0.0762607134858473
2024-09-05,40.8040351867676,2023-12-29,36.8376770019531,0.107671235203136,2024-06-07,35.1535034179688,0.160738794697503,2024-08-06,38.858757019043,0.0500602262386136
2024-09-06,40.8040351867676,2023-12-29,36.8376770019531,0.107671235203136,2024-06-07,35.1535034179688,0.160738794697503,2024-08-07,38.5781860351562,0.0576970920712268
2024-09-09,41.2903518676758,2024-01-03,36.2951354980469,0.137627709638877,2024-06-11,35.2183113098145,0.172411462447639,2024-08-09,39.1019172668457,0.0559674500330867
2024-09-10,42.0198249816895,2024-01-04,36.2031707763672,0.160666982493127,2024-06-12,35.4682846069336,0.184715456283305,2024-08-09,39.1019172668457,0.0746231366337073
2024-09-11,41.9076042175293,2024-01-05,36.1296043395996,0.159924250031068,2024-06-13,35.6441917419434,0.175720423706947,2024-08-12,38.868106842041,0.0782002938254935
2024-09-12,41.9824180603027,2024-01-05,36.1296043395996,0.161994957533708,2024-06-14,35.6719665527344,0.176902260161057,2024-08-13,39.139331817627,0.072640132333464
2024-09-13,42.2816963195801,2024-01-05,36.1296043395996,0.170278421046463,2024-06-14,35.6719665527344,0.185291992721356,2024-08-14,39.279613494873,0.0764285225234937
2024-09-16,42.4219856262207,2024-01-10,36.4238586425781,0.164675770420188,2024-06-18,35.625675201416,0.190770010291189,2024-08-16,39.1486740112305,0.0836123239844913
2024-09-17,42.0852966308594,2024-01-11,36.083625793457,0.166326712059258,2024-06-18,35.625675201416,0.181319270243238,2024-08-16,39.1486740112305,0.0750120583595368
2024-09-18,41.9637184143066,2024-01-12,36.3594970703125,0.154133632078481,2024-06-20,35.533088684082,0.180975816298947,2024-08-19,39.3824882507324,0.0655425870285433
2024-09-19,41.86083984375,2024-01-12,36.3594970703125,0.151304149306546,2024-06-21,35.625675201416,0.175018848262732,2024-08-20,39.4198951721191,0.0619216428905496
2024-09-20,41.7860260009766,2024-01-12,36.3594970703125,0.149246534410808,2024-06-21,35.625675201416,0.172918850372152,2024-08-21,39.5508308410645,0.0565144931820591
2024-09-23,42.2484397888184,2024-01-17,35.4767227172852,0.190877751744353,2024-06-25,35.3610038757324,0.194774897717558,2024-08-23,40.5608711242676,0.0416058289128092
2024-09-24,42.2484397888184,2024-01-18,35.246826171875,0.198645222205291,2024-06-26,35.3142395019531,0.196357061192886,2024-08-23,40.5608711242676,0.0416058289128092
2024-09-25,42.0694999694824,2024-01-19,35.5870742797852,0.182156747102403,2024-06-27,35.6322174072266,0.180659050451076,2024-08-26,40.5328178405762,0.0379120478361592
2024-09-26,41.6551170349121,2024-01-19,35.5870742797852,0.17051254923122,2024-06-28,35.9221382141113,0.159594587232803,2024-08-27,40.6356925964355,0.0250869217020797
2024-09-27,41.7116279602051,2024-01-19,35.5870742797852,0.172100511333658,2024-06-28,35.9221382141113,0.161167737610326,2024-08-28,40.4954071044922,0.0300335505351168
2024-09-30,42.0694999694824,2024-01-24,35.0721092224121,0.19951439768552,2024-07-02,35.7257385253906,0.177568378035998,2024-08-30,40.7292175292969,0.0329071492527806
2024-10-01,41.8152160644531,2024-01-25,35.5502777099609,0.176227550333223,2024-07-03,35.6883316040039,0.17167752554064,2024-08-30,40.7292175292969,0.0266638693555818
2024-10-02,41.6645317077637,2024-01-26,35.3939628601074,0.17716492703686,2024-07-03,35.6883316040039,0.167455295194839,2024-08-30,40.7292175292969,0.0229642069061113
2024-10-03,41.2595634460449,2024-01-26,35.3939628601074,0.165723194351561,2024-07-05,35.8192672729492,0.151881838666315,2024-09-03,40.8227424621582,0.0107004321008477
2024-10-04,40.9864540100098,2024-01-26,35.3939628601074,0.158006922593165,2024-07-05,35.8192672729492,0.144257186996196,2024-09-04,40.9162673950195,0.00171537189139537
2024-10-07,40.6850776672363,2024-01-31,35.062915802002,0.160344960954827,2024-07-09,35.9127922058105,0.132885391758919,2024-09-06,40.8040351867676,-0.00291533714709247
2024-10-08,40.8075103759766,2024-02-01,35.6790237426758,0.14373954484541,2024-07-10,36.1652984619141,0.128360945754429,2024-09-06,40.8040351867676,8.51677828694886e-05
2024-10-09,40.8263397216797,2024-02-02,35.2284355163574,0.158903003306037,2024-07-11,37.1285820007324,0.0995932923286518,2024-09-09,41.2903518676758,-0.0112377861899343
2024-10-10,40.4873046875,2024-02-02,35.2284355163574,0.149279100648701,2024-07-12,37.3998031616211,0.0825539512209852,2024-09-10,42.0198249816895,-0.0364713630972348
2024-10-11,40.9016876220703,2024-02-02,35.2284355163574,0.161041840846968,2024-07-12,37.3998031616211,0.0936337671435337,2024-09-11,41.9076042175293,-0.0240031997591078
2024-10-14,41.1842231750488,2024-02-07,35.0353240966797,0.17550569994447,2024-07-16,37.9141807556152,0.0862485316644825,2024-09-13,42.2816963195801,-0.0259562231428976
2024-10-15,41.702205657959,2024-02-08,35.2284355163574,0.183765473734865,2024-07-17,38.250862121582,0.0902291698787521,2024-09-13,42.2816963195801,-0.0137054733386547
2024-10-16,42.1165924072266,2024-02-09,35.3203887939453,0.192415877778964,2024-07-18,37.9328804016113,0.11029249456726,2024-09-16,42.4219856262207,-0.00719893740205735
2024-10-17,41.8434715270996,2024-02-09,35.3203887939453,0.184683208647819,2024-07-19,37.8861198425293,0.104453865980964,2024-09-17,42.0852966308594,-0.00574607103000546
2024-10-18,42.1354331970215,2024-02-09,35.3203887939453,0.192949303101794,2024-07-19,37.8861198425293,0.112160162406552,2024-09-18,41.9637184143066,0.00409198205505801
2024-10-21,41.268985748291,2024-02-14,34.7962341308594,0.186018739645484,2024-07-23,38.1947479248047,0.08048849620735,2024-09-20,41.7860260009766,-0.0123735205801447
2024-10-22,41.3349113464355,2024-02-15,35.6330451965332,0.160016246673666,2024-07-24,37.671012878418,0.0972604182383601,2024-09-20,41.7860260009766,-0.0107958257272532
2024-10-23,41.739875793457,2024-02-16,35.2652206420898,0.183598883928137,2024-07-25,37.465274810791,0.114095012094635,2024-09-23,42.2484397888184,-0.0120374621619974
2024-10-24,41.8340492248535,2024-02-16,35.2652206420898,0.186269317564502,2024-07-26,38.0918655395508,0.098241018976013,2024-09-24,42.2484397888184,-0.00980842289173744
2024-10-25,41.5044326782227,2024-02-16,35.2652206420898,0.176922529408087,2024-07-26,38.0918655395508,0.0895878185626957,2024-09-25,42.0694999694824,-0.013431756775566
2024-10-28,41.6362762451172,2024-02-21,35.4675216674805,0.173926857237751,2024-07-30,38.6156005859375,0.0782242309674115,2024-09-27,41.7116279602051,-0.00180649182908377
2024-10-29,41.2595634460449,2024-02-22,35.5594787597656,0.160297194590174,2024-07-31,38.5220756530762,0.0710628320660116,2024-09-27,41.7116279602051,-0.0108378535259148
2024-10-30,41.4102478027344,2024-02-23,35.6054573059082,0.163030920989265,2024-08-01,39.1206245422363,0.0585272675804567,2024-09-30,42.0694999694824,-0.0156705491443034
2024-10-31,40.6850776672363,2024-02-23,35.6054573059082,0.142664095497665,2024-08-02,39.1486740112305,0.0392453561917605,2024-10-01,41.8152160644531,-0.0270269653868301
2024-11-01,40.2518577575684,2024-02-23,35.6054573059082,0.130496862088867,2024-08-02,39.1486740112305,0.0281793387439233,2024-10-02,41.6645317077637,-0.0339059121101817
2024-11-04,40.703914642334,2024-02-28,35.6790237426758,0.140835997528932,2024-08-06,38.858757019043,0.0474837016116285,2024-10-04,40.9864540100098,-0.00689348162704628
2024-11-05,41.2595634460449,2024-02-29,35.9640846252441,0.1472435313169,2024-08-07,38.5781860351562,0.0695050153069701,2024-10-04,40.9864540100098,0.00666340728008463
2024-11-06,40.1576805114746,2024-03-01,36.3594970703125,0.104461935593255,2024-08-08,38.9055213928223,0.0321846122047693,2024-10-07,40.6850776672363,-0.0129629138249484
2024-11-07,40.6568183898926,2024-03-01,36.3594970703125,0.11818978989918,2024-08-09,39.1019172668457,0.0397653422576614,2024-10-08,40.8075103759766,-0.0036927512777819
2024-11-08,41.3537445068359,2024-03-01,36.3594970703125,0.137357439979588,2024-08-09,39.1019172668457,0.0575886656560329,2024-10-09,40.8263397216797,0.0129182480906116
2024-11-11,40.9958686828613,2024-03-06,36.5066261291504,0.122970622862524,2024-08-13,39.139331817627,0.0474340459843583,2024-10-11,40.9016876220703,0.00230262041168672
2024-11-12,40.4778900146484,2024-03-07,36.5066261291504,0.108782002243889,2024-08-14,39.279613494873,0.0305063215535915,2024-10-11,40.9016876220703,-0.0103613721599398
2024-11-13,40.7980918884277,2024-03-08,36.9388236999512,0.104477289797446,2024-08-15,39.1673851013184,0.0416343032063808,2024-10-14,41.1842231750488,-0.00937570887230033
2024-11-14,40.4307975769043,2024-03-08,36.9388236999512,0.0945339761037853,2024-08-16,39.1486740112305,0.0327501147371181,2024-10-15,41.702205657959,-0.0304877898181874
2024-11-15,40.4778900146484,2024-03-08,36.9388236999512,0.095808852589476,2024-08-16,39.1486740112305,0.0339530274521345,2024-10-16,42.1165924072266,-0.0389087126691889
2024-11-18,40.8357620239258,2024-03-13,36.4330673217773,0.12084337185403,2024-08-20,39.4198951721191,0.0359175701920196,2024-10-18,42.1354331970215,-0.0308450886696374
2024-11-19,41.0052871704102,2024-03-14,35.9181060791016,0.141632776519598,2024-08-21,39.5508308410645,0.0367743558963518,2024-10-18,42.1354331970215,-0.0268217493178928
2024-11-20,40.9393653869629,2024-03-15,35.899715423584,0.140381334612702,2024-08-22,39.7939834594727,0.0287827914653662,2024-10-21,41.268985748291,-0.00798712048167494
2024-11-21,41.212474822998,2024-03-15,35.899715423584,0.1479889000993,2024-08-23,40.5608711242676,0.0160648349177248,2024-10-22,41.3349113464355,-0.00296206086935413
2024-11-22,41.523265838623,2024-03-15,35.899715423584,0.156646100078685,2024-08-23,40.5608711242676,0.0237271707357307,2024-10-23,41.739875793457,-0.00518952082909507
2024-11-25,42.0789222717285,2024-03-20,36.042293548584,0.167487363561016,2024-08-27,40.6356925964355,0.0355163055697387,2024-10-25,41.5044326782227,0.0138416442879679
2024-11-26,42.2861175537109,2024-03-21,36.1811714172363,0.168732683253209,2024-08-28,40.4954071044922,0.044220087591615,2024-10-25,41.5044326782227,0.0188337684687456
2024-11-27,42.578067779541,2024-03-22,35.7552833557129,0.190818916352903,2024-08-29,40.3364219665527,0.0555737396551204,2024-10-28,41.6362762451172,0.022619494809752
2024-11-29,42.3802871704102,2024-03-22,35.7552833557129,0.185287409102262,2024-08-30,40.7292175292969,0.0405377206160578,2024-10-30,41.4102478027344,0.0234251041504692
2024-12-02,41.739875793457,2024-03-27,36.3663291931152,0.147761589348399,2024-09-03,40.8227424621582,0.0224662351420655,2024-11-01,40.2518577575684,0.0369676859351638
2024-12-03,41.4950180053711,2024-03-28,36.5977821350098,0.133812367435145,2024-09-04,40.9162673950195,0.0141447557951486,2024-11-01,40.2518577575684,0.0308845433989684
2024-12-04,41.3819961547852,2024-03-28,36.5977821350098,0.130724151592748,2024-09-05,40.8040351867676,0.0141643091270791,2024-11-04,40.703914642334,0.0166588771229867
2024-12-05,41.2784004211426,2024-03-28,36.5977821350098,0.127893495536586,2024-09-06,40.8040351867676,0.011625449105799,2024-11-05,41.2595634460449,0.000456548095141285
2024-12-06,41.2218933105469,2024-03-28,36.5977821350098,0.126349491848405,2024-09-06,40.8040351867676,0.0102406078679889,2024-11-06,40.1576805114746,0.0265008532743365
2024-12-09,41.3066558837891,2024-04-03,35.5793800354004,0.160971771927735,2024-09-10,42.0198249816895,-0.0169722053390551,2024-11-08,41.3537445068359,-0.00113867857937489
2024-12-10,40.6379928588867,2024-04-04,35.3016319274902,0.151164709392399,2024-09-11,41.9076042175293,-0.030295488905842,2024-11-08,41.3537445068359,-0.0173080251011103
2024-12-11,40.5343933105469,2024-04-05,35.533088684082,0.140750630234554,2024-09-12,41.9824180603027,-0.0344912183875625,2024-11-11,40.9958686828613,-0.0112566311470153
2024-12-12,40.5061378479004,2024-04-05,35.533088684082,0.139955442884034,2024-09-13,42.2816963195801,-0.0419935486565957,2024-11-12,40.4778900146484,0.000697858342955326
2024-12-13,40.3366203308105,2024-04-05,35.533088684082,0.135184748205702,2024-09-13,42.2816963195801,-0.0460027898140121,2024-11-13,40.7980918884277,-0.0113111063840727
2024-12-16,40.1294288635254,2024-04-10,34.801685333252,0.153088664507375,2024-09-17,42.0852966308594,-0.0464738976296019,2024-11-15,40.4778900146484,-0.00860867873787252
2024-12-17,39.9504928588867,2024-04-11,34.8387222290039,0.146726696699202,2024-09-18,41.9637184143066,-0.0479753852016497,2024-11-15,40.4778900146484,-0.0130292650029649
2024-12-18,38.3871231079102,2024-04-12,34.4776573181152,0.11339128275809,2024-09-19,41.86083984375,-0.0829824902893934,2024-11-18,40.8357620239258,-0.0599631008374707
2024-12-19,37.7278785705566,2024-04-12,34.4776573181152,0.0942703624684407,2024-09-20,41.7860260009766,-0.0971173336829179,2024-11-19,41.0052871704102,-0.0799264881680559
2024-12-20,38.4153785705566,2024-04-12,34.4776573181152,0.114210812414231,2024-09-20,41.7860260009766,-0.0806644649658991,2024-11-20,40.9393653869629,-0.0616518305193371
2024-12-23,38.5905342102051,2024-04-17,33.0796508789062,0.166594361937868,2024-09-24,42.2484397888184,-0.0865808440950143,2024-11-22,41.523265838623,-0.0706286359992926
2024-12-24,38.8475456237793,2024-04-18,33.088924407959,0.174034705535342,2024-09-25,42.0694999694824,-0.0765864663958535,2024-11-22,41.523265838623,-0.064439059905421
2024-12-26,38.9046592712402,2024-04-19,33.2185325622559,0.171173326164479,2024-09-27,41.7116279602051,-0.067294632845374,2024-11-26,42.2861175537109,-0.0799661562255186
2024-12-27,38.5905342102051,2024-04-19,33.2185325622559,0.161717006549925,2024-09-27,41.7116279602051,-0.0748255079609378,2024-11-27,42.578067779541,-0.0936522904229103
2024-12-30,38.40966796875,2024-04-24,33.9221534729004,0.132288608959764,2024-10-01,41.8152160644531,-0.0814427956190369,2024-11-29,42.3802871704102,-0.0936902382396418
2024-12-31,38.7142753601074,2024-04-25,33.7277374267578,0.147846796547745,2024-10-02,41.6645317077637,-0.0708097805670646,2024-11-29,42.3802871704102,-0.0865027600110824
2025-01-02,38.3525543212891,2024-04-26,33.7555046081543,0.136186668411535,2024-10-04,40.9864540100098,-0.0642626875717877,2024-12-03,41.4950180053711,-0.0757311078567375
2025-01-03,38.876106262207,2024-04-26,33.7555046081543,0.151696788819912,2024-10-04,40.9864540100098,-0.051488907708077,2024-12-04,41.3819961547852,-0.0605550752845538
2025-01-06,38.3430252075195,2024-05-01,33.5240516662598,0.143746752010582,2024-10-08,40.8075103759766,-0.0603929312460061,2024-12-06,41.2218933105469,-0.0698383279326662
2025-01-07,38.0574607849121,2024-05-02,34.0054817199707,0.119156643576138,2024-10-09,40.8263397216797,-0.0678208959128718,2024-12-06,41.2218933105469,-0.076765822030429
2025-01-08,38.2192840576172,2024-05-03,34.2739791870117,0.115110791457228,2024-10-10,40.4873046875,-0.056018069056176,2024-12-09,41.3066558837891,-0.07474272027389
2025-01-10,37.2959289550781,2024-05-03,34.2739791870117,0.0881703799718589,2024-10-11,40.9016876220703,-0.088156721070026,2024-12-11,40.5343933105469,-0.0798942352647998
2025-01-13,37.7718887329102,2024-05-08,34.3202629089355,0.100571077591482,2024-10-15,41.702205657959,-0.0942472193745633,2024-12-13,40.3366203308105,-0.0635832049603162
2025-01-14,38.0955352783203,2024-05-09,35.1349868774414,0.0842621177348366,2024-10-16,42.1165924072266,-0.0954744175413464,2024-12-13,40.3366203308105,-0.0555595643390682
2025-01-15,38.2573585510254,2024-05-10,35.00537109375,0.0928996709838055,2024-10-17,41.8434715270996,-0.0857030462625861,2024-12-16,40.1294288635254,-0.0466508087834155
2025-01-16,39.114086151123,2024-05-10,35.00537109375,0.117373846612546,2024-10-18,42.1354331970215,-0.0717056125131288,2024-12-17,39.9504928588867,-0.020936079830555
2025-01-17,39.104564666748,2024-05-10,35.00537109375,0.117101845943005,2024-10-18,42.1354331970215,-0.0719315858484563,2024-12-18,38.3871231079102,0.0186896412325841
2025-01-21,39.8185005187988,2024-05-16,35.8848991394043,0.109617178081327,2024-10-23,41.739875793457,-0.0460321272675993,2024-12-20,38.4153785705566,0.0365250064024516
2025-01-22,39.1236000061035,2024-05-17,35.8848991394043,0.090252472331541,2024-10-24,41.8340492248535,-0.0647905060344894,2024-12-23,38.5905342102051,0.0138133821365312
2025-01-23,39.4377326965332,2024-05-17,35.8848991394043,0.0990063687604914,2024-10-25,41.5044326782227,-0.0497946809130546,2024-12-24,38.8475456237793,0.0151923902341116
2025-01-24,39.5519599914551,2024-05-17,35.8848991394043,0.102189526513788,2024-10-25,41.5044326782227,-0.0470425099387526,2024-12-24,38.8475456237793,0.0181327895074173
2025-01-27,39.9422492980957,2024-05-22,35.3294067382812,0.130566657798309,2024-10-29,41.2595634460449,-0.0319274863310628,2024-12-27,38.5905342102051,0.0350271152124442
2025-01-28,39.4567718505859,2024-05-23,34.5794906616211,0.141045489555982,2024-10-30,41.4102478027344,-0.0471737324889769,2024-12-27,38.5905342102051,0.0224468942477554
2025-01-29,38.9998550415039,2024-05-24,34.5794906616211,0.127831969046001,2024-10-31,40.6850776672363,-0.0414211480561957,2024-12-30,38.40966796875,0.0153655864256386
2025-01-30,39.5138816833496,2024-05-24,34.5794906616211,0.142697041723783,2024-11-01,40.2518577575684,-0.0183339630847222,2024-12-31,38.7142753601074,0.0206540433936711
2025-01-31,39.4282112121582,2024-05-24,34.5794906616211,0.140219547996945,2024-11-01,40.2518577575684,-0.0204623237608279,2024-12-31,38.7142753601074,0.0184411524020529
2025-02-03,39.3615760803223,2024-05-29,34.0517692565918,0.155933360869424,2024-11-05,41.2595634460449,-0.0460011499686528,2025-01-03,38.876106262207,0.0124876142389594
2025-02-04,39.3615760803223,2024-05-30,34.5424613952637,0.139512776171746,2024-11-06,40.1576805114746,-0.0198244624941639,2025-01-03,38.876106262207,0.0124876142389594
2025-02-05,39.9803276062012,2024-05-31,35.2275657653809,0.134915988021261,2024-11-07,40.6568183898926,-0.0166390487618575,2025-01-06,38.3430252075195,0.0427014402181429
2025-02-06,40.094554901123,2024-05-31,35.2275657653809,0.138158542323271,2024-11-08,41.3537445068359,-0.0304492282556116,2025-01-07,38.0574607849121,0.0535268006376963
2025-02-07,39.9517669677734,2024-05-31,35.2275657653809,0.134105241158479,2024-11-08,41.3537445068359,-0.0339020699523533,2025-01-08,38.2192840576172,0.0453300723149199
2025-02-10,40.0088806152344,2024-06-05,35.3756980895996,0.13097077304029,2024-11-12,40.4778900146484,-0.0115868045306792,2025-01-10,37.2959289550781,0.0727412276933475
2025-02-11,40.2278175354004,2024-06-06,35.4312515258789,0.135376702852793,2024-11-13,40.7980918884277,-0.013977966287906,2025-01-10,37.2959289550781,0.0786114909177793
2025-02-12,39.8851318359375,2024-06-07,35.1535034179688,0.134599057218012,2024-11-14,40.4307975769043,-0.0134962893059152,2025-01-13,37.7718887329102,0.0559475094817299
2025-02-13,40.1992645263672,2024-06-07,35.1535034179688,0.14353508520631,2024-11-15,40.4778900146484,-0.00688339950971795,2025-01-14,38.0955352783203,0.0552224619677173
2025-02-14,40.0374412536621,2024-06-07,35.1535034179688,0.138931752480663,2024-11-15,40.4778900146484,-0.0108812183843312,2025-01-15,38.2573585510254,0.046529158573835
2025-02-18,40.1802253723145,2024-06-13,35.6441917419434,0.127258703555717,2024-11-20,40.9393653869629,-0.0185430332755032,2025-01-17,39.104564666748,0.0275072926839428
2025-02-19,40.2563781738281,2024-06-14,35.6719665527344,0.128515808465915,2024-11-21,41.212474822998,-0.0231992049319102,2025-01-17,39.104564666748,0.0294547073185936
2025-02-20,40.5324325561523,2024-06-14,35.6719665527344,0.136254501030457,2024-11-22,41.523265838623,-0.0238621231364967,2025-01-21,39.8185005187988,0.0179296565177398
2025-02-21,40.1992645263672,2024-06-14,35.6719665527344,0.126914729159662,2024-11-22,41.523265838623,-0.0318857701945094,2025-01-22,39.1236000061035,0.0274940066889513
2025-02-24,40.3801307678223,2024-06-18,35.625675201416,0.133455872471921,2024-11-26,42.2861175537109,-0.0450735819732736,2025-01-24,39.5519599914551,0.0209388049681003
2025-02-25,40.8084831237793,2024-06-20,35.533088684082,0.148464280338808,2024-11-27,42.578067779541,-0.0415609431814568,2025-01-24,39.5519599914551,0.0317689220103297
2025-02-26,40.6085815429688,2024-06-21,35.625675201416,0.139868404272508,2024-11-27,42.578067779541,-0.0462558857008212,2025-01-27,39.9422492980957,0.0166823916174599
2025-02-27,40.7894477844238,2024-06-21,35.625675201416,0.144945255179404,2024-11-29,42.3802871704102,-0.0375372488532134,2025-01-28,39.4567718505859,0.0337755946909302
2025-02-28,41.075023651123,2024-06-21,35.625675201416,0.152961267931013,2024-11-29,42.3802871704102,-0.0307988361201679,2025-01-29,38.9998550415039,0.0532096493028174
2025-03-03,41.4272308349609,2024-06-26,35.3142395019531,0.173102731907046,2024-12-03,41.4950180053711,-0.00163362190616168,2025-01-31,39.4282112121582,0.0507002362355793
2025-03-04,40.9512710571289,2024-06-27,35.6322174072266,0.149276526608293,2024-12-04,41.3819961547852,-0.0104085142738203,2025-01-31,39.4282112121582,0.0386286823101183
2025-03-05,41.3320350646973,2024-06-28,35.9221382141113,0.150600635695477,2024-12-05,41.2784004211426,0.00129933919452996,2025-02-03,39.3615760803223,0.0500604696405966
2025-03-06,40.1992645263672,2024-06-28,35.9221382141113,0.119066584699451,2024-12-06,41.2218933105469,-0.0248079042967696,2025-02-04,39.3615760803223,0.0212818827258217
2025-03-07,40.4277229309082,2024-06-28,35.9221382141113,0.125426406689425,2024-12-06,41.2218933105469,-0.0192657424455438,2025-02-05,39.9803276062012,0.0111903866600043
2025-03-10,40.0374412536621,2024-07-03,35.6883316040039,0.121863630329255,2024-12-10,40.6379928588867,-0.0147780823553465,2025-02-07,39.9517669677734,0.00214444297189109
2025-03-11,39.6185913085938,2024-07-03,35.6883316040039,0.110127302901122,2024-12-11,40.5343933105469,-0.0225932085608604,2025-02-07,39.9517669677734,-0.00833944740037251
2025-03-12,39.4758110046387,2024-07-05,35.8192672729492,0.102083152729673,2024-12-12,40.5061378479004,-0.0254363140502453,2025-02-10,40.0088806152344,-0.0133237821803174
2025-03-13,38.704761505127,2024-07-05,35.8192672729492,0.0805570423925692,2024-12-13,40.3366203308105,-0.0404560127323588,2025-02-11,40.2278175354004,-0.0378607670906619
2025-03-14,39.4567718505859,2024-07-05,35.8192672729492,0.101551618851337,2024-12-13,40.3366203308105,-0.0218126474902646,2025-02-12,39.8851318359375,-0.0107398412800431
2025-03-17,40.151668548584,2024-07-10,36.1652984619141,0.110226384302289,2024-12-17,39.9504928588867,0.00503562472703045,2025-02-14,40.0374412536621,0.0028530118645238
2025-03-18,39.9041633605957,2024-07-11,37.1285820007324,0.0747559214571816,2024-12-18,38.3871231079102,0.039519508883773,2025-02-14,40.0374412536621,-0.00332883143610518
2025-03-19,39.9517669677734,2024-07-12,37.3998031616211,0.0682346854908349,2024-12-19,37.7278785705566,0.0589454928682991,2025-02-14,40.0374412536621,-0.00213985417664109
2025-03-20,39.9041633605957,2024-07-12,37.3998031616211,0.0669618550705244,2024-12-20,38.4153785705566,0.0387549165317906,2025-02-18,40.1802253723145,-0.00687059390933542
2025-03-21,39.5138816833496,2024-07-12,37.3998031616211,0.0565264611846392,2024-12-20,38.4153785705566,0.0285953999067163,2025-02-19,40.2563781738281,-0.0184441950359369
2025-03-24,40.0637817382812,2024-07-17,38.250862121582,0.0473955230325731,2024-12-24,38.8475456237793,0.031307926793642,2025-02-21,40.1992645263672,-0.00337028026960728
2025-03-25,39.5847778320312,2024-07-18,37.9328804016113,0.043547903901064,2024-12-24,38.8475456237793,0.0189775749384971,2025-02-21,40.1992645263672,-0.0152860183283425
2025-03-26,39.7859573364258,2024-07-19,37.8861198425293,0.0501460033857521,2024-12-26,38.9046592712402,0.0226527640054934,2025-02-24,40.3801307678223,-0.0147144999309899
2025-03-27,39.6901588439941,2024-07-19,37.8861198425293,0.0476174126293005,2024-12-27,38.5905342102051,0.0284946724966111,2025-02-25,40.8084831237793,-0.0274042109429327
2025-03-28,39.6709976196289,2024-07-19,37.8861198425293,0.0471116542026029,2024-12-27,38.5905342102051,0.0279981459582415,2025-02-26,40.6085815429688,-0.0230883199490178
2025-03-31,40.0925254821777,2024-07-24,37.671012878418,0.0642805281497238,2024-12-31,38.7142753601074,0.0356005661800531,2025-02-28,41.075023651123,-0.023919600808762
2025-04-01,40.1212615966797,2024-07-25,37.465274810791,0.0708919606035741,2024-12-31,38.7142753601074,0.0363428276387701,2025-02-28,41.075023651123,-0.0232200001281626
2025-04-02,40.312858581543,2024-07-26,38.0918655395508,0.0583062291786716,2025-01-02,38.3525543212891,0.0511127432043232,2025-03-03,41.4272308349609,-0.0268995110452214
2025-04-03,39.1057777404785,2024-07-26,38.0918655395508,0.0266175517152081,2025-01-03,38.876106262207,0.00590777987698732,2025-03-04,40.9512710571289,-0.0450655930575594
2025-04-04,37.3238868713379,2024-07-26,38.0918655395508,-0.0201612249054984,2025-01-03,38.876106262207,-0.0399273368685616,2025-03-05,41.3320350646973,-0.0969743731970953
2025-04-07,36.4233627319336,2024-07-31,38.5220756530762,-0.0544807849930843,2025-01-07,38.0574607849121,-0.0429376532032412,2025-03-07,40.4277229309082,-0.0990498575895095
2025-04-08,35.5228385925293,2024-08-01,39.1206245422363,-0.0919664752750229,2025-01-08,38.2192840576172,-0.0705519617013989,2025-03-07,40.4277229309082,-0.121324773763822
2025-04-09,37.5633888244629,2024-08-02,39.1486740112305,-0.0404939688714058,2025-01-08,38.2192840576172,-0.0171613689090959,2025-03-10,40.0374412536621,-0.0617934701052586
2025-04-10,36.7682456970215,2024-08-02,39.1486740112305,-0.0608048260721706,2025-01-10,37.2959289550781,-0.0141485484566483,2025-03-11,39.6185913085938,-0.0719446481418431
2025-04-11,37.2855606079102,2024-08-02,39.1486740112305,-0.0475907154042009,2025-01-10,37.2959289550781,-0.000278002116007037,2025-03-12,39.4758110046387,-0.0554833540081328
2025-04-14,38.1094512939453,2024-08-07,38.5781860351562,-0.0121502535340511,2025-01-14,38.0955352783203,0.000365292560488673,2025-03-14,39.4567718505859,-0.0341467508224603
2025-04-15,38.1669311523438,2024-08-08,38.9055213928223,-0.0189842010603354,2025-01-15,38.2573585510254,-0.00236366027625856,2025-03-14,39.4567718505859,-0.0326899702572356
2025-04-16,38.1477661132812,2024-08-09,39.1019172668457,-0.0244016462684675,2025-01-16,39.114086151123,-0.0247051671898527,2025-03-17,40.151668548584,-0.0499083228104952
2025-04-17,38.7513122558594,2024-08-09,39.1019172668457,-0.00896644040735062,2025-01-17,39.104564666748,-0.00903353390835859,2025-03-18,39.9041633605957,-0.0288904968215606
2025-04-21,37.9465866088867,2024-08-14,39.279613494873,-0.0339368636140048,2025-01-21,39.8185005187988,-0.04701116027783,2025-03-21,39.5138816833496,-0.0396644168503273
2025-04-22,38.7225723266602,2024-08-15,39.1673851013184,-0.0113567135898287,2025-01-22,39.1236000061035,-0.0102502755211892,2025-03-21,39.5138816833496,-0.0200261103940818
2025-04-23,38.7704734802246,2024-08-16,39.1486740112305,-0.00966062173388982,2025-01-23,39.4377326965332,-0.0169193097748048,2025-03-24,40.0637817382812,-0.0322812326231519
2025-04-24,38.8854331970215,2024-08-16,39.1486740112305,-0.00672413104294312,2025-01-24,39.5519599914551,-0.0168519283134789,2025-03-25,39.5847778320312,-0.0176670092220111
2025-04-25,38.827953338623,2024-08-16,39.1486740112305,-0.00819237638841652,2025-01-24,39.5519599914551,-0.0183052029024212,2025-03-26,39.7859573364258,-0.0240789479992137
2025-04-28,39.067455291748,2024-08-21,39.5508308410645,-0.0122216281943319,2025-01-28,39.4567718505859,-0.0098669136013495,2025-03-28,39.6709976196289,-0.0152136917167476
2025-04-29,39.3835983276367,2024-08-22,39.7939834594727,-0.0103127431877708,2025-01-29,38.9998550415039,0.00983960801198935,2025-03-28,39.6709976196289,-0.00724456931352757
2025-04-30,39.565616607666,2024-08-23,40.5608711242676,-0.0245373062514455,2025-01-30,39.5138816833496,0.001309284790874,2025-03-31,40.0925254821777,-0.0131423218710913
2025-05-01,39.6805801391602,2024-08-23,40.5608711242676,-0.0217029605308634,2025-01-31,39.4282112121582,0.00640071966856404,2025-04-01,40.1212615966797,-0.0109837387953921
2025-05-02,40.1691627502441,2024-08-23,40.5608711242676,-0.00965729687667083,2025-01-31,39.4282112121582,0.0187924208404731,2025-04-02,40.312858581543,-0.0035645160466149
2025-05-05,40.1212615966797,2024-08-28,40.4954071044922,-0.00923920845756843,2025-02-04,39.3615760803223,0.0193001803283279,2025-04-04,37.3238868713379,0.0749486444159702
2025-05-06,39.8434410095215,2024-08-29,40.3364219665527,-0.0122217324441921,2025-02-05,39.9803276062012,-0.00342384879953928,2025-04-04,37.3238868713379,0.0675051381135345
2025-05-07,39.8147087097168,2024-08-30,40.7292175292969,-0.0224533854332525,2025-02-06,40.094554901123,-0.00697965576862936,2025-04-07,36.4233627319336,0.0931090850326648
2025-05-08,39.6231002807617,2024-08-30,40.7292175292969,-0.0271578320339575,2025-02-07,39.9517669677734,-0.00822658700619761,2025-04-08,35.5228385925293,0.115426070964237
2025-05-09,39.8625984191895,2024-08-30,40.7292175292969,-0.0212775781779766,2025-02-07,39.9517669677734,-0.00223190500324832,2025-04-09,37.5633888244629,0.0612087904387695
2025-05-12,39.9009208679199,2024-09-04,40.9162673950195,-0.0248152285568258,2025-02-11,40.2278175354004,-0.00812613478702395,2025-04-11,37.2855606079102,0.0701440508703228
2025-05-13,39.3644371032715,2024-09-05,40.8040351867676,-0.0352807774257321,2025-02-12,39.8851318359375,-0.0130548580059312,2025-04-11,37.2855606079102,0.0557555381082373
2025-05-14,39.0291366577149,2024-09-06,40.8040351867676,-0.0434981128932148,2025-02-13,40.1992645263672,-0.0291081909691366,2025-04-14,38.1094512939453,0.0241327369600741
2025-05-15,39.7476425170898,2024-09-06,40.8040351867676,-0.025889416692306,2025-02-14,40.0374412536621,-0.00723819323857933,2025-04-15,38.1669311523438,0.0414157312893892
2025-05-16,40.2458038330078,2024-09-06,40.8040351867676,-0.0136807879712052,2025-02-14,40.0374412536621,0.00520419319570387,2025-04-16,38.1477661132812,0.0549976560487542
2025-05-19,40.3320198059082,2024-09-11,41.9076042175293,-0.0375966233584417,2025-02-18,40.1802253723145,0.00377783927758513,2025-04-17,38.7513122558594,0.0407910715284181
2025-05-20,40.1212615966797,2024-09-12,41.9824180603027,-0.0443318072091445,2025-02-19,40.2563781738281,-0.00335640172508811,2025-04-17,38.7513122558594,0.0353523341809714
2025-05-21,39.0578765869141,2024-09-13,42.2816963195801,-0.0762462250402454,2025-02-20,40.5324325561523,-0.0363796563948011,2025-04-21,37.9465866088867,0.0292856374535435
2025-05-22,38.923755645752,2024-09-13,42.2816963195801,-0.0794183054636128,2025-02-21,40.1992645263672,-0.0317296571378467,2025-04-22,38.7225723266602,0.00519550502468236
2025-05-23,38.9333381652832,2024-09-13,42.2816963195801,-0.0791916702912957,2025-02-21,40.1992645263672,-0.0314912816440621,2025-04-23,38.7704734802246,0.00420074016226968
2025-05-27,39.5751991271973,2024-09-19,41.86083984375,-0.0546009283398069,2025-02-26,40.6085815429688,-0.0254473900960572,2025-04-25,38.827953338623,0.019245047042717
2025-05-28,39.5751991271973,2024-09-20,41.7860260009766,-0.052908282633233,2025-02-27,40.7894477844238,-0.0297686956598181,2025-04-28,39.067455291748,0.0129965934985399
2025-05-29,39.9392433166504,2024-09-20,41.7860260009766,-0.0441961789877556,2025-02-28,41.075023651123,-0.0276513616673622,2025-04-29,39.3835983276367,0.0141085378839994
2025-05-30,39.9775581359863,2024-09-20,41.7860260009766,-0.043279249980555,2025-02-28,41.075023651123,-0.0267185607598965,2025-04-30,39.565616607666,0.0104116039035898
2025-06-02,40.0350379943848,2024-09-25,42.0694999694824,-0.0483595473341369,2025-03-04,40.9512710571289,-0.0223737393026446,2025-05-02,40.1691627502441,-0.00333899804417903
2025-06-03,39.8913421630859,2024-09-26,41.6551170349121,-0.0423423338445529,2025-03-05,41.3320350646973,-0.0348565682613066,2025-05-02,40.1691627502441,-0.00691626531739242
2025-06-04,40.0158843994141,2024-09-27,41.7116279602051,-0.0406539769296187,2025-03-06,40.1992645263672,-0.00456177815971837,2025-05-05,40.1212615966797,-0.00262646768999775
2025-06-05,40.0063018798828,2024-09-27,41.7116279602051,-0.0408837095006033,2025-03-07,40.4277229309082,-0.010424061027271,2025-05-06,39.8434410095215,0.00408752020997394
2025-06-06,40.1212615966797,2024-09-27,41.7116279602051,-0.03812765028118,2025-03-07,40.4277229309082,-0.00758047478341195,2025-05-07,39.8147087097168,0.00769948837747192
2025-06-09,40.1020965576172,2024-10-02,41.6645317077637,-0.0375003650852349,2025-03-11,39.6185913085938,0.0122039990078739,2025-05-09,39.8625984191895,0.00600809149241122
2025-06-10,40.4565620422363,2024-10-03,41.2595634460449,-0.0194621885628693,2025-03-12,39.4758110046387,0.0248443543688668,2025-05-09,39.8625984191895,0.0149002736048673
2025-06-11,40.2362174987793,2024-10-04,40.9864540100098,-0.0183044991168849,2025-03-13,38.704761505127,0.039567638039818,2025-05-12,39.9009208679199,0.00840323039082924
2025-06-12,40.4565620422363,2024-10-04,40.9864540100098,-0.0129284657717408,2025-03-14,39.4567718505859,0.0253388745393661,2025-05-13,39.3644371032715,0.0277439490903852
2025-06-13,40.1308403015137,2024-10-04,40.9864540100098,-0.0208755241008928,2025-03-14,39.4567718505859,0.0170837202161465,2025-05-14,39.0291366577149,0.0282277226232481
2025-06-16,40.1691627502441,2024-10-09,40.8263397216797,-0.0160968868606796,2025-03-18,39.9041633605957,0.00664089576954052,2025-05-16,40.2458038330078,-0.00190432481064806
2025-06-17,40.0063018798828,2024-10-10,40.4873046875,-0.0118803365976025,2025-03-19,39.9517669677734,0.00136501877760153,2025-05-16,40.2458038330078,-0.00595097948891188
2025-06-18,40.0829429626465,2024-10-11,40.9016876220703,-0.0200173808716403,2025-03-20,39.9041633605957,0.00448022429226813,2025-05-19,40.3320198059082,-0.00617566004530323
2025-06-20,40.0733642578125,2024-10-11,40.9016876220703,-0.0202515693707185,2025-03-21,39.5138816833496,0.0141591397915899,2025-05-21,39.0578765869141,0.0259995616668691
2025-06-23,40.6581993103027,2024-10-16,42.1165924072266,-0.0346275188368181,2025-03-25,39.5847778320312,0.0271170267224006,2025-05-23,38.9333381652832,0.0443029348702904
2025-06-24,40.8515243530273,2024-10-17,41.8434715270996,-0.0237061395211876,2025-03-26,39.7859573364258,0.026782490304085,2025-05-23,38.9333381652832,0.0492684747349659
2025-06-25,39.8558578491211,2024-10-18,42.1354331970215,-0.0541011489603374,2025-03-27,39.6901588439941,0.00417481335305925,2025-05-23,38.9333381652832,0.0236948519523685
2025-06-26,39.6045265197754,2024-10-18,42.1354331970215,-0.0600659939916082,2025-03-28,39.6709976196289,-0.00167555906939498,2025-05-27,39.5751991271973,0.000741054832948729
2025-06-27,39.7495231628418,2024-10-18,42.1354331970215,-0.0566247894740608,2025-03-28,39.6709976196289,0.00197941942286928,2025-05-28,39.5751991271973,0.00440488082155288
2025-06-30,40.0395240783691,2024-10-23,41.739875793457,-0.0407368657133003,2025-04-01,40.1212615966797,-0.00203726191694109,2025-05-30,39.9775581359863,0.0015500181920074
2025-07-01,40.3101959228516,2024-10-24,41.8340492248535,-0.0364261488007391,2025-04-02,40.312858581543,-6.60498606424031e-05,2025-05-30,39.9775581359863,0.00832061292322428
2025-07-02,40.3875274658203,2024-10-25,41.5044326782227,-0.0269105042601482,2025-04-03,39.1057777404785,0.0327764795741434,2025-06-02,40.0350379943848,0.00880452446392055
2025-07-03,40.4068641662598,2024-10-25,41.5044326782227,-0.0264446094341818,2025-04-04,37.3238868713379,0.0826006494326126,2025-06-03,39.8913421630859,0.0129231551314128
2025-07-07,40.0975303649902,2024-10-30,41.4102478027344,-0.0317003038474321,2025-04-08,35.5228385925293,0.128781706465964,2025-06-06,40.1212615966797,-0.000591487673742841
2025-07-08,40.0395240783691,2024-10-31,40.6850776672363,-0.0158670850808539,2025-04-09,37.5633888244629,0.0659188462861393,2025-06-06,40.1212615966797,-0.00203726191694109
2025-07-09,40.0201988220215,2024-11-01,40.2518577575684,-0.00575523586866766,2025-04-10,36.7682456970215,0.0884446092913111,2025-06-09,40.1020965576172,-0.00204223077160137
2025-07-10,40.2231903076172,2024-11-01,40.2518577575684,-0.000712201909383481,2025-04-11,37.2855606079102,0.0787873281723919,2025-06-10,40.4565620422363,-0.00576845196029019
2025-07-11,40.1845283508301,2024-11-01,40.2518577575684,-0.00167270308724132,2025-04-11,37.2855606079102,0.0777504131801869,2025-06-11,40.2362174987793,-0.00128464232381653
2025-07-14,40.4551963806152,2024-11-06,40.1576805114746,0.00740869157160651,2025-04-15,38.1669311523438,0.0599541319981385,2025-06-13,40.1308403015137,0.00808246417629399
2025-07-15,39.9331932067871,2024-11-07,40.6568183898926,-0.017798372124597,2025-04-16,38.1477661132812,0.0468029264991288,2025-06-13,40.1308403015137,-0.00492506743545829
2025-07-16,40.3681945800781,2024-11-08,41.3537445068359,-0.0238321810639155,2025-04-17,38.7513122558594,0.0417245824746044,2025-06-16,40.1691627502441,0.00495484138097391
2025-07-17,40.329532623291,2024-11-08,41.3537445068359,-0.0247670893109961,2025-04-17,38.7513122558594,0.0407268883440974,2025-06-17,40.0063018798828,0.00807949568492217
2025-07-18,40.4455299377441,2024-11-08,41.3537445068359,-0.0219620878332231,2025-04-17,38.7513122558594,0.0437202660570184,2025-06-18,40.0829429626465,0.00904591699854884
2025-07-21,40.6001930236816,2024-11-13,40.7980918884277,-0.00485068922554732,2025-04-22,38.7225723266602,0.048489048743509,2025-06-20,40.0733642578125,0.0131466068703336
2025-07-22,41.3058662414551,2024-11-14,40.4307975769043,0.0216436161786395,2025-04-23,38.7704734802246,0.0653949393350504,2025-06-20,40.0733642578125,0.0307561395572695
2025-07-23,41.4218673706055,2024-11-15,40.4778900146484,0.0233208142918373,2025-04-24,38.8854331970215,0.0652283892719565,2025-06-23,40.6581993103027,0.0187826335956109
2025-07-24,41.3638648986816,2024-11-15,40.4778900146484,0.0218878722115352,2025-04-25,38.827953338623,0.0653114919023059,2025-06-24,40.8515243530273,0.0125415282236911
2025-07-25,41.3638648986816,2024-11-15,40.4778900146484,0.0218878722115352,2025-04-25,38.827953338623,0.0653114919023059,2025-06-25,39.8558578491211,0.0378365221812385
2025-07-28,40.6485290527344,2024-11-20,40.9393653869629,-0.0071040752947561,2025-04-29,39.3835983276367,0.0321182111033773,2025-06-27,39.7495231628418,0.0226167716832633
2025-07-29,41.3251991271973,2024-11-21,41.212474822998,0.00273519861846117,2025-04-30,39.565616607666,0.0444725160479447,2025-06-27,39.7495231628418,0.039640122421102
2025-07-30,40.7452011108398,2024-11-22,41.523265838623,-0.0187380426868903,2025-05-01,39.6805801391602,0.0268297733537675,2025-06-30,40.0395240783691,0.0176245109979198
2025-07-31,40.029857635498,2024-11-22,41.523265838623,-0.0359655767185802,2025-05-02,40.1691627502441,-0.00346796162051566,2025-07-01,40.3101959228516,-0.00695452554708609
2025-08-01,39.9138603210449,2024-11-22,41.523265838623,-0.0387591266022512,2025-05-02,40.1691627502441,-0.00635568211333126,2025-07-02,40.3875274658203,-0.011728055033234
2025-08-04,40.252197265625,2024-11-27,42.578067779541,-0.0546260230961821,2025-05-06,39.8434410095215,0.0102590601049197,2025-07-03,40.4068641662598,-0.00382773827729777
2025-08-05,40.3875274658203,2024-11-27,42.578067779541,-0.051447621462364,2025-05-07,39.8147087097168,0.014387114075852,2025-07-03,40.4068641662598,-0.000478549890926661
2025-08-06,40.0491943359375,2024-11-29,42.3802871704102,-0.0550041774162453,2025-05-08,39.6231002807617,0.0107536778332982,2025-07-07,40.0975303649902,-0.0012054614988195
2025-08-07,40.2038650512695,2024-11-29,42.3802871704102,-0.0513545863997874,2025-05-09,39.8625984191895,0.00856107342756141,2025-07-08,40.0395240783691,0.00410446868895664
2025-08-08,39.8751907348633,2024-11-29,42.3802871704102,-0.0591099448069794,2025-05-09,39.8625984191895,0.000315892996773703,2025-07-09,40.0201988220215,-0.00362337248255795
2025-08-11,39.6431922912598,2024-12-04,41.3819961547852,-0.0420183660793351,2025-05-13,39.3644371032715,0.00708139652186479,2025-07-11,40.1845283508301,-0.0134712557739683
2025-08-12,39.7108612060547,2024-12-05,41.2784004211426,-0.0379748052030865,2025-05-14,39.0291366577149,0.0174670670867909,2025-07-11,40.1845283508301,-0.0117873013374713
2025-08-13,39.9718589782715,2024-12-06,41.2218933105469,-0.0303245249522676,2025-05-15,39.7476425170898,0.00564100024511527,2025-07-14,40.4551963806152,-0.0119474738868242
2025-08-14,39.6915283203125,2024-12-06,41.2218933105469,-0.0371250533959058,2025-05-16,40.2458038330078,-0.0137722559846282,2025-07-15,39.9331932067871,-0.00605172957802769
2025-08-15,39.9525299072266,2024-12-06,41.2218933105469,-0.0307934279912259,2025-05-16,40.2458038330078,-0.0072870684108618,2025-07-16,40.3681945800781,-0.0102968358425595
2025-08-18,39.5755233764649,2024-12-11,40.5343933105469,-0.0236557119958802,2025-05-20,40.1212615966797,-0.0136022198329875,2025-07-18,40.4455299377441,-0.0215105739155463
2025-08-19,40.281192779541,2024-12-12,40.5061378479004,-0.00555335759741005,2025-05-21,39.0578765869141,0.031320601618082,2025-07-18,40.4455299377441,-0.00406317233217324
2025-08-20,40.435863494873,2024-12-13,40.3366203308105,0.00246037380545472,2025-05-22,38.923755645752,0.0388479432170652,2025-07-21,40.6001930236816,-0.00404750609714444
2025-08-21,40.2908630371094,2024-12-13,40.3366203308105,-0.00113438590853432,2025-05-23,38.9333381652832,0.0348679290243001,2025-07-22,41.3058662414551,-0.0245728584509634
2025-08-22,40.9288635253906,2024-12-13,40.3366203308105,0.0146825190043924,2025-05-23,38.9333381652832,0.0512549258333783,2025-07-23,41.4218673706055,-0.0119020188250781
2025-08-25,40.7258644104004,2024-12-18,38.3871231079102,0.0609251517993621,2025-05-27,39.5751991271973,0.0290754136070119,2025-07-25,41.3638648986816,-0.0154241024102558
2025-08-26,40.60986328125,2024-12-19,37.7278785705566,0.0763887294988936,2025-05-28,39.5751991271973,0.0261442564250214,2025-07-25,41.3638648986816,-0.0182285098183771
2025-08-27,40.783863067627,2024-12-20,38.4153785705566,0.0616545921243539,2025-05-29,39.9392433166504,0.0211476152484953,2025-07-28,40.6485290527344,0.00332937053434357
2025-08-28,40.6775283813477,2024-12-20,38.4153785705566,0.0588865682173658,2025-05-30,39.9775581359863,0.0175090795435862,2025-07-29,41.3251991271973,-0.0156725378105527
2025-08-29,40.8998680114746,2024-12-20,38.4153785705566,0.0646743448422553,2025-05-30,39.9775581359863,0.0230706906197469,2025-07-30,40.7452011108398,0.0037959537913197
2025-09-02,40.2038650512695,2024-12-26,38.9046592712402,0.0333946063110675,2025-06-04,40.0158843994141,0.00469765081234153,2025-08-01,39.9138603210449,0.00726576502227472
2025-09-03,40.0975303649902,2024-12-27,38.5905342102051,0.03905092752996,2025-06-05,40.0063018798828,0.00228035286493955,2025-08-04,40.252197265625,-0.00384244615552565
2025-09-04,40.3681945800781,2024-12-27,38.5905342102051,0.0460646737925425,2025-06-06,40.1212615966797,0.00615466646788776,2025-08-05,40.3875274658203,-0.000478684558210429
2025-09-05,40.7741966247559,2024-12-27,38.5905342102051,0.0565854414623088,2025-06-06,40.1212615966797,0.0162740402991268,2025-08-06,40.0491943359375,0.0181027933480247
2025-09-08,40.5035285949707,2024-12-31,38.7142753601074,0.0462168855860077,2025-06-10,40.4565620422363,0.00116091309699873,2025-08-08,39.8751907348633,0.0157576139079896
2025-09-09,40.4841957092285,2025-01-02,38.3525543212891,0.0555801673620526,2025-06-11,40.2362174987793,0.00616305969756592,2025-08-08,39.8751907348633,0.0152727789671181
2025-09-10,40.4648628234863,2025-01-03,38.876106262207,0.040867173028174,2025-06-12,40.4565620422363,0.000205177623381125,2025-08-11,39.6431922912598,0.0207266490092353
2025-09-11,41.122200012207,2025-01-03,38.876106262207,0.0577756870724349,2025-06-13,40.1308403015137,0.0247031884516997,2025-08-12,39.7108612060547,0.0355403726660342
2025-09-12,40.938533782959,2025-01-03,38.876106262207,0.0530512882859597,2025-06-13,40.1308403015137,0.0201265030928057,2025-08-13,39.9718589782715,0.0241838840973838
2025-09-15,40.890193939209,2025-01-08,38.2192840576172,0.069883828215235,2025-06-17,40.0063018798828,0.0220938206680541,2025-08-15,39.9525299072266,0.0234694532276118
2025-09-16,40.6485290527344,2025-01-08,38.2192840576172,0.0635607143099541,2025-06-18,40.0829429626465,0.0141103933065736,2025-08-15,39.9525299072266,0.0174206526376173
2025-09-17,40.6291923522949,2025-01-10,37.2959289550781,0.0893733844579021,2025-06-18,40.0829429626465,0.0136279761233475,2025-08-18,39.5755233764649,0.0266242587825554
2025-09-18,40.6581993103027,2025-01-10,37.2959289550781,0.0901511357787701,2025-06-20,40.0733642578125,0.0145941091625772,2025-08-19,40.281192779541,0.00935936859727748
2025-09-19,40.4551963806152,2025-01-10,37.2959289550781,0.0847081039151043,2025-06-20,40.0733642578125,0.00952832710391394,2025-08-20,40.435863494873,0.000478112350553284
2025-09-22,40.5886383056641,2025-01-15,38.2573585510254,0.060936767276532,2025-06-24,40.8515243530273,-0.0064351588227527,2025-08-22,40.9288635253906,-0.0083125987486925
2025-09-23,40.9100723266602,2025-01-16,39.114086151123,0.0459166083696307,2025-06-25,39.8558578491211,0.0264506783803256,2025-08-22,40.9288635253906,-0.000459118507378342
2025-09-24,40.4912338256836,2025-01-17,39.104564666748,0.0354605445873863,2025-06-26,39.6045265197754,0.0223890394312745,2025-08-25,40.7258644104004,-0.00576121803953344
2025-09-25,40.3938293457031,2025-01-17,39.104564666748,0.0329696722094284,2025-06-27,39.7495231628418,0.0162091550185848,2025-08-26,40.60986328125,-0.00531974052832185
2025-09-26,40.7931900024414,2025-01-17,39.104564666748,0.0431823074897764,2025-06-27,39.7495231628418,0.0262560845151278,2025-08-27,40.783863067627,0.000228691794080138
2025-09-29,40.8711128234863,2025-01-22,39.1236000061035,0.0446664626238429,2025-07-01,40.3101959228516,0.013915013008329,2025-08-29,40.8998680114746,-0.000703063099866563
2025-09-30,41.0367050170898,2025-01-23,39.4377326965332,0.040544225319961,2025-07-02,40.3875274658203,0.0160737136438698,2025-08-29,40.8998680114746,0.00334565885583871
2025-10-01,41.0367050170898,2025-01-24,39.5519599914551,0.0375391011205393,2025-07-03,40.4068641662598,0.0155874716790321,2025-08-29,40.8998680114746,0.00334565885583871
2025-10-02,40.8224143981934,2025-01-24,39.5519599914551,0.03212114916714,2025-07-03,40.4068641662598,0.0102841495005341,2025-09-02,40.2038650512695,0.0153853204445649
2025-10-03,40.9879989624023,2025-01-24,39.5519599914551,0.036307656340103,2025-07-03,40.4068641662598,0.014382081067994,2025-09-03,40.0975303649902,0.0222075671321038
2025-10-06,40.5788993835449,2025-01-29,38.9998550415039,0.0404884669535459,2025-07-08,40.0395240783691,0.0134710718369195,2025-09-05,40.7741966247559,-0.00478972628224306
2025-10-07,40.4522705078125,2025-01-30,39.5138816833496,0.0237483331043711,2025-07-09,40.0201988220215,0.0107963403108646,2025-09-05,40.7741966247559,-0.00789533929769459
2025-10-08,40.2477226257324,2025-01-31,39.4282112121582,0.0207848996538171,2025-07-10,40.2231903076172,0.000609904831705643,2025-09-08,40.5035285949707,-0.00631564651554939
2025-10-09,40.0626525878906,2025-01-31,39.4282112121582,0.0160910514635975,2025-07-11,40.1845283508301,-0.00303290266033263,2025-09-09,40.4841957092285,-0.0104125354092633
2025-10-10,39.6243324279785,2025-01-31,39.4282112121582,0.0049741342503471,2025-07-11,40.1845283508301,-0.0139405872320008,2025-09-10,40.4648628234863,-0.0207718582705771
2025-10-13,39.8483619689941,2025-02-05,39.9803276062012,-0.00330076427854387,2025-07-15,39.9331932067871,-0.00212432893492098,2025-09-12,40.938533782959,-0.0266294787142237
2025-10-14,40.2282447814941,2025-02-06,40.094554901123,0.00333436499546602,2025-07-16,40.3681945800781,-0.00346683323442587,2025-09-12,40.938533782959,-0.0173501328902136
2025-10-15,40.812671661377,2025-02-07,39.9517669677734,0.0215486011994901,2025-07-17,40.329532623291,0.0119797827214818,2025-09-15,40.890193939209,-0.00189586476276626
2025-10-16,40.6860466003418,2025-02-07,39.9517669677734,0.0183791528710271,2025-07-18,40.4455299377441,0.00594668095504924,2025-09-16,40.6485290527344,0.00092297429899002
2025-10-17,40.9490394592285,2025-02-07,39.9517669677734,0.0249619120040303,2025-07-18,40.4455299377441,0.0124490771232175,2025-09-17,40.6291923522949,0.00787234715768448
2025-10-20,41.3776206970215,2025-02-12,39.8851318359375,0.0374196797749888,2025-07-22,41.3058662414551,0.0017371492743179,2025-09-19,40.4551963806152,0.0228011330788707
2025-10-21,41.2509956359863,2025-02-13,40.1992645263672,0.0261629440739966,2025-07-23,41.4218673706055,-0.00412515768761301,2025-09-19,40.4551963806152,0.019671125753141
2025-10-22,41.4360618591309,2025-02-14,40.0374412536621,0.0349328169252281,2025-07-24,41.3638648986816,0.001745411378411,2025-09-22,40.5886383056641,0.0208783440105833
2025-10-23,41.3970985412598,2025-02-14,40.0374412536621,0.0339596448979689,2025-07-25,41.3638648986816,0.00080344626063189,2025-09-23,40.9100723266602,0.0119047996471573
2025-10-24,41.5432090759277,2025-02-14,40.0374412536621,0.0376089923610663,2025-07-25,41.3638648986816,0.00433576934083368,2025-09-24,40.4912338256836,0.0259803209448475
2025-10-27,41.6308708190918,2025-02-19,40.2563781738281,0.0341434750868193,2025-07-29,41.3251991271973,0.00739673851186251,2025-09-26,40.7931900024414,0.020534820066787
2025-10-28,40.7055244445801,2025-02-20,40.5324325561523,0.00427045399231707,2025-07-30,40.7452011108398,-0.000973775197521398,2025-09-26,40.7931900024414,-0.00214902433117103
2025-10-29,39.5951118469238,2025-02-21,40.1992645263672,-0.0150289485780788,2025-07-31,40.029857635498,-0.0108605379647588,2025-09-29,40.8711128234863,-0.0312201182794625
2025-10-30,39.8191452026367,2025-02-21,40.1992645263672,-0.00945587756913169,2025-08-01,39.9138603210449,-0.00237298817118581,2025-09-30,41.0367050170898,-0.0296700189244254
2025-10-31,39.838623046875,2025-02-21,40.1992645263672,-0.00897134521592147,2025-08-01,39.9138603210449,-0.00188499116759833,2025-10-01,41.0367050170898,-0.0291953744755066
2025-11-03,39.7704391479492,2025-02-26,40.6085815429688,-0.0206395388160179,2025-08-05,40.3875274658203,-0.0152791803953172,2025-10-03,40.9879989624023,-0.0297052758191481
2025-11-04,39.8775825500488,2025-02-27,40.7894477844238,-0.0223554199408214,2025-08-06,40.0491943359375,-0.00428502467363445,2025-10-03,40.9879989624023,-0.0270912569645587
2025-11-05,39.8678436279297,2025-02-28,41.075023651123,-0.029389636715653,2025-08-07,40.2038650512695,-0.00835793829551801,2025-10-06,40.5788993835449,-0.017522795502521
2025-11-06,39.6730308532715,2025-02-28,41.075023651123,-0.0341324891194121,2025-08-08,39.8751907348633,-0.00506981604015344,2025-10-07,40.4522705078125,-0.0192631870784735
2025-11-07,40.1990242004395,2025-02-28,41.075023651123,-0.0213268154906989,2025-08-08,39.8751907348633,0.00812117659146505,2025-10-08,40.2477226257324,-0.00120996722586819
2025-11-10,40.1697998046875,2025-03-05,41.3320350646973,-0.0281194782253165,2025-08-12,39.7108612060547,0.0115570044238384,2025-10-10,39.6243324279785,0.0137659701321258
2025-11-11,40.6178665161133,2025-03-06,40.1992645263672,0.0104131753323877,2025-08-13,39.9718589782715,0.0161615585152783,2025-10-10,39.6243324279785,0.0250738378984836
2025-11-12,40.2964210510254,2025-03-07,40.4277229309082,-0.00324781784289974,2025-08-14,39.6915283203125,0.0152398447807647,2025-10-13,39.8483619689941,0.011244102891353
2025-11-13,39.7704391479492,2025-03-07,40.4277229309082,-0.0162582439798129,2025-08-15,39.9525299072266,-0.00455767781665328,2025-10-14,40.2282447814941,-0.0113802040340453
2025-11-14,39.8873252868652,2025-03-07,40.4277229309082,-0.0133670067187934,2025-08-15,39.9525299072266,-0.00163205235094599,2025-10-15,40.812671661377,-0.0226730164148362
2025-11-17,39.6243324279785,2025-03-12,39.4758110046387,0.00376234001430387,2025-08-19,40.281192779541,-0.0163068744055691,2025-10-17,40.9490394592285,-0.0323501368711948
2025-11-18,39.7704391479492,2025-03-13,38.704761505127,0.0275335023749237,2025-08-20,40.435863494873,-0.0164562912575912,2025-10-17,40.9490394592285,-0.0287821235087283
2025-11-19,39.458740234375,2025-03-14,39.4567718505859,4.98870966056941e-05,2025-08-21,40.2908630371094,-0.0206528910033017,2025-10-20,41.3776206970215,-0.0463748381449255
2025-11-20,39.3223724365234,2025-03-14,39.4567718505859,-0.00340624454964134,2025-08-22,40.9288635253906,-0.0392508110534413,2025-10-21,41.2509956359863,-0.0467533733362888
2025-11-21,39.838623046875,2025-03-14,39.4567718505859,0.00967771001984263,2025-08-22,40.9288635253906,-0.0266374481138303,2025-10-22,41.4360618591309,-0.0385518975641709
2025-11-24,39.8970680236816,2025-03-19,39.9517669677734,-0.00136912452798188,2025-08-26,40.60986328125,-0.0175522693251091,2025-10-24,41.5432090759277,-0.0396247928087949
2025-11-25,40.2185020446777,2025-03-20,39.9041633605957,0.00787734054819023,2025-08-27,40.783863067627,-0.013862370565823,2025-10-24,41.5432090759277,-0.0318874506981119
2025-11-26,40.3938293457031,2025-03-21,39.5138816833496,0.0222693297865573,2025-08-28,40.6775283813477,-0.00697434300788591,2025-10-27,41.6308708190918,-0.0297145231182954
2025-11-28,40.5886383056641,2025-03-21,39.5138816833496,0.0271994695668518,2025-08-29,40.8998680114746,-0.00760955281623965,2025-10-29,39.5951118469238,0.0250921493183613
2025-12-01,40.0236930847168,2025-03-26,39.7859573364258,0.0059753683009498,2025-09-02,40.2038650512695,-0.00448145884289908,2025-10-31,39.838623046875,0.00464549283302396
2025-12-02,39.9262886047363,2025-03-27,39.6901588439941,0.00594932768272138,2025-09-03,40.0975303649902,-0.00427063110109716,2025-10-31,39.838623046875,0.00220051676379929
2025-12-03,40.0042114257812,2025-03-28,39.6709976196289,0.00839943097340901,2025-09-04,40.3681945800781,-0.00901658243781112,2025-11-03,39.7704391479492,0.00587804114916568
2025-12-04,39.9360275268555,2025-03-28,39.6709976196289,0.00668069680948546,2025-09-05,40.7741966247559,-0.0205563608184374,2025-11-04,39.8775825500488,0.00146560982560295
2025-12-05,39.9262886047363,2025-03-28,39.6709976196289,0.00643520456821345,2025-09-05,40.7741966247559,-0.0207952109473256,2025-11-05,39.8678436279297,0.00146596784496511
2025-12-08,39.6827774047852,2025-04-02,40.312858581543,-0.0156297816361325,2025-09-09,40.4841957092285,-0.0197958311979178,2025-11-07,40.1990242004395,-0.0128422718193405
2025-12-09,39.4490013122559,2025-04-03,39.1057777404785,0.00877679953215882,2025-09-10,40.4648628234863,-0.0251047807986352,2025-11-07,40.1990242004395,-0.0186577386665867
2025-12-10,39.526927947998,2025-04-04,37.3238868713379,0.059024963939432,2025-09-11,41.122200012207,-0.0387934513166959,2025-11-10,40.1697998046875,-0.0160038601092165
2025-12-11,39.7412185668945,2025-04-04,37.3238868713379,0.0647663439740243,2025-09-12,40.938533782959,-0.0292466560334615,2025-11-11,40.6178665161133,-0.0215828162434623
2025-12-12,39.6925163269043,2025-04-04,37.3238868713379,0.0634614895209467,2025-09-12,40.938533782959,-0.0304362990296771,2025-11-12,40.2964210510254,-0.0149865598077903
2025-12-15,39.8483619689941,2025-04-09,37.5633888244629,0.0608297924132761,2025-09-16,40.6485290527344,-0.0196850194185909,2025-11-14,39.8873252868652,-0.000976834560624806
2025-12-16,39.4977035522461,2025-04-10,36.7682456970215,0.0742341061827083,2025-09-17,40.6291923522949,-0.0278491580693436,2025-11-14,39.8873252868652,-0.00976805869576425
2025-12-17,39.6730308532715,2025-04-11,37.2855606079102,0.0640320329488306,2025-09-18,40.6581993103027,-0.0242304989828116,2025-11-17,39.6243324279785,0.00122900304709184
2025-12-18,39.4295234680176,2025-04-11,37.2855606079102,0.0575011566180548,2025-09-19,40.4551963806152,-0.0253533045037726,2025-11-18,39.7704391479492,-0.00857208739042103
2025-12-19,39.2834167480469,2025-04-11,37.2855606079102,0.0535825694334033,2025-09-19,40.4551963806152,-0.0289648731783151,2025-11-19,39.458740234375,-0.0044432104341583
2025-12-22,39.574878692627,2025-04-16,38.1477661132812,0.0374101218694651,2025-09-23,40.9100723266602,-0.0326372836345022,2025-11-21,39.838623046875,-0.00662031802499097
2025-12-23,39.5650367736816,2025-04-17,38.7513122558594,0.0209986312837502,2025-09-24,40.4912338256836,-0.0228740140641126,2025-11-21,39.838623046875,-0.00686736268147248
2025-12-24,39.8210563659668,2025-04-17,38.7513122558594,0.0276053647691807,2025-09-25,40.3938293457031,-0.0141797147983757,2025-11-24,39.8970680236816,-0.00190519407766321
2025-12-26,39.8998336791992,2025-04-17,38.7513122558594,0.029638258848026,2025-09-26,40.7931900024414,-0.0218996436216123,2025-11-26,40.3938293457031,-0.012229483426197
2025-12-29,40.0081481933594,2025-04-23,38.7704734802246,0.0319231260811417,2025-09-30,41.0367050170898,-0.0250643131143721,2025-11-28,40.5886383056641,-0.0143017882968417
2025-12-30,40.0967750549316,2025-04-24,38.8854331970215,0.0311515587796751,2025-10-01,41.0367050170898,-0.0229046158010678,2025-11-28,40.5886383056641,-0.0121182496202092
2025-12-31,39.7324333190918,2025-04-25,38.827953338623,0.0232945572119312,2025-10-02,40.8224143981934,-0.0267005539767829,2025-12-01,40.0236930847168,-0.00727718366739671
2026-01-02,39.7619781494141,2025-04-25,38.827953338623,0.0240554737110472,2025-10-03,40.9879989624023,-0.0299117020597391,2025-12-03,40.0042114257812,-0.00605519438413615
2026-01-05,39.8112106323242,2025-04-30,39.565616607666,0.00620725887058771,2025-10-07,40.4522705078125,-0.0158473150565053,2025-12-05,39.9262886047363,-0.00288226069673947
2026-01-06,40.0770797729492,2025-05-01,39.6805801391602,0.00999228419540565,2025-10-08,40.2477226257324,-0.00423981387394334,2025-12-05,39.9262886047363,0.0037767389227108
2026-01-07,39.5256500244141,2025-05-02,40.1691627502441,-0.0160200681759584,2025-10-09,40.0626525878906,-0.0134040690964853,2025-12-08,39.6827774047852,-0.003959586265052
2026-01-08,39.8210563659668,2025-05-02,40.1691627502441,-0.00866601045288717,2025-10-10,39.6243324279785,0.00496472561009931,2025-12-09,39.4490013122559,0.00943129208179339
2026-01-09,39.8801383972168,2025-05-02,40.1691627502441,-0.00719517991511009,2025-10-10,39.6243324279785,0.00645577991006485,2025-12-10,39.526927947998,0.00893594487493288
2026-01-12,39.9983024597168,2025-05-07,39.8147087097168,0.00461120414916394,2025-10-14,40.2282447814941,-0.00571594219500027,2025-12-12,39.6925163269043,0.00770387370490866
2026-01-13,40.3035583496094,2025-05-08,39.6231002807617,0.0171732667061906,2025-10-15,40.812671661377,-0.0124743931490615,2025-12-12,39.6925163269043,0.0153943886467813
2026-01-14,40.7565155029297,2025-05-09,39.8625984191895,0.0224249577094782,2025-10-16,40.6860466003418,0.00173201646451693,2025-12-15,39.8483619689941,0.022790235007456
2026-01-15,41.0617752075195,2025-05-09,39.8625984191895,0.0300827551611087,2025-10-17,40.9490394592285,0.00275307430356841,2025-12-16,39.4977035522461,0.0395990529729036
2026-01-16,41.56396484375,2025-05-09,39.8625984191895,0.0426807707482895,2025-10-17,40.9490394592285,0.0150168451480708,2025-12-17,39.6730308532715,0.047662957677018
2026-01-20,40.7663688659668,2025-05-15,39.7476425170898,0.0256298558697903,2025-10-22,41.4360618591309,-0.0161620811224966,2025-12-19,39.2834167480469,0.0377500798220065
2026-01-21,40.9140663146973,2025-05-16,40.2458038330078,0.0166045256410403,2025-10-23,41.3970985412598,-0.0116682628392679,2025-12-22,39.574878692627,0.0338393361220795
2026-01-22,40.5103454589844,2025-05-16,40.2458038330078,0.00657314802492759,2025-10-24,41.5432090759277,-0.0248623936358794,2025-12-23,39.5650367736816,0.0238925263916738
2026-01-23,40.6186599731445,2025-05-16,40.2458038330078,0.00926447243255013,2025-10-24,41.5432090759277,-0.0222551199906925,2025-12-24,39.8210563659668,0.0200296948390202
2026-01-26,40.5891227722168,2025-05-21,39.0578765869141,0.0392045425689056,2025-10-28,40.7055244445801,-0.00285960379952255,2025-12-26,39.8998336791992,0.0172754878769563
2026-01-27,40.6186599731445,2025-05-22,38.923755645752,0.0435442135342239,2025-10-29,39.5951118469238,0.0258503658274227,2025-12-26,39.8998336791992,0.0180157716877916
2026-01-28,40.224781036377,2025-05-23,38.9333381652832,0.0331706175723028,2025-10-30,39.8191452026367,0.0101869548348159,2025-12-29,40.0081481933594,0.00541471807119365
2026-01-29,40.7368202209473,2025-05-23,38.9333381652832,0.0463223073245806,2025-10-31,39.838623046875,0.0225458890237102,2025-12-30,40.0967750549316,0.0159625098312466
2026-01-30,40.7959060668945,2025-05-23,38.9333381652832,0.0478399230424114,2025-10-31,39.838623046875,0.0240290187462848,2025-12-31,39.7324333190918,0.0267658600031357
2026-02-02,40.3330993652344,2025-05-28,39.5751991271973,0.0191508888079417,2025-11-04,39.8775825500488,0.0114228793737394,2026-01-02,39.7619781494141,0.014363501073166
2026-02-03,40.1853942871094,2025-05-29,39.9392433166504,0.00616313555335601,2025-11-05,39.8678436279297,0.00796508238928739,2026-01-02,39.7619781494141,0.0106487694375828
2026-02-04,40.8254470825195,2025-05-30,39.9775581359863,0.0212091229696685,2025-11-06,39.6730308532715,0.0290478494952953,2026-01-05,39.8112106323242,0.0254761519201783
2026-02-05,40.5989646911621,2025-05-30,39.9775581359863,0.0155438847230744,2025-11-07,40.1990242004395,0.00994900992443215,2026-01-06,40.0770797729492,0.0130220295782415
2026-02-06,41.3473358154297,2025-05-30,39.9775581359863,0.0342636654991275,2025-11-07,40.1990242004395,0.0285656589389969,2026-01-07,39.5256500244141,0.0460886991078051
2026-02-09,41.6033554077149,2025-06-04,40.0158843994141,0.0396710214487732,2025-11-11,40.6178665161133,0.024262448427975,2026-01-09,39.8801383972168,0.0432099054756119
2026-02-10,42.1843223571777,2025-06-05,40.0063018798828,0.0544419347690352,2025-11-12,40.2964210510254,0.0468503469268842,2026-01-09,39.8801383972168,0.0577777322889566
2026-02-11,42.1449356079102,2025-06-06,40.1212615966797,0.0504389426128602,2025-11-13,39.7704391479492,0.0597050601107931,2026-01-12,39.9983024597168,0.0536681062991433
2026-02-12,42.2138633728027,2025-06-06,40.1212615966797,0.0521569285921015,2025-11-14,39.8873252868652,0.0583277537213964,2026-01-13,40.3035583496094,0.0473979246850267
2026-02-13,42.8342208862305,2025-06-06,40.1212615966797,0.0676189925636659,2025-11-14,39.8873252868652,0.0738805015922097,2026-01-14,40.7565155029297,0.0509784842414074
2026-02-17,43.2674865722656,2025-06-12,40.4565620422363,0.0694800642500151,2025-11-19,39.458740234375,0.0965247829826201,2026-01-16,41.56396484375,0.0409855444474467
2026-02-18,42.6865196228027,2025-06-13,40.1308403015137,0.0636836732569657,2025-11-20,39.3223724365234,0.0855530065412484,2026-01-16,41.56396484375,0.0270078849135955
2026-02-19,42.5388145446777,2025-06-13,40.1308403015137,0.0600030855340259,2025-11-21,39.838623046875,0.0677782335655934,2026-01-20,40.7663688659668,0.0434781347472581
2026-02-20,42.8933067321777,2025-06-13,40.1308403015137,0.0688364960690808,2025-11-21,39.838623046875,0.076676437378584,2026-01-21,40.9140663146973,0.0483755489434075
2026-02-23,42.9425430297852,2025-06-18,40.0829429626465,0.0713420686151605,2025-11-25,40.2185020446777,0.0677310403575291,2026-01-23,40.6186599731445,0.0572122039027652
2026-02-24,43.0607032775879,2025-06-18,40.0829429626465,0.0742899621346766,2025-11-26,40.3938293457031,0.0660218150911323,2026-01-23,40.6186599731445,0.0601212178357913
2026-02-25,42.7751388549805,2025-06-20,40.0733642578125,0.0674207081737901,2025-11-26,40.3938293457031,0.0589523089999056,2026-01-26,40.5891227722168,0.0538571896473701
2026-02-26,42.9622344970703,2025-06-20,40.0733642578125,0.0720895360986471,2025-11-28,40.5886383056641,0.05847932550807,2026-01-27,40.6186599731445,0.0576969926008208
2026-02-27,43.169017791748,2025-06-20,40.0733642578125,0.0772496542596131,2025-11-28,40.5886383056641,0.0635739358056735,2026-01-28,40.224781036377,0.0731945999335211
2026-03-02,43.2477912902832,2025-06-25,39.8558578491211,0.0851050165323921,2025-12-02,39.9262886047363,0.0831908700162243,2026-01-30,40.7959060668945,0.060101256713559
2026-03-03,43.0311622619629,2025-06-26,39.6045265197754,0.08652131570053,2025-12-03,40.0042114257812,0.0756658043815577,2026-01-30,40.7959060668945,0.0547911888855497
2026-03-04,43.0902404785156,2025-06-27,39.7495231628418,0.0840442110962669,2025-12-04,39.9360275268555,0.0789816400626995,2026-02-02,40.3330993652344,0.0683592671198932
2026-03-05,42.6766700744629,2025-06-27,39.7495231628418,0.0736397993915412,2025-12-05,39.9262886047363,0.0688864797065134,2026-02-03,40.1853942871094,0.0619945587581969
2026-03-06,42.2335586547852,2025-06-27,39.7495231628418,0.0624922085673085,2025-12-05,39.9262886047363,0.0577882425509275,2026-02-04,40.8254470825195,0.0344910263791955
2026-03-09,42.3221817016602,2025-07-02,40.3875274658203,0.0479022697657621,2025-12-09,39.4490013122559,0.0728327788747258,2026-02-06,41.3473358154297,0.0235769939466497
2026-03-10,42.2630958557129,2025-07-03,40.4068641662598,0.0459385237571368,2025-12-10,39.526927947998,0.0692228829752357,2026-02-06,41.3473358154297,0.0221479817797949
2026-03-11,41.7609062194824,2025-07-03,40.4068641662598,0.0335101988526321,2025-12-11,39.7412185668945,0.0508209794621231,2026-02-09,41.6033554077149,0.0037869736761269
2026-03-12,41.4950370788574,2025-07-03,40.4068641662598,0.0269303974720785,2025-12-12,39.6925163269043,0.0454121058263908,2026-02-10,42.1843223571777,-0.0163398447528462
2026-03-13,41.6033554077149,2025-07-03,40.4068641662598,0.0296110887628387,2025-12-12,39.6925163269043,0.048141041627924,2026-02-11,42.1449356079102,-0.0128504218213508
2026-03-16,41.9283027648926,2025-07-09,40.0201988220215,0.0476785223221114,2025-12-16,39.4977035522461,0.0615377349579673,2026-02-13,42.8342208862305,-0.0211494011702477
2026-03-17,42.066162109375,2025-07-10,40.2231903076172,0.0458186381453887,2025-12-17,39.6730308532715,0.0603213620092291,2026-02-13,42.8342208862305,-0.01793096176292
2026-03-18,41.3768730163574,2025-07-11,40.1845283508301,0.0296717347312778,2025-12-18,39.4295234680176,0.0493881076173643,2026-02-13,42.8342208862305,-0.0340229806850888
2026-03-19,41.2784004211426,2025-07-11,40.1845283508301,0.0272212245658945,2025-12-19,39.2834167480469,0.0507843725990276,2026-02-17,43.2674865722656,-0.0459718441883806
2026-03-20,39.9687614440918,2025-07-11,40.1845283508301,-0.00536940249377904,2025-12-19,39.2834167480469,0.0174461580172756,2026-02-18,42.6865196228027,-0.0636678324381156
2026-03-23,40.2671432495117,2025-07-16,40.3681945800781,-0.00250324126747736,2025-12-23,39.5650367736816,0.0177456293000873,2026-02-20,42.8933067321777,-0.0612254844109725
2026-03-24,39.940013885498,2025-07-17,40.329532623291,-0.00965839950170944,2025-12-24,39.8210563659668,0.00298730195497576,2026-02-20,42.8933067321777,-0.0688520674127504
2026-03-25,39.9201850891113,2025-07-18,40.4455299377441,-0.0129889470960437,2025-12-24,39.8210563659668,0.00248935443182385,2026-02-23,42.9425430297852,-0.0703814382529119
2026-03-26,39.940013885498,2025-07-18,40.4455299377441,-0.0124986878160382,2025-12-26,39.8998336791992,0.00100702691198884,2026-02-24,43.0607032775879,-0.0724718630806499
2026-03-27,39.6624412536621,2025-07-18,40.4455299377441,-0.019361563200863,2025-12-26,39.8998336791992,-0.00594970965156849,2026-02-25,42.7751388549805,-0.0727688485564305
2026-03-30,39.8607063293457,2025-07-23,41.4218673706055,-0.0376892965083372,2025-12-30,40.0967750549316,-0.00588747412385482,2026-02-27,43.169017791748,-0.0766362458919494
2026-03-31,40.4753227233887,2025-07-24,41.3638648986816,-0.0214811207189995,2025-12-31,39.7324333190918,0.0186973045000973,2026-02-27,43.169017791748,-0.0623988037289624
2026-04-01,40.5942802429199,2025-07-25,41.3638648986816,-0.0186052405317243,2025-12-31,39.7324333190918,0.0216912696211333,2026-03-02,43.2477912902832,-0.0613559899406808
2026-04-02,41.2485466003418,2025-07-25,41.3638648986816,-0.00278789950171021,2026-01-02,39.7619781494141,0.0373866824568345,2026-03-03,43.0311622619629,-0.0414261564855948
2026-04-06,41.3972396850586,2025-07-30,40.7452011108398,0.016002831166424,2026-01-06,40.0770797729492,0.0329405216045817,2026-03-06,42.2335586547852,-0.019802237755113
2026-04-07,41.3575897216797,2025-07-31,40.029857635498,0.0331685437972735,2026-01-07,39.5256500244141,0.0463481232094622,2026-03-06,42.2335586547852,-0.0207410637655614
2026-04-08,42.0713348388672,2025-08-01,39.9138603210449,0.0540532662205244,2026-01-08,39.8210563659668,0.0565097633829623,2026-03-09,42.3221817016602,-0.00592707778066026
2026-04-09,42.358814239502,2025-08-01,39.9138603210449,0.0612557617527141,2026-01-09,39.8801383972168,0.0621531404328863,2026-03-10,42.2630958557129,0.00226482187002697
2026-04-10,42.4480361938477,2025-08-01,39.9138603210449,0.0634911244469774,2026-01-09,39.8801383972168,0.0643903933094192,2026-03-11,41.7609062194824,0.0164539047776859
2026-04-13,42.646297454834,2025-08-06,40.0491943359375,0.0648478243310382,2026-01-13,40.3035583496094,0.0581273515579628,2026-03-13,41.6033554077149,0.0250687002742507
2026-04-14,43.052734375,2025-08-07,40.2038650512695,0.0708605831826736,2026-01-14,40.7565155029297,0.0563399212061015,2026-03-13,41.6033554077149,0.0348380305646303
2026-04-15,43.0329093933105,2025-08-08,39.8751907348633,0.079190057784136,2026-01-15,41.0617752075195,0.0480041151613446,2026-03-16,41.9283027648926,0.0263451309873406
2026-04-16,43.4294357299805,2025-08-08,39.8751907348633,0.0891342443663767,2026-01-16,41.56396484375,0.044881928209767,2026-03-17,42.066162109375,0.032407844030574
2026-04-17,44.0936126708984,2025-08-08,39.8751907348633,0.105790639700864,2026-01-16,41.56396484375,0.0608615620925015,2026-03-18,41.3768730163574,0.0656584090698931
2026-04-20,44.2522239685059,2025-08-13,39.9718589782715,0.107084461409742,2026-01-20,40.7663688659668,0.0855081087550376,2026-03-20,39.9687614440918,0.107170259213705
2026-04-21,43.3996925354004,2025-08-14,39.6915283203125,0.0934245762763992,2026-01-21,40.9140663146973,0.0607523632968798,2026-03-20,39.9687614440918,0.0858403154700647
2026-04-22,43.0824737548828,2025-08-15,39.9525299072266,0.0783415682292026,2026-01-22,40.5103454589844,0.0634931217385606,2026-03-23,40.2671432495117,0.0699163208059275
2026-04-23,43.5781326293945,2025-08-15,39.9525299072266,0.0907477631726188,2026-01-23,40.6186599731445,0.0728599283729865,2026-03-24,39.940013885498,0.0910895713338111
2026-04-24,43.4492645263672,2025-08-15,39.9525299072266,0.0875222326911553,2026-01-23,40.6186599731445,0.0696872953242214,2026-03-25,39.9201850891113,0.0884033836360758
2026-04-27,43.1122169494629,2025-08-20,40.435863494873,0.0661876172108748,2026-01-27,40.6186599731445,0.061389444604204,2026-03-27,39.6624412536621,0.0869784003898715
2026-04-28,43.528564453125,2025-08-21,40.2908630371094,0.0803582046141227,2026-01-28,40.224781036377,0.0821330366909965,2026-03-27,39.6624412536621,0.0974756741456484
2026-04-29,43.2609100341797,2025-08-22,40.9288635253906,0.0569780420935055,2026-01-29,40.7368202209473,0.0619608943344701,2026-03-30,39.8607063293457,0.0853021438391004
2026-04-30,44.0143127441406,2025-08-22,40.9288635253906,0.0753856558180734,2026-01-30,40.7959060668945,0.0788904325833275,2026-03-31,40.4753227233887,0.0874357456007868
2026-05-01,43.9350051879883,2025-08-22,40.9288635253906,0.0734479632138518,2026-01-30,40.7959060668945,0.0769464248678888,2026-04-01,40.5942802429199,0.0822954594853549
2026-05-04,43.6970901489258,2025-08-27,40.783863067627,0.071430876385304,2026-02-03,40.1853942871094,0.0873873685729365,2026-04-02,41.2485466003418,0.0593607229924482
2026-05-05,43.786304473877,2025-08-28,40.6775283813477,0.0764249013210645,2026-02-04,40.8254470825195,0.0725248001662471,2026-04-02,41.2485466003418,0.0615235707120436
2026-05-06,44.3513565063477,2025-08-29,40.8998680114746,0.0843887440884825,2026-02-05,40.5989646911621,0.0924258006018168,2026-04-06,41.3972396850586,0.0713602366670667
2026-05-07,44.0143127441406,2025-08-29,40.8998680114746,0.0761480387123072,2026-02-06,41.3473358154297,0.0645017841201683,2026-04-07,41.3575897216797,0.0642378591291137
2026-05-08,44.0242233276367,2025-08-29,40.8998680114746,0.076390352049194,2026-02-06,41.3473358154297,0.0647414751014765,2026-04-08,42.0713348388672,0.0464185055275539
2026-05-11,44.1828308105469,2025-09-03,40.0975303649902,0.101884091323579,2026-02-10,42.1843223571777,0.0473756206499572,2026-04-10,42.4480361938477,0.040868666073901
2026-05-12,44.1927490234375,2025-09-04,40.3681945800781,0.0947417758743863,2026-02-11,42.1449356079102,0.0485897863168874,2026-04-10,42.4480361938477,0.0411023214742434
2026-05-13,43.8259582519531,2025-09-05,40.7741966247559,0.0748454140073578,2026-02-12,42.2138633728027,0.0381887548389854,2026-04-13,42.646297454834,0.0276615056293807
2026-05-14,43.528564453125,2025-09-05,40.7741966247559,0.0675517375294363,2026-02-13,42.8342208862305,0.0162100197582382,2026-04-14,43.052734375,0.0110522614889081
2026-05-15,42.8544731140137,2025-09-05,40.7741966247559,0.0510194353650313,2026-02-13,42.8342208862305,0.000472804859390275,2026-04-15,43.0329093933105,-0.00414650744773049
2026-05-18,43.3699569702149,2025-09-10,40.4648628234863,0.0717930061792367,2026-02-17,43.2674865722656,0.00236830021956735,2026-04-17,44.0936126708984,-0.0164118033621953
2026-05-19,43.5583038330078,2025-09-11,41.122200012207,0.0592406004561437,2026-02-18,42.6865196228027,0.0204229395581685,2026-04-17,44.0936126708984,-0.012140280767784
2026-05-20,44.0440483093262,2025-09-12,40.938533782959,0.075857981207424,2026-02-19,42.5388145446777,0.0353849485642701,2026-04-20,44.2522239685059,-0.00470429823657781
2026-05-21,44.1134414672852,2025-09-12,40.938533782959,0.0775530384443757,2026-02-20,42.8933067321777,0.0284458072380815,2026-04-21,43.3996925354004,0.0164459444338823
2026-05-22,44.1729202270508,2025-09-12,40.938533782959,0.0790059180243077,2026-02-20,42.8933067321777,0.0298324748628698,2026-04-22,43.0824737548828,0.0253106745534635
2026-05-26,44.3216171264649,2025-09-18,40.6581993103027,0.0901028052964907,2026-02-25,42.7751388549805,0.0361536704001679,2026-04-24,43.4492645263672,0.0200774998059696
2026-05-27,44.2423133850098,2025-09-19,40.4551963806152,0.0936126219426583,2026-02-26,42.9622344970703,0.0297954448348525,2026-04-27,43.1122169494629,0.0262129047288753
2026-05-28,44.0242233276367,2025-09-19,40.4551963806152,0.0882217185016965,2026-02-27,43.169017791748,0.0198106322458915,2026-04-28,43.528564453125,0.0113869795785588
2026-05-29,43.6078720092773,2025-09-19,40.4551963806152,0.0779300537562775,2026-02-27,43.169017791748,0.0101659532687628,2026-04-29,43.2609100341797,0.00802021905742456
2026-06-01,42.8941268920898,2025-09-24,40.4912338256836,0.0593435378321834,2026-03-03,43.0311622619629,-0.00318456120331623,2026-05-01,43.9350051879883,-0.0236913206552442
2026-06-02,43.1122169494629,2025-09-25,40.3938293457031,0.0672971007649448,2026-03-04,43.0902404785156,0.000510010403822703,2026-05-01,43.9350051879883,-0.0187273959569336
2026-06-03,43.1320381164551,2025-09-26,40.7931900024414,0.0573342784389672,2026-03-05,42.6766700744629,0.0106701868069288,2026-05-04,43.6970901489258,-0.0129311135030943
2026-06-04,44.0143127441406,2025-09-26,40.7931900024414,0.0789622665328809,2026-03-06,42.2335586547852,0.0421644338311924,2026-05-05,43.786304473877,0.00520729650522833
2026-06-05,44.3117027282715,2025-09-26,40.7931900024414,0.0862524535497102,2026-03-06,42.2335586547852,0.0492059902049213,2026-05-06,44.3513565063477,-0.000894082643683958
2026-06-08,43.6475219726562,2025-10-01,41.0367050170898,0.0636215055394709,2026-03-10,42.2630958557129,0.032757328560828,2026-05-08,44.0242233276367,-0.00855668371880147
2026-06-09,44.5793609619141,2025-10-02,40.8224143981934,0.0920314640646775,2026-03-11,41.7609062194824,0.0674902677546965,2026-05-08,44.0242233276367,0.0126098223277196
2026-06-10,44.5991859436035,2025-10-03,40.9879989624023,0.088103519874529,2026-03-12,41.4950370788574,0.0748077139646113,2026-05-11,44.1828308105469,0.00942345986933124
2026-06-11,44.5297889709473,2025-10-03,40.9879989624023,0.0864104151996725,2026-03-13,41.6033554077149,0.0703412870080606,2026-05-12,44.1927490234375,0.00762658931516169
2026-06-12,44.9659690856934,2025-10-03,40.9879989624023,0.0970520694835568,2026-03-13,41.6033554077149,0.0808255402725269,2026-05-13,43.8259582519531,0.0260122283507498
2026-06-15,44.5991859436035,2025-10-08,40.2477226257324,0.108117007223882,2026-03-17,42.066162109375,0.0602152349349694,2026-05-15,42.8544731140137,0.0407125021686316
2026-06-16,44.7082290649414,2025-10-09,40.0626525878906,0.115957785542512,2026-03-18,41.3768730163574,0.0805125135306142,2026-05-15,42.8544731140137,0.0432570001734904
2026-06-17,43.5880470275879,2025-10-10,39.6243324279785,0.100032337625217,2026-03-19,41.2784004211426,0.0559529095817948,2026-05-18,43.3699569702149,0.0050285975040929
2026-06-18,43.4790000915527,2025-10-10,39.6243324279785,0.0972803181121218,2026-03-20,39.9687614440918,0.0878245539925238,2026-05-19,43.5583038330078,-0.00182063428730173
2026-06-22,44.0200004577637,2025-10-15,40.812671661377,0.0785865924925953,2026-03-24,39.940013885498,0.102152858132757,2026-05-22,44.1729202270508,-0.00346184423626728
2026-06-23,44.6399993896484,2025-10-16,40.6860466003418,0.0971820346210148,2026-03-25,39.9201850891113,0.118231272976349,2026-05-22,44.1729202270508,0.0105738801101862
2026-06-24,44.5099983215332,2025-10-17,40.9490394592285,0.0869607421646654,2026-03-26,39.940013885498,0.114421202985472,2026-05-22,44.1729202270508,0.00763087640006188
2026-06-25,44.5900001525879,2025-10-17,40.9490394592285,0.0889144346593169,2026-03-27,39.6624412536621,0.12423740806602,2026-05-26,44.3216171264649,0.00605535274936497
2026-06-26,45.2400016784668,2025-10-17,40.9490394592285,0.104787860128212,2026-03-27,39.6624412536621,0.140625746890699,2026-05-27,44.2423133850098,0.0225505453291932
2026-06-29,44.9199981689453,2025-10-22,41.4360618591309,0.0840798124507756,2026-03-31,40.4753227233887,0.109811982869955,2026-05-29,43.6078720092773,0.0300892040636338
2026-06-30,44.0299987792969,2025-10-23,41.3970985412598,0.0636010814963988,2026-04-01,40.5942802429199,0.084635532784848,2026-05-29,43.6078720092773,0.00968005891068779
2026-07-01,44.1800003051758,2025-10-24,41.5432090759277,0.0634710531010938,2026-04-02,41.2485466003418,0.071068048366332,2026-06-01,42.8941268920898,0.0299778432679341
2026-07-02,44.6800003051758,2025-10-24,41.5432090759277,0.0755067145514685,2026-04-02,41.2485466003418,0.0831896875805449,2026-06-02,43.1122169494629,0.0363651759674219
2026-07-06,44.2900009155273,2025-10-29,39.5951118469238,0.118572441132484,2026-04-07,41.3575897216797,0.0709038223354317,2026-06-05,44.3117027282715,-0.000489753528029047
2026-07-07,44.8899993896484,2025-10-30,39.8191452026367,0.127347138197129,2026-04-08,42.0713348388672,0.0669972693183305,2026-06-05,44.3117027282715,0.0130506531180528
2026-07-08,44.1500015258789,2025-10-31,39.838623046875,0.108221071645249,2026-04-09,42.358814239502,0.0422860582510491,2026-06-08,43.6475219726562,0.0115122126185638
2026-07-09,44.2299995422363,2025-10-31,39.838623046875,0.110229123385975,2026-04-10,42.4480361938477,0.0419798772374527,2026-06-09,44.5793609619141,-0.00783684225478709
2026-07-10,44.4500007629395,2025-10-31,39.838623046875,0.115751433242023,2026-04-10,42.4480361938477,0.0471627134868953,2026-06-10,44.5991859436035,-0.00334502026231409
2026-07-13,44.7000007629395,2025-11-05,39.8678436279297,0.121204376642648,2026-04-14,43.052734375,0.0382615973608402,2026-06-12,44.9659690856934,-0.00591488025637876
2026-07-14,44.4799995422363,2025-11-06,39.6730308532715,0.121164644736701,2026-04-15,43.0329093933105,0.033627522966196,2026-06-12,44.9659690856934,-0.0108074962763707
2026-07-15,44.560001373291,2025-11-07,40.1990242004395,0.108484652540493,2026-04-16,43.4294357299805,0.0260322434382929,2026-06-15,44.5991859436035,-0.000878593846131093
2026-07-16,45.4599990844727,2025-11-07,40.1990242004395,0.13087319875729,2026-04-17,44.0936126708984,0.0309883071675827,2026-06-16,44.7082290649414,0.0168150256732214
2026-07-17,45.4199981689453,2025-11-07,40.1990242004395,0.12987812695336,2026-04-17,44.0936126708984,0.0300811255350433,2026-06-17,43.5880470275879,0.0420287502259034
2026-07-20,45.2299995422363,2025-11-12,40.2964210510254,0.122432175427286,2026-04-21,43.3996925354004,0.0421732712816569,2026-06-18,43.4790000915527,0.0402723026517757
2026-07-21,45.2000007629395,2025-11-13,39.7704391479492,0.13652254617536,2026-04-22,43.0824737548828,0.0491505436782549,2026-06-18,43.4790000915527,0.0395823424587236
2026-07-22,45.0099983215332,2025-11-14,39.8873252868652,0.128428592236413,2026-04-23,43.5781326293945,0.0328574357308014,2026-06-22,44.0200004577637,0.0224897286114165
2026-07-23,44.9500007629395,2025-11-14,39.8873252868652,0.126924416206502,2026-04-24,43.4492645263672,0.0345399686952479,2026-06-23,44.6399993896484,0.00694447530308206
2026-07-24,45.9500007629395,2025-11-14,39.8873252868652,0.151995036831177,2026-04-24,43.4492645263672,0.0575553179974932,2026-06-24,44.5099983215332,0.0323523364571685
2026-07-27,45.7599983215332,2025-11-19,39.458740234375,0.15969232797931,2026-04-28,43.528564453125,0.0512636678108507,2026-06-26,45.2400016784668,0.0114941782443372
2026-07-28,46.0099983215332,2025-11-20,39.3223724365234,0.170071780277381,2026-04-29,43.2609100341797,0.0635467049856675,2026-06-26,45.2400016784668,0.0170202611516017
