date,ticker,company,sector,industry_group,theme,subtheme,supply_chain_layer,business_quality_score,latest_close,daily_return,weekly_return,monthly_return,ma20,ma50,ma200,above_20dma,above_50dma,above_200dma,high_52w,low_52w,distance_to_52w_high,latest_volume,avg_volume_20d,volume_ratio,updated_at
2026-06-04,NVDA,NVIDIA,Technology,Semiconductor,AI Infrastructure,GPU,Compute,10,218.6600036621093,0.0182072347478898,0.0205834476644544,0.1127735555323632,219.42450180053712,202.91860076904297,188.4142226409912,False,True,True,235.7400054931641,139.95703125,-0.0724527082084502,167707274.0,175194203.7,0.9572649691492048,2026-06-04
2026-06-04,AVGO,Broadcom,Technology,Semiconductor,AI Infrastructure,Networking,Connectivity,9,418.9100036621094,-0.125868593246218,-0.0179801752346319,-0.0197725149267352,430.3605010986328,397.0694006347656,354.4592219543457,False,True,True,481.5700073242188,242.3166046142578,-0.1301160842849652,80554978.0,26101333.9,3.086239895195548,2026-06-04
2026-06-04,ANET,Arista,Technology,Networking Equipment,AI Infrastructure,Networking,Connectivity,8,166.00999450683594,-0.0479440319117582,0.069169768396019,-0.0247327381252253,151.64049911499023,151.89099945068358,140.83229953765868,True,True,True,177.72999572753906,86.25,-0.0659427305600679,8901442.0,11870112.1,0.7499037856601203,2026-06-04
2026-06-04,CRDO,Credo,Technology,Semiconductor,AI Infrastructure,Optical,Connectivity,7,217.5,0.0135134846878126,-0.0218124846880268,0.1236244860790849,202.0072509765625,168.48070037841796,147.2953004837036,True,True,True,236.02999877929688,68.52999877929688,-0.0785069646872456,7420666.0,7714003.3,0.9619734023188712,2026-06-04
2026-06-04,TSM,TSMC,Technology,Semiconductor Foundry,AI Infrastructure,Foundry,Manufacturing,9,444.9200134277344,0.0188463462417654,0.0472156210700158,0.1280647278127784,414.6830001831055,387.68,324.4023735809326,True,True,True,446.6900024414063,200.85232543945312,-0.0039624549553334,10923566.0,12756838.3,0.8562910137380983,2026-06-04
2026-06-04,ASML,ASML,Technology,Semicap Equipment,AI Infrastructure,Equipment,Manufacturing Equipment,10,1757.469970703125,0.0180205667505826,0.094471779474472,0.2179953962644754,1591.8164978027344,1481.632578125,1210.930746154785,True,True,True,1757.469970703125,686.0034790039062,0.0,2243501.0,1623030.05,1.382291720353545,2026-06-04
2026-06-04,VRT,Vertiv,Industrials,Electrical Equipment,AI Infrastructure,Power,Power Infrastructure,7,323.9200134277344,-0.0226888394831016,0.0310014035871608,-0.0501436166114355,337.395002746582,312.589001159668,215.1007843399048,False,True,True,376.2300109863281,108.3360824584961,-0.1390372804696185,6057957.0,5756297.85,1.0524050627435828,2026-06-04
2026-06-04,ETN,Eaton,Industrials,Electrical Equipment,AI Infrastructure,Power,Power Infrastructure,8,418.6099853515625,-0.0061727075716647,0.0414738090483699,0.0216785291357628,400.52149963378906,396.98945861816406,364.25456619262695,True,True,True,431.8166809082031,313.9706115722656,-0.0305840328559426,1859048.0,2640942.4,0.7039335655332734,2026-06-04
2026-06-04,GEV,GE Vernova,Industrials,Power Equipment,AI Infrastructure,Power,Grid Infrastructure,7,963.3300170898438,0.0041382085962511,-0.0328011876607994,-0.1204152158502712,1023.6939910888672,1007.42279296875,754.4565365600586,False,False,True,1149.530029296875,464.2908935546875,-0.1619792501818528,2177824.0,2369956.2,0.9189300629269012,2026-06-04
2026-06-04,CEG,Constellation Energy,Utilities,Power Generation,AI Infrastructure,Energy,Power Supply,6,264.5899963378906,-0.0099161577358248,-0.0758618329988917,-0.1729571072288277,282.05711975097654,289.9270831298828,321.1789219665527,False,False,False,402.3219604492188,246.3466033935547,-0.3423426450734664,3281759.0,4260127.95,0.7703428250318162,2026-06-04
2026-06-05,NVDA,NVIDIA,Technology,Semiconductor,AI Infrastructure,GPU,Compute,10,205.1000061035156,-0.0620140735913812,-0.0274744607237465,-0.0119855274262006,218.8741012573242,203.2200277709961,188.34462348937987,False,True,True,235.465576171875,141.52166748046875,-0.1289597000208405,215650478.0,177627078.9,1.2140630771809646,2026-06-05
2026-06-05,AVGO,Broadcom,Technology,Semiconductor,AI Infrastructure,Networking,Connectivity,9,385.7300109863281,-0.0792055391032009,-0.1366250632950993,-0.0933386405302759,429.01900177001954,398.4078009033203,354.92173080444337,False,False,True,481.5700073242188,242.31661987304688,-0.1990157087863779,49843645.0,27475152.25,1.8141353520616068,2026-06-05
2026-06-05,ANET,Arista,Technology,Networking Equipment,AI Infrastructure,Networking,Connectivity,8,154.27000427246094,-0.070718574922256,-0.0326079946600458,0.0490276542469985,152.2664993286133,152.2761996459961,140.93974956512452,True,True,True,177.72999572753906,86.25,-0.1319979295506337,9017896.0,11473849.8,0.7859520698972371,2026-06-05
2026-06-05,CRDO,Credo,Technology,Semiconductor,AI Infrastructure,Optical,Connectivity,7,206.88999938964844,-0.0487816120016163,-0.1234588803980641,0.0433708527646465,202.93725128173827,170.54030029296874,147.79825046539307,True,True,True,236.02999877929688,68.52999877929688,-0.1234588803980641,15381457.0,8209052.85,1.87371884199771,2026-06-05
2026-06-05,TSM,TSMC,Technology,Semiconductor Foundry,AI Infrastructure,Foundry,Manufacturing,9,415.1700134277344,-0.0668659514118082,-0.0078384482820234,-0.0103217796716701,414.734001159668,389.02840026855466,325.3247560119629,True,True,True,446.6900024414063,202.6698303222656,-0.070563453046627,19007222.0,13039566.1,1.4576575519640949,2026-06-05
2026-06-05,ASML,ASML,Technology,Semicap Equipment,AI Infrastructure,Equipment,Manufacturing Equipment,10,1641.739990234375,-0.065850331668796,0.017969183445317,0.0627937391491255,1598.0734985351562,1486.6503369140626,1215.4409475708007,True,True,True,1757.469970703125,686.0034790039062,-0.065850331668796,2668906.0,1670375.3,1.597788233578406,2026-06-05
2026-06-05,VRT,Vertiv,Industrials,Electrical Equipment,AI Infrastructure,Power,Power Infrastructure,7,300.510009765625,-0.0722709394037861,-0.0481453932433301,-0.1627382187587869,335.42000274658204,313.0760012817383,215.9586599349976,False,False,True,376.2300109863281,108.33609008789062,-0.2012598650017175,7287543.0,5848667.15,1.24601773585286,2026-06-05
2026-06-05,ETN,Eaton,Industrials,Electrical Equipment,AI Infrastructure,Power,Power Infrastructure,8,395.9400024414063,-0.0541553801950454,-0.0116325601375683,-0.0577988250591591,400.4160003662109,397.4289276123047,364.5042614746094,False,False,True,431.8166809082031,313.9706420898437,-0.0830831231237767,2169152.0,2569937.6,0.8440485091933749,2026-06-05
2026-06-05,GEV,GE Vernova,Industrials,Power Equipment,AI Infrastructure,Power,Grid Infrastructure,7,933.6099853515624,-0.030851350223741,-0.0358456106556873,-0.1656448684997141,1018.0929901123048,1007.6211926269532,756.114231262207,False,False,True,1149.530029296875,464.2908935546875,-0.1878333218292547,2983431.0,2389841.55,1.248380253494212,2026-06-05
2026-06-05,CEG,Constellation Energy,Utilities,Power Generation,AI Infrastructure,Energy,Power Supply,6,254.8300018310547,-0.0368872392831212,-0.1144048589711392,-0.2092882526658199,279.25876388549807,288.96669342041014,320.8732893371582,False,False,False,402.3219604492188,246.3466186523437,-0.3666018092909461,4042562.0,4340018.1,0.9314620139487436,2026-06-05
2026-06-05,NBIS,Nebius,Technology,AI Cloud Infrastructure,AI Infrastructure,NeoCloud,AI Cloud,7,227.8099975585937,-0.1226942435461736,-0.0141935991660192,0.1677174731401038,217.64199981689453,172.62160034179686,117.15767555236816,True,True,True,264.510009765625,44.29999923706055,-0.1387471583383559,20331024.0,18611051.2,1.092416746454386,2026-06-05
2026-06-05,CRWV,CoreWeave,Technology,AI Cloud Infrastructure,AI Infrastructure,NeoCloud,AI Cloud,8,100.38999938964844,-0.070721091141145,-0.0834474526751849,-0.2724307689653605,108.86724891662598,106.73549926757812,99.92977478027343,False,False,True,183.5800018310547,64.55000305175781,-0.4531539471165519,30015040.0,29898947.0,1.0038828457737994,2026-06-05
2026-06-05,MRVL,Marvell,Technology,Semiconductor,AI Infrastructure,Networking,Connectivity,8,263.4700012207031,-0.1673671670856488,0.2852195181497714,0.5304676768047429,208.5234992980957,165.33512786865234,103.41967195510864,True,True,True,316.42999267578125,62.19287109375,-0.1673671670856488,88753188.0,44747199.4,1.983435593513368,2026-06-05
2026-06-05,COHR,Coherent,Technology,Optical Components,AI Infrastructure,Optical,Connectivity,7,376.989990234375,-0.1064470355814423,0.042935759430271,0.0937707823353104,380.8325012207032,333.5250018310547,210.81660034179689,False,True,True,426.8900146484375,77.37000274658203,-0.1168919925549379,6330619.0,6162365.95,1.027303320082768,2026-06-05
2026-06-05,NOK,Nokia,Technology,Telecom Infrastructure,AI Infrastructure,AI-RAN,Telecom Edge,5,14.380000114440918,-0.1347774134586506,-0.0309973068340403,0.0902199068927518,14.840000009536745,12.162600030899048,7.759900004863739,False,True,True,16.850000381469727,4.050000190734863,-0.1465875496207772,181851947.0,125152357.35,1.453044519900128,2026-06-05
2026-06-05,TEAM,Atlassian,Technology,Enterprise Software,Software,Developer Tools,SaaS,8,99.47000122070312,-0.0199999879733682,-0.0756435214522748,0.1201576329082581,92.25874977111816,79.51990020751953,123.49547481536864,True,True,False,220.88999938964844,57.150001525878906,-0.5496853569851357,3792579.0,6559968.95,0.5781397791524607,2026-06-05
2026-06-05,DDOG,Datadog,Technology,Observability Software,Software,Cloud Software,SaaS,9,234.1100006103516,-0.0389573286345952,-0.0535274112248177,0.6290445318569544,224.3915008544922,165.98920059204102,147.05680046081542,True,True,True,277.489990234375,102.61499786376952,-0.1563299259457381,6734918.0,6649775.9,1.01280375478518,2026-06-05
2026-06-05,RDW,Redwire,Industrials,Space Infrastructure,Space Economy,Space Infrastructure,Space Hardware,6,18.450000762939453,-0.1390573728324491,-0.2490842087057074,0.9139004259184532,17.30250015258789,12.617800064086914,9.582899992465974,True,True,True,25.89999961853028,5.059999942779541,-0.2876447476956982,53633056.0,60801432.8,0.8821018441525937,2026-06-05
2026-06-05,PL,Planet Labs,Technology,Earth Observation,Space Economy,Satellite Data,Space Software,6,32.220001220703125,-0.2598207644327537,-0.3699647711136857,-0.1882085579357768,43.72100009918213,38.69080009460449,22.78429999113083,False,False,True,51.400001525878906,5.03000020980835,-0.3731517458325175,38520872.0,13251868.6,2.9068256834360704,2026-06-05
2026-06-05,UUUU,Energy Fuels,Energy,Nuclear Fuel,Nuclear,Nuclear Fuel,Upstream Nuclear,6,15.029999732971191,-0.1347150830860569,-0.1750823106807235,-0.3609694115456546,18.48450026512146,19.36540014266968,18.13650001525879,False,False,False,27.71999931335449,5.360000133514404,-0.4577922039943817,22259592.0,10885494.6,2.044885677495996,2026-06-05
2026-06-05,SMR,NuScale Power,Industrials,Small Modular Reactor,Nuclear,SMR,Reactor Developer,6,10.5,-0.125,-0.1712707232223382,-0.2233728073603339,11.875500011444093,11.536999988555907,21.85244998931885,False,False,False,53.43000030517578,9.15999984741211,-0.8034811914649594,49312625.0,36503951.25,1.3508845840352692,2026-06-05
2026-06-05,OKLO,Oklo,Industrials,Advanced Nuclear,Nuclear,SMR,Reactor Developer,7,58.09000015258789,-0.1116378544914954,-0.13142938788594,-0.2704094681146992,66.59599933624267,63.35439971923828,85.66494976043701,False,False,False,174.13999938964844,45.58000183105469,-0.6664178226932911,18289370.0,15539428.5,1.176965420575152,2026-06-05
2026-06-05,RGTI,Rigetti Computing,Technology,Quantum Computing,Quantum,Quantum Hardware,Quantum Hardware,4,20.68000030517578,-0.144039717061881,-0.1902897586584214,0.0293678520710161,21.783750200271605,18.568700122833253,23.498425040245056,False,True,False,56.34000015258789,10.789999961853027,-0.6329428425777901,49681480.0,62242279.0,0.7981950660900446,2026-06-05
2026-06-05,QBTS,D-Wave Quantum,Technology,Quantum Computing,Quantum,Quantum Hardware,Quantum Hardware,4,23.850000381469727,-0.1371200829186023,-0.2086927384059272,0.0008392974329711,24.880999851226807,20.66199991226196,23.465049958229063,False,True,True,44.77999877929688,12.979999542236328,-0.4673961359620159,33985887.0,45106699.35,0.7534554177039335,2026-06-05
2026-06-05,IONQ,IonQ,Technology,Quantum Computing,Quantum,Quantum Hardware,Quantum Hardware,6,56.77999877929688,-0.1352422233862426,-0.212154863053585,0.0800836809760747,60.10050029754639,47.152600135803226,48.49985005378724,False,True,True,82.08999633789062,26.59000015258789,-0.3083201204494549,27967420.0,34211916.0,0.8174759928675144,2026-06-05
2026-06-05,MU,Micron,Technology,Memory,AI Infrastructure,Memory,HBM,9,864.010009765625,-0.1325200705164407,-0.1101853658438465,0.296164021297248,849.818994140625,617.3536151123047,360.71609157562256,True,True,True,1079.5699462890625,104.72804260253906,-0.1996720428022361,75470812.0,56418955.6,1.3376853789189955,2026-06-05
2026-06-05,SNDK,Sandisk,Technology,Memory,AI Infrastructure,Memory,NAND,6,1559.3199462890625,-0.113861668772878,-0.0800363636992163,0.10591637320316,1553.6835021972656,1179.8787976074218,530.2444251251221,True,True,True,1831.5,39.150001525878906,-0.1486104579366298,13068427.0,12257016.35,1.066199687332554,2026-06-05
2026-06-06,NVDA,NVIDIA,Technology,Semiconductor,AI Infrastructure,GPU,Compute,10,205.1000061035156,-0.0620140735913812,-0.0274744607237465,-0.0119855274262006,218.8741012573242,203.2200277709961,188.3446237182617,False,True,True,235.465576171875,141.52166748046875,-0.1289597000208405,218529000.0,177771005.0,1.229272456439114,2026-06-06
2026-06-06,AVGO,Broadcom,Technology,Semiconductor,AI Infrastructure,Networking,Connectivity,9,385.7300109863281,-0.0792055391032009,-0.1366250632950993,-0.0933386405302759,429.01900177001954,398.4078009033203,354.92173080444337,False,False,True,481.5700073242188,242.3166046142578,-0.1990157087863779,50977900.0,27531865.0,1.8515963230242485,2026-06-06
2026-06-06,ANET,Arista,Technology,Networking Equipment,AI Infrastructure,Networking,Connectivity,8,154.27000427246094,-0.070718574922256,-0.0326079946600458,0.0490276542469985,152.2664993286133,152.2761996459961,140.93974956512452,True,True,True,177.72999572753906,86.25,-0.1319979295506337,9076200.0,11476765.0,0.790832608317762,2026-06-06
2026-06-06,CRDO,Credo,Technology,Semiconductor,AI Infrastructure,Optical,Connectivity,7,206.88999938964844,-0.0487816120016163,-0.1234588803980641,0.0433708527646465,202.93725128173827,170.54030029296874,147.79825046539307,True,True,True,236.02999877929688,68.52999877929688,-0.1234588803980641,15860300.0,8232995.0,1.9264313897919287,2026-06-06
2026-06-06,TSM,TSMC,Technology,Semiconductor Foundry,AI Infrastructure,Foundry,Manufacturing,9,415.1700134277344,-0.0668659514118082,-0.0078384482820234,-0.0103217796716701,414.734001159668,389.02840026855466,325.3247560119629,True,True,True,446.6900024414063,202.66981506347656,-0.070563453046627,19590800.0,13068745.0,1.4990574840965984,2026-06-06
2026-06-06,ASML,ASML,Technology,Semicap Equipment,AI Infrastructure,Equipment,Manufacturing Equipment,10,1641.739990234375,-0.065850331668796,0.017969183445317,0.0627937391491255,1598.0734985351562,1486.6503369140626,1215.4409469604493,True,True,True,1757.469970703125,686.00341796875,-0.065850331668796,2740200.0,1673940.0,1.636976235707373,2026-06-06
2026-06-06,VRT,Vertiv,Industrials,Electrical Equipment,AI Infrastructure,Power,Power Infrastructure,7,300.510009765625,-0.0722709394037861,-0.0481453932433301,-0.1627382187587869,335.42000274658204,313.0760012817383,215.95866031646727,False,False,True,376.2300109863281,108.33607482910156,-0.2012598650017175,7301300.0,5849355.0,1.248223094683089,2026-06-06
2026-06-06,ETN,Eaton,Industrials,Electrical Equipment,AI Infrastructure,Power,Power Infrastructure,8,395.9400024414063,-0.0541553801950454,-0.0116325601375683,-0.0577988250591591,400.4160003662109,397.4289276123047,364.5042614746094,False,False,True,431.8166809082031,313.9706420898437,-0.0830831231237767,2536400.0,2588300.0,0.9799482285670132,2026-06-06
2026-06-06,GEV,GE Vernova,Industrials,Power Equipment,AI Infrastructure,Power,Grid Infrastructure,7,933.6099853515624,-0.030851350223741,-0.0358456106556873,-0.1656448684997141,1018.0929901123048,1007.6211926269532,756.1142306518555,False,False,True,1149.530029296875,464.2908935546875,-0.1878333218292547,3049500.0,2393145.0,1.2742646183160653,2026-06-06
2026-06-06,CEG,Constellation Energy,Utilities,Power Generation,AI Infrastructure,Energy,Power Supply,6,254.8300018310547,-0.0368872392831212,-0.1144048589711392,-0.2092882526658199,279.25876388549807,288.96669342041014,320.8732892608643,False,False,False,402.3219299316406,246.3466033935547,-0.3666017612453952,4121100.0,4343945.0,0.948699856927286,2026-06-06
2026-06-06,NBIS,Nebius,Technology,AI Cloud Infrastructure,AI Infrastructure,NeoCloud,AI Cloud,7,227.8099975585937,-0.1226942435461736,-0.0141935991660192,0.1677174731401038,217.64199981689453,172.62160034179686,117.15767555236816,True,True,True,264.510009765625,44.29999923706055,-0.1387471583383559,20753300.0,18632165.0,1.1138426479155803,2026-06-06
2026-06-06,CRWV,CoreWeave,Technology,AI Cloud Infrastructure,AI Infrastructure,NeoCloud,AI Cloud,8,100.38999938964844,-0.070721091141145,-0.0834474526751849,-0.2724307689653605,108.86724891662598,106.73549926757812,99.92977478027343,False,False,True,183.5800018310547,64.55000305175781,-0.4531539471165519,32330000.0,30014695.0,1.0771390480562937,2026-06-06
2026-06-06,MRVL,Marvell,Technology,Semiconductor,AI Infrastructure,Networking,Connectivity,8,263.4700012207031,-0.1673671670856488,0.2852195181497714,0.5304676768047429,208.5234992980957,165.33512786865234,103.41967205047608,True,True,True,316.42999267578125,62.19287109375,-0.1673671670856488,92553200.0,44937200.0,2.05961208085951,2026-06-06
2026-06-06,COHR,Coherent,Technology,Optical Components,AI Infrastructure,Optical,Connectivity,7,376.989990234375,-0.1064470355814423,0.042935759430271,0.0937707823353104,380.8325012207032,333.5250018310547,210.81660034179689,False,True,True,426.8900146484375,77.37000274658203,-0.1168919925549379,6392000.0,6165435.0,1.036747609860456,2026-06-06
2026-06-06,NOK,Nokia,Technology,Telecom Infrastructure,AI Infrastructure,AI-RAN,Telecom Edge,5,14.380000114440918,-0.1347774134586506,-0.0309973068340403,0.0902199068927518,14.840000009536745,12.162600030899048,7.759900004863739,False,True,True,16.850000381469727,4.050000190734863,-0.1465875496207772,183595200.0,125239520.0,1.4659526002654752,2026-06-06
2026-06-06,TEAM,Atlassian,Technology,Enterprise Software,Software,Developer Tools,SaaS,8,99.47000122070312,-0.0199999879733682,-0.0756435214522748,0.1201576329082581,92.25874977111816,79.51990020751953,123.49547481536864,True,True,False,220.88999938964844,57.150001525878906,-0.5496853569851357,3799300.0,6560305.0,0.5791346591355128,2026-06-06
2026-06-06,DDOG,Datadog,Technology,Observability Software,Software,Cloud Software,SaaS,9,234.1100006103516,-0.0389573286345952,-0.0535274112248177,0.6290445318569544,224.3915008544922,165.98920059204102,147.05680046081542,True,True,True,277.489990234375,102.61499786376952,-0.1563299259457381,6788000.0,6652430.0,1.02037901939592,2026-06-06
2026-06-06,RDW,Redwire,Industrials,Space Infrastructure,Space Economy,Space Infrastructure,Space Hardware,6,18.450000762939453,-0.1390573728324491,-0.2490842087057074,0.9139004259184532,17.30250015258789,12.617800064086914,9.582899992465974,True,True,True,25.89999961853028,5.059999942779541,-0.2876447476956982,53790100.0,60809285.0,0.8845705059679619,2026-06-06
2026-06-06,PL,Planet Labs,Technology,Earth Observation,Space Economy,Satellite Data,Space Software,6,32.220001220703125,-0.2598207644327537,-0.3699647711136857,-0.1882085579357768,43.72100009918213,38.69080009460449,22.78429999113083,False,False,True,51.400001525878906,5.03000020980835,-0.3731517458325175,40648400.0,13358245.0,3.042944638311395,2026-06-06
2026-06-06,UUUU,Energy Fuels,Energy,Nuclear Fuel,Nuclear,Nuclear Fuel,Upstream Nuclear,6,15.029999732971191,-0.1347150830860569,-0.1750823106807235,-0.3609694115456546,18.48450026512146,19.36540014266968,18.13650001525879,False,False,False,27.71999931335449,5.360000133514404,-0.4577922039943817,22427400.0,10893885.0,2.0587145908002515,2026-06-06
2026-06-06,SMR,NuScale Power,Industrials,Small Modular Reactor,Nuclear,SMR,Reactor Developer,6,10.5,-0.125,-0.1712707232223382,-0.2233728073603339,11.875500011444093,11.536999988555907,21.85244998931885,False,False,False,53.43000030517578,9.15999984741211,-0.8034811914649594,49682500.0,36522445.0,1.3603278750916046,2026-06-06
2026-06-06,OKLO,Oklo,Industrials,Advanced Nuclear,Nuclear,SMR,Reactor Developer,7,58.09000015258789,-0.1116378544914954,-0.13142938788594,-0.2704094681146992,66.59599933624267,63.35439971923828,85.66494976043701,False,False,False,174.13999938964844,45.58000183105469,-0.6664178226932911,18826600.0,15566290.0,1.209446823873897,2026-06-06
2026-06-06,RGTI,Rigetti Computing,Technology,Quantum Computing,Quantum,Quantum Hardware,Quantum Hardware,4,20.68000030517578,-0.144039717061881,-0.1902897586584214,0.0293678520710161,21.783750200271605,18.568700122833253,23.498425040245056,False,True,False,56.34000015258789,10.789999961853027,-0.6329428425777901,50152300.0,62265820.0,0.8054547422646967,2026-06-06
2026-06-06,QBTS,D-Wave Quantum,Technology,Quantum Computing,Quantum,Quantum Hardware,Quantum Hardware,4,23.850000381469727,-0.1371200829186023,-0.2086927384059272,0.0008392974329711,24.880999851226807,20.66199991226196,23.465049958229063,False,True,True,44.77999877929688,12.979999542236328,-0.4673961359620159,34189900.0,45116900.0,0.7578069415230213,2026-06-06
2026-06-06,IONQ,IonQ,Technology,Quantum Computing,Quantum,Quantum Hardware,Quantum Hardware,6,56.77999877929688,-0.1352422233862426,-0.212154863053585,0.0800836809760747,60.10050029754639,47.152600135803226,48.49985005378724,False,True,True,82.08999633789062,26.59000015258789,-0.3083201204494549,31879500.0,34407520.0,0.9265271080275476,2026-06-06
2026-06-06,MU,Micron,Technology,Memory,AI Infrastructure,Memory,HBM,9,864.010009765625,-0.1325200705164407,-0.1101853658438465,0.296164021297248,849.818994140625,617.3536151123047,360.71609199523925,True,True,True,1079.5699462890625,104.72804260253906,-0.1996720428022361,76501000.0,56470465.0,1.354708164701672,2026-06-06
2026-06-06,SNDK,Sandisk,Technology,Memory,AI Infrastructure,Memory,NAND,6,1559.3199462890625,-0.113861668772878,-0.0800363636992163,0.10591637320316,1553.6835021972656,1179.8787976074218,530.2444251251221,True,True,True,1831.5,39.150001525878906,-0.1486104579366298,13160900.0,12261640.0,1.073339292296952,2026-06-06
2026-06-07,NVDA,NVIDIA,Technology,Semiconductor,AI Infrastructure,GPU,Compute,10,205.1000061035156,-0.0620140735913812,-0.0274744607237465,-0.0119855274262006,218.8741012573242,203.2200277709961,188.34462356567383,False,True,True,235.465576171875,141.52166748046875,-0.1289597000208405,218529000.0,177771005.0,1.229272456439114,2026-06-07
2026-06-07,AVGO,Broadcom,Technology,Semiconductor,AI Infrastructure,Networking,Connectivity,9,385.7300109863281,-0.0792055391032009,-0.1366250632950993,-0.0933386405302759,429.01900177001954,398.4078009033203,354.92173065185546,False,False,True,481.5700073242188,242.31661987304688,-0.1990157087863779,50977900.0,27531865.0,1.8515963230242485,2026-06-07
2026-06-07,ANET,Arista,Technology,Networking Equipment,AI Infrastructure,Networking,Connectivity,8,154.27000427246094,-0.070718574922256,-0.0326079946600458,0.0490276542469985,152.2664993286133,152.2761996459961,140.93974956512452,True,True,True,177.72999572753906,86.25,-0.1319979295506337,9076200.0,11476765.0,0.790832608317762,2026-06-07
2026-06-07,CRDO,Credo,Technology,Semiconductor,AI Infrastructure,Optical,Connectivity,7,206.88999938964844,-0.0487816120016163,-0.1234588803980641,0.0433708527646465,202.93725128173827,170.54030029296874,147.79825046539307,True,True,True,236.02999877929688,68.52999877929688,-0.1234588803980641,15860300.0,8232995.0,1.9264313897919287,2026-06-07
2026-06-07,TSM,TSMC,Technology,Semiconductor Foundry,AI Infrastructure,Foundry,Manufacturing,9,415.1700134277344,-0.0668659514118082,-0.0078384482820234,-0.0103217796716701,414.734001159668,389.02840026855466,325.3247539520264,True,True,True,446.6900024414063,202.6698303222656,-0.070563453046627,19590800.0,13068745.0,1.4990574840965984,2026-06-07
2026-06-07,ASML,ASML,Technology,Semicap Equipment,AI Infrastructure,Equipment,Manufacturing Equipment,10,1641.739990234375,-0.065850331668796,0.017969183445317,0.0627937391491255,1598.0734985351562,1486.6503369140626,1215.4409469604493,True,True,True,1757.469970703125,686.00341796875,-0.065850331668796,2740200.0,1673940.0,1.636976235707373,2026-06-07
2026-06-07,VRT,Vertiv,Industrials,Electrical Equipment,AI Infrastructure,Power,Power Infrastructure,7,300.510009765625,-0.0722709394037861,-0.0481453932433301,-0.1627382187587869,335.42000274658204,313.0760012817383,215.9586602401733,False,False,True,376.2300109863281,108.3360824584961,-0.2012598650017175,7301300.0,5849355.0,1.248223094683089,2026-06-07
2026-06-07,ETN,Eaton,Industrials,Electrical Equipment,AI Infrastructure,Power,Power Infrastructure,8,395.9400024414063,-0.0541553801950454,-0.0116325601375683,-0.0577988250591591,400.4160003662109,397.4289276123047,364.5042611694336,False,False,True,431.8166809082031,313.9706115722656,-0.0830831231237767,2536400.0,2588300.0,0.9799482285670132,2026-06-07
2026-06-07,GEV,GE Vernova,Industrials,Power Equipment,AI Infrastructure,Power,Grid Infrastructure,7,933.6099853515624,-0.030851350223741,-0.0358456106556873,-0.1656448684997141,1018.0929901123048,1007.6211926269532,756.114231262207,False,False,True,1149.530029296875,464.2909240722656,-0.1878333218292547,3049500.0,2393145.0,1.2742646183160653,2026-06-07
2026-06-07,CEG,Constellation Energy,Utilities,Power Generation,AI Infrastructure,Energy,Power Supply,6,254.8300018310547,-0.0368872392831212,-0.1144048589711392,-0.2092882526658199,279.25876388549807,288.96669342041014,320.87328842163083,False,False,False,402.3219604492188,246.3466186523437,-0.3666018092909461,4121100.0,4343945.0,0.948699856927286,2026-06-07
2026-06-07,NBIS,Nebius,Technology,AI Cloud Infrastructure,AI Infrastructure,NeoCloud,AI Cloud,7,227.8099975585937,-0.1226942435461736,-0.0141935991660192,0.1677174731401038,217.64199981689453,172.62160034179686,117.15767555236816,True,True,True,264.510009765625,44.29999923706055,-0.1387471583383559,20753300.0,18632165.0,1.1138426479155803,2026-06-07
2026-06-07,CRWV,CoreWeave,Technology,AI Cloud Infrastructure,AI Infrastructure,NeoCloud,AI Cloud,8,100.38999938964844,-0.070721091141145,-0.0834474526751849,-0.2724307689653605,108.86724891662598,106.73549926757812,99.92977478027343,False,False,True,183.5800018310547,64.55000305175781,-0.4531539471165519,32330000.0,30014695.0,1.0771390480562937,2026-06-07
2026-06-07,MRVL,Marvell,Technology,Semiconductor,AI Infrastructure,Networking,Connectivity,8,263.4700012207031,-0.1673671670856488,0.2852195181497714,0.5304676768047429,208.5234992980957,165.33512786865234,103.41967178344728,True,True,True,316.42999267578125,62.192867279052734,-0.1673671670856488,92553200.0,44937200.0,2.05961208085951,2026-06-07
2026-06-07,COHR,Coherent,Technology,Optical Components,AI Infrastructure,Optical,Connectivity,7,376.989990234375,-0.1064470355814423,0.042935759430271,0.0937707823353104,380.8325012207032,333.5250018310547,210.81660034179689,False,True,True,426.8900146484375,77.37000274658203,-0.1168919925549379,6392000.0,6165435.0,1.036747609860456,2026-06-07
2026-06-07,NOK,Nokia,Technology,Telecom Infrastructure,AI Infrastructure,AI-RAN,Telecom Edge,5,14.380000114440918,-0.1347774134586506,-0.0309973068340403,0.0902199068927518,14.840000009536745,12.162600030899048,7.759900004863739,False,True,True,16.850000381469727,4.050000190734863,-0.1465875496207772,183595200.0,125239520.0,1.4659526002654752,2026-06-07
2026-06-07,TEAM,Atlassian,Technology,Enterprise Software,Software,Developer Tools,SaaS,8,99.47000122070312,-0.0199999879733682,-0.0756435214522748,0.1201576329082581,92.25874977111816,79.51990020751953,123.49547481536864,True,True,False,220.88999938964844,57.150001525878906,-0.5496853569851357,3799300.0,6560305.0,0.5791346591355128,2026-06-07
2026-06-07,DDOG,Datadog,Technology,Observability Software,Software,Cloud Software,SaaS,9,234.1100006103516,-0.0389573286345952,-0.0535274112248177,0.6290445318569544,224.3915008544922,165.98920059204102,147.05680046081542,True,True,True,277.489990234375,102.61499786376952,-0.1563299259457381,6788000.0,6652430.0,1.02037901939592,2026-06-07
2026-06-07,RDW,Redwire,Industrials,Space Infrastructure,Space Economy,Space Infrastructure,Space Hardware,6,18.450000762939453,-0.1390573728324491,-0.2490842087057074,0.9139004259184532,17.30250015258789,12.617800064086914,9.582899992465974,True,True,True,25.89999961853028,5.059999942779541,-0.2876447476956982,53790100.0,60809285.0,0.8845705059679619,2026-06-07
2026-06-07,PL,Planet Labs,Technology,Earth Observation,Space Economy,Satellite Data,Space Software,6,32.220001220703125,-0.2598207644327537,-0.3699647711136857,-0.1882085579357768,43.72100009918213,38.69080009460449,22.78429999113083,False,False,True,51.400001525878906,5.03000020980835,-0.3731517458325175,40648400.0,13358245.0,3.042944638311395,2026-06-07
2026-06-07,UUUU,Energy Fuels,Energy,Nuclear Fuel,Nuclear,Nuclear Fuel,Upstream Nuclear,6,15.029999732971191,-0.1347150830860569,-0.1750823106807235,-0.3609694115456546,18.48450026512146,19.36540014266968,18.13650001525879,False,False,False,27.71999931335449,5.360000133514404,-0.4577922039943817,22427400.0,10893885.0,2.0587145908002515,2026-06-07
2026-06-07,SMR,NuScale Power,Industrials,Small Modular Reactor,Nuclear,SMR,Reactor Developer,6,10.5,-0.125,-0.1712707232223382,-0.2233728073603339,11.875500011444093,11.536999988555907,21.85244998931885,False,False,False,53.43000030517578,9.15999984741211,-0.8034811914649594,49682500.0,36522445.0,1.3603278750916046,2026-06-07
2026-06-07,OKLO,Oklo,Industrials,Advanced Nuclear,Nuclear,SMR,Reactor Developer,7,58.09000015258789,-0.1116378544914954,-0.13142938788594,-0.2704094681146992,66.59599933624267,63.35439971923828,85.66494976043701,False,False,False,174.13999938964844,45.58000183105469,-0.6664178226932911,18826600.0,15566290.0,1.209446823873897,2026-06-07
2026-06-07,RGTI,Rigetti Computing,Technology,Quantum Computing,Quantum,Quantum Hardware,Quantum Hardware,4,20.68000030517578,-0.144039717061881,-0.1902897586584214,0.0293678520710161,21.783750200271605,18.568700122833253,23.498425040245056,False,True,False,56.34000015258789,10.789999961853027,-0.6329428425777901,50152300.0,62265820.0,0.8054547422646967,2026-06-07
2026-06-07,QBTS,D-Wave Quantum,Technology,Quantum Computing,Quantum,Quantum Hardware,Quantum Hardware,4,23.850000381469727,-0.1371200829186023,-0.2086927384059272,0.0008392974329711,24.880999851226807,20.66199991226196,23.465049958229063,False,True,True,44.77999877929688,12.979999542236328,-0.4673961359620159,34189900.0,45116900.0,0.7578069415230213,2026-06-07
2026-06-07,IONQ,IonQ,Technology,Quantum Computing,Quantum,Quantum Hardware,Quantum Hardware,6,56.77999877929688,-0.1352422233862426,-0.212154863053585,0.0800836809760747,60.10050029754639,47.152600135803226,48.49985005378724,False,True,True,82.08999633789062,26.59000015258789,-0.3083201204494549,31879500.0,34407520.0,0.9265271080275476,2026-06-07
2026-06-07,MU,Micron,Technology,Memory,AI Infrastructure,Memory,HBM,9,864.010009765625,-0.1325200705164407,-0.1101853658438465,0.296164021297248,849.818994140625,617.3536151123047,360.71609157562256,True,True,True,1079.5699462890625,104.72804260253906,-0.1996720428022361,76501000.0,56470465.0,1.354708164701672,2026-06-07
2026-06-07,SNDK,Sandisk,Technology,Memory,AI Infrastructure,Memory,NAND,6,1559.3199462890625,-0.113861668772878,-0.0800363636992163,0.10591637320316,1553.6835021972656,1179.8787976074218,530.2444251251221,True,True,True,1831.5,39.150001525878906,-0.1486104579366298,13160900.0,12261640.0,1.073339292296952,2026-06-07
2026-06-08,NVDA,NVIDIA,Technology,Semiconductor,AI Infrastructure,GPU,Compute,10,208.63999938964844,0.0172598399843351,-0.0689821428328251,-0.0123727241156345,218.55862731933595,203.972014465332,188.5119899749756,False,True,True,235.465576171875,141.7811737060547,-0.113925683823293,137815036.0,177897011.8,0.7746899995989701,2026-06-08
2026-06-08,AVGO,Broadcom,Technology,Semiconductor,AI Infrastructure,Networking,Connectivity,9,396.6000061035156,0.0281803199325674,-0.1377698435746057,-0.0386852616577577,427.3490020751953,400.1514007568359,355.45718353271485,False,False,True,481.5700073242188,242.31661987304688,-0.1764437151990172,37029738.0,28263691.9,1.310152195651411,2026-06-08
2026-06-08,ANET,Arista,Technology,Networking Equipment,AI Infrastructure,Networking,Connectivity,8,156.39999389648438,0.0138068941792572,-0.0836653350836659,0.1033509269593253,152.99799880981445,152.95319946289064,141.06439952850343,True,True,True,177.72999572753906,86.25,-0.120013516816563,6038268.0,10761023.4,0.5611239540655585,2026-06-08
2026-06-08,CRDO,Credo,Technology,Semiconductor,AI Infrastructure,Optical,Connectivity,7,222.2700042724609,0.0743390445559739,-0.0169394149830371,0.1804663667637971,204.6255012512207,173.05690032958984,148.37965049743653,True,True,True,236.02999877929688,68.52999877929688,-0.0582976510528325,8722615.0,8430155.75,1.0346920340113526,2026-06-08
2026-06-08,TSM,TSMC,Technology,Semiconductor Foundry,AI Infrastructure,Foundry,Manufacturing,9,426.7999877929688,0.0280125586846091,-0.0202695337577104,0.0305444744245153,415.4900009155273,391.0422003173828,326.32561073303225,True,True,True,446.6900024414063,204.46755981445312,-0.0445275572314751,11216968.0,12705703.4,0.8828293599235127,2026-06-08
2026-06-08,ASML,ASML,Technology,Semicap Equipment,AI Infrastructure,Equipment,Manufacturing Equipment,10,1749.0400390625,0.0653575166995883,0.0739729313118828,0.1532639240527216,1605.9244995117188,1495.0990893554688,1220.458405456543,True,True,True,1757.469970703125,686.0034790039062,-0.0047966291209244,2061202.0,1662805.1,1.239593263215274,2026-06-08
2026-06-08,VRT,Vertiv,Industrials,Electrical Equipment,AI Infrastructure,Power,Power Infrastructure,7,300.57000732421875,0.0001996524463212,-0.0705649719859988,-0.115996592184427,333.4500030517578,314.0394015502929,216.824379234314,False,False,True,376.2300109863281,108.3360824584961,-0.2011003945797901,4751497.0,5884314.85,0.807485173911114,2026-06-08
2026-06-08,ETN,Eaton,Industrials,Electrical Equipment,AI Infrastructure,Power,Power Infrastructure,8,403.1400146484375,0.0181846041385949,0.0076485407390383,0.0127874061338149,400.4975006103516,398.3694104003906,364.8037365722656,True,True,True,431.8166809082031,313.9706115722656,-0.0664093526897859,2100448.0,2574057.4,0.8160066671395906,2026-06-08
2026-06-08,GEV,GE Vernova,Industrials,Power Equipment,AI Infrastructure,Power,Grid Infrastructure,7,933.8499755859376,0.0002570561992056,-0.0175584434397415,-0.1069020865649341,1012.7779876708984,1008.835792236328,757.765838317871,False,False,True,1149.530029296875,464.2908935546875,-0.1876245493498425,1837166.0,2393768.3,0.7674786235576769,2026-06-08
2026-06-08,CEG,Constellation Energy,Utilities,Power Generation,AI Infrastructure,Energy,Power Supply,6,250.6699981689453,-0.0163246228160659,-0.0565676076310251,-0.1934609984093006,276.6343139648437,288.08545166015625,320.56192039489747,False,False,False,402.3219604492188,246.3466186523437,-0.3769417958466501,3623841.0,4378187.05,0.8277035582570644,2026-06-08
2026-06-08,NBIS,Nebius,Technology,AI Cloud Infrastructure,AI Infrastructure,NeoCloud,AI Cloud,7,218.0,-0.0430621907015761,-0.1758345924482639,0.1798451856857581,219.68949966430665,174.8622003173828,117.91032554626464,False,True,True,264.510009765625,44.29999923706055,-0.1758345924482639,13949248.0,18689182.4,0.7463808582659026,2026-06-08
2026-06-08,CRWV,CoreWeave,Technology,AI Cloud Infrastructure,AI Infrastructure,NeoCloud,AI Cloud,8,102.37000274658205,0.0197231135468833,-0.1798589729460886,-0.205448574539613,108.27824897766114,107.17389938354492,99.984024810791,False,False,True,183.5800018310547,64.55000305175781,-0.4423684403228666,23333216.0,28763925.8,0.811197197567517,2026-06-08
2026-06-08,MRVL,Marvell,Technology,Semiconductor,AI Infrastructure,Networking,Connectivity,8,288.8500061035156,0.0963297709994399,0.3163651995846617,0.8051997751376423,214.4594993591309,169.15950546264648,104.50849130630492,True,True,True,316.42999267578125,62.19287109375,-0.0871598369643944,84183793.0,48188099.65,1.7469830437689815,2026-06-08
2026-06-08,COHR,Coherent,Technology,Optical Components,AI Infrastructure,Optical,Connectivity,7,401.9299926757813,0.0661556091340807,0.1075502877810188,0.2592186146230053,384.1660003662109,336.69780181884767,212.393500289917,True,True,True,426.8900146484375,77.37000274658203,-0.0584694443912254,5547393.0,6049059.65,0.917067002306714,2026-06-08
2026-06-08,NOK,Nokia,Technology,Telecom Infrastructure,AI Infrastructure,AI-RAN,Telecom Edge,5,14.59000015258789,0.0146036186700779,-0.1021538367638221,0.1813764940832811,14.928500032424926,12.28880003929138,7.811650006771088,False,True,True,16.850000381469727,4.050000190734863,-0.1341246396271421,102546591.0,125592409.55,0.8165030941553426,2026-06-08
2026-06-08,TEAM,Atlassian,Technology,Enterprise Software,Software,Developer Tools,SaaS,8,97.88999938964844,-0.0158842043999677,-0.1557567747643441,0.0597596241088198,92.57324981689452,80.11510025024414,123.15217479705812,True,True,False,220.88999938964844,57.150001525878906,-0.5568382468190823,2869801.0,6071950.05,0.472632511197947,2026-06-08
2026-06-08,DDOG,Datadog,Technology,Observability Software,Software,Cloud Software,SaaS,9,231.67999267578125,-0.0103797698869548,-0.1650870271749315,0.2275737716343042,225.9675003051757,168.13680038452148,147.572900390625,True,True,True,277.489990234375,102.61499786376952,-0.1650870271749315,5631194.0,6332099.7,0.8893091181113273,2026-06-08
2026-06-08,RDW,Redwire,Industrials,Space Infrastructure,Space Economy,Space Infrastructure,Space Hardware,6,18.56999969482422,0.0065040068792738,-0.1020309757840512,1.018478269545478,17.67750015258789,12.811800060272216,9.632249991893769,True,True,True,25.89999961853028,5.059999942779541,-0.2830115842342242,33263226.0,59684241.3,0.557320077720415,2026-06-08
2026-06-08,PL,Planet Labs,Technology,Earth Observation,Space Economy,Satellite Data,Space Software,6,32.7400016784668,0.0161390576679911,-0.2953077416351307,-0.0709421078582868,43.4060001373291,38.69760009765625,22.915850000381468,False,False,True,51.400001525878906,5.03000020980835,-0.363035005709429,20077235.0,13725106.75,1.4628108448045405,2026-06-08
2026-06-08,UUUU,Energy Fuels,Energy,Nuclear Fuel,Nuclear,Nuclear Fuel,Upstream Nuclear,6,15.210000038146973,0.0119760684214063,-0.1367764294153847,-0.3486081460530749,18.17600030899048,19.316400146484376,18.169900016784663,False,False,False,27.71999931335449,5.360000133514404,-0.4512986863307985,9093776.0,10722368.8,0.8481125924338658,2026-06-08
2026-06-08,SMR,NuScale Power,Industrials,Small Modular Reactor,Nuclear,SMR,Reactor Developer,6,10.760000228881836,0.0247619265601748,-0.16524437996189,-0.1446740624691552,11.78600001335144,11.53239999771118,21.73729998588562,False,False,False,53.43000030517578,9.15999984741211,-0.7986150071603216,23181670.0,35792868.5,0.6476616983073039,2026-06-08
2026-06-08,OKLO,Oklo,Industrials,Advanced Nuclear,Nuclear,SMR,Reactor Developer,7,58.93999862670898,0.0146324405558333,-0.1188518588052155,-0.1794515227030509,65.9174991607666,63.49699966430664,85.62679975509644,False,False,False,174.13999938964844,45.58000183105469,-0.6615367013133652,8895095.0,15513859.75,0.5733644072681526,2026-06-08
2026-06-08,RGTI,Rigetti Computing,Technology,Quantum Computing,Quantum,Quantum Hardware,Quantum Hardware,4,21.76499938964844,0.0524661058250131,-0.150799839940477,0.1867502294746306,21.925000143051147,18.71580011367798,23.53345003604889,False,True,False,56.34000015258789,10.789999961853027,-0.6136847829126479,35407396.0,63132414.8,0.5608433656809846,2026-06-08
2026-06-08,QBTS,D-Wave Quantum,Technology,Quantum Computing,Quantum,Quantum Hardware,Quantum Hardware,4,25.82999992370605,0.0830188474032349,-0.1148046725988389,0.1746248382244812,25.043999862670898,20.88559991836548,23.51889995574951,True,True,True,44.77999877929688,12.979999542236328,-0.4231799770470732,28965085.0,45563209.25,0.6357121343466384,2026-06-08
2026-06-08,IONQ,IonQ,Technology,Quantum Computing,Quantum,Quantum Hardware,Quantum Hardware,6,62.79999923706055,0.1060232579638358,-0.0935334823385239,0.3171140695282977,60.77850017547608,47.81180011749267,48.6299000453949,True,True,True,82.08999633789062,26.59000015258789,-0.2349859661514726,28472632.0,34543886.6,0.8242451791744824,2026-06-08
2026-06-08,MU,Micron,Technology,Memory,AI Infrastructure,Memory,HBM,9,949.280029296875,0.0986910088627106,-0.0832640953192902,0.4680420366031594,859.942495727539,629.2330010986328,364.8772911071777,True,True,True,1079.5699462890625,104.72803497314452,-0.1206868692853565,53799609.0,55941375.45,0.9617140902816323,2026-06-08
2026-06-08,SNDK,Sandisk,Technology,Memory,AI Infrastructure,Memory,NAND,6,1642.0,0.0530231489103329,-0.0678028931431737,0.2254097494459299,1557.66650390625,1200.6553979492187,538.2324251174927,True,True,True,1831.5,40.22999954223633,-0.1034671034671034,8159822.0,11647656.1,0.7005548524050259,2026-06-08
2026-06-08,ORCL,Oracle,Technology,Enterprise Software,AI Infrastructure,NeoCloud,AI Cloud,8,211.82000732421875,-0.0087045367620574,-0.1464033345389509,0.0885452043300805,204.77350006103515,180.81578125,205.6865280151368,True,True,True,325.75933837890625,136.00498962402344,-0.3497653562955092,17168960.0,21417823.0,0.8016202206918975,2026-06-08
2026-06-09,NVDA,NVIDIA,Technology,Semiconductor,AI Infrastructure,GPU,Compute,10,208.19000244140625,-0.002156810532777,-0.0645694024818226,-0.0314468114377519,218.00890045166017,204.78931488037108,188.6792037200928,False,True,True,235.465576171875,141.78115844726562,-0.1158367782412461,179602708.0,178870745.4,1.0040921314347024,2026-06-09
2026-06-09,AVGO,Broadcom,Technology,Semiconductor,AI Infrastructure,Networking,Connectivity,9,392.1600036621094,-0.011195164833778,-0.1856635635572582,-0.0879999914834666,425.5355026245117,401.9810009765625,355.9782409667969,False,False,True,481.5700073242188,242.663818359375,-0.1856635635572582,36272290.0,29239494.5,1.2405238401094794,2026-06-09
2026-06-09,ANET,Arista,Technology,Networking Equipment,AI Infrastructure,Networking,Connectivity,8,152.16000366210938,-0.0271099130424602,-0.1321507895224433,0.0732877130318794,153.78449935913085,153.5809996032715,141.16504955291748,False,False,True,177.72999572753906,86.25,-0.1438698738542063,7276550.0,10199047.5,0.7134538789038878,2026-06-09
2026-06-09,CRDO,Credo,Technology,Semiconductor,AI Infrastructure,Optical,Connectivity,7,234.32000732421875,0.054213356818884,0.0232314730315228,0.2430439577447185,205.83050155639648,175.83850051879884,148.9969505310059,True,True,True,236.02999877929688,68.52999877929688,-0.0072448055921784,15591046.0,8810162.3,1.7696661501911264,2026-06-09
2026-06-09,TSM,TSMC,Technology,Semiconductor Foundry,AI Infrastructure,Foundry,Manufacturing,9,427.9200134277344,0.0026242400815366,-0.0420201681503583,0.0394481661506027,416.659001159668,393.06580078125,327.3383596038818,True,True,True,446.6900024414063,207.7035522460937,-0.0420201681503583,21165443.0,13031397.15,1.6241883165996518,2026-06-09
2026-06-09,ASML,ASML,Technology,Semicap Equipment,AI Infrastructure,Equipment,Manufacturing Equipment,10,1777.77001953125,0.0164261422420892,0.0424541446263029,0.1166756684722418,1616.5224975585938,1504.6618627929688,1225.689596252441,True,True,True,1777.77001953125,686.00341796875,0.0,3137256.0,1710147.8,1.8344940712141955,2026-06-09
2026-06-09,VRT,Vertiv,Industrials,Electrical Equipment,AI Infrastructure,Power,Power Infrastructure,7,289.5199890136719,-0.0367635427397367,-0.1344434886951114,-0.1483954820304274,329.5300018310547,314.808401184082,217.63964435577392,False,False,True,376.2300109863281,108.33607482910156,-0.2304707743684148,11102068.0,6077383.4,1.82678420453118,2026-06-09
2026-06-09,ETN,Eaton,Industrials,Electrical Equipment,AI Infrastructure,Power,Power Infrastructure,8,401.7200012207031,-0.0035223827358659,-0.0380728750595926,0.0005230042837554,399.63350067138674,399.2763073730469,365.10027633666994,True,True,True,431.8166809082031,313.9706420898437,-0.0696978162682373,2333800.0,2504515.0,0.9318371021934386,2026-06-09
2026-06-09,GEV,GE Vernova,Industrials,Power Equipment,AI Infrastructure,Power,Grid Infrastructure,7,920.1500244140624,-0.0146703983830797,-0.0510688784523115,-0.1153679730648455,1005.1314910888672,1010.1755932617187,759.3419082641601,False,False,True,1149.530029296875,464.2908935546875,-0.1995424208475142,3581995.0,2447619.75,1.4634605722559642,2026-06-09
2026-06-09,CEG,Constellation Energy,Utilities,Power Generation,AI Infrastructure,Energy,Power Supply,6,251.6499938964844,0.0039095054641464,-0.0770218245740103,-0.1699075510418149,274.2555587768555,287.09800537109373,320.26386817932126,False,False,False,402.3219604492188,246.3466186523437,-0.3745059463930312,3415403.0,4235525.15,0.8063706102654118,2026-06-09
2026-06-09,NBIS,Nebius,Technology,AI Cloud Infrastructure,AI Infrastructure,NeoCloud,AI Cloud,7,220.1199951171875,0.0097247482439792,-0.1552689904827265,0.2432645655071739,221.39049911499023,177.2482002258301,118.6800255203247,False,True,True,264.510009765625,44.29999923706055,-0.1678197913484267,22264029.0,19102261.45,1.165517970648444,2026-06-09
2026-06-09,CRWV,CoreWeave,Technology,AI Cloud Infrastructure,AI Infrastructure,NeoCloud,AI Cloud,8,98.4499969482422,-0.0382925241102499,-0.1745619206910119,-0.1375383650264549,107.46574897766114,107.64669937133787,100.02232479095458,False,False,False,183.5800018310547,64.55000305175781,-0.4637215602664395,24193797.0,28590849.85,0.8462076897654722,2026-06-09
2026-06-09,MRVL,Marvell,Technology,Semiconductor,AI Infrastructure,Networking,Connectivity,8,266.8800048828125,-0.076060241497207,-0.0822242957443831,0.5686827556764165,219.26149978637696,172.60045501708984,105.48751056671142,True,True,True,316.42999267578125,62.192867279052734,-0.1565906802132324,92150706.0,51667840.3,1.7835215380581722,2026-06-09
2026-06-09,COHR,Coherent,Technology,Optical Components,AI Infrastructure,Optical,Connectivity,7,355.94000244140625,-0.1144228872501014,-0.1662020889981735,0.0616834459028927,382.9785003662109,338.947001953125,213.74020030975345,False,True,True,426.8900146484375,77.37000274658203,-0.1662020889981735,8141284.0,5963869.2,1.3651010320615349,2026-06-09
2026-06-09,NOK,Nokia,Technology,Telecom Infrastructure,AI Infrastructure,AI-RAN,Telecom Edge,5,13.850000381469728,-0.0507196547895105,-0.1780415389959966,0.0803432692015855,14.925000047683715,12.406200046539306,7.859700009822846,False,True,True,16.850000381469727,4.050000190734863,-0.1780415389959966,178662201.0,127342320.05,1.403007271501333,2026-06-09
2026-06-09,TEAM,Atlassian,Technology,Enterprise Software,Software,Developer Tools,SaaS,8,95.61000061035156,-0.0232914372613427,-0.1236480114797564,0.0437773166269579,92.98824996948242,80.72490020751952,122.8072748184204,True,True,False,220.88999938964844,57.150001525878906,-0.5671601209899223,3391365.0,5845123.25,0.5802041898774333,2026-06-09
2026-06-09,DDOG,Datadog,Technology,Observability Software,Software,Cloud Software,SaaS,9,227.33999633789065,-0.0187327195920803,-0.1552781473144123,0.1357913278302285,227.21849975585937,170.3940002441406,148.06385040283203,True,True,True,277.489990234375,102.61499786376952,-0.1807272177786536,4406625.0,6165501.25,0.7147229108095632,2026-06-09
2026-06-09,RDW,Redwire,Industrials,Space Infrastructure,Space Economy,Space Infrastructure,Space Hardware,6,15.75,-0.1518578212798894,-0.2346938747138861,0.4227642668647875,17.857000160217286,12.963600063323977,9.667499992847445,False,True,True,25.89999961853028,5.059999942779541,-0.3918918829353345,68638344.0,60757652.2,1.1297069836414777,2026-06-09
2026-06-09,PL,Planet Labs,Technology,Earth Observation,Space Economy,Satellite Data,Space Software,6,31.170000076293945,-0.0479536200880968,-0.3518402999086583,-0.2015881315234107,42.87250013351441,38.7038000869751,23.039300000667573,False,False,True,51.400001525878906,5.03000020980835,-0.3935797830550559,22140004.0,14224525.2,1.5564669954677997,2026-06-09
2026-06-09,UUUU,Energy Fuels,Energy,Nuclear Fuel,Nuclear,Nuclear Fuel,Upstream Nuclear,6,14.369999885559082,-0.0552268343511607,-0.2645855060252301,-0.3278764990819658,17.792500257492065,19.251600131988525,18.19475001811981,False,False,False,27.71999931335449,5.360000133514404,-0.4816017228890717,10982085.0,10544259.25,1.041522665520577,2026-06-09
2026-06-09,SMR,NuScale Power,Industrials,Small Modular Reactor,Nuclear,SMR,Reactor Developer,6,10.0,-0.0706319900293175,-0.2831541120625446,-0.2031872631059735,11.621500015258787,11.526399993896485,21.619849977493285,False,False,False,53.43000030517578,9.15999984741211,-0.812839229966628,38832347.0,35329407.35,1.099150818333781,2026-06-09
2026-06-09,OKLO,Oklo,Industrials,Advanced Nuclear,Nuclear,SMR,Reactor Developer,7,56.47999954223633,-0.0417373454664095,-0.2312508696907328,-0.2210729847156433,64.83499927520752,63.62199966430664,85.57324974060059,False,False,False,174.13999938964844,45.58000183105469,-0.6756632609383498,12342947.0,15265487.35,0.8085524370763046,2026-06-09
2026-06-09,RGTI,Rigetti Computing,Technology,Quantum Computing,Quantum,Quantum Hardware,Quantum Hardware,4,19.690000534057617,-0.0953364995993384,-0.2674850763092036,0.0395987317239701,21.88400015830993,18.843200130462648,23.56055003643036,False,True,False,56.34000015258789,10.789999961853027,-0.6505147234517147,48710848.0,63340007.4,0.7690376114480846,2026-06-09
2026-06-09,QBTS,D-Wave Quantum,Technology,Quantum Computing,Quantum,Quantum Hardware,Quantum Hardware,4,23.520000457763672,-0.0894308738972287,-0.2136409034519375,0.0420913059718519,25.018499851226807,21.077999935150142,23.562449955940245,False,True,False,44.77999877929688,12.979999542236328,-0.474765495781173,35490309.0,45533590.45,0.7794313747116333,2026-06-09
2026-06-09,IONQ,IonQ,Technology,Quantum Computing,Quantum,Quantum Hardware,Quantum Hardware,6,56.68999862670898,-0.0972930045315324,-0.2060224451653307,0.1512996891610618,60.7685001373291,48.39540008544922,48.72750004768372,False,True,True,82.08999633789062,26.59000015258789,-0.3094164800133833,35087385.0,33228399.25,1.0559456907933955,2026-06-09
2026-06-09,MU,Micron,Technology,Memory,AI Infrastructure,Memory,HBM,9,935.8900146484376,-0.0141054422669729,-0.1204867624086752,0.253183564371082,866.9704956054687,640.8094012451172,368.9786297607422,True,True,True,1079.5699462890625,104.72804260253906,-0.1330899698852432,72514111.0,56033345.55,1.2941242449158028,2026-06-09
2026-06-09,SNDK,Sandisk,Technology,Memory,AI Infrastructure,Memory,NAND,6,1646.5400390625,0.0027649446178441,-0.0406790806619516,0.0538935667551574,1562.6155029296874,1221.269598388672,546.2376253128052,True,True,True,1831.5,40.22999954223633,-0.1009882396601146,16059414.0,11626260.7,1.3813051689095532,2026-06-09
2026-06-09,ORCL,Oracle,Technology,Enterprise Software,AI Infrastructure,NeoCloud,AI Cloud,8,205.8099975585937,-0.0283731921339511,-0.1585166570537586,0.0503189628166003,205.37200012207032,182.1485028076172,205.55890647888185,True,True,True,325.75933837890625,136.00498962402344,-0.368214588773488,25502027.0,21851306.35,1.1670710479055637,2026-06-09
2026-06-10,NVDA,NVIDIA,Technology,Semiconductor,AI Infrastructure,GPU,Compute,10,200.4199981689453,-0.0373216973982588,-0.0656410341774111,-0.0856106988363935,217.003751373291,205.49816040039065,188.7925377655029,False,False,True,235.465576171875,141.78115844726562,-0.148835250454396,150398224.0,178468041.2,0.8427179622118249,2026-06-10
2026-06-10,AVGO,Broadcom,Technology,Semiconductor,AI Infrastructure,Networking,Connectivity,9,372.1000061035156,-0.0511525840760592,-0.2235461102745269,-0.1314800259908365,423.1755035400391,403.55480102539065,356.37712341308594,False,False,True,481.5700073242188,246.7010955810547,-0.227318976588594,37424608.0,30194315.4,1.2394587359977038,2026-06-10
2026-06-10,ANET,Arista,Technology,Networking Equipment,AI Infrastructure,Networking,Connectivity,8,151.75999450683594,-0.002628871882533,-0.1296668076130657,0.1123653349999485,154.24549942016603,154.29359954833984,141.25759952545167,False,False,True,177.72999572753906,86.25,-0.1461205302706205,6809073.0,9902313.65,0.6876244522915107,2026-06-10
2026-06-10,CRDO,Credo,Technology,Semiconductor,AI Infrastructure,Optical,Connectivity,7,237.67999267578125,0.0143393020081012,0.1075488626087579,0.1306250180554835,207.7860008239746,178.83590042114258,149.61515048980712,True,True,True,237.67999267578125,71.63999938964844,0.0,13857277.0,9194533.85,1.5071212120231632,2026-06-10
2026-06-10,TSM,TSMC,Technology,Semiconductor Foundry,AI Infrastructure,Foundry,Manufacturing,9,408.75,-0.0447981230748669,-0.0639813192085961,0.010406860548159,417.2325012207031,394.91080078125,328.22720405578616,False,True,True,446.6900024414063,207.7035522460937,-0.0849358665607989,12030856.0,12727602.8,0.9452570282912977,2026-06-10
2026-06-10,ASML,ASML,Technology,Semicap Equipment,AI Infrastructure,Equipment,Manufacturing Equipment,10,1734.18994140625,-0.0245139009243112,0.0045355291602713,0.1075353181494578,1627.1849975585938,1514.3211206054686,1230.605946044922,True,True,True,1777.77001953125,686.0034790039062,-0.0245139009243112,2568886.0,1746819.3,1.4706077497540817,2026-06-10
2026-06-10,VRT,Vertiv,Industrials,Electrical Equipment,AI Infrastructure,Power,Power Infrastructure,7,280.9800109863281,-0.0294970238719526,-0.1522447232783819,-0.2363013678745766,325.22250213623045,315.74360137939453,218.4152565765381,False,False,True,376.2300109863281,110.45346069335938,-0.2531695963070349,6871542.0,6093442.1,1.1276946407679824,2026-06-10
2026-06-10,ETN,Eaton,Industrials,Electrical Equipment,AI Infrastructure,Power,Power Infrastructure,8,375.4599914550781,-0.0653689377821092,-0.1086156571024247,-0.103914101539193,398.33000030517576,399.9338415527344,365.2544624328613,False,False,True,431.8166809082031,313.9706420898437,-0.1305106818351592,3504161.0,2532098.05,1.3838962515689313,2026-06-10
2026-06-10,GEV,GE Vernova,Industrials,Power Equipment,AI Infrastructure,Power,Grid Infrastructure,7,867.0900268554688,-0.0576645070377317,-0.096178660674784,-0.191961398623609,994.8869934082032,1011.1703942871094,760.6473385620117,False,False,True,1149.530029296875,477.4021606445313,-0.2457004125539585,5292761.0,2620053.05,2.020096883152805,2026-06-10
2026-06-10,CEG,Constellation Energy,Utilities,Power Generation,AI Infrastructure,Energy,Power Supply,6,242.3000030517578,-0.0371547429823211,-0.0933243080900591,-0.1902417111745344,271.7133308410645,285.98107025146487,319.9308187866211,False,False,False,402.3219604492188,242.3000030517578,-0.3977460171917684,4056530.0,4256676.5,0.9529805706400288,2026-06-10
2026-06-10,NBIS,Nebius,Technology,AI Cloud Infrastructure,AI Infrastructure,NeoCloud,AI Cloud,7,211.69000244140625,-0.0382972599617462,-0.1588922099417367,0.1375066926309316,223.0194992065429,179.6368002319336,119.39357551574707,False,True,True,264.510009765625,44.29999923706055,-0.1996900131341762,14627363.0,19265333.15,0.7592582430893494,2026-06-10
2026-06-10,CRWV,CoreWeave,Technology,AI Cloud Infrastructure,AI Infrastructure,NeoCloud,AI Cloud,8,95.61000061035156,-0.0288470942196543,-0.1381051082004677,-0.1664341486120953,106.8587490081787,108.17589935302736,100.0304248046875,False,False,False,183.5800018310547,64.55000305175781,-0.4791916349454027,16847472.0,27917143.6,0.6034812243470352,2026-06-10
2026-06-10,MRVL,Marvell,Technology,Semiconductor,AI Infrastructure,Networking,Connectivity,8,252.58999633789065,-0.0535446953067789,-0.1626388150215889,0.4785179217535997,223.66599960327147,175.89693359375,106.38614692687987,True,True,True,316.42999267578125,62.19287109375,-0.2017507752601126,52738310.0,53346580.5,0.9885977602631906,2026-06-10
2026-06-10,COHR,Coherent,Technology,Optical Components,AI Infrastructure,Optical,Connectivity,7,354.7699890136719,-0.0032871085568051,-0.1501090117182296,-0.0656325246055958,382.0164993286133,341.64940185546874,215.0645502471924,False,True,True,426.8900146484375,77.37000274658203,-0.1689428732460739,5638208.0,5946880.4,0.9480950718295932,2026-06-10
2026-06-10,NOK,Nokia,Technology,Telecom Infrastructure,AI Infrastructure,AI-RAN,Telecom Edge,5,13.399999618530272,-0.0324910289202244,-0.1990436350759713,-0.0373563545196558,14.936500024795532,12.515000038146972,7.905150008201599,False,True,True,16.850000381469727,4.050000190734863,-0.2047478151237008,91683567.0,127087718.35,0.7214195690216355,2026-06-10
2026-06-10,TEAM,Atlassian,Technology,Enterprise Software,Software,Developer Tools,SaaS,8,91.54000091552734,-0.0425687654935917,-0.0983945433259141,0.0484480984447954,93.31525001525878,81.21810028076172,122.41102485656738,False,True,False,220.88999938964844,57.150001525878906,-0.585585580295777,3895324.0,5742871.2,0.6782885884677337,2026-06-10
2026-06-10,DDOG,Datadog,Technology,Observability Software,Software,Cloud Software,SaaS,9,227.6300048828125,0.0012756600228445,-0.0906802891471322,0.1250988367059238,228.60299987792968,172.630400390625,148.5459004211426,False,True,True,277.489990234375,102.61499786376952,-0.1796821042425692,3507192.0,6106159.6,0.5743695267971706,2026-06-10
2026-06-10,RDW,Redwire,Industrials,Space Infrastructure,Space Economy,Space Infrastructure,Space Hardware,6,14.869999885559082,-0.0558730231391059,-0.2013963901533695,0.2228618480388973,18.02250013351441,13.106800060272215,9.696349990367889,False,True,True,25.89999961853028,5.059999942779541,-0.4258687218311666,30520164.0,60910988.2,0.5010617115550261,2026-06-10
2026-06-10,PL,Planet Labs,Technology,Earth Observation,Space Economy,Satellite Data,Space Software,6,30.71999931335449,-0.0144369830554378,-0.2877347889503091,-0.2657743976739829,42.37450008392334,38.76040008544922,23.15889999628067,False,False,True,51.400001525878906,5.03000020980835,-0.402334661451565,9697712.0,14263455.6,0.6798991963770687,2026-06-10
2026-06-10,UUUU,Energy Fuels,Energy,Nuclear Fuel,Nuclear,Nuclear Fuel,Upstream Nuclear,6,13.6899995803833,-0.0473208288511635,-0.2394444677564833,-0.3788566691601815,17.42950019836426,19.19620014190674,18.2103000164032,False,False,False,27.71999931335449,5.369999885559082,-0.5061327590369761,6901515.0,10377305.75,0.6650584618266644,2026-06-10
2026-06-10,SMR,NuScale Power,Industrials,Small Modular Reactor,Nuclear,SMR,Reactor Developer,6,9.289999961853027,-0.0710000038146972,-0.242868817011746,-0.3009781799459298,11.48600001335144,11.507199993133543,21.49109997272492,False,False,False,53.43000030517578,9.15999984741211,-0.8261276453529591,24662024.0,34509286.2,0.7146489167312884,2026-06-10
2026-06-10,OKLO,Oklo,Industrials,Advanced Nuclear,Nuclear,SMR,Reactor Developer,7,54.02000045776367,-0.0435552249364492,-0.1715994292871178,-0.3085882201870876,63.854499435424806,63.79079963684082,85.49144975662232,False,False,False,174.13999938964844,45.58000183105469,-0.6897898205633344,7421583.0,14855539.15,0.4995835509611914,2026-06-10
2026-06-10,RGTI,Rigetti Computing,Technology,Quantum Computing,Quantum,Quantum Hardware,Quantum Hardware,4,19.44499969482422,-0.0124429066829948,-0.1929860863682632,-0.0519259152692695,21.90275015830993,18.974100131988525,23.58367503643036,False,True,False,56.34000015258789,10.789999961853027,-0.6548633361348857,32285381.0,62490434.05,0.5166451712300116,2026-06-10
2026-06-10,QBTS,D-Wave Quantum,Technology,Quantum Computing,Quantum,Quantum Hardware,Quantum Hardware,4,23.25,-0.0114796110760511,-0.1560798314388387,-0.032459453364851,25.06349983215332,21.28339994430542,23.60099995613098,False,True,False,44.77999877929688,12.979999542236328,-0.4807949836133277,20684274.0,44337593.7,0.4665177397753094,2026-06-10
2026-06-10,IONQ,IonQ,Technology,Quantum Computing,Quantum,Quantum Hardware,Quantum Hardware,6,56.630001068115234,-0.0010583446824337,-0.1700132158595234,-0.0045701937831363,60.80650024414062,48.99620010375977,48.81175005912781,False,True,True,82.08999633789062,26.59000015258789,-0.3101473554095374,23355967.0,31816398.35,0.7340858240165955,2026-06-10
2026-06-10,MU,Micron,Technology,Memory,AI Infrastructure,Memory,HBM,9,891.8800048828125,-0.0470247668815626,-0.173856211958678,0.1213961320688616,873.2354949951172,652.2110015869141,372.85048221588136,True,True,True,1079.5699462890625,104.72804260253906,-0.173856211958678,53807408.0,55060990.4,0.9772328396039894,2026-06-10
2026-06-10,SNDK,Sandisk,Technology,Memory,AI Infrastructure,Memory,NAND,6,1643.22998046875,-0.0020103116324062,-0.1027955334595959,0.061819844305063,1572.1760009765626,1242.6841979980468,554.2219252204895,True,True,True,1831.5,40.22999954223633,-0.1027955334595959,10234049.0,11283557.45,0.9069878046307108,2026-06-10
2026-06-10,ORCL,Oracle,Technology,Enterprise Software,AI Infrastructure,NeoCloud,AI Cloud,8,201.259994506836,-0.0221077843920698,-0.1262102509144309,0.0382789842608706,206.09349975585937,183.4073641967773,205.3926091003418,False,True,False,325.75933837890625,136.00498962402344,-0.3821819644269389,39876567.0,22760398.35,1.752015337640169,2026-06-10
2026-06-11,NVDA,NVIDIA,Technology,Semiconductor,AI Infrastructure,GPU,Compute,10,204.8699951171875,0.0222033578929137,-0.0630659851548858,-0.0709811949659684,215.9688957214356,206.1116207885742,188.9190335845948,False,False,True,235.465576171875,141.78115844726562,-0.1299365348944028,154038075.0,179248868.75,0.8593531221379047,2026-06-11
2026-06-11,AVGO,Broadcom,Technology,Semiconductor,AI Infrastructure,Networking,Connectivity,9,385.5700073242188,0.0361999489378022,-0.0795874914574312,-0.0804435522316406,421.61450347900393,405.0760009765625,356.8422123718262,False,False,True,481.5700073242188,246.7011108398437,-0.1993479629958924,33809601.0,31078105.05,1.0878913288183252,2026-06-11
2026-06-11,ANET,Arista,Technology,Networking Equipment,AI Infrastructure,Networking,Connectivity,8,156.39999389648438,0.030574588545069,-0.0578880846234582,0.0972358724791657,155.03099899291993,154.9659994506836,141.37439952850343,True,True,True,177.72999572753906,86.25,-0.120013516816563,5257464.0,9460133.2,0.5557494687284108,2026-06-11
2026-06-11,CRDO,Credo,Technology,Semiconductor,AI Infrastructure,Optical,Connectivity,7,264.760009765625,0.113934777534193,0.2172874012212644,0.3333333333333332,211.55600128173828,182.25370056152343,150.3619005203247,True,True,True,264.760009765625,73.48999786376953,0.0,12937637.0,9517041.85,1.359417895172963,2026-06-11
2026-06-11,TSM,TSMC,Technology,Semiconductor Foundry,AI Infrastructure,Foundry,Manufacturing,9,421.0700073242188,0.0301406907014525,-0.0536051545979499,0.0598822206454396,418.2960021972656,396.57320068359377,329.16476066589354,True,True,True,446.6900024414063,207.7035522460937,-0.0573552015428152,13751483.0,12815179.15,1.0730620960534911,2026-06-11
2026-06-11,ASML,ASML,Technology,Semicap Equipment,AI Infrastructure,Equipment,Manufacturing Equipment,10,1899.47998046875,0.0953125347552568,0.0808036621580565,0.2488855928870568,1643.0799987792968,1525.9516943359374,1236.3508758544922,True,True,True,1899.47998046875,686.0034790039062,0.0,2930021.0,1809776.05,1.6189964498646117,2026-06-11
2026-06-11,VRT,Vertiv,Industrials,Electrical Equipment,AI Infrastructure,Power,Power Infrastructure,7,297.8800048828125,0.0601466055793793,-0.0803902428546031,-0.1886252800887372,321.6170028686523,316.68960144042967,219.280114440918,False,False,True,376.2300109863281,110.8329849243164,-0.2082502825814254,5004825.0,6122756.25,0.817413726048624,2026-06-11
2026-06-11,ETN,Eaton,Industrials,Electrical Equipment,AI Infrastructure,Power,Power Infrastructure,8,393.6400146484375,0.048420666934188,-0.0596497254649919,-0.0196497999024878,397.66500091552734,400.6729553222656,365.508716583252,False,False,True,431.8166809082031,313.9706420898437,-0.0884094291574654,2633014.0,2550545.7,1.0323335904155726,2026-06-11
2026-06-11,GEV,GE Vernova,Industrials,Power Equipment,AI Infrastructure,Power,Grid Infrastructure,7,906.7899780273438,0.045785270205273,-0.0586922841180675,-0.154098029301977,987.0979949951172,1011.848193359375,762.1750274658203,False,False,True,1149.530029296875,477.4021301269531,-0.2111646021270156,3898450.0,2736157.5,1.4247900568589345,2026-06-11
2026-06-11,CEG,Constellation Energy,Utilities,Power Generation,AI Infrastructure,Energy,Power Supply,6,246.7100067138672,0.0182005926808319,-0.0675762117672433,-0.1584015571488818,270.32565155029295,285.33893432617185,319.6172297668457,False,False,False,402.3219299316406,242.3000030517578,-0.3867845912456569,4970574.0,4173408.7,1.191010600040202,2026-06-11
2026-06-11,NBIS,Nebius,Technology,AI Cloud Infrastructure,AI Infrastructure,NeoCloud,AI Cloud,7,222.2400054931641,0.0498370396810683,-0.1441445141873765,0.2408017683872412,223.7679992675781,182.00640029907223,120.15467555999756,False,True,True,264.510009765625,44.29999923706055,-0.1598049325615889,14081032.0,18071241.6,0.7791956032506365,2026-06-11
2026-06-11,CRWV,CoreWeave,Technology,AI Cloud Infrastructure,AI Infrastructure,NeoCloud,AI Cloud,8,95.73999786376952,0.0013596616733406,-0.113764704752386,-0.1114617367631598,106.0802490234375,108.54129928588868,100.04722480773924,False,False,False,183.5800018310547,64.55000305175781,-0.4784835117722827,21941606.0,27890445.3,0.7867069085483551,2026-06-11
2026-06-11,MRVL,Marvell,Technology,Semiconductor,AI Infrastructure,Networking,Connectivity,8,280.7099914550781,0.1113266381285,-0.1128843726811394,0.7064437170521467,228.8039993286133,179.5311245727539,107.42563255310058,True,True,True,316.42999267578125,62.19287109375,-0.1128843726811394,56567944.0,54673662.2,1.0346470626582611,2026-06-11
2026-06-11,COHR,Coherent,Technology,Optical Components,AI Infrastructure,Optical,Connectivity,7,363.5799865722656,0.0248329842754941,-0.1382318278452686,-0.0278870161787793,380.0099990844727,344.1568014526367,216.4299501800537,False,True,True,426.8900146484375,77.37000274658203,-0.1483052446853563,5990128.0,5911206.4,1.0133511832711508,2026-06-11
2026-06-11,NOK,Nokia,Technology,Telecom Infrastructure,AI Infrastructure,AI-RAN,Telecom Edge,5,14.09000015258789,0.0514925786343638,-0.1522262670813562,0.0698557381142275,14.905500030517578,12.63600004196167,7.953900008201599,False,True,True,16.850000381469727,4.050000190734863,-0.1637982294598082,92824172.0,124450603.6,0.7458716094166056,2026-06-11
2026-06-11,TEAM,Atlassian,Technology,Enterprise Software,Software,Developer Tools,SaaS,8,89.19999694824219,-0.0255626386703283,-0.1211822960764316,0.0494117288028492,93.7442497253418,81.63710021972656,122.01367485046389,False,True,False,220.88999938964844,57.150001525878906,-0.5961791063664499,6662705.0,5764920.25,1.155732379819131,2026-06-11
2026-06-11,DDOG,Datadog,Technology,Observability Software,Software,Cloud Software,SaaS,9,234.2400054931641,0.0290383537695502,-0.0384236468630223,0.1715514786082372,230.0495002746582,174.95420043945313,149.07520042419435,True,True,True,277.489990234375,102.61499786376952,-0.1558614229820719,4862203.0,6121410.15,0.7942945956660002,2026-06-11
2026-06-11,RDW,Redwire,Industrials,Space Infrastructure,Space Economy,Space Infrastructure,Space Hardware,6,17.09000015258789,0.1492938994024304,-0.2025198362474914,0.4783736619582712,18.30400013923645,13.278600063323974,9.737099993228911,False,True,True,25.89999961853028,5.059999942779541,-0.3401544245444401,67782595.0,62874444.75,1.0780627211821223,2026-06-11
2026-06-11,PL,Planet Labs,Technology,Earth Observation,Space Economy,Satellite Data,Space Software,6,34.16999816894531,0.1123046527573017,-0.2150241413469378,-0.1600295498375941,42.045999908447264,38.88480003356933,23.2944499874115,False,False,True,51.400001525878906,5.03000020980835,-0.3352140631408079,14459663.0,14631763.15,0.9882379076099246,2026-06-11
2026-06-11,UUUU,Energy Fuels,Energy,Nuclear Fuel,Nuclear,Nuclear Fuel,Upstream Nuclear,6,15.079999923706056,0.1015339945893436,-0.1318365460498394,-0.2801909606427045,17.17450017929077,19.13280014038086,18.23105001449585,False,False,False,27.71999931335449,5.369999885559082,-0.4559884452651823,9800902.0,10553160.1,0.9287172664044014,2026-06-11
2026-06-11,SMR,NuScale Power,Industrials,Small Modular Reactor,Nuclear,SMR,Reactor Developer,6,9.56999969482422,0.0301399067945034,-0.202500025431315,-0.202500025431315,11.366499996185302,11.481799983978272,21.35944996356964,False,False,False,53.43000030517578,9.15999984741211,-0.8208871487897564,35576323.0,35046331.15,1.015122605779521,2026-06-11
2026-06-11,OKLO,Oklo,Industrials,Advanced Nuclear,Nuclear,SMR,Reactor Developer,7,57.86000061035156,0.0710847856358358,-0.1151552049179084,-0.2141789655212074,63.26449928283692,63.956199645996094,85.42479974746703,False,False,False,174.13999938964844,45.58000183105469,-0.6677385964560248,10326904.0,14702760.2,0.7023785914701921,2026-06-11
2026-06-11,RGTI,Rigetti Computing,Technology,Quantum Computing,Quantum,Quantum Hardware,Quantum Hardware,4,20.6299991607666,0.0609410894595077,-0.1461093008667225,0.0818038537444645,22.0135000705719,19.1059001159668,23.614475030899047,False,True,False,56.34000015258789,10.789999961853027,-0.6338303318265257,44629537.0,63386631.85,0.7040843739041484,2026-06-11
2026-06-11,QBTS,D-Wave Quantum,Technology,Quantum Computing,Quantum,Quantum Hardware,Quantum Hardware,4,23.81999969482422,0.024516115906418,-0.1382054912871981,0.0657717802355501,25.18249979019165,21.47119993209839,23.644999952316283,False,True,True,44.77999877929688,12.979999542236328,-0.4680660932523983,22054951.0,44175407.55,0.4992585744689978,2026-06-11
2026-06-11,IONQ,IonQ,Technology,Quantum Computing,Quantum,Quantum Hardware,Quantum Hardware,6,57.9900016784668,0.0240155497916332,-0.1168139134306617,0.0379452798838726,60.943000411987306,49.57940013885498,48.90830006599426,False,True,True,82.08999633789062,26.59000015258789,-0.2935801648744853,22491482.0,31752119.1,0.7083458565132429,2026-06-11
2026-06-11,MU,Micron,Technology,Memory,AI Infrastructure,Memory,HBM,9,995.8699951171876,0.1165963915157384,-0.0001305269907756,0.299107689889692,882.8474945068359,665.3716015625,377.2485761260986,True,True,True,1079.5699462890625,104.72804260253906,-0.077530827399917,56337333.0,55251661.65,1.0196495692179786,2026-06-11
2026-06-11,SNDK,Sandisk,Technology,Memory,AI Infrastructure,Memory,NAND,6,1881.510009765625,0.1450071092476677,0.0692341518549146,0.2957879261010641,1593.8900024414063,1267.60759765625,563.3955752754212,True,True,True,1881.510009765625,40.68999862670898,0.0,13440811.0,11386650.55,1.1804007632428837,2026-06-11
2026-06-11,ORCL,Oracle,Technology,Enterprise Software,AI Infrastructure,NeoCloud,AI Cloud,8,184.1000061035156,-0.085262788789043,-0.2210374504689782,-0.0146121913010937,205.8105003356933,184.15740447998047,205.14527473449704,False,False,False,325.75933837890625,136.00498962402344,-0.4348588531040663,63236517.0,25449845.85,2.484750492113492,2026-06-11
2026-06-12,NVDA,NVIDIA,Technology,Semiconductor,AI Infrastructure,GPU,Compute,10,205.19000244140625,0.0015620019126554,0.000438792468125,-0.09033722105863,214.4551170349121,206.7045126342773,189.0373422241211,False,False,True,235.465576171875,141.78115844726562,-0.1285774940977763,105436612.0,175711810.6,0.6000542117229768,2026-06-12
2026-06-12,AVGO,Broadcom,Technology,Semiconductor,AI Infrastructure,Networking,Connectivity,9,382.0700073242188,-0.0090774695477205,-0.0094885115439957,-0.0833033434316623,418.7285034179688,406.4476013183594,357.2710096740723,False,False,True,481.5700073242188,246.7010955810547,-0.2066158574801176,22196373.0,31270133.65,0.7098266111823927,2026-06-12
2026-06-12,ANET,Arista,Technology,Networking Equipment,AI Infrastructure,Networking,Connectivity,8,163.24000549316406,0.0437340911995614,0.058144817348037,0.1602814888083417,155.80249938964843,155.73379959106444,141.51924953460693,True,True,True,177.72999572753906,86.25,-0.0815281077066373,5992002.0,8976785.1,0.6674997711597218,2026-06-12
2026-06-12,CRDO,Credo,Technology,Semiconductor,AI Infrastructure,Optical,Connectivity,7,250.8099975585937,-0.0526892721426484,0.212286714188771,0.3245141357740519,214.86950149536133,185.3515005493164,151.01545051574706,True,True,True,264.760009765625,73.48999786376953,-0.0526892721426484,9004382.0,9723149.1,0.9260767172643688,2026-06-12
2026-06-12,TSM,TSMC,Technology,Semiconductor Foundry,AI Infrastructure,Foundry,Manufacturing,9,423.9299926757813,0.0067921849141829,0.0234910192708701,0.062838378893772,417.72719116210936,397.3310864257812,329.3397319030762,True,True,True,445.6463623046875,207.21827697753903,-0.048730050250155,10335476.0,12406848.8,0.8330460189053001,2026-06-12
2026-06-12,ASML,ASML,Technology,Semicap Equipment,AI Infrastructure,Equipment,Manufacturing Equipment,10,1863.550048828125,-0.0189156674511296,0.1351066916278773,0.1782838051873285,1657.032000732422,1536.086765136719,1241.8726989746094,True,True,True,1899.47998046875,686.00341796875,-0.0189156674511296,2519009.0,1866875.45,1.3493181883129912,2026-06-12
2026-06-12,VRT,Vertiv,Industrials,Electrical Equipment,AI Infrastructure,Power,Power Infrastructure,7,302.8699951171875,0.0167516790404851,0.0078532670289521,-0.1814102999777628,317.9490020751953,317.5596014404297,220.1553853607178,False,False,True,376.2300109863281,110.8329849243164,-0.1949871454348347,4943636.0,6209571.8,0.7961315464618671,2026-06-12
2026-06-12,ETN,Eaton,Industrials,Electrical Equipment,AI Infrastructure,Power,Power Infrastructure,8,391.3900146484375,-0.0057158823195591,-0.0114916092461309,-0.0382119912018423,396.8295013427734,401.2097045898437,365.7206918334961,False,False,True,431.8166809082031,313.9706115722656,-0.093619973584021,1598359.0,2530207.95,0.6317105279824925,2026-06-12
2026-06-12,GEV,GE Vernova,Industrials,Power Equipment,AI Infrastructure,Power,Grid Infrastructure,7,940.6599731445312,0.0373515322598394,0.0075513200411132,-0.1147312452891141,979.6044921875,1012.765792236328,763.7542709350586,False,False,True,1149.530029296875,477.4021606445313,-0.1817003913156595,2441932.0,2791861.6,0.8746608356230838,2026-06-12
2026-06-12,CEG,Constellation Energy,Utilities,Power Generation,AI Infrastructure,Energy,Power Supply,6,253.759994506836,0.0285760107053349,-0.004198906394578,-0.0754329484346852,269.2720008850098,284.8336050415039,319.30950942993167,False,False,False,402.3219604492188,242.3000030517578,-0.3692613890042285,3367936.0,4165706.8,0.8084908904294464,2026-06-12
2026-06-12,NBIS,Nebius,Technology,AI Cloud Infrastructure,AI Infrastructure,NeoCloud,AI Cloud,7,232.3600006103516,0.0455363339950005,0.0199727979479369,0.1210498182115598,224.3284996032715,184.61460037231444,120.96407554626464,True,True,True,264.510009765625,44.29999923706055,-0.1215455293497613,16399152.0,17415112.6,0.9416621285583876,2026-06-12
2026-06-12,CRWV,CoreWeave,Technology,AI Cloud Infrastructure,AI Infrastructure,NeoCloud,AI Cloud,8,100.5500030517578,0.0502402892763016,0.0015938207299748,-0.0966669189007201,105.39699935913086,108.98349929809572,100.0930248260498,False,False,True,183.5800018310547,64.55000305175781,-0.4522823725413614,35926473.0,28338748.65,1.267750860975296,2026-06-12
2026-06-12,MRVL,Marvell,Technology,Semiconductor,AI Infrastructure,Networking,Connectivity,8,279.70001220703125,-0.0035979454910443,0.0616009826968217,0.5717899241570858,233.6599998474121,182.99199264526368,108.4535305595398,True,True,True,316.42999267578125,62.19287109375,-0.1160761663524863,40789302.0,55114400.1,0.7400842960458894,2026-06-12
2026-06-12,COHR,Coherent,Technology,Optical Components,AI Infrastructure,Optical,Connectivity,7,385.0299987792969,0.0589966802332995,0.021326848863874,-0.0462708208148467,379.0144989013672,346.9014013671875,217.89720016479487,True,True,True,426.8900146484375,77.37000274658203,-0.0980580815496801,5368688.0,5965044.4,0.9000248179208858,2026-06-12
2026-06-12,NOK,Nokia,Technology,Telecom Infrastructure,AI Infrastructure,AI-RAN,Telecom Edge,5,14.800000190734863,0.0503903499260478,0.0292072373401559,0.0061182972368794,14.922500038146971,12.766600036621094,8.006450009346008,False,True,True,16.850000381469727,4.050000190734863,-0.1216617296335071,110847554.0,123216942.7,0.899612923117918,2026-06-12
2026-06-12,TEAM,Atlassian,Technology,Enterprise Software,Software,Developer Tools,SaaS,8,88.5199966430664,-0.0076233220677165,-0.1100834869132146,0.0979904940132156,94.12724952697754,82.02010009765625,121.6350248336792,False,True,False,220.88999938964844,57.150001525878906,-0.5992575630962915,4732601.0,5776375.05,0.8193029294384201,2026-06-12
2026-06-12,DDOG,Datadog,Technology,Observability Software,Software,Cloud Software,SaaS,9,229.8999938964844,-0.0185280545376623,-0.0179830280760805,0.1197700873328044,231.4025001525879,177.1788003540039,149.5931504058838,False,True,True,277.489990234375,102.61499786376952,-0.1715016685744048,5752276.0,6171018.8,0.9321436518715516,2026-06-12
2026-06-12,RDW,Redwire,Industrials,Space Infrastructure,Space Economy,Space Infrastructure,Space Hardware,6,15.119999885559082,-0.1152721035365524,-0.1804878449690554,0.3193717133707718,18.360500144958497,13.399400062561035,9.766249992847442,False,True,True,25.89999961853028,5.059999942779541,-0.4162162120364894,63667286.0,62838739.3,1.0131852852114749,2026-06-12
2026-06-12,PL,Planet Labs,Technology,Earth Observation,Space Economy,Satellite Data,Space Software,6,31.14999961853028,-0.0883815836185704,-0.033209235308325,-0.2353952298682731,41.45149984359741,38.89360004425049,23.415299985408783,False,False,True,51.400001525878906,5.03000020980835,-0.3939688970077782,19484641.0,15305702.05,1.2730315105016694,2026-06-12
2026-06-12,UUUU,Energy Fuels,Energy,Nuclear Fuel,Nuclear,Nuclear Fuel,Upstream Nuclear,6,15.039999961853027,-0.0026525173776789,0.0006653512348306,-0.2547076444792938,16.951500177383423,19.07460012435913,18.24470001220703,False,False,False,27.71999931335449,5.409999847412109,-0.4574314453677746,6503945.0,10560757.25,0.615859719718489,2026-06-12
2026-06-12,SMR,NuScale Power,Industrials,Small Modular Reactor,Nuclear,SMR,Reactor Developer,6,9.890000343322754,0.0334378953712612,-0.0580952053978329,-0.1730768970085167,11.257999992370603,11.47439998626709,21.228799962997435,False,False,False,53.43000030517578,9.15999984741211,-0.8148979920113399,30970681.0,35222084.05,0.8792972317036988,2026-06-12
2026-06-12,OKLO,Oklo,Industrials,Advanced Nuclear,Nuclear,SMR,Reactor Developer,7,57.4900016784668,-0.0063947274106763,-0.0103287738430891,-0.1747057327569778,62.77849941253662,64.14459968566895,85.3406997680664,False,False,False,174.13999938964844,45.58000183105469,-0.6698633175607773,7383061.0,14348553.05,0.5145509079746546,2026-06-12
2026-06-12,RGTI,Rigetti Computing,Technology,Quantum Computing,Quantum,Quantum Hardware,Quantum Hardware,4,20.979999542236328,0.016965603282008,0.0145067327192187,0.1392885419053227,22.099000024795533,19.255500106811525,23.642875027656554,False,True,False,56.34000015258789,10.789999961853027,-0.62761804250239,34602156.0,63529912.8,0.5446592711205485,2026-06-12
2026-06-12,QBTS,D-Wave Quantum,Technology,Quantum Computing,Quantum,Quantum Hardware,Quantum Hardware,4,23.3700008392334,-0.0188916398554194,-0.0201257666481743,0.0900186687080515,25.24449987411499,21.66459995269776,23.684599957466126,False,True,False,44.77999877929688,12.979999542236328,-0.4781151970455604,26226159.0,44234787.95,0.592885378576795,2026-06-12
2026-06-12,IONQ,IonQ,Technology,Quantum Computing,Quantum,Quantum Hardware,Quantum Hardware,6,57.84999847412109,-0.0024142645334271,0.0188446586443808,0.0468693490998286,60.9620002746582,50.18060009002686,48.99380005836487,False,True,True,82.08999633789062,26.59000015258789,-0.2952856492281384,16612448.0,31400147.4,0.5290563699710531,2026-06-12
2026-06-12,MU,Micron,Technology,Memory,AI Infrastructure,Memory,HBM,9,981.6099853515624,-0.0143191479164376,0.1361095059741706,0.22147005386478,893.1274932861328,677.6468011474609,381.5749697875976,True,True,True,1079.5699462890625,104.72803497314452,-0.0907397999307314,40309461.0,55314078.05,0.7287378262648274,2026-06-12
2026-06-12,SNDK,Sandisk,Technology,Memory,AI Infrastructure,Memory,NAND,6,1980.0999755859373,0.052399384169417,0.2698484235376233,0.3681999421713153,1623.7590026855469,1293.3549975585938,573.0593251609803,True,True,True,1980.0999755859373,40.68999862670898,0.0,11182172.0,11401008.6,0.9808055052252131,2026-06-12
2026-06-12,ORCL,Oracle,Technology,Enterprise Software,AI Infrastructure,NeoCloud,AI Cloud,8,184.1300048828125,0.0001629482797518,-0.138290849896299,-0.0296690018286263,205.2365005493164,184.9455139160156,204.90404319763184,False,False,False,325.7593078613281,136.00498962402344,-0.4347667113745389,29459390.0,25817664.5,1.1410555745660107,2026-06-12
2026-06-12,KEYS,Keysight Technologies,Technology,Electronic Test & Measurement,AI Infrastructure,Optical Test & Metrology,R&D Test & Standards,9,350.6700134277344,0.0312913998371762,0.0631841485125328,-0.029125914179694,340.9179977416992,339.5477966308593,242.6556491088867,True,True,True,366.6799926757813,158.19000244140625,-0.0436619929307212,1297770.0,1943083.5,0.6678920386077078,2026-06-12
2026-06-12,FORM,FormFactor,Technology,Semiconductor Test Equipment,AI Infrastructure,Optical Test & Metrology,Wafer-Level Test & Probing,8,139.2100067138672,0.0688728565907035,0.1928878350837357,0.0765602764069923,125.3574996948242,130.35959869384766,79.33069962501526,True,True,True,155.0800018310547,27.6200008392334,-0.1023342463877218,1204781.0,1632574.05,0.7379640758102213,2026-06-12
2026-06-12,AEHR,Aehr Test Systems,Technology,Semiconductor Test Equipment,AI Infrastructure,Optical Test & Metrology,Wafer & Package Burn-In,6,108.47000122070312,0.0528001796162242,0.1017775986090556,0.0505569125491827,98.49399948120116,89.69840011596679,43.49454999923706,True,True,True,116.58000183105467,11.149999618530272,-0.0695659674298547,1394482.0,2178629.1,0.6400731542601721,2026-06-12
2026-06-15,NVDA,NVIDIA,Technology,Semiconductor,AI Infrastructure,GPU,Compute,10,212.4499969482422,0.03538181402824,0.018261107983797,-0.0977449850539209,213.8247314453125,207.40984283447267,189.19279998779297,False,True,True,235.465576171875,143.65866088867188,-0.0977449850539209,130006836.0,173491531.8,0.7493555140770276,2026-06-15
2026-06-15,AVGO,Broadcom,Technology,Semiconductor,AI Infrastructure,Networking,Connectivity,9,393.9400024414063,0.0310675920371703,-0.0067070187119843,-0.1042543150427945,417.1660034179688,408.0354016113281,357.7480209350586,False,False,True,481.5700073242188,247.36569213867188,-0.1819673226115498,25453353.0,31865172.65,0.7987828366591323,2026-06-15
2026-06-15,ANET,Arista,Technology,Networking Equipment,AI Infrastructure,Networking,Connectivity,8,169.08999633789062,0.0358367474140495,0.0811381261933124,0.1439686024679163,157.15849914550782,156.58199951171875,141.6983494949341,True,True,True,177.72999572753906,86.25,-0.0486130624956161,7209779.0,8797948.95,0.819484068499852,2026-06-15
2026-06-15,CRDO,Credo,Technology,Semiconductor,AI Infrastructure,Optical,Connectivity,7,259.4100036621094,0.0342889286201859,0.1670940688160596,0.4057115698486515,219.23150177001952,188.5107006835937,151.69885051727294,True,True,True,264.760009765625,79.16999816894531,-0.0202070022140112,7894164.0,9841688.2,0.8021148241619767,2026-06-15
2026-06-15,TSM,TSMC,Technology,Semiconductor Foundry,AI Infrastructure,Foundry,Manufacturing,9,441.3999938964844,0.0412096372574046,0.0366300245536583,0.0591632799055117,419.6269256591797,399.3941284179688,330.36337127685545,True,True,True,445.6463623046875,207.21827697753903,-0.0095285606870945,11156909.0,12371965.45,0.9017895374093532,2026-06-15
2026-06-15,ASML,ASML,Technology,Semicap Equipment,AI Infrastructure,Equipment,Manufacturing Equipment,10,1892.6600341796875,0.0156207156174141,0.0821136119869325,0.1944765400754033,1676.5744995117188,1547.652783203125,1247.5062390136718,True,True,True,1899.47998046875,686.0034790039062,-0.0035904280956831,2310967.0,1892583.35,1.221064847685572,2026-06-15
2026-06-15,VRT,Vertiv,Industrials,Electrical Equipment,AI Infrastructure,Power,Power Infrastructure,7,311.92999267578125,0.0299138168344745,0.0377948067829292,-0.1709061383539748,314.9985015869141,318.57240112304686,221.0690620422364,False,False,True,376.2300109863281,116.3460693359375,-0.1709061383539748,5313698.0,6231934.9,0.8526562111552224,2026-06-15
2026-06-15,ETN,Eaton,Industrials,Electrical Equipment,AI Infrastructure,Power,Power Infrastructure,8,407.05999755859375,0.0400367467837208,0.0097236264516553,-0.0025484159014153,397.2105010986328,402.1488073730469,366.0140898132324,True,True,True,431.8166809082031,313.9706115722656,-0.0573314659765823,2235221.0,2508141.05,0.8911863230339458,2026-06-15
2026-06-15,GEV,GE Vernova,Industrials,Power Equipment,AI Infrastructure,Power,Grid Infrastructure,7,979.0700073242188,0.0408330696280045,0.0484232295555913,-0.1022072010658162,976.0964935302734,1014.3757922363282,765.5431359863281,True,False,True,1149.530029296875,485.89349365234375,-0.148286706417683,2895491.0,2831514.55,1.0225944274240089,2026-06-15
2026-06-15,CEG,Constellation Energy,Utilities,Power Generation,AI Infrastructure,Energy,Power Supply,6,262.3500061035156,0.0338509291560071,0.0465951570586371,-0.0454203147152567,269.029500579834,284.6326693725586,319.0479261016846,False,False,False,402.3219299316406,242.3000030517578,-0.3479102515040826,3663258.0,4159162.9,0.8807680987921873,2026-06-15
2026-06-15,NBIS,Nebius,Technology,AI Cloud Infrastructure,AI Infrastructure,NeoCloud,AI Cloud,7,260.07000732421875,0.1192546335043893,0.1929816849734804,0.1759892132122418,226.3349998474121,187.6396005249024,121.91392559051512,True,True,True,264.510009765625,44.29999923706055,-0.0167857634020747,15161127.0,17063786.35,0.8884972355505376,2026-06-15
2026-06-15,CRWV,CoreWeave,Technology,AI Cloud Infrastructure,AI Infrastructure,NeoCloud,AI Cloud,8,106.70999908447266,0.0612630118921428,0.0423951960676833,-0.0657093857553993,105.3674991607666,109.47289932250976,100.14192481994628,True,False,True,183.5800018310547,64.55000305175781,-0.4187275410168265,21764134.0,28339016.7,0.767991854847949,2026-06-15
2026-06-15,MRVL,Marvell,Technology,Semiconductor,AI Infrastructure,Networking,Connectivity,8,308.8800048828125,0.1043260329005009,0.0693439444557904,0.6917515707367885,240.2595001220703,187.02846450805663,109.62468339920044,True,True,True,316.42999267578125,62.19287109375,-0.0238598994018388,50306597.0,56454764.85,0.891095678702486,2026-06-15
2026-06-15,COHR,Coherent,Technology,Optical Components,AI Infrastructure,Optical,Connectivity,7,413.8399963378906,0.0748253321817344,0.0296320351283578,0.0219785495204865,380.5839981079101,350.01500122070314,219.51285015106205,True,True,True,426.8900146484375,79.7699966430664,-0.0305699778930039,5064854.0,5887442.7,0.8602808142829144,2026-06-15
2026-06-15,NOK,Nokia,Technology,Telecom Infrastructure,AI Infrastructure,AI-RAN,Telecom Edge,5,14.81999969482422,0.0013513178264603,0.0157641905298768,0.0248962417515581,14.966000032424926,12.886600036621092,8.058950006961823,False,True,True,16.850000381469727,4.050000190734863,-0.1204748154710987,121846864.0,124186838.2,0.9811576312440492,2026-06-15
2026-06-15,TEAM,Atlassian,Technology,Enterprise Software,Software,Developer Tools,SaaS,8,91.5500030517578,0.0342296263397874,-0.0647665377201039,0.1322038382477792,94.3317497253418,82.48530014038086,121.23337482452392,False,True,False,220.88999938964844,57.150001525878906,-0.5855402992225817,3195028.0,5602911.4,0.5702442483741578,2026-06-15
2026-06-15,DDOG,Datadog,Technology,Observability Software,Software,Cloud Software,SaaS,9,233.08999633789065,0.0138756090739289,0.0060859966621398,0.1491323237336761,232.65800018310543,179.4334002685547,150.09995040893554,True,True,True,277.489990234375,102.61499786376952,-0.1600057496091409,5638424.0,6178381.2,0.9126053924934252,2026-06-15
2026-06-15,RDW,Redwire,Industrials,Space Infrastructure,Space Economy,Space Infrastructure,Space Hardware,6,14.829999923706056,-0.0191798918021158,-0.2014000986850078,0.0600428996662343,18.399000120162963,13.50140007019043,9.795449993610385,False,True,True,25.89999961853028,5.059999942779541,-0.4274131219254589,39103424.0,62128071.2,0.6294002573187882,2026-06-15
2026-06-15,PL,Planet Labs,Technology,Earth Observation,Space Economy,Satellite Data,Space Software,6,30.57999992370605,-0.0182985458043197,-0.0659743935255012,-0.289498158150042,40.89949989318848,38.7876000213623,23.532799985408783,False,False,True,51.400001525878906,5.03000020980835,-0.4050583849047239,13431919.0,15546600.95,0.8639778587743323,2026-06-15
2026-06-15,UUUU,Energy Fuels,Energy,Nuclear Fuel,Nuclear,Nuclear Fuel,Upstream Nuclear,6,15.640000343322754,0.0398936424861402,0.0282708944179705,-0.1979487003424228,16.813000202178955,19.032400131225582,18.265900015831,False,False,False,27.71999931335449,5.409999847412109,-0.4357864094250547,6522662.0,10487963.1,0.6219188547679005,2026-06-15
2026-06-15,SMR,NuScale Power,Industrials,Small Modular Reactor,Nuclear,SMR,Reactor Developer,6,10.640000343322754,0.0758341733027707,-0.0111524054838754,-0.117744612511305,11.228500032424927,11.48420000076294,21.10619996547699,False,False,False,53.43000030517578,9.15999984741211,-0.8008609342588371,36484825.0,35796511.25,1.019228514901714,2026-06-15
2026-06-15,OKLO,Oklo,Industrials,Advanced Nuclear,Nuclear,SMR,Reactor Developer,7,60.7400016784668,0.0565315690574645,0.0305395842161104,-0.0962653994069255,62.70299949645996,64.39679969787598,85.27839979171753,False,False,False,174.13999938964844,45.58000183105469,-0.6512001728990622,9533837.0,14269946.85,0.6681059922798521,2026-06-15
2026-06-15,RGTI,Rigetti Computing,Technology,Quantum Computing,Quantum,Quantum Hardware,Quantum Hardware,4,22.700000762939453,0.0819829007736854,0.0429589432350596,0.1779968979603148,22.34150004386902,19.425700130462648,23.67942502975464,True,True,False,56.34000015258789,10.789999961853027,-0.5970890894309526,44650114.0,64412355.7,0.6931917566865203,2026-06-15
2026-06-15,QBTS,D-Wave Quantum,Technology,Quantum Computing,Quantum,Quantum Hardware,Quantum Hardware,4,26.26000022888184,0.123662785017822,0.0166473211941877,0.1866245469831353,25.539999866485594,21.903399963378902,23.73974996089936,True,True,True,44.77999877929688,12.979999542236328,-0.4135774688537371,44755305.0,45363590.25,0.9865908926818244,2026-06-15
2026-06-15,IONQ,IonQ,Technology,Quantum Computing,Quantum,Quantum Hardware,Quantum Hardware,6,61.18000030517578,0.0575626952271113,-0.025796161649135,0.0645554029175166,61.42350025177002,50.81820011138916,49.09260006904602,False,True,True,82.08999633789062,26.59000015258789,-0.254720391832486,25109568.0,31694258.4,0.7922434304378613,2026-06-15
2026-06-15,MU,Micron,Technology,Memory,AI Infrastructure,Memory,HBM,9,1087.989990234375,0.1083729856769057,0.1461212251986818,0.4020308714355063,911.293994140625,692.081801147461,386.42702289581297,True,True,True,1087.989990234375,104.72804260253906,0.0,44256323.0,55124731.15,0.802839706910752,2026-06-15
2026-06-15,SNDK,Sandisk,Technology,Memory,AI Infrastructure,Memory,NAND,6,2107.860107421875,0.0645220612146775,0.2837150471509593,0.5244302187593415,1658.7715087890624,1321.4803991699218,583.3564257049561,True,True,True,2107.860107421875,40.68999862670898,0.0,9088894.0,11192084.7,0.8120823102777269,2026-06-15
2026-06-15,ORCL,Oracle,Technology,Enterprise Software,AI Infrastructure,NeoCloud,AI Cloud,8,192.63999938964844,0.0462173153813363,-0.0905486133102277,-0.0151832790319308,205.22100067138672,185.8809030151367,204.69742462158203,False,True,False,325.75933837890625,136.00498962402344,-0.4086432016092209,19812025.0,26022841.25,0.7613321239470728,2026-06-15
2026-06-15,KEYS,Keysight Technologies,Technology,Electronic Test & Measurement,AI Infrastructure,Optical Test & Metrology,R&D Test & Standards,9,356.94000244140625,0.0178800261601608,0.0764173578753801,-0.0127506168087668,341.31449737548826,340.861796875,243.61524909973144,True,True,True,366.6799926757813,158.50999450683594,-0.0265626443463663,946140.0,1901282.0,0.4976326499698624,2026-06-15
2026-06-15,FORM,FormFactor,Technology,Semiconductor Test Equipment,AI Infrastructure,Optical Test & Metrology,Wafer-Level Test & Probing,8,152.60000610351562,0.0961856098259537,0.2281690632073691,0.1922807145128682,126.67400016784669,131.34839874267578,79.94734965324402,True,True,True,155.0800018310547,27.6200008392334,-0.0159917184566504,1710946.0,1581287.3,1.081995662647768,2026-06-15
2026-06-15,AEHR,Aehr Test Systems,Technology,Semiconductor Test Equipment,AI Infrastructure,Optical Test & Metrology,Wafer & Package Burn-In,6,115.87999725341795,0.0683137821455148,0.2123874768096902,0.0897122554453961,99.31299934387206,91.12960006713868,43.95244998931885,True,True,True,116.58000183105467,11.149999618530272,-0.006004499628085,1598611.0,2149995.55,0.7435415389580691,2026-06-15
2026-06-16,NVDA,NVIDIA,Technology,Semiconductor,AI Infrastructure,GPU,Compute,10,207.4100036621093,-0.0237231977337268,-0.0037465717380756,-0.0784141328768893,213.0921714782715,208.0093789672852,189.33019844055173,False,False,True,235.465576171875,143.65867614746094,-0.1191493591797334,125087034.0,173428331.7,0.7212606658546321,2026-06-16
2026-06-16,AVGO,Broadcom,Technology,Semiconductor,AI Infrastructure,Networking,Connectivity,9,376.7099914550781,-0.0437376526363069,-0.0393972155822989,-0.114019639944401,414.9660034179688,409.2810015869141,358.0971220397949,False,False,True,481.5700073242188,247.3657073974609,-0.2177461517003139,29355054.0,32786802.7,0.8953314011311021,2026-06-16
2026-06-16,ANET,Arista,Technology,Networking Equipment,AI Infrastructure,Networking,Connectivity,8,168.00999450683594,-0.0063871420808155,0.1041666039909112,0.1834189833220587,158.47349853515624,157.41719940185547,141.85724948883058,True,True,True,177.72999572753906,86.25,-0.0546897060392885,6492659.0,8693107.95,0.7468743097800828,2026-06-16
2026-06-16,CRDO,Credo,Technology,Semiconductor,AI Infrastructure,Optical,Connectivity,7,239.17999267578125,-0.0779846987422984,0.020740804027195,0.3892083128274244,223.37700119018555,191.24510055541992,152.23565044403077,True,True,True,264.760009765625,79.70999908447266,-0.096615863976165,7447627.0,9784841.35,0.7611392697746704,2026-06-16
2026-06-16,TSM,TSMC,Technology,Semiconductor Foundry,AI Infrastructure,Foundry,Manufacturing,9,425.8299865722656,-0.0352741448561736,-0.0025537334832953,0.0555884674726157,421.16717834472655,401.0914978027344,331.3142024230957,True,True,True,445.6463623046875,207.21827697753903,-0.0444665937133207,8259794.0,12181144.7,0.6780802792696486,2026-06-16
2026-06-16,ASML,ASML,Technology,Semicap Equipment,AI Infrastructure,Equipment,Manufacturing Equipment,10,1803.8900146484373,-0.0469022528759236,0.0146925613719566,0.2011439158541434,1693.149499511719,1557.7072241210938,1252.7284692382811,True,True,True,1899.47998046875,686.0034790039062,-0.0503242818051301,1782289.0,1899884.45,0.9381038936341628,2026-06-16
2026-06-16,VRT,Vertiv,Industrials,Electrical Equipment,AI Infrastructure,Power,Power Infrastructure,7,299.6000061035156,-0.039528057133901,0.0350315624071562,-0.1921541808003236,312.9332565307617,319.32590454101563,221.8509885787964,False,False,True,376.1517333984375,116.41175842285156,-0.203512892532213,3998979.0,6029668.95,0.663217007958621,2026-06-16
2026-06-16,ETN,Eaton,Industrials,Electrical Equipment,AI Infrastructure,Power,Power Infrastructure,8,407.7099914550781,0.0015968012096074,0.0149108588473894,0.0207039579489412,398.5025009155273,403.045263671875,366.2912072753906,True,True,True,431.8166809082031,313.9706420898437,-0.0558262117211948,1667666.0,2453453.3,0.6797219250107593,2026-06-16
2026-06-16,GEV,GE Vernova,Industrials,Power Equipment,AI Infrastructure,Power,Grid Infrastructure,7,982.3499755859376,0.0033500855272676,0.0675976194332907,-0.0637419880557867,974.6014923095704,1016.0755920410156,767.2919979858399,True,False,True,1149.530029296875,485.89349365234375,-0.1454333940394714,2435972.0,2824243.6,0.8625219156024643,2026-06-16
2026-06-16,CEG,Constellation Energy,Utilities,Power Generation,AI Infrastructure,Energy,Power Supply,6,268.0,0.0215360921099236,0.0649712159748399,0.0029939661542712,269.329500579834,284.4980062866211,318.79661529541016,False,False,False,402.3219604492188,242.3000030517578,-0.3338668371451548,3793832.0,4185536.6,0.906414723502836,2026-06-16
2026-06-16,NBIS,Nebius,Technology,AI Cloud Infrastructure,AI Infrastructure,NeoCloud,AI Cloud,7,265.1000061035156,0.0193409414297673,0.2043431400331516,0.2053287403874624,229.5970001220703,190.6908006286621,122.87922561645507,True,True,True,265.1000061035156,44.29999923706055,0.0,14356390.0,16805684.5,0.8542579744371614,2026-06-16
2026-06-16,CRWV,CoreWeave,Technology,AI Cloud Infrastructure,AI Infrastructure,NeoCloud,AI Cloud,8,117.02999877929688,0.0967107092434216,0.1887252656881513,0.0906802931109485,106.03049926757812,110.19469924926756,100.21312480926514,True,True,True,183.5800018310547,64.55000305175781,-0.3625122692448961,41524609.0,28494555.45,1.457282219154607,2026-06-16
2026-06-16,MRVL,Marvell,Technology,Semiconductor,AI Infrastructure,Networking,Connectivity,8,278.6700134277344,-0.0978049435946482,0.0441771894829621,0.5753859143494466,245.746501159668,190.4127604675293,110.6326093673706,True,True,True,316.42999267578125,62.192867279052734,-0.1193312268813161,58399992.0,58385664.6,1.0002453924280583,2026-06-16
2026-06-16,COHR,Coherent,Technology,Optical Components,AI Infrastructure,Optical,Connectivity,7,382.80999755859375,-0.0749806665713422,0.0754902369300589,0.0009412611846582,381.58299865722654,352.60680114746094,220.95090015411373,True,True,True,426.8900146484375,79.7699966430664,-0.1032584871448576,4208175.0,5785828.75,0.7273244995369074,2026-06-16
2026-06-16,NOK,Nokia,Technology,Telecom Infrastructure,AI Infrastructure,AI-RAN,Telecom Edge,5,13.979999542236328,-0.0566801734065659,0.0093862207354542,0.0021505185219621,14.978000020980836,12.988400020599364,8.10740000486374,False,True,True,16.850000381469727,4.050000190734863,-0.1703264554456387,118954336.0,126023636.8,0.943904961168364,2026-06-16
2026-06-16,TEAM,Atlassian,Technology,Enterprise Software,Software,Developer Tools,SaaS,8,87.94999694824219,-0.0393228397980539,-0.0801171803494376,0.0056025368042398,94.25749969482422,82.8825001525879,120.78922481536866,False,True,False,220.88999938964844,57.150001525878906,-0.6018380316390015,4627769.0,5551288.45,0.833638720394722,2026-06-16
2026-06-16,DDOG,Datadog,Technology,Observability Software,Software,Cloud Software,SaaS,9,231.1100006103516,-0.0084945547155478,0.0165831104653386,0.1112126423596699,233.7724998474121,181.7256002807617,150.55070037841796,False,True,True,277.489990234375,102.61499786376952,-0.1671411267298317,3950158.0,6106952.9,0.6468296161249254,2026-06-16
2026-06-16,RDW,Redwire,Industrials,Space Infrastructure,Space Economy,Space Infrastructure,Space Hardware,6,13.5,-0.089683070165093,-0.1428571428571429,-0.0398293316432181,18.37600011825561,13.573200073242187,9.816949994564055,False,False,True,25.89999961853028,5.059999942779541,-0.4787644710874296,40851692.0,60211294.6,0.6784722413193222,2026-06-16
2026-06-16,PL,Planet Labs,Technology,Earth Observation,Space Economy,Satellite Data,Space Software,6,28.209999084472656,-0.0775016626928157,-0.0949631371375097,-0.3222008695713543,40.22949981689453,38.65139999389648,23.637799980640413,False,False,True,51.400001525878906,5.03000020980835,-0.451167349279757,21705308.0,16140810.4,1.3447471014218717,2026-06-16
2026-06-16,UUUU,Energy Fuels,Energy,Nuclear Fuel,Nuclear,Nuclear Fuel,Upstream Nuclear,6,15.34000015258789,-0.0191815974520066,0.0675017588555164,-0.166757181980953,16.710000228881835,18.982600135803224,18.28420001506805,False,False,False,27.71999931335449,5.409999847412109,-0.4466089273964146,6013696.0,10356264.8,0.5806819462553718,2026-06-16
2026-06-16,SMR,NuScale Power,Industrials,Small Modular Reactor,Nuclear,SMR,Reactor Developer,6,9.890000343322754,-0.0704887195300393,-0.0109999656677246,-0.1193231748473186,11.199000072479247,11.478600006103516,20.97324996948242,False,False,False,53.43000030517578,9.15999984741211,-0.8148979920113399,31332097.0,35778114.85,0.8757335910894142,2026-06-16
2026-06-16,OKLO,Oklo,Industrials,Advanced Nuclear,Nuclear,SMR,Reactor Developer,7,57.45000076293945,-0.0541653082748216,0.0171742427153835,-0.0771084214788843,62.64749946594238,64.5705997467041,85.17619979858398,False,False,False,174.13999938964844,45.58000183105469,-0.6700930230601889,7463972.0,13924408.6,0.5360351174986347,2026-06-16
2026-06-16,RGTI,Rigetti Computing,Technology,Quantum Computing,Quantum,Quantum Hardware,Quantum Hardware,4,20.63999938964844,-0.0907489561257733,0.0482477821139524,0.1563024621038684,22.54249997138977,19.554500122070312,23.69972502708435,False,True,False,56.34000015258789,10.789999961853027,-0.6336528339767786,31739774.0,64457098.7,0.4924170438965165,2026-06-16
2026-06-16,QBTS,D-Wave Quantum,Technology,Quantum Computing,Quantum,Quantum Hardware,Quantum Hardware,4,23.940000534057617,-0.0883472838767376,0.017857145753384,0.1764127806040174,25.78399991989136,22.099399967193605,23.77984996318817,False,True,True,44.77999877929688,12.979999542236328,-0.465386306684631,29309126.0,45609956.3,0.6426036851958133,2026-06-16
2026-06-16,IONQ,IonQ,Technology,Quantum Computing,Quantum,Quantum Hardware,Quantum Hardware,6,56.060001373291016,-0.0836874616924711,-0.0111130229084386,0.0791145437919529,61.76100025177002,51.35460014343262,49.15640007972717,False,True,True,82.08999633789062,26.59000015258789,-0.3170909504911847,21745166.0,31212928.3,0.6966717698191746,2026-06-16
2026-06-16,MU,Micron,Technology,Memory,AI Infrastructure,Memory,HBM,9,1020.760009765625,-0.0617928299636905,0.090683727562868,0.4086054806314485,928.254995727539,704.941801147461,390.9217068099976,True,True,True,1087.989990234375,104.72804260253906,-0.0617928299636905,43671087.0,54343074.35,0.8036182627198014,2026-06-16
2026-06-16,SNDK,Sandisk,Technology,Memory,AI Infrastructure,Memory,NAND,6,1991.550048828125,-0.0551792114591556,0.2095363620565615,0.4148450704054351,1691.6985107421874,1346.818800048828,593.0598259544372,True,True,True,2107.860107421875,40.68999862670898,-0.0551792114591556,9501905.0,10975335.25,0.8657507751300809,2026-06-16
2026-06-16,ORCL,Oracle,Technology,Enterprise Software,AI Infrastructure,NeoCloud,AI Cloud,8,188.3300018310547,-0.0223733262679056,-0.0849326851702747,-0.0239440020225902,205.30700073242187,186.7468341064453,204.4468822479248,False,True,False,325.75933837890625,136.00498962402344,-0.4218738202003619,16695554.0,25928512.7,0.6439071223703472,2026-06-16
2026-06-16,KEYS,Keysight Technologies,Technology,Electronic Test & Measurement,AI Infrastructure,Optical Test & Metrology,R&D Test & Standards,9,350.2900085449219,-0.0186305649436868,0.0569049762722901,0.0036675130898293,341.804997253418,342.00919677734373,244.5340491485596,True,True,True,366.6799926757813,158.50999450683594,-0.0446983322194821,1312611.0,1850850.55,0.7091934030005826,2026-06-16
2026-06-16,FORM,FormFactor,Technology,Semiconductor Test Equipment,AI Infrastructure,Optical Test & Metrology,Wafer-Level Test & Probing,8,140.24000549316406,-0.0809960689121284,0.1626596111741343,0.1106360118911491,127.81500053405762,132.063798828125,80.5008496761322,True,True,True,155.0800018310547,27.6200008392334,-0.0956925210386405,1146277.0,1536508.85,0.7460269428321222,2026-06-16
2026-06-16,AEHR,Aehr Test Systems,Technology,Semiconductor Test Equipment,AI Infrastructure,Optical Test & Metrology,Wafer & Package Burn-In,6,104.83000183105467,-0.0953572288942848,0.1115470739560244,0.0535678575985396,100.3759994506836,92.18300010681152,44.34135000228882,True,True,True,116.58000183105467,11.149999618530272,-0.1007891560769389,1266852.0,2016782.6,0.628154963256823,2026-06-16
2026-06-17,NVDA,NVIDIA,Technology,Semiconductor,AI Infrastructure,GPU,Compute,10,204.6499938964844,-0.0133070233686574,0.0211056569513254,-0.0784072538155871,212.30701217651367,208.5445254516601,189.4837065124512,False,False,True,235.465576171875,143.65866088867188,-0.1308708592414256,118585112.0,172340530.6,0.6880860328510559,2026-06-17
2026-06-17,AVGO,Broadcom,Technology,Semiconductor,AI Infrastructure,Networking,Connectivity,9,392.8999938964844,0.0429773640430157,0.0558989181719666,-0.0661025364822199,414.057502746582,410.4596014404297,358.5831507873536,False,False,True,481.5700073242188,248.5644073486328,-0.1841269432878882,31408732.0,33435566.6,0.9393808807176008,2026-06-17
2026-06-17,ANET,Arista,Technology,Networking Equipment,AI Infrastructure,Networking,Connectivity,8,164.92999267578125,-0.0183322536263125,0.0867817517504725,0.1638556549418457,159.64099807739257,158.04299926757812,141.9991494369507,True,True,True,177.72999572753906,86.25,-0.0720193741037403,6079980.0,8636979.0,0.7039475260967984,2026-06-17
2026-06-17,CRDO,Credo,Technology,Semiconductor,AI Infrastructure,Optical,Connectivity,7,249.3300018310547,0.0424366981607537,0.049015523032118,0.5955077431004683,227.39400100708008,194.0959005737305,152.86702545166017,True,True,True,264.760009765625,84.56999969482422,-0.0582792240725081,7191540.0,9735647.0,0.7386812607318239,2026-06-17
2026-06-17,TSM,TSMC,Technology,Semiconductor Foundry,AI Infrastructure,Foundry,Manufacturing,9,432.1499938964844,0.0148416211246462,0.059723585788932,0.0939815640654482,423.1900436401367,402.8442333984375,332.3332269287109,True,True,True,445.6463623046875,207.21827697753903,-0.0302849289252712,10883883.0,12155374.15,0.8953967903982618,2026-06-17
2026-06-17,ASML,ASML,Technology,Semicap Equipment,AI Infrastructure,Equipment,Manufacturing Equipment,10,1867.8299560546875,0.0354455875286339,0.0770619246817156,0.2685701053879186,1713.5690002441406,1568.9917700195313,1258.3740390014648,True,True,True,1899.47998046875,686.0034790039062,-0.0166624680120355,2313498.0,1946554.9,1.1885089909357296,2026-06-17
2026-06-17,VRT,Vertiv,Industrials,Electrical Equipment,AI Infrastructure,Power,Power Infrastructure,7,317.5799865722656,0.0600132847211547,0.1304934212455994,-0.0650043841139728,312.6841110229492,320.43259582519534,222.80183944702148,True,False,True,376.1517333984375,116.4117660522461,-0.1557130849750198,6149971.0,5914338.55,1.0398408795857654,2026-06-17
2026-06-17,ETN,Eaton,Industrials,Electrical Equipment,AI Infrastructure,Power,Power Infrastructure,8,409.6400146484375,0.0047338138230836,0.0910350609152688,0.0727211351672916,400.39050140380857,403.8813940429688,366.608708190918,True,True,True,431.8166809082031,313.9706115722656,-0.0513566687908474,2235911.0,2423705.55,0.922517588821794,2026-06-17
2026-06-17,GEV,GE Vernova,Industrials,Power Equipment,AI Infrastructure,Power,Grid Infrastructure,7,1048.8599853515625,0.0677050047524601,0.2102502206470415,0.0366963931614381,976.0076934814454,1018.3382238769532,769.0890475463867,True,True,True,1148.9429931640625,485.6453552246094,-0.087108767282598,3984386.0,2927384.3,1.3610737749737882,2026-06-17
2026-06-17,CEG,Constellation Energy,Utilities,Power Generation,AI Infrastructure,Energy,Power Supply,6,267.1700134277344,-0.0030969648218867,0.1026413952238542,0.0197328756783754,269.654500579834,284.3982638549805,318.5987717437744,False,False,False,402.3219299316406,242.3000030517578,-0.3359297777450765,3255246.0,4151747.3,0.7840665061671745,2026-06-17
2026-06-17,NBIS,Nebius,Technology,AI Cloud Infrastructure,AI Infrastructure,NeoCloud,AI Cloud,7,280.9100036621094,0.0596378619184954,0.3269875781680458,0.4055338877426178,233.75600051879883,193.9610006713868,123.94217563629152,True,True,True,280.9100036621094,44.29999923706055,0.0,24142330.0,17185521.5,1.4048063656374932,2026-06-17
2026-06-17,CRWV,CoreWeave,Technology,AI Cloud Infrastructure,AI Infrastructure,NeoCloud,AI Cloud,8,115.20999908447266,-0.0155515655285658,0.2049994597740754,0.1102438355159245,106.80049934387208,110.79409927368164,100.27397480010988,True,True,True,183.5800018310547,64.55000305175781,-0.3724262014633908,26119583.0,28373219.15,0.9205717145423028,2026-06-17
2026-06-17,MRVL,Marvell,Technology,Semiconductor,AI Infrastructure,Networking,Connectivity,8,289.5400085449219,0.0390066910446622,0.1462845431044033,0.7139644888318992,251.410001373291,194.01705520629883,111.76655025482178,True,True,True,316.42999267578125,62.192867279052734,-0.0849792521355939,48621136.0,59606621.8,0.815700244901314,2026-06-17
2026-06-17,COHR,Coherent,Technology,Optical Components,AI Infrastructure,Optical,Connectivity,7,378.8500061035156,-0.0103445350966101,0.0678750115160269,0.0441529645402096,382.8439987182617,355.08180114746096,222.39280017852784,False,True,True,426.8900146484375,80.63999938964844,-0.1125348611971749,5447670.0,5838573.5,0.933048115263086,2026-06-17
2026-06-17,NOK,Nokia,Technology,Telecom Infrastructure,AI Infrastructure,AI-RAN,Telecom Edge,5,13.829999923706056,-0.0107295867984184,0.0320895759266404,0.0065502295551032,14.98600001335144,13.088000011444093,8.155050003528595,False,True,True,16.850000381469727,4.050000190734863,-0.1792285097562861,102645624.0,127276346.2,0.8064783996761214,2026-06-17
2026-06-17,TEAM,Atlassian,Technology,Enterprise Software,Software,Developer Tools,SaaS,8,84.38999938964844,-0.04047751770462,-0.0781079468469406,-0.0564096640763036,94.14599952697752,83.27370010375977,120.3222748184204,False,True,False,220.88999938964844,57.150001525878906,-0.6179546397626401,4783165.0,5460638.25,0.8759351528184457,2026-06-17
2026-06-17,DDOG,Datadog,Technology,Observability Software,Software,Cloud Software,SaaS,9,226.6300048828125,-0.0193846900424369,-0.004393093961909,0.0852887507610395,234.3465003967285,183.9274003601074,151.00045043945312,False,True,True,277.489990234375,102.61499786376952,-0.1832858378372671,3146330.0,5917836.5,0.5316689638181116,2026-06-17
2026-06-17,RDW,Redwire,Industrials,Space Infrastructure,Space Economy,Space Infrastructure,Space Hardware,6,14.359999656677246,0.0637036782723885,-0.0342972584268221,0.0286532677247304,18.39850010871887,13.667400074005126,9.84419999361038,False,True,True,25.89999961853028,5.059999942779541,-0.4455598506494448,32882782.0,59449369.1,0.5531224720768315,2026-06-17
2026-06-17,PL,Planet Labs,Technology,Earth Observation,Space Economy,Satellite Data,Space Software,6,28.21999931335449,0.0003544923504565,-0.0813802101523227,-0.3217976712469925,39.56099977493286,38.51240001678467,23.743449976444243,False,False,True,51.400001525878906,5.03000020980835,-0.4509727923033958,9830059.0,16277082.95,0.6039201882914776,2026-06-17
2026-06-17,UUUU,Energy Fuels,Energy,Nuclear Fuel,Nuclear,Nuclear Fuel,Upstream Nuclear,6,15.300000190734863,-0.0026075594168933,0.1176041387655386,-0.1206896249330372,16.66600022315979,18.939800128936767,18.302900013923644,False,False,False,27.71999931335449,5.409999847412109,-0.4480519274990069,6403421.0,10181616.05,0.6289199051068125,2026-06-17
2026-06-17,SMR,NuScale Power,Industrials,Small Modular Reactor,Nuclear,SMR,Reactor Developer,6,10.34000015258789,0.0455004846960349,0.1130247787993989,-0.0133587209698067,11.213000059127808,11.502200012207032,20.851699962615967,False,False,False,53.43000030517578,9.15999984741211,-0.8064757609296467,47542600.0,36741790.0,1.293965264076682,2026-06-17
2026-06-17,OKLO,Oklo,Industrials,Advanced Nuclear,Nuclear,SMR,Reactor Developer,7,58.81999969482422,0.023846804415859,0.0888559643906981,0.0044398619439205,62.79449939727783,64.81519973754882,85.10209980010987,False,False,False,174.13999938964844,45.58000183105469,-0.662225795905678,9320938.0,13869361.9,0.672052403506754,2026-06-17
2026-06-17,RGTI,Rigetti Computing,Technology,Quantum Computing,Quantum,Quantum Hardware,Quantum Hardware,4,20.2450008392334,-0.0191375272333168,0.0411417411655767,0.2181106989743813,22.75675001144409,19.682600135803224,23.71980003356933,False,True,False,56.34000015258789,10.789999961853027,-0.6406638128433964,25279750.0,64773722.5,0.3902778630639917,2026-06-17
2026-06-17,QBTS,D-Wave Quantum,Technology,Quantum Computing,Quantum,Quantum Hardware,Quantum Hardware,4,22.920000076293945,-0.0426065344615425,-0.0141935451056367,0.2025184007611782,26.020499897003173,22.28299997329712,23.81634996414185,False,True,False,44.77999877929688,12.979999542236328,-0.4881643434324848,27449423.0,45912906.15,0.5978585391724327,2026-06-17
2026-06-17,IONQ,IonQ,Technology,Quantum Computing,Quantum,Quantum Hardware,Quantum Hardware,6,54.68999862670898,-0.0244381504284934,-0.0342575031752655,0.1091055993426126,62.07350025177002,51.878600120544434,49.21615006446839,False,True,True,82.08999633789062,26.59000015258789,-0.3337799845720606,19320564.0,31077663.2,0.6216865108442259,2026-06-17
2026-06-17,MU,Micron,Technology,Memory,AI Infrastructure,Memory,HBM,9,1043.18994140625,0.0219737562463631,0.169652795998402,0.5306364630665827,945.4774932861328,718.2540002441406,395.5434685134888,True,True,True,1087.989990234375,104.72803497314452,-0.0411768943007225,43963923.0,53543101.15,0.8210940729196071,2026-06-17
2026-06-17,SNDK,Sandisk,Technology,Memory,AI Infrastructure,Memory,NAND,6,1958.800048828125,-0.0164444775160287,0.1920425455415286,0.4694563690279631,1720.4740112304687,1371.7788012695312,602.5914761924744,True,True,True,2107.860107421875,40.68999862670898,-0.0707162956729919,8842080.0,10756304.0,0.8220370119699109,2026-06-17
2026-06-17,ORCL,Oracle,Technology,Enterprise Software,AI Infrastructure,NeoCloud,AI Cloud,8,183.52999877929688,-0.0254871927206996,-0.0880949826664972,-0.0165050202078175,205.41050033569337,187.56399993896488,204.2427348327637,False,False,False,325.75933837890625,136.00498962402344,-0.4366086335617972,13372726.0,25775761.3,0.5188101272492774,2026-06-17
2026-06-17,KEYS,Keysight Technologies,Technology,Electronic Test & Measurement,AI Infrastructure,Optical Test & Metrology,R&D Test & Standards,9,350.70001220703125,0.0011704691886944,0.0824074450834297,0.0300164499851167,342.1344985961914,343.0109973144531,245.47039924621583,True,True,True,366.6799926757813,158.50999450683594,-0.0435801810514365,841561.0,1683103.05,0.5000056294829957,2026-06-17
2026-06-17,FORM,FormFactor,Technology,Semiconductor Test Equipment,AI Infrastructure,Optical Test & Metrology,Wafer-Level Test & Probing,8,139.9499969482422,-0.0020679444777689,0.208444865715802,0.1918753119624516,128.9525005340576,132.7603987121582,81.05464965820312,True,True,True,155.0800018310547,27.6200008392334,-0.0975625786959639,1074595.0,1519889.75,0.7070216770657214,2026-06-17
2026-06-17,AEHR,Aehr Test Systems,Technology,Semiconductor Test Equipment,AI Infrastructure,Optical Test & Metrology,Wafer & Package Burn-In,6,112.62000274658205,0.0743107963317772,0.2068152927011661,0.3476128174924113,101.94999961853028,93.43040016174317,44.77970001220703,True,True,True,116.58000183105467,11.149999618530272,-0.0339680821948468,2006584.0,1979379.2,1.0137441072433215,2026-06-17
2026-06-18,NVDA,NVIDIA,Technology,Semiconductor,AI Infrastructure,GPU,Compute,10,210.69000244140625,0.0295138466897635,0.0284082953235278,-0.0438531338337488,211.6810195922852,209.1209646606445,189.6843923187256,False,True,True,235.465576171875,143.6586456298828,-0.1052195150274711,238264530.0,175532596.5,1.357380536440706,2026-06-18
2026-06-18,AVGO,Broadcom,Technology,Semiconductor,AI Infrastructure,Networking,Connectivity,9,411.3500061035156,0.046958545415229,0.0668620439598117,0.0006811462142894,413.73700256347655,411.6740014648437,359.15720443725587,False,False,True,481.5700073242188,248.5644073486328,-0.1458147313012109,39986213.0,35049085.65,1.1408632281966535,2026-06-18
2026-06-18,ANET,Arista,Technology,Networking Equipment,AI Infrastructure,Networking,Connectivity,8,169.6699981689453,0.0287394998099705,0.0848465779432439,0.1984037009083388,161.09999771118163,158.53499908447264,142.16814945220946,True,True,True,177.72999572753906,86.25,-0.0453496750821384,11021168.0,8714663.4,1.2646693847062411,2026-06-18
2026-06-18,CRDO,Credo,Technology,Semiconductor,AI Infrastructure,Optical,Connectivity,7,271.8299865722656,0.0902417862911535,0.0267033409346797,0.60855658758625,231.8365005493164,197.3283003234864,153.60482540130616,True,True,True,271.8299865722656,84.56999969482422,0.0,9323004.0,9842495.2,0.947219562779162,2026-06-18
2026-06-18,TSM,TSMC,Technology,Semiconductor Foundry,AI Infrastructure,Foundry,Manufacturing,9,462.1199951171875,0.069350923623713,0.0974896978624286,0.1798024555694879,426.2619598388672,404.7857312011719,333.5143687438965,True,True,True,462.1199951171875,207.21827697753903,0.0,16178928.0,12454116.4,1.2990827675257637,2026-06-18
2026-06-18,ASML,ASML,Technology,Semicap Equipment,AI Infrastructure,Equipment,Manufacturing Equipment,10,1929.6800537109373,0.0331133449572103,0.0158991268940538,0.3222058674450045,1732.5465026855468,1579.2263110351562,1264.4122802734375,True,True,True,1929.6800537109373,686.00341796875,0.0,2383532.0,1978976.6,1.2044265707841113,2026-06-18
2026-06-18,VRT,Vertiv,Industrials,Electrical Equipment,AI Infrastructure,Power,Power Infrastructure,7,333.04998779296875,0.0487121414282916,0.1183001940177286,0.0325117711020543,313.5563934326172,321.4741650390625,223.8477215194702,True,True,True,376.1517333984375,116.41177368164062,-0.1145860613642669,7218660.0,5976143.0,1.207912862861548,2026-06-18
2026-06-18,ETN,Eaton,Industrials,Electrical Equipment,AI Infrastructure,Power,Power Infrastructure,8,421.7699890136719,0.0296113024398863,0.0714611658328421,0.1341561349784881,402.4945007324219,404.6264465332032,367.0135768127441,True,True,True,431.8166809082031,313.9706420898437,-0.0232661042028318,2059072.0,2392758.6,0.8605431404572111,2026-06-18
2026-06-18,GEV,GE Vernova,Industrials,Power Equipment,AI Infrastructure,Power,Grid Infrastructure,7,1109.72998046875,0.0580344335443254,0.2244257289588842,0.0973483096156555,980.2943511962892,1021.8209838867188,771.7458673095703,True,True,True,1148.9429931640625,485.6453552246094,-0.0341296417042625,4332993.0,3016384.65,1.4364855622773445,2026-06-18
2026-06-18,CEG,Constellation Energy,Utilities,Power Generation,AI Infrastructure,Energy,Power Supply,6,274.0599975585937,0.0257887629021773,0.1108588630393372,0.0513675660456107,269.29449996948244,284.202883605957,318.43931282043457,True,False,False,402.3219604492188,242.3000030517578,-0.318804279904115,6416663.0,4272853.15,1.501727949625416,2026-06-18
2026-06-18,NBIS,Nebius,Technology,AI Cloud Infrastructure,AI Infrastructure,NeoCloud,AI Cloud,7,286.69000244140625,0.0205759805772147,0.2900017789561502,0.4499064817482174,238.4995002746582,197.1948007202149,125.047025642395,True,True,True,286.69000244140625,44.29999923706055,0.0,28865068.0,17988073.4,1.6046781307885924,2026-06-18
2026-06-18,CRWV,CoreWeave,Technology,AI Cloud Infrastructure,AI Infrastructure,NeoCloud,AI Cloud,8,117.9499969482422,0.0237826394023366,0.2319824480889976,0.1817453144310448,107.63399925231934,111.3750991821289,100.39702480316164,True,True,True,183.5800018310547,64.55000305175781,-0.35750084011444,65361027.0,30586161.35,2.136947695137952,2026-06-18
2026-06-18,MRVL,Marvell,Technology,Semiconductor,AI Infrastructure,Networking,Connectivity,8,310.5799865722656,0.0726669109843567,0.1064087350876057,0.7619559712054096,257.59900054931643,197.94080017089843,112.99705743789671,True,True,True,316.42999267578125,62.19287109375,-0.0184875209016915,250206305.0,70725840.25,3.5376929297068336,2026-06-18
2026-06-18,COHR,Coherent,Technology,Optical Components,AI Infrastructure,Optical,Connectivity,7,389.5700073242188,0.0282961621961119,0.0714836396716442,0.1016316543991118,384.3974990844727,357.2374011230469,223.90165019989013,True,True,True,426.8900146484375,80.63999938964844,-0.087423003686215,7340083.0,5965279.15,1.2304676471008067,2026-06-18
2026-06-18,NOK,Nokia,Technology,Telecom Infrastructure,AI Infrastructure,AI-RAN,Telecom Edge,5,13.489999771118164,-0.0245842483343109,-0.0425834190895679,-0.0131675423680451,14.979500007629394,13.169000015258788,8.201350002288818,False,True,True,16.850000381469727,4.050000190734863,-0.19940655989816,125181134.0,129618046.7,0.965769329094511,2026-06-18
2026-06-18,TEAM,Atlassian,Technology,Enterprise Software,Software,Developer Tools,SaaS,8,82.72000122070312,-0.0197890529804904,-0.0726456944981628,-0.0450242600117303,93.97049942016602,83.65570014953613,119.87247486114502,False,False,False,220.88999938964844,57.150001525878906,-0.6255149556373278,7553707.0,5649625.35,1.3370279500037998,2026-06-18
2026-06-18,DDOG,Datadog,Technology,Observability Software,Software,Cloud Software,SaaS,9,223.0,-0.0160173181158846,-0.0479849950033068,0.036486201841551,234.8845001220703,186.0574003601074,151.4420004272461,False,True,True,277.489990234375,102.61499786376952,-0.1963674083823758,8447058.0,6096102.9,1.3856488544509311,2026-06-18
2026-06-18,RDW,Redwire,Industrials,Space Infrastructure,Space Economy,Space Infrastructure,Space Hardware,6,14.350000381469728,-0.0006963283737175,-0.1603276621798773,0.0316319582231683,18.377500104904176,13.762200088500975,9.871349995136262,False,True,True,25.89999961853028,5.059999942779541,-0.4459459230569659,28136393.0,58365574.65,0.4820717206799573,2026-06-18
2026-06-18,PL,Planet Labs,Technology,Earth Observation,Space Economy,Satellite Data,Space Software,6,28.229999542236328,0.0003543667301615,-0.1738366679840044,-0.3212310786567827,38.83949975967407,38.34600002288818,23.851349973678587,False,False,True,51.400001525878906,5.03000020980835,-0.4507782353270345,12379895.0,16534209.75,0.7487442815342293,2026-06-18
2026-06-18,UUUU,Energy Fuels,Energy,Nuclear Fuel,Nuclear,Nuclear Fuel,Upstream Nuclear,6,16.559999465942383,0.0823528927777745,0.0981432062151232,0.0234857326081165,16.655000162124633,18.90340013504028,18.32890001296997,False,False,False,27.71999931335449,5.409999847412109,-0.4025974070654332,28383874.0,11072863.7,2.5633724724706943,2026-06-18
2026-06-18,SMR,NuScale Power,Industrials,Small Modular Reactor,Nuclear,SMR,Reactor Developer,6,11.739999771118164,0.1353964794845656,0.2267502764360123,0.1669979404996362,11.280500030517578,11.53980001449585,20.724199953079225,True,True,False,53.43000030517578,9.15999984741211,-0.7802732602645913,48584275.0,38104513.75,1.2750267676621383,2026-06-18
2026-06-18,OKLO,Oklo,Industrials,Advanced Nuclear,Nuclear,SMR,Reactor Developer,7,61.16999816894531,0.0399523714096154,0.0572070087051048,0.0946670901881661,62.723999214172366,65.03439971923828,85.03999980926514,False,False,False,174.13999938964844,45.58000183105469,-0.6487309154511143,14129091.0,13954989.55,1.0124759283678575,2026-06-18
2026-06-18,RGTI,Rigetti Computing,Technology,Quantum Computing,Quantum,Quantum Hardware,Quantum Hardware,4,21.36000061035156,0.0550753136526116,0.0353854328299367,0.3383458997053707,22.98075008392334,19.81920015335083,23.74900003433228,False,True,False,56.34000015258789,10.789999961853027,-0.620873259629013,34138187.0,65147029.35,0.524017554455075,2026-06-18
2026-06-18,QBTS,D-Wave Quantum,Technology,Quantum Computing,Quantum,Quantum Hardware,Quantum Hardware,4,24.690000534057617,0.0772251506052295,0.0365239651712689,0.3573391868697242,26.289999961853027,22.48539999008179,23.860549964904784,False,True,True,44.77999877929688,12.979999542236328,-0.4486377577689319,30819627.0,46370936.35,0.6646324061127137,2026-06-18
2026-06-18,IONQ,IonQ,Technology,Quantum Computing,Quantum,Quantum Hardware,Quantum Hardware,6,56.54999923706055,0.0340098858485469,-0.0248319089451063,0.167423634192257,62.27750015258789,52.42980010986328,49.28395005226135,False,True,True,82.08999633789062,26.59000015258789,-0.3111219178973391,20201236.0,30962226.8,0.652447775493977,2026-06-18
2026-06-18,MU,Micron,Technology,Memory,AI Infrastructure,Memory,HBM,9,1133.989990234375,0.0870407633587071,0.1386927970461993,0.6229069554957147,965.5774932861328,732.7991998291016,400.6218767547608,True,True,True,1133.989990234375,104.72803497314452,0.0,61492016.0,54285595.8,1.1327501355341116,2026-06-18
2026-06-18,SNDK,Sandisk,Technology,Memory,AI Infrastructure,Memory,NAND,6,2184.75,0.1153512076472798,0.1611684172077025,0.5793867795655314,1760.0835083007812,1399.85580078125,613.2598761940003,True,True,True,2184.75,40.68999862670898,0.0,11706226.0,10901576.3,1.0738103993272972,2026-06-18
2026-06-18,ORCL,Oracle,Technology,Enterprise Software,AI Infrastructure,NeoCloud,AI Cloud,8,184.2899932861328,0.0041409824654869,0.0010319781440439,0.0155956490001019,205.2169998168945,188.3865997314453,204.0465044403076,False,False,False,325.75933837890625,136.00498962402344,-0.4342756397921697,19658467.0,26095018.35,0.7533417580447879,2026-06-18
2026-06-18,KEYS,Keysight Technologies,Technology,Electronic Test & Measurement,AI Infrastructure,Optical Test & Metrology,R&D Test & Standards,9,363.6700134277344,0.0369831786976,0.0695233206873064,0.0568423728134137,343.21399993896483,343.9177978515625,246.46979934692385,True,True,True,366.6799926757813,158.50999450683594,-0.0082087359773357,1222235.0,1584036.75,0.7715951034595631,2026-06-18
2026-06-18,FORM,FormFactor,Technology,Semiconductor Test Equipment,AI Infrastructure,Optical Test & Metrology,Wafer-Level Test & Probing,8,149.5500030517578,0.0685959722247511,0.1482647170159039,0.2760239500501182,130.1645008087158,133.3953987121582,81.66024967193603,True,True,True,155.0800018310547,27.6200008392334,-0.0356590064096162,1797198.0,1534109.9,1.1714923422370198,2026-06-18
2026-06-18,AEHR,Aehr Test Systems,Technology,Semiconductor Test Equipment,AI Infrastructure,Optical Test & Metrology,Wafer & Package Burn-In,6,115.3000030517578,0.023796841056791,0.1190915696189109,0.4210007877627293,103.59799995422364,94.47320022583008,45.23180003166199,True,True,True,116.58000183105467,11.149999618530272,-0.0109795741910505,1344939.0,1962861.95,0.685192863410491,2026-06-18
2026-06-19,NVDA,NVIDIA,Technology,Semiconductor,AI Infrastructure,GPU,Compute,10,210.69000244140625,0.0295138466897635,0.0284082953235278,-0.0438531338337488,211.6810195922852,209.1209646606445,189.6843923187256,False,True,True,235.465576171875,143.65866088867188,-0.1052195150274711,241272000.0,175682970.0,1.37333743845519,2026-06-19
2026-06-19,AVGO,Broadcom,Technology,Semiconductor,AI Infrastructure,Networking,Connectivity,9,411.3500061035156,0.046958545415229,0.0668620439598117,0.0006811462142894,413.73700256347655,411.6740014648437,359.15720443725587,False,False,True,481.5700073242188,248.5644073486328,-0.1458147313012109,45076100.0,35303580.0,1.2768138528727115,2026-06-19
2026-06-19,ANET,Arista,Technology,Networking Equipment,AI Infrastructure,Networking,Connectivity,8,169.6699981689453,0.0287394998099705,0.0848465779432439,0.1984037009083388,161.09999771118163,158.53499908447264,142.16814945220946,True,True,True,177.72999572753906,86.25,-0.0453496750821384,11130400.0,8720125.0,1.2764037212769312,2026-06-19
2026-06-19,CRDO,Credo,Technology,Semiconductor,AI Infrastructure,Optical,Connectivity,7,271.8299865722656,0.0902417862911535,0.0267033409346797,0.60855658758625,231.8365005493164,197.3283003234864,153.60482540130616,True,True,True,271.8299865722656,84.56999969482422,0.0,9353600.0,9844025.0,0.9501804394035976,2026-06-19
2026-06-19,TSM,TSMC,Technology,Semiconductor Foundry,AI Infrastructure,Foundry,Manufacturing,9,462.1199951171875,0.069350923623713,0.0974896978624286,0.1798024555694879,426.2619598388672,404.7857312011719,333.5143704223633,True,True,True,462.1199951171875,207.21827697753903,0.0,25817100.0,12936025.0,1.9957521727114784,2026-06-19
2026-06-19,ASML,ASML,Technology,Semicap Equipment,AI Infrastructure,Equipment,Manufacturing Equipment,10,1929.6800537109373,0.0331133449572103,0.0158991268940538,0.3222058674450045,1732.5465026855468,1579.2263110351562,1264.4122802734375,True,True,True,1929.6800537109373,686.0034790039062,0.0,2406100.0,1980105.0,1.2151375810878715,2026-06-19
2026-06-19,VRT,Vertiv,Industrials,Electrical Equipment,AI Infrastructure,Power,Power Infrastructure,7,333.04998779296875,0.0487121414282916,0.1183001940177286,0.0325117711020543,313.5563934326172,321.4741650390625,223.84772171020504,True,True,True,376.1517333984375,116.4117660522461,-0.1145860613642669,7262600.0,5978340.0,1.214818829307132,2026-06-19
2026-06-19,ETN,Eaton,Industrials,Electrical Equipment,AI Infrastructure,Power,Power Infrastructure,8,421.7699890136719,0.0296113024398863,0.0714611658328421,0.1341561349784881,402.4945007324219,404.6264465332032,367.0135786437989,True,True,True,431.8166809082031,313.9706115722656,-0.0232661042028318,3715600.0,2475585.0,1.5008977675983657,2026-06-19
2026-06-19,GEV,GE Vernova,Industrials,Power Equipment,AI Infrastructure,Power,Grid Infrastructure,7,1109.72998046875,0.0580344335443254,0.2244257289588842,0.0973483096156555,980.2943511962892,1021.8209838867188,771.7458654785156,True,True,True,1148.9429931640625,485.6453247070313,-0.0341296417042625,4344700.0,3016970.0,1.4400872398466011,2026-06-19
2026-06-19,CEG,Constellation Energy,Utilities,Power Generation,AI Infrastructure,Energy,Power Supply,6,274.0599975585937,0.0257887629021773,0.1108588630393372,0.0513675660456107,269.29449996948244,284.202883605957,318.439312210083,True,False,False,402.3219604492188,242.3000030517578,-0.318804279904115,6986000.0,4301320.0,1.624152585717873,2026-06-19
2026-06-19,NBIS,Nebius,Technology,AI Cloud Infrastructure,AI Infrastructure,NeoCloud,AI Cloud,7,286.69000244140625,0.0205759805772147,0.2900017789561502,0.4499064817482174,238.4995002746582,197.1948007202149,125.047025642395,True,True,True,286.69000244140625,44.29999923706055,0.0,36625500.0,18376095.0,1.993105716965438,2026-06-19
2026-06-19,CRWV,CoreWeave,Technology,AI Cloud Infrastructure,AI Infrastructure,NeoCloud,AI Cloud,8,117.9499969482422,0.0237826394023366,0.2319824480889976,0.1817453144310448,107.63399925231934,111.3750991821289,100.39702480316164,True,True,True,183.5800018310547,64.55000305175781,-0.35750084011444,65546300.0,30595425.0,2.142356250975432,2026-06-19
2026-06-19,MRVL,Marvell,Technology,Semiconductor,AI Infrastructure,Networking,Connectivity,8,310.5799865722656,0.0726669109843567,0.1064087350876057,0.7619559712054096,257.59900054931643,197.94080017089843,112.99705741882325,True,True,True,316.42999267578125,62.192867279052734,-0.0184875209016915,250989400.0,70764995.0,3.5468016354696275,2026-06-19
2026-06-19,COHR,Coherent,Technology,Optical Components,AI Infrastructure,Optical,Connectivity,7,389.5700073242188,0.0282961621961119,0.0714836396716442,0.1016316543991118,384.3974990844727,357.2374011230469,223.90165019989013,True,True,True,426.8900146484375,80.63999938964844,-0.087423003686215,7520600.0,5974305.0,1.2588242481761476,2026-06-19
2026-06-19,NOK,Nokia,Technology,Telecom Infrastructure,AI Infrastructure,AI-RAN,Telecom Edge,5,13.489999771118164,-0.0245842483343109,-0.0425834190895679,-0.0131675423680451,14.979500007629394,13.169000015258788,8.201350002288818,False,True,True,16.850000381469727,4.050000190734863,-0.19940655989816,126787700.0,129698375.0,0.9775581228369284,2026-06-19
2026-06-19,TEAM,Atlassian,Technology,Enterprise Software,Software,Developer Tools,SaaS,8,82.72000122070312,-0.0197890529804904,-0.0726456944981628,-0.0450242600117303,93.97049942016602,83.65570014953613,119.87247486114502,False,False,False,220.88999938964844,57.150001525878906,-0.6255149556373278,7557500.0,5649815.0,1.3376544187730042,2026-06-19
2026-06-19,DDOG,Datadog,Technology,Observability Software,Software,Cloud Software,SaaS,9,223.0,-0.0160173181158846,-0.0479849950033068,0.036486201841551,234.8845001220703,186.0574003601074,151.4420004272461,False,True,True,277.489990234375,102.61499786376952,-0.1963674083823758,8482300.0,6097865.0,1.3910278433517305,2026-06-19
2026-06-19,RDW,Redwire,Industrials,Space Infrastructure,Space Economy,Space Infrastructure,Space Hardware,6,14.350000381469728,-0.0006963283737175,-0.1603276621798773,0.0316319582231683,18.377500104904176,13.762200088500975,9.871349995136262,False,True,True,25.89999961853028,5.059999942779541,-0.4459459230569659,46785400.0,59298025.0,0.788987491573286,2026-06-19
2026-06-19,PL,Planet Labs,Technology,Earth Observation,Space Economy,Satellite Data,Space Software,6,28.229999542236328,0.0003543667301615,-0.1738366679840044,-0.3212310786567827,38.83949975967407,38.34600002288818,23.851349973678587,False,False,True,51.400001525878906,5.03000020980835,-0.4507782353270345,17232400.0,16776835.0,1.0271544066565594,2026-06-19
2026-06-19,UUUU,Energy Fuels,Energy,Nuclear Fuel,Nuclear,Nuclear Fuel,Upstream Nuclear,6,16.559999465942383,0.0823528927777745,0.0981432062151232,0.0234857326081165,16.655000162124633,18.90340013504028,18.32890001296997,False,False,False,27.71999931335449,5.409999847412109,-0.4025974070654332,28609000.0,11084120.0,2.5810799594374654,2026-06-19
2026-06-19,SMR,NuScale Power,Industrials,Small Modular Reactor,Nuclear,SMR,Reactor Developer,6,11.739999771118164,0.1353964794845656,0.2267502764360123,0.1669979404996362,11.280500030517578,11.53980001449585,20.724199953079225,True,True,False,53.43000030517578,9.15999984741211,-0.7802732602645913,68495300.0,39100065.0,1.7517950417729484,2026-06-19
2026-06-19,OKLO,Oklo,Industrials,Advanced Nuclear,Nuclear,SMR,Reactor Developer,7,61.16999816894531,0.0399523714096154,0.0572070087051048,0.0946670901881661,62.723999214172366,65.03439971923828,85.03999980926514,False,False,False,174.13999938964844,45.58000183105469,-0.6487309154511143,14444000.0,13970735.0,1.03387545465575,2026-06-19
2026-06-19,RGTI,Rigetti Computing,Technology,Quantum Computing,Quantum,Quantum Hardware,Quantum Hardware,4,21.36000061035156,0.0550753136526116,0.0353854328299367,0.3383458997053707,22.98075008392334,19.81920015335083,23.74900003433228,False,True,False,56.34000015258789,10.789999961853027,-0.620873259629013,35772800.0,65228760.0,0.5484206659761737,2026-06-19
2026-06-19,QBTS,D-Wave Quantum,Technology,Quantum Computing,Quantum,Quantum Hardware,Quantum Hardware,4,24.690000534057617,0.0772251506052295,0.0365239651712689,0.3573391868697242,26.289999961853027,22.48539999008179,23.860549964904784,False,True,True,44.77999877929688,12.979999542236328,-0.4486377577689319,31044300.0,46382170.0,0.669315385632022,2026-06-19
2026-06-19,IONQ,IonQ,Technology,Quantum Computing,Quantum,Quantum Hardware,Quantum Hardware,6,56.54999923706055,0.0340098858485469,-0.0248319089451063,0.167423634192257,62.27750015258789,52.42980010986328,49.28395005226135,False,True,True,82.08999633789062,26.59000015258789,-0.3111219178973391,20362600.0,30970295.0,0.6574880865681131,2026-06-19
2026-06-19,MU,Micron,Technology,Memory,AI Infrastructure,Memory,HBM,9,1133.989990234375,0.0870407633587071,0.1386927970461993,0.6229069554957147,965.5774932861328,732.7991998291016,400.6218767547608,True,True,True,1133.989990234375,104.72803497314452,0.0,64642500.0,54443120.0,1.187340108355289,2026-06-19
2026-06-19,SNDK,Sandisk,Technology,Memory,AI Infrastructure,Memory,NAND,6,2184.75,0.1153512076472798,0.1611684172077025,0.5793867795655314,1760.0835083007812,1399.85580078125,613.2598761940003,True,True,True,2184.75,40.68999862670898,0.0,12178300.0,10925180.0,1.1147001696997212,2026-06-19
2026-06-19,ORCL,Oracle,Technology,Enterprise Software,AI Infrastructure,NeoCloud,AI Cloud,8,184.2899932861328,0.0041409824654869,0.0010319781440439,0.0155956490001019,205.2169998168945,188.3865997314453,204.04650535583497,False,False,False,325.75933837890625,136.00498962402344,-0.4342756397921697,31386100.0,26681400.0,1.176328828322352,2026-06-19
2026-06-19,KEYS,Keysight Technologies,Technology,Electronic Test & Measurement,AI Infrastructure,Optical Test & Metrology,R&D Test & Standards,9,363.6700134277344,0.0369831786976,0.0695233206873064,0.0568423728134137,343.21399993896483,343.9177978515625,246.46979934692385,True,True,True,366.6799926757813,158.50999450683594,-0.0082087359773357,2727300.0,1659290.0,1.6436548162165745,2026-06-19
2026-06-19,FORM,FormFactor,Technology,Semiconductor Test Equipment,AI Infrastructure,Optical Test & Metrology,Wafer-Level Test & Probing,8,149.5500030517578,0.0685959722247511,0.1482647170159039,0.2760239500501182,130.1645008087158,133.3953987121582,81.66024967193603,True,True,True,155.0800018310547,27.6200008392334,-0.0356590064096162,1935900.0,1541045.0,1.2562254833570727,2026-06-19
2026-06-19,AEHR,Aehr Test Systems,Technology,Semiconductor Test Equipment,AI Infrastructure,Optical Test & Metrology,Wafer & Package Burn-In,6,115.3000030517578,0.023796841056791,0.1190915696189109,0.4210007877627293,103.59799995422364,94.47320022583008,45.23180003166199,True,True,True,116.58000183105467,11.149999618530272,-0.0109795741910505,1398700.0,1965550.0,0.7116074381216453,2026-06-19
2026-06-22,NVDA,NVIDIA,Technology,Semiconductor,AI Infrastructure,GPU,Compute,10,208.6499938964844,-0.0096825123227629,0.0168623783513339,-0.0652294688624042,211.15079650878903,209.6200463867188,189.8756769561768,False,False,True,235.465576171875,143.9782257080078,-0.1138832380993855,115057966.0,171266778.3,0.6718055138426107,2026-06-22
2026-06-22,AVGO,Broadcom,Technology,Semiconductor,AI Infrastructure,Networking,Connectivity,9,392.1300048828125,-0.0467242030765071,0.0263302467237553,-0.0613510251907348,412.6150024414063,412.4184014892578,359.61452713012693,False,False,True,481.5700073242188,252.32286071777344,-0.185725857260854,24324818.0,35676555.9,0.6818151973015983,2026-06-22
2026-06-22,ANET,Arista,Technology,Networking Equipment,AI Infrastructure,Networking,Connectivity,8,174.55999755859375,0.0288206485673403,0.0693456976507129,0.2425082976246837,162.3984977722168,159.10519897460938,142.35404941558838,True,True,True,177.72999572753906,91.9499969482422,-0.0178360335629835,7822548.0,8530222.4,0.917039161839438,2026-06-22
2026-06-22,CRDO,Credo,Technology,Semiconductor,AI Infrastructure,Optical,Connectivity,7,302.5199890136719,0.1129014603149654,0.2061719706488085,0.6532954206870258,237.2930000305176,201.22010009765623,154.49357536315918,True,True,True,302.5199890136719,84.56999969482422,0.0,9365047.0,9973517.35,0.9389913980547696,2026-06-22
2026-06-22,TSM,TSMC,Technology,Semiconductor Foundry,AI Infrastructure,Foundry,Manufacturing,9,467.6700134277344,0.0120099073166903,0.1031774620990433,0.167185941134101,429.3355239868164,406.8464099121094,334.70842178344725,True,True,True,467.6700134277344,208.0194396972656,0.0,13627989.0,13170529.45,1.0347335732960987,2026-06-22
2026-06-22,ASML,ASML,Technology,Semicap Equipment,AI Infrastructure,Equipment,Manufacturing Equipment,10,1929.25,-0.0002228627020891,0.035255265193006,0.2445730318895727,1749.409002685547,1588.9016552734374,1270.3938034057617,True,True,True,1929.6800537109373,686.0034790039062,-0.0002228627020891,1779604.0,2001165.2,0.8892839031979969,2026-06-22
2026-06-22,VRT,Vertiv,Industrials,Electrical Equipment,AI Infrastructure,Power,Power Infrastructure,7,357.9599914550781,0.0747935882753851,0.1821390634101898,0.1342049095687441,315.2877563476562,322.8817614746094,225.01026245117188,True,True,True,376.1517333984375,116.4117660522461,-0.0483627757846587,7239517.0,6079250.85,1.19085676485944,2026-06-22
2026-06-22,ETN,Eaton,Industrials,Electrical Equipment,AI Infrastructure,Power,Power Infrastructure,8,435.7799987792969,0.0332171802891618,0.1134162407559944,0.1477257656963102,405.2080001831055,405.3553179931641,367.49226440429686,True,True,True,435.7799987792969,313.9706115722656,0.0,2564360.0,2507118.0,1.0228317933180648,2026-06-22
2026-06-22,GEV,GE Vernova,Industrials,Power Equipment,AI Infrastructure,Power,Grid Infrastructure,7,1127.5899658203125,0.016093991931279,0.1993346880550135,0.1011654889944451,984.509506225586,1025.0222705078124,774.5051519775391,True,True,True,1148.9429931640625,498.5304565429688,-0.0185849319511893,3330106.0,3101790.3,1.0736077161631463,2026-06-22
2026-06-22,CEG,Constellation Energy,Utilities,Power Generation,AI Infrastructure,Energy,Power Supply,6,275.5299987792969,0.0053637934532522,0.085789741266228,-0.0203726473276558,268.779500579834,284.1171786499024,318.28077819824216,True,False,False,402.3219604492188,242.3000030517578,-0.3151504867602811,2735704.0,4319805.2,0.6332933716548144,2026-06-22
2026-06-22,NBIS,Nebius,Technology,AI Cloud Infrastructure,AI Infrastructure,NeoCloud,AI Cloud,7,283.6099853515625,-0.01074337111031,0.2205628533593995,0.4785213977820266,241.6834999084473,200.140400390625,126.13682556152344,True,True,True,286.69000244140625,44.29999923706055,-0.01074337111031,14196104.0,17934515.2,0.7915521463328989,2026-06-22
2026-06-22,CRWV,CoreWeave,Technology,AI Cloud Infrastructure,AI Infrastructure,NeoCloud,AI Cloud,8,111.29000091552734,-0.0564645714712254,0.1068125065917815,0.0988349353957205,107.81949920654296,111.76089920043944,100.50407482147216,True,False,True,173.67999267578125,64.55000305175781,-0.3592238276789947,28098046.0,30405397.3,0.9241137592370812,2026-06-22
2026-06-22,MRVL,Marvell,Technology,Semiconductor,AI Infrastructure,Networking,Connectivity,8,307.8599853515625,-0.008757812281218,0.1006791988399611,0.6480726997968083,263.4574996948242,201.700599975586,114.2253931236267,True,True,True,316.42999267578125,62.19287109375,-0.0270834229453075,46596718.0,72019525.9,0.6470011766628416,2026-06-22
2026-06-22,COHR,Coherent,Technology,Optical Components,AI Infrastructure,Optical,Connectivity,7,425.4800109863281,0.0921785635109824,0.1050567808619442,0.1868340613286698,386.77149963378906,360.06360107421875,225.58670024871827,True,True,True,426.8900146484375,80.63999938964844,-0.0033029670728432,8880213.0,6200005.65,1.432291114121807,2026-06-22
2026-06-22,NOK,Nokia,Technology,Telecom Infrastructure,AI Infrastructure,AI-RAN,Telecom Edge,5,14.43000030517578,0.0696812861383542,-0.0249999919453183,0.0594713969473319,14.992000007629397,13.266600017547608,8.251600003242492,False,True,True,16.850000381469727,4.050000190734863,-0.1436201793179343,116215008.0,132313095.4,0.8783333777255127,2026-06-22
2026-06-22,TEAM,Atlassian,Technology,Enterprise Software,Software,Developer Tools,SaaS,8,79.95999908447266,-0.0333655959320717,-0.0967012865252321,-0.072712559763072,93.85949935913088,84.07570014953613,119.41887489318847,False,False,False,220.88999938964844,57.150001525878906,-0.6380098723101367,5767846.0,5694962.3,1.0127979249309518,2026-06-22
2026-06-22,DDOG,Datadog,Technology,Observability Software,Software,Cloud Software,SaaS,9,221.3699951171875,-0.0073094389363789,-0.0371030839745808,0.0430172888603581,235.05100021362304,188.3052001953125,151.88585037231445,False,True,True,277.489990234375,102.61499786376952,-0.2022415117380888,4248752.0,6101342.6,0.696363452857081,2026-06-22
2026-06-22,RDW,Redwire,Industrials,Space Infrastructure,Space Economy,Space Infrastructure,Space Hardware,6,13.020000457763672,-0.0926829190488032,-0.1388888520958979,-0.1184834086501421,18.26100010871887,13.838200092315674,9.894849998950958,False,False,True,25.89999961853028,5.059999942779541,-0.4972972722189365,29713361.0,58549023.05,0.5074954192596046,2026-06-22
2026-06-22,PL,Planet Labs,Technology,Earth Observation,Space Economy,Satellite Data,Space Software,6,28.770000457763672,0.019128619351177,-0.0764044683760062,-0.3255977365056425,38.15399980545044,38.236800041198734,23.962999975681303,False,False,True,51.400001525878906,5.300000190734863,-0.4402723812512236,15196878.0,17163693.9,0.8854083560648912,2026-06-22
2026-06-22,UUUU,Energy Fuels,Energy,Nuclear Fuel,Nuclear,Nuclear Fuel,Upstream Nuclear,6,16.1200008392334,-0.0265699662378549,0.0718085691568917,-0.0393325280336475,16.568000173568727,18.859400157928462,18.35230001926422,False,False,False,27.71999931335449,5.480000019073486,-0.4184703737901116,9043862.0,11069328.1,0.8170199598654954,2026-06-22
2026-06-22,SMR,NuScale Power,Industrials,Small Modular Reactor,Nuclear,SMR,Reactor Developer,6,11.239999771118164,-0.04258943864974,0.1365014540881046,0.0818093743703936,11.276000022888184,11.578600006103516,20.57829996109009,False,False,False,53.43000030517578,9.15999984741211,-0.7896312987662599,28707036.0,38993791.8,0.7361950370776715,2026-06-22
2026-06-22,OKLO,Oklo,Industrials,Advanced Nuclear,Nuclear,SMR,Reactor Developer,7,58.400001525878906,-0.0452835822459232,0.0158288366819261,-0.0667945059583156,62.389499473571775,65.24739974975586,84.97084980010986,False,False,False,174.13999938964844,45.58000183105469,-0.664637637931734,8061467.0,13854513.35,0.581865764343141,2026-06-22
2026-06-22,RGTI,Rigetti Computing,Technology,Quantum Computing,Quantum,Quantum Hardware,Quantum Hardware,4,21.3799991607666,0.0009362616967973,0.0190657591638649,0.2665876909792235,22.9477499961853,19.960600128173827,23.780700030326845,False,True,False,56.34000015258789,10.789999961853027,-0.620518297783772,37087313.0,59671200.65,0.6215278492138067,2026-06-22
2026-06-22,QBTS,D-Wave Quantum,Technology,Quantum Computing,Quantum,Quantum Hardware,Quantum Hardware,4,24.46999931335449,-0.0089105393254104,0.0470688247590656,0.2678756622107179,26.22649993896484,22.69739997863769,23.906399960517884,False,True,True,44.77999877929688,12.979999542236328,-0.4535506927108783,26394515.0,41745270.75,0.6322755733953408,2026-06-22
2026-06-22,IONQ,IonQ,Technology,Quantum Computing,Quantum,Quantum Hardware,Quantum Hardware,6,58.31999969482422,0.0312997432651367,0.0081244811253258,0.1114922496287813,62.24900016784668,53.03460010528565,49.37070004463196,False,True,True,82.08999633789062,26.59000015258789,-0.2895602107865461,25259222.0,29086186.1,0.8684267477749514,2026-06-22
2026-06-22,MU,Micron,Technology,Memory,AI Infrastructure,Memory,HBM,9,1211.3800048828125,0.0682457652315275,0.2340746558817432,0.6549133472370874,988.0414947509764,748.5965997314453,406.0860366821289,True,True,True,1211.3800048828125,104.72804260253906,0.0,47957880.0,54717939.0,0.8764562568776576,2026-06-22
2026-06-22,SNDK,Sandisk,Technology,Memory,AI Infrastructure,Memory,NAND,6,2273.72998046875,0.0407277631164892,0.1482904946735952,0.6327697799726013,1796.6580078125,1428.2990002441406,624.3634761047364,True,True,True,2273.72998046875,40.68999862670898,0.0,9879098.0,10731829.9,0.9205417987476674,2026-06-22
2026-06-22,ORCL,Oracle,Technology,Enterprise Software,AI Infrastructure,NeoCloud,AI Cloud,8,175.07000732421875,-0.050029769915933,-0.0492043519162446,-0.0695684315642188,204.4819999694824,189.13079986572265,203.81335235595705,False,False,False,325.75933837890625,136.00498962402344,-0.4625786993692059,22837827.0,27217306.35,0.8390921094952513,2026-06-22
2026-06-22,KEYS,Keysight Technologies,Technology,Electronic Test & Measurement,AI Infrastructure,Optical Test & Metrology,R&D Test & Standards,9,373.3399963378906,0.0265899924467591,0.0646476232414667,0.0913821649692483,345.0035003662109,344.92579772949216,247.50989929199216,True,True,True,373.3399963378906,158.50999450683594,0.0,1477701.0,1621855.05,0.9111177968709347,2026-06-22
2026-06-22,FORM,FormFactor,Technology,Semiconductor Test Equipment,AI Infrastructure,Optical Test & Metrology,Wafer-Level Test & Probing,8,156.66000366210938,0.0475426309947373,0.1253501623924851,0.2501796082858964,131.59750099182128,134.10719879150392,82.30129968643189,True,True,True,156.66000366210938,27.6200008392334,0.0,1206845.0,1527892.25,0.7898757258569772,2026-06-22
2026-06-22,AEHR,Aehr Test Systems,Technology,Semiconductor Test Equipment,AI Infrastructure,Optical Test & Metrology,Wafer & Package Burn-In,6,113.33000183105467,-0.0170858731011377,0.0448050203342669,0.3763663695829351,104.69949989318847,95.36260025024414,45.675850038528445,True,True,True,116.58000183105467,11.25,-0.0278778516808554,1074080.0,1919934.0,0.5594358972756355,2026-06-22
2026-06-23,NVDA,NVIDIA,Technology,Semiconductor,AI Infrastructure,GPU,Compute,10,200.0399932861328,-0.0412652809116456,-0.0584137624870512,-0.0876354472735168,210.3988296508789,209.8526379394532,190.01871894836427,False,False,True,235.465576171875,147.70326232910156,-0.150449095199732,152123958.0,170758362.9,0.890872666008676,2026-06-23
2026-06-23,AVGO,Broadcom,Technology,Semiconductor,AI Infrastructure,Networking,Connectivity,9,380.1499938964844,-0.0305511203864859,-0.0334780700651788,-0.0815745500091276,410.3271987915039,411.96284240722656,359.4307522583008,False,False,True,480.8090515136719,261.85137939453125,-0.2093534996903552,28723565.0,36512358.25,0.7866806302493485,2026-06-23
2026-06-23,ANET,Arista,Technology,Networking Equipment,AI Infrastructure,Networking,Connectivity,8,162.1999969482422,-0.0708066039368655,-0.0407475281735781,0.0915943263058078,162.80699768066407,159.4021987915039,142.45919940948485,False,True,True,177.72999572753906,94.97000122070312,-0.0873797285355503,7587344.0,8465452.2,0.8962715541645845,2026-06-23
2026-06-23,CRDO,Credo,Technology,Semiconductor,AI Infrastructure,Optical,Connectivity,7,272.0050048828125,-0.1008693152156643,0.0485524885042927,0.4065101905024986,239.9727500915528,204.2684002685547,155.18360038757325,True,True,True,302.5199890136719,87.58999633789062,-0.1008693152156643,10313821.0,10070511.05,1.0241606358199666,2026-06-23
2026-06-23,TSM,TSMC,Technology,Semiconductor Foundry,AI Infrastructure,Foundry,Manufacturing,9,436.3900146484375,-0.0668847646442706,-0.0113502023500747,0.0743263873445567,430.9762802124024,408.1795275878906,335.72718772888186,True,True,True,467.6700134277344,217.6825256347656,-0.0668847646442706,17330502.0,13684370.1,1.2664449933285566,2026-06-23
2026-06-23,ASML,ASML,Technology,Semicap Equipment,AI Infrastructure,Equipment,Manufacturing Equipment,10,1778.4599609375,-0.0781599269470001,-0.0603383973771517,0.1171230910411431,1756.6869995117188,1594.9696899414062,1275.5387643432616,True,True,True,1929.6800537109373,686.0034790039062,-0.0783653707165747,2408845.0,2038957.25,1.1814102527161865,2026-06-23
2026-06-23,VRT,Vertiv,Industrials,Electrical Equipment,AI Infrastructure,Power,Power Infrastructure,7,318.32000732421875,-0.1107385883258239,0.0204854127479792,-0.0155033045407314,314.834162902832,323.34718994140627,225.97405406951904,True,False,True,376.1517333984375,120.58717346191406,-0.1537457385925713,10250377.0,6353918.85,1.6132370025468614,2026-06-23
2026-06-23,ETN,Eaton,Industrials,Electrical Equipment,AI Infrastructure,Power,Power Infrastructure,8,405.2799987792969,-0.0699894444110247,-0.004372816759133,0.0623050205898256,405.90449981689454,405.4231304931641,367.7925257873535,False,False,True,435.7799987792969,313.9706115722656,-0.0699894444110247,2445833.0,2512091.65,0.973624111206293,2026-06-23
2026-06-23,GEV,GE Vernova,Industrials,Power Equipment,AI Infrastructure,Power,Grid Infrastructure,7,1034.97998046875,-0.0821309058778201,0.0576453117531954,-0.0079622250048733,984.348031616211,1025.905595703125,776.6927850341797,True,True,True,1148.9429931640625,501.3129577636719,-0.0991894405321807,3360720.0,3225521.0,1.0419153990936658,2026-06-23
2026-06-23,CEG,Constellation Energy,Utilities,Power Generation,AI Infrastructure,Energy,Power Supply,6,270.260009765625,-0.0191267340653283,0.0301505754834567,-0.0544728598750575,267.5890007019043,283.8012673950195,318.0930062866211,True,False,False,402.3219604492188,242.3000030517578,-0.3282494212747868,3354163.0,4344303.15,0.7720830900118008,2026-06-23
2026-06-23,NBIS,Nebius,Technology,AI Cloud Infrastructure,AI Infrastructure,NeoCloud,AI Cloud,7,275.25,-0.0294770487054589,0.0583688708742833,0.2515346208635172,244.7074996948242,202.7460003662109,127.18852554321288,True,True,True,286.69000244140625,44.29999923706055,-0.0399037369422896,18422605.0,18350385.25,1.0039355985727874,2026-06-23
2026-06-23,CRWV,CoreWeave,Technology,AI Cloud Infrastructure,AI Infrastructure,NeoCloud,AI Cloud,8,105.72000122070312,-0.0500494172792039,-0.0092774610839031,-0.0172894643864436,107.83099937438963,111.83529922485351,100.595274810791,False,False,True,172.6199951171875,64.55000305175781,-0.3875564580514997,25112072.0,30750658.6,0.8166352573664877,2026-06-23
2026-06-23,MRVL,Marvell,Technology,Semiconductor,AI Infrastructure,Networking,Connectivity,8,279.0400085449219,-0.0936139094976227,-0.0966070832238291,0.4633174522647727,267.5930000305176,204.7116000366211,115.30069576263428,True,True,True,316.42999267578125,62.19287109375,-0.1181619473384424,44861019.0,73402835.95,0.6111619315438724,2026-06-23
2026-06-23,COHR,Coherent,Technology,Optical Components,AI Infrastructure,Optical,Connectivity,7,381.2200012207031,-0.104023711156309,-0.078822722322262,0.0085185217478918,386.9539993286133,361.5380010986328,227.0147002410889,False,True,True,426.8900146484375,80.95999908447266,-0.106983091336408,5909726.0,6311376.3,0.9363609011872736,2026-06-23
2026-06-23,NOK,Nokia,Technology,Telecom Infrastructure,AI Infrastructure,AI-RAN,Telecom Edge,5,13.699999809265137,-0.050589083885799,-0.0755735430919228,-0.033850527897058,14.903499984741211,13.35140001296997,8.297100002765655,False,True,True,16.850000381469727,4.050000190734863,-0.186943649904525,81246993.0,130058769.65,0.6246944609628636,2026-06-23
2026-06-23,TEAM,Atlassian,Technology,Enterprise Software,Software,Developer Tools,SaaS,8,81.3499984741211,0.0173836844117518,-0.1114145738681203,-0.0100998032121254,93.65599937438964,84.55970008850097,118.9852248764038,False,False,False,220.88999938964844,57.150001525878906,-0.6317171501702064,4435783.0,5694084.15,0.7790160600278448,2026-06-23
2026-06-23,DDOG,Datadog,Technology,Observability Software,Software,Cloud Software,SaaS,9,220.57000732421875,-0.0036138040864357,-0.0537131117181138,0.0116034402677944,234.96350021362304,190.60920028686525,152.32980041503907,False,True,True,277.489990234375,102.61499786376952,-0.2051244546229584,2871559.0,6003487.95,0.4783151101352673,2026-06-23
2026-06-23,RDW,Redwire,Industrials,Space Infrastructure,Space Economy,Space Infrastructure,Space Hardware,6,12.220000267028809,-0.0614439449007724,-0.175994583284192,-0.2039087971762792,17.997500133514404,13.89680009841919,9.914900000095368,False,False,True,25.89999961853028,5.059999942779541,-0.5281853109261843,26687547.0,57284012.35,0.4658812451359301,2026-06-23
2026-06-23,PL,Planet Labs,Technology,Earth Observation,Space Economy,Satellite Data,Space Software,6,28.530000686645508,-0.008342014852259,-0.0670372544857778,-0.3283898071072444,37.36299991607666,38.11400009155273,24.0733499789238,False,False,True,51.400001525878906,5.420000076293945,-0.4449416373600455,12771367.0,17313583.35,0.7376501294863376,2026-06-23
2026-06-23,UUUU,Energy Fuels,Energy,Nuclear Fuel,Nuclear,Nuclear Fuel,Upstream Nuclear,6,15.470000267028809,-0.040322614042463,-0.0108695698569165,-0.133818603675608,16.4395001411438,18.80080017089844,18.373500022888184,False,False,False,27.71999931335449,5.550000190734863,-0.4419191684620308,15977677.0,11427178.85,1.3982171111288768,2026-06-23
2026-06-23,SMR,NuScale Power,Industrials,Small Modular Reactor,Nuclear,SMR,Reactor Developer,6,10.859999656677246,-0.0338078400515051,0.0206766265277946,-0.0414828129032388,11.249000024795532,11.61159999847412,20.45244996547699,False,False,False,53.43000030517578,9.15999984741211,-0.7967434101694131,28043121.0,39135581.05,0.7165632973271008,2026-06-23
2026-06-23,OKLO,Oklo,Industrials,Advanced Nuclear,Nuclear,SMR,Reactor Developer,7,57.18999862670898,-0.020719227184159,-0.0584458833331962,-0.1213703818659279,61.95499954223633,65.38619972229004,84.90874979019165,False,False,False,174.13999938964844,45.58000183105469,-0.6715860869004426,9253422.0,13758831.1,0.6725441959964172,2026-06-23
2026-06-23,RGTI,Rigetti Computing,Technology,Quantum Computing,Quantum,Quantum Hardware,Quantum Hardware,4,21.280000686645508,-0.0046771972893523,-0.0625550673378069,-0.034482767573136,22.69075002670288,20.092600135803224,23.81150003433228,False,True,False,56.34000015258789,11.06999969482422,-0.6222932085727365,45869782.0,51814779.1,0.8852644515085851,2026-06-23
2026-06-23,QBTS,D-Wave Quantum,Technology,Quantum Computing,Quantum,Quantum Hardware,Quantum Hardware,4,25.030000686645508,0.0228852222723763,-0.0468392814743209,-0.027583492260529,26.007999992370607,22.912999992370604,23.955099964141844,False,True,True,44.77999877929688,12.979999542236328,-0.4410450788529806,46483561.0,37143383.05,1.25146276895206,2026-06-23
2026-06-23,IONQ,IonQ,Technology,Quantum Computing,Quantum,Quantum Hardware,Quantum Hardware,6,57.84999847412109,-0.0080590058841313,-0.0544295817986939,-0.0176600598795413,61.95950012207031,53.61580005645752,49.44940003395081,False,True,True,82.08999633789062,26.59000015258789,-0.2952856492281384,26722849.0,27929112.45,0.9568098179933392,2026-06-23
2026-06-23,MU,Micron,Technology,Memory,AI Infrastructure,Memory,HBM,9,1051.77001953125,-0.1317588078953003,-0.0332907205288924,0.3800945456304481,1003.0799957275392,761.2202001953125,410.7247367858887,True,True,True,1211.3800048828125,104.72803497314452,-0.1317588078953003,58149691.0,56084424.55,1.0368242424981786,2026-06-23
2026-06-23,SNDK,Sandisk,Technology,Memory,AI Infrastructure,Memory,NAND,6,1963.5999755859373,-0.13639702495319,-0.0684391394514231,0.2732129811311197,1820.9035095214845,1450.5355993652345,633.868975982666,True,True,True,2273.72998046875,40.68999862670898,-0.13639702495319,12640048.0,10885902.4,1.1611391996312588,2026-06-23
2026-06-23,ORCL,Oracle,Technology,Enterprise Software,AI Infrastructure,NeoCloud,AI Cloud,8,165.16000366210938,-0.0566059476067575,-0.142649479934621,-0.1296833011344508,203.1360000610352,189.67220001220704,203.53288215637207,False,False,False,325.75933837890625,136.00498962402344,-0.4929999413554681,31927307.0,28274760.35,1.129180463593213,2026-06-23
2026-06-23,KEYS,Keysight Technologies,Technology,Electronic Test & Measurement,AI Infrastructure,Optical Test & Metrology,R&D Test & Standards,9,352.5799865722656,-0.055606176593081,-0.0122149824601301,0.044526734773622,345.3044998168945,345.49379760742187,248.4380492401123,True,True,True,373.3399963378906,158.50999450683594,-0.055606176593081,866997.0,1584679.85,0.5471117715038781,2026-06-23
2026-06-23,FORM,FormFactor,Technology,Semiconductor Test Equipment,AI Infrastructure,Optical Test & Metrology,Wafer-Level Test & Probing,8,142.7899932861328,-0.0885357465322926,-0.0642857957078207,0.1155468225479126,132.28750038146973,134.4869985961914,82.87049964904786,True,True,True,156.66000366210938,27.6200008392334,-0.0885357465322926,1314897.0,1521914.85,0.8639754057199718,2026-06-23
2026-06-23,AEHR,Aehr Test Systems,Technology,Semiconductor Test Equipment,AI Infrastructure,Optical Test & Metrology,Wafer & Package Burn-In,6,102.38999938964844,-0.0965322709313543,-0.1164135155635899,0.1214676447667117,105.06800003051758,96.0018002319336,46.05635003089905,False,True,True,116.58000183105467,11.670000076293944,-0.1217190102807692,1513127.0,1903596.35,0.7948780738101331,2026-06-23
2026-06-24,NVDA,NVIDIA,Technology,Semiconductor,AI Infrastructure,GPU,Compute,10,199.0,-0.0051989268198245,-0.0405477243798234,-0.0747599986066415,209.61833572387687,210.05084564208985,190.17972923278808,False,False,True,235.465576171875,153.09609985351562,-0.1548658481835044,149005898.0,168917139.9,0.8821242065086611,2026-06-24
2026-06-24,AVGO,Broadcom,Technology,Semiconductor,AI Infrastructure,Networking,Connectivity,9,382.0700073242188,0.0050506733093811,0.015833711103071,-0.0759774674266091,408.36354064941406,412.0212438964844,359.6788317871094,False,False,True,480.8090515136719,262.7250061035156,-0.2053602025140857,28217995.0,37015044.75,0.7623385353329878,2026-06-24
2026-06-24,ANET,Arista,Technology,Networking Equipment,AI Infrastructure,Networking,Connectivity,8,161.74000549316406,-0.0028359523041477,-0.0373191430192967,0.0500552280397958,162.99349822998047,159.59659881591796,142.5536494064331,False,True,True,177.72999572753906,96.30999755859376,-0.0899678760972217,3847812.0,8075215.6,0.4764965036970654,2026-06-24
2026-06-24,CRDO,Credo,Technology,Semiconductor,AI Infrastructure,Optical,Connectivity,7,268.989990234375,-0.0110844087215837,0.1246341603455205,0.2315827376227477,242.34024963378903,206.96100006103515,155.82445030212403,True,True,True,302.5199890136719,87.58999633789062,-0.1108356472199314,6077492.0,9898749.6,0.6139656265272131,2026-06-24
2026-06-24,TSM,TSMC,Technology,Semiconductor Foundry,AI Infrastructure,Foundry,Manufacturing,9,440.8299865722656,0.0101743206186901,0.0352253257708388,0.0923127214949521,432.4499465942383,409.62199645996094,336.72760261535643,True,True,True,467.6700134277344,220.3035888671875,-0.0573909510655767,9780068.0,13818473.4,0.7077531444247669,2026-06-24
2026-06-24,ASML,ASML,Technology,Semicap Equipment,AI Infrastructure,Equipment,Manufacturing Equipment,10,1762.77001953125,-0.0088222067130367,-0.0227951786324408,0.0795333414020793,1763.2239990234375,1600.286484375,1280.4646618652343,False,True,True,1929.6800537109373,686.0034790039062,-0.0864962219300061,1947311.0,2054115.55,0.9480046047068772,2026-06-24
2026-06-24,VRT,Vertiv,Industrials,Electrical Equipment,AI Infrastructure,Power,Power Infrastructure,7,316.42999267578125,-0.0059374673440254,0.0561748539032094,-0.033482454334121,314.4635314941406,323.67783813476564,226.93688716888428,True,False,True,376.1517333984375,120.58716583251952,-0.1587703456344202,5231519.0,6290675.95,0.8316306612487327,2026-06-24
2026-06-24,ETN,Eaton,Industrials,Electrical Equipment,AI Infrastructure,Power,Power Infrastructure,8,404.5899963378906,-0.00170253267737,-0.0076524862833322,0.0338315830532347,405.9774993896484,405.4699627685547,368.0853218078613,False,False,True,435.7799987792969,313.9706420898437,-0.071572817772214,2311785.0,2485579.25,0.9300789745488904,2026-06-24
2026-06-24,GEV,GE Vernova,Industrials,Power Equipment,AI Infrastructure,Power,Grid Infrastructure,7,1057.6500244140625,0.0219038477778528,0.0766529757210114,0.0187250764607975,983.7343658447264,1027.246319580078,779.0772274780273,True,True,True,1148.9429931640625,501.3129577636719,-0.0794582231609152,2789327.0,3299046.35,0.8454949412881089,2026-06-24
2026-06-24,CEG,Constellation Energy,Utilities,Power Generation,AI Infrastructure,Energy,Power Supply,6,267.9700012207031,-0.0084733532974701,-0.000111935743645,-0.0887543967540347,265.9090003967285,283.33531829833987,317.9310338592529,True,False,False,402.3219604492188,242.3000030517578,-0.3339414012561056,2583354.0,4294787.7,0.6015091269819925,2026-06-24
2026-06-24,NBIS,Nebius,Technology,AI Cloud Infrastructure,AI Infrastructure,NeoCloud,AI Cloud,7,259.6600036621094,-0.0566394054055972,-0.0205205670168187,0.2090142873615639,247.2875,204.8480004882813,128.15947555541993,True,True,True,286.69000244140625,44.29999923706055,-0.0942830184140142,14692843.0,18537932.15,0.7925826290177679,2026-06-24
2026-06-24,CRWV,CoreWeave,Technology,AI Cloud Infrastructure,AI Infrastructure,NeoCloud,AI Cloud,8,100.87999725341795,-0.0457813461161532,-0.1379988182033196,-0.0437008313935596,107.58049926757812,111.64749923706054,100.65422481536864,False,False,True,165.1999969482422,64.55000305175781,-0.3893462523184908,21625850.0,30769527.5,0.7028333470509094,2026-06-24
2026-06-24,MRVL,Marvell,Technology,Semiconductor,AI Infrastructure,Networking,Connectivity,8,276.70001220703125,-0.0083858811146571,-0.007069297469331,0.4093618378567343,271.01500091552737,207.6196002197265,116.3681409072876,True,True,True,316.42999267578125,62.192867279052734,-0.1255569364104429,34013774.0,73050618.7,0.4656192460146816,2026-06-24
2026-06-24,COHR,Coherent,Technology,Optical Components,AI Infrastructure,Optical,Connectivity,7,392.5,0.0295892102806181,0.0253128249084535,0.0395423163550194,387.5114990234375,363.2294012451172,228.48800025939943,True,True,True,426.8900146484375,85.62999725341797,-0.0805594262418135,4576456.0,6338392.8,0.7220215193984191,2026-06-24
2026-06-24,NOK,Nokia,Technology,Telecom Infrastructure,AI Infrastructure,AI-RAN,Telecom Edge,5,13.8100004196167,0.0080292417432861,-0.0121601665369178,-0.1073044485299761,14.771000051498412,13.420200023651123,8.343400003910064,False,True,True,16.850000381469727,4.050000190734863,-0.1804154239186947,89033459.0,125109102.95,0.7116465301136586,2026-06-24
2026-06-24,TEAM,Atlassian,Technology,Enterprise Software,Software,Developer Tools,SaaS,8,81.55000305175781,0.0024585689168801,-0.072768551660675,-0.045305492860505,93.48749961853028,84.96470016479492,118.53082492828368,False,False,False,220.88999938964844,57.150001525878906,-0.6308117014029948,2641301.0,5632275.05,0.4689580989124457,2026-06-24
2026-06-24,DDOG,Datadog,Technology,Observability Software,Software,Cloud Software,SaaS,9,222.6499938964844,0.0094300516987706,-0.0366059741747422,0.0014842864402411,234.91350021362305,192.8606001281738,152.7626503753662,False,True,True,277.489990234375,102.61499786376952,-0.1976287371359644,2197913.0,5952275.65,0.3692559164325664,2026-06-24
2026-06-24,RDW,Redwire,Industrials,Space Infrastructure,Space Economy,Space Infrastructure,Space Hardware,6,11.380000114440918,-0.0687397818520776,-0.1570370285599319,-0.3493424663599423,17.46450009346008,13.924600105285643,9.930200002193452,False,False,True,25.89999961853028,5.059999942779541,-0.5606177497277242,18742832.0,52818081.6,0.3548563566155723,2026-06-24
2026-06-24,PL,Planet Labs,Technology,Earth Observation,Space Economy,Satellite Data,Space Software,6,26.299999237060547,-0.078163385766366,-0.067706483849672,-0.4069898502385067,36.26199989318848,37.95360008239746,24.17219997406006,False,False,True,51.400001525878906,5.420000076293945,-0.4883268782819198,12352472.0,17085863.6,0.7229644511501309,2026-06-24
2026-06-24,UUUU,Energy Fuels,Energy,Nuclear Fuel,Nuclear,Nuclear Fuel,Upstream Nuclear,6,15.029999732971191,-0.0284421801204095,-0.0202086321077644,-0.1668514983258893,16.271000146865845,18.71420015335083,18.390850019454955,False,False,False,27.71999931335449,5.550000190734863,-0.4577922039943817,11320063.0,11556983.15,0.979499827340321,2026-06-24
2026-06-24,SMR,NuScale Power,Industrials,Small Modular Reactor,Nuclear,SMR,Reactor Developer,6,10.210000038146973,-0.0598526371159342,0.0323558830855115,-0.1043859315967871,11.14850001335144,11.62420000076294,20.33084997177124,False,False,False,53.43000030517578,9.15999984741211,-0.8089088530819655,32563830.0,38712631.5,0.8411680823092587,2026-06-24
2026-06-24,OKLO,Oklo,Industrials,Advanced Nuclear,Nuclear,SMR,Reactor Developer,7,54.060001373291016,-0.054729801164153,-0.0590078214904967,-0.1794170669840717,61.22299976348877,65.38859977722169,84.83009979248047,False,False,False,174.13999938964844,45.58000183105469,-0.6895601150639228,9300744.0,13301502.2,0.6992250845171458,2026-06-24
2026-06-24,RGTI,Rigetti Computing,Technology,Quantum Computing,Quantum,Quantum Hardware,Quantum Hardware,4,19.530000686645508,-0.0822368394517125,-0.0537790085187515,-0.2607872585068868,22.414000034332275,20.180600147247315,23.83365003585816,False,False,False,56.34000015258789,11.06999969482422,-0.6533546213391619,34825413.0,49139980.65,0.7086981423139815,2026-06-24
2026-06-24,QBTS,D-Wave Quantum,Technology,Quantum Computing,Quantum,Quantum Hardware,Quantum Hardware,4,22.979999542236328,-0.0819017614131722,-0.0401002911614629,-0.2183673523671592,25.76599998474121,23.079599990844727,23.993149962425232,False,False,False,44.77999877929688,12.979999542236328,-0.4868244714454823,31710989.0,36118329.45,0.8779749640386537,2026-06-24
2026-06-24,IONQ,IonQ,Technology,Quantum Computing,Quantum,Quantum Hardware,Quantum Hardware,6,53.59999847412109,-0.0734658619204842,-0.0438816061167981,-0.1577624294754539,61.45850009918213,54.0926000213623,49.50840003013611,False,False,True,82.08999633789062,26.59000015258789,-0.3470580964153276,21739198.0,27515434.9,0.7900728474402562,2026-06-24
2026-06-24,MU,Micron,Technology,Memory,AI Infrastructure,Memory,HBM,9,1048.510009765625,-0.003099546198396,0.0271856261359333,0.396151810606691,1010.7114959716796,773.6592004394531,415.3113887786865,True,True,True,1211.3800048828125,104.72804260253906,-0.1344499615815793,57301842.0,55226157.1,1.0375851771877134,2026-06-24
2026-06-24,SNDK,Sandisk,Technology,Memory,AI Infrastructure,Memory,NAND,6,1914.4599609375,-0.0250254712056482,-0.0387085867794216,0.2947000634337364,1837.1490051269527,1469.7747985839844,643.0985257720947,True,True,True,2273.72998046875,40.68999862670898,-0.1580090963383361,9221381.0,10712399.05,0.8608138062220525,2026-06-24
2026-06-24,ORCL,Oracle,Technology,Enterprise Software,AI Infrastructure,NeoCloud,AI Cloud,8,157.52999877929688,-0.0461976550837468,-0.1635427321844746,-0.1798729837692656,201.3595001220703,189.7104000854492,203.16564559936523,False,False,False,325.75933837890625,136.00498962402344,-0.5164221551921677,38001323.0,29602051.15,1.2837395222188852,2026-06-24
2026-06-24,KEYS,Keysight Technologies,Technology,Electronic Test & Measurement,AI Infrastructure,Optical Test & Metrology,R&D Test & Standards,9,351.29998779296875,-0.0036303784333899,0.002883265932255,0.0136772572361689,345.0824996948242,345.89759765625,249.3550492095948,True,True,True,373.3399963378906,158.50999450683594,-0.0590346835622043,774467.0,1529903.35,0.5062195595558373,2026-06-24
2026-06-24,FORM,FormFactor,Technology,Semiconductor Test Equipment,AI Infrastructure,Optical Test & Metrology,Wafer-Level Test & Probing,8,141.4199981689453,-0.0095944756747918,0.0084140946203739,0.0963639983443522,132.53450050354004,134.75099853515624,83.43079963684082,True,True,True,156.66000366210938,27.6200008392334,-0.097280768140631,1241068.0,1470098.4,0.8442074353662313,2026-06-24
2026-06-24,AEHR,Aehr Test Systems,Technology,Semiconductor Test Equipment,AI Infrastructure,Optical Test & Metrology,Wafer & Package Burn-In,6,95.1999969482422,-0.0702217256008027,-0.0918630612859506,0.0018943413127232,104.33199996948242,96.47260009765624,46.40455001831055,False,False,True,116.58000183105467,11.670000076293944,-0.1833934169412345,1456358.0,1842832.9,0.7902821791384341,2026-06-24
2026-06-25,NVDA,NVIDIA,Technology,Semiconductor,AI Infrastructure,GPU,Compute,10,195.7400054931641,-0.0163818819438992,-0.0435376920061241,-0.087926395444814,208.78771057128907,210.0400210571289,190.31799850463867,False,False,True,235.465576171875,153.09609985351562,-0.1687107360853196,138840761.0,167619358.05,0.8283098242064887,2026-06-25
2026-06-25,AVGO,Broadcom,Technology,Semiconductor,AI Infrastructure,Networking,Connectivity,9,378.9100036621094,-0.0082707451554234,-0.0340806816260798,-0.1007092781097814,406.2493728637695,411.9958782958984,359.85770278930664,False,False,True,480.8090515136719,262.8143310546875,-0.211932465769449,21407951.0,37291427.55,0.5740716407623822,2026-06-25
2026-06-25,ANET,Arista,Technology,Networking Equipment,AI Infrastructure,Networking,Connectivity,8,165.4499969482422,0.0229379951099044,0.0031528787701042,0.0470856445798077,163.55049819946288,159.81819885253907,142.68084941864015,True,True,True,177.72999572753906,98.91000366210938,-0.0690935636892838,8066212.0,8254555.6,0.9771830720965766,2026-06-25
2026-06-25,CRDO,Credo,Technology,Semiconductor,AI Infrastructure,Optical,Connectivity,7,268.0299987792969,-0.0035688742701602,0.075000989896568,0.2093033726646682,244.6802497863769,209.13119995117188,156.42695030212403,True,True,True,302.5199890136719,87.58999633789062,-0.114008963000512,8143923.0,10122576.15,0.8045306727576458,2026-06-25
2026-06-25,TSM,TSMC,Technology,Semiconductor Foundry,AI Infrastructure,Foundry,Manufacturing,9,434.989990234375,-0.0132477293191879,0.0065717838204364,0.0574521665942719,433.1123291015625,410.7417474365234,337.68012229919435,True,True,True,467.6700134277344,221.55967712402344,-0.0698783805996772,14710508.0,13829775.4,1.0636837963398884,2026-06-25
2026-06-25,ASML,ASML,Technology,Semicap Equipment,AI Infrastructure,Equipment,Manufacturing Equipment,10,1841.1800537109373,0.0444811480289062,-0.0142678418114896,0.1281532941548693,1775.389501953125,1606.8102661132812,1285.7102536010743,True,True,True,1929.6800537109373,686.00341796875,-0.0458625251527096,2191521.0,2099656.05,1.0437523803005735,2026-06-25
2026-06-25,VRT,Vertiv,Industrials,Electrical Equipment,AI Infrastructure,Power,Power Infrastructure,7,325.57000732421875,0.0288847924027306,0.0251590814591051,0.0053340306784743,314.75635833740233,323.98033020019534,227.9563065338135,True,True,True,376.1517333984375,120.58717346191406,-0.1344716017050498,6168679.0,6378188.95,0.9671521255261653,2026-06-25
2026-06-25,ETN,Eaton,Industrials,Electrical Equipment,AI Infrastructure,Power,Power Infrastructure,8,419.8699951171875,0.0377666252690436,0.0249730985815181,0.0415250416282986,406.6524993896484,405.85151428222656,368.45223861694336,True,True,True,435.7799987792969,313.9706115722656,-0.0365092562914231,1816809.0,2438380.45,0.7450884048877606,2026-06-25
2026-06-25,GEV,GE Vernova,Industrials,Power Equipment,AI Infrastructure,Power,Grid Infrastructure,7,1085.469970703125,0.0263035462079952,0.0349045495708288,0.0145306025959255,986.439712524414,1029.2158056640626,781.5102282714844,True,True,True,1148.9429931640625,503.7064514160156,-0.0552447099974384,2323109.0,3309900.45,0.70186672834828,2026-06-25
2026-06-25,CEG,Constellation Energy,Utilities,Power Generation,AI Infrastructure,Energy,Power Supply,6,268.69000244140625,0.0026868724761102,0.0056892201118334,-0.1090294262833078,264.9095008850098,282.7861209106445,317.7864060974121,True,False,False,402.3219604492188,242.3000030517578,-0.3321517867396641,2858183.0,4275094.15,0.6685660946203956,2026-06-25
2026-06-25,NBIS,Nebius,Technology,AI Cloud Infrastructure,AI Infrastructure,NeoCloud,AI Cloud,7,256.6300048828125,-0.0116691008879432,-0.0864333717659335,0.2334423142081432,249.70050048828125,206.74180053710936,129.12232559204102,True,True,True,286.69000244140625,44.29999923706055,-0.1048519212480645,14387274.0,18587913.7,0.7740123088692843,2026-06-25
2026-06-25,CRWV,CoreWeave,Technology,AI Cloud Infrastructure,AI Infrastructure,NeoCloud,AI Cloud,8,98.76000213623048,-0.0210150195767939,-0.1427827191994068,-0.067334000325955,107.30499954223632,111.27869934082032,100.68027481079102,False,False,False,165.1999969482422,64.55000305175781,-0.4021791527806603,21579793.0,30664689.65,0.703734270468966,2026-06-25
2026-06-25,MRVL,Marvell,Technology,Semiconductor,AI Infrastructure,Networking,Connectivity,8,281.260009765625,0.016479932625308,-0.0285970799714618,0.3505234667447996,275.1430015563965,210.568200378418,117.445061378479,True,True,True,316.42999267578125,62.192867279052734,-0.1111461736378192,38774186.0,72366084.3,0.5358060530020967,2026-06-25
2026-06-25,COHR,Coherent,Technology,Optical Components,AI Infrastructure,Optical,Connectivity,7,407.25,0.037579617834395,0.0749636886338718,0.0679165949441573,388.86499938964846,365.1060009765625,230.0309002685547,True,True,True,426.8900146484375,86.55000305175781,-0.0460072008585441,3952851.0,6339797.55,0.6234979853575924,2026-06-25
2026-06-25,NOK,Nokia,Technology,Telecom Infrastructure,AI Infrastructure,AI-RAN,Telecom Edge,5,13.979999542236328,0.0123098564412895,0.0108459594618766,-0.1506682673254706,14.68600001335144,13.492800006866457,8.390350000858307,False,True,True,16.850000381469727,4.050000190734863,-0.1703264554456387,72968544.0,122695007.2,0.5947148597583684,2026-06-25
2026-06-25,TEAM,Atlassian,Technology,Enterprise Software,Software,Developer Tools,SaaS,8,74.68000030517578,-0.0842428263579807,-0.1150610161713512,-0.1205840565775498,92.76799964904784,85.26410018920899,118.04072494506836,False,False,False,220.88999938964844,57.150001525878906,-0.6619131671351006,6150293.0,5705079.65,1.078038060345047,2026-06-25
2026-06-25,DDOG,Datadog,Technology,Observability Software,Software,Cloud Software,SaaS,9,220.94000244140625,-0.0076801774172656,-0.0251070128350766,-0.012117109452426,234.87000045776367,195.06800018310548,153.18515037536622,False,True,True,277.489990234375,102.61499786376952,-0.2037910907892757,2836963.0,5865553.15,0.4836650401846584,2026-06-25
2026-06-25,RDW,Redwire,Industrials,Space Infrastructure,Space Economy,Space Infrastructure,Space Hardware,6,10.800000190734863,-0.0509666008676089,-0.2479108322462264,-0.5099818628806778,16.804500102996826,13.944400100708007,9.942250001430512,False,False,True,25.89999961853028,5.059999942779541,-0.583011569505663,27129127.0,48228021.35,0.5625179354367189,2026-06-25
2026-06-25,PL,Planet Labs,Technology,Earth Observation,Space Economy,Satellite Data,Space Software,6,26.51000022888184,0.0079848288179935,-0.0605952914982331,-0.4513658858379205,35.06349992752075,37.80520008087158,24.256449975967406,False,False,True,51.400001525878906,6.059999942779541,-0.4842412559942325,11462613.0,16897040.65,0.6783799150060044,2026-06-25
2026-06-25,UUUU,Energy Fuels,Energy,Nuclear Fuel,Nuclear,Nuclear Fuel,Upstream Nuclear,6,14.420000076293944,-0.0405854735538746,-0.0575163466320618,-0.2163043274320587,16.074500131607056,18.611800136566163,18.403450021743776,False,False,False,27.71999931335449,5.550000190734863,-0.4797979641598724,6428043.0,11561772.15,0.5559738521572577,2026-06-25
2026-06-25,SMR,NuScale Power,Industrials,Small Modular Reactor,Nuclear,SMR,Reactor Developer,6,10.06999969482422,-0.0137120805876277,-0.0261122295724625,-0.1759411231770247,11.04850001335144,11.620599994659424,20.211449966430663,False,False,False,53.43000030517578,9.15999984741211,-0.8115291102880878,19948794.0,38566199.7,0.5172610771913831,2026-06-25
2026-06-25,OKLO,Oklo,Industrials,Advanced Nuclear,Nuclear,SMR,Reactor Developer,7,51.0099983215332,-0.0564188489507642,-0.1327779907142408,-0.2574963524385079,60.38249969482422,65.23719970703125,84.73154977798463,False,False,False,174.13999938964844,45.58000183105469,-0.7070747760404239,9633737.0,13266106.85,0.7261917236856871,2026-06-25
2026-06-25,RGTI,Rigetti Computing,Technology,Quantum Computing,Quantum,Quantum Hardware,Quantum Hardware,4,18.40999984741211,-0.0573477112061366,-0.090639709348156,-0.265509696582806,22.10349998474121,20.21140012741089,23.849950037002564,False,False,False,56.34000015258789,11.06999969482422,-0.6732339404055455,27675197.0,47717169.85,0.5799840411113569,2026-06-25
2026-06-25,QBTS,D-Wave Quantum,Technology,Quantum Computing,Quantum,Quantum Hardware,Quantum Hardware,4,21.90999984741211,-0.0465622156718324,-0.0440663274659617,-0.2124370924602,25.4875,23.17840000152588,24.02559996128082,False,False,False,44.77999877929688,12.979999542236328,-0.5107190610835444,20422076.0,35453598.8,0.5760226518950736,2026-06-25
2026-06-25,IONQ,IonQ,Technology,Quantum Computing,Quantum,Quantum Hardware,Quantum Hardware,6,50.560001373291016,-0.0567163654360519,-0.0755164994902924,-0.2052813231351439,60.71650009155273,54.38860008239746,49.5561500453949,False,False,True,82.08999633789062,26.59000015258789,-0.3840905880275472,21720626.0,27288456.3,0.7959638962794682,2026-06-25
2026-06-25,MU,Micron,Technology,Memory,AI Infrastructure,Memory,HBM,9,1213.56005859375,0.1574138990480584,0.1633164876550057,0.3546011206629087,1024.9690002441407,788.617201538086,420.7228412628174,True,True,True,1213.56005859375,104.72803497314452,0.0,79552392.0,56170684.6,1.4162617487485634,2026-06-25
2026-06-25,SNDK,Sandisk,Technology,Memory,AI Infrastructure,Memory,NAND,6,2335.0,0.2196651001552227,0.1920563313223016,0.4689691599968484,1874.4020080566409,1497.585598144531,654.4210507583618,True,True,True,2335.0,40.68999862670898,0.0,14790307.0,10992200.35,1.345527422087062,2026-06-25
2026-06-25,ORCL,Oracle,Technology,Enterprise Software,AI Infrastructure,NeoCloud,AI Cloud,8,152.4600067138672,-0.0321842957196544,-0.1692910819598094,-0.2102972721337803,199.43450012207032,189.49960021972657,202.7448811340332,False,False,False,325.75933837890625,136.00498962402344,-0.531985767552936,36128668.0,30817368.4,1.1723476038271976,2026-06-25
2026-06-25,KEYS,Keysight Technologies,Technology,Electronic Test & Measurement,AI Infrastructure,Optical Test & Metrology,R&D Test & Standards,9,360.0599975585937,0.0249359808426397,0.0266894354883482,0.012143721377438,345.7029998779297,346.4895977783204,250.30889923095705,True,True,True,373.3399963378906,158.50999450683594,-0.0355707904579231,1142440.0,1545387.0,0.7392581922845216,2026-06-25
2026-06-25,FORM,FormFactor,Technology,Semiconductor Test Equipment,AI Infrastructure,Optical Test & Metrology,Wafer-Level Test & Probing,8,148.75,0.0518314377454454,0.0628796230343065,0.0899033166512994,133.32050056457518,135.16039855957033,84.02654963493347,True,True,True,156.66000366210938,27.6200008392334,-0.0504915324728958,1780668.0,1488248.4,1.19648574794369,2026-06-25
2026-06-25,AEHR,Aehr Test Systems,Technology,Semiconductor Test Equipment,AI Infrastructure,Optical Test & Metrology,Wafer & Package Burn-In,6,98.79000091552734,0.0377101269156232,-0.1228023574300118,-0.1012554352149036,104.08050003051758,96.96080017089844,46.77255002021789,False,True,True,116.58000183105467,12.520000457763672,-0.1525990790539551,1031709.0,1755385.45,0.5877392911055518,2026-06-25
2026-06-26,NVDA,NVIDIA,Technology,Semiconductor,AI Infrastructure,GPU,Compute,10,192.52999877929688,-0.0163993390404767,-0.0861930013369274,-0.0933471890746779,207.71418151855468,209.91785125732423,190.42798431396488,False,False,True,235.465576171875,153.09608459472656,-0.1823433305649648,177757849.0,169842912.45,1.04660151216101,2026-06-26
2026-06-26,AVGO,Broadcom,Technology,Semiconductor,AI Infrastructure,Networking,Connectivity,9,365.0199890136719,-0.036657819836353,-0.1112247914186386,-0.133367179493719,403.205076599121,411.3744158935546,360.0116972351074,False,False,True,480.8090515136719,262.8143005371094,-0.2408213034581515,34092708.0,38200570.4,0.8924659407703505,2026-06-26
2026-06-26,ANET,Arista,Technology,Networking Equipment,AI Infrastructure,Networking,Connectivity,8,157.60000610351562,-0.047446303956006,-0.0711380455925463,0.0213207737474858,163.66699829101563,159.88359893798827,142.75929943084716,False,False,True,177.72999572753906,98.91000366210938,-0.1132616334210844,11739960.0,8490088.0,1.3827842538263444,2026-06-26
2026-06-26,CRDO,Credo,Technology,Semiconductor,AI Infrastructure,Optical,Connectivity,7,238.0,-0.1120396930047534,-0.1244527397394841,0.0758034832361269,245.4627494812012,210.5241998291016,156.8718003082275,False,True,True,302.5199890136719,87.58999633789062,-0.2132751267908977,38419301.0,11794705.05,3.2573346121953257,2026-06-26
2026-06-26,TSM,TSMC,Technology,Semiconductor Foundry,AI Infrastructure,Foundry,Manufacturing,9,432.3500061035156,-0.0060690686915276,-0.0644204737475655,0.0251520063492187,433.5364624023438,411.9042749023437,338.6009931945801,False,True,True,467.6700134277344,222.2223358154297,-0.0755233525992927,14878021.0,14131336.05,1.052838949364593,2026-06-26
2026-06-26,ASML,ASML,Technology,Semicap Equipment,AI Infrastructure,Equipment,Manufacturing Equipment,10,1794.6199951171875,-0.0252881615244023,-0.0699909077331333,0.1231326707436986,1784.832000732422,1613.13185546875,1290.6788677978516,True,True,True,1929.6800537109373,686.00341796875,-0.0699909077331333,2824973.0,2192598.65,1.2884131804058168,2026-06-26
2026-06-26,VRT,Vertiv,Industrials,Electrical Equipment,AI Infrastructure,Power,Power Infrastructure,7,303.95001220703125,-0.0664065934539763,-0.0873741980258732,-0.0493049549314357,314.24812774658204,324.0373834228516,228.84884735107423,False,False,True,376.1517333984375,120.58717346191406,-0.1919483941734938,7492452.0,6490422.6,1.1543858484653988,2026-06-26
2026-06-26,ETN,Eaton,Industrials,Electrical Equipment,AI Infrastructure,Power,Power Infrastructure,8,402.6799926757813,-0.0409412500090854,-0.0452616279848014,-0.0090804008311247,406.6894989013672,406.0256890869141,368.7394500732422,False,False,True,435.7799987792969,313.9706420898437,-0.0759557717110355,5239959.0,2588422.95,2.0243828389792324,2026-06-26
2026-06-26,GEV,GE Vernova,Industrials,Power Equipment,AI Infrastructure,Power,Grid Infrastructure,7,1045.1700439453125,-0.0371267081038712,-0.0581762569811508,0.0133871453010714,988.9236480712892,1030.4108764648438,783.7144381713867,True,True,True,1148.9429931640625,503.7064514160156,-0.0903203638789517,3627455.0,3362312.75,1.0788571051280105,2026-06-26
2026-06-26,CEG,Constellation Energy,Utilities,Power Generation,AI Infrastructure,Energy,Power Supply,6,264.0199890136719,-0.0173806743284122,-0.0366343451593125,-0.0854233209358752,263.79500045776365,282.1810647583008,317.6084674835205,True,False,False,402.3219604492188,242.3000030517578,-0.343759439035154,3593112.0,4369985.6,0.82222513502104,2026-06-26
2026-06-26,NBIS,Nebius,Technology,AI Cloud Infrastructure,AI Infrastructure,NeoCloud,AI Cloud,7,240.3000030517578,-0.0636324729000866,-0.1618124071108116,0.1532370719527676,250.39850082397464,208.21240051269533,129.8452256011963,False,True,True,286.69000244140625,44.29999923706055,-0.1618124071108116,12897950.0,17937387.5,0.7190539870981769,2026-06-26
2026-06-26,CRWV,CoreWeave,Technology,AI Cloud Infrastructure,AI Infrastructure,NeoCloud,AI Cloud,8,96.58000183105467,-0.0220737166668817,-0.1811784287418413,-0.0737507917865947,106.79099960327147,110.83649932861329,100.66207481384278,False,False,False,165.1999969482422,64.55000305175781,-0.4153752807797352,39666039.0,31487306.95,1.2597469533671886,2026-06-26
2026-06-26,MRVL,Marvell,Technology,Semiconductor,AI Infrastructure,Networking,Connectivity,8,266.7699890136719,-0.0515182402362416,-0.1410586626720715,0.3425767141967331,278.24000091552733,213.2116000366211,118.44533946990968,False,True,True,316.42999267578125,62.192867279052734,-0.1569383585992486,40984037.0,71801911.85,0.5707931160053088,2026-06-26
2026-06-26,COHR,Coherent,Technology,Optical Components,AI Infrastructure,Optical,Connectivity,7,380.55999755859375,-0.0655371453441528,-0.0231280889088734,0.0009995394027391,389.0454986572266,366.5532006835937,231.4376002502441,False,True,True,426.8900146484375,86.55000305175781,-0.1085291655931529,7069805.0,6537250.25,1.081464641804098,2026-06-26
2026-06-26,NOK,Nokia,Technology,Telecom Infrastructure,AI Infrastructure,AI-RAN,Telecom Edge,5,13.010000228881836,-0.0693847886349304,-0.035581879197952,-0.1702806137964557,14.572500038146972,13.553200016021728,8.432450001239777,False,False,True,16.850000381469727,4.050000190734863,-0.2278931789705366,142315550.0,124116537.5,1.146628425724493,2026-06-26
2026-06-26,TEAM,Atlassian,Technology,Enterprise Software,Software,Developer Tools,SaaS,8,78.73999786376953,0.0543652589984304,-0.0481141597944932,-0.1159762194504078,92.04049949645996,85.51890014648437,117.52262493133544,False,False,False,220.88999938964844,57.150001525878906,-0.6435329889024414,6811423.0,5774136.15,1.1796436424520402,2026-06-26
2026-06-26,DDOG,Datadog,Technology,Observability Software,Software,Cloud Software,SaaS,9,239.7700042724609,0.0852267657417467,0.0752018128809908,0.0809702308802506,235.5965003967285,197.4422003173828,153.68170036315917,True,True,True,277.489990234375,102.61499786376952,-0.1359327806024816,9557192.0,6045969.6,1.580754226749668,2026-06-26
2026-06-26,RDW,Redwire,Industrials,Space Infrastructure,Space Economy,Space Infrastructure,Space Hardware,6,10.93000030517578,0.0120370474208364,-0.2383275251135337,-0.5445833206176758,16.0560001373291,13.96480010986328,9.95610000371933,False,False,True,25.89999961853028,5.059999942779541,-0.5779922599938626,19506221.0,44879731.05,0.4346331972949736,2026-06-26
2026-06-26,PL,Planet Labs,Technology,Earth Observation,Space Economy,Satellite Data,Space Software,6,27.06999969482422,0.0211240837837594,-0.041091033164084,-0.4637480202000615,33.84699983596802,37.65840007781983,24.34669997215271,False,False,True,51.400001525878906,6.070000171661377,-0.4733463250736481,12297121.0,16998881.05,0.7234076739421622,2026-06-26
2026-06-26,UUUU,Energy Fuels,Energy,Nuclear Fuel,Nuclear,Nuclear Fuel,Upstream Nuclear,6,14.619999885559082,0.0138696122196233,-0.1171497368929957,-0.2032697775678135,15.883500099182127,18.484200134277344,18.41115002155304,False,False,False,27.71999931335449,5.550000190734863,-0.4725829636469112,7897476.0,11572993.8,0.6824056191925031,2026-06-26
2026-06-26,SMR,NuScale Power,Industrials,Small Modular Reactor,Nuclear,SMR,Reactor Developer,6,10.100000381469728,0.0029792142556794,-0.1396933067820867,-0.1632145288453698,10.944000053405762,11.588400001525878,20.08524996757508,False,False,False,53.43000030517578,9.15999984741211,-0.8109676151266775,17826951.0,38283517.55,0.4656560353085946,2026-06-26
2026-06-26,OKLO,Oklo,Industrials,Advanced Nuclear,Nuclear,SMR,Reactor Developer,7,50.0,-0.0198000069548491,-0.1826058280743268,-0.2627543464318855,59.47799987792969,64.97019973754882,84.6116997718811,False,False,False,174.13999938964844,45.58000183105469,-0.7128746975120743,22762049.0,13797057.45,1.6497756193658526,2026-06-26
2026-06-26,RGTI,Rigetti Computing,Technology,Quantum Computing,Quantum,Quantum Hardware,Quantum Hardware,4,18.36000061035156,-0.0027158738443756,-0.1404494341889732,-0.2542648259745858,21.669999980926512,20.19640012741089,23.85925004005432,False,False,False,56.34000015258789,11.06999969482422,-0.6741213958000278,31322990.0,44997694.5,0.6961021080757815,2026-06-26
2026-06-26,QBTS,D-Wave Quantum,Technology,Quantum Computing,Quantum,Quantum Hardware,Quantum Hardware,4,22.76000022888184,0.0387950884248922,-0.0781693099809179,-0.1717612588056971,25.151000022888184,23.21740001678467,24.05864996433258,False,False,False,44.77999877929688,12.979999542236328,-0.4917373637936663,21068837.0,33794471.85,0.6234403393997707,2026-06-26
2026-06-26,IONQ,IonQ,Technology,Quantum Computing,Quantum,Quantum Hardware,Quantum Hardware,6,49.310001373291016,-0.0247231005943036,-0.1280282574968583,-0.2460244614248372,59.67500019073486,54.50980010986328,49.58270005226135,False,False,False,82.08999633789062,26.59000015258789,-0.3993177783767205,22295282.0,26821689.1,0.831240788634747,2026-06-26
2026-06-26,MU,Micron,Technology,Memory,AI Infrastructure,Memory,HBM,9,1132.3299560546875,-0.0669353790641317,-0.0014638878596665,0.2196443261154097,1035.4094970703125,802.1392004394531,425.7092707824707,True,True,True,1213.56005859375,104.72804260253906,-0.0669353790641317,84431604.0,58037125.2,1.4547861168009748,2026-06-26
2026-06-26,SNDK,Sandisk,Technology,Memory,AI Infrastructure,Memory,NAND,6,2090.7099609375,-0.1046210017398286,-0.0430438444043941,0.3149615947683755,1896.8555053710936,1521.5653979492188,664.5220505523681,True,True,True,2335.0,40.68999862670898,-0.1046210017398286,16567766.0,11332378.3,1.4619849039102408,2026-06-26
2026-06-26,ORCL,Oracle,Technology,Enterprise Software,AI Infrastructure,NeoCloud,AI Cloud,8,148.52999877929688,-0.0257773039584475,-0.194041976285246,-0.2221931631901703,196.67600021362304,189.07400024414065,202.28943572998048,False,False,False,325.75933837890625,136.00498962402344,-0.5440499126796036,27310401.0,30951680.05,0.8823560128523621,2026-06-26
2026-06-26,KEYS,Keysight Technologies,Technology,Electronic Test & Measurement,AI Infrastructure,Optical Test & Metrology,R&D Test & Standards,9,328.6600036621094,-0.0872076712475524,-0.0962686184534208,-0.0546238762196826,345.1794998168945,346.5577978515625,251.10669921875,False,False,True,373.3399963378906,158.50999450683594,-0.1196764159052053,1186394.0,1515799.7,0.7826852057036296,2026-06-26
2026-06-26,FORM,FormFactor,Technology,Semiconductor Test Equipment,AI Infrastructure,Optical Test & Metrology,Wafer-Level Test & Probing,8,130.74000549316406,-0.1210755933232667,-0.1257773131043252,-0.0172141119081871,133.34650077819825,135.18279876708985,84.53309966087342,False,False,True,156.66000366210938,27.6200008392334,-0.1654538335442057,10937967.0,1987378.35,5.50371649162828,2026-06-26
2026-06-26,AEHR,Aehr Test Systems,Technology,Semiconductor Test Equipment,AI Infrastructure,Optical Test & Metrology,Wafer & Package Burn-In,6,91.80999755859376,-0.0706549579132204,-0.203729443811198,-0.1156810072388124,103.6715000152588,97.33260009765624,47.097450008392336,False,False,True,116.58000183105467,12.520000457763672,-0.2124721554590221,2346644.0,1794237.2,1.3078783563288066,2026-06-26
2026-06-28,NVDA,NVIDIA,Technology,Semiconductor,AI Infrastructure,GPU,Compute,10,192.52999877929688,-0.0163993390404767,-0.0861930013369274,-0.0933471890746779,207.71418151855468,209.91785125732423,190.42798431396488,False,False,True,235.465576171875,153.09609985351562,-0.1823433305649648,178906300.0,169900335.0,1.0530073410390863,2026-06-28
2026-06-28,AVGO,Broadcom,Technology,Semiconductor,AI Infrastructure,Networking,Connectivity,9,365.0199890136719,-0.036657819836353,-0.1112247914186386,-0.133367179493719,403.205076599121,411.3744158935546,360.0116970825195,False,False,True,480.8090515136719,262.8143310546875,-0.2408213034581515,34770800.0,38234475.0,0.9094096361987448,2026-06-28
2026-06-28,ANET,Arista,Technology,Networking Equipment,AI Infrastructure,Networking,Connectivity,8,157.60000610351562,-0.047446303956006,-0.0711380455925463,0.0213207737474858,163.66699829101563,159.88359893798827,142.75929943084716,False,False,True,177.72999572753906,98.91000366210938,-0.1132616334210844,11848300.0,8495505.0,1.394655173530002,2026-06-28
2026-06-28,CRDO,Credo,Technology,Semiconductor,AI Infrastructure,Optical,Connectivity,7,238.0,-0.1120396930047534,-0.1244527397394841,0.0758034832361269,245.4627494812012,210.5241998291016,156.8718003082275,False,True,True,302.5199890136719,87.58999633789062,-0.2132751267908977,38598100.0,11803645.0,3.270015321538389,2026-06-28
2026-06-28,TSM,TSMC,Technology,Semiconductor Foundry,AI Infrastructure,Foundry,Manufacturing,9,432.3500061035156,-0.0060690686915276,-0.0644204737475655,0.0251520063492187,433.5364624023438,411.9042749023437,338.60099212646486,False,True,True,467.6700134277344,222.2223358154297,-0.0755233525992927,17951300.0,14285000.0,1.2566538326916346,2026-06-28
2026-06-28,ASML,ASML,Technology,Semicap Equipment,AI Infrastructure,Equipment,Manufacturing Equipment,10,1794.6199951171875,-0.0252881615244023,-0.0699909077331333,0.1231326707436986,1784.832000732422,1613.13185546875,1290.6788681030273,True,True,True,1929.6800537109373,686.0034790039062,-0.0699909077331333,2838900.0,2193295.0,1.2943539286780847,2026-06-28
2026-06-28,VRT,Vertiv,Industrials,Electrical Equipment,AI Infrastructure,Power,Power Infrastructure,7,303.95001220703125,-0.0664065934539763,-0.0873741980258732,-0.0493049549314357,314.24812774658204,324.0373834228516,228.8488475036621,False,False,True,376.1517333984375,120.58716583251952,-0.1919483941734938,21974500.0,7214525.0,3.0458692706727053,2026-06-28
2026-06-28,ETN,Eaton,Industrials,Electrical Equipment,AI Infrastructure,Power,Power Infrastructure,8,402.6799926757813,-0.0409412500090854,-0.0452616279848014,-0.0090804008311247,406.6894989013672,406.0256890869141,368.73945022583007,False,False,True,435.7799987792969,313.9706115722656,-0.0759557717110355,5272600.0,2590055.0,2.0357096663970458,2026-06-28
2026-06-28,GEV,GE Vernova,Industrials,Power Equipment,AI Infrastructure,Power,Grid Infrastructure,7,1045.1700439453125,-0.0371267081038712,-0.0581762569811508,0.0133871453010714,988.9236480712892,1030.4108764648438,783.7144415283203,True,True,True,1148.9429931640625,503.70648193359375,-0.0903203638789517,3648300.0,3363355.0,1.0847204651307996,2026-06-28
2026-06-28,CEG,Constellation Energy,Utilities,Power Generation,AI Infrastructure,Energy,Power Supply,6,264.0199890136719,-0.0173806743284122,-0.0366343451593125,-0.0854233209358752,263.79500045776365,282.1810647583008,317.60846786499025,True,False,False,402.3219604492188,242.3000030517578,-0.343759439035154,3916600.0,4386160.0,0.8929450818027614,2026-06-28
2026-06-28,NBIS,Nebius,Technology,AI Cloud Infrastructure,AI Infrastructure,NeoCloud,AI Cloud,7,240.3000030517578,-0.0636324729000866,-0.1618124071108116,0.1532370719527676,250.39850082397464,208.21240051269533,129.8452256011963,False,True,True,286.69000244140625,44.29999923706055,-0.1618124071108116,13071500.0,17946065.0,0.7283769450294535,2026-06-28
2026-06-28,CRWV,CoreWeave,Technology,AI Cloud Infrastructure,AI Infrastructure,NeoCloud,AI Cloud,8,96.58000183105467,-0.0220737166668817,-0.1811784287418413,-0.0737507917865947,106.79099960327147,110.83649932861329,100.66207481384278,False,False,False,165.1999969482422,64.55000305175781,-0.4153752807797352,47662600.0,31887135.0,1.4947282030825284,2026-06-28
2026-06-28,MRVL,Marvell,Technology,Semiconductor,AI Infrastructure,Networking,Connectivity,8,266.7699890136719,-0.0515182402362416,-0.1410586626720715,0.3425767141967331,278.24000091552733,213.2116000366211,118.44533946990968,False,True,True,316.42999267578125,62.19287109375,-0.1569383585992486,41916500.0,71848535.0,0.5834009002410417,2026-06-28
2026-06-28,COHR,Coherent,Technology,Optical Components,AI Infrastructure,Optical,Connectivity,7,380.55999755859375,-0.0655371453441528,-0.0231280889088734,0.0009995394027391,389.0454986572266,366.5532006835937,231.4376002502441,False,True,True,426.8900146484375,86.55000305175781,-0.1085291655931529,7096600.0,6538590.0,1.0853410291821326,2026-06-28
2026-06-28,NOK,Nokia,Technology,Telecom Infrastructure,AI Infrastructure,AI-RAN,Telecom Edge,5,13.010000228881836,-0.0693847886349304,-0.035581879197952,-0.1702806137964557,14.572500038146972,13.553200016021728,8.432450001239777,False,False,True,16.850000381469727,4.050000190734863,-0.2278931789705366,142605400.0,124131030.0,1.1488295875737111,2026-06-28
2026-06-28,TEAM,Atlassian,Technology,Enterprise Software,Software,Developer Tools,SaaS,8,78.73999786376953,0.0543652589984304,-0.0481141597944932,-0.1159762194504078,92.04049949645996,85.51890014648437,117.52262493133544,False,False,False,220.88999938964844,57.150001525878906,-0.6435329889024414,7933000.0,5830215.0,1.3606702325728983,2026-06-28
2026-06-28,DDOG,Datadog,Technology,Observability Software,Software,Cloud Software,SaaS,9,239.7700042724609,0.0852267657417467,0.0752018128809908,0.0809702308802506,235.5965003967285,197.4422003173828,153.68170036315917,True,True,True,277.489990234375,102.61499786376952,-0.1359327806024816,9618400.0,6049030.0,1.590073119161254,2026-06-28
2026-06-28,RDW,Redwire,Industrials,Space Infrastructure,Space Economy,Space Infrastructure,Space Hardware,6,10.93000030517578,0.0120370474208364,-0.2383275251135337,-0.5445833206176758,16.0560001373291,13.96480010986328,9.95610000371933,False,False,True,25.89999961853028,5.059999942779541,-0.5779922599938626,34221100.0,45615475.0,0.7502081256415722,2026-06-28
2026-06-28,PL,Planet Labs,Technology,Earth Observation,Space Economy,Satellite Data,Space Software,6,27.06999969482422,0.0211240837837594,-0.041091033164084,-0.4637480202000615,33.84699983596802,37.65840007781983,24.34669997215271,False,False,True,51.400001525878906,6.070000171661377,-0.4733463250736481,45151500.0,18641600.0,2.422082868423311,2026-06-28
2026-06-28,UUUU,Energy Fuels,Energy,Nuclear Fuel,Nuclear,Nuclear Fuel,Upstream Nuclear,6,14.619999885559082,0.0138696122196233,-0.1171497368929957,-0.2032697775678135,15.883500099182127,18.484200134277344,18.41115002155304,False,False,False,27.71999931335449,5.550000190734863,-0.4725829636469112,17884700.0,12072355.0,1.4814590856547871,2026-06-28
2026-06-28,SMR,NuScale Power,Industrials,Small Modular Reactor,Nuclear,SMR,Reactor Developer,6,10.100000381469728,0.0029792142556794,-0.1396933067820867,-0.1632145288453698,10.944000053405762,11.588400001525878,20.08524996757508,False,False,False,53.43000030517578,9.15999984741211,-0.8109676151266775,46145900.0,39699465.0,1.162380903621749,2026-06-28
2026-06-28,OKLO,Oklo,Industrials,Advanced Nuclear,Nuclear,SMR,Reactor Developer,7,50.0,-0.0198000069548491,-0.1826058280743268,-0.2627543464318855,59.47799987792969,64.97019973754882,84.6116997718811,False,False,False,174.13999938964844,45.58000183105469,-0.7128746975120743,22870700.0,13802490.0,1.656998121353466,2026-06-28
2026-06-28,RGTI,Rigetti Computing,Technology,Quantum Computing,Quantum,Quantum Hardware,Quantum Hardware,4,18.36000061035156,-0.0027158738443756,-0.1404494341889732,-0.2542648259745858,21.669999980926512,20.19640012741089,23.85925004005432,False,False,False,56.34000015258789,11.06999969482422,-0.6741213958000278,33291200.0,45096105.0,0.7382278358629863,2026-06-28
2026-06-28,QBTS,D-Wave Quantum,Technology,Quantum Computing,Quantum,Quantum Hardware,Quantum Hardware,4,22.76000022888184,0.0387950884248922,-0.0781693099809179,-0.1717612588056971,25.151000022888184,23.21740001678467,24.05864996433258,False,False,False,44.77999877929688,12.979999542236328,-0.4917373637936663,31710100.0,34326535.0,0.9237780626561928,2026-06-28
2026-06-28,IONQ,IonQ,Technology,Quantum Computing,Quantum,Quantum Hardware,Quantum Hardware,6,49.310001373291016,-0.0247231005943036,-0.1280282574968583,-0.2460244614248372,59.67500019073486,54.50980010986328,49.58270005226135,False,False,False,82.08999633789062,26.59000015258789,-0.3993177783767205,67665000.0,29090175.0,2.326043071243126,2026-06-28
2026-06-28,MU,Micron,Technology,Memory,AI Infrastructure,Memory,HBM,9,1132.3299560546875,-0.0669353790641317,-0.0014638878596665,0.2196443261154097,1035.4094970703125,802.1392004394531,425.7092707824707,True,True,True,1213.56005859375,104.72803497314452,-0.0669353790641317,86115000.0,58121295.0,1.4816428298784463,2026-06-28
2026-06-28,SNDK,Sandisk,Technology,Memory,AI Infrastructure,Memory,NAND,6,2090.7099609375,-0.1046210017398286,-0.0430438444043941,0.3149615947683755,1896.8555053710936,1521.5653979492188,664.5220505523681,True,True,True,2335.0,40.68999862670898,-0.1046210017398286,16799100.0,11343945.0,1.4808869401253268,2026-06-28
2026-06-28,ORCL,Oracle,Technology,Enterprise Software,AI Infrastructure,NeoCloud,AI Cloud,8,148.52999877929688,-0.0257773039584475,-0.194041976285246,-0.2221931631901703,196.67600021362304,189.07400024414065,202.28943557739257,False,False,False,325.75933837890625,136.00498962402344,-0.5440499126796036,36447100.0,31408515.0,1.1604209877480678,2026-06-28
2026-06-28,KEYS,Keysight Technologies,Technology,Electronic Test & Measurement,AI Infrastructure,Optical Test & Metrology,R&D Test & Standards,9,328.6600036621094,-0.0872076712475524,-0.0962686184534208,-0.0546238762196826,345.1794998168945,346.5577978515625,251.10669921875,False,False,True,373.3399963378906,158.50999450683594,-0.1196764159052053,5526600.0,1732810.0,3.189386026165592,2026-06-28
2026-06-28,FORM,FormFactor,Technology,Semiconductor Test Equipment,AI Infrastructure,Optical Test & Metrology,Wafer-Level Test & Probing,8,130.74000549316406,-0.1210755933232667,-0.1257773131043252,-0.0172141119081871,133.34650077819825,135.18279876708985,84.53309966087342,False,False,True,156.66000366210938,27.6200008392334,-0.1654538335442057,10971900.0,1989075.0,5.516081595716602,2026-06-28
2026-06-28,AEHR,Aehr Test Systems,Technology,Semiconductor Test Equipment,AI Infrastructure,Optical Test & Metrology,Wafer & Package Burn-In,6,91.80999755859376,-0.0706549579132204,-0.203729443811198,-0.1156810072388124,103.6715000152588,97.33260009765624,47.097450008392336,False,False,True,116.58000183105467,12.520000457763672,-0.2124721554590221,2357400.0,1794775.0,1.3134794054965109,2026-06-28
2026-06-28,DELL,Dell Technologies,Technology,AI Server & Storage,AI Infrastructure,AI Servers,Systems & Storage,7,399.489990234375,-0.0243253673848229,-0.0244444682921245,0.3084304357760523,411.5279983520508,305.8681607055664,180.2892493438721,False,True,True,465.9599914550781,110.7273941040039,-0.1426517349979634,10824500.0,11912525.0,0.9086654592540204,2026-06-28
2026-06-28,CLS,Celestica,Technology,Electronics Manufacturing Services,AI Infrastructure,AI Servers,Contract Manufacturing,7,337.5299987792969,-0.0660486871065763,-0.0940007788515429,-0.0563880702806917,388.3699981689453,385.0597985839844,316.37644996643064,False,False,True,472.3999938964844,148.91000366210938,-0.2854995699825118,1429800.0,2241390.0,0.6379077269016101,2026-06-28
2026-06-28,IREN,IREN Limited,Technology,AI Data Center & Bitcoin Mining,AI Infrastructure,NeoCloud,AI Cloud & Power Infrastructure,5,47.209999084472656,-0.0111018553699213,-0.2126417644209364,-0.3040978532879947,57.66550006866455,54.79680000305176,48.9314750957489,False,False,False,76.41000366210938,14.0,-0.3821489749792616,50837000.0,44819730.0,1.1342549363862746,2026-06-28
2026-06-28,APH,Amphenol,Technology,Interconnect Components,AI Infrastructure,Connectivity,Connectors & Cables,8,163.72000122070312,-0.0086587510059343,4.268765979920097e-05,0.1691884993272254,154.24785079956055,144.40376770019532,137.34967330932616,True,True,True,165.7100067138672,96.73065185546876,-0.0120089639281725,11860000.0,9896590.0,1.1983925776454314,2026-06-28
2026-06-28,GLW,Corning,Technology,Optical Fiber & Materials,AI Infrastructure,Optical,Optical Fiber & Materials,7,221.0500030517578,-0.03052494023401,0.1340550232314517,0.1597715415302654,190.7054992675781,183.06134643554688,123.76392135620117,True,True,True,228.009994506836,51.04203796386719,-0.03052494023401,45374700.0,16359305.0,2.7736324984466028,2026-06-28
2026-06-28,CIEN,Ciena,Technology,Optical Networking Equipment,AI Infrastructure,Optical,Connectivity,7,479.5,-0.010707880119796,0.1197515263955812,-0.1762300956536884,487.9719985961914,520.0289996337891,318.93094970703123,False,False,True,627.0,77.75,-0.2352472089314194,8733800.0,4254875.0,2.0526572461000616,2026-06-28
2026-06-28,STX,Seagate Technology,Technology,Storage Hardware,AI Infrastructure,Storage,HDD Storage,6,899.9000244140625,-0.1223569894767093,-0.158553109395112,0.0343207506785994,950.2914581298828,809.8651623535156,441.498713760376,False,True,True,1093.260498046875,140.28170776367188,-0.1768658741244686,9299000.0,4522480.0,2.0561727193929,2026-06-28
2026-06-28,STRL,Sterling Infrastructure,Industrials,Infrastructure Construction,AI Infrastructure,Data Center Construction,Construction & Site Infrastructure,6,804.760009765625,-0.0874909001266974,-0.0662737211602373,0.0289469835700151,871.002001953125,751.251201171875,464.07204986572265,False,True,True,993.739990234375,222.5399932861328,-0.1901704493387438,5142300.0,929735.0,5.530930856641946,2026-06-28
2026-06-28,EQIX,Equinix,Real Estate,Data Center REIT,AI Infrastructure,Data Centers,Colocation & Interconnection,8,1091.300048828125,0.0033928186815697,-0.0008147782216152,0.0196969582908741,1077.1600036621094,1076.9189404296876,894.8751870727539,True,True,True,1115.93994140625,718.5999145507812,-0.0220799450435253,762300.0,637000.0,1.196703296703297,2026-06-28
2026-06-28,NET,Cloudflare,Technology,Edge Cloud & Security,Software,Edge Cloud & Security,SaaS & Edge Network,8,237.2400054931641,0.0467240762491101,0.0588235654654223,0.1339260305371237,238.85950088500977,222.1136001586914,207.79830017089844,False,True,True,272.6600036621094,160.19000244140625,-0.1299053681992872,6243100.0,4108260.0,1.5196457867807782,2026-06-28
2026-06-28,NOW,ServiceNow,Technology,Enterprise Software,Software,Workflow Automation,SaaS,9,98.33999633789062,0.0985254694545092,0.0347221737223715,-0.0370153379066366,106.8325008392334,99.77960052490236,134.52552993774415,False,False,False,208.93800354003903,83.0,-0.5293340863236228,27217000.0,31836065.0,0.854910931988611,2026-06-28
2026-06-28,SNOW,Snowflake,Technology,Data Cloud Software,Software,Data Cloud,SaaS,8,248.9600067138672,0.0964503188177039,0.0717638034764605,0.420518170244246,240.93150024414064,189.63400024414065,205.85465049743647,True,True,True,280.1600036621094,121.11000061035156,-0.1113649219746275,25588500.0,9274435.0,2.7590359951846124,2026-06-28
2026-06-28,APP,AppLovin,Technology,AdTech Software,Software,AdTech & AI Applications,Application Software,8,477.0799865722656,0.0698540004218382,0.01569052234626,-0.1598190088341514,519.0905029296875,496.6752014160156,540.9537260437012,False,False,False,733.5999755859375,333.7799987792969,-0.3496728428988638,3422500.0,5319195.0,0.643424427944454,2026-06-28
2026-06-28,CRWD,CrowdStrike,Technology,Cybersecurity Software,Software,Cybersecurity,SaaS,8,701.0900268554688,0.033065647438502,0.0236983352087285,0.086354968961311,694.748501586914,594.0248016357422,495.9774006652832,True,True,True,782.1699829101562,350.25,-0.1036602756769313,3328200.0,3652035.0,0.9113275201360338,2026-06-28
2026-06-28,FLNC,Fluence Energy,Industrials,Energy Storage,AI Infrastructure,Energy Storage,Grid Storage,6,19.270000457763672,-0.005675887913639,-0.2229838286056465,-0.0918943882511634,23.35549983978272,19.54689998626709,18.409850018024443,False,False,True,32.22999954223633,6.139999866485596,-0.4021098128620515,9047600.0,13807740.0,0.6552556754400068,2026-06-28
2026-06-28,BE,Bloom Energy,Industrials,Fuel Cells & Distributed Power,AI Infrastructure,Power,On-site Power Generation,6,252.0200042724609,-0.1848760908124498,-0.2337721520584635,-0.1422055318462055,284.2335006713867,273.69720062255857,160.4879005432129,False,False,True,345.8500061035156,22.1299991607666,-0.2713025883335408,57095100.0,13787025.0,4.141219733771426,2026-06-28
2026-06-28,KLAC,KLA,Technology,Semicap Equipment,AI Infrastructure,Equipment,Process Control & Metrology,9,248.63999938964844,-0.0392580714163246,-0.042071190752266,0.2703927918769062,229.8428497314453,201.3017056274414,148.20896808624266,True,True,True,269.1600036621094,84.03205871582031,-0.0762371971811264,21388400.0,14269415.0,1.4988981678646252,2026-06-28
2026-06-28,RMBS,Rambus,Technology,Semiconductor IP,AI Infrastructure,Memory Interface,Memory & IP,7,114.7300033569336,-0.0724391535905834,-0.1872918832255677,-0.2282389309117439,142.5800003051758,135.33420013427735,108.31829990386964,False,False,True,170.66000366210938,62.84999847412109,-0.3277276403668189,18002400.0,3612185.0,4.983797895179787,2026-06-28
2026-06-28,LITE,Lumentum,Technology,Optical Components,AI Infrastructure,Optical,Connectivity,6,816.97998046875,-0.0521943823607634,-0.0388470818014705,-0.0945684047840804,885.6665008544921,903.6483996582032,530.0377501678466,False,False,True,1053.0899658203125,90.44000244140624,-0.2242068512804058,9111900.0,6252330.0,1.4573606959325562,2026-06-28
2026-06-29,NVDA,NVIDIA,Technology,Semiconductor,AI Infrastructure,GPU,Compute,10,194.97000122070312,0.0126733623688601,-0.0655643090148767,-0.0889276964952368,206.9179710388184,209.85486938476564,190.5173637390137,False,False,True,235.465576171875,153.09609985351562,-0.1719808712998993,146600013.0,162759805.65,0.9007138612296567,2026-06-29
2026-06-29,AVGO,Broadcom,Technology,Semiconductor,AI Infrastructure,Networking,Connectivity,9,372.4500122070313,0.0203551131910233,-0.0501874185365197,-0.1255110584379501,399.52437591552734,410.8666088867187,360.03953872680665,False,False,True,480.8090515136719,262.8143310546875,-0.2253681351578287,23534575.0,37321283.75,0.6305939301994133,2026-06-29
2026-06-29,ANET,Arista,Technology,Networking Equipment,AI Infrastructure,Networking,Connectivity,8,164.10000610351562,0.0412436532250553,-0.0599220417127186,0.0568686905911344,163.89849853515625,159.94539916992187,142.82619945526122,True,True,True,177.72999572753906,98.91000366210938,-0.0766893037285516,6013932.0,8026906.6,0.7492216241808519,2026-06-29
2026-06-29,CRDO,Credo,Technology,Semiconductor,AI Infrastructure,Optical,Connectivity,7,245.67999267578125,0.0322688767889969,-0.1878883987904741,0.1049246050454537,245.94524917602536,212.2591998291016,157.28040023803712,False,True,True,302.5199890136719,87.58999633789062,-0.1878883987904741,10046527.0,11926116.35,0.8423971983134309,2026-06-29
2026-06-29,TSM,TSMC,Technology,Semiconductor Foundry,AI Infrastructure,Foundry,Manufacturing,9,455.1000061035156,0.0526194048313557,-0.0268779416325803,0.0736850025037285,435.41784515380857,413.7562536621094,339.58853515625,True,True,True,467.6700134277344,222.2223358154297,-0.0268779416325803,14808927.0,14463831.35,1.0238592141770235,2026-06-29
2026-06-29,ASML,ASML,Technology,Semicap Equipment,AI Infrastructure,Equipment,Manufacturing Equipment,10,1883.1099853515625,0.0493084833976769,-0.0239160371379746,0.1727146244150657,1798.3494995117187,1622.6389526367188,1296.1495724487304,True,True,True,1929.6800537109373,686.0034790039062,-0.0241335698474038,1718814.0,2225765.7,0.7722349212228402,2026-06-29
2026-06-29,VRT,Vertiv,Industrials,Electrical Equipment,AI Infrastructure,Power,Power Infrastructure,7,306.9700012207031,0.0099358081670839,-0.1424460594802923,-0.0227452727645093,313.81441192626954,324.2954071044922,229.7007497406006,False,False,True,376.1517333984375,120.58716583251952,-0.1839197484288975,6507003.0,7178935.15,0.9064022538217243,2026-06-29
2026-06-29,ETN,Eaton,Industrials,Electrical Equipment,AI Infrastructure,Power,Power Infrastructure,8,408.260009765625,0.0138571997400838,-0.0631511062709638,0.0157237579883333,407.0724990844727,406.3579351806641,368.9850630187988,True,True,True,435.7799987792969,313.9706420898437,-0.0631511062709638,1643141.0,2506147.05,0.655644288710034,2026-06-29
2026-06-29,GEV,GE Vernova,Industrials,Power Equipment,AI Infrastructure,Power,Grid Infrastructure,7,1102.510009765625,0.0548618534873668,-0.0222420887156813,0.1075033736702282,995.6578735351562,1032.9046691894532,786.016480102539,True,True,True,1148.9429931640625,503.7064514160156,-0.0404136529616375,2610310.0,3230030.5,0.80813787981259,2026-06-29
2026-06-29,CEG,Constellation Energy,Utilities,Power Generation,AI Infrastructure,Energy,Power Supply,6,259.32000732421875,-0.0178016130786587,-0.058832038351158,-0.0942684169764328,262.3735008239746,281.3939456176758,317.311516494751,False,False,False,402.3219604492188,242.3000030517578,-0.3554415795879722,2973378.0,4410268.9,0.6741942651161247,2026-06-29
2026-06-29,NBIS,Nebius,Technology,AI Cloud Infrastructure,AI Infrastructure,NeoCloud,AI Cloud,7,261.1499938964844,0.0867665026214574,-0.0791932323089286,0.1537951671017428,251.9015007019043,210.1286004638672,130.68402557373048,True,True,True,286.69000244140625,44.29999923706055,-0.0890858011351188,13758123.0,17446536.15,0.7885876532574635,2026-06-29
2026-06-29,CRWV,CoreWeave,Technology,AI Cloud Infrastructure,AI Infrastructure,NeoCloud,AI Cloud,8,95.51000213623048,-0.0110788949527661,-0.1417917032031871,-0.106213722714705,106.08999977111816,110.355499420166,100.55392482757568,False,False,False,165.1999969482422,64.55000305175781,-0.4218522766307669,21710836.0,31564766.8,0.6878186725586707,2026-06-29
2026-06-29,MRVL,Marvell,Technology,Semiconductor,AI Infrastructure,Networking,Connectivity,8,277.75,0.0411590937456065,-0.0978041537849688,0.3560025265687898,281.8775009155273,216.0992001342773,119.499220123291,False,True,True,316.42999267578125,62.192867279052734,-0.1222387054675102,31025441.0,71698572.05,0.4327204867952458,2026-06-29
2026-06-29,COHR,Coherent,Technology,Optical Components,AI Infrastructure,Optical,Connectivity,7,391.2200012207031,0.0280113614948929,-0.0805208444133603,0.0378564492679587,390.5329986572266,367.81760070800783,232.8762502670288,True,True,True,426.8900146484375,86.55000305175781,-0.0835578537884288,7544050.0,6362137.5,1.1857728632869062,2026-06-29
2026-06-29,NOK,Nokia,Technology,Telecom Infrastructure,AI Infrastructure,AI-RAN,Telecom Edge,5,13.029999732971191,0.0015372408714457,-0.0970201346220647,-0.1472513114738444,14.482000017166138,13.608000011444092,8.474749999046326,False,False,True,16.850000381469727,4.050000190734863,-0.226706264808128,93417136.0,123151251.8,0.758556122122991,2026-06-29
2026-06-29,TEAM,Atlassian,Technology,Enterprise Software,Software,Developer Tools,SaaS,8,79.26000213623047,0.0066040676475584,-0.0087543391227742,-0.1503912385208444,90.62299957275393,85.7295001220703,117.04732490539551,False,False,False,220.88999938964844,57.150001525878906,-0.6411788566470301,2982376.0,5286448.8,0.5641549011124444,2026-06-29
2026-06-29,DDOG,Datadog,Technology,Observability Software,Software,Cloud Software,SaaS,9,248.57000732421875,0.0367018513364916,0.1228712689478639,0.1035784108598893,235.6575004577637,199.9442004394531,154.2289003753662,True,True,True,277.489990234375,102.61499786376952,-0.1042199139714182,5279364.0,5842188.2,0.9036620901736784,2026-06-29
2026-06-29,RDW,Redwire,Industrials,Space Infrastructure,Space Economy,Space Infrastructure,Space Hardware,6,11.6899995803833,0.0695333260738912,-0.1021506014300719,-0.5486486582023099,15.412000131607057,13.974200096130373,9.973400003910063,False,False,True,25.89999961853028,5.059999942779541,-0.5486486582023099,29076260.0,43838023.0,0.6632657681665982,2026-06-29
2026-06-29,PL,Planet Labs,Technology,Earth Observation,Space Economy,Satellite Data,Space Software,6,31.280000686645508,0.1555227572694151,0.0872436631541486,-0.3914396934230316,32.85399990081787,37.48620010375976,24.4582499742508,False,False,True,51.400001525878906,6.099999904632568,-0.3914396934230316,12691220.0,18337496.0,0.6920912211787258,2026-06-29
2026-06-29,UUUU,Energy Fuels,Energy,Nuclear Fuel,Nuclear,Nuclear Fuel,Upstream Nuclear,6,14.59000015258789,-0.002051965335569,-0.0949131890193045,-0.208785264097959,15.7020001411438,18.357400131225585,18.42095002174377,False,False,False,27.71999931335449,5.590000152587891,-0.4736652051228963,7174121.0,12100411.05,0.5928824211306442,2026-06-29
2026-06-29,SMR,NuScale Power,Industrials,Small Modular Reactor,Nuclear,SMR,Reactor Developer,6,10.260000228881836,0.0158415684523791,-0.087188573148773,-0.1583264493796461,10.823500061035157,11.565400009155274,19.964999961853028,False,False,False,53.43000030517578,9.15999984741211,-0.8079730456619902,19308401.0,38448945.05,0.502182855079401,2026-06-29
2026-06-29,OKLO,Oklo,Industrials,Advanced Nuclear,Nuclear,SMR,Reactor Developer,7,52.7599983215332,0.0551999664306641,-0.0965753948113586,-0.2251431758093164,58.77199993133545,64.74119972229003,84.50674976348877,False,False,False,174.13999938964844,45.58000183105469,-0.6970253904533465,9034113.0,12870725.65,0.7019117061204704,2026-06-29
2026-06-29,RGTI,Rigetti Computing,Technology,Quantum Computing,Quantum,Quantum Hardware,Quantum Hardware,4,19.440000534057617,0.0588235233008183,-0.0907389477483695,-0.2807991106096353,21.364999961853027,20.19620012283325,23.87550004005432,False,False,False,56.34000015258789,11.329999923706056,-0.6549520681326326,28450495.0,43459324.75,0.6546465036827338,2026-06-29
2026-06-29,QBTS,D-Wave Quantum,Technology,Quantum Computing,Quantum,Quantum Hardware,Quantum Hardware,4,23.82999992370605,0.0470122884035131,-0.0261544506582457,-0.1919294639315455,24.835500049591065,23.26360000610352,24.09759995937348,False,True,False,44.77999877929688,12.979999542236328,-0.4678427741556042,20959700.0,33555460.0,0.6246285999357482,2026-06-29
2026-06-29,IONQ,IonQ,Technology,Quantum Computing,Quantum,Quantum Hardware,Quantum Hardware,6,53.880001068115234,0.0926789610129594,-0.0761316640936646,-0.2318220482324801,58.76550025939942,54.69380012512207,49.632800054550174,False,False,True,82.08999633789062,26.59000015258789,-0.3436471741777187,22763156.0,28805292.8,0.7902421321681549,2026-06-29
2026-06-29,MU,Micron,Technology,Memory,AI Infrastructure,Memory,HBM,9,1145.280029296875,0.0114366604653901,-0.0545658466538185,0.2401247456207647,1044.1234985351562,815.9002008056641,430.7366851043701,True,True,True,1213.56005859375,104.72804260253906,-0.0562642358022202,59870891.0,58089909.55,1.030659050148237,2026-06-29
2026-06-29,SNDK,Sandisk,Technology,Memory,AI Infrastructure,Memory,NAND,6,2050.389892578125,-0.0192853476152641,-0.0982263020715333,0.2489887394814889,1914.6260009765624,1544.1837963867188,674.404400024414,True,True,True,2335.0,40.68999862670898,-0.1218886969686831,10808419.0,11446810.95,0.9442297114201926,2026-06-29
2026-06-29,ORCL,Oracle,Technology,Enterprise Software,AI Infrastructure,NeoCloud,AI Cloud,8,147.75999450683594,-0.0051841666921784,-0.1559948116458712,-0.2746195546366157,192.775,188.46240020751952,201.3994390106201,False,False,False,325.75933837890625,136.00498962402344,-0.5464136339355858,33989000.0,31053855.0,1.0945178947992125,2026-06-29
2026-06-29,KEYS,Keysight Technologies,Technology,Electronic Test & Measurement,AI Infrastructure,Optical Test & Metrology,R&D Test & Standards,9,340.1300048828125,0.0348992913433277,-0.0889537466674786,0.0029487216866745,345.2695007324219,346.7611981201172,251.9562992095948,False,False,True,373.3399963378906,158.50999450683594,-0.0889537466674786,2116897.0,1687554.85,1.2544167082924742,2026-06-29
2026-06-29,FORM,FormFactor,Technology,Semiconductor Test Equipment,AI Infrastructure,Optical Test & Metrology,Wafer-Level Test & Probing,8,144.1699981689453,0.1027229012659285,-0.079726830085508,0.1071263770348078,134.32550086975098,135.51259872436523,85.10674964904786,True,True,True,156.66000366210938,27.6200008392334,-0.079726830085508,2168111.0,2018330.55,1.074210069307032,2026-06-29
2026-06-29,AEHR,Aehr Test Systems,Technology,Semiconductor Test Equipment,AI Infrastructure,Optical Test & Metrology,Wafer & Package Burn-In,6,94.7699966430664,0.0322404875632804,-0.1637695657647335,-0.0522052338456399,103.79349975585936,97.61100006103516,47.43929999351501,False,False,True,116.58000183105467,12.93000030517578,-0.1870818737813616,1194639.0,1760641.95,0.6785246710723892,2026-06-29
2026-06-29,DELL,Dell Technologies,Technology,AI Server & Storage,AI Infrastructure,AI Servers,Systems & Storage,7,414.6099853515625,0.037848245229666,-0.0097919949062297,0.3077117215418399,411.2129974365234,310.3104727172852,181.74686389923096,True,True,True,465.9599914550781,110.7273941040039,-0.1102026076169376,8358260.0,10238788.0,0.8163329487826099,2026-06-29
2026-06-29,CLS,Celestica,Technology,Electronics Manufacturing Services,AI Infrastructure,AI Servers,Contract Manufacturing,7,343.25,0.0169466454578555,-0.0891359639749397,-0.0221354602497273,386.26299743652345,384.2783984375,316.8275499725342,False,False,True,472.3999938964844,148.91000366210938,-0.2733911845155202,1677526.0,2167851.3,0.7738196803443115,2026-06-29
2026-06-29,IREN,IREN Limited,Technology,AI Data Center & Bitcoin Mining,AI Infrastructure,NeoCloud,AI Cloud & Power Infrastructure,5,45.90999984741211,-0.0275365232423424,-0.1927202266629165,-0.2832162738491526,56.78400001525879,54.76099998474121,48.99287508964539,False,False,False,76.41000366210938,14.56999969482422,-0.3991624440900502,34060783.0,44007089.15,0.7739840025297379,2026-06-29
2026-06-29,APH,Amphenol,Technology,Interconnect Components,AI Infrastructure,Connectivity,Connectors & Cables,8,166.4199981689453,0.0164915522117694,0.0042845418279662,0.128596096536582,155.1420555114746,144.75745544433593,137.59035461425782,True,True,True,166.4199981689453,96.73065185546876,0.0,5051418.0,9464290.9,0.5337344396292806,2026-06-29
2026-06-29,GLW,Corning,Technology,Optical Fiber & Materials,AI Infrastructure,Optical,Optical Fiber & Materials,7,255.69000244140625,0.1567066225352533,0.2185578811902975,0.3995839894052939,194.43199920654297,184.8586294555664,124.67026069641112,True,True,True,255.69000244140625,51.04203414916992,0.0,21793293.0,16601684.65,1.3127157550242952,2026-06-29
2026-06-29,CIEN,Ciena,Technology,Optical Networking Equipment,AI Infrastructure,Optical,Connectivity,7,478.9299926757813,-0.0011887535437304,0.0404058102797431,-0.1600371832967613,482.906999206543,519.70419921875,320.6762996673584,False,False,True,627.0,77.75,-0.23615631152188,4062372.0,4264848.6,0.9525243170414068,2026-06-29
2026-06-29,STX,Seagate Technology,Technology,Storage Hardware,AI Infrastructure,Storage,HDD Storage,6,968.530029296875,0.0762640326935188,-0.1140903462375459,0.1004866695539734,954.7593048095704,818.6071411132813,445.3840687561035,True,True,True,1093.260498046875,140.8470458984375,-0.1140903462375459,5337614.0,4555635.7,1.1716507533734537,2026-06-29
2026-06-29,STRL,Sterling Infrastructure,Industrials,Infrastructure Construction,AI Infrastructure,Data Center Construction,Construction & Site Infrastructure,6,813.77001953125,0.0111958964862692,-0.127558274423747,-0.034627979596348,868.6485015869141,758.7046014404297,466.6352499389648,False,True,True,993.739990234375,222.5399932861328,-0.1811036815180184,719767.0,914893.35,0.7867222993805781,2026-06-29
2026-06-29,EQIX,Equinix,Real Estate,Data Center REIT,AI Infrastructure,Data Centers,Colocation & Interconnection,8,1085.1700439453125,-0.0056171580761817,-0.0275730765780843,0.0147087292423158,1078.01650390625,1077.3097509765626,896.4615481567383,True,True,True,1115.93994140625,718.5999145507812,-0.0275730765780843,446978.0,612153.9,0.7301725922190482,2026-06-29
2026-06-29,NET,Cloudflare,Technology,Edge Cloud & Security,Software,Edge Cloud & Security,SaaS & Edge Network,8,243.759994506836,0.0274826709775124,0.1162193839021246,0.0686072239472617,238.9565002441406,223.04119995117188,207.9022501373291,True,True,True,272.6600036621094,160.19000244140625,-0.1059928437142083,3038864.0,3973503.2,0.7647820693840135,2026-06-29
2026-06-29,NOW,ServiceNow,Technology,Enterprise Software,Software,Workflow Automation,SaaS,9,99.97000122070312,0.016575197717233,0.0748306518075168,-0.0805665581327498,105.61250076293943,99.85020050048828,134.10180992126465,False,True,False,208.93800354003903,83.0,-0.5215327057456747,21431404.0,29495465.2,0.7265999656109848,2026-06-29
2026-06-29,SNOW,Snowflake,Technology,Data Cloud Software,Software,Data Cloud,SaaS,8,251.6499938964844,0.0108048968110321,0.1105962220910419,0.0520484828891369,240.73649978637687,191.7960000610352,205.9836504364013,True,True,True,280.1600036621094,121.11000061035156,-0.1017633116538999,7489757.0,8654312.85,0.8654363587052437,2026-06-29
2026-06-29,APP,AppLovin,Technology,AdTech Software,Software,AdTech & AI Applications,Application Software,8,498.760009765625,0.0454431621605559,0.0625705579595359,-0.1685809105225384,513.3740020751953,497.3286016845703,540.6119261169433,False,True,False,733.5999755859375,335.1000061035156,-0.3201199204413035,5217500.0,5267885.0,0.9904354404091964,2026-06-29
2026-06-29,CRWD,CrowdStrike,Technology,Cybersecurity Software,Software,Cybersecurity,SaaS,8,742.9099731445312,0.059649894716993,0.099890398050533,0.1071683653420734,695.3440002441406,600.5190008544922,497.5676005554199,True,True,True,782.1699829101562,350.25,-0.0501937054904018,4424565.0,3632553.25,1.218031697126532,2026-06-29
2026-06-29,FLNC,Fluence Energy,Industrials,Energy Storage,AI Infrastructure,Energy Storage,Grid Storage,6,19.14999961853028,-0.0062273397188764,-0.239777720820652,-0.1034644629527898,23.368999862670897,19.63029998779297,18.47180001497269,False,False,True,32.22999954223633,6.710000038146973,-0.4058330781719421,10182422.0,13756501.1,0.7401898146905975,2026-06-29
2026-06-29,BE,Bloom Energy,Industrials,Fuel Cells & Distributed Power,AI Infrastructure,Power,On-site Power Generation,6,275.010009765625,0.091222939066017,-0.204828668751527,-0.0517223526599044,283.734001159668,274.9962008666992,161.54815059661863,False,True,True,345.8500061035156,22.1299991607666,-0.204828668751527,16678048.0,13775342.4,1.2107174918570445,2026-06-29
2026-06-29,KLAC,KLA,Technology,Semicap Equipment,AI Infrastructure,Equipment,Process Control & Metrology,9,278.3900146484375,0.1196509625636188,0.0342919113566182,0.4442087638356813,234.153800201416,203.4042288208008,149.1365810394287,True,True,True,278.3900146484375,84.03206634521484,0.0,14512784.0,14422204.2,1.0062805794969951,2026-06-29
2026-06-29,RMBS,Rambus,Technology,Semiconductor IP,AI Infrastructure,Memory Interface,Memory & IP,7,123.9000015258789,0.0799267663264748,-0.1172070100624289,-0.1629509664260261,141.50200004577636,135.411600189209,108.55224990844728,False,False,True,170.66000366210938,62.84999847412109,-0.2739950845706698,3612975.0,3697533.75,0.9771310403860411,2026-06-29
2026-06-29,LITE,Lumentum,Technology,Optical Components,AI Infrastructure,Optical,Connectivity,6,851.4000244140625,0.0421308291123163,-0.0475763970447111,-0.0107131727771088,885.4885009765625,902.852000732422,533.4703502655029,False,False,True,1053.0899658203125,90.44000244140624,-0.1915220427051948,5548430.0,6211551.5,0.8932438216120401,2026-06-29
2026-06-30,NVDA,NVIDIA,Technology,Semiconductor,AI Infrastructure,GPU,Compute,10,200.08999633789065,0.0262604251173581,0.0002499652741254,-0.0512304934107209,205.7175300598145,209.8277651977539,190.63309204101563,False,False,True,235.465576171875,153.09609985351562,-0.1502367369749302,163092701.0,160403580.05,1.0167647190241125,2026-06-30
2026-06-30,AVGO,Broadcom,Technology,Semiconductor,AI Infrastructure,Networking,Connectivity,9,377.75,0.0142300647583888,-0.0063132814284297,-0.1531484762625793,395.44971771240233,410.30365661621096,360.14321701049806,False,False,True,480.8090515136719,262.8143310546875,-0.2143450735572131,26920879.0,37178983.95,0.7240886151220385,2026-06-30
2026-06-30,ANET,Arista,Technology,Networking Equipment,AI Infrastructure,Networking,Connectivity,8,169.8800048828125,0.0352224166015617,0.0473490017205178,0.0652787582769385,163.8584991455078,160.05839935302734,142.91039951324464,True,True,True,177.72999572753906,98.91000366210938,-0.0441680697318005,6735333.0,7991031.65,0.8428615096274834,2026-06-30
2026-06-30,CRDO,Credo,Technology,Semiconductor,AI Infrastructure,Optical,Connectivity,7,271.95001220703125,0.106927793529846,-0.0002021752349922,0.1521841020781509,248.2377494812012,214.48440002441407,157.84355026245117,True,True,True,302.5199890136719,87.58999633789062,-0.1010510971731493,7968589.0,11677574.45,0.6823839174923865,2026-06-30
2026-06-30,TSM,TSMC,Technology,Semiconductor Foundry,AI Infrastructure,Foundry,Manufacturing,9,477.5700073242188,0.0493737660280149,0.0943651121553652,0.1439560155190151,437.5657348632813,415.914966430664,340.6959956359863,True,True,True,477.5700073242188,222.2223358154297,0.0,12884755.0,14210812.75,0.9066867058676852,2026-06-30
2026-06-30,ASML,ASML,Technology,Semicap Equipment,AI Infrastructure,Equipment,Manufacturing Equipment,10,1989.43994140625,0.0564650800440826,0.1186307170826233,0.233562296534973,1816.392999267578,1633.295380859375,1302.0971212768554,True,True,True,1989.43994140625,686.00341796875,0.0,2694062.0,2309663.1,1.1664307231647766,2026-06-30
2026-06-30,VRT,Vertiv,Industrials,Electrical Equipment,AI Infrastructure,Power,Power Infrastructure,7,334.82000732421875,0.0907254975820657,0.0518346306243775,0.0607509422042837,314.389274597168,324.8462860107422,230.6970473480225,True,True,True,376.1517333984375,120.58716583251952,-0.1098804615382119,5488555.0,7156022.75,0.7669840065838248,2026-06-30
2026-06-30,ETN,Eaton,Industrials,Electrical Equipment,AI Infrastructure,Power,Power Infrastructure,8,426.1199951171875,0.0437465951216129,0.0514212307556767,0.0637044149397179,408.37449951171874,406.7785247802734,369.3307347106934,True,True,True,435.7799987792969,313.9706115722656,-0.0221671570268687,2516159.0,2542917.95,0.9894770690497504,2026-06-30
2026-06-30,GEV,GE Vernova,Industrials,Power Equipment,AI Infrastructure,Power,Grid Infrastructure,7,1174.8599853515625,0.0656229648212607,0.1351523773623715,0.2139171625038083,1006.89814453125,1036.357110595703,788.727211303711,True,True,True,1174.8599853515625,503.7064514160156,0.0,2637885.0,3256764.25,0.8099711239461069,2026-06-30
2026-06-30,CEG,Constellation Energy,Utilities,Power Generation,AI Infrastructure,Energy,Power Supply,6,248.3699951171875,-0.042225867259601,-0.0809961291255075,-0.1368549257439183,261.5069999694824,280.4463357543945,316.9697740936279,False,False,False,402.3219604492188,242.3000030517578,-0.3826586178893486,5027897.0,4090824.85,1.2290667981055214,2026-06-30
2026-06-30,NBIS,Nebius,Technology,AI Cloud Infrastructure,AI Infrastructure,NeoCloud,AI Cloud,7,276.1700134277344,0.0575149143491984,0.0033424647692439,0.1950755887499757,252.48450088500977,212.5092007446289,131.6189256286621,True,True,True,286.69000244140625,44.29999923706055,-0.0366946490079365,12809680.0,16905804.0,0.757709009284622,2026-06-30
2026-06-30,CRWV,CoreWeave,Technology,AI Cloud Infrastructure,AI Infrastructure,NeoCloud,AI Cloud,8,99.54000091552734,0.0421945208790666,-0.0584563018711501,-0.0912078697626884,104.82599983215331,110.00929946899414,100.4881748199463,False,False,False,165.1999969482422,64.55000305175781,-0.397457610445879,17948226.0,29562786.3,0.607122272503793,2026-06-30
2026-06-30,MRVL,Marvell,Technology,Semiconductor,AI Infrastructure,Networking,Connectivity,8,297.8900146484375,0.0725113038647615,0.0675530587954416,0.4531220226753047,285.80050201416014,219.263200378418,120.65634628295898,True,True,True,316.42999267578125,62.19287109375,-0.0585910895189385,34355492.0,71809674.6,0.4784242818446082,2026-06-30
2026-06-30,COHR,Coherent,Technology,Optical Components,AI Infrastructure,Optical,Connectivity,7,394.4700012207031,0.0083073462242706,0.0347568332132948,0.0912938830015139,392.1114990234375,368.8066009521484,234.3310502624512,True,True,True,426.8900146484375,86.55000305175781,-0.0759446515853355,4398953.0,6294952.65,0.6988063683052484,2026-06-30
2026-06-30,NOK,Nokia,Technology,Telecom Infrastructure,AI Infrastructure,AI-RAN,Telecom Edge,5,13.279999732971191,0.0191864931023288,-0.0306569403022841,-0.1051213209957182,14.333500003814695,13.66739999771118,8.518049998283386,False,False,True,16.850000381469727,4.050000190734863,-0.211869469891795,50620786.0,117265164.3,0.4316779522902182,2026-06-30
2026-06-30,TEAM,Atlassian,Technology,Enterprise Software,Software,Developer Tools,SaaS,8,77.79000091552734,-0.0185465705410469,-0.0437614950875044,-0.2771117881766435,88.71499977111816,85.94650009155274,116.5527248764038,False,False,False,220.88999938964844,57.150001525878906,-0.6478337582938452,3283019.0,4824155.95,0.68053749381796,2026-06-30
2026-06-30,DDOG,Datadog,Technology,Observability Software,Software,Cloud Software,SaaS,9,260.3599853515625,0.0474312172826452,0.1803961404818559,0.0525974486639075,234.80100021362304,202.6192001342773,154.8349503326416,True,True,True,277.489990234375,102.61499786376952,-0.0617319740735299,5345205.0,5551425.25,0.9628527376820936,2026-06-30
2026-06-30,RDW,Redwire,Industrials,Space Infrastructure,Space Economy,Space Infrastructure,Space Hardware,6,12.229999542236328,0.046193326025365,0.000818271275697,-0.5022385146869728,14.989500093460084,14.01200008392334,9.99230000257492,False,False,True,25.89999961853028,5.059999942779541,-0.5277992385186632,32358368.0,42629678.4,0.759057286249666,2026-06-30
2026-06-30,PL,Planet Labs,Technology,Earth Observation,Space Economy,Satellite Data,Space Software,6,33.130001068115234,0.05914323340343,0.1612337984843765,-0.352170483701232,32.1875,37.37920013427734,24.5755499792099,True,False,True,51.400001525878906,6.139999866485596,-0.355447469171087,15213013.0,18504220.65,0.8221374619200729,2026-06-30
2026-06-30,UUUU,Energy Fuels,Energy,Nuclear Fuel,Nuclear,Nuclear Fuel,Upstream Nuclear,6,14.5,-0.0061686190299269,-0.0627020200572439,-0.2041712104032786,15.546000099182129,18.237600135803223,18.43080002307892,False,False,False,27.71999931335449,5.590000152587891,-0.4769119639546879,4787901.0,11251530.05,0.4255333255764623,2026-06-30
2026-06-30,SMR,NuScale Power,Industrials,Small Modular Reactor,Nuclear,SMR,Reactor Developer,6,10.029999732971191,-0.0224172018303854,-0.0764272513761757,-0.2083662452585375,10.680500030517578,11.513000011444092,19.839249958992003,False,False,False,53.43000030517578,9.15999984741211,-0.8122777526542596,21186343.0,37503447.15,0.5649172172163913,2026-06-30
2026-06-30,OKLO,Oklo,Industrials,Advanced Nuclear,Nuclear,SMR,Reactor Developer,7,52.33000183105469,-0.0081500474631937,-0.0849798376002158,-0.2175537682400202,58.04400005340576,64.45159980773926,84.36854976654053,False,False,False,174.13999938964844,45.58000183105469,-0.6994946479012943,7235768.0,12293313.4,0.5885937960387474,2026-06-30
2026-06-30,RGTI,Rigetti Computing,Technology,Quantum Computing,Quantum,Quantum Hardware,Quantum Hardware,4,19.31999969482422,-0.006172882507033,-0.0921053067940598,-0.2435395848761149,21.049499988555908,20.186400127410888,23.88865003585816,False,False,False,56.34000015258789,11.329999923706056,-0.6570820084753446,20354563.0,41041598.15,0.4959495711060657,2026-06-30
2026-06-30,QBTS,D-Wave Quantum,Technology,Quantum Computing,Quantum,Quantum Hardware,Quantum Hardware,4,23.989999771118164,0.0067142193841529,-0.0415501752695606,-0.2040477685159637,24.576000022888184,23.309599990844728,24.134949955940247,False,True,False,44.77999877929688,12.979999542236328,-0.4642697537944227,20071789.0,32199449.45,0.6233581425411607,2026-06-30
2026-06-30,IONQ,IonQ,Technology,Quantum Computing,Quantum,Quantum Hardware,Quantum Hardware,6,53.2599983215332,-0.0115071034575189,-0.0793431335117701,-0.2609962738024248,57.96450023651123,54.83720008850098,49.66385004997253,False,False,True,82.08999633789062,26.59000015258789,-0.3511998940490906,13306155.0,28065442.75,0.4741117080720203,2026-06-30
2026-06-30,MU,Micron,Technology,Memory,AI Infrastructure,Memory,HBM,9,1154.2900390625,0.0078670801333684,0.0974737990506144,0.1887642008882595,1050.0630004882812,829.8846014404297,435.7563761138916,True,True,True,1213.56005859375,104.72803497314452,-0.0488397909205506,40238445.0,57829902.25,0.6958068997946474,2026-06-30
2026-06-30,SNDK,Sandisk,Technology,Memory,AI Infrastructure,Memory,NAND,6,2273.72998046875,0.1089256676006147,0.1579395033299844,0.341449460565278,1940.240997314453,1571.2385961914065,685.351549911499,True,True,True,2335.0,40.68999862670898,-0.0262398370583512,11230102.0,11549760.1,0.9723233991673992,2026-06-30
2026-06-30,ORCL,Oracle,Technology,Enterprise Software,AI Infrastructure,NeoCloud,AI Cloud,8,146.5500030517578,-0.0081888975369591,-0.1126786158737597,-0.3509168046589791,187.69500045776368,187.8922003173828,200.6049409484864,False,False,False,325.75933837890625,136.00498962402344,-0.550128006211449,26772138.0,29993276.9,0.8926046356742035,2026-06-30
2026-06-30,KEYS,Keysight Technologies,Technology,Electronic Test & Measurement,AI Infrastructure,Optical Test & Metrology,R&D Test & Standards,9,350.07000732421875,0.029224126947668,-0.0071188931409538,0.0346999119732045,346.2730010986328,347.07579833984374,252.8447992706299,True,True,True,373.3399963378906,158.50999450683594,-0.0623292153048917,943045.0,1616292.25,0.5834619327043113,2026-06-30
2026-06-30,FORM,FormFactor,Technology,Semiconductor Test Equipment,AI Infrastructure,Optical Test & Metrology,Wafer-Level Test & Probing,8,159.92999267578125,0.1093153548380267,0.1200364184855873,0.283650352168306,136.56850051879883,135.96699844360353,85.75354961395264,True,True,True,159.92999267578125,27.6200008392334,0.0,1835080.0,1977279.0,0.9280834925167364,2026-06-30
2026-06-30,AEHR,Aehr Test Systems,Technology,Semiconductor Test Equipment,AI Infrastructure,Optical Test & Metrology,Wafer & Package Burn-In,6,96.05999755859376,0.0136119126434697,-0.0618224618496739,0.0403985232705204,103.91549949645996,97.855,47.78674998283386,False,False,True,116.58000183105467,13.289999961853027,-0.1760165032609804,1161146.0,1742547.3,0.6663497742643772,2026-06-30
2026-06-30,DELL,Dell Technologies,Technology,AI Server & Storage,AI Infrastructure,AI Servers,Systems & Storage,7,431.4599914550781,0.0406406181684888,0.0086025356170984,0.0250647114613076,409.4879974365234,315.020798034668,183.2841781234741,True,True,True,465.9599914550781,110.7273941040039,-0.0740406915457806,5504989.0,9495014.45,0.5797767901237897,2026-06-30
2026-06-30,CLS,Celestica,Technology,Electronics Manufacturing Services,AI Infrastructure,AI Servers,Contract Manufacturing,7,364.7999877929688,0.0627821931331937,0.0387243027142047,-0.0534264668851151,383.1754974365234,383.65419799804687,317.4228498840332,False,False,True,472.3999938964844,148.91000366210938,-0.2277730895294925,1586680.0,2087219.0,0.7601885571183474,2026-06-30
2026-06-30,IREN,IREN Limited,Technology,AI Data Center & Bitcoin Mining,AI Infrastructure,NeoCloud,AI Cloud & Power Infrastructure,5,45.72999954223633,-0.0039207211015908,-0.164290962681219,-0.2802958941874797,55.80399990081787,54.71319999694824,49.05727509498596,False,False,False,76.41000366210938,15.229999542236328,-0.4015181605741346,28100823.0,42609151.15,0.6595020609792176,2026-06-30
2026-06-30,APH,Amphenol,Technology,Interconnect Components,AI Infrastructure,Connectivity,Connectors & Cables,8,176.32000732421875,0.0594880979701921,0.111027162664175,0.1870531141516074,156.6520782470703,145.26720672607422,137.8786468887329,True,True,True,176.32000732421875,96.73065185546876,0.0,14376524.0,9804531.2,1.4663142690595958,2026-06-30
2026-06-30,GLW,Corning,Technology,Optical Fiber & Materials,AI Infrastructure,Optical,Optical Fiber & Materials,7,255.42999267578125,-0.0010168945329983,0.3161744887712236,0.4099690191671477,198.3684989929199,186.68466033935547,125.57261875152588,True,True,True,255.69000244140625,51.04204177856445,-0.0010168945329983,18891370.0,17128253.5,1.1029361516630989,2026-06-30
2026-06-30,CIEN,Ciena,Technology,Optical Networking Equipment,AI Infrastructure,Optical,Connectivity,7,490.55999755859375,0.0242833087521532,0.0667826270467963,-0.1545421400626603,478.95449981689455,519.3667993164063,322.46659965515136,True,False,True,627.0,77.75,-0.2176076593961822,2410788.0,4241419.4,0.5683917982739457,2026-06-30
2026-06-30,STX,Seagate Technology,Technology,Storage Hardware,AI Infrastructure,Storage,HDD Storage,6,965.0,-0.0036447288056082,-0.0701931659677581,0.097622305227885,956.9791259765624,826.9599462890625,449.23307731628415,True,True,True,1093.260498046875,140.8470458984375,-0.1173192466717805,4120343.0,4597057.15,0.8963001471495736,2026-06-30
2026-06-30,STRL,Sterling Infrastructure,Industrials,Infrastructure Construction,AI Infrastructure,Data Center Construction,Construction & Site Infrastructure,6,839.3599853515625,0.0314461889798458,-0.0592771248511487,-0.024952419536496,868.3470001220703,766.2188012695312,469.2512498474121,False,True,True,993.739990234375,222.5399932861328,-0.155352513132134,640874.0,923448.7,0.6940006521206863,2026-06-30
2026-06-30,EQIX,Equinix,Real Estate,Data Center REIT,AI Infrastructure,Data Centers,Colocation & Interconnection,8,1042.3900146484375,-0.0394224200488811,-0.0659002227047729,-0.0240159764390269,1077.5975036621094,1076.4923071289063,897.7509848022461,False,False,True,1115.93994140625,718.5999145507812,-0.0659084992200643,1163789.0,655649.45,1.7750171223357238,2026-06-30
2026-06-30,NET,Cloudflare,Technology,Edge Cloud & Security,Software,Edge Cloud & Security,SaaS & Edge Network,8,245.27999877929688,0.00623565928255,0.0904240958350168,0.0143081273272775,237.6794998168945,223.9269998168945,208.0054501342773,True,True,True,272.6600036621094,160.19000244140625,-0.1004181196914485,2503207.0,3704140.35,0.6757862185216604,2026-06-30
2026-06-30,NOW,ServiceNow,Technology,Enterprise Software,Software,Workflow Automation,SaaS,9,99.27999877929688,-0.0069020949582958,0.0348133860005941,-0.2017367806802166,103.78350067138672,99.90260040283204,133.65992988586424,False,False,False,208.93800354003903,83.0,-0.524835132445057,17873608.0,27134175.4,0.6587120388408781,2026-06-30
2026-06-30,SNOW,Snowflake,Technology,Data Cloud Software,Software,Data Cloud,SaaS,8,254.5,0.0113252778567043,0.1045527362310969,-0.00410879686644,239.4534996032715,194.0064001464844,206.1335004425049,True,True,True,280.1600036621094,121.11000061035156,-0.0915905315772944,4100528.0,7896126.4,0.5193088094435773,2026-06-30
2026-06-30,APP,AppLovin,Technology,AdTech Software,Software,AdTech & AI Applications,Application Software,8,515.22998046875,0.0330218349118738,0.1032289679011293,-0.1596177430721581,508.4505004882813,498.0892010498047,540.3315260314941,True,True,False,733.5999755859375,335.1000061035156,-0.2976690326942446,5589323.0,5336501.15,1.0473759571849806,2026-06-30
2026-06-30,CRWD,CrowdStrike,Technology,Cybersecurity Software,Software,Cybersecurity,SaaS,8,763.1400146484375,0.0272308115857942,0.1207484488660244,0.0439671883015559,694.3925018310547,607.3028009033203,499.21640060424807,True,True,True,782.1699829101562,350.25,-0.0243297092416094,3100399.0,3584024.95,0.8650606631519124,2026-06-30
2026-06-30,FLNC,Fluence Energy,Industrials,Energy Storage,AI Infrastructure,Energy Storage,Grid Storage,6,19.8799991607666,0.0381200812938895,-0.0627062697366978,0.0529661040493074,23.005499839782715,19.757199974060057,18.536500010490418,False,True,True,32.22999954223633,6.75,-0.3831833868097164,9086942.0,11902777.1,0.7634304098662824,2026-06-30
2026-06-30,BE,Bloom Energy,Industrials,Fuel Cells & Distributed Power,AI Infrastructure,Power,On-site Power Generation,6,302.70001220703125,0.1006872530385523,-0.0598794897864499,0.0621053059895833,285.1935012817383,276.8930010986328,162.72520065307617,True,True,True,345.8500061035156,22.1299991607666,-0.1247650517131095,11256643.0,13867827.15,0.8117092085330757,2026-06-30
2026-06-30,KLAC,KLA,Technology,Semicap Equipment,AI Infrastructure,Equipment,Process Control & Metrology,9,301.7099914550781,0.0837672889815752,0.2340381392952848,0.5700078743102237,239.5390998840332,205.86011596679688,150.1675254058838,True,True,True,301.7099914550781,84.03206634521484,0.0,19333806.0,15027035.3,1.286601489516698,2026-06-30
2026-06-30,RMBS,Rambus,Technology,Semiconductor IP,AI Infrastructure,Memory Interface,Memory & IP,7,132.74000549316406,0.071347892319749,0.0353326459876623,-0.0874467251037909,140.7650005340576,135.52780029296875,108.7730499267578,False,False,True,170.66000366210938,62.84999847412109,-0.2221961640410094,3551494.0,3802544.7,0.9339782383097296,2026-06-30
2026-06-30,LITE,Lumentum,Technology,Optical Components,AI Infrastructure,Optical,Connectivity,6,858.0599975585938,0.0078223783809669,0.0364045019694956,0.0036258719779491,883.1415008544922,902.1318005371094,536.9362502288818,False,False,True,1053.0899658203125,90.44000244140624,-0.1851978222105635,4179391.0,6027179.55,0.6934240079176005,2026-06-30
2026-07-01,NVDA,NVIDIA,Technology,Semiconductor,AI Infrastructure,GPU,Compute,10,197.5800018310547,-0.0125443278163558,-0.0071356691906799,-0.118335360132475,204.46849975585937,209.74286987304689,190.733024597168,False,False,True,235.465576171875,157.0408477783203,-0.1608964459126128,134672012.0,157638235.6,0.8543105769194489,2026-07-01
2026-07-01,AVGO,Broadcom,Technology,Semiconductor,AI Infrastructure,Networking,Connectivity,9,369.3399963378906,-0.0222634114152465,-0.0333185299612529,-0.1957637582001637,389.87626495361326,409.7104864501953,360.2036552429199,False,False,True,480.8090515136719,267.936767578125,-0.2318364324150241,23621758.0,36524562.9,0.6467362269241558,2026-07-01
2026-07-01,ANET,Arista,Technology,Networking Equipment,AI Infrastructure,Networking,Connectivity,8,166.6199951171875,-0.0191900734160788,0.0301718156194181,-0.0237871908414362,163.42299880981446,160.05379913330077,143.04654949188233,True,True,True,177.72999572753906,101.12999725341795,-0.0625105546470796,7596352.0,8090957.6,0.9388693372957486,2026-07-01
2026-07-01,CRDO,Credo,Technology,Semiconductor,AI Infrastructure,Optical,Connectivity,7,259.0899963378906,-0.0472881606614913,-0.0368043208145342,0.145908842741345,249.7422492980957,216.17559997558592,158.3290502166748,True,True,True,302.5199890136719,87.80999755859375,-0.1435607373164967,7920753.0,11266397.65,0.7030422008937346,2026-07-01
2026-07-01,TSM,TSMC,Technology,Semiconductor Foundry,AI Infrastructure,Foundry,Manufacturing,9,444.2300109863281,-0.0698117466058884,0.0077127793426663,0.0221296078685671,437.49491729736326,417.4918804931641,341.63468383789063,True,True,True,477.5700073242188,224.84336853027344,-0.0698117466058884,18465871.0,14736188.55,1.2530968192585998,2026-07-01
2026-07-01,ASML,ASML,Technology,Semicap Equipment,AI Infrastructure,Equipment,Manufacturing Equipment,10,1843.0400390625,-0.0735885006110143,0.0455362972151041,0.1316922820921136,1823.276501464844,1640.6905395507813,1307.264371948242,True,True,True,1989.43994140625,686.0034790039062,-0.0735885006110143,2574972.0,2365138.6,1.0887192826669865,2026-07-01
2026-07-01,VRT,Vertiv,Industrials,Electrical Equipment,AI Infrastructure,Power,Power Infrastructure,7,311.4200134277344,-0.0698882784320151,-0.0158328204152891,-0.0368138039612483,313.2392547607422,324.7877941894531,231.58068824768063,False,False,True,376.1517333984375,120.58717346191406,-0.1720893836800062,4583443.0,7244027.15,0.6327202956438395,2026-07-01
2026-07-01,ETN,Eaton,Industrials,Electrical Equipment,AI Infrastructure,Power,Power Infrastructure,8,412.30999755859375,-0.0324087058031525,0.0190810481983736,0.0305689147090566,408.108999633789,406.8957885742187,369.5785050964356,True,True,True,435.7799987792969,313.9706420898437,-0.0538574539594453,2367500.0,2558640.0,0.9252962511334146,2026-07-01
2026-07-01,GEV,GE Vernova,Industrials,Power Equipment,AI Infrastructure,Power,Grid Infrastructure,7,1134.3499755859375,-0.0344807128259653,0.072519216566337,0.193984026667876,1015.1569030761718,1039.2506237792968,791.2782989501953,True,True,True,1174.8599853515625,503.70648193359375,-0.0344807128259653,2127688.0,3273654.4,0.6499427673244922,2026-07-01
2026-07-01,CEG,Constellation Energy,Utilities,Power Generation,AI Infrastructure,Energy,Power Supply,6,236.5,-0.047791582520211,-0.1174385232576241,-0.109898422527278,259.6995002746582,279.4340573120117,316.5413929748535,False,False,False,402.3219604492188,236.5,-0.4121623394956311,8560026.0,4134111.3,2.0705843115544567,2026-07-01
2026-07-01,NBIS,Nebius,Technology,AI Cloud Infrastructure,AI Infrastructure,NeoCloud,AI Cloud,7,229.17999267578125,-0.1701488882472356,-0.1173843123948776,-0.1335677886865177,250.91450119018555,213.9096005249024,132.31277557373048,False,True,True,286.69000244140625,44.29999923706055,-0.2005999835218491,29872292.0,17700429.6,1.6876591515044357,2026-07-01
2026-07-01,CRWV,CoreWeave,Technology,AI Cloud Infrastructure,AI Infrastructure,NeoCloud,AI Cloud,8,85.68499755859375,-0.1391903077104788,-0.1506245054374184,-0.3135315032199383,103.1467498779297,109.3743994140625,100.3567998123169,False,False,False,165.1999969482422,64.55000305175781,-0.4813256710565243,59681417.0,30848210.85,1.9346800140274585,2026-07-01
2026-07-01,MRVL,Marvell,Technology,Semiconductor,AI Infrastructure,Networking,Connectivity,8,272.04998779296875,-0.0867435146692128,-0.0168052916838444,0.2398031120337143,284.8635009765625,221.74740020751952,121.68047912597656,False,True,True,316.42999267578125,62.192867279052734,-0.1402522071549801,33434689.0,68007329.45,0.4916336117062452,2026-07-01
2026-07-01,COHR,Coherent,Technology,Optical Components,AI Infrastructure,Optical,Connectivity,7,368.6499938964844,-0.0654549325533442,-0.0607643467605493,0.0158445855516882,389.1994979858399,369.2294006347656,235.65935024261475,False,False,True,426.8900146484375,86.55000305175781,-0.1364286320913744,4293626.0,6054901.3,0.7091157703924919,2026-07-01
2026-07-01,NOK,Nokia,Technology,Telecom Infrastructure,AI Infrastructure,AI-RAN,Telecom Edge,5,12.90999984741211,-0.0278614377258199,-0.0651702059998612,-0.2055384709284855,14.136499977111816,13.71359998703003,8.560049996376037,False,False,True,16.850000381469727,4.050000190734863,-0.2338279195762223,54999928.0,113334021.4,0.4852905360684572,2026-07-01
2026-07-01,TEAM,Atlassian,Technology,Enterprise Software,Software,Developer Tools,SaaS,8,83.16999816894531,0.0691605243617381,0.0198650528088801,-0.2827080607335351,87.41849975585937,86.18029998779296,116.0942248916626,False,False,False,220.88999938964844,57.150001525878906,-0.6234777563549447,3558612.0,4652160.6,0.7649374787276261,2026-07-01
2026-07-01,DDOG,Datadog,Technology,Observability Software,Software,Cloud Software,SaaS,9,264.4800109863281,0.0158243427045918,0.1878734257198837,-0.0468844992825085,234.56850051879883,205.31400024414063,155.47485038757324,True,True,True,277.489990234375,102.61499786376952,-0.0468844992825085,3543688.0,5286794.4,0.670290488315566,2026-07-01
2026-07-01,RDW,Redwire,Industrials,Space Infrastructure,Space Economy,Space Infrastructure,Space Hardware,6,11.970000267028809,-0.0212591402239723,0.0518453555935554,-0.4211798795751003,14.55900011062622,14.047200088500976,10.008700006008148,False,False,True,25.89999961853028,5.059999942779541,-0.5378378207208614,19570186.0,41932279.3,0.4667093305371549,2026-07-01
2026-07-01,PL,Planet Labs,Technology,Earth Observation,Space Economy,Satellite Data,Space Software,6,31.61000061035156,-0.0458798795278803,0.2019011987577721,-0.3196297625215428,31.363500022888186,37.26140014648438,24.6846999835968,True,False,True,51.400001525878906,6.139999866485596,-0.3850194616349079,11432567.0,18532858.35,0.6168809356922538,2026-07-01
2026-07-01,UUUU,Energy Fuels,Energy,Nuclear Fuel,Nuclear,Nuclear Fuel,Upstream Nuclear,6,14.220000267028809,-0.0193103264118063,-0.053892180993556,-0.1929625658492599,15.280000066757202,18.091800136566164,18.442250022888185,False,False,False,27.71999931335449,5.590000152587891,-0.4870129646728336,5276324.0,10770771.2,0.4898742998087268,2026-07-01
2026-07-01,SMR,NuScale Power,Industrials,Small Modular Reactor,Nuclear,SMR,Reactor Developer,6,10.149999618530272,0.0119640965856271,-0.0058766326535282,-0.2125679326464757,10.490500020980836,11.460200004577636,19.70829995632172,False,False,False,53.43000030517578,9.15999984741211,-0.8100318255557442,23034513.0,35540690.65,0.6481166397929862,2026-07-01
2026-07-01,OKLO,Oklo,Industrials,Advanced Nuclear,Nuclear,SMR,Reactor Developer,7,52.45000076293945,0.0022931191990434,-0.0297817345440727,-0.2158767941167547,56.99300003051758,64.13799987792969,84.21724977493287,False,False,False,174.13999938964844,45.58000183105469,-0.6988055533089815,9416767.0,11562383.35,0.8144313084032109,2026-07-01
2026-07-01,RGTI,Rigetti Computing,Technology,Quantum Computing,Quantum,Quantum Hardware,Quantum Hardware,4,18.68000030517578,-0.0331262629274208,-0.0435228034605729,-0.2711665658666742,20.63950004577637,20.167200145721434,23.886600036621093,False,False,False,56.34000015258789,12.18000030517578,-0.6684416000251334,23464171.0,38535458.55,0.60889819098831,2026-07-01
2026-07-01,QBTS,D-Wave Quantum,Technology,Quantum Computing,Quantum,Quantum Hardware,Quantum Hardware,4,23.5,-0.0204251678113011,0.0226283928686739,-0.1946538809380442,24.255500030517577,23.346399993896483,24.16364995479584,False,True,False,44.77999877929688,12.979999542236328,-0.4752121339747613,22864206.0,30927050.3,0.7392947525939776,2026-07-01
2026-07-01,IONQ,IonQ,Technology,Quantum Computing,Quantum,Quantum Hardware,Quantum Hardware,6,51.400001525878906,-0.034922960087708,-0.0410447203520795,-0.2580831057803237,56.96450023651123,54.89880012512207,49.64280005455017,False,False,True,82.08999633789062,26.59000015258789,-0.3738579142541148,12436980.0,27381064.0,0.4542182874997115,2026-07-01
2026-07-01,MU,Micron,Technology,Memory,AI Infrastructure,Memory,HBM,9,1032.280029296875,-0.1057013451010284,-0.0154790896773392,-0.0031095805921053,1048.4720031738282,841.5618017578125,440.1327651977539,False,True,True,1213.56005859375,104.72804260253906,-0.149378704426824,50305786.0,58063129.3,0.8663981188488923,2026-07-01
2026-07-01,SNDK,Sandisk,Technology,Memory,AI Infrastructure,Memory,NAND,6,2032.219970703125,-0.1062175420301383,0.0615108240278676,0.1537329946322274,1956.0339965820312,1593.6225952148438,695.0819997787476,True,True,True,2335.0,40.68999862670898,-0.12967024809288,10836496.0,11748129.8,0.9224017936880472,2026-07-01
2026-07-01,ORCL,Oracle,Technology,Enterprise Software,AI Infrastructure,NeoCloud,AI Cloud,8,142.5,-0.0276356394910988,-0.0954103910097419,-0.4257505399760606,182.5910003662109,187.1906002807617,199.86797897338863,False,False,False,325.75933837890625,136.00498962402344,-0.5625605064489312,45620449.0,31217297.45,1.4613836791307506,2026-07-01
2026-07-01,KEYS,Keysight Technologies,Technology,Electronic Test & Measurement,AI Infrastructure,Optical Test & Metrology,R&D Test & Standards,9,335.6000061035156,-0.0413345928470292,-0.0446910965983453,0.0169697154651988,345.72450103759763,347.08499816894533,253.6700993347168,False,False,True,373.3399963378906,158.50999450683594,-0.1010874554148184,1005025.0,1602131.25,0.6273050350899778,2026-07-01
2026-07-01,FORM,FormFactor,Technology,Semiconductor Test Equipment,AI Infrastructure,Optical Test & Metrology,Wafer-Level Test & Probing,8,147.1300048828125,-0.0800349426571761,0.0403762324126593,0.2786130639872619,137.66950073242188,136.02899856567382,86.33849964141845,True,True,True,159.92999267578125,27.6200008392334,-0.0800349426571761,1445349.0,1981142.45,0.7295532938582988,2026-07-01
2026-07-01,AEHR,Aehr Test Systems,Technology,Semiconductor Test Equipment,AI Infrastructure,Optical Test & Metrology,Wafer & Package Burn-In,6,84.42500305175781,-0.1211221611757686,-0.1131827126249013,-0.0982161869799765,102.48674964904784,97.74050003051758,48.07652500152588,False,False,True,116.58000183105467,13.289999961853027,-0.2758191651591773,1345447.0,1681207.35,0.800286175289443,2026-07-01
2026-07-01,DELL,Dell Technologies,Technology,AI Server & Storage,AI Infrastructure,AI Servers,Systems & Storage,7,425.25,-0.0143929717194292,-0.0202967276601075,-0.0873679976857044,408.98499755859376,319.45359802246094,184.7920746994019,True,True,True,465.9599914550781,110.7273941040039,-0.0873679976857044,5248514.0,9026455.7,0.5814590105394303,2026-07-01
2026-07-01,CLS,Celestica,Technology,Electronics Manufacturing Services,AI Infrastructure,AI Servers,Contract Manufacturing,7,361.6199951171875,-0.0087170854774971,-0.0017115590048087,-0.1522212977000384,377.6364974975586,382.8641979980469,318.02209983825685,False,False,True,472.3999938964844,154.0,-0.2345046575160875,1134126.0,1949041.3,0.5818891575052823,2026-07-01
2026-07-01,IREN,IREN Limited,Technology,AI Data Center & Bitcoin Mining,AI Infrastructure,NeoCloud,AI Cloud & Power Infrastructure,5,43.31999969482422,-0.052700631347836,-0.1387673886303666,-0.3369049673861786,54.63999996185303,54.60519996643066,49.10407509803772,False,False,False,76.41000366210938,15.399999618530272,-0.4330585313620919,41268471.0,42098033.55,0.9802945059413588,2026-07-01
2026-07-01,APH,Amphenol,Technology,Interconnect Components,AI Infrastructure,Connectivity,Connectors & Cables,8,172.22000122070312,-0.0232532096937615,0.0579923977896408,0.1786239291167972,157.85425567626953,145.66001068115236,138.15036624908447,True,True,True,176.32000732421875,96.75052642822266,-0.0232532096937615,7987818.0,9633940.9,0.829132966759221,2026-07-01
2026-07-01,GLW,Corning,Technology,Optical Fiber & Materials,AI Infrastructure,Optical,Optical Fiber & Materials,7,220.6300048828125,-0.1362408048812833,0.0719040126322578,0.2486135183547173,199.3799995422364,187.7947219848633,126.29317993164062,True,True,True,255.69000244140625,51.04203796386719,-0.1371191568846266,20500490.0,17436199.5,1.1757430281753771,2026-07-01
2026-07-01,CIEN,Ciena,Technology,Optical Networking Equipment,AI Infrastructure,Optical,Connectivity,7,462.4400024414063,-0.0573222342978113,-0.0023084880621235,-0.1881462503576215,470.7264999389648,518.550199584961,324.1223996734619,False,False,True,627.0,77.75,-0.2624561364570873,1773945.0,4195557.25,0.4228151099594696,2026-07-01
2026-07-01,STX,Seagate Technology,Technology,Storage Hardware,AI Infrastructure,Storage,HDD Storage,6,915.1900024414062,-0.0516165777809262,-0.0785904833210106,-0.0058804618578496,956.4411376953124,834.4764379882813,452.8371018218994,False,True,True,1093.260498046875,140.8470458984375,-0.1628802064316731,3590865.0,4651873.25,0.7719180654803954,2026-07-01
2026-07-01,STRL,Sterling Infrastructure,Industrials,Infrastructure Construction,AI Infrastructure,Data Center Construction,Construction & Site Infrastructure,6,776.5499877929688,-0.0748308218818485,-0.1045627973179241,-0.0814299029591643,863.3984985351562,772.2918011474609,471.566199798584,False,True,True,993.739990234375,227.0200042724609,-0.2185581787748942,648767.0,927668.35,0.6993523062417727,2026-07-01
2026-07-01,EQIX,Equinix,Real Estate,Data Center REIT,AI Infrastructure,Data Centers,Colocation & Interconnection,8,1013.6199951171876,-0.0276000528851507,-0.0743196391623858,-0.0353550479396387,1074.6885009765624,1074.793974609375,898.940199584961,False,False,True,1115.93994140625,718.5999145507812,-0.0916894740411604,929845.0,685442.25,1.3565621319666246,2026-07-01
2026-07-01,NET,Cloudflare,Technology,Edge Cloud & Security,Software,Edge Cloud & Security,SaaS & Edge Network,8,246.3099975585937,0.004199277496832,0.1021568027005352,-0.0905029506785377,236.36199951171875,224.7569998168945,208.1304000854492,True,True,True,272.6600036621094,160.19000244140625,-0.0966405257449111,2133484.0,3567619.2,0.5980133754185424,2026-07-01
2026-07-01,NOW,ServiceNow,Technology,Enterprise Software,Software,Workflow Automation,SaaS,9,105.8000030517578,0.0656728883222002,0.1279317655605889,-0.2212571575412122,102.69100074768066,100.02420043945312,133.2599698638916,True,True,False,208.93800354003903,83.0,-0.4936296831634882,26073200.0,26447240.0,0.9858571253559918,2026-07-01
2026-07-01,SNOW,Snowflake,Technology,Data Cloud Software,Software,Data Cloud,SaaS,8,261.19000244140625,0.0262868465281189,0.1559637352030431,-0.0677113112961768,239.45599899291992,196.2214001464844,206.33370048522949,True,True,True,280.1600036621094,121.11000061035156,-0.0677113112961768,4587738.0,7469846.9,0.6141676076386519,2026-07-01
2026-07-01,APP,AppLovin,Technology,AdTech Software,Software,AdTech & AI Applications,Application Software,8,564.6099853515625,0.095840705616329,0.2143195021675581,-0.0799902654049617,506.3994995117188,499.5622009277344,540.244575958252,True,True,True,733.5999755859375,335.1000061035156,-0.230357137211462,5876381.0,5494669.05,1.0694695069942384,2026-07-01
2026-07-01,CRWD,CrowdStrike,Technology,Cybersecurity Software,Software,Cybersecurity,SaaS,8,772.739990234375,0.102197949812909,0.1440542275276468,0.1516244265788002,696.8355010986328,601.115601196289,497.7167506408691,True,True,True,782.1699829101562,350.25,-0.0120561935152456,2449719.0,3510062.5,0.6979132137960506,2026-07-01
2026-07-01,FLNC,Fluence Energy,Industrials,Energy Storage,AI Infrastructure,Energy Storage,Grid Storage,6,18.36000061035156,-0.0764586828260421,-0.0703797159315664,-0.3237568740951071,22.527999877929688,19.87179998397827,18.593300013542176,False,False,False,32.22999954223633,6.75,-0.4303443725994659,8336403.0,11087045.15,0.7519048481551461,2026-07-01
2026-07-01,BE,Bloom Energy,Industrials,Fuel Cells & Distributed Power,AI Infrastructure,Power,On-site Power Generation,6,289.5,-0.0436075707786992,-0.1124804628185895,0.0584621756552057,284.5260009765625,278.3176010131836,163.836400642395,True,True,True,345.8500061035156,22.559999465942383,-0.1629319216685213,15540282.0,14156704.1,1.0977330521445314,2026-07-01
2026-07-01,KLAC,KLA,Technology,Semicap Equipment,AI Infrastructure,Equipment,Process Control & Metrology,9,266.19000244140625,-0.1177289119341626,0.1069112074627458,0.3720851397715601,242.6225997924805,207.57787841796875,151.01850978851317,True,True,True,301.7099914550781,84.03205871582031,-0.1177289119341626,22784349.0,15664477.45,1.4545234000129383,2026-07-01
2026-07-01,RMBS,Rambus,Technology,Semiconductor IP,AI Infrastructure,Memory Interface,Memory & IP,7,123.83000183105467,-0.0671237252778946,-0.0055412369949668,-0.1603606901384537,138.6175006866455,135.4670002746582,108.9620499420166,False,False,True,170.66000366210938,62.84999847412109,-0.2744052550460133,3399154.0,3807222.7,0.8928172234316631,2026-07-01
2026-07-01,LITE,Lumentum,Technology,Optical Components,AI Infrastructure,Optical,Connectivity,6,801.1599731445312,-0.0663124077290143,-0.0491021740635982,-0.1147403611662638,871.7419982910156,900.2528002929688,540.1269500732421,False,False,True,1053.0899658203125,90.44000244140624,-0.2392293164426255,4001562.0,5822888.1,0.6872125878565313,2026-07-01
2026-07-02,NVDA,NVIDIA,Technology,Semiconductor,AI Infrastructure,GPU,Compute,10,194.8300018310547,-0.0139184126658297,-0.0046490427943773,-0.1245979975499343,203.4849998474121,209.6465234375,190.81955657958983,False,False,True,235.465576171875,158.02952575683594,-0.1725754354477654,129935067.0,156663418.35,0.8293899646036927,2026-07-02
2026-07-02,AVGO,Broadcom,Technology,Semiconductor,AI Infrastructure,Networking,Connectivity,9,360.4500122070313,-0.0240699199085018,-0.0487186700711647,-0.2503260679634235,383.9751281738281,408.8887963867188,360.19869705200193,False,False,True,480.8090515136719,269.8229675292969,-0.2503260679634235,26423042.0,35343937.1,0.7475975844241755,2026-07-02
2026-07-02,ANET,Arista,Technology,Networking Equipment,AI Infrastructure,Networking,Connectivity,8,159.99000549316406,-0.0397910804124104,-0.0330008555804699,-0.0874921358449081,162.7039993286133,159.79639923095704,143.11934955596925,False,True,True,177.72999572753906,101.47000122070312,-0.0998142725529037,8588032.0,8191966.6,1.0483480242705092,2026-07-02
2026-07-02,CRDO,Credo,Technology,Semiconductor,AI Infrastructure,Optical,Connectivity,7,241.9100036621093,-0.0663089772612296,-0.097451760012488,0.0563755618432724,251.1077491760253,217.3473999023437,158.71870025634766,False,True,True,302.5199890136719,87.80999755859375,-0.2003503489114014,9019327.0,11233536.35,0.8028929376277846,2026-07-02
2026-07-02,TSM,TSMC,Technology,Semiconductor Foundry,AI Infrastructure,Foundry,Manufacturing,9,434.1600036621094,-0.0226684534479338,-0.0019080590149176,-0.0257746042920123,437.4194305419922,418.8306805419922,342.5128791809082,False,True,True,477.5700073242188,224.8433532714844,-0.0908976757257677,18189463.0,15136848.15,1.201667798986277,2026-07-02
2026-07-02,ASML,ASML,Technology,Semicap Equipment,AI Infrastructure,Equipment,Manufacturing Equipment,10,1769.3199462890625,-0.0399991813584997,-0.0390293753601335,0.0374991651987406,1825.4244995117188,1646.9611328125,1311.7972692871094,False,True,True,1989.43994140625,686.00341796875,-0.110644202187674,2667040.0,2407632.0,1.107744040617503,2026-07-02
2026-07-02,VRT,Vertiv,Industrials,Electrical Equipment,AI Infrastructure,Power,Power Infrastructure,7,300.5299987792969,-0.0349688978835156,-0.0769112878385809,-0.1013407386263255,311.69720153808595,324.55089416503904,232.3926040649414,False,False,True,376.1517333984375,120.58716583251952,-0.2010405054787786,5868595.0,7424889.75,0.790394901149879,2026-07-02
2026-07-02,ETN,Eaton,Industrials,Electrical Equipment,AI Infrastructure,Power,Power Infrastructure,8,398.5199890136719,-0.033445729248809,-0.0508490874599333,-0.0457353726517716,406.9744995117188,406.69476989746096,369.70954162597656,False,False,True,435.7799987792969,313.9706115722656,-0.0855018813850966,2590819.0,2579695.95,1.004311767826747,2026-07-02
2026-07-02,GEV,GE Vernova,Industrials,Power Equipment,AI Infrastructure,Power,Grid Infrastructure,7,1113.1099853515625,-0.0187243713946426,0.0254636382345365,0.1485131268042743,1022.8688995361327,1041.6969482421875,793.7075711059571,True,True,True,1174.8599853515625,515.6441650390625,-0.0525594545477026,2127066.0,3287628.3,0.6469910238940333,2026-07-02
2026-07-02,CEG,Constellation Energy,Utilities,Power Generation,AI Infrastructure,Energy,Power Supply,6,239.25,0.0116279069767442,-0.1095686559749326,-0.1225013557460968,258.3000007629395,278.67367279052735,316.0922013854981,False,False,False,402.3219604492188,236.5,-0.4053270178618593,4117423.0,4127801.15,0.99748579216322,2026-07-02
2026-07-02,NBIS,Nebius,Technology,AI Cloud Infrastructure,AI Infrastructure,NeoCloud,AI Cloud,7,215.6199951171875,-0.0591674578582299,-0.1598020846562809,-0.1725381601499528,249.11150131225585,215.0910003662109,132.93607555389406,False,True,True,286.69000244140625,44.29999923706055,-0.2478984503086885,24775212.0,18403185.6,1.3462458369164083,2026-07-02
2026-07-02,CRWV,CoreWeave,Technology,AI Cloud Infrastructure,AI Infrastructure,NeoCloud,AI Cloud,8,81.74500274658203,-0.0459823180751968,-0.172286340842498,-0.3146222432518685,101.6875,108.70609939575196,100.16317481994628,False,False,False,165.1999969482422,64.55000305175781,-0.5051755190274425,32450763.0,31206268.15,1.0398796435388575,2026-07-02
2026-07-02,MRVL,Marvell,Technology,Semiconductor,AI Infrastructure,Networking,Connectivity,8,245.2899932861328,-0.0983642554955761,-0.1278888403277314,-0.1564703529067784,282.0455009460449,223.6270001220703,122.57041305541992,False,True,True,316.42999267578125,62.19287109375,-0.2248206587121453,37558771.0,64127528.55,0.5856887338284925,2026-07-02
2026-07-02,COHR,Coherent,Technology,Optical Components,AI Infrastructure,Optical,Connectivity,7,333.3599853515625,-0.0957276797211372,-0.1814365000575506,-0.2190963154148757,384.9959976196289,369.0208001708984,236.7944501876831,False,False,True,426.8900146484375,86.55000305175781,-0.2190963154148757,6952249.0,6133962.45,1.1334026017717145,2026-07-02
2026-07-02,NOK,Nokia,Technology,Telecom Infrastructure,AI Infrastructure,AI-RAN,Telecom Edge,5,12.06999969482422,-0.0650658530221651,-0.1366237417706363,-0.2836795595507623,13.903499984741211,13.746999988555908,8.597649993896484,False,False,True,16.850000381469727,4.050000190734863,-0.2836795595507623,77223454.0,109798177.7,0.7033218184275931,2026-07-02
2026-07-02,TEAM,Atlassian,Technology,Enterprise Software,Software,Developer Tools,SaaS,8,83.83999633789062,0.0080557675086674,0.1226566148270356,-0.2315307285932019,86.53399963378907,86.43269989013672,115.64407489776612,False,False,False,220.88999938964844,57.150001525878906,-0.6204445806982983,3100202.0,4561480.1,0.6796482571523221,2026-07-02
2026-07-02,DDOG,Datadog,Technology,Observability Software,Software,Cloud Software,SaaS,9,260.3599853515625,-0.0155778337251302,0.1784194010797593,-0.0325865543497044,235.06999969482425,207.93540008544923,156.08340034484863,True,True,True,277.489990234375,102.61499786376952,-0.0617319740735299,3007293.0,4996379.65,0.6018944136881191,2026-07-02
2026-07-02,RDW,Redwire,Industrials,Space Infrastructure,Space Economy,Space Infrastructure,Space Hardware,6,11.3100004196167,-0.0551378306339782,0.04722224258101,-0.4504372953573855,14.193500089645386,14.067200088500975,10.019950006008148,False,False,True,25.89999961853028,5.059999942779541,-0.5633204406873848,19239721.0,40932786.05,0.4700320417109747,2026-07-02
2026-07-02,PL,Planet Labs,Technology,Earth Observation,Space Economy,Satellite Data,Space Software,6,31.3799991607666,-0.0072762241424836,0.1837042206653416,-0.3474735067332302,30.77599992752075,37.12840015411377,24.79229998111725,True,False,True,51.400001525878906,6.139999866485596,-0.3894941978753176,10036212.0,18254430.6,0.5497959492639556,2026-07-02
2026-07-02,UUUU,Energy Fuels,Energy,Nuclear Fuel,Nuclear,Nuclear Fuel,Upstream Nuclear,6,13.8100004196167,-0.0288326188265097,-0.0423023338037332,-0.2932446380469375,15.070500087738036,17.957600135803222,18.442200026512147,False,False,False,27.71999931335449,5.590000152587891,-0.5018037243253631,7910828.0,10700981.4,0.7392619147997024,2026-07-02
2026-07-02,SMR,NuScale Power,Industrials,Small Modular Reactor,Nuclear,SMR,Reactor Developer,6,9.760000228881836,-0.0384235866311204,-0.03078445633933,-0.3003583969657433,10.365000009536743,11.422000007629396,19.561649956703185,False,False,False,53.43000030517578,9.15999984741211,-0.8173310841636588,25140885.0,34141639.25,0.7363701788278956,2026-07-02
2026-07-02,OKLO,Oklo,Industrials,Advanced Nuclear,Nuclear,SMR,Reactor Developer,7,52.36000061035156,-0.0017159228079837,0.0264654446822139,-0.2873281646877524,56.35050010681152,63.93299987792969,84.00064977645874,False,False,False,174.13999938964844,45.58000183105469,-0.6993223797296967,9620170.0,10919138.5,0.88103745547325,2026-07-02
2026-07-02,RGTI,Rigetti Computing,Technology,Quantum Computing,Quantum,Quantum Hardware,Quantum Hardware,4,17.940000534057617,-0.0396145481278781,-0.0255295663905483,-0.3325892450085188,20.331750106811523,20.161000156402583,23.88025004386902,False,False,False,56.34000015258789,12.18000030517578,-0.6815761362181401,25227944.0,35930922.2,0.7021234762518842,2026-07-02
2026-07-02,QBTS,D-Wave Quantum,Technology,Quantum Computing,Quantum,Quantum Hardware,Quantum Hardware,4,22.530000686645508,-0.041276566525723,0.0282976195139785,-0.2467401938621253,24.004500102996825,23.389799995422365,24.184699959754944,False,False,False,44.77999877929688,12.979999542236328,-0.4968735752386443,21334952.0,29881207.6,0.7139922952779191,2026-07-02
2026-07-02,IONQ,IonQ,Technology,Quantum Computing,Quantum,Quantum Hardware,Quantum Hardware,6,49.119998931884766,-0.0443580258036802,-0.0284810601719435,-0.3120448475889564,56.00900001525879,54.95560012817383,49.59285004615784,False,False,False,82.08999633789062,26.59000015258789,-0.401632341050401,16927210.0,26784800.5,0.631970732804226,2026-07-02
2026-07-02,MU,Micron,Technology,Memory,AI Infrastructure,Memory,HBM,9,975.5599975585938,-0.0549463615768246,-0.1961172496983347,-0.0832064468177343,1043.2715057373048,852.0854016113282,444.2228582763672,False,True,True,1213.56005859375,104.72804260253906,-0.1961172496983347,60943570.0,59145213.5,1.0304057825406276,2026-07-02
2026-07-02,SNDK,Sandisk,Technology,Memory,AI Infrastructure,Memory,NAND,6,1745.0,-0.1413331110036036,-0.2526766595289079,0.0166864847076768,1951.7089965820312,1610.4527954101563,703.356549797058,False,True,True,2335.0,40.68999862670898,-0.2526766595289079,16871368.0,12008463.4,1.4049564409714568,2026-07-02
2026-07-02,ORCL,Oracle,Technology,Enterprise Software,AI Infrastructure,NeoCloud,AI Cloud,8,140.27000427246094,-0.0156490928248355,-0.0799554106296487,-0.4264862081023558,178.08800048828124,186.37260040283203,199.0704567718506,False,False,False,325.75933837890625,136.00498962402344,-0.5694060376887609,37244580.0,31914469.0,1.167012366710535,2026-07-02
2026-07-02,KEYS,Keysight Technologies,Technology,Electronic Test & Measurement,AI Infrastructure,Optical Test & Metrology,R&D Test & Standards,9,313.8599853515625,-0.0647795600612933,-0.1283119827814611,-0.0943821487185294,343.8934997558593,346.5761981201172,254.38059928894043,False,False,True,373.3399963378906,158.50999450683594,-0.1593186145866243,1880802.0,1638305.1,1.1480169353071048,2026-07-02
2026-07-02,FORM,FormFactor,Technology,Semiconductor Test Equipment,AI Infrastructure,Optical Test & Metrology,Wafer-Level Test & Probing,8,123.58999633789062,-0.1599946153992942,-0.1691428817620798,-0.0121493426987896,137.5480007171631,135.65999862670898,86.80284962654113,False,False,True,159.92999267578125,27.6200008392334,-0.2272243981875309,2101085.0,2008194.25,1.0462558589638429,2026-07-02
2026-07-02,AEHR,Aehr Test Systems,Technology,Semiconductor Test Equipment,AI Infrastructure,Optical Test & Metrology,Wafer & Package Burn-In,6,69.95999908447266,-0.1713845927798258,-0.2918311728299956,-0.3808849638542243,100.25549964904783,97.26539993286131,48.28244997978211,False,False,True,116.58000183105467,13.289999961853027,-0.3998970836708577,3433148.0,1715147.4,2.0016635304930643,2026-07-02
2026-07-02,DELL,Dell Technologies,Technology,AI Server & Storage,AI Infrastructure,AI Servers,Systems & Storage,7,394.3200073242188,-0.0727336688436949,-0.0369520196159189,-0.0941627586415762,407.6469985961914,323.0927981567383,186.1366178512573,False,True,True,465.9599914550781,110.7273941040039,-0.1537470715181905,6576537.0,8682681.85,0.7574315302132141,2026-07-02
2026-07-02,CLS,Celestica,Technology,Electronics Manufacturing Services,AI Infrastructure,AI Servers,Contract Manufacturing,7,336.2099914550781,-0.0702671423184853,-0.0697011700797687,-0.2882938276905422,371.5399963378906,381.5277978515625,318.4581997680664,False,False,True,472.3999938964844,154.0,-0.2882938276905422,1807091.0,1934049.55,0.9343561027172236,2026-07-02
2026-07-02,IREN,IREN Limited,Technology,AI Data Center & Bitcoin Mining,AI Infrastructure,NeoCloud,AI Cloud & Power Infrastructure,5,38.81999969482422,-0.1038781170752789,-0.1868454476336133,-0.4171171083448509,53.30699977874756,54.47819999694824,49.1124750995636,False,False,False,76.41000366210938,15.399999618530272,-0.4919513436160911,59798128.0,42145746.4,1.4188413566689142,2026-07-02
2026-07-02,APH,Amphenol,Technology,Interconnect Components,AI Infrastructure,Connectivity,Connectors & Cables,8,164.58999633789062,-0.0443038255065072,-0.0033908421392055,0.1107702567385158,158.71387405395507,145.9177880859375,138.38115173339844,True,True,True,176.32000732421875,96.75051879882812,-0.0665268290555302,5799263.0,9496078.15,0.6107008502241528,2026-07-02
2026-07-02,GLW,Corning,Technology,Optical Fiber & Materials,AI Infrastructure,Optical,Optical Fiber & Materials,7,196.7899932861328,-0.1080542585734986,-0.1369238277832032,-0.0180139756502003,199.1814994812012,188.42658569335936,126.8898724746704,False,True,True,255.69000244140625,51.04204177856445,-0.2303571066247337,20020108.0,17917115.4,1.1173733914779609,2026-07-02
2026-07-02,CIEN,Ciena,Technology,Optical Networking Equipment,AI Infrastructure,Optical,Connectivity,7,422.4599914550781,-0.0864544822577148,-0.1283913649402146,-0.3262201093220445,460.83099975585935,516.8807995605468,325.5551996612549,False,False,True,627.0,77.75,-0.3262201093220445,2147661.0,4183688.05,0.513341571917629,2026-07-02
2026-07-02,STX,Seagate Technology,Technology,Storage Hardware,AI Infrastructure,Storage,HDD Storage,6,820.1599731445312,-0.1038363935831556,-0.2001248489687013,-0.1142500366329678,950.4481475830078,839.6896154785156,455.8909463500976,False,False,True,1093.260498046875,140.8470458984375,-0.2498037067928838,6259926.0,4820201.3,1.298685596387852,2026-07-02
2026-07-02,STRL,Sterling Infrastructure,Industrials,Infrastructure Construction,AI Infrastructure,Data Center Construction,Construction & Site Infrastructure,6,700.75,-0.0976112149694313,-0.2054267806840392,-0.1996185302819474,850.5844970703125,776.8500012207031,473.4554498291016,False,False,True,993.739990234375,227.0200042724609,-0.294835664372602,980753.0,924617.65,1.0607119602356714,2026-07-02
2026-07-02,EQIX,Equinix,Real Estate,Data Center REIT,AI Infrastructure,Data Centers,Colocation & Interconnection,8,1002.02001953125,-0.0114441069057604,-0.0786954579059386,-0.0651054544858161,1070.939501953125,1073.05529296875,900.0563137817383,False,False,True,1115.93994140625,718.5999145507812,-0.102084276803861,718819.0,686485.95,1.0470993616111153,2026-07-02
2026-07-02,NET,Cloudflare,Technology,Edge Cloud & Security,Software,Edge Cloud & Security,SaaS & Edge Network,8,242.4100036621093,-0.0158336808702075,0.0695345695567188,-0.1109440313713445,235.2160003662109,225.4517999267578,208.2124001312256,True,True,True,272.6600036621094,160.19000244140625,-0.1109440313713445,2604136.0,3522966.8,0.7391883454592874,2026-07-02
2026-07-02,NOW,ServiceNow,Technology,Enterprise Software,Software,Workflow Automation,SaaS,9,106.31999969482422,0.0049149019666097,0.1876676014493463,-0.1670975446618414,102.11200065612792,100.14780044555664,132.84414989471435,True,True,False,208.93800354003903,83.0,-0.4911409226974356,19378144.0,25719597.2,0.753438860232228,2026-07-02
2026-07-02,SNOW,Snowflake,Technology,Data Cloud Software,Software,Data Cloud,SaaS,8,260.1499938964844,-0.0039818083969549,0.1457323909701515,-0.0037911491782902,240.3994987487793,198.40760009765623,206.50550048828129,True,True,True,280.1600036621094,121.11000061035156,-0.0714235062252438,8090614.0,7331985.7,1.1034683278228434,2026-07-02
2026-07-02,APP,AppLovin,Technology,AdTech Software,Software,AdTech & AI Applications,Application Software,8,527.0599975585938,-0.0665060639506538,0.1819343982583361,-0.1297326861132347,504.21099853515625,500.6398010253906,539.9141758728027,True,True,False,733.5999755859375,335.1000061035156,-0.2815430546632408,5989267.0,5623508.35,1.0650410077189625,2026-07-02
2026-07-02,CRWD,CrowdStrike,Technology,Cybersecurity Software,Software,Cybersecurity,SaaS,8,193.97999572753903,0.0041152169112106,0.1433286008942169,0.0090642702288539,173.9993751525879,155.1552001953125,125.6388376235962,True,True,True,195.54249572753903,87.5625,-0.0079905904554737,8781012.0,13496257.0,0.6506257253399961,2026-07-02
2026-07-02,FLNC,Fluence Energy,Industrials,Energy Storage,AI Infrastructure,Energy Storage,Grid Storage,6,17.0,-0.0740741048551371,-0.122806979557808,-0.3908993159103766,22.1354998588562,19.956399974823,18.64135001420975,False,False,False,32.22999954223633,6.75,-0.472541103274852,10368089.0,10961414.45,0.945871451836218,2026-07-02
2026-07-02,BE,Bloom Energy,Industrials,Fuel Cells & Distributed Power,AI Infrastructure,Power,On-site Power Generation,6,270.8900146484375,-0.0642831963784542,-0.1238436475011375,-0.1055307604786841,283.7045013427734,279.3172012329102,164.85575073242188,False,False,True,345.8500061035156,24.239999771118164,-0.2167413333300391,15663975.0,14587178.75,1.073817992392806,2026-07-02
2026-07-02,KLAC,KLA,Technology,Semicap Equipment,AI Infrastructure,Equipment,Process Control & Metrology,9,235.5500030517578,-0.1151057481822327,-0.0898376577969939,0.1517210939324977,243.77454986572263,208.72269012451173,151.70390209197998,False,True,True,301.7099914550781,84.03205871582031,-0.2192833856255335,23573075.0,16402093.75,1.437199138067358,2026-07-02
2026-07-02,RMBS,Rambus,Technology,Semiconductor IP,AI Infrastructure,Memory Interface,Memory & IP,7,112.91999816894533,-0.0881046878848814,-0.0870725528327388,-0.3229404065509409,135.7305004119873,135.11640029907227,109.05224994659424,False,False,True,170.66000366210938,62.84999847412109,-0.3383335535810945,3512759.0,3872167.95,0.907181466651001,2026-07-02
2026-07-02,LITE,Lumentum,Technology,Optical Components,AI Infrastructure,Optical,Connectivity,6,728.3200073242188,-0.0909181290403433,-0.15505176273123,-0.2923091968647804,861.2579986572266,898.08080078125,542.924700088501,False,False,True,1053.0899658203125,90.44000244140624,-0.3083971636204051,5186756.0,5782177.8,0.8970246470110276,2026-07-02
2026-07-03,NVDA,NVIDIA,Technology,Semiconductor,AI Infrastructure,GPU,Compute,10,194.8300018310547,-0.0139184126658297,-0.0046490427943773,-0.1245979975499343,203.4849998474121,209.6465234375,190.8195567321777,False,False,True,235.465576171875,158.02951049804688,-0.1725754354477654,142385500.0,157285940.0,0.9052652767310287,2026-07-03
2026-07-03,AVGO,Broadcom,Technology,Semiconductor,AI Infrastructure,Networking,Connectivity,9,360.4500122070313,-0.0240699199085018,-0.0487186700711647,-0.2503260679634235,383.9751281738281,408.8887963867188,360.19869705200193,False,False,True,480.8090515136719,269.8229675292969,-0.2503260679634235,26788900.0,35362230.0,0.7575568622227727,2026-07-03
2026-07-03,ANET,Arista,Technology,Networking Equipment,AI Infrastructure,Networking,Connectivity,8,159.99000549316406,-0.0397910804124104,-0.0330008555804699,-0.0874921358449081,162.7039993286133,159.79639923095704,143.11934955596925,False,True,True,177.72999572753906,101.47000122070312,-0.0998142725529037,9766500.0,8250890.0,1.1836904867232505,2026-07-03
2026-07-03,CRDO,Credo,Technology,Semiconductor,AI Infrastructure,Optical,Connectivity,7,241.9100036621093,-0.0663089772612296,-0.097451760012488,0.0563755618432724,251.1077491760253,217.3473999023437,158.71870025634766,False,True,True,302.5199890136719,87.80999755859375,-0.2003503489114014,9061700.0,11235655.0,0.8065128379253368,2026-07-03
2026-07-03,TSM,TSMC,Technology,Semiconductor Foundry,AI Infrastructure,Foundry,Manufacturing,9,434.1600036621094,-0.0226684534479338,-0.0019080590149176,-0.0257746042920123,437.4194305419922,418.8306805419922,342.5128773498535,False,True,True,477.5700073242188,224.8433532714844,-0.0908976757257677,18424800.0,15148615.0,1.2162696061653162,2026-07-03
2026-07-03,ASML,ASML,Technology,Semicap Equipment,AI Infrastructure,Equipment,Manufacturing Equipment,10,1769.3199462890625,-0.0399991813584997,-0.0390293753601335,0.0374991651987406,1825.4244995117188,1646.9611328125,1311.7972760009766,False,True,True,1989.43994140625,686.0034790039062,-0.110644202187674,2701000.0,2409330.0,1.1210585515475258,2026-07-03
2026-07-03,VRT,Vertiv,Industrials,Electrical Equipment,AI Infrastructure,Power,Power Infrastructure,7,300.5299987792969,-0.0349688978835156,-0.0769112878385809,-0.1013407386263255,311.69720153808595,324.55089416503904,232.39260467529297,False,False,True,376.1517333984375,120.58716583251952,-0.2010405054787786,5906900.0,7426805.0,0.7953487401379193,2026-07-03
2026-07-03,ETN,Eaton,Industrials,Electrical Equipment,AI Infrastructure,Power,Power Infrastructure,8,398.5199890136719,-0.033445729248809,-0.0508490874599333,-0.0457353726517716,406.9744995117188,406.69476989746096,369.7095402526856,False,False,True,435.7799987792969,313.9706420898437,-0.0855018813850966,2602200.0,2580265.0,1.0085010648131103,2026-07-03
2026-07-03,GEV,GE Vernova,Industrials,Power Equipment,AI Infrastructure,Power,Grid Infrastructure,7,1113.1099853515625,-0.0187243713946426,0.0254636382345365,0.1485131268042743,1022.8688995361327,1041.6969482421875,793.7075711059571,True,True,True,1174.8599853515625,515.6441650390625,-0.0525594545477026,2363000.0,3299425.0,0.7161853959402017,2026-07-03
2026-07-03,CEG,Constellation Energy,Utilities,Power Generation,AI Infrastructure,Energy,Power Supply,6,239.25,0.0116279069767442,-0.1095686559749326,-0.1225013557460968,258.3000007629395,278.67367279052735,316.0922013854981,False,False,False,402.3219604492188,236.5,-0.4053270178618593,4271000.0,4135480.0,1.0327700774758914,2026-07-03
2026-07-03,NBIS,Nebius,Technology,AI Cloud Infrastructure,AI Infrastructure,NeoCloud,AI Cloud,7,215.6199951171875,-0.0591674578582299,-0.1598020846562809,-0.1725381601499528,249.11150131225585,215.0910003662109,132.93607555389406,False,True,True,286.69000244140625,44.29999923706055,-0.2478984503086885,24901800.0,18409515.0,1.3526592091100715,2026-07-03
2026-07-03,CRWV,CoreWeave,Technology,AI Cloud Infrastructure,AI Infrastructure,NeoCloud,AI Cloud,8,81.74500274658203,-0.0459823180751968,-0.172286340842498,-0.3146222432518685,101.6875,108.70609939575196,100.16317481994628,False,False,False,165.1999969482422,64.55000305175781,-0.5051755190274425,32788100.0,31223135.0,1.0501219688541843,2026-07-03
2026-07-03,MRVL,Marvell,Technology,Semiconductor,AI Infrastructure,Networking,Connectivity,8,245.2899932861328,-0.0983642554955761,-0.1278888403277314,-0.1564703529067784,282.0455009460449,223.6270001220703,122.57041301727295,False,True,True,316.42999267578125,62.19287109375,-0.2248206587121453,38579900.0,64178585.0,0.601133540105317,2026-07-03
2026-07-03,COHR,Coherent,Technology,Optical Components,AI Infrastructure,Optical,Connectivity,7,333.3599853515625,-0.0957276797211372,-0.1814365000575506,-0.2190963154148757,384.9959976196289,369.0208001708984,236.7944501876831,False,False,True,426.8900146484375,86.55000305175781,-0.2190963154148757,6975900.0,6135145.0,1.1370391408842009,2026-07-03
2026-07-03,NOK,Nokia,Technology,Telecom Infrastructure,AI Infrastructure,AI-RAN,Telecom Edge,5,12.06999969482422,-0.0650658530221651,-0.1366237417706363,-0.2836795595507623,13.903499984741211,13.746999988555908,8.597649993896484,False,False,True,16.850000381469727,4.050000190734863,-0.2836795595507623,78276600.0,109850835.0,0.7125717342066631,2026-07-03
2026-07-03,TEAM,Atlassian,Technology,Enterprise Software,Software,Developer Tools,SaaS,8,83.83999633789062,0.0080557675086674,0.1226566148270356,-0.2315307285932019,86.53399963378907,86.43269989013672,115.64407489776612,False,False,False,220.88999938964844,57.150001525878906,-0.6204445806982983,3103700.0,4561655.0,0.680389025474307,2026-07-03
2026-07-03,DDOG,Datadog,Technology,Observability Software,Software,Cloud Software,SaaS,9,260.3599853515625,-0.0155778337251302,0.1784194010797593,-0.0325865543497044,235.06999969482425,207.93540008544923,156.08340034484863,True,True,True,277.489990234375,102.61499786376952,-0.0617319740735299,3037600.0,4997895.0,0.6077758736428036,2026-07-03
2026-07-03,RDW,Redwire,Industrials,Space Infrastructure,Space Economy,Space Infrastructure,Space Hardware,6,11.3100004196167,-0.0551378306339782,0.04722224258101,-0.4504372953573855,14.193500089645386,14.067200088500975,10.019950006008148,False,False,True,25.89999961853028,5.059999942779541,-0.5633204406873848,21033400.0,41022470.0,0.512728755728263,2026-07-03
2026-07-03,PL,Planet Labs,Technology,Earth Observation,Space Economy,Satellite Data,Space Software,6,31.3799991607666,-0.0072762241424836,0.1837042206653416,-0.3474735067332302,30.77599992752075,37.12840015411377,24.79229998111725,True,False,True,51.400001525878906,6.139999866485596,-0.3894941978753176,10083600.0,18256800.0,0.5523202313658473,2026-07-03
2026-07-03,UUUU,Energy Fuels,Energy,Nuclear Fuel,Nuclear,Nuclear Fuel,Upstream Nuclear,6,13.8100004196167,-0.0288326188265097,-0.0423023338037332,-0.2932446380469375,15.070500087738036,17.957600135803222,18.442200026512147,False,False,False,27.71999931335449,5.590000152587891,-0.5018037243253631,8087000.0,10709790.0,0.7551035080986649,2026-07-03
2026-07-03,SMR,NuScale Power,Industrials,Small Modular Reactor,Nuclear,SMR,Reactor Developer,6,9.760000228881836,-0.0384235866311204,-0.03078445633933,-0.3003583969657433,10.365000009536743,11.422000007629396,19.561649956703185,False,False,False,53.43000030517578,9.15999984741211,-0.8173310841636588,28189000.0,34294045.0,0.8219794427866413,2026-07-03
2026-07-03,OKLO,Oklo,Industrials,Advanced Nuclear,Nuclear,SMR,Reactor Developer,7,52.36000061035156,-0.0017159228079837,0.0264654446822139,-0.2873281646877524,56.35050010681152,63.93299987792969,84.00064977645874,False,False,False,174.13999938964844,45.58000183105469,-0.6993223797296967,9675600.0,10921910.0,0.8858890065931692,2026-07-03
2026-07-03,RGTI,Rigetti Computing,Technology,Quantum Computing,Quantum,Quantum Hardware,Quantum Hardware,4,17.940000534057617,-0.0396145481278781,-0.0255295663905483,-0.3325892450085188,20.331750106811523,20.161000156402583,23.88025004386902,False,False,False,56.34000015258789,12.18000030517578,-0.6815761362181401,25314000.0,35935225.0,0.7044341589624108,2026-07-03
2026-07-03,QBTS,D-Wave Quantum,Technology,Quantum Computing,Quantum,Quantum Hardware,Quantum Hardware,4,22.530000686645508,-0.041276566525723,0.0282976195139785,-0.2467401938621253,24.004500102996825,23.389799995422365,24.184699959754944,False,False,False,44.77999877929688,12.979999542236328,-0.4968735752386443,21411200.0,29885020.0,0.7164525906290174,2026-07-03
2026-07-03,IONQ,IonQ,Technology,Quantum Computing,Quantum,Quantum Hardware,Quantum Hardware,6,49.119998931884766,-0.0443580258036802,-0.0284810601719435,-0.3120448475889564,56.00900001525879,54.95560012817383,49.59285004615784,False,False,False,82.08999633789062,26.59000015258789,-0.401632341050401,17018800.0,26789380.0,0.6352815929297356,2026-07-03
2026-07-03,MU,Micron,Technology,Memory,AI Infrastructure,Memory,HBM,9,975.5599975585938,-0.0549463615768246,-0.1961172496983347,-0.0832064468177343,1043.2715057373048,852.0854016113282,444.2228581237793,False,True,True,1213.56005859375,104.72803497314452,-0.1961172496983347,61844400.0,59190255.0,1.0448409117345414,2026-07-03
2026-07-03,SNDK,Sandisk,Technology,Memory,AI Infrastructure,Memory,NAND,6,1745.0,-0.1413331110036036,-0.2526766595289079,0.0166864847076768,1951.7089965820312,1610.4527954101563,703.356549797058,False,True,True,2335.0,40.68999862670898,-0.2526766595289079,17346200.0,12032205.0,1.441647644799935,2026-07-03
2026-07-03,ORCL,Oracle,Technology,Enterprise Software,AI Infrastructure,NeoCloud,AI Cloud,8,140.27000427246094,-0.0156490928248355,-0.0799554106296487,-0.4264862081023558,178.08800048828124,186.37260040283203,199.0704567718506,False,False,False,325.75933837890625,136.00498962402344,-0.5694060376887609,44273600.0,32265920.0,1.3721474546518433,2026-07-03
2026-07-03,KEYS,Keysight Technologies,Technology,Electronic Test & Measurement,AI Infrastructure,Optical Test & Metrology,R&D Test & Standards,9,313.8599853515625,-0.0647795600612933,-0.1283119827814611,-0.0943821487185294,343.8934997558593,346.5761981201172,254.38059928894043,False,False,True,373.3399963378906,158.50999450683594,-0.1593186145866243,1994700.0,1644000.0,1.2133211678832116,2026-07-03
2026-07-03,FORM,FormFactor,Technology,Semiconductor Test Equipment,AI Infrastructure,Optical Test & Metrology,Wafer-Level Test & Probing,8,123.58999633789062,-0.1599946153992942,-0.1691428817620798,-0.0121493426987896,137.5480007171631,135.65999862670898,86.80284962654113,False,False,True,159.92999267578125,27.6200008392334,-0.2272243981875309,2103800.0,2008330.0,1.0475370083601798,2026-07-03
2026-07-03,AEHR,Aehr Test Systems,Technology,Semiconductor Test Equipment,AI Infrastructure,Optical Test & Metrology,Wafer & Package Burn-In,6,69.95999908447266,-0.1713845927798258,-0.2918311728299956,-0.3808849638542243,100.25549964904783,97.26539993286131,48.28244997978211,False,False,True,116.58000183105467,13.289999961853027,-0.3998970836708577,3480300.0,1717505.0,2.026369646667696,2026-07-03
2026-07-03,DELL,Dell Technologies,Technology,AI Server & Storage,AI Infrastructure,AI Servers,Systems & Storage,7,394.3200073242188,-0.0727336688436949,-0.0369520196159189,-0.0941627586415762,407.6469985961914,323.0927981567383,186.1366178512573,False,True,True,465.9599914550781,110.7273941040039,-0.1537470715181905,6618400.0,8684775.0,0.7620692533773183,2026-07-03
2026-07-03,CLS,Celestica,Technology,Electronics Manufacturing Services,AI Infrastructure,AI Servers,Contract Manufacturing,7,336.2099914550781,-0.0702671423184853,-0.0697011700797687,-0.2882938276905422,371.5399963378906,381.5277978515625,318.4581997680664,False,False,True,472.3999938964844,154.0,-0.2882938276905422,2135000.0,1950445.0,1.0946219965187431,2026-07-03
2026-07-03,IREN,IREN Limited,Technology,AI Data Center & Bitcoin Mining,AI Infrastructure,NeoCloud,AI Cloud & Power Infrastructure,5,38.81999969482422,-0.1038781170752789,-0.1868454476336133,-0.4171171083448509,53.30699977874756,54.47819999694824,49.1124750995636,False,False,False,76.41000366210938,15.399999618530272,-0.4919513436160911,60368800.0,42174280.0,1.4314126998730032,2026-07-03
2026-07-03,APH,Amphenol,Technology,Interconnect Components,AI Infrastructure,Connectivity,Connectors & Cables,8,164.58999633789062,-0.0443038255065072,-0.0033908421392055,0.1107702567385158,158.71387405395507,145.9177880859375,138.3811526107788,True,True,True,176.32000732421875,96.75051879882812,-0.0665268290555302,8304600.0,9621345.0,0.8631433546972902,2026-07-03
2026-07-03,GLW,Corning,Technology,Optical Fiber & Materials,AI Infrastructure,Optical,Optical Fiber & Materials,7,196.7899932861328,-0.1080542585734986,-0.1369238277832032,-0.0180139756502003,199.1814994812012,188.42658569335936,126.8898724746704,False,True,True,255.69000244140625,51.04204177856445,-0.2303571066247337,21192200.0,17975720.0,1.178934696357086,2026-07-03
2026-07-03,CIEN,Ciena,Technology,Optical Networking Equipment,AI Infrastructure,Optical,Connectivity,7,422.4599914550781,-0.0864544822577148,-0.1283913649402146,-0.3262201093220445,460.83099975585935,516.8807995605468,325.5551996612549,False,False,True,627.0,77.75,-0.3262201093220445,2155600.0,4184085.0,0.5151902984762499,2026-07-03
2026-07-03,STX,Seagate Technology,Technology,Storage Hardware,AI Infrastructure,Storage,HDD Storage,6,820.1599731445312,-0.1038363935831556,-0.2001248489687013,-0.1142500366329678,950.4481475830078,839.6896154785156,455.8909466552734,False,False,True,1093.260498046875,140.8470458984375,-0.2498037067928838,6302800.0,4822345.0,1.3069989807863187,2026-07-03
2026-07-03,STRL,Sterling Infrastructure,Industrials,Infrastructure Construction,AI Infrastructure,Data Center Construction,Construction & Site Infrastructure,6,700.75,-0.0976112149694313,-0.2054267806840392,-0.1996185302819474,850.5844970703125,776.8500012207031,473.4554498291016,False,False,True,993.739990234375,227.0200042724609,-0.294835664372602,992000.0,925180.0,1.0722237834799715,2026-07-03
2026-07-03,EQIX,Equinix,Real Estate,Data Center REIT,AI Infrastructure,Data Centers,Colocation & Interconnection,8,1002.02001953125,-0.0114441069057604,-0.0786954579059386,-0.0651054544858161,1070.939501953125,1073.05529296875,900.056315612793,False,False,True,1115.93994140625,718.5999145507812,-0.102084276803861,720100.0,686550.0,1.048867526035977,2026-07-03
2026-07-03,NET,Cloudflare,Technology,Edge Cloud & Security,Software,Edge Cloud & Security,SaaS & Edge Network,8,242.4100036621093,-0.0158336808702075,0.0695345695567188,-0.1109440313713445,235.2160003662109,225.4517999267578,208.2124001312256,True,True,True,272.6600036621094,160.19000244140625,-0.1109440313713445,2832500.0,3534385.0,0.8014124097968953,2026-07-03
2026-07-03,NOW,ServiceNow,Technology,Enterprise Software,Software,Workflow Automation,SaaS,9,106.31999969482422,0.0049149019666097,0.1876676014493463,-0.1670975446618414,102.11200065612792,100.14780044555664,132.84414989471435,True,True,False,208.93800354003903,83.0,-0.4911409226974356,20276600.0,25764520.0,0.7869970020788278,2026-07-03
2026-07-03,SNOW,Snowflake,Technology,Data Cloud Software,Software,Data Cloud,SaaS,8,260.1499938964844,-0.0039818083969549,0.1457323909701515,-0.0037911491782902,240.3994987487793,198.40760009765623,206.50550048828129,True,True,True,280.1600036621094,121.11000061035156,-0.0714235062252438,8095800.0,7332245.0,1.104136591180464,2026-07-03
2026-07-03,APP,AppLovin,Technology,AdTech Software,Software,AdTech & AI Applications,Application Software,8,527.0599975585938,-0.0665060639506538,0.1819343982583361,-0.1297326861132347,504.21099853515625,500.6398010253906,539.9141758728027,True,True,False,733.5999755859375,335.1000061035156,-0.2815430546632408,6002600.0,5624175.0,1.0672854240844212,2026-07-03
2026-07-03,CRWD,CrowdStrike,Technology,Cybersecurity Software,Software,Cybersecurity,SaaS,8,193.97999572753903,0.0041152169112106,0.1433286008942169,0.0090642702288539,173.9993751525879,155.1552001953125,125.6388376235962,True,True,True,195.54249572753903,87.5625,-0.0079905904554737,10432200.0,13625870.0,0.7656171679312954,2026-07-03
2026-07-03,FLNC,Fluence Energy,Industrials,Energy Storage,AI Infrastructure,Energy Storage,Grid Storage,6,17.0,-0.0740741048551371,-0.122806979557808,-0.3908993159103766,22.1354998588562,19.956399974823,18.64135001420975,False,False,False,32.22999954223633,6.75,-0.472541103274852,10421600.0,10964090.0,0.950521201485942,2026-07-03
2026-07-03,BE,Bloom Energy,Industrials,Fuel Cells & Distributed Power,AI Infrastructure,Power,On-site Power Generation,6,270.8900146484375,-0.0642831963784542,-0.1238436475011375,-0.1055307604786841,283.7045013427734,279.3172012329102,164.85575073242188,False,False,True,345.8500061035156,24.239999771118164,-0.2167413333300391,15782800.0,14593120.0,1.0815233479886412,2026-07-03
2026-07-03,KLAC,KLA,Technology,Semicap Equipment,AI Infrastructure,Equipment,Process Control & Metrology,9,235.5500030517578,-0.1151057481822327,-0.0898376577969939,0.1517210939324977,243.77454986572263,208.72269012451173,151.70390205383302,False,True,True,301.7099914550781,84.03206634521484,-0.2192833856255335,23648900.0,16405885.0,1.4414888315991488,2026-07-03
2026-07-03,RMBS,Rambus,Technology,Semiconductor IP,AI Infrastructure,Memory Interface,Memory & IP,7,112.91999816894533,-0.0881046878848814,-0.0870725528327388,-0.3229404065509409,135.7305004119873,135.11640029907227,109.05224994659424,False,False,True,170.66000366210938,62.84999847412109,-0.3383335535810945,3530800.0,3873070.0,0.91162824322824,2026-07-03
2026-07-03,LITE,Lumentum,Technology,Optical Components,AI Infrastructure,Optical,Connectivity,6,728.3200073242188,-0.0909181290403433,-0.15505176273123,-0.2923091968647804,861.2579986572266,898.08080078125,542.924700088501,False,False,True,1053.0899658203125,90.44000244140624,-0.3083971636204051,5229100.0,5784295.0,0.9040168248680264,2026-07-03
2026-07-06,NVDA,NVIDIA,Technology,Semiconductor,AI Infrastructure,GPU,Compute,10,195.5500030517578,0.0036955356666652,0.0156858894281866,-0.0883449741176791,202.32949981689453,209.51223815917967,190.924020690918,False,False,True,235.465576171875,158.02951049804688,-0.1695176584579877,96954806.0,153666730.3,0.6309420771218166,2026-07-06
2026-07-06,AVGO,Broadcom,Technology,Semiconductor,AI Infrastructure,Networking,Connectivity,9,373.8999938964844,0.0373144159632539,0.0243274482222393,-0.2185552978439713,381.7577255249024,407.9271539306641,360.28128952026367,False,False,True,480.8090515136719,269.8229675292969,-0.2223524230266025,22543419.0,32438460.95,0.6949595739066653,2026-07-06
2026-07-06,ANET,Arista,Technology,Networking Equipment,AI Infrastructure,Networking,Connectivity,8,173.27999877929688,0.0830676469143609,0.0994923354602044,-0.0062510544727496,163.06749954223633,159.70739929199215,143.27494953155517,True,True,True,177.72999572753906,101.47000122070312,-0.0250379623879812,8495864.0,8164883.2,1.040537113868328,2026-07-06
2026-07-06,CRDO,Credo,Technology,Semiconductor,AI Infrastructure,Optical,Connectivity,7,265.54998779296875,0.0977222263361989,0.1157562512309611,0.2374183608591167,253.51024856567383,218.86859954833983,159.22435020446778,True,True,True,302.5199890136719,87.80999755859375,-0.1222068047180588,7481373.0,11236273.65,0.6658233176797007,2026-07-06
2026-07-06,TSM,TSMC,Technology,Semiconductor Foundry,AI Infrastructure,Foundry,Manufacturing,9,451.7900085449219,0.0406071603420505,0.0449635761928306,0.0370011234218823,437.8149047851563,420.1357849121094,343.47177169799807,True,True,True,477.5700073242188,224.8433532714844,-0.0539816118766331,12429831.0,15218911.55,0.8167358722838494,2026-07-06
2026-07-06,ASML,ASML,Technology,Semicap Equipment,AI Infrastructure,Equipment,Manufacturing Equipment,10,1825.0699462890625,0.0315092813580319,0.0169673531191691,0.0571780867113866,1828.8044982910155,1654.652258300781,1316.5536218261718,False,True,True,1989.43994140625,686.0034790039062,-0.0826212401270084,1894429.0,2391546.45,0.7921355656713253,2026-07-06
2026-07-06,VRT,Vertiv,Industrials,Electrical Equipment,AI Infrastructure,Power,Power Infrastructure,7,318.4700012207031,0.0596945480127626,0.04777097690584,-0.0389323735327789,311.4280700683594,324.8187634277344,233.30226356506347,True,False,True,376.1517333984375,120.58717346191406,-0.1533469795728289,6415191.0,7443359.55,0.8618676764042656,2026-07-06
2026-07-06,ETN,Eaton,Industrials,Electrical Equipment,AI Infrastructure,Power,Power Infrastructure,8,413.4200134277344,0.037388399138873,0.0266713542944769,-0.0184942859508937,406.71500091552736,406.7085815429688,369.9366400146485,True,True,True,435.7799987792969,313.9706420898437,-0.0513102607145741,1399785.0,2557234.25,0.5473823917382618,2026-07-06
2026-07-06,GEV,GE Vernova,Industrials,Power Equipment,AI Infrastructure,Power,Grid Infrastructure,7,1152.0400390625,0.034974130340446,0.1022512994285351,0.201455850738826,1032.3289978027344,1042.1980639648436,796.3852212524414,True,True,True,1174.8599853515625,528.5691528320312,-0.0194235454212307,2607767.0,3320658.35,0.7853162611564661,2026-07-06
2026-07-06,CEG,Constellation Energy,Utilities,Power Generation,AI Infrastructure,Energy,Power Supply,6,245.8699951171875,0.0276697810540751,-0.0687447718041701,-0.0799655586667458,257.3640007019043,277.8567819213867,315.71350860595703,False,False,False,402.3219604492188,236.5,-0.3888725466473229,3143234.0,4119081.7,0.7630909578705369,2026-07-06
2026-07-06,NBIS,Nebius,Technology,AI Cloud Infrastructure,AI Infrastructure,NeoCloud,AI Cloud,7,213.0200042724609,-0.0120582084389413,-0.1135247541941191,-0.1536077142735887,246.77900085449207,216.2286004638672,133.55402557373046,False,False,True,286.69000244140625,44.29999923706055,-0.2569674475621172,14600128.0,18519426.4,0.7883682617729457,2026-07-06
2026-07-06,CRWV,CoreWeave,Technology,AI Cloud Infrastructure,AI Infrastructure,NeoCloud,AI Cloud,8,86.45999908447266,0.057679322031557,-0.1047836255406655,-0.2205895713818131,100.6090000152588,107.98449935913088,100.00172481536865,False,False,False,159.6999969482422,64.55000305175781,-0.458609888937607,21579767.0,30954093.35,0.697153903233286,2026-07-06
2026-07-06,MRVL,Marvell,Technology,Semiconductor,AI Infrastructure,Networking,Connectivity,8,249.2700042724609,0.0162257372712526,-0.0655995256659626,-0.1736449218759089,278.68750152587893,225.46600006103515,123.4731101989746,False,True,True,316.42999267578125,62.19287109375,-0.2122428023823057,25129311.0,61082675.55,0.4113983346952457,2026-07-06
2026-07-06,COHR,Coherent,Technology,Optical Components,AI Infrastructure,Optical,Connectivity,7,335.70001220703125,0.0070195193133362,-0.1178788775471745,-0.1957932633082976,380.6859985351563,368.725400390625,237.9506002426148,False,False,True,426.8900146484375,86.55000305175781,-0.2136147469190751,2891668.0,5977593.4,0.4837512032852552,2026-07-06
2026-07-06,NOK,Nokia,Technology,Telecom Infrastructure,AI Infrastructure,AI-RAN,Telecom Edge,5,12.510000228881836,0.0364540633954029,-0.0384319747274111,-0.2522414482260289,13.697999954223633,13.8,8.637149994373322,False,False,True,16.850000381469727,4.050000190734863,-0.2575667688032027,47879773.0,105779533.65,0.4526373992007101,2026-07-06
2026-07-06,TEAM,Atlassian,Technology,Enterprise Software,Software,Developer Tools,SaaS,8,85.5,0.0197996628651944,0.0858522011637104,-0.1578843590271526,85.73399963378907,86.6624998474121,115.21137493133546,False,False,False,220.88999938964844,57.150001525878906,-0.6129295113574671,2270740.0,4432092.0,0.5123404478065888,2026-07-06
2026-07-06,DDOG,Datadog,Technology,Observability Software,Software,Cloud Software,SaaS,9,255.3699951171875,-0.0191657340417999,0.0650623120772004,0.0201333969131445,235.65849914550785,210.4,156.6873003387451,True,True,True,277.489990234375,102.61499786376952,-0.0797145695183613,4736394.0,4885824.7,0.9694154601985616,2026-07-06
2026-07-06,RDW,Redwire,Industrials,Space Infrastructure,Space Economy,Space Infrastructure,Space Hardware,6,11.359999656677246,0.004420798868745,0.0393412021496324,-0.3899033756893779,13.69000005722046,14.055800075531003,10.031750004291537,False,False,True,25.89999961853028,5.059999942779541,-0.5613899681855716,17301935.0,38133241.75,0.4537231613674701,2026-07-06
2026-07-06,PL,Planet Labs,Technology,Earth Observation,Space Economy,Satellite Data,Space Software,6,30.86000061035156,-0.0165710186208409,0.1400074236517996,-0.2844887584951749,30.142500019073488,36.95620014190674,24.897849984169007,True,False,True,51.400001525878906,6.139999866485596,-0.3996109008904571,10214620.0,17817056.0,0.5733057133569093,2026-07-06
2026-07-06,UUUU,Energy Fuels,Energy,Nuclear Fuel,Nuclear,Nuclear Fuel,Upstream Nuclear,6,13.770000457763672,-0.0028964489962077,-0.0581394962003384,-0.2349999745686849,14.89050006866455,17.780400161743163,18.444000029563902,False,False,False,27.71999931335449,5.590000152587891,-0.5032467244279554,4631243.0,10555937.15,0.4387334761651171,2026-07-06
2026-07-06,SMR,NuScale Power,Industrials,Small Modular Reactor,Nuclear,SMR,Reactor Developer,6,9.609999656677246,-0.0153689107261193,-0.0485149214144066,-0.2167889732557709,10.245499992370606,11.342800006866456,19.423399963378905,False,False,False,53.43000030517578,9.15999984741211,-0.8201385064235847,20243014.0,33813030.7,0.5986749362872107,2026-07-06
2026-07-06,OKLO,Oklo,Industrials,Advanced Nuclear,Nuclear,SMR,Reactor Developer,7,51.84000015258789,-0.0099312538522176,0.0368000030517579,-0.2050298898879808,55.67300014495849,63.52159980773926,83.78069976806641,False,False,False,174.13999938964844,45.58000183105469,-0.7023084855042818,8327588.0,10738674.4,0.7754763474344655,2026-07-06
2026-07-06,RGTI,Rigetti Computing,Technology,Quantum Computing,Quantum,Quantum Hardware,Quantum Hardware,4,17.959999084472656,0.0011147463667613,-0.0217865747593375,-0.2546171572406542,20.021750068664552,20.15260015487671,23.87005003929138,False,False,False,56.34000015258789,12.18000030517578,-0.6812211743728991,19024989.0,34484654.45,0.5516943493687813,2026-07-06
2026-07-06,QBTS,D-Wave Quantum,Technology,Quantum Computing,Quantum,Quantum Hardware,Quantum Hardware,4,22.559999465942383,0.0013315037009589,-0.008787379654138,-0.1811252235682665,23.75050010681152,23.416199989318848,24.202599959373472,False,False,False,44.77999877929688,12.979999542236328,-0.4962036605420243,16219448.0,28732572.4,0.5644968983006896,2026-07-06
2026-07-06,IONQ,IonQ,Technology,Quantum Computing,Quantum,Quantum Hardware,Quantum Hardware,6,48.869998931884766,-0.0050895766579042,-0.0089231885855225,-0.2837462036132444,55.16949977874756,54.98580009460449,49.5259000492096,False,False,False,82.08999633789062,26.59000015258789,-0.4046777791202357,12441704.0,25398600.2,0.4898578623242394,2026-07-06
2026-07-06,MU,Micron,Technology,Memory,AI Infrastructure,Memory,HBM,9,984.75,0.0094202329578958,-0.1303329963722693,-0.0878312207698989,1042.7090057373048,862.0308013916016,448.35365859985353,False,True,True,1213.56005859375,104.72803497314452,-0.188544486919659,35948270.0,58215433.5,0.6175041194187793,2026-07-06
2026-07-06,SNDK,Sandisk,Technology,Memory,AI Infrastructure,Memory,NAND,6,1744.4300537109375,-0.000326616784563,-0.1656279032942887,-0.0475402382140663,1950.9464965820312,1625.7599963378907,711.620950050354,False,True,True,2335.0,40.68999862670898,-0.2529207478754015,8664403.0,11935155.15,0.7259564614876414,2026-07-06
2026-07-06,ORCL,Oracle,Technology,Enterprise Software,AI Infrastructure,NeoCloud,AI Cloud,8,143.75999450683594,0.0248805170604831,-0.0321147533270282,-0.3758520671906094,173.45900039672853,185.49780029296875,198.2680121612549,False,False,False,325.75933837890625,136.00498962402344,-0.5586926372633352,34404688.0,32981119.4,1.0431631377557185,2026-07-06
2026-07-06,KEYS,Keysight Technologies,Technology,Electronic Test & Measurement,AI Infrastructure,Optical Test & Metrology,R&D Test & Standards,9,319.7300109863281,0.0187026888062538,-0.0271709139423063,-0.0877368153278206,342.72450103759763,346.1913983154297,255.11889930725096,False,False,True,373.3399963378906,158.50999450683594,-0.1435956122500277,1152082.0,1647334.1,0.6993614713615167,2026-07-06
2026-07-06,FORM,FormFactor,Technology,Semiconductor Test Equipment,AI Infrastructure,Optical Test & Metrology,Wafer-Level Test & Probing,8,118.66999816894533,-0.0398090324033525,-0.0923206885198566,-0.0583240649889788,137.15100059509277,135.10979873657226,87.23669961929322,False,False,True,159.92999267578125,27.6200008392334,-0.2579878471606037,2909044.0,2090632.2,1.3914661794647571,2026-07-06
2026-07-06,AEHR,Aehr Test Systems,Technology,Semiconductor Test Equipment,AI Infrastructure,Optical Test & Metrology,Wafer & Package Burn-In,6,72.32499694824219,0.0338050013539013,-0.2122317953218123,-0.3688367286880957,98.04274940490724,96.76469985961914,48.501524963378905,False,False,True,116.58000183105467,13.289999961853027,-0.379610603771871,2118142.0,1734052.1,1.2214984774678914,2026-07-06
2026-07-06,DELL,Dell Technologies,Technology,AI Server & Storage,AI Infrastructure,AI Servers,Systems & Storage,7,411.7999877929688,0.0443294282412041,0.0308142828594319,-0.0220385652969148,407.1344985961914,327.03579803466795,187.56420894622804,True,True,True,465.9599914550781,110.7273941040039,-0.1162331630511475,7138435.0,8426486.75,0.8471424938750423,2026-07-06
2026-07-06,CLS,Celestica,Technology,Electronics Manufacturing Services,AI Infrastructure,AI Servers,Contract Manufacturing,7,350.20001220703125,0.0416109607314343,0.0375374440007005,-0.2356048347451947,367.78199768066406,380.4969982910157,318.9372498321533,False,False,True,472.3999938964844,154.0,-0.2586790501022539,1362393.0,1873974.65,0.7270071662922442,2026-07-06
2026-07-06,IREN,IREN Limited,Technology,AI Data Center & Bitcoin Mining,AI Infrastructure,NeoCloud,AI Cloud & Power Infrastructure,5,43.90999984741211,0.1311179853838724,-0.0699004300160199,-0.3294135981017396,52.40949974060059,54.38860000610352,49.14977509498596,False,False,False,76.41000366210938,15.399999618530272,-0.4253370273140499,52999192.0,42457004.6,1.2483026652332416,2026-07-06
2026-07-06,APH,Amphenol,Technology,Interconnect Components,AI Infrastructure,Connectivity,Connectors & Cables,8,166.80999755859375,0.0134880689598269,0.0188736642734637,0.1317006856523976,159.7269287109375,146.29585083007814,138.62321334838867,True,True,True,176.32000732421875,96.75052642822266,-0.0539360785536828,7614808.0,9721040.4,0.7833326153031932,2026-07-06
2026-07-06,GLW,Corning,Technology,Optical Fiber & Materials,AI Infrastructure,Optical,Optical Fiber & Materials,7,194.8000030517578,-0.010112253174792,-0.1187514120678554,-0.0296871469324292,199.03649978637696,188.95255096435548,127.47303985595704,False,True,True,255.69000244140625,51.04204177856445,-0.2381399304167238,11865008.0,17995275.4,0.6593401732545866,2026-07-06
2026-07-06,CIEN,Ciena,Technology,Optical Networking Equipment,AI Infrastructure,Optical,Connectivity,7,433.8299865722656,0.0269137796410634,-0.0952450749274961,-0.3006915389415063,455.74099884033205,515.5779992675781,327.03694961547853,False,False,True,627.0,77.75,-0.3080861458177582,1310500.0,3868930.0,0.3387241433678045,2026-07-06
2026-07-06,STX,Seagate Technology,Technology,Storage Hardware,AI Infrastructure,Storage,HDD Storage,6,868.260009765625,0.0586471398216081,-0.0351594774864449,-0.0763385702127172,947.5946380615236,845.465478515625,459.1852412414551,False,True,True,1093.260498046875,140.8470458984375,-0.2058068398915139,3444889.0,4867434.45,0.7077422480748559,2026-07-06
2026-07-06,STRL,Sterling Infrastructure,Industrials,Infrastructure Construction,AI Infrastructure,Data Center Construction,Construction & Site Infrastructure,6,717.1099853515625,0.0233463936518907,-0.1089144879845475,-0.2506922840462806,836.7529968261719,781.4348010253906,475.4440997314453,False,False,True,993.739990234375,227.0200042724609,-0.2783726202037707,486189.0,908509.45,0.5351501847339067,2026-07-06
2026-07-06,EQIX,Equinix,Real Estate,Data Center REIT,AI Infrastructure,Data Centers,Colocation & Interconnection,8,998.8400268554688,-0.0031735819782012,-0.084724656680757,-0.0725719342103354,1066.4240020751954,1071.0949938964843,901.2173724365234,False,False,True,1115.93994140625,718.5999145507812,-0.1049338859609397,545285.0,689389.25,0.7909682374652637,2026-07-06
2026-07-06,NET,Cloudflare,Technology,Edge Cloud & Security,Software,Edge Cloud & Security,SaaS & Edge Network,8,247.5500030517578,0.021203742881886,0.0434580902034704,-0.0670108333784776,234.16149978637696,226.25160003662108,208.3539501190185,True,True,True,272.6600036621094,160.19000244140625,-0.0920927172049363,1783173.0,3402593.65,0.5240628718624688,2026-07-06
2026-07-06,NOW,ServiceNow,Technology,Enterprise Software,Software,Workflow Automation,SaaS,9,107.93000030517578,0.0151429704192327,0.0975188562579811,-0.0845631984026287,101.54050064086914,100.24500045776368,132.451789932251,True,True,False,207.0019989013672,83.0,-0.4786040672167493,14546187.0,25082174.35,0.5799412282611774,2026-07-06
2026-07-06,SNOW,Snowflake,Technology,Data Cloud Software,Software,Data Cloud,SaaS,8,262.0899963378906,0.007457245769447,0.0527393527873489,0.0862483324928604,241.2949989318848,200.53799987792968,206.7362004852295,True,True,True,280.1600036621094,121.11000061035156,-0.0644988830954339,3322158.0,7021612.9,0.4731331742882038,2026-07-06
2026-07-06,APP,AppLovin,Technology,AdTech Software,Software,AdTech & AI Applications,Application Software,8,543.7899780273438,0.0317420797371177,0.1398297839621769,-0.0473696866894862,503.4569976806641,501.8414007568359,539.6141258239746,True,True,True,733.5999755859375,335.1000061035156,-0.2587377370166753,5656777.0,5658708.85,0.9996586058673084,2026-07-06
2026-07-06,CRWD,CrowdStrike,Technology,Cybersecurity Software,Software,Cybersecurity,SaaS,8,199.3800048828125,0.0278379692453349,0.1375429530901892,0.0667594536691713,174.97975006103516,156.80940032958983,126.07951263427736,True,True,True,199.3800048828125,87.5625,0.0,10102737.0,12640631.85,0.7992272158452269,2026-07-06
2026-07-06,FLNC,Fluence Energy,Industrials,Energy Storage,AI Infrastructure,Energy Storage,Grid Storage,6,17.81999969482422,0.0482352761661304,-0.075246534950406,-0.2828974075947167,21.668999862670898,20.04279996871948,18.69295001268387,False,False,False,32.22999954223633,6.75,-0.4470989777250319,6170230.0,10726716.5,0.575220758374662,2026-07-06
2026-07-06,BE,Bloom Energy,Industrials,Fuel Cells & Distributed Power,AI Infrastructure,Power,On-site Power Generation,6,295.04998779296875,0.089187389117632,0.1707403491430297,0.026903731977242,283.8885009765625,280.62320098876955,165.9645506668091,True,True,True,345.8500061035156,24.299999237060547,-0.1468845378459875,8916547.0,14704382.35,0.6063870476001326,2026-07-06
2026-07-06,KLAC,KLA,Technology,Semicap Equipment,AI Infrastructure,Equipment,Process Control & Metrology,9,233.3099975585937,-0.0095096814440366,-0.061655412921035,0.0978725610267907,244.7845497131348,209.76938995361328,152.37726779937745,False,True,True,301.7099914550781,84.03205871582031,-0.2267077519263014,12010608.0,16592445.4,0.7238600284922438,2026-07-06
2026-07-06,RMBS,Rambus,Technology,Semiconductor IP,AI Infrastructure,Memory Interface,Memory & IP,7,113.25,0.0029224392171964,-0.0128998807080061,-0.3363998736093768,132.9255001068115,134.75040023803712,109.13324993133546,False,False,True,170.66000366210938,62.84999847412109,-0.3363998736093768,2815518.0,3906530.9,0.7207207806803729,2026-07-06
2026-07-06,LITE,Lumentum,Technology,Optical Components,AI Infrastructure,Optical,Connectivity,6,731.25,0.0040229468452277,-0.1049352279349141,-0.2204157782515992,850.5664978027344,895.2338012695312,545.7264501190185,False,False,True,1053.0899658203125,90.44000244140624,-0.3056148821716412,3607460.0,5661058.0,0.6372413071902814,2026-07-06
2026-07-07,NVDA,NVIDIA,Technology,Semiconductor,AI Infrastructure,GPU,Compute,10,196.92999267578125,0.0070569654946932,0.0100527847505085,-0.099378078397488,201.9209991455078,209.6028005981445,191.2549791717529,False,False,True,235.7400054931641,159.97341918945312,-0.1646305756894885,122966441.0,149434487.05,0.8228785966846868,2026-07-07
2026-07-07,AVGO,Broadcom,Technology,Semiconductor,AI Infrastructure,Networking,Connectivity,9,370.7799987792969,-0.0083444642099974,-0.0044838592374809,-0.1134925756387087,381.0407012939453,406.95722534179686,360.41692947387696,False,False,True,480.8090515136719,269.8229675292969,-0.2288414754006483,22775715.0,31119970.75,0.7318681364763172,2026-07-07
2026-07-07,ANET,Arista,Technology,Networking Equipment,AI Infrastructure,Networking,Connectivity,8,166.4600067138672,-0.0393582185680655,0.0143814778950273,0.0027107537011135,163.67699966430663,159.58559936523437,143.39304958343507,True,True,True,177.72999572753906,103.38999938964844,-0.0634107313598815,8964451.0,8159042.55,1.0987135984478964,2026-07-07
2026-07-07,CRDO,Credo,Technology,Semiconductor,AI Infrastructure,Optical,Connectivity,7,246.3999938964844,-0.0721144597130025,0.002930646540898,0.13287353515625,255.4857482910156,220.0857995605469,159.63415016174315,False,True,True,302.5199890136719,87.80999755859375,-0.1855083867355662,7783637.0,10830551.85,0.7186740904619741,2026-07-07
2026-07-07,TSM,TSMC,Technology,Semiconductor Foundry,AI Infrastructure,Foundry,Manufacturing,9,432.5700073242188,-0.0425418908280085,-0.0495055998179272,-0.0254809926410152,438.7334045410156,421.15186584472656,344.3309428405762,False,True,True,477.5700073242188,224.8433532714844,-0.0942270228654661,14824086.0,14995839.3,0.9885466030567558,2026-07-07
2026-07-07,ASML,ASML,Technology,Semicap Equipment,AI Infrastructure,Equipment,Manufacturing Equipment,10,1747.280029296875,-0.0426229784509677,-0.072130654667698,-0.0057980742636377,1834.081500244141,1661.3036572265626,1320.9516067504885,False,True,True,1989.43994140625,686.0034790039062,-0.1217226552404504,1859764.0,2349833.2,0.7914451119339023,2026-07-07
2026-07-07,VRT,Vertiv,Industrials,Electrical Equipment,AI Infrastructure,Power,Power Infrastructure,7,305.5799865722656,-0.0404748158351799,-0.0045281774861059,-0.0564227130354184,311.68469390869143,324.49670166015625,234.146573638916,False,False,True,376.1517333984375,120.58717346191406,-0.1876151046509174,5961869.0,7375603.45,0.8083228769572746,2026-07-07
2026-07-07,ETN,Eaton,Industrials,Electrical Equipment,AI Infrastructure,Power,Power Infrastructure,8,395.6799926757813,-0.0429104063077828,-0.0308137382769028,-0.0547765067202682,406.7020004272461,406.1555786132813,370.1139013671875,False,False,True,435.7799987792969,313.9706115722656,-0.0920189228873362,2322603.0,2564715.15,0.9055988147455674,2026-07-07
2026-07-07,GEV,GE Vernova,Industrials,Power Equipment,AI Infrastructure,Power,Grid Infrastructure,7,1077.0799560546875,-0.0650672550138214,-0.0230655989385016,0.1186511890640076,1039.526336669922,1040.7608032226562,798.703634338379,True,True,True,1174.8599853515625,528.569091796875,-0.0832269636518563,4192802.0,3391380.1,1.236311435571613,2026-07-07
2026-07-07,CEG,Constellation Energy,Utilities,Power Generation,AI Infrastructure,Energy,Power Supply,6,239.7100067138672,-0.0250538435988674,-0.0756208547604807,-0.0940322384382621,256.6080009460449,276.80466552734373,315.3121575927734,False,False,False,402.3219299316406,236.5,-0.4041835930877623,3496365.0,4098348.25,0.8531156423810495,2026-07-07
2026-07-07,NBIS,Nebius,Technology,AI Cloud Infrastructure,AI Infrastructure,NeoCloud,AI Cloud,7,195.19000244140625,-0.083701067850179,-0.2525751215649027,-0.2483151987215219,245.1480010986328,216.9908004760742,134.05957557678224,False,False,True,286.69000244140625,44.29999923706055,-0.3191600656486122,16960534.0,18339691.7,0.9247992974712874,2026-07-07
2026-07-07,CRWV,CoreWeave,Technology,AI Cloud Infrastructure,AI Infrastructure,NeoCloud,AI Cloud,8,83.52999877929688,-0.0338885072426744,-0.1254319242904626,-0.2267888575103385,99.7659999847412,107.30669937133788,99.81507480621336,False,False,False,153.0500030517578,64.55000305175781,-0.454230662438804,23273817.0,30512235.85,0.7627699626607336,2026-07-07
2026-07-07,MRVL,Marvell,Technology,Semiconductor,AI Infrastructure,Networking,Connectivity,8,230.6999969482422,-0.0744975609015559,-0.1693969506813962,-0.2709287921874689,277.0490013122559,226.76880004882813,124.27237743377684,False,True,True,316.42999267578125,62.19287109375,-0.2709287921874689,34941705.0,58159630.25,0.6007896688786118,2026-07-07
2026-07-07,COHR,Coherent,Technology,Optical Components,AI Infrastructure,Optical,Connectivity,7,314.1300048828125,-0.0642538175152528,-0.1970502430789601,-0.2554396553039862,377.5429992675781,368.2544006347656,239.00420024871823,False,False,True,426.8900146484375,86.55000305175781,-0.2641430014672228,5460934.0,5948036.7,0.9181069780554648,2026-07-07
2026-07-07,NOK,Nokia,Technology,Telecom Infrastructure,AI Infrastructure,AI-RAN,Telecom Edge,5,11.850000381469728,-0.0527577806024629,-0.090560197673342,-0.2870036231588836,13.571499967575074,13.830400009155271,8.672899997234344,False,False,True,16.850000381469727,4.050000190734863,-0.296735898326661,69294047.0,100114732.35,0.6921463542223614,2026-07-07
2026-07-07,TEAM,Atlassian,Technology,Enterprise Software,Software,Developer Tools,SaaS,8,88.38999938964844,0.0338011624520284,0.1151904744807541,-0.1291625675896706,85.17999954223633,87.07789978027344,114.7920749282837,True,True,False,220.88999938964844,57.150001525878906,-0.5998460788904749,3719238.0,4436121.9,0.8383985119976076,2026-07-07
2026-07-07,DDOG,Datadog,Technology,Observability Software,Software,Cloud Software,SaaS,9,256.8099975585937,0.0056388865917682,0.0331495755384005,0.0542282065849566,236.79349899291992,212.97899993896485,157.3002003479004,True,True,True,277.489990234375,102.61499786376952,-0.0745251843438187,5365561.0,4815473.05,1.1142334188746006,2026-07-07
2026-07-07,RDW,Redwire,Industrials,Space Infrastructure,Space Economy,Space Infrastructure,Space Hardware,6,10.210000038146973,-0.1012323638455675,-0.1266039003730914,-0.5235651006649287,13.278000020980835,14.059200077056884,10.043450005054474,False,False,True,25.89999961853028,5.059999942779541,-0.6057914985125258,16485968.0,36259963.4,0.4546603596406278,2026-07-07
2026-07-07,PL,Planet Labs,Technology,Earth Observation,Space Economy,Satellite Data,Space Software,6,28.65999984741211,-0.0712897187112009,-0.083759615783895,-0.3416034768867723,29.964499950408936,36.76360012054443,24.989999985694887,False,False,True,51.400001525878906,6.139999866485596,-0.4424124708832478,6180222.0,16090301.1,0.38409610619406,2026-07-07
2026-07-07,UUUU,Energy Fuels,Energy,Nuclear Fuel,Nuclear,Nuclear Fuel,Upstream Nuclear,6,12.859999656677246,-0.0660857495159601,-0.1185743987537784,-0.2596431182875633,14.782000064849854,17.599400157928468,18.43790002822876,False,False,False,27.71999931335449,5.590000152587891,-0.5360750369686422,8416801.0,9857200.05,0.8538734079968276,2026-07-07
2026-07-07,SMR,NuScale Power,Industrials,Small Modular Reactor,Nuclear,SMR,Reactor Developer,6,8.960000038146973,-0.067637839932558,-0.1267056687850133,-0.2533333301544189,10.168499994277957,11.267600002288818,19.287549958229064,False,False,False,53.43000030517578,8.960000038146973,-0.832303949336137,29835284.0,32926224.2,0.9061252762775028,2026-07-07
2026-07-07,OKLO,Oklo,Industrials,Advanced Nuclear,Nuclear,SMR,Reactor Developer,7,47.900001525878906,-0.0760030597050894,-0.0921151810133921,-0.2674720603612406,55.163500213623045,62.95039985656738,83.54374977111816,False,False,False,174.13999938964844,45.58000183105469,-0.7249339514541984,11205053.0,10356207.65,1.0819648831587496,2026-07-07
2026-07-07,RGTI,Rigetti Computing,Technology,Quantum Computing,Quantum,Quantum Hardware,Quantum Hardware,4,16.549999237060547,-0.0785077906062438,-0.1486626140742113,-0.3149834709608538,19.81525001525879,20.14640012741089,23.84285003662109,False,False,False,56.34000015258789,12.18000030517578,-0.7062477956649358,26785070.0,33336718.5,0.8034705035530116,2026-07-07
2026-07-07,QBTS,D-Wave Quantum,Technology,Quantum Computing,Quantum,Quantum Hardware,Quantum Hardware,4,21.059999465942383,-0.0664893632761148,-0.1162400531528361,-0.2380607839727505,23.61100006103516,23.451199989318848,24.19519995212555,False,False,False,44.77999877929688,12.979999542236328,-0.5297007583734226,20486562.0,28091178.1,0.7292881034419841,2026-07-07
2026-07-07,IONQ,IonQ,Technology,Quantum Computing,Quantum,Quantum Hardware,Quantum Hardware,6,45.36000061035156,-0.0718231716441298,-0.1581291813077855,-0.309168472731481,54.59849987030029,55.02040008544922,49.42550004005432,False,False,False,82.08999633789062,26.59000015258789,-0.4474357091740476,18655258.0,24726867.9,0.7544529325527719,2026-07-07
2026-07-07,MU,Micron,Technology,Memory,AI Infrastructure,Memory,HBM,9,938.3800048828124,-0.0470880884662985,-0.1805284919842259,-0.0577065210096497,1046.2813720703125,871.0359521484374,452.1787005615234,False,True,True,1213.3734130859375,104.71192169189452,-0.226635432454171,51785317.0,57000550.85,0.9085055535037868,2026-07-07
2026-07-07,SNDK,Sandisk,Technology,Memory,AI Infrastructure,Memory,NAND,6,1617.699951171875,-0.0726484287916667,-0.211028128344016,-0.0806851803767649,1953.865496826172,1639.4653955078124,719.2395998001099,False,False,True,2335.0,40.68999862670898,-0.3071948817251071,14361938.0,12013791.9,1.1954542012667957,2026-07-07
2026-07-07,ORCL,Oracle,Technology,Enterprise Software,AI Infrastructure,NeoCloud,AI Cloud,8,141.60000610351562,-0.0150249616433979,-0.0416891488381541,-0.400863128130573,169.85500106811523,184.80420043945315,197.48076148986817,False,False,False,325.75933837890625,136.00498962402344,-0.5653232634614026,42797656.0,33783922.8,1.2668054048477757,2026-07-07
2026-07-07,KEYS,Keysight Technologies,Technology,Electronic Test & Measurement,AI Infrastructure,Optical Test & Metrology,R&D Test & Standards,9,309.1199951171875,-0.0331842977029588,-0.0911710502468287,-0.0990644157428052,341.6890014648437,345.4431982421875,255.7999492645264,False,False,True,373.3399963378906,158.50999450683594,-0.172014790407243,1605318.0,1665025.9,0.9641399572222872,2026-07-07
2026-07-07,FORM,FormFactor,Technology,Semiconductor Test Equipment,AI Infrastructure,Optical Test & Metrology,Wafer-Level Test & Probing,8,106.0500030517578,-0.1063452878731906,-0.2644100409331813,-0.162388416866596,136.61850090026854,134.26339889526366,87.60809963226319,False,False,True,159.92999267578125,27.6200008392334,-0.3368973431597153,2735103.0,2164695.15,1.2635049327846464,2026-07-07
2026-07-07,AEHR,Aehr Test Systems,Technology,Semiconductor Test Equipment,AI Infrastructure,Optical Test & Metrology,Wafer & Package Burn-In,6,66.94000244140625,-0.0745195527885947,-0.2936582799140181,-0.4258020124376537,96.46749992370606,96.19339996337892,48.69460000038147,False,False,True,116.58000183105467,13.289999961853027,-0.4258020124376537,2418253.0,1738142.65,1.3912856922301515,2026-07-07
2026-07-07,DELL,Dell Technologies,Technology,AI Server & Storage,AI Infrastructure,AI Servers,Systems & Storage,7,417.2799987792969,0.0133074578649166,0.0064398194015282,-0.0113019527345934,408.2789978027344,331.13859802246094,189.00604545593265,True,True,True,465.9599914550781,110.7273941040039,-0.1044724731060399,7015649.0,8233852.45,0.8520493951771021,2026-07-07
2026-07-07,CLS,Celestica,Technology,Electronics Manufacturing Services,AI Infrastructure,AI Servers,Contract Manufacturing,7,345.0599975585937,-0.014677368558739,0.005273117432174,-0.1887812454352055,366.4494979858399,379.5661981201172,319.42424980163577,False,False,True,472.3999938964844,155.6999969482422,-0.2695596909042176,1570168.0,1781188.4,0.8815283099755198,2026-07-07
2026-07-07,IREN,IREN Limited,Technology,AI Data Center & Bitcoin Mining,AI Infrastructure,NeoCloud,AI Cloud & Power Infrastructure,5,39.81499862670898,-0.0932589668625213,-0.132759774362027,-0.3563692493716788,51.68274974822998,54.144499969482425,49.159350080490114,False,False,False,76.41000366210938,15.399999618530272,-0.4789295024408869,42069337.0,41398861.85,1.016195497171621,2026-07-07
2026-07-07,APH,Amphenol,Technology,Interconnect Components,AI Infrastructure,Connectivity,Connectors & Cables,8,158.61000061035156,-0.0491577067817045,-0.0469294414404766,0.082300828103953,160.727384185791,146.46897552490233,138.82740501403808,False,True,True,176.32000732421875,96.75052642822266,-0.1004424114008903,5431952.0,9634747.6,0.5637876803332139,2026-07-07
2026-07-07,GLW,Corning,Technology,Optical Fiber & Materials,AI Infrastructure,Optical,Optical Fiber & Materials,7,185.3800048828125,-0.0483572793704856,-0.27498141064278,-0.0623166022033629,199.42649993896484,189.2753387451172,128.01814590454103,False,False,True,255.69000244140625,51.04203796386719,-0.27498141064278,12863023.0,17858286.15,0.7202831723020633,2026-07-07
2026-07-07,CIEN,Ciena,Technology,Optical Networking Equipment,AI Infrastructure,Optical,Connectivity,7,418.9100036621094,-0.0343913131225449,-0.1253210071023957,-0.2179116183870985,452.2759994506836,513.6391998291016,328.449599609375,False,False,True,627.0,77.75,-0.3318819718307665,1791549.0,3749692.45,0.4777855847884271,2026-07-07
2026-07-07,STX,Seagate Technology,Technology,Storage Hardware,AI Infrastructure,Storage,HDD Storage,6,827.6400146484375,-0.0467832154657823,-0.1454678847187831,-0.1055733245562019,946.633331298828,850.2742529296875,462.26537773132327,False,False,True,1093.260498046875,140.84706115722656,-0.2429617496223197,4134600.0,4894425.0,0.8447570450052866,2026-07-07
2026-07-07,STRL,Sterling Infrastructure,Industrials,Infrastructure Construction,AI Infrastructure,Data Center Construction,Construction & Site Infrastructure,6,674.3900146484375,-0.0595724108934023,-0.1712768983097934,-0.3213617029849209,826.3509979248047,785.0092010498047,477.21134979248046,False,False,True,993.739990234375,227.0200042724609,-0.3213617029849209,657768.0,901358.4,0.7297518944739406,2026-07-07
2026-07-07,EQIX,Equinix,Real Estate,Data Center REIT,AI Infrastructure,Data Centers,Colocation & Interconnection,8,1022.9299926757812,0.0241179419853168,-0.0573551137140198,-0.0607997339704473,1063.5230041503903,1069.3575732421875,902.501485900879,False,False,True,1115.93994140625,718.5999145507812,-0.0833467333495227,518866.0,689863.3,0.7521287188345864,2026-07-07
2026-07-07,NET,Cloudflare,Technology,Edge Cloud & Security,Software,Edge Cloud & Security,SaaS & Edge Network,8,268.8299865722656,0.0859623642018643,0.1028470324515313,0.0007071616790848,235.09749908447264,227.5281997680664,208.6287000274658,True,True,True,272.6600036621094,160.19000244140625,-0.0140468606997822,6152115.0,3488110.75,1.763738436344087,2026-07-07
2026-07-07,NOW,ServiceNow,Technology,Enterprise Software,Software,Workflow Automation,SaaS,9,110.7300033569336,0.0259427688672353,0.107632309741356,-0.0723022554397467,101.45450096130372,100.7640005493164,132.05506992340088,True,True,False,204.5959930419922,83.0,-0.4587870382475825,21514085.0,24684194.25,0.8715733145715299,2026-07-07
2026-07-07,SNOW,Snowflake,Technology,Data Cloud Software,Software,Data Cloud,SaaS,8,262.739990234375,0.0024800408469096,0.0440691301683577,0.0760094934691781,242.5189987182617,202.8647998046875,206.96010040283204,True,True,True,280.1600036621094,121.11000061035156,-0.062178802113181,5527178.0,6968753.9,0.7931372063519132,2026-07-07
2026-07-07,APP,AppLovin,Technology,AdTech Software,Software,AdTech & AI Applications,Application Software,8,527.97998046875,-0.0290737199974633,0.0585852316364656,-0.0552722724753907,501.99599609375,503.3176000976562,539.2207258605957,True,True,False,733.5999755859375,335.1000061035156,-0.2802889884953385,4988322.0,5637876.1,0.8847874468188474,2026-07-07
2026-07-07,CRWD,CrowdStrike,Technology,Cybersecurity Software,Software,Cybersecurity,SaaS,8,194.6199951171875,-0.0238740578245182,0.0478792971019903,0.0825904287297509,176.3229995727539,158.4748501586914,126.49573760986328,True,True,True,199.3800048828125,87.5625,-0.0238740578245182,9307988.0,12062634.4,0.7716380760076754,2026-07-07
2026-07-07,FLNC,Fluence Energy,Industrials,Energy Storage,AI Infrastructure,Energy Storage,Grid Storage,6,16.200000762939453,-0.0909090325268238,-0.1540469406973924,-0.4033148806424765,21.333499908447266,20.096399974823,18.736750016212465,False,False,False,32.22999954223633,6.75,-0.4973626747431411,9294774.0,10547363.7,0.8812414423520828,2026-07-07
2026-07-07,BE,Bloom Energy,Industrials,Fuel Cells & Distributed Power,AI Infrastructure,Power,On-site Power Generation,6,269.57000732421875,-0.0863581817418303,-0.0197811070442215,-0.0748189180708223,284.18650207519534,281.26320098876954,166.91405071258544,False,False,True,345.8500061035156,24.299999237060547,-0.2205580379734493,11141304.0,14814180.2,0.7520702360566669,2026-07-07
2026-07-07,KLAC,KLA,Technology,Semicap Equipment,AI Infrastructure,Equipment,Process Control & Metrology,9,216.47000122070312,-0.0721786314950408,-0.2224218189216648,0.0157665083793743,245.96204986572263,210.47255828857425,152.9667820739746,False,True,True,301.7099914550781,84.03205871582031,-0.2825229281379846,17692745.0,16553792.25,1.0688031318020197,2026-07-07
2026-07-07,RMBS,Rambus,Technology,Semiconductor IP,AI Infrastructure,Memory Interface,Memory & IP,7,105.93000030517578,-0.064635758894695,-0.1450363276787348,-0.3744907204761138,130.9565002441406,134.09900024414063,109.175299949646,False,False,False,170.66000366210938,62.84999847412109,-0.3792921713812502,3876324.0,3882661.2,0.9983678205041429,2026-07-07
2026-07-07,LITE,Lumentum,Technology,Optical Components,AI Infrastructure,Optical,Connectivity,6,698.9099731445312,-0.0442256777510683,-0.1791050586056485,-0.26047534546687,842.3289978027344,892.2742004394531,548.4043000030517,False,False,True,1053.0899658203125,90.44000244140624,-0.3363245346278558,3659091.0,5476719.55,0.6681172856477561,2026-07-07
2026-07-08,NVDA,NVIDIA,Technology,Semiconductor,AI Infrastructure,GPU,Compute,10,204.1199951171875,0.0365104489352396,0.0201409308463949,-0.0047782104201083,201.69499893188475,209.51980041503907,191.39447593688965,True,False,True,235.7400054931641,162.85293579101562,-0.134130862981139,145806099.0,149865559.95,0.9729126495016308,2026-07-08
2026-07-08,AVGO,Broadcom,Technology,Semiconductor,AI Infrastructure,Networking,Connectivity,9,388.6900024414063,0.0483035862804728,0.0289609594742719,0.009268577488972,380.6765365600586,406.2891857910156,360.64618942260745,True,False,True,480.8090515136719,272.3842468261719,-0.1915917530717414,28744548.0,30769297.4,0.9341957869990232,2026-07-08
2026-07-08,ANET,Arista,Technology,Networking Equipment,AI Infrastructure,Networking,Connectivity,8,181.0500030517578,0.0876486588335285,0.0657522830697505,0.1735917419954167,164.9095001220703,159.66839935302735,143.5649995803833,True,True,True,181.0500030517578,106.27999877929688,0.0,11871112.0,8450680.6,1.4047521805521794,2026-07-08
2026-07-08,CRDO,Credo,Technology,Semiconductor,AI Infrastructure,Optical,Connectivity,7,258.69000244140625,0.0498782826678358,-0.0487589967656643,0.250374610684781,257.3067481994629,221.3587997436524,160.0660501861572,True,True,True,302.5199890136719,87.80999755859375,-0.1448829438185812,5680495.0,10680649.75,0.5318491976576613,2026-07-08
2026-07-08,TSM,TSMC,Technology,Semiconductor Foundry,AI Infrastructure,Foundry,Manufacturing,9,436.9800109863281,0.0101948900465584,-0.0849927669564357,0.0549975811394005,439.2922637939453,421.8610723876953,345.1831477355957,False,True,True,477.5700073242188,224.84336853027344,-0.0849927669564357,10277039.0,14951136.95,0.6873750828695339,2026-07-08
2026-07-08,ASML,ASML,Technology,Semicap Equipment,AI Infrastructure,Equipment,Manufacturing Equipment,10,1768.6500244140625,0.0122304351671591,-0.110980941116584,0.0773021519452479,1835.0619995117188,1667.5861987304688,1325.1802517700196,False,True,True,1989.43994140625,686.00341796875,-0.110980941116584,1390562.0,2316463.1,0.6002953381817305,2026-07-08
2026-07-08,VRT,Vertiv,Industrials,Electrical Equipment,AI Infrastructure,Power,Power Infrastructure,7,317.8099975585937,0.0400222904762641,-0.0508034448167058,0.0577887558679151,312.54981994628906,324.3850476074219,235.02640464782715,True,False,True,376.1517333984375,120.58716583251952,-0.155101600390727,3876689.0,7331174.45,0.5287950827578519,2026-07-08
2026-07-08,ETN,Eaton,Industrials,Electrical Equipment,AI Infrastructure,Power,Power Infrastructure,8,399.55999755859375,0.0098059162824333,-0.0623298551181328,0.0091427870254741,406.5229995727539,405.6917437744141,370.2713024902344,False,False,True,435.7799987792969,313.9706115722656,-0.0831153364591359,1340331.0,2527076.55,0.5303879694503121,2026-07-08
2026-07-08,GEV,GE Vernova,Industrials,Power Equipment,AI Infrastructure,Power,Grid Infrastructure,7,1070.989990234375,-0.0056541446028016,-0.0884105309673183,0.147735408694692,1046.407183837891,1039.2085424804689,801.0105041503906,True,True,True,1174.8599853515625,534.3235473632812,-0.0884105309673183,2100305.0,3405830.25,0.6166792957458758,2026-07-08
2026-07-08,CEG,Constellation Energy,Utilities,Power Generation,AI Infrastructure,Energy,Power Supply,6,244.5200042724609,0.0200659022313376,-0.0155010303998679,-0.0404583349076338,256.3005012512207,275.4341928100586,314.9277104187012,False,False,False,402.3219604492188,236.5,-0.3922280454205423,2717593.0,4057259.65,0.6698099787623896,2026-07-08
2026-07-08,NBIS,Nebius,Technology,AI Cloud Infrastructure,AI Infrastructure,NeoCloud,AI Cloud,7,216.47999572753903,0.1090731749569182,-0.2161350429010803,-0.0497344363832872,245.07200088500977,218.3772003173828,134.671375541687,False,False,True,286.69000244140625,44.29999923706055,-0.2448986923714464,17415931.0,18520081.55,0.9403809023724304,2026-07-08
2026-07-08,CRWV,CoreWeave,Technology,AI Cloud Infrastructure,AI Infrastructure,NeoCloud,AI Cloud,8,90.0,0.077457216751531,-0.0958408763088447,-0.1034963587291324,99.1474998474121,106.90389938354492,99.65812480926512,False,False,False,153.0500030517578,64.55000305175781,-0.4119568885629869,23368987.0,30520519.35,0.7656811711495335,2026-07-08
2026-07-08,MRVL,Marvell,Technology,Semiconductor,AI Infrastructure,Networking,Connectivity,8,231.7100067138672,0.0043780224490059,-0.2221625589319411,-0.1205450121823595,274.19200134277344,228.1168002319336,125.06047512054444,False,True,True,316.42999267578125,62.19287109375,-0.2677369020727418,24599756.0,55221947.8,0.4454706322401761,2026-07-08
2026-07-08,COHR,Coherent,Technology,Optical Components,AI Infrastructure,Optical,Connectivity,7,317.04998779296875,0.0092954600476498,-0.196263374117563,-0.1589962704424632,373.2989990234375,367.8736004638672,240.04920017242432,False,False,True,426.8900146484375,86.55000305175781,-0.2573028721365779,3421852.0,5841912.6,0.5857417312268589,2026-07-08
2026-07-08,NOK,Nokia,Technology,Telecom Infrastructure,AI Infrastructure,AI-RAN,Telecom Edge,5,11.949999809265137,0.0084387700064367,-0.1001505986783998,-0.1689847208509746,13.439499950408935,13.860200004577637,8.70884999513626,False,False,True,16.850000381469727,4.050000190734863,-0.2908012143188564,55091268.0,97741823.4,0.5636406819887504,2026-07-08
2026-07-08,TEAM,Atlassian,Technology,Enterprise Software,Software,Developer Tools,SaaS,8,85.47000122070312,-0.0330353907581005,0.0987273456072528,-0.1407459518265906,84.55899963378906,87.35629974365234,114.37127490997314,True,False,False,220.88999938964844,57.150001525878906,-0.6130653200377142,3002564.0,4444773.2,0.6755269312728938,2026-07-08
2026-07-08,DDOG,Datadog,Technology,Observability Software,Software,Cloud Software,SaaS,9,261.0899963378906,0.0166660130835456,0.0028038524635127,0.1152449517628428,238.2639991760253,215.61119995117187,157.92160034179688,True,True,True,277.489990234375,102.61499786376952,-0.0591012089576007,3284404.0,4698150.2,0.6990845035137446,2026-07-08
2026-07-08,RDW,Redwire,Industrials,Space Infrastructure,Space Economy,Space Infrastructure,Space Hardware,6,10.579999923706056,0.0362389700466869,-0.1349141194022123,-0.4265582934306366,12.878500032424927,14.07720006942749,10.056300003528596,False,False,True,25.89999961853028,5.059999942779541,-0.5915057884349718,14198275.0,35306188.75,0.4021469182226586,2026-07-08
2026-07-08,PL,Planet Labs,Technology,Earth Observation,Space Economy,Satellite Data,Space Software,6,27.75,-0.031751564977565,-0.1623906095582056,-0.1387337384031787,29.714999866485595,36.60980014801025,25.0756999874115,False,False,True,51.400001525878906,6.139999866485596,-0.4601167475446783,9118608.0,15540460.4,0.5867656276129374,2026-07-08
2026-07-08,UUUU,Energy Fuels,Energy,Nuclear Fuel,Nuclear,Nuclear Fuel,Upstream Nuclear,6,13.140000343322754,0.0217729933219807,-0.0937930797708446,-0.1257484646192216,14.678500080108645,17.45580017089844,18.433100028038027,False,False,False,27.71999931335449,5.590000152587891,-0.5259740018466603,6230564.0,9716503.2,0.6412352130960035,2026-07-08
2026-07-08,SMR,NuScale Power,Industrials,Small Modular Reactor,Nuclear,SMR,Reactor Developer,6,8.760000228881836,-0.0223214071890226,-0.1266200935095282,-0.1657142639160156,10.068499994277952,11.203600006103516,19.14074996471405,False,False,False,53.43000030517578,8.760000228881836,-0.8360471611669961,16410229.0,32592786.45,0.5034926677771057,2026-07-08
2026-07-08,OKLO,Oklo,Industrials,Advanced Nuclear,Nuclear,SMR,Reactor Developer,7,47.27999877929688,-0.012943689495439,-0.096503016912966,-0.1860905722998079,54.58050022125244,62.47599983215332,83.25529975891114,False,False,False,174.13999938964844,45.58000183105469,-0.7284943209773125,7056182.0,10265439.1,0.687372642442543,2026-07-08
2026-07-08,RGTI,Rigetti Computing,Technology,Quantum Computing,Quantum,Quantum Hardware,Quantum Hardware,4,16.920000076293945,0.0223565472078604,-0.124223584701879,-0.1818181902028688,19.573000049591062,20.152600116729737,23.803750038146973,False,False,False,56.34000015258789,12.18000030517578,-0.6996805106413059,18720889.0,32506444.45,0.5759131555835231,2026-07-08
2026-07-08,QBTS,D-Wave Quantum,Technology,Quantum Computing,Quantum,Quantum Hardware,Quantum Hardware,4,20.63999938964844,-0.0199430240714467,-0.1396415345323525,-0.1345912344016271,23.351500034332275,23.49419998168945,24.17829994678497,False,False,False,44.77999877929688,12.979999542236328,-0.5390799474699646,15497109.0,27420415.45,0.5651668198922202,2026-07-08
2026-07-08,IONQ,IonQ,Technology,Quantum Computing,Quantum,Quantum Hardware,Quantum Hardware,6,45.08000183105469,-0.0061728125116686,-0.1535861199449439,-0.2060584219756666,53.7125,55.06820014953613,49.31685006141662,False,False,False,82.08999633789062,26.59000015258789,-0.4508465849419594,15104222.0,24069286.1,0.6275309511568771,2026-07-08
2026-07-08,MU,Micron,Technology,Memory,AI Infrastructure,Memory,HBM,9,948.7999877929688,0.0111042252135984,-0.1778964809312824,0.0983043166682953,1046.2646697998048,880.0790795898438,456.0796039581299,False,True,True,1213.3734130859375,104.71192932128906,-0.2180478181239251,40550345.0,56352287.25,0.7195864973519774,2026-07-08
2026-07-08,SNDK,Sandisk,Technology,Memory,AI Infrastructure,Memory,NAND,6,1727.1800537109375,0.0676763960212487,-0.2403759159850353,0.1076495608366685,1958.1244995117188,1654.21099609375,727.3811500549316,False,True,True,2335.0,40.68999862670898,-0.2603083281751873,11838624.0,12204701.2,0.9700052304434952,2026-07-08
2026-07-08,ORCL,Oracle,Technology,Enterprise Software,AI Infrastructure,NeoCloud,AI Cloud,8,140.49000549316406,-0.0078389870233487,-0.0413510571982281,-0.3425214792742391,166.2885009765625,184.14840057373047,196.71172332763672,False,False,False,325.75933837890625,136.00498962402344,-0.5687306887584802,28803332.0,34582846.6,0.8328791534471311,2026-07-08
2026-07-08,KEYS,Keysight Technologies,Technology,Electronic Test & Measurement,AI Infrastructure,Optical Test & Metrology,R&D Test & Standards,9,317.239990234375,0.026268100561108,-0.0937812906075044,-0.0381711695432281,340.9710006713867,344.84879821777344,256.5000991821289,False,False,True,373.3399963378906,158.50999450683594,-0.1502651916585503,794316.0,1617055.8,0.4912112494819288,2026-07-08
2026-07-08,FORM,FormFactor,Technology,Semiconductor Test Equipment,AI Infrastructure,Optical Test & Metrology,Wafer-Level Test & Probing,8,111.58999633789062,0.0522394448534717,-0.3022572284855167,-0.0437874956639279,135.9855007171631,133.3935987854004,87.985849609375,False,False,True,159.92999267578125,27.6200008392334,-0.3022572284855167,1529872.0,2131338.6,0.7177986641822186,2026-07-08
2026-07-08,AEHR,Aehr Test Systems,Technology,Semiconductor Test Equipment,AI Infrastructure,Optical Test & Metrology,Wafer & Package Burn-In,6,67.88999938964844,0.0141917674573397,-0.2932542045065371,-0.3104113611568719,95.08299980163574,95.63299987792968,48.88119999885559,False,False,True,116.58000183105467,13.289999961853027,-0.4176531281236965,1491516.0,1722965.8,0.8656677921291299,2026-07-08
2026-07-08,DELL,Dell Technologies,Technology,AI Server & Storage,AI Infrastructure,AI Servers,Systems & Storage,7,431.9700012207031,0.0352041854016011,0.0011820557542427,0.0952863540568205,409.838998413086,335.4561981201172,190.5125793457032,True,True,True,465.9599914550781,110.7273941040039,-0.0729461560170277,8982812.0,8256230.6,1.0880040099655164,2026-07-08
2026-07-08,CLS,Celestica,Technology,Electronics Manufacturing Services,AI Infrastructure,AI Servers,Contract Manufacturing,7,360.739990234375,0.0454413516105085,-0.0111293796448751,-0.0295122581390951,365.16149749755857,378.5767980957031,319.96774978637694,False,False,True,472.3999938964844,156.91000366210938,-0.2363674959881077,1294495.0,1740224.75,0.7438665609140429,2026-07-08
2026-07-08,IREN,IREN Limited,Technology,AI Data Center & Bitcoin Mining,AI Infrastructure,NeoCloud,AI Cloud & Power Infrastructure,5,43.005001068115234,0.0801206216610619,-0.0595888585479709,-0.2087396085467751,50.87349987030029,53.99180000305176,49.192775087356566,False,False,False,76.41000366210938,15.399999618530272,-0.4371810102472119,34452495.0,41079924.75,0.8386698663560721,2026-07-08
2026-07-08,APH,Amphenol,Technology,Interconnect Components,AI Infrastructure,Connectivity,Connectors & Cables,8,158.22000122070312,-0.0024588575004581,-0.1026542953247113,0.1415511108899494,161.46920013427734,146.64368591308593,139.0114471054077,False,True,True,176.32000732421875,97.54510498046876,-0.1026542953247113,6247959.0,9573237.95,0.6526484594483521,2026-07-08
2026-07-08,GLW,Corning,Technology,Optical Fiber & Materials,AI Infrastructure,Optical,Optical Fiber & Materials,7,184.02999877929688,-0.0072823717119278,-0.2795286221031717,0.0363216402845776,199.25100021362303,189.4435220336914,128.5428940963745,False,False,True,255.69000244140625,51.04204177856445,-0.2802612655085368,7172346.0,17647202.3,0.406429635591586,2026-07-08
2026-07-08,CIEN,Ciena,Technology,Optical Networking Equipment,AI Infrastructure,Optical,Connectivity,7,440.9700012207031,0.0526604697088761,-0.1010885448970336,-0.0967616211490864,450.99099884033205,512.0426000976563,329.9642496490479,False,False,True,627.0,77.75,-0.2966985626464065,1603513.0,3549310.65,0.4517815311545074,2026-07-08
2026-07-08,STX,Seagate Technology,Technology,Storage Hardware,AI Infrastructure,Storage,HDD Storage,6,860.02001953125,0.0391232955266991,-0.108787544527202,0.0155324068985671,945.8270660400392,855.7580078125,465.4911484527588,False,True,True,1093.260498046875,140.8470458984375,-0.2133439184277785,4922443.0,5016962.15,0.9811600830992914,2026-07-08
2026-07-08,STRL,Sterling Infrastructure,Industrials,Infrastructure Construction,AI Infrastructure,Data Center Construction,Construction & Site Infrastructure,6,660.719970703125,-0.020270234802392,-0.2128288431257714,-0.2512494178720826,814.7939971923828,788.2800006103515,478.7720497131348,False,False,True,993.739990234375,233.38999938964844,-0.3351178606113122,685350.0,903177.5,0.7588209405128007,2026-07-08
2026-07-08,EQIX,Equinix,Real Estate,Data Center REIT,AI Infrastructure,Data Centers,Colocation & Interconnection,8,1015.969970703125,-0.0068040061612136,-0.0253456418173989,-0.0601137734437234,1061.184503173828,1067.6109106445313,903.7187316894532,False,False,True,1115.93994140625,718.5999145507812,-0.0895836478235092,455601.0,692405.05,0.6579978005648572,2026-07-08
2026-07-08,NET,Cloudflare,Technology,Edge Cloud & Security,Software,Edge Cloud & Security,SaaS & Edge Network,8,273.3999938964844,0.0169996189133843,0.1146444685956227,0.0931190005569448,236.37799911499025,228.85479949951173,208.87784996032715,True,True,True,273.3999938964844,160.19000244140625,0.0,3670312.0,3514130.6,1.0444438234594924,2026-07-08
2026-07-08,NOW,ServiceNow,Technology,Enterprise Software,Software,Workflow Automation,SaaS,9,107.77999877929688,-0.0266414204660275,0.0856164394088663,-0.0415295535409822,101.13400077819824,101.11620056152344,131.6462298965454,True,True,False,202.74200439453125,83.0,-0.4683884126470433,11141467.0,24295648.35,0.458578706750174,2026-07-08
2026-07-08,SNOW,Snowflake,Technology,Data Cloud Software,Software,Data Cloud,SaaS,8,261.3099975585937,-0.0054426152429466,0.0267583401123525,0.0967430688457289,243.5619987487793,205.284599609375,207.15610038757325,True,True,True,280.1600036621094,121.11000061035156,-0.0672830020599583,4098305.0,6927935.25,0.5915622551466543,2026-07-08
2026-07-08,APP,AppLovin,Technology,AdTech Software,Software,AdTech & AI Applications,Application Software,8,522.1799926757812,-0.0109852418794731,0.0134891455670111,-0.0628499977818344,499.9204956054688,504.79539978027344,538.7240257263184,True,True,False,733.5999755859375,335.1000061035156,-0.2881951880400376,4825316.0,5684675.8,0.8488287054118372,2026-07-08
2026-07-08,CRWD,CrowdStrike,Technology,Cybersecurity Software,Software,Cybersecurity,SaaS,8,191.1199951171875,-0.0179837636821054,0.0017558584199386,0.139280436078178,177.64412460327148,160.0566000366211,126.8230500793457,True,True,True,199.3800048828125,87.5625,-0.0414284760925746,7520380.0,11783334.0,0.638221746069491,2026-07-08
2026-07-08,FLNC,Fluence Energy,Industrials,Energy Storage,AI Infrastructure,Energy Storage,Grid Storage,6,15.34000015258789,-0.0530864549290007,-0.2283701810781989,-0.3304233847770766,20.89699993133545,20.135599975585937,18.773850016593933,False,False,False,32.22999954223633,6.75,-0.5240459084560228,15272493.0,10802729.65,1.4137624003207374,2026-07-08
2026-07-08,BE,Bloom Energy,Industrials,Fuel Cells & Distributed Power,AI Infrastructure,Power,On-site Power Generation,6,254.2899932861328,-0.0566829158397739,-0.1599273768373305,-0.0353552315288819,284.22250137329104,281.7256008911133,167.7806506729126,False,False,True,345.8500061035156,24.309999465942383,-0.2647390811089886,18073956.0,15289322.8,1.1821292699765615,2026-07-08
2026-07-08,KLAC,KLA,Technology,Semicap Equipment,AI Infrastructure,Equipment,Process Control & Metrology,9,221.17999267578125,0.0217581717028587,-0.2669119388155465,0.146485562798357,246.4807495117188,211.0310913085937,153.55155670166016,False,True,True,301.7099914550781,84.03205871582031,-0.2669119388155465,12464577.0,16594978.85,0.7511053260546939,2026-07-08
2026-07-08,RMBS,Rambus,Technology,Semiconductor IP,AI Infrastructure,Memory Interface,Memory & IP,7,109.63999938964844,0.0350231197374157,-0.1740244473977006,-0.2454751824943222,128.8370002746582,133.12380035400392,109.18659996032714,False,False,True,170.66000366210938,62.84999847412109,-0.3575530467775845,2099862.0,3812558.1,0.550775081958751,2026-07-08
2026-07-08,LITE,Lumentum,Technology,Optical Components,AI Infrastructure,Optical,Connectivity,6,707.0999755859375,0.0117182509280242,-0.1759317791322019,-0.1812750415983373,832.9139953613281,888.7833996582032,551.0822998809814,False,False,True,1053.0899658203125,90.44000244140624,-0.3285474189898518,2573656.0,5355132.8,0.4805961114540427,2026-07-08
2026-07-09,NVDA,NVIDIA,Technology,Semiconductor,AI Infrastructure,GPU,Compute,10,202.77999877929688,-0.0065647480400992,0.0263184375951599,-0.0280866594492633,201.42449874877929,209.243200378418,191.5251229095459,True,False,True,235.7400054931641,164.04273986816406,-0.1398150757013661,130728739.0,147434521.95,0.8866901541847473,2026-07-09
2026-07-09,AVGO,Broadcom,Technology,Semiconductor,AI Infrastructure,Networking,Connectivity,9,401.1099853515625,0.0319534406137151,0.0860182740257762,0.0129723096728826,381.1550201416016,405.9606018066406,360.9395845031738,True,False,True,480.8090515136719,272.3842468261719,-0.1657603281618818,27437098.0,30433784.9,0.9015342025368656,2026-07-09
2026-07-09,ANET,Arista,Technology,Networking Equipment,AI Infrastructure,Networking,Connectivity,8,184.69000244140625,0.0201049396757417,0.1084504132382773,0.1808824146351695,166.53600006103517,159.91279937744142,143.74039958953858,True,True,True,184.69000244140625,106.29000091552734,0.0,8725959.0,8522357.95,1.0238902251224968,2026-07-09
2026-07-09,CRDO,Credo,Technology,Semiconductor,AI Infrastructure,Optical,Connectivity,7,265.6499938964844,0.0269047562309818,0.025319378020441,0.1951679884382771,258.8732475280761,223.06179962158205,160.5465001678467,True,True,True,302.5199890136719,87.80999755859375,-0.1218762278730654,6867516.0,10238820.8,0.6707330984833721,2026-07-09
2026-07-09,TSM,TSMC,Technology,Semiconductor Foundry,AI Infrastructure,Foundry,Manufacturing,9,436.9599914550781,-4.5813379895398576e-05,-0.0163654398655064,0.0262026573051379,439.7942520141602,422.5195959472656,346.0539471435547,False,True,True,477.5700073242188,224.84336853027344,-0.0850346865304101,11404790.0,14518109.5,0.7855561359418043,2026-07-09
2026-07-09,ASML,ASML,Technology,Semicap Equipment,AI Infrastructure,Equipment,Manufacturing Equipment,10,1804.25,0.0201283323973218,-0.021046769598251,0.0315658645339491,1836.385998535156,1675.0223999023438,1329.5652551269532,False,True,True,1989.43994140625,686.00341796875,-0.0930864699918244,1542155.0,2237697.75,0.6891703761153624,2026-07-09
2026-07-09,VRT,Vertiv,Industrials,Electrical Equipment,AI Infrastructure,Power,Power Infrastructure,7,323.9200134277344,0.0192253733868588,0.0401387176836041,0.0779099970153434,314.27283172607423,324.4161895751953,235.92859375,True,False,True,376.1517333984375,120.58716583251952,-0.1388581131842794,3931657.0,6999297.85,0.5617216304061128,2026-07-09
2026-07-09,ETN,Eaton,Industrials,Electrical Equipment,AI Infrastructure,Power,Power Infrastructure,8,405.8299865722656,0.0156922340874536,-0.0157163566847714,0.0066725500473425,406.728498840332,405.4959149169922,370.4440428161621,False,True,True,435.7799987792969,313.9706115722656,-0.0687273676876565,1652416.0,2513600.8,0.6573899880999402,2026-07-09
2026-07-09,GEV,GE Vernova,Industrials,Power Equipment,AI Infrastructure,Power,Grid Infrastructure,7,1075.260009765625,0.0039869836041284,-0.0520914771385172,0.1520152776702441,1054.1861785888673,1038.3205859375,803.2730261230469,True,True,True,1174.8599853515625,537.7044067382812,-0.084776038700589,2297533.0,3363766.65,0.6830238952514736,2026-07-09
2026-07-09,CEG,Constellation Energy,Utilities,Power Generation,AI Infrastructure,Energy,Power Supply,6,250.7400054931641,0.0254375965647881,0.0602114397173956,0.0002792808263059,256.2550018310547,274.15537109375,314.53357917785644,False,False,False,402.3219604492188,236.5,-0.3767677876365574,2768527.0,4021706.35,0.6883961082837388,2026-07-09
2026-07-09,NBIS,Nebius,Technology,AI Cloud Infrastructure,AI Infrastructure,NeoCloud,AI Cloud,7,216.1999969482422,-0.0012934164117837,-0.0566366879411752,-0.0082568947328339,244.8760009765625,219.80200012207035,135.25582553863526,False,False,True,286.69000244140625,44.29999923706055,-0.2458753527952926,13852657.0,18103242.85,0.765203069680966,2026-07-09
2026-07-09,CRWV,CoreWeave,Technology,AI Cloud Infrastructure,AI Infrastructure,NeoCloud,AI Cloud,8,89.69999694824219,-0.0033333672417534,0.0468576705846652,-0.1237667818541,98.7099998474121,106.45669937133788,99.4823247909546,False,False,False,148.75,64.55000305175781,-0.3969748104319853,24726015.0,30438935.75,0.8123153582989511,2026-07-09
2026-07-09,MRVL,Marvell,Technology,Semiconductor,AI Infrastructure,Networking,Connectivity,8,243.2700042724609,0.0498899366606506,-0.1057893211243571,-0.1577981681423961,273.01150131225586,229.81800018310548,125.90622306823732,False,True,True,316.42999267578125,62.19287109375,-0.2312043424982192,20975722.0,51580111.1,0.4066629860361041,2026-07-09
2026-07-09,COHR,Coherent,Technology,Optical Components,AI Infrastructure,Optical,Connectivity,7,327.239990234375,0.0321400499408321,-0.1123287789168855,-0.1858283875362725,371.86399841308594,367.9878002929688,241.1398501205444,False,False,True,426.8900146484375,86.55000305175781,-0.2334325493561347,3602695.0,5635624.75,0.6392716264509982,2026-07-09
2026-07-09,NOK,Nokia,Technology,Telecom Infrastructure,AI Infrastructure,AI-RAN,Telecom Edge,5,12.899999618530272,0.0794978932575862,-0.0007746110766871,-0.1158327975588029,13.391999912261962,13.902999992370605,8.749649994373321,False,False,True,16.850000381469727,4.050000190734863,-0.2344214049563669,97377647.0,93440112.35,1.0421396609119125,2026-07-09
2026-07-09,TEAM,Atlassian,Technology,Enterprise Software,Software,Developer Tools,SaaS,8,90.70999908447266,0.0613080354385238,0.0906577020743844,-0.0733476386754891,84.31399955749512,87.78609970092774,113.97957489013672,True,True,False,203.0,57.150001525878906,-0.5531527138695929,2780822.0,4414406.1,0.6299424966814903,2026-07-09
2026-07-09,DDOG,Datadog,Technology,Observability Software,Software,Cloud Software,SaaS,9,269.0,0.0302960809416559,0.0170900968916911,0.1610842908495999,240.34699935913085,218.3379998779297,158.5725003051758,True,True,True,277.489990234375,102.61499786376952,-0.030595663026274,6231465.0,4792888.25,1.3001481935240198,2026-07-09
2026-07-09,RDW,Redwire,Industrials,Space Infrastructure,Space Economy,Space Infrastructure,Space Hardware,6,10.470000267028809,-0.0103969430501389,-0.12531328041251,-0.4361873753855269,12.614500045776367,14.100000076293943,10.068900005817412,False,False,True,25.89999961853028,5.059999942779541,-0.5957528794889249,12378733.0,32479726.65,0.3811218343489353,2026-07-09
2026-07-09,PL,Planet Labs,Technology,Earth Observation,Space Economy,Satellite Data,Space Software,6,27.200000762939453,-0.0198197923265062,-0.1395128048801092,-0.1692119924102209,29.51649990081787,36.44480014801025,25.15614999294281,False,False,True,51.400001525878906,6.139999866485596,-0.4708171214889015,5392087.0,14698504.35,0.3668459641609726,2026-07-09
2026-07-09,UUUU,Energy Fuels,Energy,Nuclear Fuel,Nuclear,Nuclear Fuel,Upstream Nuclear,6,13.489999771118164,0.0266361810236379,-0.0513361801830102,-0.1130835149714013,14.634500074386596,17.299200172424317,18.42625002861023,False,False,False,27.71999931335449,6.510000228881836,-0.5133477595499373,5766220.0,9458036.0,0.6096635707455543,2026-07-09
2026-07-09,SMR,NuScale Power,Industrials,Small Modular Reactor,Nuclear,SMR,Reactor Developer,6,9.029999732971191,0.0308218603920995,-0.1103448204583537,-0.1607807118132769,10.019999980926514,11.131200008392334,18.952049961090086,False,False,False,53.43000030517578,8.760000228881836,-0.8309938296575968,17832709.0,31606150.45,0.564216418200338,2026-07-09
2026-07-09,OKLO,Oklo,Industrials,Advanced Nuclear,Nuclear,SMR,Reactor Developer,7,49.27000045776367,0.0420897150982624,-0.0606291755752028,-0.1640651237572866,54.22000026702881,61.94279983520508,82.82549978256226,False,False,False,174.13999938964844,45.58000183105469,-0.7170667242996873,7228058.0,10010702.9,0.7220330152840716,2026-07-09
2026-07-09,RGTI,Rigetti Computing,Technology,Quantum Computing,Quantum,Quantum Hardware,Quantum Hardware,4,16.989999771118164,0.0041370977841952,-0.0904711191888663,-0.2193889158021889,19.438000011444093,20.154200115203857,23.746100034713745,False,False,False,56.34000015258789,12.18000030517578,-0.6984380595473294,17296813.0,30948885.65,0.5588832242817764,2026-07-09
2026-07-09,QBTS,D-Wave Quantum,Technology,Quantum Computing,Quantum,Quantum Hardware,Quantum Hardware,4,21.15999984741211,0.0251938213730988,-0.0995744745782081,-0.1807975257486528,23.233500003814697,23.541399993896484,24.1496999502182,False,False,False,44.77999877929688,12.979999542236328,-0.5274676099992435,16464140.0,26351737.0,0.6247838614964927,2026-07-09
2026-07-09,IONQ,IonQ,Technology,Quantum Computing,Quantum,Quantum Hardware,Quantum Hardware,6,44.77000045776367,-0.0068766938930659,-0.1289883437995066,-0.2871018948779974,53.11650009155274,55.08680015563965,49.188650045394894,False,False,False,82.08999633789062,26.59000015258789,-0.4546229448776453,12981158.0,22958617.9,0.56541548173943,2026-07-09
2026-07-09,MU,Micron,Technology,Memory,AI Infrastructure,Memory,HBM,9,991.6400146484376,0.0451517995432526,-0.0392214769291761,0.0447839609142071,1049.0593658447265,889.4222937011718,460.22545745849607,False,True,True,1213.3734130859375,104.71192932128906,-0.1827412699554474,40544835.0,54828531.75,0.739484237602259,2026-07-09
2026-07-09,SNDK,Sandisk,Technology,Memory,AI Infrastructure,Memory,NAND,6,1858.27001953125,0.0758982629162829,-0.0855960248789851,0.1317113395440012,1968.710998535156,1669.9723974609376,736.1614501571655,False,True,True,2335.0,40.68999862670898,-0.2041670151900428,13159812.0,12062110.6,1.0910040901133835,2026-07-09
2026-07-09,ORCL,Oracle,Technology,Enterprise Software,AI Infrastructure,NeoCloud,AI Cloud,8,144.22000122070312,0.0265499009302876,0.0120701840049342,-0.3191389092912493,163.20900115966796,183.5736004638672,195.901605758667,False,False,False,325.75933837890625,136.00498962402344,-0.5572805312707445,31592040.0,35150612.0,0.8987621609546941,2026-07-09
2026-07-09,KEYS,Keysight Technologies,Technology,Electronic Test & Measurement,AI Infrastructure,Optical Test & Metrology,R&D Test & Standards,9,322.1700134277344,0.015540358545961,-0.0400178558746473,-0.0284378543492471,340.50800170898435,344.4793981933594,257.2201992797852,False,False,True,373.3399963378906,158.50999450683594,-0.1370600080679407,1188106.0,1620795.3,0.7330388976325388,2026-07-09
2026-07-09,FORM,FormFactor,Technology,Semiconductor Test Equipment,AI Infrastructure,Optical Test & Metrology,Wafer-Level Test & Probing,8,119.44000244140624,0.0703468622738017,-0.188200921106888,-0.0387122539927062,135.9265007019043,132.90379898071288,88.40689962387086,False,False,True,159.92999267578125,27.6200008392334,-0.2531732138352467,1557087.0,2141504.35,0.7270996204140328,2026-07-09
2026-07-09,AEHR,Aehr Test Systems,Technology,Semiconductor Test Equipment,AI Infrastructure,Optical Test & Metrology,Wafer & Package Burn-In,6,76.20999908447266,0.1225511823482623,-0.0973587728413074,-0.2026574845731857,94.1779998779297,95.38759979248049,49.112499990463256,False,False,True,116.58000183105467,13.859999656677246,-0.3462858304384434,2617099.0,1735884.95,1.5076454231601006,2026-07-09
2026-07-09,DELL,Dell Technologies,Technology,AI Server & Storage,AI Infrastructure,AI Servers,Systems & Storage,7,450.2200012207031,0.0422483041610004,0.0587184038111772,0.1233875129441,413.26099853515626,340.1411981201172,192.11120346069336,True,True,True,465.9599914550781,110.7273941040039,-0.0337797032428104,7762638.0,8160346.9,0.9512632361254152,2026-07-09
2026-07-09,CLS,Celestica,Technology,Electronics Manufacturing Services,AI Infrastructure,AI Servers,Contract Manufacturing,7,354.7799987792969,-0.0165215712602472,-0.0189148731548266,-0.0820698608556355,364.3074981689453,377.2281982421875,320.47699981689453,False,False,True,472.3999938964844,156.91000366210938,-0.2489839048197812,1250496.0,1685069.8,0.7421033834918885,2026-07-09
2026-07-09,IREN,IREN Limited,Technology,AI Data Center & Bitcoin Mining,AI Infrastructure,NeoCloud,AI Cloud & Power Infrastructure,5,41.720001220703125,-0.0298802421926884,-0.0369344064033374,-0.2951511709973696,50.25849990844726,53.85900001525879,49.20817509651184,False,False,False,76.41000366210938,15.399999618530272,-0.4539981779716695,36857428.0,40082251.4,0.919544853710488,2026-07-09
2026-07-09,APH,Amphenol,Technology,Interconnect Components,AI Infrastructure,Connectivity,Connectors & Cables,8,162.24000549316406,0.0254076870272133,-0.0579491096086424,0.1315095479915329,161.88930435180663,146.92016418457033,139.2062911224365,True,True,True,176.32000732421875,97.64442443847656,-0.0798548165051074,4302496.0,9017509.8,0.4771268449300714,2026-07-09
2026-07-09,GLW,Corning,Technology,Optical Fiber & Materials,AI Infrastructure,Optical,Optical Fiber & Materials,7,192.3800048828125,0.0453730704716768,-0.128042421133993,0.025807890423112,200.17300033569336,189.936064453125,129.1096909713745,False,True,True,255.69000244140625,51.04203796386719,-0.2476045091872601,8998331.0,17323396.55,0.5194322587968466,2026-07-09
2026-07-09,CIEN,Ciena,Technology,Optical Networking Equipment,AI Infrastructure,Optical,Connectivity,7,462.3399963378906,0.0484613353698224,-0.0002162574668879,-0.0092785415073906,452.140998840332,511.16260009765625,331.58409965515136,True,False,True,627.0,77.75,-0.2626156358247358,1789292.0,3256714.6,0.5494162736888274,2026-07-09
2026-07-09,STX,Seagate Technology,Technology,Storage Hardware,AI Infrastructure,Storage,HDD Storage,6,890.0900268554688,0.0349643108780284,-0.0274259722232318,0.0159159693662696,948.0612060546875,861.6510998535156,468.8445068359375,False,True,True,1093.260498046875,143.31666564941406,-0.1858390306375956,4531050.0,5087307.5,0.8906577791886966,2026-07-09
2026-07-09,STRL,Sterling Infrastructure,Industrials,Infrastructure Construction,AI Infrastructure,Data Center Construction,Construction & Site Infrastructure,6,707.1699829101562,0.0703021162771879,-0.0893439005517175,-0.207084077629745,808.0519958496094,792.3144000244141,480.50664962768553,False,False,True,993.739990234375,236.2899932861328,-0.2883752391373831,734121.0,905706.05,0.8105510612411168,2026-07-09
2026-07-09,EQIX,Equinix,Real Estate,Data Center REIT,AI Infrastructure,Data Centers,Colocation & Interconnection,8,1034.8699951171875,0.0186029360700319,0.0209644641013058,-0.0262246601927919,1059.936004638672,1066.6185864257814,905.0012112426758,False,False,True,1115.93994140625,718.5999145507812,-0.0726472306268581,321487.0,689819.35,0.4660452044437431,2026-07-09
2026-07-09,NET,Cloudflare,Technology,Edge Cloud & Security,Software,Edge Cloud & Security,SaaS & Edge Network,8,275.79998779296875,0.0087783246161778,0.119727134613607,0.1130392480155229,238.36149826049805,230.12359924316405,209.12714988708493,True,True,True,275.79998779296875,160.19000244140625,0.0,3004955.0,3416812.75,0.8794614220518815,2026-07-09
2026-07-09,NOW,ServiceNow,Technology,Enterprise Software,Software,Workflow Automation,SaaS,9,108.83999633789062,0.0098348262256369,0.0287333950703729,-0.0468517907796774,101.2275005340576,101.4840005493164,131.22927989959717,True,True,False,199.23599243164065,83.0,-0.4537131819932865,14111928.0,23406401.4,0.6029089119184293,2026-07-09
2026-07-09,SNOW,Snowflake,Technology,Data Cloud Software,Software,Data Cloud,SaaS,8,267.489990234375,0.0236500429892487,0.0241203251812138,0.1124557855243111,244.95349807739257,207.7493994140625,207.34115036010743,True,True,True,280.1600036621094,121.11000061035156,-0.0452242049618731,3699552.0,6857332.6,0.5395030715004258,2026-07-09
2026-07-09,APP,AppLovin,Technology,AdTech Software,Software,AdTech & AI Applications,Application Software,8,520.4299926757812,-0.0033513348357767,-0.078248691702241,-0.0767443268077505,499.8999938964844,505.9981994628906,538.07822555542,True,True,False,733.5999755859375,335.1000061035156,-0.2905806843026325,4686419.0,5695995.95,0.8227567296637561,2026-07-09
2026-07-09,CRWD,CrowdStrike,Technology,Cybersecurity Software,Software,Cybersecurity,SaaS,8,198.3999938964844,0.0380912461557623,0.0269948308812588,0.2046327388923914,179.50249938964845,161.75154998779297,127.18686256408692,True,True,True,199.3800048828125,87.5625,-0.0049152922175126,5810156.0,11348732.8,0.5119651772927458,2026-07-09
2026-07-09,FLNC,Fluence Energy,Industrials,Energy Storage,AI Infrastructure,Energy Storage,Grid Storage,6,16.739999771118164,0.0912646417603908,-0.0882353368942714,-0.3045284593535839,20.56099996566773,20.20319997787476,18.81075001716614,False,False,False,32.22999954223633,6.75,-0.4806081287968695,9890442.0,10320142.1,0.9583629667269796,2026-07-09
2026-07-09,BE,Bloom Energy,Industrials,Fuel Cells & Distributed Power,AI Infrastructure,Power,On-site Power Generation,6,257.0199890136719,0.0107357575980868,-0.1121934749095963,0.0136056378507019,284.0930015563965,282.1724008178711,168.64110061645508,False,False,True,345.8500061035156,24.309999465942383,-0.2568454981124281,10006408.0,15035765.4,0.6655070582572404,2026-07-09
2026-07-09,KLAC,KLA,Technology,Semicap Equipment,AI Infrastructure,Equipment,Process Control & Metrology,9,229.5200042724609,0.0377068987831326,-0.1377587356122328,0.0887735858480063,247.25989990234376,211.82633514404296,154.17896751403808,False,True,True,301.7099914550781,84.03205871582031,-0.2392694614933413,12966254.0,16455892.7,0.7879398727484411,2026-07-09
2026-07-09,RMBS,Rambus,Technology,Semiconductor IP,AI Infrastructure,Memory Interface,Memory & IP,7,114.12999725341795,0.0409521879675736,-0.0783332345490129,-0.249292914754927,127.20150032043458,132.5802003479004,109.24549995422365,False,False,True,170.66000366210938,62.84999847412109,-0.3312434383900252,2685161.0,3820388.05,0.702850329562726,2026-07-09
2026-07-09,LITE,Lumentum,Technology,Optical Components,AI Infrastructure,Optical,Connectivity,6,785.77001953125,0.1112573139040524,-0.0192095887577559,-0.1224369018244698,831.1144958496094,887.3052001953125,554.1675,False,False,True,1053.0899658203125,92.23999786376952,-0.2538434084127196,5450329.0,5229971.45,1.0421336047637506,2026-07-09
2026-07-10,NVDA,NVIDIA,Technology,Semiconductor,AI Infrastructure,GPU,Compute,10,210.9600067138672,0.0403393233248479,0.0827901490079516,0.0133051743118191,201.9514991760253,209.0737417602539,191.46842208862304,True,True,True,235.465576171875,163.85177612304688,-0.1040728324556464,147203662.0,146772808.1,1.0029355158191595,2026-07-10
2026-07-10,AVGO,Broadcom,Technology,Semiconductor,AI Infrastructure,Networking,Connectivity,9,399.9700012207031,-0.0028420736767752,0.1096406926766111,0.0215295518867391,382.57791900634766,405.9760382080078,361.2549255371094,True,False,True,480.8090515136719,272.3842163085937,-0.1681312987733345,13913232.0,29251616.6,0.4756397634447321,2026-07-10
2026-07-10,ANET,Arista,Technology,Networking Equipment,AI Infrastructure,Networking,Connectivity,8,186.9600067138672,0.0122908887457571,0.168573037656752,0.2287066391575254,168.2960006713867,160.34619964599608,143.9481996536255,True,True,True,186.9600067138672,107.37000274658205,0.0,4863206.0,8482450.3,0.5733256108792054,2026-07-10
2026-07-10,CRDO,Credo,Technology,Semiconductor,AI Infrastructure,Optical,Connectivity,7,257.7900085449219,-0.0295877490387795,0.0656442670514489,0.100162173468306,259.8787483215332,224.8991998291016,161.01495018005372,False,True,True,302.5199890136719,87.80999755859375,-0.1478579336677435,3928888.0,9742794.4,0.4032608960731019,2026-07-10
2026-07-10,TSM,TSMC,Technology,Semiconductor Foundry,AI Infrastructure,Foundry,Manufacturing,9,434.1099853515625,-0.0065223502362884,-0.0001152070898401,0.0168409877190616,441.1100006103516,423.3733288574219,346.87200912475583,False,True,True,477.5700073242188,224.84336853027344,-0.0910024107589142,9558426.0,14341586.3,0.6664831769690637,2026-07-10
2026-07-10,ASML,ASML,Technology,Semicap Equipment,AI Infrastructure,Equipment,Manufacturing Equipment,10,1797.3199462890625,-0.003840960903942,0.0158252892919263,0.010996881791812,1839.542498779297,1683.27759765625,1333.7880447387697,False,True,True,1989.43994140625,686.00341796875,-0.096569889403842,1190438.0,2168161.9,0.5490540166765222,2026-07-10
2026-07-10,VRT,Vertiv,Industrials,Electrical Equipment,AI Infrastructure,Power,Power Infrastructure,7,318.8599853515625,-0.0156212270511675,0.0609922025978071,0.1015692326572283,316.1697525024414,324.6940582275391,236.7637152099609,True,False,True,376.1517333984375,121.68595886230467,-0.1523102061214986,1942509.0,6751945.45,0.2876961928061785,2026-07-10
2026-07-10,ETN,Eaton,Industrials,Electrical Equipment,AI Infrastructure,Power,Power Infrastructure,8,407.2799987792969,0.0035729548210037,0.0219813560351285,0.0138404797911446,408.31949920654296,405.4028820800781,370.6051469421387,False,True,True,435.7799987792969,313.9706115722656,-0.0653999726463673,1401516.0,2408590.8,0.581882152833931,2026-07-10
2026-07-10,GEV,GE Vernova,Industrials,Power Equipment,AI Infrastructure,Power,Grid Infrastructure,7,1091.5699462890625,0.0151683652096319,-0.0193512225619796,0.1869017594127544,1065.4323150634766,1038.3845068359376,805.5163250732422,True,True,True,1174.8599853515625,537.7044067382812,-0.0708935874069933,1110639.0,3155671.95,0.3519500815032437,2026-07-10
2026-07-10,CEG,Constellation Energy,Utilities,Power Generation,AI Infrastructure,Energy,Power Supply,6,251.3800048828125,0.0025524422733806,0.0507001249020375,-0.0010728751051864,256.7090019226074,273.078256225586,314.0618743133545,False,False,False,402.3219604492188,236.5,-0.3751770233915884,1984037.0,3919246.85,0.5062291496132733,2026-07-10
2026-07-10,NBIS,Nebius,Technology,AI Cloud Infrastructure,AI Infrastructure,NeoCloud,AI Cloud,7,219.6499938964844,0.0159574329183183,0.0186902832323441,-0.002135204575363,245.2740005493164,221.48480010986327,135.82107551574708,False,False,True,286.69000244140625,44.29999923706055,-0.233841459325473,10889214.0,17886975.7,0.6087789340486441,2026-07-10
2026-07-10,CRWV,CoreWeave,Technology,AI Cloud Infrastructure,AI Infrastructure,NeoCloud,AI Cloud,8,88.87999725341797,-0.0091415799634571,0.0872835557783899,-0.0972067038240278,98.37349967956544,106.12369934082032,99.260574798584,False,False,False,148.75,64.55000305175781,-0.4024874134224002,12427764.0,30172708.2,0.4118875878698883,2026-07-10
2026-07-10,MRVL,Marvell,Technology,Semiconductor,AI Infrastructure,Networking,Connectivity,8,235.8099975585937,-0.0306655427420144,-0.0386481144238141,-0.1164193898222598,272.172501373291,231.46960021972657,126.7083330154419,False,True,True,316.42999267578125,62.19287109375,-0.2547798785932151,14936032.0,49631636.6,0.3009377289001185,2026-07-10
2026-07-10,COHR,Coherent,Technology,Optical Components,AI Infrastructure,Optical,Connectivity,7,324.5,-0.0083730299356523,-0.0265778309961789,-0.0883294999880823,370.3504989624024,368.39840026855467,242.18935012817383,False,False,True,426.8900146484375,86.55000305175781,-0.2398510415680725,3336403.0,5546900.15,0.601489644626107,2026-07-10
2026-07-10,NOK,Nokia,Technology,Telecom Infrastructure,AI Infrastructure,AI-RAN,Telecom Edge,5,12.4399995803833,-0.0356589187402922,0.030654506620886,-0.1018051091877876,13.343999910354617,13.925799980163577,8.787999992370606,False,False,True,16.850000381469727,4.050000190734863,-0.261721109866335,50035214.0,91092185.7,0.5492810784536922,2026-07-10
2026-07-10,TEAM,Atlassian,Technology,Enterprise Software,Software,Developer Tools,SaaS,8,88.86000061035156,-0.0203946476991836,0.059876007773538,-0.0705993092449492,84.17999954223633,88.16909973144531,113.57072486877442,True,True,False,203.0,57.150001525878906,-0.5622660068455588,2457106.0,4342630.3,0.5658105411367853,2026-07-10
2026-07-10,DDOG,Datadog,Technology,Observability Software,Software,Cloud Software,SaaS,9,257.5400085449219,-0.0426021987177624,-0.0108310683872286,0.1328407349938793,241.8424995422364,220.85779998779296,159.16845031738282,True,True,True,277.489990234375,102.61499786376952,-0.0718944192278895,4679560.0,4850933.0,0.9646721568819854,2026-07-10
2026-07-10,RDW,Redwire,Industrials,Space Infrastructure,Space Economy,Space Infrastructure,Space Hardware,6,10.18000030517578,-0.027698180941434,-0.0999115890819051,-0.3536507742745536,12.3800000667572,14.1228000831604,10.079250009059908,False,False,True,25.89999961853028,5.059999942779541,-0.6069497893778943,10742090.0,31457514.5,0.3414792990081908,2026-07-10
2026-07-10,PL,Planet Labs,Technology,Earth Observation,Space Economy,Satellite Data,Space Software,6,26.049999237060547,-0.0422794666772879,-0.1698534119264726,-0.1642605334199972,29.28299989700317,36.26520015716553,25.230849990844728,False,False,True,51.400001525878906,6.139999866485596,-0.4931906913671028,6413372.0,14537343.6,0.4411653309205679,2026-07-10
2026-07-10,UUUU,Energy Fuels,Energy,Nuclear Fuel,Nuclear,Nuclear Fuel,Upstream Nuclear,6,13.579999923706056,0.0066716200233434,-0.0166546335207879,-0.0549756414853507,14.629000091552737,17.15900016784668,18.41630002975464,False,False,False,27.71999931335449,6.599999904632568,-0.5101010007181457,6509516.0,9432285.8,0.6901313359270771,2026-07-10
2026-07-10,SMR,NuScale Power,Industrials,Small Modular Reactor,Nuclear,SMR,Reactor Developer,6,9.039999961853027,0.001107445091645,-0.0737705174327948,-0.0960000038146973,10.007499980926514,11.07560001373291,18.77224996089935,False,False,False,53.43000030517578,8.760000228881836,-0.8308066646037934,23696496.0,31543274.8,0.7512376616013249,2026-07-10
2026-07-10,OKLO,Oklo,Industrials,Advanced Nuclear,Nuclear,SMR,Reactor Developer,7,48.84999847412109,-0.0085244972547264,-0.067035945288674,-0.1350920879949625,53.96150016784668,61.537999877929686,82.36824975967407,False,False,False,174.13999938964844,45.58000183105469,-0.7194785882316654,6561011.0,9926190.55,0.6609797552193877,2026-07-10
2026-07-10,RGTI,Rigetti Computing,Technology,Quantum Computing,Quantum,Quantum Hardware,Quantum Hardware,4,16.540000915527344,-0.0264861013333141,-0.0780378805381019,-0.1599796614063949,19.292750072479247,20.15720014572144,23.68695003509521,False,False,False,56.34000015258789,12.18000030517578,-0.7064252596604297,17670024.0,30202911.2,0.5850437357839863,2026-07-10
2026-07-10,QBTS,D-Wave Quantum,Technology,Quantum Computing,Quantum,Quantum Hardware,Quantum Hardware,4,20.09000015258789,-0.0505670936928235,-0.1083000647888976,-0.1458333434701775,23.07550001144409,23.58099998474121,24.12179995059967,False,False,False,44.77999877929688,12.979999542236328,-0.5513621996373056,12871400.0,25955545.0,0.4959017427682601,2026-07-10
2026-07-10,IONQ,IonQ,Technology,Quantum Computing,Quantum,Quantum Hardware,Quantum Hardware,6,42.86000061035156,-0.0426624933634748,-0.1274429653431794,-0.2439583410016443,52.42800006866455,55.08240013122558,49.04325003623963,False,False,False,82.08999633789062,26.59000015258789,-0.4778900898723942,14434112.0,22503565.6,0.6414144432293876,2026-07-10
2026-07-10,MU,Micron,Technology,Memory,AI Infrastructure,Memory,HBM,9,979.2999877929688,-0.0124440590064768,0.0039880816841526,0.0465445641011725,1053.437222290039,898.9240441894531,464.3001767730713,False,True,True,1213.3734130859375,104.71192932128906,-0.1929112858156803,31054394.0,53623914.7,0.5791146389392566,2026-07-10
2026-07-10,SNDK,Sandisk,Technology,Memory,AI Infrastructure,Memory,NAND,6,1915.9200439453125,0.0310234916390701,0.0979484492523281,0.1636036770998845,1982.3455017089843,1688.243798828125,745.2264503860474,False,True,True,2335.0,40.68999862670898,-0.1794774972396948,10318150.0,12069892.5,0.8548667686974014,2026-07-10
2026-07-10,ORCL,Oracle,Technology,Enterprise Software,AI Infrastructure,NeoCloud,AI Cloud,8,140.63999938964844,-0.0248231992841001,0.0026377351245303,-0.3166512751665113,160.1780014038086,183.0672003173828,194.9769026947021,False,False,False,325.75933837890625,136.00498962402344,-0.5682702448699619,26601250.0,34356752.5,0.7742655537655952,2026-07-10
2026-07-10,KEYS,Keysight Technologies,Technology,Electronic Test & Measurement,AI Infrastructure,Optical Test & Metrology,R&D Test & Standards,9,322.04998779296875,-0.0003725537131423,0.0260944460066561,-0.0283016175062599,340.41050109863284,344.2743981933594,257.94134918212893,False,False,True,373.3399963378906,158.50999450683594,-0.137381499566154,916016.0,1623750.8,0.5641358267537112,2026-07-10
2026-07-10,FORM,FormFactor,Technology,Semiconductor Test Equipment,AI Infrastructure,Optical Test & Metrology,Wafer-Level Test & Probing,8,117.5199966430664,-0.0160750649622746,-0.0491140049735826,-0.0257005971889141,136.01200065612792,132.57059906005858,88.80599960327149,False,False,True,159.92999267578125,27.6200008392334,-0.2651785029384118,960325.0,2112031.25,0.4546926093067988,2026-07-10
2026-07-10,AEHR,Aehr Test Systems,Technology,Semiconductor Test Equipment,AI Infrastructure,Optical Test & Metrology,Wafer & Package Burn-In,6,72.5999984741211,-0.0473691202430033,0.0377358408261383,-0.2301982785121425,93.14199981689453,95.19099975585938,49.31284998893738,False,False,True,116.58000183105467,13.859999656677246,-0.3772516955409599,1321240.0,1697607.0,0.7782955654636202,2026-07-10
2026-07-10,DELL,Dell Technologies,Technology,AI Server & Storage,AI Infrastructure,AI Servers,Systems & Storage,7,434.9700012207031,-0.0338723289917194,0.1030888444447126,0.1393210818049031,416.51799926757815,344.7219982910156,193.6150339126587,True,True,True,465.9599914550781,110.7273941040039,-0.0665078350130466,5041286.0,7956619.3,0.6335964823653182,2026-07-10
2026-07-10,CLS,Celestica,Technology,Electronics Manufacturing Services,AI Infrastructure,AI Servers,Contract Manufacturing,7,359.8500061035156,0.0142905669475823,0.0703132424653003,-0.0322970465259725,364.1539978027344,377.19439819335935,321.00229988098147,False,False,True,472.3999938964844,156.91000366210938,-0.2382514590328963,760116.0,1671365.8,0.454787336201327,2026-07-10
2026-07-10,IREN,IREN Limited,Technology,AI Data Center & Bitcoin Mining,AI Infrastructure,NeoCloud,AI Cloud & Power Infrastructure,5,41.13999938964844,-0.0139022486597355,0.0597630013668841,-0.2384302287850895,49.7394998550415,53.793000030517575,49.20437508583069,False,False,False,76.41000366210938,15.399999618530272,-0.461588831070176,29459953.0,39614772.65,0.7436607868554813,2026-07-10
2026-07-10,APH,Amphenol,Technology,Interconnect Components,AI Infrastructure,Connectivity,Connectors & Cables,8,159.05999755859375,-0.0196006399587079,-0.0335986323734051,0.0339453132051605,162.39254302978514,147.2312939453125,139.3864761734009,False,True,True,176.32000732421875,98.09137725830078,-0.0978902509565301,5930598.0,8801624.9,0.6738071739458017,2026-07-10
2026-07-10,GLW,Corning,Technology,Optical Fiber & Materials,AI Infrastructure,Optical,Optical Fiber & Materials,7,190.88999938964844,-0.007745116204107,-0.0299811682391074,0.0974473767410231,201.3090003967285,190.6975485229492,129.67102394104003,False,True,True,255.69000244140625,51.04203796386719,-0.253431899695051,4826139.0,17081986.95,0.2825279643478477,2026-07-10
2026-07-10,CIEN,Ciena,Technology,Optical Networking Equipment,AI Infrastructure,Optical,Connectivity,7,460.7200012207031,-0.0035039043345139,0.0905648121466984,0.0486639164679407,453.44449920654296,510.9032000732422,333.1911496734619,True,False,True,627.0,77.75,-0.2651993600945723,1282829.0,3140166.45,0.4085226119144098,2026-07-10
2026-07-10,STX,Seagate Technology,Technology,Storage Hardware,AI Infrastructure,Storage,HDD Storage,6,910.3400268554688,0.0227505076891376,0.1099542243754996,0.0768065356585503,952.807778930664,868.2855505371094,472.2589472961426,False,True,True,1093.260498046875,145.38954162597656,-0.1673164552439205,3969817.0,5114320.85,0.7762158684275744,2026-07-10
2026-07-10,STRL,Sterling Infrastructure,Industrials,Infrastructure Construction,AI Infrastructure,Data Center Construction,Construction & Site Infrastructure,6,682.2899780273438,-0.0351824956998683,-0.0263432350662237,-0.1896889940568992,803.6539947509766,796.5231994628906,482.0811494445801,False,False,True,993.739990234375,238.3999938964844,-0.313411974226352,399489.0,887669.45,0.4500425242752243,2026-07-10
2026-07-10,EQIX,Equinix,Real Estate,Data Center REIT,AI Infrastructure,Data Centers,Colocation & Interconnection,8,1051.2099609375,0.0157893898725531,0.0490907770777486,-0.0081427433962946,1060.5800048828123,1066.2207373046874,906.3318444824218,False,False,True,1115.93994140625,718.5999145507812,-0.0580048962018338,328777.0,681323.85,0.4825561295116852,2026-07-10
2026-07-10,NET,Cloudflare,Technology,Edge Cloud & Security,Software,Edge Cloud & Security,SaaS & Edge Network,8,268.3999938964844,-0.0268310160406505,0.1072150069788453,0.1366619588632411,240.797998046875,231.32159912109373,209.32774986267088,True,True,True,275.79998779296875,160.19000244140625,-0.0268310160406505,2023301.0,3240720.05,0.6243368661233173,2026-07-10
2026-07-10,NOW,ServiceNow,Technology,Enterprise Software,Software,Workflow Automation,SaaS,9,107.70999908447266,-0.0103821875361878,0.0130737339506981,0.0069178073789375,101.31000061035157,101.82840057373046,130.82004989624022,True,True,False,199.23599243164065,83.0,-0.4593848341863794,9675294.0,22894004.7,0.4226125628427079,2026-07-10
2026-07-10,SNOW,Snowflake,Technology,Data Cloud Software,Software,Data Cloud,SaaS,8,261.45001220703125,-0.022580202055604,0.0049971875496723,0.0909205049318244,246.03099899292,210.12719970703125,207.5007004547119,True,True,True,280.1600036621094,121.11000061035156,-0.0667832353316341,3727496.0,6735859.8,0.5533808764843948,2026-07-10
2026-07-10,APP,AppLovin,Technology,AdTech Software,Software,AdTech & AI Applications,Application Software,8,506.9800109863281,-0.0258439787843515,-0.0380981039450509,-0.0266108884772535,500.5999938964844,507.1571997070312,537.3956256103515,True,False,False,733.5999755859375,335.1000061035156,-0.3089149020467245,3459856.0,5627877.8,0.6147709888086056,2026-07-10
2026-07-10,CRWD,CrowdStrike,Technology,Cybersecurity Software,Software,Cybersecurity,SaaS,8,187.17999267578125,-0.0565524272473374,-0.0350551768302386,0.1609321619494303,180.7647491455078,163.2201998901367,127.50633750915529,True,True,True,199.3800048828125,87.5625,-0.0611897477593198,7089810.0,11221410.5,0.6318109474740274,2026-07-10
2026-07-10,FLNC,Fluence Energy,Industrials,Energy Storage,AI Infrastructure,Energy Storage,Grid Storage,6,16.15999984741211,-0.0346475466927269,-0.0494117736816406,-0.3111679250615213,20.28799991607666,20.279399967193605,18.83855001449585,False,False,False,32.22999954223633,6.75,-0.4986037829062029,8217100.0,9833430.0,0.8356290734769048,2026-07-10
2026-07-10,BE,Bloom Energy,Industrials,Fuel Cells & Distributed Power,AI Infrastructure,Power,On-site Power Generation,6,244.6100006103516,-0.0482841371635891,-0.097013594510644,-0.0577789206408915,284.6120018005371,282.5372009277344,169.43280063629152,False,False,True,345.8500061035156,24.309999465942383,-0.2927280720153064,14713773.0,15021283.65,0.9795283374467134,2026-07-10
2026-07-10,KLAC,KLA,Technology,Semicap Equipment,AI Infrastructure,Equipment,Process Control & Metrology,9,231.5200042724609,0.0087138374118616,-0.0171088886736773,0.0821877847377872,248.1577003479004,212.84340698242187,154.80321418762207,False,True,True,301.7099914550781,84.03205871582031,-0.2326405792665564,7096834.0,16014241.7,0.4431576675903424,2026-07-10
2026-07-10,RMBS,Rambus,Technology,Semiconductor IP,AI Infrastructure,Memory Interface,Memory & IP,7,112.0999984741211,-0.017786724157974,-0.0072617756652579,-0.2365840283993878,125.90050048828124,132.5968003845215,109.2712999343872,False,False,True,170.66000366210938,62.84999847412109,-0.343138426880217,1855726.0,3792926.3,0.4892597043079904,2026-07-10
2026-07-10,LITE,Lumentum,Technology,Optical Components,AI Infrastructure,Optical,Connectivity,6,802.010009765625,0.0206676124447493,0.1011780559374395,-0.0240337808670355,828.5519958496094,887.5180004882812,557.3540000152587,False,False,True,1053.0899658203125,92.23999786376952,-0.2384221331546985,3552497.0,5119104.85,0.6939683995728277,2026-07-10
2026-07-13,NVDA,NVIDIA,Technology,Semiconductor,AI Infrastructure,GPU,Compute,10,203.52999877929688,-0.0352199834002087,0.0408079550140785,0.0155174166189242,201.88449935913087,208.9642135620117,191.59505859375,True,False,True,235.465576171875,163.85177612304688,-0.1356273724243546,113202886.0,144561659.3,0.7830768306628035,2026-07-13
2026-07-13,AVGO,Broadcom,Technology,Semiconductor,AI Infrastructure,Networking,Connectivity,9,384.0499877929688,-0.0398030186742673,0.0271462799202248,0.0337484739651179,382.5323822021484,405.5608514404297,361.489919128418,True,False,True,480.8090515136719,273.5953369140625,-0.2012421842227979,19865507.0,28519645.35,0.696555190508356,2026-07-13
2026-07-13,ANET,Arista,Technology,Networking Equipment,AI Infrastructure,Networking,Connectivity,8,181.1499938964844,-0.031076233465667,0.045417793009171,0.1936610467413042,169.53350067138672,160.59559967041017,144.13349964141847,True,True,True,186.9600067138672,107.37000274658205,-0.031076233465667,9112359.0,8708197.95,1.0464115598107184,2026-07-13
2026-07-13,CRDO,Credo,Technology,Semiconductor,AI Infrastructure,Optical,Connectivity,7,236.8800048828125,-0.0811125449746267,-0.1079645423765121,-0.0033658188220327,258.48474807739257,226.1213998413086,161.3880502319336,False,True,True,302.5199890136719,87.80999755859375,-0.21697734534789,6712455.0,9430562.75,0.7117767176725482,2026-07-13
2026-07-13,TSM,TSMC,Technology,Semiconductor Foundry,AI Infrastructure,Foundry,Manufacturing,9,421.5799865722656,-0.0288636502317483,-0.0668673972449137,0.0338036824645333,441.13549957275393,423.9467315673828,347.57740814208984,False,False,True,477.5700073242188,224.8433532714844,-0.1172393992362713,14192963.0,14361743.15,0.9882479342349192,2026-07-13
2026-07-13,ASML,ASML,Technology,Semicap Equipment,AI Infrastructure,Equipment,Manufacturing Equipment,10,1726.0400390625,-0.0396589974832998,-0.0542608832214465,-0.0046995442362797,1830.8705017089844,1689.9167993164062,1337.6260229492189,False,True,True,1989.43994140625,686.00341796875,-0.1323990218863123,1402868.0,2091423.4,0.6707718771818275,2026-07-13
2026-07-13,VRT,Vertiv,Industrials,Electrical Equipment,AI Infrastructure,Power,Power Infrastructure,7,305.8699951171875,-0.0407388535129384,-0.039564185182967,0.0888092192727663,316.57234954833984,324.68913208007814,237.5805986022949,False,False,True,376.1517333984375,121.68596649169922,-0.1868441164587277,3691757.0,6719027.85,0.5494480871961261,2026-07-13
2026-07-13,ETN,Eaton,Industrials,Electrical Equipment,AI Infrastructure,Power,Power Infrastructure,8,402.8500061035156,-0.0108770199593862,-0.0255672366622531,0.0729505547110058,408.7799987792969,405.2671228027344,370.7926298522949,False,False,True,435.7799987792969,313.9706420898437,-0.0755656357979357,1338097.0,2343629.85,0.5709506558810897,2026-07-13
2026-07-13,GEV,GE Vernova,Industrials,Power Equipment,AI Infrastructure,Power,Grid Infrastructure,7,1042.5999755859375,-0.0448619631473043,-0.0949967533816116,0.2030269703506153,1072.2459686279296,1037.985166015625,807.5694515991211,False,True,True,1174.8599853515625,546.9464721679688,-0.112575125048665,2153456.0,3081692.8,0.6987899637497936,2026-07-13
2026-07-13,CEG,Constellation Energy,Utilities,Power Generation,AI Infrastructure,Energy,Power Supply,6,257.57000732421875,0.0246240843391338,0.047586173341138,0.063021065126438,257.252001953125,272.2988708496094,313.6732582092285,True,False,False,402.3219299316406,236.5,-0.3597912811564037,2738274.0,3801898.7,0.7202385481759417,2026-07-13
2026-07-13,NBIS,Nebius,Technology,AI Cloud Infrastructure,AI Infrastructure,NeoCloud,AI Cloud,7,210.509994506836,-0.0416116532830677,-0.0117829767875443,-0.0055742260898548,244.6875,222.8711999511719,136.33462547302247,False,False,True,286.69000244140625,50.400001525878906,-0.2657225828798826,10418641.0,17723117.05,0.5878560171219994,2026-07-13
2026-07-13,CRWV,CoreWeave,Technology,AI Cloud Infrastructure,AI Infrastructure,NeoCloud,AI Cloud,8,83.30999755859375,-0.0626687653797156,-0.036433050650409,-0.1286476620984992,97.75199966430664,105.50609924316406,99.0226747894287,False,False,False,148.75,64.55000305175781,-0.4399327895220588,17824972.0,29944093.6,0.5952750561800274,2026-07-13
2026-07-13,MRVL,Marvell,Technology,Semiconductor,AI Infrastructure,Networking,Connectivity,8,217.52999877929688,-0.0775200329441277,-0.1271165487906354,-0.1385895355522517,268.952742767334,232.633646850586,127.39271556854249,False,False,True,316.3519592285156,62.17753219604492,-0.3123797958773983,25200253.0,48037422.65,0.5245962753582493,2026-07-13
2026-07-13,COHR,Coherent,Technology,Optical Components,AI Infrastructure,Optical,Connectivity,7,307.3900146484375,-0.0527272275857088,-0.0843312377991054,-0.1335512468147593,367.5410003662109,368.4476007080078,243.1798501968384,False,False,True,426.8900146484375,86.55000305175781,-0.2799315886983523,3205723.0,5417401.15,0.5917455457401377,2026-07-13
2026-07-13,NOK,Nokia,Technology,Telecom Infrastructure,AI Infrastructure,AI-RAN,Telecom Edge,5,11.6899995803833,-0.0602893911011603,-0.0655476125895985,-0.1276119467781393,13.223999881744383,13.9103999710083,8.82219999074936,False,False,True,16.850000381469727,4.050000190734863,-0.3062314946153341,95853408.0,91153785.4,1.0515570755441166,2026-07-13
2026-07-13,TEAM,Atlassian,Technology,Enterprise Software,Software,Developer Tools,SaaS,8,96.16000366210938,0.0821517330814356,0.124678405404788,0.0504697695037752,84.52799987792969,88.6824998474121,113.22312492370604,True,True,False,203.0,57.150001525878906,-0.5263054006792642,5406116.0,4277810.8,1.2637576210710395,2026-07-13
2026-07-13,DDOG,Datadog,Technology,Observability Software,Software,Cloud Software,SaaS,9,260.239990234375,0.0104837368947363,0.019070349729038,0.1432587297458902,243.1424987792969,223.38299987792968,159.78220024108887,True,True,True,277.489990234375,102.61499786376952,-0.0621644045085382,3995404.0,4821430.2,0.8286761052768118,2026-07-13
2026-07-13,RDW,Redwire,Industrials,Space Infrastructure,Space Economy,Space Infrastructure,Space Hardware,6,9.59000015258789,-0.0579567912476307,-0.1558098202097193,-0.3550773216951288,12.0050000667572,14.142600078582763,10.081100008487702,False,False,False,25.89999961853028,5.059999942779541,-0.629729718384757,17231730.0,28762026.5,0.5991139045783161,2026-07-13
2026-07-13,PL,Planet Labs,Technology,Earth Observation,Space Economy,Satellite Data,Space Software,6,25.959999084472656,-0.0034549003924672,-0.1587816406016294,-0.1549479275806033,28.87249994277954,36.102800102233886,25.30039998531341,False,False,True,51.400001525878906,6.179999828338623,-0.4949416670464046,5748224.0,14042011.2,0.4093590240121729,2026-07-13
2026-07-13,UUUU,Energy Fuels,Energy,Nuclear Fuel,Nuclear,Nuclear Fuel,Upstream Nuclear,6,13.050000190734863,-0.0390279628828268,-0.0522875993531913,-0.0467494090040372,14.527500104904174,17.028400173187254,18.398200030326844,False,False,False,27.71999931335449,7.010000228881836,-0.5292207606784519,7445764.0,9264533.2,0.8036847447424551,2026-07-13
2026-07-13,SMR,NuScale Power,Industrials,Small Modular Reactor,Nuclear,SMR,Reactor Developer,6,8.350000381469727,-0.0763273875326282,-0.1311133527806157,-0.1011840241381232,9.946500015258788,11.01620002746582,18.60579996585846,False,False,False,53.43000030517578,8.350000381469727,-0.8437207498825177,38662329.0,31735141.45,1.218281287982096,2026-07-13
2026-07-13,OKLO,Oklo,Industrials,Advanced Nuclear,Nuclear,SMR,Reactor Developer,7,45.810001373291016,-0.0622312629639191,-0.1163194205545513,-0.1519807296353461,53.35900020599365,61.15459983825684,81.88404979705811,False,False,False,174.13999938964844,45.58000183105469,-0.7369357899744305,8659172.0,9827678.6,0.8811004462437345,2026-07-13
2026-07-13,RGTI,Rigetti Computing,Technology,Quantum Computing,Quantum,Quantum Hardware,Quantum Hardware,4,15.359999656677246,-0.0713422728859912,-0.1447661225129596,-0.2100797172670719,19.02925009727478,20.14280014038086,23.60645003795624,False,False,False,56.34000015258789,12.720000267028809,-0.7273695488981693,26236233.0,29181161.65,0.8990811714310215,2026-07-13
2026-07-13,QBTS,D-Wave Quantum,Technology,Quantum Computing,Quantum,Quantum Hardware,Quantum Hardware,4,18.65999984741211,-0.0711797060385575,-0.1728723276087791,-0.1974193614016297,22.817500019073485,23.58879997253418,24.07749994754792,False,False,False,44.77999877929688,12.979999542236328,-0.5832961063849071,16919850.0,25625612.5,0.6602710471798479,2026-07-13
2026-07-13,IONQ,IonQ,Technology,Quantum Computing,Quantum,Quantum Hardware,Quantum Hardware,6,38.880001068115234,-0.0928604639654409,-0.2044198502581028,-0.3134381010985695,51.472500038146975,55.01780014038086,48.86195004463196,False,False,False,82.08999633789062,26.59000015258789,-0.5263734583677984,23643818.0,22428555.9,1.0541836980239998,2026-07-13
2026-07-13,MU,Micron,Technology,Memory,AI Infrastructure,Memory,HBM,9,937.0,-0.0431941063210871,-0.0484894643310485,0.0507513356145983,1050.501379394531,907.2964379882812,468.1544598388672,False,True,True,1213.3734130859375,104.71192169189452,-0.2277727615467072,35042195.0,52440764.75,0.6682243321022506,2026-07-13
2026-07-13,SNDK,Sandisk,Technology,Memory,AI Infrastructure,Memory,NAND,6,1673.969970703125,-0.1262840137858558,-0.0403914635946121,0.0187070529382662,1971.9684997558595,1700.4389990234374,753.0643002319335,False,False,True,2335.0,40.68999862670898,-0.2830963722898822,13665455.0,12100422.75,1.1293369894865863,2026-07-13
2026-07-13,ORCL,Oracle,Technology,Enterprise Software,AI Infrastructure,NeoCloud,AI Cloud,8,131.5399932861328,-0.0647042530077358,-0.0818195780671251,-0.3441437785485703,157.05097122192382,181.8078350830078,193.4096069335937,False,False,False,324.6299743652344,131.5399932861328,-0.5948002227972333,56098731.0,34139866.55,1.6432029960585772,2026-07-13
2026-07-13,KEYS,Keysight Technologies,Technology,Electronic Test & Measurement,AI Infrastructure,Optical Test & Metrology,R&D Test & Standards,9,320.8299865722656,-0.0037882355750542,0.0034403263633095,-0.0097839920609085,339.45050048828125,343.98179809570314,258.6559991455078,False,False,True,373.3399963378906,158.50999450683594,-0.1406493016571975,1369659.0,1625262.95,0.8427307101290902,2026-07-13
2026-07-13,FORM,FormFactor,Technology,Semiconductor Test Equipment,AI Infrastructure,Optical Test & Metrology,Wafer-Level Test & Probing,8,110.3000030517578,-0.0614362984815024,-0.0705316865790416,-0.0475778829375086,135.0150005340576,132.06599914550782,89.17204961776733,False,False,True,159.92999267578125,27.6200008392334,-0.3103232157625121,1033430.0,2104286.5,0.4911070807135815,2026-07-13
2026-07-13,AEHR,Aehr Test Systems,Technology,Semiconductor Test Equipment,AI Infrastructure,Optical Test & Metrology,Wafer & Package Burn-In,6,68.0199966430664,-0.06308542599608,-0.0595880696651357,-0.2711101921827483,91.391499710083,94.91519973754885,49.48479996681213,False,False,True,116.58000183105467,13.859999656677246,-0.416538037616095,1423004.0,1694485.2,0.8397854404393735,2026-07-13
2026-07-13,DELL,Dell Technologies,Technology,AI Server & Storage,AI Infrastructure,AI Servers,Systems & Storage,7,427.1099853515625,-0.0180702481713272,0.0371782370384401,0.154881975121031,418.3009979248047,349.1509979248047,195.0862396621704,True,True,True,465.9599914550781,110.7273941040039,-0.0833762701003505,4063799.0,7771594.95,0.5229041176419005,2026-07-13
2026-07-13,CLS,Celestica,Technology,Electronics Manufacturing Services,AI Infrastructure,AI Servers,Contract Manufacturing,7,345.17999267578125,-0.0407670228676176,-0.014334721177229,-0.0488813515253701,362.1199981689453,376.56719787597655,321.4399997711181,False,False,True,472.3999938964844,156.91000366210938,-0.2693056792218766,1142137.0,1662266.85,0.6870960580125868,2026-07-13
2026-07-13,IREN,IREN Limited,Technology,AI Data Center & Bitcoin Mining,AI Infrastructure,NeoCloud,AI Cloud & Power Infrastructure,5,38.97999954223633,-0.0525036431564849,-0.112275115516001,-0.2434006367256865,48.85299987792969,53.71540000915528,49.19042508125305,False,False,False,76.41000366210938,15.399999618530272,-0.4898573789551335,35612946.0,38987752.3,0.9134393213019362,2026-07-13
2026-07-13,APH,Amphenol,Technology,Interconnect Components,AI Infrastructure,Connectivity,Connectors & Cables,8,155.99000549316406,-0.0193008431569903,-0.0648641701564023,0.0469463470465769,162.58052597045898,147.38796417236327,139.54280933380127,False,True,True,176.32000732421875,98.76676940917967,-0.11530172973321,5500510.0,8482100.5,0.6484844172737637,2026-07-13
2026-07-13,GLW,Corning,Technology,Optical Fiber & Materials,AI Infrastructure,Optical,Optical Fiber & Materials,7,183.1100006103516,-0.0407564503335566,-0.0600102785332105,0.0888386906349214,201.6370002746582,191.3263977050781,130.18431922912598,False,False,True,255.69000244140625,51.95209503173828,-0.2838593653957474,6408114.0,16934370.7,0.378408747128702,2026-07-13
2026-07-13,CIEN,Ciena,Technology,Optical Networking Equipment,AI Infrastructure,Optical,Connectivity,7,445.4400024414063,-0.033165477380647,0.0267616721492041,0.0248245915022182,453.45549926757815,510.3041998291016,334.72094970703125,False,False,True,627.0,81.41999816894531,-0.2895693740966407,1219797.0,3051139.85,0.399784034809155,2026-07-13
2026-07-13,STX,Seagate Technology,Technology,Storage Hardware,AI Infrastructure,Storage,HDD Storage,6,860.6599731445312,-0.0545730740661203,-0.008753180539946,0.055495374356252,952.4672027587892,872.6419177246094,475.4309378051758,False,False,True,1093.260498046875,145.38955688476562,-0.2127585560055337,4095064.0,5185398.2,0.7897298996246807,2026-07-13
2026-07-13,STRL,Sterling Infrastructure,Industrials,Infrastructure Construction,AI Infrastructure,Data Center Construction,Construction & Site Infrastructure,6,660.0399780273438,-0.032610767732995,-0.0795833393621485,-0.1430834430024748,794.7284942626953,800.3289990234375,483.5221493530273,False,False,True,993.739990234375,238.3999938964844,-0.3358021368631121,378984.0,879479.2,0.4309186618626114,2026-07-13
2026-07-13,EQIX,Equinix,Real Estate,Data Center REIT,AI Infrastructure,Data Centers,Colocation & Interconnection,8,1039.530029296875,-0.0111109407964594,0.0407372565650034,0.0011557725318331,1060.397503662109,1065.337138671875,907.5784530639648,False,False,True,1115.93994140625,718.5999145507812,-0.0684713480306898,323264.0,668313.2,0.4837013543949154,2026-07-13
2026-07-13,NET,Cloudflare,Technology,Edge Cloud & Security,Software,Edge Cloud & Security,SaaS & Edge Network,8,269.5299987792969,0.0042101524162043,0.0887901250517999,0.2269768335501367,242.90249786376955,232.4727990722656,209.5590998840332,True,True,True,275.79998779296875,160.19000244140625,-0.022733826291459,1913315.0,3193655.75,0.5990986974723246,2026-07-13
2026-07-13,NOW,ServiceNow,Technology,Enterprise Software,Software,Workflow Automation,SaaS,9,111.26000213623048,0.0329588996558591,0.0308533477405632,0.0490288958828604,101.71900062561036,102.27580062866213,130.44867992401123,True,True,False,199.23599243164065,83.0,-0.4415667531838926,15432138.0,22320616.9,0.6913849231469943,2026-07-13
2026-07-13,SNOW,Snowflake,Technology,Data Cloud Software,Software,Data Cloud,SaaS,8,268.6499938964844,0.0275386550135319,0.0250295610296262,0.1198416037159446,247.44399871826167,212.6757995605469,207.72625045776368,True,True,True,280.1600036621094,121.11000061035156,-0.0410837007965876,4185781.0,6575804.05,0.6365428422399539,2026-07-13
2026-07-13,APP,AppLovin,Technology,AdTech Software,Software,AdTech & AI Applications,Application Software,8,442.8500061035156,-0.1264941486707685,-0.1856230824444368,-0.1016877028797071,498.8139938354492,507.1455999755859,536.3539756774902,False,False,False,733.5999755859375,350.0,-0.3963331231713788,10322349.0,5848727.45,1.7648880185039226,2026-07-13
2026-07-13,CRWD,CrowdStrike,Technology,Cybersecurity Software,Software,Cybersecurity,SaaS,8,187.9100036621093,0.0039000481616247,-0.057528342560954,0.160403905858071,181.5161239624024,164.71649993896483,127.84076251983645,True,True,True,199.3800048828125,87.5625,-0.057528342560954,6168490.0,10932034.5,0.5642581900011384,2026-07-13
2026-07-13,FLNC,Fluence Energy,Industrials,Energy Storage,AI Infrastructure,Energy Storage,Grid Storage,6,15.15999984741211,-0.0618811887031138,-0.1492704765974098,-0.2987974440823541,19.83199987411499,20.34599996566773,18.863300013542176,False,False,False,32.22999954223633,6.75,-0.5296307768312115,7648160.0,9504958.0,0.8046495313288076,2026-07-13
2026-07-13,BE,Bloom Energy,Industrials,Fuel Cells & Distributed Power,AI Infrastructure,Power,On-site Power Generation,6,233.4900054931641,-0.0454601001162702,-0.2086425515902756,-0.0031592462446004,283.8425018310547,281.4476010131836,170.21335067749024,False,False,True,345.8500061035156,24.309999465942383,-0.324880724670918,9377450.0,15055167.5,0.622872512046113,2026-07-13
2026-07-13,KLAC,KLA,Technology,Semicap Equipment,AI Infrastructure,Equipment,Process Control & Metrology,9,222.25,-0.0400397551027671,-0.0474047305058846,0.0406716713834467,247.2120002746582,213.66061706542968,155.3811359024048,False,True,True,301.7099914550781,84.03205871582031,-0.2633654625485249,9638846.0,15629032.3,0.6167269869933022,2026-07-13
2026-07-13,RMBS,Rambus,Technology,Semiconductor IP,AI Infrastructure,Memory Interface,Memory & IP,7,103.11000061035156,-0.0801962353803682,-0.0895364184516418,-0.2534752081125677,123.83250045776369,132.41580032348634,109.27374992370603,False,False,False,170.66000366210938,62.84999847412109,-0.39581625221045,2736630.0,3755571.5,0.7286853678594589,2026-07-13
2026-07-13,LITE,Lumentum,Technology,Optical Components,AI Infrastructure,Optical,Connectivity,6,768.1500244140625,-0.0422189061723276,0.0504615718482905,-0.0997468349359776,822.4799957275391,885.7146008300781,560.3748001098633,False,False,True,1053.0899658203125,92.23999786376952,-0.2705751176579618,3631769.0,5073248.45,0.7158665765718609,2026-07-13
2026-07-14,NVDA,NVIDIA,Technology,Semiconductor,AI Infrastructure,GPU,Compute,10,211.8000030517578,0.0406328517764535,0.0755091196314521,0.0338263684274815,202.21499938964843,209.21346008300785,191.7703359222412,True,True,True,235.465576171875,164.97772216796875,-0.1005054475684497,118014431.0,145272696.55,0.8123648407626395,2026-07-14
2026-07-14,AVGO,Broadcom,Technology,Semiconductor,AI Infrastructure,Networking,Connectivity,9,389.1099853515625,0.0131753618524301,0.0494362873742182,0.0107784020998871,382.914567565918,405.0076434326172,361.7483740234375,True,False,True,480.8090515136719,276.5635681152344,-0.1907182609674765,19949796.0,28208539.8,0.7072254055489962,2026-07-14
2026-07-14,ANET,Arista,Technology,Networking Equipment,AI Infrastructure,Networking,Connectivity,8,182.57000732421875,0.0078388820070611,0.096780006972146,0.1673274581139394,170.50000076293946,160.7927996826172,144.3331496810913,True,True,True,186.9600067138672,107.37000274658205,-0.0234809543859672,5747709.0,8694815.45,0.6610501433932103,2026-07-14
2026-07-14,CRDO,Credo,Technology,Semiconductor,AI Infrastructure,Optical,Connectivity,7,236.17999267578125,-0.0029551342139559,-0.0414772787088487,-0.1079468803281273,257.753247833252,227.3647998046875,161.82205017089845,False,True,True,302.5199890136719,87.80999755859375,-0.2192912823849551,4140246.0,9188292.3,0.4506001621215293,2026-07-14
2026-07-14,TSM,TSMC,Technology,Semiconductor Foundry,AI Infrastructure,Foundry,Manufacturing,9,420.3900146484375,-0.0028226480424353,-0.028157275052711,-0.0016149159616055,440.95850067138673,424.4518389892578,348.28678161621093,False,False,True,477.5700073242188,224.8433532714844,-0.1197311217179561,14192635.0,14560091.75,0.9747627448844888,2026-07-14
2026-07-14,ASML,ASML,Technology,Semicap Equipment,AI Infrastructure,Equipment,Manufacturing Equipment,10,1775.6400146484375,0.0287362833210276,0.0162309331509815,-0.0651967733767594,1826.475,1696.6497998046875,1341.7944277954102,False,True,True,1989.43994140625,686.0034790039062,-0.1074673943696367,2445820.0,2088081.0,1.171324292496316,2026-07-14
2026-07-14,VRT,Vertiv,Industrials,Electrical Equipment,AI Infrastructure,Power,Power Infrastructure,7,303.5799865722656,-0.0074868688706929,-0.0065449312385744,0.0193471560632538,316.6109985351562,324.1922985839844,238.3909780883789,False,False,True,376.1517333984375,121.68595886230467,-0.1929321079302338,3108865.0,6627993.25,0.4690507190845434,2026-07-14
2026-07-14,ETN,Eaton,Industrials,Electrical Equipment,AI Infrastructure,Power,Power Infrastructure,8,415.5199890136719,0.0314508693513599,0.0501415201807977,0.0555837149451778,409.9864974975586,404.9411889648438,371.0251733398438,True,True,True,435.7799987792969,313.9706115722656,-0.046491371385509,1916296.0,2347929.8,0.8161640948549654,2026-07-14
2026-07-14,GEV,GE Vernova,Industrials,Power Equipment,AI Infrastructure,Power,Grid Infrastructure,7,1066.010009765625,0.0224535149893239,-0.0102777386458953,0.1761870961919986,1078.5374908447266,1037.6472338867188,809.7617752075196,False,True,True,1174.8599853515625,546.9464721679688,-0.0926493173170465,1764876.0,3035803.8,0.5813537752340913,2026-07-14
2026-07-14,CEG,Constellation Energy,Utilities,Power Generation,AI Infrastructure,Energy,Power Supply,6,256.42999267578125,-0.0044260380324581,0.0697508885470603,0.0393984260767632,257.38550186157227,271.1771813964844,313.26659172058106,False,False,False,402.3219604492188,236.5,-0.3626249176419293,3080167.0,3786228.35,0.8135185507234396,2026-07-14
2026-07-14,NBIS,Nebius,Technology,AI Cloud Infrastructure,AI Infrastructure,NeoCloud,AI Cloud,7,194.08999633789065,-0.078001038418212,-0.0056355658064292,-0.1266649048752804,242.7739997863769,223.9883999633789,136.73892543792724,False,False,True,286.69000244140625,50.400001525878906,-0.3229969839022943,17379284.0,17756699.2,0.9787451938139494,2026-07-14
2026-07-14,CRWV,CoreWeave,Technology,AI Cloud Infrastructure,AI Infrastructure,NeoCloud,AI Cloud,8,79.94000244140625,-0.0404512689466508,-0.0429785273596868,-0.1650302462388335,96.72149963378908,104.87289932250977,98.75537483215332,False,False,False,148.75,64.55000305175781,-0.4625882188813025,20897893.0,29218449.65,0.7152293585159472,2026-07-14
2026-07-14,MRVL,Marvell,Technology,Semiconductor,AI Infrastructure,Networking,Connectivity,8,222.44000244140625,0.0225716162812605,-0.035566182521088,-0.2073852255471814,266.0931922912597,233.7802615356445,128.10531703948973,False,False,True,316.3519592285156,62.17753219604492,-0.2968590964827009,20593283.0,46985474.15,0.4382904157624639,2026-07-14
2026-07-14,COHR,Coherent,Technology,Optical Components,AI Infrastructure,Optical,Connectivity,7,310.7699890136719,0.0109957194579013,-0.0106962589275548,-0.1452500124015961,363.8279998779297,368.2688006591797,244.20110015869145,False,False,True,426.8900146484375,86.55000305175781,-0.2720139184571827,3081831.0,5302821.55,0.5811681518869893,2026-07-14
2026-07-14,NOK,Nokia,Technology,Telecom Infrastructure,AI Infrastructure,AI-RAN,Telecom Edge,5,11.699999809265137,0.0008554516031478,-0.0126582757279191,-0.1696238692292552,13.068999862670898,13.88619997024536,8.856999990940094,False,False,True,16.850000381469727,4.050000190734863,-0.3056380092351894,82213777.0,89770563.85,0.9158211052051892,2026-07-14
2026-07-14,TEAM,Atlassian,Technology,Enterprise Software,Software,Developer Tools,SaaS,8,89.08000183105469,-0.073627304091342,0.0078063406060737,-0.0013452367857941,84.55600013732911,89.09229995727539,112.84937492370604,True,False,False,203.0,57.150001525878906,-0.5611822569898783,4277501.0,4249745.05,1.0065312035600815,2026-07-14
2026-07-14,DDOG,Datadog,Technology,Observability Software,Software,Cloud Software,SaaS,9,270.7300109863281,0.0403090268428987,0.0542035495505131,0.1557804159726634,245.18399963378903,226.1538000488281,160.4530002593994,True,True,True,277.489990234375,102.61499786376952,-0.0243611643156469,3586430.0,4723951.5,0.7592012746108846,2026-07-14
2026-07-14,RDW,Redwire,Industrials,Space Infrastructure,Space Economy,Space Infrastructure,Space Hardware,6,9.739999771118164,0.0156412529868203,-0.0460333266672651,-0.4300760863572453,11.736000061035156,14.15360008239746,10.083050005435943,False,False,False,25.89999961853028,5.059999942779541,-0.6239382272365117,12118363.0,26162103.15,0.4632029363434415,2026-07-14
2026-07-14,PL,Planet Labs,Technology,Earth Observation,Space Economy,Satellite Data,Space Software,6,25.559999465942383,-0.0154083063419491,-0.1081647033487211,-0.2519753925778066,28.592999935150143,35.87460006713867,25.368549981117248,False,False,True,51.400001525878906,6.179999828338623,-0.5027237605611078,5281531.0,13320636.55,0.3964923883461109,2026-07-14
2026-07-14,UUUU,Energy Fuels,Energy,Nuclear Fuel,Nuclear,Nuclear Fuel,Upstream Nuclear,6,13.229999542236328,0.0137930535533064,0.0287713760059837,-0.1226790710099069,14.43700008392334,16.860200176239015,18.38000002384186,False,False,False,27.71999931335449,7.760000228881836,-0.522727277418705,5010297.0,9182734.85,0.5456214386937243,2026-07-14
2026-07-14,SMR,NuScale Power,Industrials,Small Modular Reactor,Nuclear,SMR,Reactor Developer,6,8.600000381469727,0.0299401183926648,-0.0401785329402406,-0.101358343185643,9.882000017166138,10.939000034332276,18.45044997692108,False,False,False,53.43000030517578,8.350000381469727,-0.8390417306316833,22000846.0,31297917.3,0.7029492023100208,2026-07-14
2026-07-14,OKLO,Oklo,Industrials,Advanced Nuclear,Nuclear,SMR,Reactor Developer,7,46.2400016784668,0.0093866031933036,-0.0346555280695609,-0.200829568083445,52.79650020599365,60.62939987182617,81.45939981460572,False,False,False,174.13999938964844,45.58000183105469,-0.7344665106205606,5438806.0,9762730.3,0.5570988681311825,2026-07-14
2026-07-14,RGTI,Rigetti Computing,Technology,Quantum Computing,Quantum,Quantum Hardware,Quantum Hardware,4,16.110000610351562,0.0488281881795666,-0.0265860209663146,-0.2190983390348853,18.785750150680546,20.116000137329102,23.52880004405976,False,False,False,56.34000015258789,12.720000267028809,-0.714057497928289,19955819.0,28452555.95,0.7013717514541958,2026-07-14
2026-07-14,QBTS,D-Wave Quantum,Technology,Quantum Computing,Quantum,Quantum Hardware,Quantum Hardware,4,18.950000762939453,0.0155413139281221,-0.1001898744781621,-0.2044499997597797,22.59650001525879,23.562199974060057,24.03364995479584,False,False,False,44.77999877929688,12.979999542236328,-0.5768199803591643,15584442.0,25018682.1,0.6229121876887351,2026-07-14
2026-07-14,IONQ,IonQ,Technology,Quantum Computing,Quantum,Quantum Hardware,Quantum Hardware,6,39.290000915527344,0.0105452632754257,-0.133818333623192,-0.3224693950971767,50.54450016021728,54.90120018005371,48.68910004615784,False,False,False,82.08999633789062,26.59000015258789,-0.5213789417920573,17191181.0,22062974.05,0.7791869292435668,2026-07-14
2026-07-14,MU,Micron,Technology,Memory,AI Infrastructure,Memory,HBM,9,983.1199951171876,0.0492209126117262,0.0476779023440105,-0.012651049033565,1050.5844268798828,916.6172290039062,472.2628054046631,False,True,True,1213.3734130859375,104.71192932128906,-0.189763032126403,30470097.0,51949709.85,0.5865306483516385,2026-07-14
2026-07-14,SNDK,Sandisk,Technology,Memory,AI Infrastructure,Memory,NAND,6,1757.8199462890625,0.0500904897061669,0.0866168012279924,-0.0657397849783272,1960.854498291016,1713.6651977539063,761.3542499542236,False,True,True,2335.0,40.68999862670898,-0.2471863185057548,9530772.0,11992418.6,0.7947330991264765,2026-07-14
2026-07-14,ORCL,Oracle,Technology,Enterprise Software,AI Infrastructure,NeoCloud,AI Cloud,8,127.94000244140624,-0.0273680327540816,-0.0933255476346884,-0.302633900088902,154.27338943481445,181.15002563476563,192.5243879699707,False,False,False,324.62994384765625,127.94000244140624,-0.6058897065224319,45418183.0,34962239.15,1.2990639073527417,2026-07-14
2026-07-14,KEYS,Keysight Technologies,Technology,Electronic Test & Measurement,AI Infrastructure,Optical Test & Metrology,R&D Test & Standards,9,325.7300109863281,0.0152729626878527,0.0537332302390978,-0.0420550770352777,338.20350036621096,343.4981982421875,259.41259918212893,False,False,True,373.3399963378906,158.50999450683594,-0.1275244705056277,1236762.0,1623208.1,0.7619244876858364,2026-07-14
2026-07-14,FORM,FormFactor,Technology,Semiconductor Test Equipment,AI Infrastructure,Optical Test & Metrology,Wafer-Level Test & Probing,8,116.33000183105467,0.0546690717358124,0.0969353935263888,-0.1068028491663375,133.871000289917,131.6739993286133,89.57204961776733,False,False,True,159.92999267578125,27.6200008392334,-0.2726192261705084,1031468.0,2095528.4,0.4922233456726237,2026-07-14
2026-07-14,AEHR,Aehr Test Systems,Technology,Semiconductor Test Equipment,AI Infrastructure,Optical Test & Metrology,Wafer & Package Burn-In,6,72.01000213623047,0.0586593015301299,0.0757394608591788,-0.3010773270949475,89.56849975585938,94.54419982910156,49.68364996910096,False,False,True,116.58000183105467,14.050000190734863,-0.3823125664332562,3231144.0,1786647.2,1.8084958239097235,2026-07-14
2026-07-14,DELL,Dell Technologies,Technology,AI Server & Storage,AI Infrastructure,AI Servers,Systems & Storage,7,457.5400085449219,0.071246339905427,0.0964820022129047,0.1688338083457172,421.39949798583984,354.12279815673827,196.7207215881348,True,True,True,465.9599914550781,110.7273941040039,-0.0180701842745397,7160327.0,7856551.35,0.911382956849127,2026-07-14
2026-07-14,CLS,Celestica,Technology,Electronics Manufacturing Services,AI Infrastructure,AI Servers,Contract Manufacturing,7,345.0299987792969,-0.0004345382109827,-8.693786445579388e-05,-0.1058155499981808,359.7154983520508,375.2759979248047,321.9628497314453,False,False,True,472.3999938964844,156.91000366210938,-0.2696231938248028,787782.0,1653029.1,0.4765687428007165,2026-07-14
2026-07-14,IREN,IREN Limited,Technology,AI Data Center & Bitcoin Mining,AI Infrastructure,NeoCloud,AI Cloud & Power Infrastructure,5,38.59000015258789,-0.010005115295752,-0.0307672614937459,-0.3195203531019994,47.7939998626709,53.577000045776366,49.14767508506775,False,False,False,76.41000366210938,15.399999618530272,-0.4949614146959645,35035684.0,38499069.2,0.910039767922493,2026-07-14
2026-07-14,APH,Amphenol,Technology,Interconnect Components,AI Infrastructure,Connectivity,Connectors & Cables,8,158.3699951171875,0.0152573212399029,-0.0015131800784344,0.0403313043122643,162.82061004638672,147.61440093994142,139.7223277282715,False,True,True,176.32000732421875,98.76677703857422,-0.101803604023363,5203282.0,8272714.1,0.6289691553585782,2026-07-14
2026-07-14,GLW,Corning,Technology,Optical Fiber & Materials,AI Infrastructure,Optical,Optical Fiber & Materials,7,187.63999938964844,0.0247392210376127,0.0121911449310003,0.0628150447249749,202.0590003967285,191.7994241333008,130.7256776046753,False,False,True,255.69000244140625,51.95209503173828,-0.2661426039422566,6754866.0,16867483.3,0.4004667370857868,2026-07-14
2026-07-14,CIEN,Ciena,Technology,Optical Networking Equipment,AI Infrastructure,Optical,Connectivity,7,446.9299926757813,0.003344985242027,0.0668878488666331,0.0038407786047114,453.5029983520508,508.69119934082033,336.2634996795654,False,False,True,627.0,82.61000061035156,-0.28719299413751,1093193.0,2972574.65,0.3677596456660895,2026-07-14
2026-07-14,STX,Seagate Technology,Technology,Storage Hardware,AI Infrastructure,Storage,HDD Storage,6,878.3099975585938,0.020507546493159,0.0612222488199529,0.0124943597792754,949.8638732910156,876.7449169921875,478.7131475067139,False,True,True,1093.260498046875,145.38954162597656,-0.1966141654914756,3765601.0,5216610.05,0.721848281529113,2026-07-14
2026-07-14,STRL,Sterling Infrastructure,Industrials,Infrastructure Construction,AI Infrastructure,Data Center Construction,Construction & Site Infrastructure,6,679.6199951171875,0.029664895675505,0.0077551273820037,-0.1895295390726542,785.7599945068359,803.6089990234375,485.1999993896485,False,False,True,993.739990234375,238.3999938964844,-0.3160987765452629,886876.0,901318.8,0.9839759250555964,2026-07-14
2026-07-14,EQIX,Equinix,Real Estate,Data Center REIT,AI Infrastructure,Data Centers,Colocation & Interconnection,8,1023.5399780273438,-0.0153820003452394,0.0005963119235237,-0.0188271196460548,1058.7820037841798,1064.2579235839844,908.8114633178712,False,False,True,1115.93994140625,718.5999145507812,-0.0828001220768821,365159.0,661602.95,0.5519307312641215,2026-07-14
2026-07-14,NET,Cloudflare,Technology,Edge Cloud & Security,Software,Edge Cloud & Security,SaaS & Edge Network,8,281.75,0.0453381860128652,0.0480601646879943,0.2387882385491322,245.5659980773925,234.00839904785155,209.8799998474121,True,True,True,281.75,160.19000244140625,0.0,3641517.0,3272945.85,1.1126114414633532,2026-07-14
2026-07-14,NOW,ServiceNow,Technology,Enterprise Software,Software,Workflow Automation,SaaS,9,104.8499984741211,-0.0576128306582337,-0.0531021828280682,0.0171710963487115,101.85400047302248,102.60660064697264,130.03955993652343,True,True,False,199.23599243164065,83.0,-0.4737396732666367,23139506.0,22233880.3,1.0407317880541076,2026-07-14
2026-07-14,SNOW,Snowflake,Technology,Data Cloud Software,Software,Data Cloud,SaaS,8,275.94000244140625,0.0271357108153549,0.0502398290996977,0.1478847004535108,249.6019989013672,215.4651995849609,207.9931004333496,True,True,True,280.1600036621094,121.11000061035156,-0.0150628254052734,4953492.0,6438594.6,0.7693436701232906,2026-07-14
2026-07-14,APP,AppLovin,Technology,AdTech Software,Software,AdTech & AI Applications,Application Software,8,448.9800109863281,0.0138421695796016,-0.1496268275404766,-0.061830026715076,496.424494934082,507.19820007324216,535.3892758178711,False,False,False,733.5999755859375,350.0,-0.3879770638927285,6659500.0,5966145.0,1.1162149092923488,2026-07-14
2026-07-14,CRWD,CrowdStrike,Technology,Cybersecurity Software,Software,Cybersecurity,SaaS,8,210.72999572753903,0.121441070835502,0.0827766982557529,0.2189202886347676,183.5176239013672,166.7023498535156,128.2990000152588,True,True,True,210.72999572753903,87.5625,0.0,11893962.0,11079893.1,1.0734726312476788,2026-07-14
2026-07-14,FLNC,Fluence Energy,Industrials,Energy Storage,AI Infrastructure,Energy Storage,Grid Storage,6,15.609999656677246,0.0296833650260197,-0.0364198196590178,-0.3570840520913551,19.42699990272522,20.41459995269776,18.88545001029968,False,False,False,32.22999954223633,6.75,-0.515668635482887,6512696.0,9371899.8,0.6949173741699628,2026-07-14
2026-07-14,BE,Bloom Energy,Industrials,Fuel Cells & Distributed Power,AI Infrastructure,Power,On-site Power Generation,6,243.3999938964844,0.0424428805095491,-0.0970805828419146,-0.0220186872340686,283.0015014648437,280.64840118408205,171.08445064544676,False,False,True,345.8500061035156,24.309999465942383,-0.2962267179384323,7193127.0,15018851.35,0.4789398891014392,2026-07-14
2026-07-14,KLAC,KLA,Technology,Semicap Equipment,AI Infrastructure,Equipment,Process Control & Metrology,9,230.3699951171875,0.0365354111009561,0.0642121024534598,-0.0447579501173178,246.0035003662109,214.7717791748047,156.00091724395753,False,True,True,301.7099914550781,84.03205871582031,-0.2364522168915724,8778581.0,15580564.05,0.5634315273714369,2026-07-14
2026-07-14,RMBS,Rambus,Technology,Semiconductor IP,AI Infrastructure,Memory Interface,Memory & IP,7,105.37999725341795,0.0220152907538486,-0.0051921367900811,-0.2705752310998347,121.77350044250488,132.22120025634766,109.29699989318848,False,False,False,170.66000366210938,62.84999847412109,-0.3825149713341131,2249775.0,3776948.75,0.595659393048423,2026-07-14
2026-07-14,LITE,Lumentum,Technology,Optical Components,AI Infrastructure,Optical,Connectivity,6,814.7999877929688,0.060730276503591,0.1658153683614298,-0.0840724792372825,817.1419952392578,883.9642004394532,563.6850500488281,False,False,True,1053.0899658203125,98.13999938964844,-0.2262769428647304,3632422.0,5030316.1,0.7221061117809277,2026-07-14
2026-07-15,NVDA,NVIDIA,Technology,Semiconductor,AI Infrastructure,GPU,Compute,10,212.5,0.0033049902651376,0.0410543066983783,0.0356255054906058,202.2174995422364,209.4990805053711,191.9455174255371,True,True,True,235.465576171875,164.97772216796875,-0.0975326268291191,118979465.0,144043093.25,0.8259990973222175,2026-07-15
2026-07-15,AVGO,Broadcom,Technology,Semiconductor,AI Infrastructure,Networking,Connectivity,9,394.2799987792969,0.0132867662675457,0.0143816313843403,0.0335907036599611,382.9626922607422,404.4809576416016,362.0486390686035,True,False,True,480.8090515136719,276.5635986328125,-0.1799655236563584,16167483.0,27405649.15,0.5899324957241526,2026-07-15
2026-07-15,ANET,Arista,Technology,Networking Equipment,AI Infrastructure,Networking,Connectivity,8,171.9199981689453,-0.0583338375857132,-0.0504280846667671,0.0531731951953697,170.6415008544922,160.77719970703126,144.47744968414307,True,True,True,186.9600067138672,108.3000030517578,-0.0804450577921718,8077834.0,8827596.7,0.9150660450992284,2026-07-15
2026-07-15,CRDO,Credo,Technology,Semiconductor,AI Infrastructure,Optical,Connectivity,7,226.7400054931641,-0.0399694617468129,-0.1235068871881854,-0.0959690295431963,256.1197479248047,228.2119998168945,162.23105018615723,False,False,True,302.5199890136719,87.80999755859375,-0.2504957896090729,5555860.0,9071148.0,0.6124759512246961,2026-07-15
2026-07-15,TSM,TSMC,Technology,Semiconductor Foundry,AI Infrastructure,Foundry,Manufacturing,9,419.4800109863281,-0.0021646652641604,-0.040047598425612,-0.010496973005768,439.8625015258789,424.90662109375,349.0116954040527,False,False,True,477.5700073242188,224.8433532714844,-0.1216366091818947,16826838.0,14846506.9,1.1333870056666326,2026-07-15
2026-07-15,ASML,ASML,Technology,Semicap Equipment,AI Infrastructure,Equipment,Manufacturing Equipment,10,1815.27001953125,0.0223187158184532,0.0263590843149605,-0.0259075570990086,1822.605499267578,1704.4147998046874,1346.1479891967774,False,True,True,1989.43994140625,686.0034790039062,-0.0875472127858691,4153139.0,2182946.95,1.902537759793017,2026-07-15
2026-07-15,VRT,Vertiv,Industrials,Electrical Equipment,AI Infrastructure,Power,Power Infrastructure,7,304.57000732421875,0.0032611528946011,-0.0416600809794662,0.0058221918531642,316.2429992675781,323.71886474609374,239.21555046081545,False,False,True,376.1517333984375,121.68595886230467,-0.1903001361378707,3867996.0,6576674.8,0.588138552935596,2026-07-15
2026-07-15,ETN,Eaton,Industrials,Electrical Equipment,AI Infrastructure,Power,Power Infrastructure,8,412.8599853515625,-0.0064016262332492,0.0332865849290089,0.054855693552658,410.27649688720703,404.7108441162109,371.28144454956055,True,True,True,435.7799987792969,313.9706420898437,-0.0525953772360772,1945841.0,2328482.05,0.8356693151231294,2026-07-15
2026-07-15,GEV,GE Vernova,Industrials,Power Equipment,AI Infrastructure,Power,Grid Infrastructure,7,1055.280029296875,-0.0100655532034911,-0.0146686347031703,0.1224239157065527,1082.3729919433597,1037.5046923828124,812.0074563598632,False,True,True,1174.8599853515625,546.9464721679688,-0.1017823038878157,2152659.0,2972357.95,0.7242260307174645,2026-07-15
2026-07-15,CEG,Constellation Energy,Utilities,Power Generation,AI Infrastructure,Energy,Power Supply,6,258.114990234375,0.0065709847003903,0.0555986656484988,0.017161868780785,257.1737510681152,270.1928314208984,312.9320933532715,True,False,False,402.3219299316406,236.5,-0.3584366870624431,2116002.0,3707240.1,0.5707755480957384,2026-07-15
2026-07-15,NBIS,Nebius,Technology,AI Cloud Infrastructure,AI Infrastructure,NeoCloud,AI Cloud,7,199.509994506836,0.0279251804379945,-0.078390620637583,-0.1413754777811451,239.74599914550785,224.8887997436524,137.1967753982544,False,False,True,286.69000244140625,50.400001525878906,-0.3040915525206993,17600396.0,17829219.8,0.9871657984720116,2026-07-15
2026-07-15,CRWV,CoreWeave,Technology,AI Cloud Infrastructure,AI Infrastructure,NeoCloud,AI Cloud,8,77.12000274658203,-0.0352764524480868,-0.1431110805935329,-0.2330183947693692,95.24199981689452,104.0350993347168,98.50767482757568,False,False,False,148.75,64.55000305175781,-0.481546200022978,24014911.0,29572550.55,0.8120676287084747,2026-07-15
2026-07-15,MRVL,Marvell,Technology,Semiconductor,AI Infrastructure,Networking,Connectivity,8,206.259994506836,-0.0727387509305227,-0.1096160339337047,-0.2623851229555026,260.9660003662109,234.60727508544923,128.71845752716064,False,False,True,316.3519592285156,62.177528381347656,-0.3480046875327084,25462015.0,45516005.75,0.5594079397004207,2026-07-15
2026-07-15,COHR,Coherent,Technology,Optical Components,AI Infrastructure,Optical,Connectivity,7,299.3800048828125,-0.0366508496107013,-0.0557324825437136,-0.2224501835390229,358.1050003051758,367.6664007568359,245.16515018463136,False,False,True,426.8900146484375,86.55000305175781,-0.2986952268504922,5164932.0,5303726.6,0.9738307400686906,2026-07-15
2026-07-15,NOK,Nokia,Technology,Telecom Infrastructure,AI Infrastructure,AI-RAN,Telecom Edge,5,11.25,-0.0384615227864179,-0.0585773908316223,-0.2398648746610993,12.890499877929688,13.845199966430664,8.889849991798402,False,False,True,16.850000381469727,4.050000190734863,-0.3323442287650127,114155637.0,89188466.85,1.2799372052441556,2026-07-15
2026-07-15,TEAM,Atlassian,Technology,Enterprise Software,Software,Developer Tools,SaaS,8,91.7699966430664,0.0301975163529233,0.0737100190989263,0.0367148680891253,84.56699981689454,89.15009994506836,112.49612491607668,True,True,False,203.0,57.150001525878906,-0.5479310510193773,3358423.0,4259561.15,0.7884434292016208,2026-07-15
2026-07-15,DDOG,Datadog,Technology,Observability Software,Software,Cloud Software,SaaS,9,264.4599914550781,-0.023159676714107,0.0129074080372892,0.1503262221666472,246.75249938964845,228.63239990234376,161.09230018615722,True,True,True,277.489990234375,102.61499786376952,-0.0469566443398243,2942017.0,4606140.85,0.6387162476805285,2026-07-15
2026-07-15,RDW,Redwire,Industrials,Space Infrastructure,Space Economy,Space Infrastructure,Space Hardware,6,9.359999656677246,-0.0390143863830186,-0.1153119353333091,-0.3809523989734377,11.462500047683717,14.154000072479247,10.085050003528597,False,False,False,25.89999961853028,5.059999942779541,-0.6386100465429895,18001413.0,25008935.65,0.7197992450350441,2026-07-15
2026-07-15,PL,Planet Labs,Technology,Earth Observation,Space Economy,Satellite Data,Space Software,6,24.89999961853028,-0.0258215908138625,-0.1027027164493594,-0.2006420570317454,28.30899991989136,35.6346000289917,25.43324997901917,False,False,False,51.400001525878906,6.179999828338623,-0.5155642241373553,7330772.0,12940568.6,0.5664953547713506,2026-07-15
2026-07-15,UUUU,Energy Fuels,Energy,Nuclear Fuel,Nuclear,Nuclear Fuel,Upstream Nuclear,6,12.670000076293944,-0.0423280034254425,-0.0357686647449476,-0.1575797800246192,14.2885000705719,16.68040018081665,18.35705002307892,False,False,False,27.71999931335449,8.239999771118164,-0.5429292788549963,6743110.0,9190165.5,0.7337310737222306,2026-07-15
2026-07-15,SMR,NuScale Power,Industrials,Small Modular Reactor,Nuclear,SMR,Reactor Developer,6,8.359999656677246,-0.0279070597845095,-0.0456621645837157,-0.1547017829659116,9.767999982833862,10.863400020599364,18.30374997138977,False,False,False,53.43000030517578,8.350000381469727,-0.8435336026777561,18766187.0,30503249.35,0.6152192766309337,2026-07-15
2026-07-15,OKLO,Oklo,Industrials,Advanced Nuclear,Nuclear,SMR,Reactor Developer,7,45.68999862670898,-0.0118945292342829,-0.0336294457199547,-0.2052531345842275,52.04400005340576,60.135199813842775,81.09219982147216,False,False,False,174.13999938964844,45.58000183105469,-0.7376249064726654,6079434.0,9641031.7,0.6305791941333416,2026-07-15
2026-07-15,RGTI,Rigetti Computing,Technology,Quantum Computing,Quantum,Quantum Hardware,Quantum Hardware,4,15.25,-0.0533830277944846,-0.098699767657432,-0.2731172386682305,18.413250112533568,20.0710001373291,23.44455005168915,False,False,False,56.34000015258789,12.899999618530272,-0.7293219744640076,21605927.0,27339506.35,0.79028226491734,2026-07-15
2026-07-15,QBTS,D-Wave Quantum,Technology,Quantum Computing,Quantum,Quantum Hardware,Quantum Hardware,4,18.270000457763672,-0.0358839196727452,-0.1148255330411196,-0.2182285065607648,22.19700002670288,23.51779998779297,23.99329995632172,False,False,False,44.77999877929688,12.979999542236328,-0.5920053381910668,15381411.0,23544310.55,0.6532963013435957,2026-07-15
2026-07-15,IONQ,IonQ,Technology,Quantum Computing,Quantum,Quantum Hardware,Quantum Hardware,6,37.5099983215332,-0.0453042136044005,-0.1679237622458715,-0.3515989747465056,49.36100006103516,54.72740013122559,48.529500036239625,False,False,False,82.08999633789062,26.59000015258789,-0.5430624924486742,20320642.0,21817982.1,0.931371283873223,2026-07-15
2026-07-15,MU,Micron,Technology,Memory,AI Infrastructure,Memory,HBM,9,904.280029296875,-0.0801936347667456,-0.0469223851906374,-0.0786370215590889,1041.4072967529296,923.8602966308594,476.0013124847412,False,False,True,1213.3734130859375,104.7119369506836,-0.2547388796025737,54188069.0,52427638.45,1.033578291947651,2026-07-15
2026-07-15,SNDK,Sandisk,Technology,Memory,AI Infrastructure,Memory,NAND,6,1615.0,-0.081248336378575,-0.0649498316460479,-0.1843846169827357,1936.211492919922,1722.2251977539063,768.957799949646,False,False,True,2335.0,40.68999862670898,-0.3083511777301927,18848723.0,12482041.15,1.5100673658650772,2026-07-15
2026-07-15,ORCL,Oracle,Technology,Enterprise Software,AI Infrastructure,NeoCloud,AI Cloud,8,132.49000549316406,0.0355635685863116,-0.0536627244234561,-0.2779507186011368,151.29928283691407,180.3751400756836,191.74660232543943,False,False,False,324.6299743652344,127.94000244140624,-0.5918737764366073,48263565.0,36724033.25,1.3142228869973045,2026-07-15
2026-07-15,KEYS,Keysight Technologies,Technology,Electronic Test & Measurement,AI Infrastructure,Optical Test & Metrology,R&D Test & Standards,9,322.7099914550781,-0.0092715421649519,0.017242470650254,-0.079733141991105,336.4919998168945,342.90419799804687,260.164499130249,False,False,True,373.3399963378906,158.50999450683594,-0.1356136641652235,1421249.0,1647022.45,0.8629202352402665,2026-07-15
2026-07-15,FORM,FormFactor,Technology,Semiconductor Test Equipment,AI Infrastructure,Optical Test & Metrology,Wafer-Level Test & Probing,8,115.80999755859376,-0.0044700787782685,0.037817020872777,-0.1680914304053581,132.0314998626709,131.2427993774414,89.9730996131897,False,False,True,159.92999267578125,27.6200008392334,-0.2758706755313241,1251025.0,2073321.25,0.6033917802173686,2026-07-15
2026-07-15,AEHR,Aehr Test Systems,Technology,Semiconductor Test Equipment,AI Infrastructure,Optical Test & Metrology,Wafer & Package Burn-In,6,87.79000091552734,0.2191362076263217,0.2931212506228593,-0.190651793790417,88.16399993896485,94.43859985351564,49.968199977874754,False,False,True,116.58000183105467,14.779999732971191,-0.2469548847430043,12895352.0,2441692.6,5.2813167390522455,2026-07-15
2026-07-15,DELL,Dell Technologies,Technology,AI Server & Storage,AI Infrastructure,AI Servers,Systems & Storage,7,412.6799926757813,-0.0980461053270628,-0.0446558985355702,0.0432540006440345,421.579997253418,358.172998046875,198.1364924621582,False,True,True,465.9599914550781,110.7273941040039,-0.1143445784109415,12231829.0,8118211.45,1.5067147579655615,2026-07-15
2026-07-15,CLS,Celestica,Technology,Electronics Manufacturing Services,AI Infrastructure,AI Servers,Contract Manufacturing,7,334.7699890136719,-0.0297365730571965,-0.0719909129116244,-0.1484279782973687,356.2814971923828,373.5927978515625,322.4134996795654,False,False,True,472.3999938964844,156.91000366210938,-0.2913420970809135,1757215.0,1686960.75,1.0416454561850357,2026-07-15
2026-07-15,IREN,IREN Limited,Technology,AI Data Center & Bitcoin Mining,AI Infrastructure,NeoCloud,AI Cloud & Power Infrastructure,5,38.27999877929688,-0.0080332047697653,-0.1098709957322049,-0.3595449475302021,46.66549987792969,53.42940002441407,49.1076250743866,False,False,False,76.41000366210938,15.399999618530272,-0.4990184930683444,35338997.0,38618314.85,0.9150838698493856,2026-07-15
2026-07-15,APH,Amphenol,Technology,Interconnect Components,AI Infrastructure,Connectivity,Connectors & Cables,8,157.0399932861328,-0.0083980670080247,-0.0074580200067392,0.022606744882109,162.75505447387695,147.9134878540039,139.89917728424072,False,True,True,176.32000732421875,99.86927032470705,-0.1093467175431411,7403324.0,8191276.2,0.90380592953269,2026-07-15
2026-07-15,GLW,Corning,Technology,Optical Fiber & Materials,AI Infrastructure,Optical,Optical Fiber & Materials,7,174.41000366210938,-0.0705073319685212,-0.0522740595609335,-0.026729873703716,201.38550033569337,192.12726806640623,131.20475929260255,False,False,True,255.69000244140625,52.3972282409668,-0.3178849309836544,13324827.0,17084756.35,0.7799249065673681,2026-07-15
2026-07-15,CIEN,Ciena,Technology,Optical Networking Equipment,AI Infrastructure,Optical,Connectivity,7,418.4599914550781,-0.0637012545303852,-0.0510465784595602,-0.0617068452695599,451.2554977416992,506.354599609375,337.6699496459961,False,False,True,627.0,84.12000274658203,-0.3325996946489982,1654216.0,2865190.8,0.5773493339431357,2026-07-15
2026-07-15,STX,Seagate Technology,Technology,Storage Hardware,AI Infrastructure,Storage,HDD Storage,6,828.2999877929688,-0.0569389052892896,-0.036882899255729,-0.1097153567241717,940.3751678466796,878.78267578125,481.7643997955322,False,False,True,1093.260498046875,145.38954162597656,-0.2423580754333133,4703543.0,5163372.15,0.9109440232775008,2026-07-15
2026-07-15,STRL,Sterling Infrastructure,Industrials,Infrastructure Construction,AI Infrastructure,Data Center Construction,Construction & Site Infrastructure,6,668.8200073242188,-0.0158912154888946,0.0122594094022523,-0.2213878916776067,775.8674957275391,806.3319995117188,486.8518994140625,False,False,True,993.739990234375,242.009994506836,-0.3269667982603008,716022.0,910221.1,0.7866462335360057,2026-07-15
2026-07-15,EQIX,Equinix,Real Estate,Data Center REIT,AI Infrastructure,Data Centers,Colocation & Interconnection,8,1022.5999755859376,-0.0009183837090739,0.0065257882358709,-0.0314912163364384,1056.6930023193358,1063.116124267578,910.073762512207,False,False,True,1115.93994140625,718.5999145507812,-0.0836424635027314,559314.0,659080.7,0.8486274897747728,2026-07-15
2026-07-15,NET,Cloudflare,Technology,Edge Cloud & Security,Software,Edge Cloud & Security,SaaS & Edge Network,8,273.0400085449219,-0.0309139004616791,-0.0013166984623225,0.1950280709498977,247.4324981689453,235.11919921875,210.1541999053955,True,True,True,281.75,160.19000244140625,-0.0309139004616791,2462191.0,3245199.55,0.7587179038034811,2026-07-15
2026-07-15,NOW,ServiceNow,Technology,Enterprise Software,Software,Workflow Automation,SaaS,9,104.7300033569336,-0.0011444455787675,-0.0282983434487581,0.0252569925845871,101.8830005645752,102.87800064086916,129.64459995269775,True,True,False,199.23599243164065,83.0,-0.4743419495708475,13692548.0,21771287.4,0.6289268865193521,2026-07-15
2026-07-15,SNOW,Snowflake,Technology,Data Cloud Software,Software,Data Cloud,SaaS,8,271.8699951171875,-0.0147496096550299,0.0404117624938016,0.1679267829834152,251.15649871826173,218.0825994873047,208.244450378418,True,True,True,280.1600036621094,121.11000061035156,-0.0295902642652737,3788577.0,6353738.85,0.596275215182947,2026-07-15
2026-07-15,APP,AppLovin,Technology,AdTech Software,Software,AdTech & AI Applications,Application Software,8,452.7300109863281,0.0083522649299283,-0.1330000817028128,-0.0886526541484206,493.0179962158203,507.0528002929688,534.4533760070801,False,False,False,733.5999755859375,350.0,-0.382865286187168,4627044.0,5821682.2,0.7947950164644851,2026-07-15
2026-07-15,CRWD,CrowdStrike,Technology,Cybersecurity Software,Software,Cybersecurity,SaaS,8,206.7700042724609,-0.0187917787470472,0.0818857762406148,0.2113064321562672,185.1947494506836,168.55954986572266,128.74148754119872,True,True,True,210.72999572753903,87.5625,-0.0187917787470472,11416633.0,11153801.65,1.0235642840214931,2026-07-15
2026-07-15,FLNC,Fluence Energy,Industrials,Energy Storage,AI Infrastructure,Energy Storage,Grid Storage,6,15.369999885559082,-0.0153747454450137,0.0019556540203899,-0.3517502961176967,18.986499881744383,20.47819995880127,18.903650012016296,False,False,False,32.22999954223633,6.75,-0.5231151069233738,5840224.0,9218001.2,0.6335672857148251,2026-07-15
2026-07-15,BE,Bloom Energy,Industrials,Fuel Cells & Distributed Power,AI Infrastructure,Power,On-site Power Generation,6,239.3800048828125,-0.0165159782846237,-0.0586337991937545,-0.0800860665595623,281.2455017089844,279.62560150146487,171.9379006576538,False,False,True,345.8500061035156,24.309999465942383,-0.3078502221822596,10533068.0,15165678.4,0.6945332560922562,2026-07-15
2026-07-15,KLAC,KLA,Technology,Semicap Equipment,AI Infrastructure,Equipment,Process Control & Metrology,9,224.5,-0.0254807277058867,0.0150104323815825,-0.1180167913824227,244.40749969482425,215.81365997314447,156.59611351013183,False,True,True,301.7099914550781,84.03205871582031,-0.2559079700433918,10355414.0,15192650.7,0.6816067982132967,2026-07-15
2026-07-15,RMBS,Rambus,Technology,Semiconductor IP,AI Infrastructure,Memory Interface,Memory & IP,7,102.88999938964844,-0.0236287524071725,-0.0615651225608935,-0.2979666955267677,119.75350074768066,132.0404002380371,109.30764987945555,False,False,False,170.66000366210938,62.84999847412109,-0.3971053721915951,2639102.0,3763330.1,0.7012677415675016,2026-07-15
2026-07-15,LITE,Lumentum,Technology,Optical Components,AI Infrastructure,Optical,Connectivity,6,752.0,-0.0770741147935872,0.0634988346263993,-0.1839923586177718,806.879995727539,880.0056005859375,566.6495000457763,False,False,True,1053.0899658203125,99.62999725341795,-0.2859109625888194,4152573.0,4981463.65,0.8336049988039157,2026-07-15
2026-07-16,NVDA,NVIDIA,Technology,Semiconductor,AI Infrastructure,GPU,Compute,10,207.3999938964844,-0.0240000287224264,0.0227832880214968,-0.0237703135999014,202.21699905395508,209.68210174560548,192.09270233154297,True,False,True,235.465576171875,164.97772216796875,-0.119191869706273,116253420.0,143861946.0,0.8080901394174106,2026-07-16
2026-07-16,AVGO,Broadcom,Technology,Semiconductor,AI Infrastructure,Networking,Connectivity,9,374.4500122070313,-0.0502941732617933,-0.0664654935507638,-0.0479701321236712,382.8794570922852,403.6531207275391,362.2575604248047,False,False,True,480.8090515136719,276.5635681152344,-0.2212084796902296,22216413.0,26945615.65,0.824490829549853,2026-07-16
2026-07-16,ANET,Arista,Technology,Networking Equipment,AI Infrastructure,Networking,Connectivity,8,168.55999755859375,-0.0195439776997303,-0.0873355605045802,-0.0031344183025339,170.66900100708008,160.69599975585936,144.60774967193603,False,True,True,186.9600067138672,109.77999877929688,-0.0984168190763584,6959331.0,8771921.55,0.7933644823807161,2026-07-16
2026-07-16,CRDO,Credo,Technology,Semiconductor,AI Infrastructure,Optical,Connectivity,7,207.97000122070312,-0.0827820579418078,-0.2171277771542407,-0.1982961401458082,254.5592483520508,228.77019989013672,162.55625022888182,False,False,True,302.5199890136719,87.80999755859375,-0.3125412905812836,7930278.0,9090463.9,0.8723733009929229,2026-07-16
2026-07-16,TSM,TSMC,Technology,Semiconductor Foundry,AI Infrastructure,Foundry,Manufacturing,9,409.739990234375,-0.023219272663437,-0.0622940355021072,-0.071726334616883,439.0580017089844,425.0879876708984,349.704282989502,False,False,True,477.5700073242188,224.84336853027344,-0.1420315682508814,24793300.0,15548270.0,1.5946018431632587,2026-07-16
2026-07-16,ASML,ASML,Technology,Semicap Equipment,AI Infrastructure,Equipment,Manufacturing Equipment,10,1784.8699951171875,-0.0167468333013689,-0.0107413079577732,-0.0569516115498355,1821.654498291016,1712.3880004882812,1350.3397625732423,False,True,True,1989.43994140625,686.0034790039062,-0.1028279075087136,2568853.0,2223317.65,1.1554142971878083,2026-07-16
2026-07-16,VRT,Vertiv,Industrials,Electrical Equipment,AI Infrastructure,Power,Power Infrastructure,7,294.1099853515625,-0.0343435719904009,-0.0920289788850061,-0.0571282266618741,315.96849822998047,322.983041381836,239.99356887817385,False,False,True,376.1517333984375,121.68595123291016,-0.2181081217030377,5004167.0,6598073.35,0.7584285191373328,2026-07-16
2026-07-16,ETN,Eaton,Industrials,Electrical Equipment,AI Infrastructure,Power,Power Infrastructure,8,396.2699890136719,-0.0401831054752466,-0.0235566564199449,-0.0265071699740496,409.7044967651367,404.2107275390625,371.4506005859375,False,False,True,435.7799987792969,313.9706420898437,-0.0906650371203361,3202608.0,2399185.4,1.3348730781706155,2026-07-16
2026-07-16,GEV,GE Vernova,Industrials,Power Equipment,AI Infrastructure,Power,Grid Infrastructure,7,1036.219970703125,-0.0180616121452137,-0.0363075337201553,0.0589124568987589,1085.066491699219,1036.7610620117186,814.1695626831055,False,False,True,1174.8599853515625,546.9464721679688,-0.1180055635369615,2818629.0,3002271.45,0.9388321632276122,2026-07-16
2026-07-16,CEG,Constellation Energy,Utilities,Power Generation,AI Infrastructure,Energy,Power Supply,6,251.7700042724609,-0.0245820126764146,0.0041078358328621,-0.040327812406759,256.3622512817383,268.81719268798827,312.54131896972655,False,False,False,402.3219604492188,236.5,-0.3742076520224169,2768769.0,3655938.45,0.7573346865289813,2026-07-16
2026-07-16,NBIS,Nebius,Technology,AI Cloud Infrastructure,AI Infrastructure,NeoCloud,AI Cloud,7,171.77000427246094,-0.1390406044716948,-0.2055041318359394,-0.3395239764871378,235.0794990539551,224.79579986572264,137.51712543487548,False,False,True,286.69000244140625,50.400001525878906,-0.4008510837151801,24829063.0,18400688.15,1.3493551326774702,2026-07-16
2026-07-16,CRWV,CoreWeave,Technology,AI Cloud Infrastructure,AI Infrastructure,NeoCloud,AI Cloud,8,72.91000366210938,-0.054590235146993,-0.1871794186996551,-0.3167462816264002,93.03600006103515,102.98469940185548,98.27052486419676,False,False,False,148.75,64.55000305175781,-0.5098487148765756,24807100.0,28677580.0,0.8650346368138455,2026-07-16
2026-07-16,MRVL,Marvell,Technology,Semiconductor,AI Infrastructure,Networking,Connectivity,8,188.3000030517578,-0.0870745269727178,-0.2257719754381247,-0.3902277662240223,256.450936126709,235.1008822631836,129.2449920272827,False,False,True,316.3519592285156,62.17753219604492,-0.4047768709542272,34563237.0,44352381.85,0.7792870542306625,2026-07-16
2026-07-16,COHR,Coherent,Technology,Optical Components,AI Infrastructure,Optical,Connectivity,7,276.9599914550781,-0.0748881457080286,-0.1536486990580994,-0.3307558623962803,352.8125,366.6078002929688,246.0150001525879,False,False,True,426.8900146484375,86.55000305175781,-0.3512146408878485,4943536.0,5272341.8,0.9376357200513822,2026-07-16
2026-07-16,NOK,Nokia,Technology,Telecom Infrastructure,AI Infrastructure,AI-RAN,Telecom Edge,5,10.380000114440918,-0.0773333231608073,-0.1953488045433341,-0.2995951195554976,12.710499906539916,13.789999961853027,8.918449993133544,False,False,True,16.850000381469727,4.050000190734863,-0.383976268282106,137308279.0,89900098.95,1.5273429128967604,2026-07-16
2026-07-16,TEAM,Atlassian,Technology,Enterprise Software,Software,Developer Tools,SaaS,8,92.36000061035156,0.0064291597348524,0.0181898527453667,0.0088475972866524,84.7875,89.1340998840332,112.124674949646,True,True,False,203.0,57.150001525878906,-0.545024627535214,2748389.0,4167404.45,0.6594965842588184,2026-07-16
2026-07-16,DDOG,Datadog,Technology,Observability Software,Software,Cloud Software,SaaS,9,262.32000732421875,-0.0080919012327158,-0.0248326865270678,0.1254022542604354,248.3129997253418,230.945,161.70855018615725,True,True,True,277.489990234375,102.61499786376952,-0.0546685770443226,3104768.0,4566198.4,0.67994592613409,2026-07-16
2026-07-16,RDW,Redwire,Industrials,Space Infrastructure,Space Economy,Space Infrastructure,Space Hardware,6,8.449999809265137,-0.0972222094861865,-0.1929322260024077,-0.4302090456684601,11.210000038146973,14.150200061798095,10.08315000295639,False,False,False,25.89999961853028,5.059999942779541,-0.6737451763041902,17127275.0,23614738.75,0.7252790378635885,2026-07-16
2026-07-16,PL,Planet Labs,Technology,Earth Observation,Space Economy,Satellite Data,Space Software,6,22.09000015258789,-0.1128513859032839,-0.1878676642286731,-0.2776324327109168,28.00299997329712,35.305600013732914,25.482699980735777,False,False,False,51.400001525878906,6.179999828338623,-0.5702334728245873,18846361.0,12720958.05,1.481520568334867,2026-07-16
2026-07-16,UUUU,Energy Fuels,Energy,Nuclear Fuel,Nuclear,Nuclear Fuel,Upstream Nuclear,6,11.670000076293944,-0.0789265977883487,-0.1349147313345997,-0.253836328636894,14.105000066757205,16.48140016555786,18.331850028038023,False,False,False,27.71999931335449,8.470000267028809,-0.5790043158236384,12205276.0,9481803.8,1.287231444295441,2026-07-16
2026-07-16,SMR,NuScale Power,Industrials,Small Modular Reactor,Nuclear,SMR,Reactor Developer,6,7.639999866485596,-0.0861243803540801,-0.1539313297441523,-0.2819549229356783,9.655499958992005,10.772600011825562,18.1519499707222,False,False,False,53.43000030517578,7.639999866485596,-0.8570091741933696,26135956.0,30317637.8,0.8620709889211751,2026-07-16
2026-07-16,OKLO,Oklo,Industrials,Advanced Nuclear,Nuclear,SMR,Reactor Developer,7,41.70000076293945,-0.087327598680143,-0.1536431829610706,-0.3134672438159859,51.25650005340576,59.59719985961914,80.74804983139038,False,False,False,174.13999938964844,41.70000076293945,-0.7605374933438855,10020424.0,9742286.2,1.0285495410717866,2026-07-16
2026-07-16,RGTI,Rigetti Computing,Technology,Quantum Computing,Quantum,Quantum Hardware,Quantum Hardware,4,14.100000381469728,-0.0754098110511655,-0.1701000252254999,-0.3788546296223164,18.086250162124635,19.999000129699706,23.359150052070618,False,False,False,56.34000015258789,12.899999618530272,-0.7497337532253794,25539238.0,26983126.9,0.9464891928444364,2026-07-16
2026-07-16,QBTS,D-Wave Quantum,Technology,Quantum Computing,Quantum,Quantum Hardware,Quantum Hardware,4,16.920000076293945,-0.0738916446439417,-0.2003780624618822,-0.3556740316519636,21.84600000381469,23.437799987792967,23.944099955558777,False,False,False,44.77999877929688,12.979999542236328,-0.6221527347580776,16916499.0,22921004.95,0.7380347867339037,2026-07-16
2026-07-16,IONQ,IonQ,Technology,Quantum Computing,Quantum,Quantum Hardware,Quantum Hardware,6,35.099998474121094,-0.0642495322648044,-0.2159928944554138,-0.4262831268545832,48.31299991607666,54.51440010070801,48.368600034713744,False,False,False,82.08999633789062,26.59000015258789,-0.5724205135830924,24352451.0,21944407.55,1.1097338100613248,2026-07-16
2026-07-16,MU,Micron,Technology,Memory,AI Infrastructure,Memory,HBM,9,853.2000122070312,-0.0564869458961303,-0.1396071158851802,-0.2156809508852831,1033.0371459960938,929.3970690917968,479.4822225189209,False,False,True,1213.3734130859375,104.71192932128906,-0.2968364041889525,45784925.0,52471451.25,0.8725682996999249,2026-07-16
2026-07-16,SNDK,Sandisk,Technology,Memory,AI Infrastructure,Memory,NAND,6,1411.0799560546875,-0.1262662810806888,-0.2406485918496207,-0.3305628058113494,1907.18798828125,1725.3295971679688,775.5275997161865,False,False,True,2335.0,40.68999862670898,-0.3956831023320396,17014812.0,12865050.6,1.322560830036689,2026-07-16
2026-07-16,ORCL,Oracle,Technology,Enterprise Software,AI Infrastructure,NeoCloud,AI Cloud,8,124.20999908447266,-0.0624953284428584,-0.1357500832905643,-0.352979027406696,148.12592887878418,179.26604110717773,190.9663248825073,False,False,False,324.6299743652344,124.20999908447266,-0.617379758824345,54322695.0,38603734.75,1.4071875519764314,2026-07-16
2026-07-16,KEYS,Keysight Technologies,Technology,Electronic Test & Measurement,AI Infrastructure,Optical Test & Metrology,R&D Test & Standards,9,312.760009765625,-0.0308325801893809,-0.0292081921653459,-0.1237742824384993,334.61549987792966,342.13239807128906,260.8615991973877,False,False,True,373.3399963378906,158.50999450683594,-0.1622649251794544,1209345.0,1641857.25,0.7365713432151303,2026-07-16
2026-07-16,FORM,FormFactor,Technology,Semiconductor Test Equipment,AI Infrastructure,Optical Test & Metrology,Wafer-Level Test & Probing,8,107.11000061035156,-0.0751230216013124,-0.1032317613782989,-0.2980996308893073,130.37499961853027,130.6975994873047,90.33224962234496,False,False,True,159.92999267578125,27.6200008392334,-0.3302694584155283,1072676.0,2069593.8,0.518302673693746,2026-07-16
2026-07-16,AEHR,Aehr Test Systems,Technology,Semiconductor Test Equipment,AI Infrastructure,Optical Test & Metrology,Wafer & Package Burn-In,6,84.19999694824219,-0.0408930849737603,0.1048418574958025,-0.2733862707633206,87.13249969482422,94.41039978027344,50.23824995994568,False,False,True,116.58000183105467,15.06999969482422,-0.2777492226302838,4286646.0,2595347.3,1.6516656556908589,2026-07-16
2026-07-16,DELL,Dell Technologies,Technology,AI Server & Storage,AI Infrastructure,AI Servers,Systems & Storage,7,391.3800048828125,-0.0516138125690598,-0.1306916533658099,-0.0432444376871306,420.9449981689453,361.7677981567383,199.44675273895265,False,True,True,465.9599914550781,110.7273941040039,-0.1600566313416109,5799648.0,8128157.4,0.7135255525440489,2026-07-16
2026-07-16,CLS,Celestica,Technology,Electronics Manufacturing Services,AI Infrastructure,AI Servers,Contract Manufacturing,7,303.8599853515625,-0.0923320628386644,-0.1435256034808516,-0.2468460127455986,352.3739959716797,371.2553973388672,322.7138496398926,False,False,False,472.3999938964844,156.91000366210938,-0.3567739431043548,2764375.0,1766638.75,1.5647652922817412,2026-07-16
2026-07-16,IREN,IREN Limited,Technology,AI Data Center & Bitcoin Mining,AI Infrastructure,NeoCloud,AI Cloud & Power Infrastructure,5,34.83000183105469,-0.0901253150015266,-0.1651485903176183,-0.4276088298364124,45.44799995422363,53.13640007019043,49.07247508049012,False,False,False,76.41000366210938,15.399999618530272,-0.5441696091904994,40499325.0,39082821.25,1.0362436411880067,2026-07-16
2026-07-16,APH,Amphenol,Technology,Interconnect Components,AI Infrastructure,Connectivity,Connectors & Cables,8,153.13999938964844,-0.0248343992818341,-0.0560897793109298,-0.0329085506246182,162.48351593017577,148.15993682861327,140.0551837539673,False,True,True,176.32000732421875,100.0281753540039,-0.131465556781351,3871700.0,7973765.0,0.4855548163257884,2026-07-16
2026-07-16,GLW,Corning,Technology,Optical Fiber & Materials,AI Infrastructure,Optical,Optical Fiber & Materials,7,158.38999938964844,-0.0918525539595598,-0.1766815917998803,-0.1569619157267855,200.4340003967285,192.1007635498047,131.60264888763427,False,False,True,255.69000244140625,53.317176818847656,-0.3805389421671072,17575850.0,17291097.5,1.0164681565181155,2026-07-16
2026-07-16,CIEN,Ciena,Technology,Optical Networking Equipment,AI Infrastructure,Optical,Connectivity,7,388.80999755859375,-0.0708550267694284,-0.1590388012322411,-0.1609805690727156,449.1809982299805,503.3605993652344,338.90434967041017,False,False,True,627.0,84.36000061035156,-0.3798883611505682,2379621.0,2773721.05,0.8579164801017032,2026-07-16
2026-07-16,STX,Seagate Technology,Technology,Storage Hardware,AI Infrastructure,Storage,HDD Storage,6,745.489990234375,-0.09997585268502,-0.1624555182714946,-0.26774485996089,926.1194122314452,878.9322009277344,484.413205947876,False,False,True,1093.260498046875,145.38954162597656,-0.3181039728717875,6147963.0,5181918.15,1.186426111342573,2026-07-16
2026-07-16,STRL,Sterling Infrastructure,Industrials,Infrastructure Construction,AI Infrastructure,Data Center Construction,Construction & Site Infrastructure,6,641.3499755859375,-0.041072383357941,-0.093075227901155,-0.2599836290252326,765.0469940185546,808.56919921875,488.3480993652344,False,False,True,993.739990234375,242.009994506836,-0.3546098759347762,486621.0,910126.05,0.5346742904458124,2026-07-16
2026-07-16,EQIX,Equinix,Real Estate,Data Center REIT,AI Infrastructure,Data Centers,Colocation & Interconnection,8,1009.1400146484376,-0.0131624890072852,-0.0248630075179987,-0.0518987485493556,1052.416000366211,1061.7415466308594,911.2320678710936,False,False,True,1115.93994140625,718.5999145507812,-0.0957040095036196,462658.0,652587.9,0.7089589004025358,2026-07-16
2026-07-16,NET,Cloudflare,Technology,Edge Cloud & Security,Software,Edge Cloud & Security,SaaS & Edge Network,8,272.4599914550781,-0.0021242934064306,-0.0121102120584494,0.1559118564950126,249.50699768066409,236.08499908447263,210.43479988098144,True,True,True,281.75,160.19000244140625,-0.0329725236731921,2115885.0,3240479.25,0.6529543430960096,2026-07-16
2026-07-16,NOW,ServiceNow,Technology,Enterprise Software,Software,Workflow Automation,SaaS,9,104.01000213623048,-0.0068748324035593,-0.0443770154738482,-0.0013442091944055,102.017000579834,103.11880065917968,129.2286499786377,True,True,False,199.23599243164065,83.0,-0.4779557605691297,18373688.0,21834634.4,0.8414928165685248,2026-07-16
2026-07-16,SNOW,Snowflake,Technology,Data Cloud Software,Software,Data Cloud,SaaS,8,270.0199890136719,-0.006804745417817,0.009458293288209,0.1214386177532,252.7414978027344,220.5987991333008,208.47135032653807,True,True,True,280.1600036621094,121.11000061035156,-0.0361936554679196,3340764.0,6237608.2,0.5355841362399132,2026-07-16
2026-07-16,APP,AppLovin,Technology,AdTech Software,Software,AdTech & AI Applications,Application Software,8,434.4800109863281,-0.0403110011643366,-0.1651518607671761,-0.1658410643830334,488.9819961547852,506.2424005126953,533.2764761352539,False,False,False,733.5999755859375,350.0,-0.4077426043542296,5151536.0,5742756.8,0.8970493056575197,2026-07-16
2026-07-16,CRWD,CrowdStrike,Technology,Cybersecurity Software,Software,Cybersecurity,SaaS,8,203.759994506836,-0.0145572844388913,0.0270161329397427,0.1762566705867543,186.8891242980957,170.2885498046875,129.15851249694825,True,True,True,210.72999572753903,87.5625,-0.0330755059176051,7561686.0,11132394.3,0.6792506442212525,2026-07-16
2026-07-16,FLNC,Fluence Energy,Industrials,Energy Storage,AI Infrastructure,Energy Storage,Grid Storage,6,14.420000076293944,-0.0618087063330241,-0.1385901867709077,-0.4036393757527243,18.511499881744385,20.519999961853028,18.916200013160704,False,False,False,32.22999954223633,6.75,-0.5525907452342027,6534273.0,9007283.65,0.7254432361525552,2026-07-16
2026-07-16,BE,Bloom Energy,Industrials,Fuel Cells & Distributed Power,AI Infrastructure,Power,On-site Power Generation,6,206.72999572753903,-0.136394053343165,-0.1956656891906477,-0.24688526146616,277.5380012512207,277.9874011230469,172.6199506378174,False,False,True,345.8500061035156,24.309999465942383,-0.4022553358993923,16197840.0,15445592.0,1.0487030862915452,2026-07-16
2026-07-16,KLAC,KLA,Technology,Semicap Equipment,AI Infrastructure,Equipment,Process Control & Metrology,9,219.3699951171875,-0.0228508012597439,-0.0442227647539795,-0.144489573240696,243.50949935913087,216.77878784179688,157.16307552337648,False,True,True,301.7099914550781,84.03205871582031,-0.2729110691388896,14751975.0,15241323.75,0.9678932907648524,2026-07-16
2026-07-16,RMBS,Rambus,Technology,Semiconductor IP,AI Infrastructure,Memory Interface,Memory & IP,7,101.41999816894533,-0.0142871146799814,-0.1113642284267383,-0.2922045996162354,118.20050086975098,131.838800201416,109.30164985656738,False,False,False,170.66000366210938,62.84999847412109,-0.4057189968790385,3460804.0,3770415.2,0.9178840569070484,2026-07-16
2026-07-16,LITE,Lumentum,Technology,Optical Components,AI Infrastructure,Optical,Connectivity,6,706.22998046875,-0.0608643876745346,-0.1012255966573394,-0.2622226529672737,798.4234954833985,874.6066003417968,569.3768999481201,False,False,True,1053.0899658203125,99.62999725341795,-0.3293735545959487,3926185.0,4876874.25,0.8050617667658747,2026-07-16
2026-07-17,NVDA,NVIDIA,Technology,Semiconductor,AI Infrastructure,GPU,Compute,10,202.8099975585937,-0.022131130535045,-0.0386329583612859,-0.0221783232356018,202.1249992370605,209.81287689208983,192.1986602020264,True,False,True,235.465576171875,164.97772216796875,-0.1386851494141323,138213660.0,144691088.0,0.9552327092875272,2026-07-17
2026-07-17,AVGO,Broadcom,Technology,Semiconductor,AI Infrastructure,Networking,Connectivity,9,370.8250122070313,-0.009680864953466,-0.0728679374071099,-0.0140640691525119,381.8067504882813,402.5359271240234,362.481322479248,False,False,True,480.8090515136719,276.5635681152344,-0.2287478552252529,22814332.0,26145596.6,0.872587929395346,2026-07-17
2026-07-17,ANET,Arista,Technology,Networking Equipment,AI Infrastructure,Networking,Connectivity,8,168.61000061035156,0.000296648389191,-0.0981493658780157,0.0035712524440991,170.8530014038086,160.66379974365233,144.73394969940185,False,True,True,186.9600067138672,109.77999877929688,-0.0981493658780157,6267438.0,8846466.9,0.7084679195487635,2026-07-17
2026-07-17,CRDO,Credo,Technology,Semiconductor,AI Infrastructure,Optical,Connectivity,7,202.67999267578125,-0.0254364019515871,-0.2137787115187487,-0.1526047375102871,252.22674789428712,228.952399597168,162.83960021972655,False,False,True,302.5199890136719,87.80999755859375,-0.3300277666391774,8262896.0,9132304.8,0.9047985345386194,2026-07-17
2026-07-17,TSM,TSMC,Technology,Semiconductor Foundry,AI Infrastructure,Foundry,Manufacturing,9,398.3699951171875,-0.0277492931814729,-0.0823293438077243,-0.0644858096446385,437.3690017700195,425.1856170654297,350.3406637573242,False,False,True,477.5700073242188,224.84336853027344,-0.1658395858039363,20866543.0,16049792.15,1.3001129737371708,2026-07-17
2026-07-17,ASML,ASML,Technology,Semicap Equipment,AI Infrastructure,Equipment,Manufacturing Equipment,10,1747.5799560546875,-0.0208922998114782,-0.027674533038524,-0.0312159045931214,1815.641998291016,1718.4811987304688,1354.2899240112304,False,True,True,1989.43994140625,686.0034790039062,-0.1215718958475328,2205347.0,2218067.35,0.9942651200379464,2026-07-17
2026-07-17,VRT,Vertiv,Industrials,Electrical Equipment,AI Infrastructure,Power,Power Infrastructure,7,289.5599975585937,-0.0154703614959891,-0.0918898235558273,-0.0335113763030195,314.5674987792969,321.9552606201172,240.72540557861328,False,False,True,376.1517333984375,121.68595123291016,-0.2302042717110697,5963900.0,6587880.0,0.9052836420821264,2026-07-17
2026-07-17,ETN,Eaton,Industrials,Electrical Equipment,AI Infrastructure,Power,Power Infrastructure,8,399.989990234375,0.0093875421400502,-0.0178992549763591,-0.018935030738764,409.2219955444336,404.0159735107422,371.6305758666993,False,False,True,435.7799987792969,313.9706115722656,-0.0821286168368822,2212122.0,2399491.1,0.9219129839656416,2026-07-17
2026-07-17,GEV,GE Vernova,Industrials,Power Equipment,AI Infrastructure,Power,Grid Infrastructure,7,1057.8399658203125,0.0208642911046361,-0.0309004297740328,0.0768463298320416,1085.5154907226563,1036.0248486328126,816.4534362792969,False,True,True,1174.8599853515625,546.9464721679688,-0.0996033748619271,3281343.0,2967082.15,1.1059157900296088,2026-07-17
2026-07-17,CEG,Constellation Energy,Utilities,Power Generation,AI Infrastructure,Energy,Power Supply,6,252.38999938964844,0.0024625456037905,0.0040177996945571,-0.0582462709341475,255.623250579834,267.4665338134766,312.1386791992188,False,False,False,402.3219604492188,236.5,-0.3726666098270188,2308681.0,3608034.05,0.6398722872363136,2026-07-17
2026-07-17,NBIS,Nebius,Technology,AI Cloud Infrastructure,AI Infrastructure,NeoCloud,AI Cloud,7,177.7100067138672,0.0345811392772874,-0.1909400789803002,-0.3296491790932837,229.91949920654287,224.8316000366211,137.8545754623413,False,False,True,286.69000244140625,50.400001525878906,-0.3801318315932988,24812710.0,18600800.5,1.3339592562158815,2026-07-17
2026-07-17,CRWV,CoreWeave,Technology,AI Cloud Infrastructure,AI Infrastructure,NeoCloud,AI Cloud,8,73.20999908447266,0.0041145989205206,-0.1763051153598309,-0.3744339071340413,90.93600006103516,101.89109939575197,98.0239748764038,False,False,False,148.75,64.55000305175781,-0.5078319389279149,35350570.0,29122693.5,1.2138496049481138,2026-07-17
2026-07-17,MRVL,Marvell,Technology,Semiconductor,AI Infrastructure,Networking,Connectivity,8,188.67999267578125,0.0020180011570101,-0.1998643203034752,-0.3227597972091114,251.41150588989257,235.50031463623048,129.7773178100586,False,False,True,316.3519592285156,62.17753219604492,-0.4035757099911337,29542911.0,43315650.55,0.6820377998455341,2026-07-17
2026-07-17,COHR,Coherent,Technology,Optical Components,AI Infrastructure,Optical,Connectivity,7,277.6000061035156,0.002310855965423,-0.1445300274159765,-0.2748360599933769,347.75,365.4452001953125,246.863150177002,False,False,True,426.8900146484375,86.55000305175781,-0.349715391370465,5950597.0,5285444.85,1.1258460108613186,2026-07-17
2026-07-17,NOK,Nokia,Technology,Telecom Infrastructure,AI Infrastructure,AI-RAN,Telecom Edge,5,10.119999885559082,-0.0250481913309535,-0.1864951586077734,-0.2761087112353207,12.524999904632567,13.72399995803833,8.945549993515014,False,False,True,16.850000381469727,4.050000190734863,-0.3994065485785838,115510979.0,90848973.95,1.2714615694347091,2026-07-17
2026-07-17,TEAM,Atlassian,Technology,Enterprise Software,Software,Developer Tools,SaaS,8,93.29000091552734,0.0100692973043521,0.0498537055452115,0.0607163633038863,85.23250007629395,89.15289993286133,111.76457496643066,True,True,False,203.0,57.150001525878906,-0.5404433452437076,3128415.0,4079180.75,0.7669223777347939,2026-07-17
2026-07-17,DDOG,Datadog,Technology,Observability Software,Software,Cloud Software,SaaS,9,258.69000244140625,-0.0138380786118458,0.0044653019271907,0.1193371198053614,249.91599960327147,233.20420013427736,162.27570022583006,True,True,True,277.489990234375,102.61499786376952,-0.0677501475894313,3389400.0,4561840.0,0.7429896708345756,2026-07-17
2026-07-17,RDW,Redwire,Industrials,Space Infrastructure,Space Economy,Space Infrastructure,Space Hardware,6,8.449999809265137,0.0,-0.1699411045234513,-0.3740740882025825,10.914500045776368,14.145400066375732,10.080750000476836,False,False,False,25.89999961853028,5.059999942779541,-0.6737451763041902,13620695.0,22578909.75,0.6032485691653026,2026-07-17
2026-07-17,PL,Planet Labs,Technology,Earth Observation,Space Economy,Satellite Data,Space Software,6,22.46999931335449,0.0172023158959591,-0.1374280241288029,-0.2034739438994726,27.71549997329712,35.012399978637696,25.531099977493287,False,False,False,51.400001525878906,6.179999828338623,-0.5628404932626065,8067706.0,12589675.3,0.64081922748238,2026-07-17
2026-07-17,UUUU,Energy Fuels,Energy,Nuclear Fuel,Nuclear,Nuclear Fuel,Upstream Nuclear,6,11.489999771118164,-0.0154241905740367,-0.1539028103335599,-0.2509778580947551,13.914500045776368,16.29040014266968,18.3067000246048,False,False,False,27.71999931335449,8.470000267028809,-0.5854978334872216,8340565.0,9559818.25,0.8724606244475411,2026-07-17
2026-07-17,SMR,NuScale Power,Industrials,Small Modular Reactor,Nuclear,SMR,Reactor Developer,6,7.71999979019165,0.0104711943853545,-0.1460177187202999,-0.2194135973510033,9.524499940872191,10.689600009918212,17.999749970436095,False,False,False,53.43000030517578,7.639999866485596,-0.8555118894610261,20281342.0,29077822.1,0.6974849055149835,2026-07-17
2026-07-17,OKLO,Oklo,Industrials,Advanced Nuclear,Nuclear,SMR,Reactor Developer,7,41.11000061035156,-0.0141486844554747,-0.1584441782095427,-0.2844212347361481,50.371000099182126,59.05179992675781,80.37104982376098,False,False,False,174.13999938964844,41.11000061035156,-0.76392557278948,8706614.0,9711270.7,0.896547348844884,2026-07-17
2026-07-17,RGTI,Rigetti Computing,Technology,Quantum Computing,Quantum,Quantum Hardware,Quantum Hardware,4,14.109999656677246,0.0007091684352478,-0.1469166338781077,-0.3163759654104533,17.779500102996828,19.91580011367797,23.281450052261352,False,False,False,56.34000015258789,12.899999618530272,-0.7495562723027589,22426046.0,26821862.3,0.8361106976527874,2026-07-17
2026-07-17,QBTS,D-Wave Quantum,Technology,Quantum Computing,Quantum,Quantum Hardware,Quantum Hardware,4,16.729999542236328,-0.0112293459338584,-0.1672474158701659,-0.301169625354192,21.536499977111816,23.341599960327148,23.90119995594025,False,False,False,44.77999877929688,12.979999542236328,-0.6263957124096415,16411213.0,22458120.65,0.7307473878051324,2026-07-17
2026-07-17,IONQ,IonQ,Technology,Quantum Computing,Quantum,Quantum Hardware,Quantum Hardware,6,34.779998779296875,-0.009116800818671,-0.1885208053194288,-0.3795933298733862,47.31749992370605,54.25000007629394,48.22120001792908,False,False,False,82.08999633789062,26.59000015258789,-0.576318670594905,23845271.0,22169453.55,1.075591283574962,2026-07-17
2026-07-17,MU,Micron,Technology,Memory,AI Infrastructure,Memory,HBM,9,848.9500122070312,-0.0049812469985862,-0.1331052560101679,-0.1681878365415666,1023.333169555664,933.5740380859374,482.90878593444825,False,False,True,1213.3734130859375,104.7119369506836,-0.3003390357401014,62804973.0,53350893.65,1.177205641802778,2026-07-17
2026-07-17,SNDK,Sandisk,Technology,Memory,AI Infrastructure,Memory,NAND,6,1354.8199462890625,-0.0398701785283134,-0.2928619591560919,-0.3197158429002221,1876.9889831542969,1724.2995971679688,781.7341994476318,False,False,True,2335.0,40.68999862670898,-0.4197773249297377,19626369.0,13408998.45,1.4636715093363293,2026-07-17
2026-07-17,ORCL,Oracle,Technology,Enterprise Software,AI Infrastructure,NeoCloud,AI Cloud,8,126.41000366210938,0.0177119764419331,-0.1011802886041994,-0.3264494266279283,145.30174293518067,178.10009292602538,190.2005084609985,False,False,False,324.6300048828125,124.20999908447266,-0.6106028347326,33592043.0,39475417.15,0.8509610645115121,2026-07-17
2026-07-17,KEYS,Keysight Technologies,Technology,Electronic Test & Measurement,AI Infrastructure,Optical Test & Metrology,R&D Test & Standards,9,315.8999938964844,0.0100395959611729,-0.0190963953721305,-0.0981758366197511,332.87549896240233,341.3317980957031,261.5746991729736,False,False,True,373.3399963378906,158.50999450683594,-0.1538544035057532,1105764.0,1668848.2,0.6625911212296002,2026-07-17
2026-07-17,FORM,FormFactor,Technology,Semiconductor Test Equipment,AI Infrastructure,Optical Test & Metrology,Wafer-Level Test & Probing,8,105.56999969482422,-0.0143777509733158,-0.1016847965417911,-0.2472190847142388,128.65599975585937,129.90899948120116,90.6788496208191,False,False,True,159.92999267578125,27.6200008392334,-0.3398986773616538,1794829.0,2106501.45,0.8520426131204418,2026-07-17
2026-07-17,AEHR,Aehr Test Systems,Technology,Semiconductor Test Equipment,AI Infrastructure,Optical Test & Metrology,Wafer & Package Burn-In,6,81.05000305175781,-0.0374108552334114,0.1163912500721167,-0.2268434452345141,85.553999710083,94.20759979248048,50.49124997138977,False,False,True,116.58000183105467,15.06999969482422,-0.3047692419046811,5075377.0,2753833.85,1.8430222288102087,2026-07-17
2026-07-17,DELL,Dell Technologies,Technology,AI Server & Storage,AI Infrastructure,AI Servers,Systems & Storage,7,396.3399963378906,0.0126730834309312,-0.08881073355496,-0.0191545993159222,419.7959976196289,365.3681979370117,200.7662842941284,False,True,True,465.9599914550781,110.7273941040039,-0.1494119589533458,6400768.0,8042603.4,0.7958577194046396,2026-07-17
2026-07-17,CLS,Celestica,Technology,Electronics Manufacturing Services,AI Infrastructure,AI Servers,Contract Manufacturing,7,301.3399963378906,-0.008293257207777,-0.1625955502937904,-0.2111725121475951,348.42249603271483,368.9289971923829,322.99079963684085,False,False,False,472.3999938964844,156.91000366210938,-0.3621083822369346,2115416.0,1820145.8,1.1622233779293945,2026-07-17
2026-07-17,IREN,IREN Limited,Technology,AI Data Center & Bitcoin Mining,AI Infrastructure,NeoCloud,AI Cloud & Power Infrastructure,5,33.619998931884766,-0.0347402479344998,-0.1827904853993711,-0.4319026907989992,44.22349987030029,52.71400001525879,49.01092507362366,False,False,False,76.41000366210938,15.399999618530272,-0.5600052699833014,39832530.0,39311411.5,1.0132561635442676,2026-07-17
2026-07-17,APH,Amphenol,Technology,Interconnect Components,AI Infrastructure,Connectivity,Connectors & Cables,8,151.1999969482422,-0.0126681627865893,-0.0494153195711959,-0.046482547213295,162.00015029907226,148.45425476074217,140.20939865112305,False,True,True,176.32000732421875,100.02816772460938,-0.1424682924938045,6697245.0,7953717.25,0.8420270408782762,2026-07-17
2026-07-17,GLW,Corning,Technology,Optical Fiber & Materials,AI Infrastructure,Optical,Optical Fiber & Materials,7,154.61000061035156,-0.02386513538647,-0.1900570951610798,-0.1285649746026561,199.39450073242188,191.9559246826172,131.97711917877197,False,False,True,255.69000244140625,53.31717300415039,-0.3953224641789352,14202527.0,17453061.35,0.8137556337645028,2026-07-17
2026-07-17,CIEN,Ciena,Technology,Optical Networking Equipment,AI Infrastructure,Optical,Connectivity,7,374.4100036621094,-0.0370360689974652,-0.187337205525939,-0.1298860927640784,446.0654983520508,499.95379943847655,340.0557997131348,False,False,True,627.0,84.36000061035156,-0.402854858593127,3363361.0,2808843.05,1.1974186311335553,2026-07-17
2026-07-17,STX,Seagate Technology,Technology,Storage Hardware,AI Infrastructure,Storage,HDD Storage,6,787.6599731445312,0.0565667996385819,-0.1347628908889172,-0.2357305710945896,912.2368957519532,879.2761877441407,487.2151876831055,False,False,True,1093.260498046875,145.38954162597656,-0.2795312969308808,7006393.0,5306204.65,1.3204151483301725,2026-07-17
2026-07-17,STRL,Sterling Infrastructure,Industrials,Infrastructure Construction,AI Infrastructure,Data Center Construction,Construction & Site Infrastructure,6,638.5599975585938,-0.0043501647049956,-0.064092954428531,-0.2555493491319625,755.0644927978516,805.2203991699218,489.8353993225098,False,False,True,993.739990234375,242.009994506836,-0.3574174292734375,1018082.0,926239.1,1.0991567943957452,2026-07-17
2026-07-17,EQIX,Equinix,Real Estate,Data Center REIT,AI Infrastructure,Data Centers,Colocation & Interconnection,8,1020.0,0.0107616239510093,-0.0296895597428187,-0.0682208956468823,1048.9899993896483,1060.6785021972655,912.4870715332032,False,False,True,1115.93994140625,718.5999145507812,-0.0859723161134921,445414.0,635440.7,0.7009528977290879,2026-07-17
2026-07-17,NET,Cloudflare,Technology,Edge Cloud & Security,Software,Edge Cloud & Security,SaaS & Edge Network,8,277.6600036621094,0.0190854157311701,0.0345007823256373,0.2021474745406077,252.04649810791017,236.7495993041992,210.7301998901368,True,True,True,281.75,160.19000244140625,-0.0145164022640306,3028647.0,3285257.35,0.921890335318784,2026-07-17
2026-07-17,NOW,ServiceNow,Technology,Enterprise Software,Software,Workflow Automation,SaaS,9,103.23999786376952,-0.007403175239362,-0.0415003366326043,0.0188492647606908,102.40500030517578,103.34340057373046,128.80399997711183,True,False,False,199.23599243164065,83.0,-0.4818205455563359,13002785.0,20973719.25,0.6199560910018379,2026-07-17
2026-07-17,SNOW,Snowflake,Technology,Data Cloud Software,Software,Data Cloud,SaaS,8,268.8999938964844,-0.0041478229862855,0.0284948607443698,0.1283148104752429,254.46049728393555,223.14259887695312,208.6896002960205,True,True,True,280.1600036621094,121.11000061035156,-0.0401913535780977,5115433.0,6185846.65,0.8269576162221868,2026-07-17
2026-07-17,APP,AppLovin,Technology,AdTech Software,Software,AdTech & AI Applications,Application Software,8,424.5400085449219,-0.0228779280750824,-0.1626099661819396,-0.1759704998331366,486.2344970703125,505.1710009765625,531.8373762512207,False,False,False,733.5999755859375,350.0,-0.4212922264537492,5625552.0,5751252.6,0.9781437873203483,2026-07-17
2026-07-17,CRWD,CrowdStrike,Technology,Cybersecurity Software,Software,Cybersecurity,SaaS,8,203.0800018310547,-0.0033372236656515,0.0849450249889378,0.1954848768913093,188.50612411499023,171.9674998474121,129.56334999084473,True,True,True,210.72999572753903,87.5625,-0.0363023492221551,8867564.0,11179368.2,0.7932079739533044,2026-07-17
2026-07-17,FLNC,Fluence Energy,Industrials,Energy Storage,AI Infrastructure,Energy Storage,Grid Storage,6,14.06999969482422,-0.0242718709859868,-0.129331693831828,-0.4117893122931728,18.043999862670898,20.547599964141845,18.929550013542176,False,False,False,32.22999954223633,6.75,-0.5634502049438146,8780345.0,9017622.25,0.9736873819481626,2026-07-17
2026-07-17,BE,Bloom Energy,Industrials,Fuel Cells & Distributed Power,AI Infrastructure,Power,On-site Power Generation,6,214.9600067138672,0.0398104346559118,-0.1212133347880365,-0.2346909606344109,274.0365020751953,276.38160125732423,173.3267506790161,False,False,True,345.8500061035156,24.989999771118164,-0.378458861008295,14533705.0,15628395.25,0.9299550444886528,2026-07-17
2026-07-17,KLAC,KLA,Technology,Semicap Equipment,AI Infrastructure,Equipment,Process Control & Metrology,9,212.75,-0.0301773043922943,-0.0810729264257085,-0.1035688772654717,242.21049957275392,217.5724057006836,157.69701713562011,False,False,True,301.7099914550781,84.03205871582031,-0.2948526531257532,13052355.0,15243517.75,0.8562560961363397,2026-07-17
2026-07-17,RMBS,Rambus,Technology,Semiconductor IP,AI Infrastructure,Memory Interface,Memory & IP,7,101.44000244140624,0.0001972418933355,-0.0950936322731151,-0.2342994737859915,116.7675006866455,131.50760025024414,109.28889987945556,False,False,False,170.66000366210938,62.84999847412109,-0.4056017797688096,3959714.0,3858870.7,1.026132852805874,2026-07-17
2026-07-17,LITE,Lumentum,Technology,Optical Components,AI Infrastructure,Optical,Connectivity,6,732.8200073242188,0.0376506628022503,-0.0862707467474451,-0.162835839440498,791.5654968261719,869.3718005371094,572.2280999755859,False,False,True,1053.0899658203125,99.62999725341795,-0.304124024433769,4925328.0,4868666.4,1.0116380124134197,2026-07-17
2026-07-20,NVDA,NVIDIA,Technology,Semiconductor,AI Infrastructure,GPU,Compute,10,203.27999877929688,0.0023174460152899,-0.0012283201567308,-0.0066943325582529,201.75449905395507,209.72671569824217,192.2833490753173,True,False,True,235.465576171875,164.97772216796875,-0.1366890987457321,88271631.0,137332081.55,0.6427604533749237,2026-07-20
2026-07-20,AVGO,Broadcom,Technology,Semiconductor,AI Infrastructure,Networking,Connectivity,9,378.1600036621094,0.0197665166120952,-0.0153365038877035,-0.0359925854601798,380.17999877929685,401.6038720703125,362.7317903137207,False,False,True,480.8090515136719,276.5635986328125,-0.2134923365697987,14214613.0,24623630.65,0.5772752687061605,2026-07-20
2026-07-20,ANET,Arista,Technology,Networking Equipment,AI Infrastructure,Networking,Connectivity,8,169.35000610351562,0.0043888588487357,-0.0651393220565698,0.0267993307707423,170.8370018005371,161.10959991455078,144.8521496963501,False,True,True,186.9600067138672,109.77999877929688,-0.0941912707422115,5976739.0,8653251.95,0.6906928209804408,2026-07-20
2026-07-20,CRDO,Credo,Technology,Semiconductor,AI Infrastructure,Optical,Connectivity,7,212.07000732421875,0.046329262817067,-0.1047365630158086,-0.1494404774122738,249.2387489318848,229.22799987792968,163.1719002532959,False,False,True,302.5199890136719,87.80999755859375,-0.2989884469596665,5157797.0,8923029.85,0.5780320235060068,2026-07-20
2026-07-20,TSM,TSMC,Technology,Semiconductor Foundry,AI Infrastructure,Foundry,Manufacturing,9,402.2999877929688,0.0098651824282729,-0.0457327183295783,-0.069073253558036,434.3780014038086,424.8612188720703,350.96663146972656,False,False,True,477.5700073242188,224.8433532714844,-0.1576104411434483,10757296.0,15300754.8,0.7030565577065518,2026-07-20
2026-07-20,ASML,ASML,Technology,Semicap Equipment,AI Infrastructure,Equipment,Manufacturing Equipment,10,1739.02001953125,-0.00489816588579,0.0075200923356333,-0.0689623464415977,1806.1089965820315,1722.3667993164063,1358.1700228881837,False,True,True,1989.43994140625,686.0034790039062,-0.1258745824204117,1603536.0,2178041.8,0.7362282946084874,2026-07-20
2026-07-20,VRT,Vertiv,Industrials,Electrical Equipment,AI Infrastructure,Power,Power Infrastructure,7,291.6700134277344,0.0072869729483737,-0.0464248926541902,-0.0815856610619114,312.49850006103514,320.61175415039065,241.430072631836,False,False,True,376.1517333984375,121.68595886230467,-0.2245947910632546,3763088.0,6417999.4,0.5863334920224517,2026-07-20
2026-07-20,ETN,Eaton,Industrials,Electrical Equipment,AI Infrastructure,Power,Power Infrastructure,8,401.4100036621094,0.003550122409069,-0.0035745374695023,-0.0200908375452317,408.2039962768555,403.63959899902346,371.78245635986326,False,False,True,435.7799987792969,313.9706115722656,-0.0788700610708715,1238984.0,2297494.2,0.5392762253763251,2026-07-20
2026-07-20,GEV,GE Vernova,Industrials,Power Equipment,AI Infrastructure,Power,Grid Infrastructure,7,1079.1800537109375,0.0201732668268745,0.03508543926873,0.0289076414229036,1083.9879943847657,1035.2406787109376,818.7818032836914,False,True,True,1174.8599853515625,546.9464721679688,-0.0814394334929995,2032487.0,2851554.35,0.7127646015233762,2026-07-20
2026-07-20,CEG,Constellation Energy,Utilities,Power Generation,AI Infrastructure,Energy,Power Supply,6,253.5,0.0043979579739128,-0.015801557667759,-0.051165972005432,254.5952507019043,266.0909484863281,311.7674609375,False,False,False,402.3219299316406,236.5,-0.3699075761466129,2231237.0,3370631.85,0.6619640172212815,2026-07-20
2026-07-20,NBIS,Nebius,Technology,AI Cloud Infrastructure,AI Infrastructure,NeoCloud,AI Cloud,7,182.6199951171875,0.0276292173643657,-0.1324877683598189,-0.3498985698748889,224.715998840332,224.58220001220704,138.2063254547119,False,False,True,286.69000244140625,50.400001525878906,-0.3630053592311388,16051634.0,17574001.7,0.9133738731799486,2026-07-20
2026-07-20,CRWV,CoreWeave,Technology,AI Cloud Infrastructure,AI Infrastructure,NeoCloud,AI Cloud,8,73.05999755859375,-0.002048921291555,-0.1230344532514353,-0.3658536746882037,88.69150009155274,100.59269943237304,97.7050248336792,False,False,False,148.75,64.55000305175781,-0.5088403525472689,21983744.0,26969667.2,0.8151284862721628,2026-07-20
2026-07-20,MRVL,Marvell,Technology,Semiconductor,AI Infrastructure,Networking,Connectivity,8,194.94000244140625,0.0331779203340436,-0.1038477288863967,-0.3265590665647406,245.6333366394043,235.9569641113281,130.33256149291992,False,False,True,316.3519592285156,62.17753219604492,-0.383787592411931,24530203.0,31994510.15,0.7667003771895536,2026-07-20
2026-07-20,COHR,Coherent,Technology,Optical Components,AI Infrastructure,Optical,Connectivity,7,285.3999938964844,0.0280979381176964,-0.0715378499757162,-0.2466675747696762,342.54149932861327,364.2597998046875,247.75155014038089,False,False,True,426.8900146484375,86.55000305175781,-0.3314437346783019,3161722.0,5067616.1,0.6239071661328095,2026-07-20
2026-07-20,NOK,Nokia,Technology,Telecom Infrastructure,AI Infrastructure,AI-RAN,Telecom Edge,5,10.079999923706056,-0.0039525654451939,-0.1377245264729476,-0.2711496761162023,12.354499912261964,13.661799964904786,8.971899993419648,False,False,True,16.850000381469727,4.050000190734863,-0.4017804335012819,81085548.0,88590787.4,0.9152819427361812,2026-07-20
2026-07-20,TEAM,Atlassian,Technology,Enterprise Software,Software,Developer Tools,SaaS,8,96.43000030517578,0.0336584774234449,0.0028077852826953,0.1426709444555844,85.91800003051758,89.30549987792969,111.44822498321533,True,True,False,203.0,57.150001525878906,-0.524975367954799,2822133.0,3847286.65,0.7335385316298176,2026-07-20
2026-07-20,DDOG,Datadog,Technology,Observability Software,Software,Cloud Software,SaaS,9,263.20001220703125,0.0174340319419437,0.0113742010595312,0.1613643671901636,251.92600021362304,235.59400024414063,162.8797003173828,True,True,True,277.489990234375,102.61499786376952,-0.0514972738846329,3042955.0,4295827.75,0.7083512601267591,2026-07-20
2026-07-20,RDW,Redwire,Industrials,Space Infrastructure,Space Economy,Space Infrastructure,Space Hardware,6,8.600000381469727,0.0177515474071512,-0.1032325083802015,-0.4011141652450654,10.627000045776366,14.124600067138672,10.078800003528595,False,False,False,25.89999961853028,5.059999942779541,-0.6679536483345422,16926142.0,21087007.1,0.8026810974042874,2026-07-20
2026-07-20,PL,Planet Labs,Technology,Earth Observation,Space Economy,Satellite Data,Space Software,6,22.14999961853028,-0.0142411973566031,-0.1467642373000406,-0.2150956712444611,27.411499977111816,34.661599998474124,25.576949977874754,False,False,False,51.400001525878906,6.179999828338623,-0.5690661680743692,8098017.0,12171295.85,0.6653372902771072,2026-07-20
2026-07-20,UUUU,Energy Fuels,Energy,Nuclear Fuel,Nuclear,Nuclear Fuel,Upstream Nuclear,6,11.739999771118164,0.0217580509120993,-0.1003831724498183,-0.2326797630873566,13.673500061035156,16.05480012893677,18.28865002155304,False,False,False,27.71999931335449,8.470000267028809,-0.5764790742450612,6172938.0,8452051.9,0.7303478578970864,2026-07-20
2026-07-20,SMR,NuScale Power,Industrials,Small Modular Reactor,Nuclear,SMR,Reactor Developer,6,7.960000038146973,0.0310881158650089,-0.0467066258090527,-0.2301740889090077,9.335499954223632,10.578400001525878,17.85954997062683,False,False,False,53.43000030517578,7.639999866485596,-0.8510200263394743,33981488.0,27465034.4,1.237263624181006,2026-07-20
2026-07-20,OKLO,Oklo,Industrials,Advanced Nuclear,Nuclear,SMR,Reactor Developer,7,41.5099983215332,0.0097299368825822,-0.0938660319330372,-0.2942876821336363,49.388000106811525,58.289599838256834,80.02044982910157,False,False,False,174.13999938964844,41.11000061035156,-0.7616285835131298,6652659.0,9345672.95,0.7118437629470011,2026-07-20
2026-07-20,RGTI,Rigetti Computing,Technology,Quantum Computing,Quantum,Quantum Hardware,Quantum Hardware,4,14.25,0.009922065678896,-0.0722656042635203,-0.2961225285610018,17.42400007247925,19.79900011062622,23.20375004768372,False,False,False,56.34000015258789,12.899999618530272,-0.7470713531876793,15140619.0,25791225.95,0.587045339735004,2026-07-20
2026-07-20,QBTS,D-Wave Quantum,Technology,Quantum Computing,Quantum,Quantum Hardware,Quantum Hardware,4,16.719999313354492,-0.0005977423284794,-0.1039657315070486,-0.2705061405890695,21.13799991607666,23.19939994812012,23.861249957084656,False,False,False,44.77999877929688,12.979999542236328,-0.6266190315064357,12912573.0,21610893.65,0.5975029635111827,2026-07-20
2026-07-20,IONQ,IonQ,Technology,Quantum Computing,Quantum,Quantum Hardware,Quantum Hardware,6,34.2400016784668,-0.0155260816498796,-0.1193415448091027,-0.3739257169820994,46.202000045776366,53.88340011596679,48.08490002632141,False,False,False,82.08999633789062,26.59000015258789,-0.5828967815087781,16392344.0,21974202.2,0.745981303475946,2026-07-20
2026-07-20,MU,Micron,Technology,Memory,AI Infrastructure,Memory,HBM,9,865.4600219726562,0.019447564082959,-0.0763500299117863,-0.1702439979504939,1009.9153930664064,937.553487548828,486.4008265686035,False,False,True,1213.3734130859375,104.71192932128906,-0.2867323343013122,37344218.0,51994390.9,0.7182355125925709,2026-07-20
2026-07-20,SNDK,Sandisk,Technology,Memory,AI Infrastructure,Memory,NAND,6,1390.949951171875,0.0266677538825546,-0.1690711449336046,-0.2898969182668608,1837.2989807128904,1723.9189965820312,788.12794921875,False,False,True,2335.0,40.68999862670898,-0.4043040894338865,12404763.0,13425398.15,0.9239772900143002,2026-07-20
2026-07-20,ORCL,Oracle,Technology,Enterprise Software,AI Infrastructure,NeoCloud,AI Cloud,8,121.37999725341795,-0.0397912053079001,-0.0772388364853743,-0.3363359027769029,142.18818893432618,176.66054656982422,189.41705451965333,False,False,False,324.62994384765625,121.37999725341795,-0.6260973469829397,36384270.0,40038273.5,0.9087372361348198,2026-07-20
2026-07-20,KEYS,Keysight Technologies,Technology,Electronic Test & Measurement,AI Infrastructure,Optical Test & Metrology,R&D Test & Standards,9,314.1300048828125,-0.0056030042667613,-0.0208832776544221,-0.1042771772207128,330.39849853515625,340.2807983398437,262.270749206543,False,False,True,373.3399963378906,158.50999450683594,-0.1585953608932118,780815.0,1603430.75,0.4869652150552807,2026-07-20
2026-07-20,FORM,FormFactor,Technology,Semiconductor Test Equipment,AI Infrastructure,Optical Test & Metrology,Wafer-Level Test & Probing,8,105.30999755859376,-0.0024628411194663,-0.0452403024034597,-0.2475169713827102,126.44399948120116,129.0327995300293,91.02329961776734,False,False,True,159.92999267578125,27.6200008392334,-0.3415244020420617,1041675.0,2061803.75,0.5052250971994788,2026-07-20
2026-07-20,AEHR,Aehr Test Systems,Technology,Semiconductor Test Equipment,AI Infrastructure,Optical Test & Metrology,Wafer & Package Burn-In,6,77.36000061035156,-0.0455274805979939,0.1373126202327919,-0.3130882727429217,83.6569995880127,93.82019973754883,50.72749997138977,False,False,True,116.58000183105467,16.450000762939453,-0.3364213467549943,3340033.0,2851101.65,1.1714885717946957,2026-07-20
2026-07-20,DELL,Dell Technologies,Technology,AI Server & Storage,AI Infrastructure,AI Servers,Systems & Storage,7,381.8800048828125,-0.0364838057947364,-0.1058977359930377,-0.0892874219866585,418.4149978637696,368.2297979736328,201.97459690094,False,True,True,465.9599914550781,110.7273941040039,-0.1804446478542172,4317602.0,7534610.1,0.5730358894085309,2026-07-20
2026-07-20,CLS,Celestica,Technology,Electronics Manufacturing Services,AI Infrastructure,AI Servers,Contract Manufacturing,7,307.3399963378906,0.0199110641564892,-0.1096239560252635,-0.1919972650755409,345.16199645996096,366.7983972167969,323.2955995941162,False,False,False,472.3999938964844,156.91000366210938,-0.3494072813107675,1574674.0,1794913.7,0.877297889029428,2026-07-20
2026-07-20,IREN,IREN Limited,Technology,AI Data Center & Bitcoin Mining,AI Infrastructure,NeoCloud,AI Cloud & Power Infrastructure,5,40.20000076293945,0.1957168958983606,0.0312981332742501,-0.3082085640904582,43.235499954223634,52.29840003967285,48.97727507591247,False,False,False,76.41000366210938,15.399999618530272,-0.4738908672127959,89872144.0,42200557.2,2.1296435393985744,2026-07-20
2026-07-20,APH,Amphenol,Technology,Interconnect Components,AI Infrastructure,Connectivity,Connectors & Cables,8,150.50999450683594,-0.0045635083024667,-0.0351305262731609,-0.0643842126230721,161.33999938964843,148.69922637939453,140.34653545379638,False,True,True,176.32000732421875,100.0281753540039,-0.1463816455606376,4676110.0,7546580.5,0.619632958265005,2026-07-20
2026-07-20,GLW,Corning,Technology,Optical Fiber & Materials,AI Infrastructure,Optical,Optical Fiber & Materials,7,153.10000610351562,-0.0097664737136986,-0.163890527042789,-0.1271379051821947,197.3035011291504,191.39208160400392,132.3352491760254,False,False,True,255.69000244140625,53.317169189453125,-0.4012280314377957,6722884.0,16650624.2,0.4037616799975583,2026-07-20
2026-07-20,CIEN,Ciena,Technology,Optical Networking Equipment,AI Infrastructure,Optical,Connectivity,7,378.7699890136719,0.0116449488766789,-0.1496722635199433,-0.1326937443786673,443.5929977416992,495.9933996582032,341.2212996673584,False,False,True,627.0,84.36000061035156,-0.3959011339494866,1456191.0,2666854.55,0.5460331535516251,2026-07-20
2026-07-20,STX,Seagate Technology,Technology,Storage Hardware,AI Infrastructure,Storage,HDD Storage,6,802.4500122070312,0.0187771875768354,-0.0676340979641733,-0.2467452814946495,898.8860260009766,879.6079956054688,490.0531132507324,False,False,True,1093.260498046875,145.38954162597656,-0.2660029209501127,4786141.0,5124397.05,0.9339910536401548,2026-07-20
2026-07-20,STRL,Sterling Infrastructure,Industrials,Infrastructure Construction,AI Infrastructure,Data Center Construction,Construction & Site Infrastructure,6,650.219970703125,0.0182597926414289,-0.0148778977806279,-0.2242755948289816,744.4814910888672,800.5003991699218,491.38809921264647,False,False,True,993.739990234375,242.009994506836,-0.3456840047769742,552970.0,908178.5,0.6088781005055725,2026-07-20
2026-07-20,EQIX,Equinix,Real Estate,Data Center REIT,AI Infrastructure,Data Centers,Colocation & Interconnection,8,1017.3099975585938,-0.0026372572954963,-0.0213750744202267,-0.0654191201768815,1045.2460021972656,1059.3725927734374,913.721149597168,False,False,True,1115.93994140625,718.5999145507812,-0.0883828422911073,448678.0,623608.9,0.7194862036125527,2026-07-20
2026-07-20,NET,Cloudflare,Technology,Edge Cloud & Security,Software,Edge Cloud & Security,SaaS & Edge Network,8,272.4200134277344,-0.0188719663086645,0.0107224229641464,0.2007758597033444,254.4644989013672,237.2261996459961,211.01934997558592,True,True,True,281.75,160.19000244140625,-0.0331144155182453,2876819.0,3207100.95,0.8970154182393292,2026-07-20
2026-07-20,NOW,ServiceNow,Technology,Enterprise Software,Software,Workflow Automation,SaaS,9,104.6999969482422,0.0141417969264121,-0.0589610377676965,0.0965646550811423,102.88800010681152,103.65640045166016,128.40721996307374,True,True,False,199.23599243164065,83.0,-0.4744925569401546,20454115.0,20338505.75,1.0056842548524,2026-07-20
2026-07-20,SNOW,Snowflake,Technology,Data Cloud Software,Software,Data Cloud,SaaS,8,274.3399963378906,0.0202305785231828,0.0211799835126693,0.1697935840866162,256.56299743652346,225.83459869384765,208.9335502624512,True,True,True,280.1600036621094,121.11000061035156,-0.0207738693894294,3792428.0,6004501.4,0.6315974878447026,2026-07-20
2026-07-20,APP,AppLovin,Technology,AdTech Software,Software,AdTech & AI Applications,Application Software,8,424.6000061035156,0.000141323685368,-0.0412103415343164,-0.1144757664368115,483.9789978027344,504.2864013671875,530.3676763916015,False,False,False,733.5999755859375,350.0,-0.4212104413384404,5017560.0,5524723.0,0.9082011894532992,2026-07-20
2026-07-20,CRWD,CrowdStrike,Technology,Cybersecurity Software,Software,Cybersecurity,SaaS,8,198.4900054931641,-0.0226019120371542,0.0563035582186413,0.1625278148483544,189.8698745727539,173.5969499206543,129.94282501220704,True,True,True,210.72999572753903,87.5625,-0.0580837587554481,6914488.0,10460394.4,0.6610159938137705,2026-07-20
2026-07-20,FLNC,Fluence Energy,Industrials,Energy Storage,AI Infrastructure,Energy Storage,Grid Storage,6,14.279999732971191,0.0149253761692846,-0.0580475015368248,-0.3902647443871868,17.51799988746643,20.561999950408936,18.94695001125336,False,False,False,32.22999954223633,6.75,-0.5569345350359769,4360058.0,8733817.9,0.4992155835994702,2026-07-20
2026-07-20,BE,Bloom Energy,Industrials,Fuel Cells & Distributed Power,AI Infrastructure,Power,On-site Power Generation,6,197.0599975585937,-0.0832713462793109,-0.1560238428947953,-0.3085371265266821,267.44400177001955,274.613401184082,173.88920066833495,False,False,True,345.8500061035156,25.36000061035156,-0.4302154284201107,17174229.0,15811756.45,1.086168323823379,2026-07-20
2026-07-20,KLAC,KLA,Technology,Semicap Equipment,AI Infrastructure,Equipment,Process Control & Metrology,9,207.6000061035156,-0.0242067868224882,-0.0659167329425618,-0.1303983168480926,239.6125,218.0964562988281,158.19800468444825,False,False,True,301.7099914550781,84.03205871582031,-0.3119220046299813,8223684.0,14346514.2,0.573218266497098,2026-07-20
2026-07-20,RMBS,Rambus,Technology,Semiconductor IP,AI Infrastructure,Memory Interface,Memory & IP,7,100.8499984741211,-0.0058162850264712,-0.0219183602255121,-0.2248271042056786,114.75150070190428,130.9238003540039,109.27214988708496,False,False,False,170.66000366210938,62.84999847412109,-0.4090589692369014,1756102.0,3730420.1,0.4707518062107804,2026-07-20
2026-07-20,LITE,Lumentum,Technology,Optical Components,AI Infrastructure,Optical,Connectivity,6,765.5499877929688,0.0446630552408886,-0.0033848031484176,-0.1200372365114813,787.3429962158203,865.7971997070313,575.2422998809815,False,False,True,1053.0899658203125,99.62999725341795,-0.2730440772962472,4401829.0,4671166.45,0.9423404297656744,2026-07-20
2026-07-21,NVDA,NVIDIA,Technology,Semiconductor,AI Infrastructure,GPU,Compute,10,,,,,,,,,,,,,,,,,
2026-07-21,AVGO,Broadcom,Technology,Semiconductor,AI Infrastructure,Networking,Connectivity,9,386.5,0.0220541470730006,-0.0067075774197991,-0.0589238166246564,379.89849853515625,401.0957104492188,363.006629486084,True,False,True,480.8090515136719,276.5635986328125,-0.1961465808864668,16450311.0,24138040.55,0.6815097922271076,2026-07-21
2026-07-21,ANET,Arista,Technology,Networking Equipment,AI Infrastructure,Networking,Connectivity,8,174.5800018310547,0.0308827607856252,-0.0437640640446211,0.0289385496263183,170.83800201416017,161.76619995117187,144.97869968414307,True,True,True,186.9600067138672,109.77999877929688,-0.066217396439012,6353898.0,8498864.9,0.7476172494517473,2026-07-21
2026-07-21,CRDO,Credo,Technology,Semiconductor,AI Infrastructure,Optical,Connectivity,7,223.8699951171875,0.0556419455153249,-0.0521212547224202,-0.1764337778176949,245.3062492370605,229.9395999145508,163.5667002105713,False,False,True,302.5199890136719,87.80999755859375,-0.2599828003197829,4657564.0,8682068.2,0.5364578914503344,2026-07-21
2026-07-21,TSM,TSMC,Technology,Semiconductor Foundry,AI Infrastructure,Foundry,Manufacturing,9,424.6099853515625,0.0554561228822976,0.010038227731584,-0.0811694152210682,432.225,425.089771118164,351.65860931396486,False,False,True,477.5700073242188,224.84336853027344,-0.1108947822527348,18130136.0,15569811.8,1.1644415637702183,2026-07-21
2026-07-21,ASML,ASML,Technology,Semicap Equipment,AI Infrastructure,Equipment,Manufacturing Equipment,10,1801.510009765625,0.0359340257918474,0.0145693918270419,-0.066420360048201,1799.7219970703125,1728.065,1362.1876062011718,True,True,True,1989.43994140625,686.00341796875,-0.0944637371197972,1656760.0,2173088.0,0.7623989456478523,2026-07-21
2026-07-21,VRT,Vertiv,Industrials,Electrical Equipment,AI Infrastructure,Power,Power Infrastructure,7,304.5,0.0439880206452709,0.0030305470334928,-0.0857228309244558,309.82550048828125,319.90296875,242.1452835083008,False,False,True,376.1517333984375,121.68595123291016,-0.1904862507240944,2725670.0,6190548.5,0.4402953954726306,2026-07-21
2026-07-21,ETN,Eaton,Industrials,Electrical Equipment,AI Infrastructure,Power,Power Infrastructure,8,402.9500122070313,0.0038364976728835,-0.0302511964261411,-0.0446214223317594,406.5624969482422,403.7375994873047,371.944068145752,False,False,True,435.7799987792969,313.9706115722656,-0.0753361482037465,1500281.0,2264589.05,0.6624959173056145,2026-07-21
2026-07-21,GEV,GE Vernova,Industrials,Power Equipment,AI Infrastructure,Power,Grid Infrastructure,7,1078.81005859375,-0.000342848365215,0.0120074377452976,-0.0278625633435075,1081.5489990234375,1035.9149584960935,821.1519696044921,False,True,True,1174.8599853515625,546.9464721679688,-0.0817543604815774,2786515.0,2820645.75,0.9878996680104192,2026-07-21
2026-07-21,CEG,Constellation Energy,Utilities,Power Generation,AI Infrastructure,Energy,Power Supply,6,262.2200012207031,0.0343984269061268,0.0225792953644174,-0.0432022055147222,253.92975082397464,265.11940612792966,311.3311328125,True,False,False,402.3219604492188,236.5,-0.3482334373994465,2486967.0,3357743.35,0.7406661977306872,2026-07-21
2026-07-21,NBIS,Nebius,Technology,AI Cloud Infrastructure,AI Infrastructure,NeoCloud,AI Cloud,7,216.9199981689453,0.1878217280081924,0.1176258553341926,-0.2433639250699736,221.3814994812012,225.2251998901367,138.7128754425049,False,False,True,286.69000244140625,50.400001525878906,-0.2433639250699736,25233876.0,18146393.8,1.3905724893945597,2026-07-21
2026-07-21,CRWV,CoreWeave,Technology,AI Cloud Infrastructure,AI Infrastructure,NeoCloud,AI Cloud,8,79.58000183105469,0.0892417805958989,-0.0045033850307352,-0.3253073006354099,87.1060001373291,99.60749954223633,97.41767482757568,False,False,False,148.75,64.55000305175781,-0.4650083910517332,24583369.0,26746483.45,0.9191252766351982,2026-07-21
2026-07-21,MRVL,Marvell,Technology,Semiconductor,AI Infrastructure,Networking,Connectivity,8,207.9600067138672,0.0667898025515538,-0.0650961857966769,-0.3302488310322544,240.6421340942383,236.91675354003905,130.95380321502685,False,False,True,316.3519592285156,62.17753219604492,-0.3426308873793063,21759687.0,30652109.35,0.7098919931264045,2026-07-21
2026-07-21,COHR,Coherent,Technology,Optical Components,AI Infrastructure,Optical,Connectivity,7,317.2200012207031,0.1114926699534548,0.0207549391352184,-0.1857175982321003,337.12849884033204,364.2203997802735,248.76440013885497,False,False,True,426.8900146484375,86.55000305175781,-0.2569046116434754,4516900.0,4856985.0,0.9299802243572916,2026-07-21
2026-07-21,NOK,Nokia,Technology,Telecom Infrastructure,AI Infrastructure,AI-RAN,Telecom Edge,5,10.630000114440918,0.0545635113985842,-0.091452966860469,-0.2120088736250723,12.16449990272522,13.627399959564208,9.000949993133545,False,False,True,16.850000381469727,4.050000190734863,-0.369139473365773,94412386.0,87446274.3,1.0796616180136105,2026-07-21
2026-07-21,TEAM,Atlassian,Technology,Enterprise Software,Software,Developer Tools,SaaS,8,90.5999984741211,-0.0604583823768978,0.0170632758399484,0.0952610872477328,86.45,89.27009979248047,111.15337493896484,True,True,False,203.0,57.150001525878906,-0.553694588797433,3253799.0,3721414.95,0.8743445822938933,2026-07-21
2026-07-21,DDOG,Datadog,Technology,Observability Software,Software,Cloud Software,SaaS,9,254.7899932861328,-0.0319529579439501,-0.0588779117694502,0.1425560237046315,253.5970001220703,236.9152001953125,163.39015029907227,True,True,True,277.489990234375,102.61499786376952,-0.0818047416019194,4240154.0,4305442.7,0.9848357754244412,2026-07-21
2026-07-21,RDW,Redwire,Industrials,Space Infrastructure,Space Economy,Space Infrastructure,Space Hardware,6,9.420000076293944,0.0953487974943649,-0.0328541788854152,-0.3435540191024615,10.44700002670288,14.129000072479249,10.080100004673003,False,False,False,25.89999961853028,5.059999942779541,-0.6362934279908498,19479623.0,20416181.15,0.9541266731951976,2026-07-21
2026-07-21,PL,Planet Labs,Technology,Earth Observation,Space Economy,Satellite Data,Space Software,6,23.100000381469727,0.0428894257020529,-0.0962440976475959,-0.1817215460131818,27.12799997329712,34.41879997253418,25.623599977493285,False,False,False,51.400001525878906,6.179999828338623,-0.5505836635074939,4824517.0,11652375.85,0.414037193968473,2026-07-21
2026-07-21,UUUU,Energy Fuels,Energy,Nuclear Fuel,Nuclear,Nuclear Fuel,Upstream Nuclear,6,12.350000381469728,0.0519591671417438,-0.0665154339542668,-0.2542270060534134,13.485000038146971,15.834800128936768,18.271850023269653,False,False,False,27.71999931335449,8.470000267028809,-0.5544732796757342,6123531.0,8307896.55,0.7370735736953778,2026-07-21
2026-07-21,SMR,NuScale Power,Industrials,Small Modular Reactor,Nuclear,SMR,Reactor Developer,6,8.710000038146973,0.0942211050760992,0.0127906571858136,-0.2580919754722109,9.208999967575073,10.501000003814696,17.720049967765807,False,False,False,53.43000030517578,7.639999866485596,-0.8369829685869713,31973951.0,27499997.55,1.162689230857768,2026-07-21
2026-07-21,OKLO,Oklo,Industrials,Advanced Nuclear,Nuclear,SMR,Reactor Developer,7,44.130001068115234,0.0631173898463617,-0.045631499432539,-0.2785678863969775,48.67450008392334,57.73559982299805,79.66144983291626,False,False,False,174.13999938964844,41.11000061035156,-0.7465832018904985,6841992.0,9275044.6,0.7376775309522501,2026-07-21
2026-07-21,RGTI,Rigetti Computing,Technology,Quantum Computing,Quantum,Quantum Hardware,Quantum Hardware,4,15.279999732971191,0.0722806830155222,-0.0515208470474576,-0.2846442276988447,17.119000101089476,19.737800102233887,23.130900044441223,False,False,False,56.34000015258789,12.899999618530272,-0.728789497841893,17830851.0,24805612.55,0.718823248732876,2026-07-21
2026-07-21,QBTS,D-Wave Quantum,Technology,Quantum Computing,Quantum,Quantum Hardware,Quantum Hardware,4,17.799999237060547,0.0645932995250451,-0.0606860939091868,-0.2790603948142057,20.804499912261964,23.115599937438965,23.82209995746613,False,False,False,44.77999877929688,12.979999542236328,-0.6025011227715795,16388107.0,20996010.35,0.7805343361340075,2026-07-21
2026-07-21,IONQ,IonQ,Technology,Quantum Computing,Quantum,Quantum Hardware,Quantum Hardware,6,35.5099983215332,0.0370910216358164,-0.0962077502141337,-0.3720601449935757,45.061499977111815,53.64000007629394,47.94700001716614,False,False,False,82.08999633789062,26.59000015258789,-0.5674259970073515,17158215.0,21437050.75,0.8003999803937583,2026-07-21
2026-07-21,MU,Micron,Technology,Memory,AI Infrastructure,Memory,HBM,9,970.8200073242188,0.1217387085210635,-0.0125111765136082,-0.1437584307084987,997.8967071533204,944.0392761230468,490.345636138916,False,True,True,1213.3734130859375,104.71192932128906,-0.1999000498493202,47631170.0,51755613.5,0.920309253024312,2026-07-21
2026-07-21,SNDK,Sandisk,Technology,Memory,AI Infrastructure,Memory,NAND,6,1589.4000244140625,0.1426723320094971,-0.0958118163527224,-0.2725025634905309,1803.082482910156,1728.9077978515625,795.4693493270875,False,False,True,2335.0,40.68999862670898,-0.3193147647048983,13860791.0,13632069.55,1.016778189779702,2026-07-21
2026-07-21,ORCL,Oracle,Technology,Enterprise Software,AI Infrastructure,NeoCloud,AI Cloud,8,127.0500030517578,0.0467128515953247,-0.006956380902494,-0.3081989774303353,139.8175361633301,175.3232391357422,188.6235389709473,False,False,False,324.62994384765625,121.37999725341795,-0.6086312878414556,24504133.0,40140461.65,0.6104596706849285,2026-07-21
2026-07-21,KEYS,Keysight Technologies,Technology,Electronic Test & Measurement,AI Infrastructure,Optical Test & Metrology,R&D Test & Standards,9,328.1099853515625,0.0445038049579673,0.0073065860834489,-0.097781028853615,328.13699798583986,339.74179809570313,263.0457991027832,False,False,True,373.3399963378906,158.50999450683594,-0.1211496529436744,1014152.0,1591342.6,0.6372933144628944,2026-07-21
2026-07-21,FORM,FormFactor,Technology,Semiconductor Test Equipment,AI Infrastructure,Optical Test & Metrology,Wafer-Level Test & Probing,8,113.75,0.0801443608116152,-0.0221783013018568,-0.2393848366513759,124.2984992980957,128.41419967651368,91.39849962234496,False,False,True,159.92999267578125,27.6200008392334,-0.2887512961336766,1126347.0,2057582.35,0.5474128410947926,2026-07-21
2026-07-21,AEHR,Aehr Test Systems,Technology,Semiconductor Test Equipment,AI Infrastructure,Optical Test & Metrology,Wafer & Package Burn-In,6,98.91000366210938,0.2785677725146527,0.3735592379929215,-0.1421509016117806,82.93599967956543,93.9731997680664,51.05579998970032,True,True,True,116.58000183105467,16.84000015258789,-0.1515697194322599,5173060.0,3056493.0,1.6924822010061855,2026-07-21
2026-07-21,DELL,Dell Technologies,Technology,AI Server & Storage,AI Infrastructure,AI Servers,Systems & Storage,7,404.1499938964844,0.0583167192021636,-0.1166892810493873,-0.013064727969513,417.6869979858399,371.7073977661133,203.2551420593261,False,True,True,465.9599914550781,110.7273941040039,-0.1326508685125011,4956612.0,7436350.6,0.6665382344936777,2026-07-21
2026-07-21,CLS,Celestica,Technology,Electronics Manufacturing Services,AI Infrastructure,AI Servers,Contract Manufacturing,7,339.5899963378906,0.1049326491321496,-0.0157667520524382,-0.0884713260905928,343.2994964599609,365.8859973144531,323.7350995635986,False,False,True,472.3999938964844,156.91000366210938,-0.281138863832619,2875069.0,1844473.45,1.5587478366793517,2026-07-21
2026-07-21,IREN,IREN Limited,Technology,AI Data Center & Bitcoin Mining,AI Infrastructure,NeoCloud,AI Cloud & Power Infrastructure,5,41.290000915527344,0.0271144311418214,0.0699663320099361,-0.3113742237160929,42.45650005340576,51.98720008850098,48.94832507133484,False,False,False,76.41000366210938,15.399999618530272,-0.4596257173587539,50191514.0,43133585.7,1.1636295287178038,2026-07-21
2026-07-21,APH,Amphenol,Technology,Interconnect Components,AI Infrastructure,Connectivity,Connectors & Cables,8,157.80999755859375,0.0485017827266365,-0.0035360079299072,-0.0360570918556418,160.94499893188475,149.12714233398438,140.51564853668214,False,True,True,176.32000732421875,100.0281753540039,-0.1049796336021506,4609977.0,7352233.85,0.6270171887963003,2026-07-21
2026-07-21,GLW,Corning,Technology,Optical Fiber & Materials,AI Infrastructure,Optical,Optical Fiber & Materials,7,162.41000366210938,0.0608099097807937,-0.1344595811639665,-0.1667863472821201,194.9325012207032,190.9978643798828,132.73451656341553,False,False,True,255.69000244140625,53.43587493896485,-0.3648167620502599,10127848.0,16284107.4,0.621946770014548,2026-07-21
2026-07-21,CIEN,Ciena,Technology,Optical Networking Equipment,AI Infrastructure,Optical,Connectivity,7,408.7300109863281,0.0790981937367134,-0.0854719582831057,-0.0455139652020362,441.0129989624023,493.3927996826172,342.5063497161865,False,False,True,627.0,84.36000061035156,-0.3481180048064942,1786957.0,2578142.85,0.6931179162551059,2026-07-21
2026-07-21,STX,Seagate Technology,Technology,Storage Hardware,AI Infrastructure,Storage,HDD Storage,6,891.8300170898438,0.1113838912370188,0.0153932205813791,-0.166098928248205,888.814501953125,882.1267175292969,493.2345657348633,True,True,True,1093.260498046875,145.38954162597656,-0.1842474701289305,6046884.0,5087234.2,1.1886388088836168,2026-07-21
2026-07-21,STRL,Sterling Infrastructure,Industrials,Infrastructure Construction,AI Infrastructure,Data Center Construction,Construction & Site Infrastructure,6,694.4000244140625,0.067946319248181,0.0217474903667695,-0.1943193710492469,732.5639923095703,798.1602001953125,493.1704493713379,False,False,True,993.739990234375,242.009994506836,-0.3012256412763592,523520.0,902416.0,0.5801315579511002,2026-07-21
2026-07-21,EQIX,Equinix,Real Estate,Data Center REIT,AI Infrastructure,Data Centers,Colocation & Interconnection,8,1027.8800048828125,0.0103901537875232,0.0042402123499203,-0.0588816414484052,1040.8430053710938,1058.6999951171874,915.0537713623048,False,False,True,1115.93994140625,718.5999145507812,-0.0789109998271671,537850.0,615062.5,0.8744639772380856,2026-07-21
2026-07-21,NET,Cloudflare,Technology,Edge Cloud & Security,Software,Edge Cloud & Security,SaaS & Edge Network,8,272.3099975585937,-0.0004038465006896,-0.0335048888781055,0.2153441066042241,257.16099853515624,237.5365994262696,211.295599975586,True,True,True,281.75,160.19000244140625,-0.0335048888781055,3237586.0,3211979.3,1.0079722493852934,2026-07-21
2026-07-21,NOW,ServiceNow,Technology,Enterprise Software,Software,Workflow Automation,SaaS,9,102.05999755859376,-0.0252148946188939,-0.0266094511791143,0.0738636003308319,103.34049987792967,103.82580047607422,128.0050899887085,False,False,False,199.23599243164065,83.0,-0.4877431717383529,18287946.0,20011792.3,0.9138584753350651,2026-07-21
2026-07-21,SNOW,Snowflake,Technology,Data Cloud Software,Software,Data Cloud,SaaS,8,271.7300109863281,-0.0095136888036839,-0.0152569088128934,0.1697878463994504,258.8199981689453,228.19479888916013,209.13945030212403,True,True,True,280.1600036621094,121.11000061035156,-0.0300899220644941,2866900.0,5847400.0,0.4902862810821903,2026-07-21
2026-07-21,APP,AppLovin,Technology,AdTech Software,Software,AdTech & AI Applications,Application Software,8,428.6900024414063,0.0096325866205793,-0.0451913404793865,-0.08733045870836,481.9439971923828,502.8828015136719,528.9906762695313,False,False,False,733.5999755859375,350.0,-0.4156352007795461,4822728.0,5353136.4,0.9009163300976228,2026-07-21
2026-07-21,CRWD,CrowdStrike,Technology,Cybersecurity Software,Software,Cybersecurity,SaaS,8,191.1499938964844,-0.036979250307555,-0.0929151152091818,0.1164325437898692,190.9843742370605,174.89134979248047,130.2736249923706,True,True,True,210.72999572753903,87.5625,-0.0929151152091818,9499990.0,10272044.5,0.924839256683516,2026-07-21
2026-07-21,FLNC,Fluence Energy,Industrials,Energy Storage,AI Infrastructure,Energy Storage,Grid Storage,6,15.279999732971191,0.0700280125139702,-0.0211402902603458,-0.3838709595548248,17.02249984741211,20.48819995880127,18.95610001087189,False,False,False,32.22999954223633,6.75,-0.5259075411109682,6276815.0,8584610.75,0.7311706008335905,2026-07-21
2026-07-21,BE,Bloom Energy,Industrials,Fuel Cells & Distributed Power,AI Infrastructure,Power,On-site Power Generation,6,226.259994506836,0.148178206180886,-0.0704190625285632,-0.3120914779494704,261.4645011901856,273.96580078125,174.5695506286621,False,False,True,345.8500061035156,25.93000030517578,-0.3457857726938581,14883770.0,15996358.5,0.9304473890104424,2026-07-21
2026-07-21,KLAC,KLA,Technology,Semicap Equipment,AI Infrastructure,Equipment,Process Control & Metrology,9,217.5599975585937,0.0479768360416703,-0.0556061893046332,-0.1618122992566248,237.03249969482425,218.92565155029297,158.7237636566162,False,False,True,301.7099914550781,84.03206634521484,-0.2789101994622327,9896059.0,14264257.95,0.6937661275257575,2026-07-21
2026-07-21,RMBS,Rambus,Technology,Semiconductor IP,AI Infrastructure,Memory Interface,Memory & IP,7,105.79000091552734,0.0489836640173464,0.0038907161965795,-0.2506198038699194,113.02350044250488,130.50760040283205,109.28539989471436,False,False,False,170.66000366210938,62.84999847412109,-0.3801125123319374,2681595.0,3746314.75,0.7157954360348393,2026-07-21
2026-07-21,LITE,Lumentum,Technology,Optical Components,AI Infrastructure,Optical,Connectivity,6,837.5599975585938,0.0940631061509453,0.0279332475535187,-0.0146352969898897,784.5244964599609,864.6967993164062,578.573099899292,True,False,True,1053.0899658203125,99.62999725341795,-0.2046643451719056,4015697.0,4528094.85,0.8868403010595064,2026-07-21
2026-07-22,NVDA,NVIDIA,Technology,Semiconductor,AI Infrastructure,GPU,Compute,10,212.0599975585937,0.023011261647718,-0.0020705997242647,0.0163431764287573,202.28749923706056,209.5896502685547,192.50184417724608,True,True,True,235.465576171875,164.97772216796875,-0.0994012755231645,128176151.0,135432182.55,0.9464231365589848,2026-07-22
2026-07-22,AVGO,Broadcom,Technology,Semiconductor,AI Infrastructure,Networking,Connectivity,9,396.80999755859375,0.0266752847570341,0.006416756587019,0.0119347987083515,380.7314987182617,400.4454998779297,363.30920333862304,True,False,True,480.8090515136719,281.62652587890625,-0.1747035620286977,15131620.0,23280551.0,0.6499682932762202,2026-07-22
2026-07-22,ANET,Arista,Technology,Networking Equipment,AI Infrastructure,Networking,Connectivity,8,174.8699951171875,0.0016610910934313,0.0171591262195294,0.0017758797143068,171.47150192260742,162.4281997680664,145.13074962615966,True,True,True,186.9600067138672,113.04000091552734,-0.0646662984730356,2536601.0,8237385.05,0.3079376506747126,2026-07-22
2026-07-22,CRDO,Credo,Technology,Semiconductor,AI Infrastructure,Optical,Connectivity,7,228.2700042724609,0.0196543049593145,0.0067478113355827,-0.24543827660213,243.11949920654297,230.73489990234376,163.95990020751952,False,False,True,302.5199890136719,87.80999755859375,-0.24543827660213,3988342.0,8368062.1,0.4766147708201161,2026-07-22
2026-07-22,TSM,TSMC,Technology,Semiconductor Foundry,AI Infrastructure,Foundry,Manufacturing,9,421.2099914550781,-0.0080073338211047,0.0041241070454878,-0.0993435983464767,431.465998840332,425.2996081542969,352.33537017822266,False,False,True,477.5700073242188,224.8433532714844,-0.1180141445333232,9028630.0,15007016.5,0.6016272454954654,2026-07-22
2026-07-22,ASML,ASML,Technology,Semicap Equipment,AI Infrastructure,Equipment,Manufacturing Equipment,10,1801.8599853515625,0.0001942679108306,-0.0073873495597918,-0.0660308485932033,1800.8919982910156,1732.2617993164065,1366.0731427001954,True,True,True,1989.43994140625,686.00341796875,-0.0942878204818262,978870.0,2102463.5,0.4655823989334416,2026-07-22
2026-07-22,VRT,Vertiv,Industrials,Electrical Equipment,AI Infrastructure,Power,Power Infrastructure,7,301.1600036621094,-0.010968789286997,-0.0111961243067488,-0.1586769168310722,308.9675003051758,319.12818298339846,242.8435459136963,False,False,True,376.1517333984375,121.68595123291016,-0.1993656364648288,2904716.0,5859875.8,0.4956958302768123,2026-07-22
2026-07-22,ETN,Eaton,Industrials,Electrical Equipment,AI Infrastructure,Power,Power Infrastructure,8,406.9100036621094,0.0098275005214381,-0.0144116211320081,-0.0662490137180639,406.6439971923828,403.8455993652344,372.1110055541992,True,True,True,435.7799987792969,313.9706115722656,-0.0662490137180639,1701563.0,2245883.15,0.7576364781043929,2026-07-22
2026-07-22,GEV,GE Vernova,Industrials,Power Equipment,AI Infrastructure,Power,Grid Infrastructure,7,985.030029296875,-0.0869291387764025,-0.0665700080070756,-0.1264288800403844,1079.0515014648438,1034.82318359375,823.0528366088868,False,False,True,1174.8599853515625,546.9464721679688,-0.1615766631101008,4516681.0,2888019.05,1.5639373985431295,2026-07-22
2026-07-22,CEG,Constellation Energy,Utilities,Power Generation,AI Infrastructure,Energy,Power Supply,6,274.8999938964844,0.0483563138462075,0.0650291703200507,-0.0022865201088944,254.1617500305176,264.5542260742188,310.92553558349607,True,True,False,402.3219299316406,236.5,-0.3167163571143307,3299255.0,3353722.75,0.9837590182432344,2026-07-22
2026-07-22,NBIS,Nebius,Technology,AI Cloud Infrastructure,AI Infrastructure,NeoCloud,AI Cloud,7,218.1600036621093,0.0057164185120373,0.093479072070419,-0.2307746026936302,218.52699966430663,226.04739990234376,139.1743254470825,False,False,True,286.69000244140625,50.400001525878906,-0.2390386766043682,16267207.0,18041305.35,0.9016646348153516,2026-07-22
2026-07-22,CRWV,CoreWeave,Technology,AI Cloud Infrastructure,AI Infrastructure,NeoCloud,AI Cloud,8,82.63999938964844,0.0384518407663523,0.0715767174076125,-0.257435540391676,85.95200004577637,98.97729949951172,97.14087482452392,False,False,False,148.75,64.55000305175781,-0.4444369788931197,22824229.0,26637891.45,0.8568331710053575,2026-07-22
2026-07-22,MRVL,Marvell,Technology,Semiconductor,AI Infrastructure,Networking,Connectivity,8,210.9900054931641,0.0145701032961873,0.0229322753432505,-0.3144868934193237,237.243074798584,237.7347927856445,131.57866962432865,False,False,True,316.3519592285156,62.177528381347656,-0.3330529515046997,16411919.0,29174345.95,0.5625462530720419,2026-07-22
2026-07-22,COHR,Coherent,Technology,Optical Components,AI Infrastructure,Optical,Connectivity,7,312.19000244140625,-0.0158564994639076,0.0427884205680604,-0.2662639974138813,333.6769989013672,363.7589996337891,249.7614001464844,False,False,True,426.8900146484375,86.55000305175781,-0.268687503270583,2287314.0,4674355.7,0.4893324656486882,2026-07-22
2026-07-22,NOK,Nokia,Technology,Telecom Infrastructure,AI Infrastructure,AI-RAN,Telecom Edge,5,10.279999732971191,-0.0329257175636573,-0.0862222459581163,-0.2875953211668374,11.993499898910525,13.57659996032715,9.027949991226196,False,False,True,16.850000381469727,4.050000190734863,-0.3899110088877916,85741086.0,87847189.3,0.9760253763747908,2026-07-22
2026-07-22,TEAM,Atlassian,Technology,Enterprise Software,Software,Developer Tools,SaaS,8,85.4000015258789,-0.057395110770642,-0.0694126114220445,0.0680340483203261,86.65250015258789,89.14609985351562,110.82512493133544,False,False,False,203.0,57.150001525878906,-0.5793103373109414,2944048.0,3640607.4,0.8086694544432339,2026-07-22
2026-07-22,DDOG,Datadog,Technology,Observability Software,Software,Cloud Software,SaaS,9,245.7700042724609,-0.0354016611772594,-0.0706722672105656,0.110222747858655,254.8569999694824,237.8274002075196,163.8611502838135,False,True,True,277.489990234375,102.61499786376952,-0.1143103790342944,3697840.0,4339587.0,0.8521179550035521,2026-07-22
2026-07-22,RDW,Redwire,Industrials,Space Infrastructure,Space Economy,Space Infrastructure,Space Hardware,6,8.989999771118164,-0.0456475904132851,-0.0395299037532689,-0.3095238513791654,10.285500001907348,14.087400074005126,10.073250005245209,False,False,False,25.89999961853028,5.059999942779541,-0.6528957566205434,10013518.0,19596740.9,0.5109787413681629,2026-07-22
2026-07-22,PL,Planet Labs,Technology,Earth Observation,Space Economy,Satellite Data,Space Software,6,22.600000381469727,-0.0216450212875791,-0.0923694486866142,-0.2144595056698705,26.83149995803833,34.089999961853025,25.662349977493285,False,False,False,51.400001525878906,6.179999828338623,-0.5603112896778599,5494867.0,11320613.35,0.4853859795503041,2026-07-22
2026-07-22,UUUU,Energy Fuels,Energy,Nuclear Fuel,Nuclear,Nuclear Fuel,Upstream Nuclear,6,12.3100004196167,-0.0032388632078946,-0.0284135481065086,-0.2363523710460233,13.327000045776368,15.65340015411377,18.24930002689361,False,False,False,27.71999931335449,8.470000267028809,-0.5559162797783265,5529441.0,7760092.05,0.7125483775672481,2026-07-22
2026-07-22,SMR,NuScale Power,Industrials,Small Modular Reactor,Nuclear,SMR,Reactor Developer,6,8.680000305175781,-0.0034442862043401,0.0382775911052755,-0.227757964241285,9.1,10.423600006103516,17.565899977684023,False,False,False,53.43000030517578,7.639999866485596,-0.8375444458993397,37753435.0,28023836.75,1.3471900845268805,2026-07-22
2026-07-22,OKLO,Oklo,Industrials,Advanced Nuclear,Nuclear,SMR,Reactor Developer,7,44.5,0.0083842946505636,-0.0260450571782978,-0.2380137185393629,48.04000015258789,57.17539978027344,79.23994981765748,False,False,False,174.13999938964844,41.11000061035156,-0.7444584807857462,10479091.0,9477794.55,1.1056465662678876,2026-07-22
2026-07-22,RGTI,Rigetti Computing,Technology,Quantum Computing,Quantum,Quantum Hardware,Quantum Hardware,4,15.229999542236328,-0.0032722638487338,-0.0013115054271259,-0.2876520046743425,16.81650004386902,19.663600082397465,23.03005003452301,False,False,False,56.34000015258789,12.899999618530272,-0.7296769701635017,32511927.0,24162956.35,1.345527696572609,2026-07-22
2026-07-22,QBTS,D-Wave Quantum,Technology,Quantum Computing,Quantum,Quantum Hardware,Quantum Hardware,4,17.350000381469727,-0.0252808356673351,-0.050355777407931,-0.2909684974122181,20.42049989700317,23.011199951171875,23.76279996395111,False,False,False,44.77999877929688,12.979999542236328,-0.6125502265647416,12857283.0,19197224.15,0.6697469852692219,2026-07-22
2026-07-22,IONQ,IonQ,Technology,Quantum Computing,Quantum,Quantum Hardware,Quantum Hardware,6,34.68000030517578,-0.0233736427932781,-0.0754464980802949,-0.405349785894228,43.90300006866456,53.34880004882813,47.77240002632141,False,False,False,82.08999633789062,26.59000015258789,-0.5775368272349601,12874810.0,20904855.5,0.6158765364343226,2026-07-22
2026-07-22,MU,Micron,Technology,Memory,AI Infrastructure,Memory,HBM,9,959.47998046875,-0.0116808746934709,0.0610429837920847,-0.2078228608684513,993.2902923583983,948.2949731445312,494.2257583618164,False,True,True,1213.3734130859375,104.71192932128906,-0.2092459171092826,30291568.0,50344918.4,0.6016807448038292,2026-07-22
2026-07-22,SNDK,Sandisk,Technology,Memory,AI Infrastructure,Memory,NAND,6,1599.27001953125,0.0062098873572284,-0.0097399259868421,-0.2966315115387861,1784.865985107422,1729.646398925781,802.8449994277954,False,False,True,2335.0,40.68999862670898,-0.3150877860679871,10126175.0,13516718.75,0.7491592587883061,2026-07-22
2026-07-22,ORCL,Oracle,Technology,Enterprise Software,AI Infrastructure,NeoCloud,AI Cloud,8,125.83999633789062,-0.0095238621393362,-0.0501925343766141,-0.2787011907261844,137.88016586303712,173.9346258544922,187.8251108551025,False,False,False,324.6299743652344,121.37999725341795,-0.6123586659428106,20859306.0,39679230.3,0.5256983525711183,2026-07-22
2026-07-22,KEYS,Keysight Technologies,Technology,Electronic Test & Measurement,AI Infrastructure,Optical Test & Metrology,R&D Test & Standards,9,327.5299987792969,-0.0017676590111824,0.0149360337511883,-0.1227031606791293,326.8844985961914,339.0863983154297,263.80764907836914,True,False,True,373.3399963378906,158.50999450683594,-0.1227031606791293,854768.0,1588023.4,0.5382590709935383,2026-07-22
2026-07-22,FORM,FormFactor,Technology,Semiconductor Test Equipment,AI Infrastructure,Optical Test & Metrology,Wafer-Level Test & Probing,8,113.38999938964844,-0.0031648405305632,-0.020896280286345,-0.2762032635067941,122.82849960327148,127.72459976196288,91.76834962844848,False,False,True,159.92999267578125,27.6200008392334,-0.2910022848589833,1025866.0,2042943.3,0.5021509897019658,2026-07-22
2026-07-22,AEHR,Aehr Test Systems,Technology,Semiconductor Test Equipment,AI Infrastructure,Optical Test & Metrology,Wafer & Package Burn-In,6,93.54000091552734,-0.0542918061647912,0.0654972085663003,-0.1746227882800977,82.49349975585938,93.89939971923827,51.36224999427795,True,False,True,116.58000183105467,16.84000015258789,-0.1976325317691831,2722578.0,3118523.9,0.8730341941583324,2026-07-22
2026-07-22,DELL,Dell Technologies,Technology,AI Server & Storage,AI Infrastructure,AI Servers,Systems & Storage,7,441.7999877929688,0.0931584670668774,0.0723322120570006,0.0568891578076069,417.7675476074219,374.7429080200195,204.4045803833008,True,True,True,465.1912841796875,110.5447235107422,-0.050283178516482,7151847.0,7477782.35,0.9564128327431194,2026-07-22
2026-07-22,CLS,Celestica,Technology,Electronics Manufacturing Services,AI Infrastructure,AI Servers,Contract Manufacturing,7,335.5,-0.0120439246797514,0.0021806344961774,-0.1097017215253962,342.5144958496094,365.0849975585937,324.15804954528807,False,False,True,472.3999938964844,163.97999572753906,-0.2897967732118194,1290940.0,1826717.0,0.7066995051778683,2026-07-22
2026-07-22,IREN,IREN Limited,Technology,AI Data Center & Bitcoin Mining,AI Infrastructure,NeoCloud,AI Cloud & Power Infrastructure,5,41.27999877929688,-0.0002422411239692,0.0783699084552349,-0.2741339976331034,41.784499931335446,51.588800048828126,48.91962506294251,False,False,False,76.41000366210938,15.399999618530272,-0.4597566182323449,40847104.0,43605460.2,0.9367428714810352,2026-07-22
2026-07-22,APH,Amphenol,Technology,Interconnect Components,AI Infrastructure,Connectivity,Connectors & Cables,8,157.50999450683594,-0.0019010395817693,0.0029928759602451,-0.0494841100404411,160.88549880981446,149.72059951782228,140.68863136291503,False,True,True,176.32000732421875,100.02816772460938,-0.1066811027451626,6043782.0,7247754.1,0.8338834232800476,2026-07-22
2026-07-22,GLW,Corning,Technology,Optical Fiber & Materials,AI Infrastructure,Optical,Optical Fiber & Materials,7,154.05999755859375,-0.0514131267485692,-0.1166791220470381,-0.2657866071857747,192.93200073242187,190.34598571777343,133.09501358032227,False,False,True,255.69000244140625,54.76137924194336,-0.3974735183715365,9903756.0,15883597.8,0.6235209506501103,2026-07-22
2026-07-22,CIEN,Ciena,Technology,Optical Networking Equipment,AI Infrastructure,Optical,Connectivity,7,397.1600036621094,-0.028307212617685,-0.0509008942979326,-0.1372276079178244,437.878498840332,490.3738000488281,343.7288497161865,False,False,True,627.0,86.63999938964844,-0.3665709670460775,1752000.0,2487390.0,0.7043527552977217,2026-07-22
2026-07-22,STX,Seagate Technology,Technology,Storage Hardware,AI Infrastructure,Storage,HDD Storage,6,908.0999755859376,0.0182433403051229,0.0963418917892275,-0.1693654191217274,882.327001953125,884.6470690917969,496.5078137207031,True,True,True,1093.260498046875,146.06398010253906,-0.1693654191217274,5235296.0,5089234.8,1.0287000316825623,2026-07-22
2026-07-22,STRL,Sterling Infrastructure,Industrials,Infrastructure Construction,AI Infrastructure,Data Center Construction,Construction & Site Infrastructure,6,719.3400268554688,0.0359159008706122,0.0755360470350878,-0.2287965404926628,723.9184936523437,795.6510009765625,495.0088494873047,False,False,True,993.739990234375,252.67999267578125,-0.2761285306775152,481680.0,892169.0,0.5398977099630227,2026-07-22
2026-07-22,EQIX,Equinix,Real Estate,Data Center REIT,AI Infrastructure,Data Centers,Colocation & Interconnection,8,1028.739990234375,0.0008366592865678,0.0060043172257258,-0.0781403621614171,1036.4835021972656,1057.9387231445312,916.3973321533203,False,False,True,1115.93994140625,718.5999145507812,-0.0781403621614171,345963.0,588748.15,0.5876247764005712,2026-07-22
2026-07-22,NET,Cloudflare,Technology,Edge Cloud & Security,Software,Edge Cloud & Security,SaaS & Edge Network,8,268.9800109863281,-0.0122286607253525,-0.0148696067665328,0.2317062229697664,259.36299896240234,238.99359954833983,211.5177000427246,True,True,True,281.75,160.19000244140625,-0.0453238296847271,2342115.0,3208440.75,0.7299854298384659,2026-07-22
2026-07-22,NOW,ServiceNow,Technology,Enterprise Software,Software,Workflow Automation,SaaS,9,95.45999908447266,-0.0646678290417551,-0.0885133579234934,0.0263412202125714,103.316499710083,103.91140045166016,127.57228996276856,False,False,False,199.23599243164065,83.0,-0.5208697087338489,32729334.0,20063801.7,1.6312628329056902,2026-07-22
2026-07-22,SNOW,Snowflake,Technology,Data Cloud Software,Software,Data Cloud,SaaS,8,267.79998779296875,-0.0144629707226453,-0.0149704174690715,0.1818703037252618,260.68949737548826,230.5017987060547,209.2757502746582,True,True,True,280.1600036621094,121.11000061035156,-0.044117703125274,2519802.0,5762835.1,0.4372504082235496,2026-07-22
2026-07-22,APP,AppLovin,Technology,AdTech Software,Software,AdTech & AI Applications,Application Software,8,412.4800109863281,-0.037812851624161,-0.0889050847597012,-0.1212424676411867,479.2169982910156,501.76140197753904,527.6348762512207,False,False,False,733.5999755859375,359.94000244140625,-0.4377317002268518,7779488.0,5489919.4,1.417049583642339,2026-07-22
2026-07-22,CRWD,CrowdStrike,Technology,Cybersecurity Software,Software,Cybersecurity,SaaS,8,188.4199981689453,-0.0142819556092556,-0.0887459772904768,0.1158355885816257,191.89387435913085,176.02089965820312,130.5947249984741,False,True,True,210.72999572753903,87.5625,-0.105870061267591,8740778.0,10253698.9,0.8524512066567509,2026-07-22
2026-07-22,FLNC,Fluence Energy,Industrials,Energy Storage,AI Infrastructure,Energy Storage,Grid Storage,6,14.65999984741211,-0.0405759094498703,-0.0461938870158388,-0.418023043405999,16.69499988555908,20.29819995880127,18.964150009155272,False,False,False,32.22999954223633,6.75,-0.5451442737937159,8277402.0,8354600.1,0.990759809078115,2026-07-22
2026-07-22,BE,Bloom Energy,Industrials,Fuel Cells & Distributed Power,AI Infrastructure,Power,On-site Power Generation,6,218.22000122070312,-0.0355343122130673,-0.0883950339647965,-0.3690328253011852,256.2765007019043,273.10960083007814,175.22065063476563,False,False,True,345.8500061035156,26.88999938964844,-0.3690328253011852,8317359.0,15840702.95,0.5250624941489734,2026-07-22
2026-07-22,KLAC,KLA,Technology,Semicap Equipment,AI Infrastructure,Equipment,Process Control & Metrology,9,214.69000244140625,-0.0131917408962763,-0.0436970938021993,-0.2023703391276594,235.5424995422364,219.4858367919922,159.22999977111817,False,False,True,301.7099914550781,84.03205871582031,-0.2884226292738746,8971504.0,13780210.2,0.6510426089146304,2026-07-22
2026-07-22,RMBS,Rambus,Technology,Semiconductor IP,AI Infrastructure,Memory Interface,Memory & IP,7,103.83000183105467,-0.0185272621940678,0.0091359942363924,-0.2602066454170688,111.80450019836424,129.99920043945312,109.28599990844728,False,False,False,170.66000366210938,62.84999847412109,-0.3915973303467855,2306234.0,3682886.7,0.6262028098773714,2026-07-22
2026-07-22,LITE,Lumentum,Technology,Optical Components,AI Infrastructure,Optical,Connectivity,6,829.7000122070312,-0.009384384849412,0.1033244843178606,-0.071851242261703,784.6134979248047,863.2147998046875,581.8728499603271,True,False,True,1053.0899658203125,102.12999725341795,-0.2121280810412716,3815276.0,4479398.8,0.8517384073952068,2026-07-22
2026-07-23,NVDA,NVIDIA,Technology,Semiconductor,AI Infrastructure,GPU,Compute,10,208.759994506836,-0.0155616480701221,0.0065573801850271,0.0435912893089844,202.7754989624024,209.38115936279297,192.60873893737792,True,False,True,235.465576171875,164.97772216796875,-0.1134160759258741,110032215.0,133816730.75,0.8222605229055038,2026-07-23
2026-07-23,AVGO,Broadcom,Technology,Semiconductor,AI Infrastructure,Networking,Connectivity,9,392.4700012207031,-0.0109372152027237,0.0481238841667035,0.032408279684396,381.2514984130859,399.7398400878906,363.5891319274903,True,False,True,480.8090515136719,286.5404968261719,-0.1837300067768312,16307026.0,22690696.3,0.7186657379042176,2026-07-23
2026-07-23,ANET,Arista,Technology,Networking Equipment,AI Infrastructure,Networking,Connectivity,8,176.61000061035156,0.0099502804469,0.0477574938796467,0.0888409613639362,172.2150016784668,163.23179992675782,145.2862996292114,True,True,True,186.9600067138672,114.04000091552734,-0.0553594658314052,4322492.0,8176294.6,0.5286614794921896,2026-07-23
2026-07-23,CRDO,Credo,Technology,Semiconductor,AI Infrastructure,Optical,Connectivity,7,236.5,0.0360537765518933,0.1371832409089621,-0.1305307043821089,241.49499969482423,231.26049987792967,164.4230502319336,False,True,True,302.5199890136719,87.80999755859375,-0.2182334768321316,4490954.0,8261707.7,0.5435866485569321,2026-07-23
2026-07-23,TSM,TSMC,Technology,Semiconductor Foundry,AI Infrastructure,Foundry,Manufacturing,9,415.5799865722656,-0.0133662662259352,0.0142529322914028,-0.0476867649983622,430.203498840332,425.539310913086,352.9637394714356,False,False,True,477.5700073242188,224.84336853027344,-0.1298030022850002,11001914.0,15119095.7,0.7276833362460957,2026-07-23
2026-07-23,ASML,ASML,Technology,Semicap Equipment,AI Infrastructure,Equipment,Manufacturing Equipment,10,1803.0,0.0006326876992137,0.010157605277925,0.0137984771102543,1802.903497314453,1737.0055981445312,1369.9541833496094,True,True,True,1989.43994140625,686.0034790039062,-0.093714787526817,1102129.0,2057586.45,0.5356416494675108,2026-07-23
2026-07-23,VRT,Vertiv,Industrials,Electrical Equipment,AI Infrastructure,Power,Power Infrastructure,7,304.0400085449219,0.0095630390748824,0.0337629583758931,-0.0448605128509947,308.34800109863284,317.8521136474609,243.56340141296383,False,False,True,376.1517333984375,121.68596649169922,-0.1917091387616484,3064772.0,5709328.6,0.5368007719856938,2026-07-23
2026-07-23,ETN,Eaton,Industrials,Electrical Equipment,AI Infrastructure,Power,Power Infrastructure,8,415.1300048828125,0.0202010300723125,0.0475938536654865,0.024304199894354,407.1709976196289,403.7681994628906,372.3354016113281,True,True,True,435.7799987792969,313.9706115722656,-0.0473862819641308,1808448.0,2219922.4,0.8146446920847323,2026-07-23
2026-07-23,GEV,GE Vernova,Industrials,Power Equipment,AI Infrastructure,Power,Grid Infrastructure,7,1031.18994140625,0.0468614262880131,-0.0048542099545348,-0.003661944321651,1077.728497314453,1033.9963427734374,825.2405770874024,False,False,True,1174.8599853515625,546.9464721679688,-0.1222869497102848,3555296.0,2937734.8,1.2102167969688755,2026-07-23
2026-07-23,CEG,Constellation Energy,Utilities,Power Generation,AI Infrastructure,Energy,Power Supply,6,275.6000061035156,0.00254642496389,0.0946498845242354,0.0197587365682461,254.5432502746582,264.08172424316405,310.5107903289795,True,True,False,402.3219604492188,236.5,-0.3149764785501885,2572028.0,3348786.4,0.7680477918806646,2026-07-23
2026-07-23,NBIS,Nebius,Technology,AI Cloud Infrastructure,AI Infrastructure,NeoCloud,AI Cloud,7,220.97000122070312,0.0128804433050244,0.2864295029660786,-0.1972025387077088,216.5924995422364,226.7447998046875,139.63927543640136,True,False,True,286.69000244140625,50.400001525878906,-0.2292371574210544,15237732.0,18071571.6,0.8431879826102119,2026-07-23
2026-07-23,CRWV,CoreWeave,Technology,AI Cloud Infrastructure,AI Infrastructure,NeoCloud,AI Cloud,8,81.0999984741211,-0.018635054778573,0.1123301933979736,-0.2328793271122352,84.96300010681152,98.3052995300293,96.87242485046389,False,False,False,148.75,64.55000305175781,-0.4547899262243959,18095163.0,26469588.15,0.683620874546928,2026-07-23
2026-07-23,MRVL,Marvell,Technology,Semiconductor,AI Infrastructure,Networking,Connectivity,8,209.32000732421875,-0.0079150581803242,0.1116303979383537,-0.2496716013253216,233.87748641967767,238.5052355957031,132.19508617401124,False,False,True,316.3519592285156,62.177528381347656,-0.3383318761967355,16244782.0,28223134.1,0.5755839143321789,2026-07-23
2026-07-23,COHR,Coherent,Technology,Optical Components,AI Infrastructure,Optical,Connectivity,7,313.2200012207031,0.0032992689427657,0.1309214719971791,-0.1783746912078523,329.7129989624024,362.429599609375,250.7596001434326,False,False,True,426.8900146484375,86.55000305175781,-0.2662747066626671,2847174.0,4608773.7,0.617772575815558,2026-07-23
2026-07-23,NOK,Nokia,Technology,Telecom Infrastructure,AI Infrastructure,AI-RAN,Telecom Edge,5,9.729999542236328,-0.0535019654690106,-0.0626204783273839,-0.2897810454233691,11.789499855041504,13.492799949645995,9.05209998846054,False,False,True,16.850000381469727,4.050000190734863,-0.4225519690233005,181497229.0,92743791.45,1.956974436373444,2026-07-23
2026-07-23,TEAM,Atlassian,Technology,Enterprise Software,Software,Developer Tools,SaaS,8,80.1500015258789,-0.0614754087376577,-0.1322000758313569,-0.0147510383620219,86.58250007629394,89.00289993286133,110.47342491149902,False,False,False,203.0,57.150001525878906,-0.6051724062764585,4085790.0,3716934.5,1.0992364810302684,2026-07-23
2026-07-23,DDOG,Datadog,Technology,Observability Software,Software,Cloud Software,SaaS,9,244.38999938964844,-0.00561502566962,-0.0683516599342322,0.1079928878563094,255.94400024414065,238.66880004882813,164.32400024414062,False,True,True,277.489990234375,102.61499786376952,-0.1192835489913328,2445979.0,4360473.95,0.5609433809368359,2026-07-23
2026-07-23,RDW,Redwire,Industrials,Space Infrastructure,Space Economy,Space Infrastructure,Space Hardware,6,9.279999732971191,0.0322580610941392,0.0982248452592848,-0.2405892364822717,10.180499982833862,14.02980007171631,10.066000006198884,False,False,False,25.89999961853028,5.059999942779541,-0.641698846731574,15090715.0,19362005.75,0.7793983327372992,2026-07-23
2026-07-23,PL,Planet Labs,Technology,Earth Observation,Space Economy,Satellite Data,Space Software,6,22.36000061035156,-0.0106194587197859,0.0122227458532653,-0.2162635796634254,26.63450002670288,33.7003999710083,25.69759997844696,False,False,False,51.400001525878906,6.179999828338623,-0.5649805457866819,5684443.0,10977897.15,0.5178080029653037,2026-07-23
2026-07-23,UUUU,Energy Fuels,Energy,Nuclear Fuel,Nuclear,Nuclear Fuel,Upstream Nuclear,6,12.010000228881836,-0.0243704452078487,0.02913454587533,-0.223658692852208,13.1760000705719,15.45280014038086,18.226750025749208,False,False,False,27.71999931335449,8.470000267028809,-0.5667387977496864,5286547.0,7446617.35,0.7099259639009113,2026-07-23
2026-07-23,SMR,NuScale Power,Industrials,Small Modular Reactor,Nuclear,SMR,Reactor Developer,6,8.8100004196167,0.0149769711832152,0.1531414363321586,-0.1887660498957851,9.030000019073489,10.33400001525879,17.40934998512268,False,False,False,53.43000030517578,7.639999866485596,-0.8351113537470208,29708803.0,27946695.15,1.063052458995317,2026-07-23
2026-07-23,OKLO,Oklo,Industrials,Advanced Nuclear,Nuclear,SMR,Reactor Developer,7,44.0,-0.0112359550561798,0.0551558559947233,-0.2306347078761593,47.53700008392334,56.49279983520508,78.82314981460571,False,False,False,174.13999938964844,41.11000061035156,-0.7473297338106254,8331324.0,9426331.2,0.8838352719878971,2026-07-23
2026-07-23,RGTI,Rigetti Computing,Technology,Quantum Computing,Quantum,Quantum Hardware,Quantum Hardware,4,14.850000381469728,-0.024950700734611,0.0531914879226282,-0.3021616587264021,16.58250002861023,19.55040008544922,22.904000029563903,False,False,False,56.34000015258789,12.899999618530272,-0.7364217191826257,18502614.0,23335315.7,0.7929018076237127,2026-07-23
2026-07-23,QBTS,D-Wave Quantum,Technology,Quantum Computing,Quantum,Quantum Hardware,Quantum Hardware,4,17.100000381469727,-0.0144092215852056,0.0106383158607648,-0.3168198197216491,20.126499938964844,22.87259994506836,23.68479996204376,False,False,False,44.77999877929688,12.979999542236328,-0.6181330762033079,13557434.0,18358716.7,0.7384739479094419,2026-07-23
2026-07-23,IONQ,IonQ,Technology,Quantum Computing,Quantum,Quantum Hardware,Quantum Hardware,6,34.06999969482422,-0.0175894061413985,-0.0293446958425449,-0.4110630839503779,42.9265001296997,52.89240005493164,47.57635003089905,False,False,False,82.08999633789062,26.59000015258789,-0.5849677035605082,17573939.0,20630466.95,0.8518439763187231,2026-07-23
2026-07-23,MU,Micron,Technology,Memory,AI Infrastructure,Memory,HBM,9,990.2100219726562,0.0320278089480232,0.1605836940991265,-0.0583851000171217,990.3833557128906,952.19501953125,498.23857620239255,False,True,True,1213.3734130859375,104.71192932128906,-0.1839197964175893,39884211.0,48957195.55,0.8146751575928455,2026-07-23
2026-07-23,SNDK,Sandisk,Technology,Memory,AI Infrastructure,Memory,NAND,6,1610.3299560546875,0.0069156154922975,0.1412039049559554,-0.1799093623566757,1769.6594848632812,1730.901796875,810.2545991897583,False,False,True,2335.0,40.68999862670898,-0.310351196550455,12669128.0,13649756.4,0.9281578094683068,2026-07-23
2026-07-23,ORCL,Oracle,Technology,Enterprise Software,AI Infrastructure,NeoCloud,AI Cloud,8,120.04000091552734,-0.0460902383276444,-0.0335721616591381,-0.2706610639323592,136.0329730987549,172.47206649780273,187.0107331466675,False,False,False,324.6299743652344,120.04000091552734,-0.6302251474151526,29755325.0,39263616.25,0.7578345512176301,2026-07-23
2026-07-23,KEYS,Keysight Technologies,Technology,Electronic Test & Measurement,AI Infrastructure,Optical Test & Metrology,R&D Test & Standards,9,325.1300048828125,-0.0073275544390716,0.0395510766432616,-0.0778546223122818,325.5759994506836,338.26179870605466,264.5665490722656,False,False,True,373.3399963378906,158.50999450683594,-0.1291316010284785,1115355.0,1582572.75,0.7047732876735051,2026-07-23
2026-07-23,FORM,FormFactor,Technology,Semiconductor Test Equipment,AI Infrastructure,Optical Test & Metrology,Wafer-Level Test & Probing,8,112.75,-0.0056442313527947,0.0526561418869355,-0.2103788409453632,121.39499969482422,126.9515998840332,92.13364963531494,False,False,True,159.92999267578125,27.6200008392334,-0.2950040319918421,774470.0,2019098.5,0.383572173422941,2026-07-23
2026-07-23,AEHR,Aehr Test Systems,Technology,Semiconductor Test Equipment,AI Infrastructure,Optical Test & Metrology,Wafer & Package Burn-In,6,88.51000213623047,-0.0537737730389727,0.051187711926375,-0.1355600872756839,82.15900001525878,93.578399810791,51.649700002670286,True,False,True,116.58000183105467,16.84000015258789,-0.2407788578996823,1931393.0,3141954.65,0.614710654719348,2026-07-23
2026-07-23,DELL,Dell Technologies,Technology,AI Server & Storage,AI Infrastructure,AI Servers,Systems & Storage,7,439.3399963378906,-0.0055681111884297,0.1243956476870575,0.0287203353920184,418.0673522949219,378.5970590209961,205.9064347076416,True,True,True,465.1912841796875,110.5447235107422,-0.0555713073760242,5098847.0,7420022.35,0.6871740756953381,2026-07-23
2026-07-23,CLS,Celestica,Technology,Electronics Manufacturing Services,AI Infrastructure,AI Servers,Contract Manufacturing,7,334.75,-0.0022354694485842,0.1016587117013716,-0.0468394408748882,341.13999633789064,364.16019775390623,324.66344955444333,False,False,True,472.3999938964844,163.97999572753906,-0.2913844108275903,2241470.0,1805498.5,1.2414687688746349,2026-07-23
2026-07-23,IREN,IREN Limited,Technology,AI Data Center & Bitcoin Mining,AI Infrastructure,NeoCloud,AI Cloud & Power Infrastructure,5,40.58000183105469,-0.0169572909142927,0.1650875595094931,-0.2584064158298779,41.29850006103516,51.29740005493164,48.87022507667542,False,False,False,76.41000366210938,15.399999618530272,-0.4689176824215004,41693175.0,43792123.75,0.9520701767746534,2026-07-23
2026-07-23,APH,Amphenol,Technology,Interconnect Components,AI Infrastructure,Connectivity,Connectors & Cables,8,157.42999267578125,-0.0005079159027665,0.0280135386132356,-0.0080025475543967,160.61799850463868,150.42348907470702,140.86797702789306,False,True,True,176.32000732421875,103.6038055419922,-0.1071348336193201,6310765.0,7130233.25,0.885071326383327,2026-07-23
2026-07-23,GLW,Corning,Technology,Optical Fiber & Materials,AI Infrastructure,Optical,Optical Fiber & Materials,7,156.05999755859375,0.012981955288162,-0.0147105362714393,-0.1958572078689336,190.44350051879883,189.32573303222657,133.4603456878662,False,False,True,255.69000244140625,54.76137924194336,-0.3896515465271023,8928667.0,15372993.35,0.5808021116460055,2026-07-23
2026-07-23,CIEN,Ciena,Technology,Optical Networking Equipment,AI Infrastructure,Optical,Connectivity,7,407.5299987792969,0.0261103711893657,0.0481469132436134,-0.1137762457970722,435.0794982910156,486.8950006103516,345.0092497253418,False,False,True,627.0,86.63999938964844,-0.3500318998735297,1802382.0,2437594.1,0.7394102242042676,2026-07-23
2026-07-23,STX,Seagate Technology,Technology,Storage Hardware,AI Infrastructure,Storage,HDD Storage,6,913.3599853515624,0.0057923245314823,0.2251807499982807,-0.1199498898326724,878.3325012207031,886.2459533691406,499.8170632171631,True,True,True,1093.260498046875,146.06398010253906,-0.1645541140622086,4551942.0,5105262.1,0.8916176899125317,2026-07-23
2026-07-23,STRL,Sterling Infrastructure,Industrials,Infrastructure Construction,AI Infrastructure,Data Center Construction,Construction & Site Infrastructure,6,717.3400268554688,-0.0027803263065212,0.1184845313202151,-0.1960324720028369,716.4239959716797,792.6342016601562,496.8490496826172,True,False,True,993.739990234375,252.67999267578125,-0.2781411295662127,486124.0,884506.2,0.5495993131534861,2026-07-23
2026-07-23,EQIX,Equinix,Real Estate,Data Center REIT,AI Infrastructure,Data Centers,Colocation & Interconnection,8,1033.550048828125,0.0046756796074916,0.0241889468511378,-0.0738218355253219,1033.4110046386718,1056.992243652344,917.7347451782226,True,False,True,1115.93994140625,718.5999145507812,-0.0738300418518056,400904.0,568225.2,0.7055371708259331,2026-07-23
2026-07-23,NET,Cloudflare,Technology,Edge Cloud & Security,Software,Edge Cloud & Security,SaaS & Edge Network,8,262.32000732421875,-0.0247602178232043,-0.0372164150659573,0.1661776672761861,261.3049995422363,240.369599609375,211.745950088501,True,True,True,281.75,160.19000244140625,-0.0689618196123558,2332340.0,3221687.0,0.7239499057481376,2026-07-23
2026-07-23,NOW,ServiceNow,Technology,Enterprise Software,Software,Workflow Automation,SaaS,9,91.94000244140624,-0.0368740485734926,-0.1160465286695711,-0.0416927235585899,103.22349967956544,103.92040054321288,127.11962997436524,False,False,False,199.23599243164065,83.0,-0.5385371823670286,48766876.0,22183403.8,2.198349560764881,2026-07-23
2026-07-23,SNOW,Snowflake,Technology,Data Cloud Software,Software,Data Cloud,SaaS,8,265.1300048828125,-0.0099700635991827,-0.0181097116132827,0.1506879070737707,262.6484977722168,232.7743988037109,209.4259503173828,True,True,True,280.1600036621094,121.11000061035156,-0.0536479104184478,3108647.0,5728877.35,0.5426276057384961,2026-07-23
2026-07-23,APP,AppLovin,Technology,AdTech Software,Software,AdTech & AI Applications,Application Software,8,398.8599853515625,-0.0330198440457689,-0.081983117137894,-0.1459466516755753,475.91199798583983,500.1702014160156,526.2153761291504,False,False,False,733.5999755859375,359.94000244140625,-0.4562977117972407,5360215.0,5489255.75,0.9764921228164676,2026-07-23
2026-07-23,CRWD,CrowdStrike,Technology,Cybersecurity Software,Software,Cybersecurity,SaaS,8,183.4199981689453,-0.0265364613554278,-0.0998233062732451,0.0774834210917649,192.6521240234375,176.9779995727539,130.89947498321533,False,True,True,210.72999572753903,87.5625,-0.1295971058334946,6492354.0,10244407.7,0.633746155963707,2026-07-23
2026-07-23,FLNC,Fluence Energy,Industrials,Energy Storage,AI Infrastructure,Energy Storage,Grid Storage,6,14.420000076293944,-0.0163710623203403,0.0,-0.3201319802578167,16.42849988937378,20.08199996948242,18.96730000972748,False,False,False,32.22999954223633,6.75,-0.5525907452342027,5648108.0,8251675.4,0.6844801481163449,2026-07-23
2026-07-23,BE,Bloom Energy,Industrials,Fuel Cells & Distributed Power,AI Infrastructure,Power,On-site Power Generation,6,217.3000030517578,-0.0042159204646637,0.051129529060454,-0.3251133746281387,250.83200073242188,271.7772006225586,175.85570064544677,False,False,True,345.8500061035156,33.060001373291016,-0.3716929327255289,9402600.0,15810480.0,0.5947068020705254,2026-07-23
2026-07-23,KLAC,KLA,Technology,Semicap Equipment,AI Infrastructure,Equipment,Process Control & Metrology,9,218.72999572753903,0.0188177988736826,-0.0029174426945058,-0.1053622200779297,234.45499954223632,220.1747610473633,159.77521083831786,False,False,True,301.7099914550781,84.03205871582031,-0.2750323094284864,8654007.0,13639710.35,0.6344714644178643,2026-07-23
2026-07-23,RMBS,Rambus,Technology,Semiconductor IP,AI Infrastructure,Memory Interface,Memory & IP,7,103.19000244140624,-0.0061639158081668,0.017452221498885,-0.1951486074585375,110.73800048828124,129.37280059814452,109.30199993133544,False,False,False,170.66000366210938,62.84999847412109,-0.3953474731799919,1743110.0,3637445.5,0.4792126782380657,2026-07-23
2026-07-23,LITE,Lumentum,Technology,Optical Components,AI Infrastructure,Optical,Connectivity,6,833.6400146484375,0.0047487072236214,0.1804087021272036,0.006908918562607,784.1689971923828,858.82580078125,585.2220000457763,True,False,True,1053.0899658203125,102.8499984741211,-0.2083867079684239,4535221.0,4486571.05,1.010843459171342,2026-07-23
2026-07-24,NVDA,NVIDIA,Technology,Semiconductor,AI Infrastructure,GPU,Compute,10,206.83999633789065,-0.0091971556786107,0.0198708092688211,0.0393969665220634,203.33049850463868,209.1074996948242,192.7164208221436,True,False,True,235.465576171875,164.97772216796875,-0.1215701262977375,110844026.0,131905086.3,0.8403317044795414,2026-07-24
2026-07-24,AVGO,Broadcom,Technology,Semiconductor,AI Infrastructure,Networking,Connectivity,9,381.9200134277344,-0.0268810043064565,0.0299059602972737,-0.0003925822325987,381.4019989013672,399.0054919433594,363.8306301879883,True,False,True,480.8090515136719,286.54052734375,-0.2056721639798946,13948973.0,22222543.65,0.6276947058668507,2026-07-24
2026-07-24,ANET,Arista,Technology,Networking Equipment,AI Infrastructure,Networking,Connectivity,8,173.99000549316406,-0.0148349193597926,0.0319079821086376,0.07573883754145,172.6420021057129,163.86080017089844,145.40874965667726,True,True,True,186.9600067138672,114.27999877929688,-0.0693731319797877,3645027.0,7947801.35,0.4586207983167571,2026-07-24
2026-07-24,CRDO,Credo,Technology,Semiconductor,AI Infrastructure,Optical,Connectivity,7,213.1499938964844,-0.0987315268647595,0.0516577935615556,-0.2075913541958807,238.7509994506836,231.552099609375,164.7517002105713,False,False,True,302.5199890136719,87.80999755859375,-0.2954184793162496,5843908.0,8145420.4,0.7174470700124943,2026-07-24
2026-07-24,TSM,TSMC,Technology,Semiconductor Foundry,AI Infrastructure,Foundry,Manufacturing,9,403.4100036621094,-0.0292843334697976,0.0126515766917618,-0.0848852937639756,428.62449951171874,425.6804748535157,353.4806115722656,False,False,True,477.5700073242188,224.8433532714844,-0.155286141350503,11485132.0,14957221.6,0.7678653367013029,2026-07-24
2026-07-24,ASML,ASML,Technology,Semicap Equipment,AI Infrastructure,Equipment,Manufacturing Equipment,10,1757.0899658203125,-0.025463135984297,0.0054418166863705,-0.0032222318555473,1798.698992919922,1741.7285986328125,1373.5505667114255,False,True,True,1989.43994140625,686.0034790039062,-0.1167916511325791,1312955.0,2013612.75,0.6520394748195749,2026-07-24
2026-07-24,VRT,Vertiv,Industrials,Electrical Equipment,AI Infrastructure,Power,Power Infrastructure,7,290.3599853515625,-0.0449941547457171,0.0027627704092891,-0.0823879149500548,306.5875,316.31824096679685,244.20186752319336,False,False,True,376.1517333984375,121.68595886230467,-0.2280775028517557,2940911.0,5542810.55,0.5305811868312909,2026-07-24
2026-07-24,ETN,Eaton,Industrials,Electrical Equipment,AI Infrastructure,Power,Power Infrastructure,8,404.0700073242188,-0.0266422504480635,0.0102002979810895,-0.0012852245937331,406.3809982299805,403.8189996337891,372.47197952270506,False,True,True,435.7799987792969,313.9706115722656,-0.0727660552203035,1268389.0,2189519.45,0.5793001747483905,2026-07-24
2026-07-24,GEV,GE Vernova,Industrials,Power Equipment,AI Infrastructure,Power,Grid Infrastructure,7,1014.75,-0.0159426898441528,-0.0407339174285195,-0.0405616446119112,1074.1924987792968,1032.8626928710937,827.3050588989258,False,False,True,1174.8599853515625,546.9464721679688,-0.136280056643219,2144480.0,2907654.0,0.7375292933753466,2026-07-24
2026-07-24,CEG,Constellation Energy,Utilities,Power Generation,AI Infrastructure,Energy,Power Supply,6,274.3500061035156,-0.004535558680396,0.0870082284043456,0.0238086534080277,254.82625045776368,263.7058331298828,310.0693775177002,True,True,False,402.3219604492188,236.5,-0.3180834429291757,2308031.0,3287246.55,0.7021167913310306,2026-07-24
2026-07-24,NBIS,Nebius,Technology,AI Cloud Infrastructure,AI Infrastructure,NeoCloud,AI Cloud,7,187.7700042724609,-0.1502466251746195,0.0566090663357605,-0.2768620441182675,213.1494995117188,226.91799987792967,139.95342544555663,False,False,True,286.69000244140625,50.400001525878906,-0.3450416733285375,23318689.0,18516334.45,1.2593577342733728,2026-07-24
2026-07-24,CRWV,CoreWeave,Technology,AI Cloud Infrastructure,AI Infrastructure,NeoCloud,AI Cloud,8,71.87999725341797,-0.1136868236026565,-0.0181669423260076,-0.2874702695237974,83.6189998626709,97.58789947509766,96.56257480621338,False,False,False,148.75,64.55000305175781,-0.5167731277081145,25264700.0,26648145.0,0.9480847541170314,2026-07-24
2026-07-24,MRVL,Marvell,Technology,Semiconductor,AI Infrastructure,Networking,Connectivity,8,194.22999572753903,-0.0720906318969621,0.0294148996565559,-0.2978753225434571,229.52945404052736,239.10064697265625,132.72258110046386,False,False,True,316.3519592285156,62.177528381347656,-0.3860319493477903,19710047.0,27257812.35,0.7230971710757998,2026-07-24
2026-07-24,COHR,Coherent,Technology,Optical Components,AI Infrastructure,Optical,Connectivity,7,282.3900146484375,-0.0984291758256586,0.0172550736297019,-0.2805349945262738,323.4699996948242,360.5971997070312,251.59770023345948,False,False,True,426.8900146484375,86.55000305175781,-0.3384946825683005,3756121.0,4570376.05,0.821840688579663,2026-07-24
2026-07-24,NOK,Nokia,Technology,Telecom Infrastructure,AI Infrastructure,AI-RAN,Telecom Edge,5,9.100000381469728,-0.0647481182328816,-0.100790465970742,-0.3410571973232207,11.545499897003172,13.411399955749513,9.072849991321563,False,False,True,16.850000381469727,4.050000190734863,-0.4599406424063246,112479604.0,94629470.2,1.1886318687220123,2026-07-24
2026-07-24,TEAM,Atlassian,Technology,Enterprise Software,Software,Developer Tools,SaaS,8,86.87999725341797,0.0839675059190869,-0.0687105113002789,0.0653586021116068,87.19249992370605,89.04049987792969,110.15687488555908,False,False,False,203.0,57.150001525878906,-0.5720197179634583,4165300.0,3614385.0,1.1524228879878595,2026-07-24
2026-07-24,DDOG,Datadog,Technology,Observability Software,Software,Cloud Software,SaaS,9,246.8600006103516,0.0101068015339083,-0.045730417563138,0.1087357169438012,257.24000015258787,239.60720001220704,164.7715002441406,False,True,True,277.489990234375,102.61499786376952,-0.1103823226133403,2278590.0,4332574.5,0.5259205583193087,2026-07-24
2026-07-24,RDW,Redwire,Industrials,Space Infrastructure,Space Economy,Space Infrastructure,Space Hardware,6,8.6899995803833,-0.0635776044789808,0.0284023404184001,-0.2363796579091487,10.074999952316285,13.97240005493164,10.053350002765656,False,False,False,25.89999961853028,5.059999942779541,-0.6644787757384367,11938282.0,18593379.1,0.6420716716306827,2026-07-24
2026-07-24,PL,Planet Labs,Technology,Earth Observation,Space Economy,Satellite Data,Space Software,6,20.46999931335449,-0.0845259948750669,-0.0890075683630016,-0.2216730073319064,26.33249998092652,33.29619995117187,25.723749976158143,False,False,False,51.400001525878906,6.179999828338623,-0.6017509979440712,10096999.0,10911864.95,0.9253229439940972,2026-07-24
2026-07-24,UUUU,Energy Fuels,Energy,Nuclear Fuel,Nuclear,Nuclear Fuel,Upstream Nuclear,6,11.300000190734863,-0.0591174042144939,-0.0165360821730295,-0.2481702999670624,13.020000076293943,15.259800128936767,18.19870002746582,False,False,False,27.71999931335449,8.470000267028809,-0.5923520753735758,6051485.0,7391409.25,0.8187187037438091,2026-07-24
2026-07-24,SMR,NuScale Power,Industrials,Small Modular Reactor,Nuclear,SMR,Reactor Developer,6,8.09000015258789,-0.0817253385624848,0.0479275093849522,-0.2076395570654516,8.93100004196167,10.255800018310548,17.240099992752075,False,False,False,53.43000030517578,7.639999866485596,-0.8485869341871554,34753110.0,28556985.5,1.2169740395042747,2026-07-24
2026-07-24,OKLO,Oklo,Industrials,Advanced Nuclear,Nuclear,SMR,Reactor Developer,7,40.25,-0.0852272727272727,-0.0209194988465899,-0.255456918654723,46.99900016784668,55.82519989013672,78.33159982681275,False,False,False,174.13999938964844,40.25,-0.7688641314972198,10117304.0,9448030.2,1.0708373899990289,2026-07-24
2026-07-24,RGTI,Rigetti Computing,Technology,Quantum Computing,Quantum,Quantum Hardware,Quantum Hardware,4,14.149999618530272,-0.0471380973035485,0.0028348662527499,-0.2754736753180989,16.36950001716614,19.45200008392334,22.76620003223419,False,False,False,56.34000015258789,12.899999618530272,-0.7488462978308971,15282337.0,22700486.85,0.673216266284615,2026-07-24
2026-07-24,QBTS,D-Wave Quantum,Technology,Quantum Computing,Quantum,Quantum Hardware,Quantum Hardware,4,16.209999084472656,-0.0520468583124427,-0.0310819170347784,-0.294604029269917,19.84149990081788,22.749799919128417,23.59074995517731,False,False,False,44.77999877929688,12.979999542236328,-0.6380080498803626,12136450.0,17937457.5,0.6765981187690618,2026-07-24
2026-07-24,IONQ,IonQ,Technology,Quantum Computing,Quantum,Quantum Hardware,Quantum Hardware,6,32.84000015258789,-0.0361021295348935,-0.0557791459114077,-0.3873134125471374,42.04050006866455,52.431800079345706,47.345600042343136,False,False,False,82.08999633789062,26.59000015258789,-0.5999512532877311,14744871.0,20277538.55,0.7271529018989339,2026-07-24
2026-07-24,MU,Micron,Technology,Memory,AI Infrastructure,Memory,HBM,9,920.9500122070312,-0.0699447675026031,0.0848106472285927,-0.1215232450865286,975.7621856689452,955.284776611328,501.8894589996338,False,False,True,1213.3734130859375,104.71192932128906,-0.2410003365206381,40289721.0,46880091.05,0.8594207071191259,2026-07-24
2026-07-24,SNDK,Sandisk,Technology,Memory,AI Infrastructure,Memory,NAND,6,1436.56005859375,-0.1079094981792887,0.0603328232128401,-0.2496264806236664,1724.7374877929688,1730.59259765625,816.8315494918824,False,False,True,2335.0,40.68999862670898,-0.3847708528506424,13833149.0,13594292.45,1.0175703554177988,2026-07-24
2026-07-24,ORCL,Oracle,Technology,Enterprise Software,AI Infrastructure,NeoCloud,AI Cloud,8,114.98999786376952,-0.0420693353319076,-0.0903409972905722,-0.2675043112942008,134.18590087890624,171.0482208251953,186.1441641998291,False,False,False,324.6300048828125,114.98999786376952,-0.6457813629849788,46003540.0,39778837.0,1.1564827800269777,2026-07-24
2026-07-24,KEYS,Keysight Technologies,Technology,Electronic Test & Measurement,AI Infrastructure,Optical Test & Metrology,R&D Test & Standards,9,318.6700134277344,-0.0198689489067812,0.0087686596542249,-0.0928835055481532,323.5065002441406,337.4021990966797,265.29319915771487,False,False,True,373.3399963378906,158.50999450683594,-0.146434840752174,953353.0,1573087.65,0.6060393392574153,2026-07-24
2026-07-24,FORM,FormFactor,Technology,Semiconductor Test Equipment,AI Infrastructure,Optical Test & Metrology,Wafer-Level Test & Probing,8,104.04000091552734,-0.0772505462037486,-0.0144927421021096,-0.2643190336402247,119.15949974060058,126.39199981689453,92.44099964141846,False,False,True,159.92999267578125,27.6200008392334,-0.3494653555919128,931362.0,1976338.1,0.471256411036148,2026-07-24
2026-07-24,AEHR,Aehr Test Systems,Technology,Semiconductor Test Equipment,AI Infrastructure,Optical Test & Metrology,Wafer & Package Burn-In,6,76.31999969482422,-0.1377245751575507,-0.0583590768517683,-0.1983193052378199,81.03549995422364,93.17039978027344,51.87305000305176,False,False,True,116.58000183105467,16.84000015258789,-0.3453422671460789,2707721.0,3225951.05,0.8393558854527566,2026-07-24
2026-07-24,DELL,Dell Technologies,Technology,AI Server & Storage,AI Infrastructure,AI Servers,Systems & Storage,7,437.5,-0.0041880920317473,0.1056743475915913,0.0095907601036717,419.5036254882813,382.5761428833008,207.37430557250977,True,True,True,465.1912841796875,110.5447235107422,-0.0595266616581563,4218218.0,7072955.9,0.5963868656384524,2026-07-24
2026-07-24,CLS,Celestica,Technology,Electronics Manufacturing Services,AI Infrastructure,AI Servers,Contract Manufacturing,7,305.2799987792969,-0.0880358512941094,0.0130749402312606,-0.1572437969044338,338.33399658203126,362.78439758300783,325.0131495666504,False,False,False,472.3999938964844,170.22000122070312,-0.3537679874606603,2131482.0,1787729.1,1.1922846699760048,2026-07-24
2026-07-24,IREN,IREN Limited,Technology,AI Data Center & Bitcoin Mining,AI Infrastructure,NeoCloud,AI Cloud & Power Infrastructure,5,37.06999969482422,-0.0864958594837806,0.102617515542736,-0.2630218636760653,40.76499996185303,50.90760002136231,48.766825075149534,False,False,False,76.41000366210938,15.399999618530272,-0.5148541039370909,33109309.0,43645410.45,0.7585977233031154,2026-07-24
2026-07-24,APH,Amphenol,Technology,Interconnect Components,AI Infrastructure,Connectivity,Connectors & Cables,8,152.6699981689453,-0.0302356268073955,0.0097222304918851,-0.0621083713365735,159.9939987182617,150.9233413696289,141.01765323638915,False,True,True,176.32000732421875,103.60379791259766,-0.1341311715793296,4600361.0,6936413.05,0.663219010580692,2026-07-24
2026-07-24,GLW,Corning,Technology,Optical Fiber & Materials,AI Infrastructure,Optical,Optical Fiber & Materials,7,146.64999389648438,-0.060297345952324,-0.0514844232743263,-0.2875188622071979,186.3755004882813,188.3,133.76978763580323,False,False,True,255.69000244140625,54.76138305664063,-0.4264539383776236,7891104.0,14487805.2,0.5446721495123361,2026-07-24
2026-07-24,CIEN,Ciena,Technology,Optical Networking Equipment,AI Infrastructure,Optical,Connectivity,7,390.9599914550781,-0.0406596014375678,0.0442028461608747,-0.1565230885676708,430.3929977416992,483.1711999511719,346.1977996826172,False,False,True,627.0,86.63999938964844,-0.3764593437718052,1488106.0,2334320.3,0.63749006509518,2026-07-24
2026-07-24,STX,Seagate Technology,Technology,Storage Hardware,AI Infrastructure,Storage,HDD Storage,6,851.6900024414062,-0.0675199087974264,0.0812914601223817,-0.1425220212017052,869.6490020751953,887.1152795410156,502.86751037597656,False,False,True,1093.260498046875,146.06398010253906,-0.2209633440859134,5199348.0,5088367.4,1.0218106499149413,2026-07-24
2026-07-24,STRL,Sterling Infrastructure,Industrials,Infrastructure Construction,AI Infrastructure,Data Center Construction,Construction & Site Infrastructure,6,660.9349975585938,-0.0786308127041677,0.0350397771322135,-0.2378780572122875,705.3747467041015,788.8259020996094,498.3898246765137,False,False,True,993.739990234375,263.04998779296875,-0.3349014792061339,432305.0,872980.25,0.4952059339257675,2026-07-24
2026-07-24,EQIX,Equinix,Real Estate,Data Center REIT,AI Infrastructure,Data Centers,Colocation & Interconnection,8,1084.239990234375,0.0490444961651581,0.0629803825827206,-0.0098264929366438,1033.2425048828125,1057.170812988281,919.27100982666,True,True,True,1115.93994140625,718.5999145507812,-0.0284065028911219,752365.0,569803.25,1.320394364195009,2026-07-24
2026-07-24,NET,Cloudflare,Technology,Edge Cloud & Security,Software,Edge Cloud & Security,SaaS & Edge Network,8,262.1499938964844,-0.0006481146042521,-0.055859718940649,0.1730356135145569,263.07999954223635,241.876799621582,211.9515500640869,False,True,True,281.75,160.19000244140625,-0.0695652390541814,1820728.0,3164016.4,0.5754483447051665,2026-07-24
2026-07-24,NOW,ServiceNow,Technology,Enterprise Software,Software,Workflow Automation,SaaS,9,98.77999877929688,0.0743963036356212,-0.0432003019833248,0.0530916371590217,103.68649978637696,104.11600051879884,126.7006900024414,False,False,False,198.63999938964844,83.0,-0.5027184903201096,26556560.0,22336018.0,1.188956778240419,2026-07-24
2026-07-24,SNOW,Snowflake,Technology,Data Cloud Software,Software,Data Cloud,SaaS,8,268.0599975585937,0.0110511546102687,-0.0031238243099923,0.186368670852417,264.6984977722168,235.09599884033204,209.55365028381348,True,True,True,280.1600036621094,121.11000061035156,-0.0431896271607312,3129192.0,5614879.6,0.5573034905325486,2026-07-24
2026-07-24,APP,AppLovin,Technology,AdTech Software,Software,AdTech & AI Applications,Application Software,8,391.9800109863281,-0.0172490964697054,-0.0766947682273588,-0.1569596993503922,473.2144989013672,498.19600158691406,525.2402761840821,False,False,False,733.5999755859375,361.6300048828125,-0.4656760850172498,4799529.0,5523101.45,0.8689916423678945,2026-07-24
2026-07-24,CRWD,CrowdStrike,Technology,Cybersecurity Software,Software,Cybersecurity,SaaS,8,183.27999877929688,-0.0007632722224731,-0.097498536897935,0.0892989418469252,193.33299865722657,177.91269958496093,131.19593746185302,False,True,True,210.72999572753903,87.5625,-0.1302614601849722,5004891.0,9898209.55,0.5056359915112122,2026-07-24
2026-07-24,FLNC,Fluence Energy,Industrials,Energy Storage,AI Infrastructure,Energy Storage,Grid Storage,6,13.4399995803833,-0.0679611990794463,-0.0447761285078541,-0.3194936921324911,16.131499910354613,19.92519994735718,18.958200006484983,False,False,False,32.22999954223633,6.75,-0.5829972146673277,5512477.0,8173083.85,0.6744672024868558,2026-07-24
2026-07-24,BE,Bloom Energy,Industrials,Fuel Cells & Distributed Power,AI Infrastructure,Power,On-site Power Generation,6,184.88999938964844,-0.1491486571879604,-0.1398865202132454,-0.4331831202494921,244.61750106811525,269.86120056152345,176.3453006362915,False,False,True,345.8500061035156,34.34000015258789,-0.4654040881112218,13738726.0,15842396.3,0.8672126198484252,2026-07-24
2026-07-24,KLAC,KLA,Technology,Semicap Equipment,AI Infrastructure,Equipment,Process Control & Metrology,9,210.5200042724609,-0.0375348219971846,-0.0104817660518874,-0.1245841316839611,232.0410003662109,220.76707916259767,160.26037277221678,False,False,True,301.7099914550781,84.03205871582031,-0.3022438426477982,11291350.0,13612107.5,0.8295078480683465,2026-07-24
2026-07-24,RMBS,Rambus,Technology,Semiconductor IP,AI Infrastructure,Memory Interface,Memory & IP,7,96.01000213623048,-0.0695803870074792,-0.0535291815308488,-0.2289591653986239,109.35400047302248,128.6874006652832,109.2770499420166,False,False,False,170.66000366210938,62.84999847412109,-0.4374194300011784,2697549.0,3646172.45,0.7398303390724155,2026-07-24
2026-07-24,LITE,Lumentum,Technology,Optical Components,AI Infrastructure,Optical,Connectivity,6,762.989990234375,-0.0847488402339432,0.0411697041683092,-0.0944061769868064,779.2199981689453,854.2382006835937,588.2339499664307,False,False,True,1053.0899658203125,104.5199966430664,-0.2754750163818737,3636627.0,4442901.35,0.8185252639021572,2026-07-24
2026-07-27,NVDA,NVIDIA,Technology,Semiconductor,AI Infrastructure,GPU,Compute,10,196.509994506836,-0.0499419938790742,-0.0333038386123328,0.003933733483515,203.5294982910156,208.526357421875,192.7749494934082,False,False,True,235.465576171875,164.97772216796875,-0.1654406656733719,153410785.0,130801824.25,1.1728489711793908,2026-07-27
2026-07-27,AVGO,Broadcom,Technology,Semiconductor,AI Infrastructure,Networking,Connectivity,9,383.2200012207031,0.0034038221283596,0.0133805730632341,0.0113747262329795,382.31199951171874,398.3472637939453,364.0740539550781,True,False,True,480.8090515136719,286.5404968261719,-0.2029684133144772,15813228.0,21330316.4,0.7413499032766341,2026-07-27
2026-07-27,ANET,Arista,Technology,Networking Equipment,AI Infrastructure,Networking,Connectivity,8,170.75999450683594,-0.0185643478610904,0.0083258833924013,0.0320942741404515,173.3000015258789,164.46220001220703,145.53609966278077,False,True,True,186.9600067138672,116.12999725341795,-0.0866496128865921,5327842.0,7674647.1,0.6942132883217523,2026-07-27
2026-07-27,CRDO,Credo,Technology,Semiconductor,AI Infrastructure,Optical,Connectivity,7,208.13999938964844,-0.0235045491451856,-0.0185316536937824,-0.2234451354788964,237.257999420166,231.9276995849609,165.10640022277832,False,False,True,302.5199890136719,87.80999755859375,-0.3119793502959505,4978247.0,6466007.35,0.7699105074478457,2026-07-27
2026-07-27,TSM,TSMC,Technology,Semiconductor Foundry,AI Infrastructure,Foundry,Manufacturing,9,399.0899963378906,-0.0107087263206222,-0.0079790990615938,-0.0825306207095507,426.9614990234375,425.6849566650391,354.0174057006836,False,False,True,477.5700073242188,224.8433532714844,-0.1643319508820172,15669384.0,14842834.2,1.0556867905996012,2026-07-27
2026-07-27,ASML,ASML,Technology,Semicap Equipment,AI Infrastructure,Equipment,Manufacturing Equipment,10,1655.260009765625,-0.0579537519623517,-0.0481650635558539,-0.1009787410908491,1791.7309936523438,1743.2021997070312,1376.8417150878906,False,False,True,1989.43994140625,686.0034790039062,-0.1679768887139199,3323140.0,2037822.0,1.630731241492142,2026-07-27
2026-07-27,VRT,Vertiv,Industrials,Electrical Equipment,AI Infrastructure,Power,Power Infrastructure,7,287.6000061035156,-0.0095053705306712,-0.0139541507074643,-0.1166262259007498,305.7699996948242,314.67198059082034,244.84616828918456,False,False,True,376.1517333984375,121.68595123291016,-0.2354149122081108,4275975.0,4680248.75,0.9136213112604324,2026-07-27
2026-07-27,ETN,Eaton,Industrials,Electrical Equipment,AI Infrastructure,Power,Power Infrastructure,8,398.6400146484375,-0.0134382472773444,-0.0069006476879025,-0.0505632236540851,406.17899932861326,403.6529998779297,372.62641708374025,False,False,True,435.7799987792969,313.9706115722656,-0.0852264542542007,2114535.0,2046371.75,1.0333093192866838,2026-07-27
2026-07-27,GEV,GE Vernova,Industrials,Power Equipment,AI Infrastructure,Power,Grid Infrastructure,7,996.5700073242188,-0.0179157355760347,-0.0765489003458232,-0.081899974921757,1071.7624969482422,1031.5535461425782,829.2641775512695,False,False,True,1174.8599853515625,546.9464721679688,-0.1517542347601469,3280330.0,2906121.5,1.1287656073567467,2026-07-27
2026-07-27,CEG,Constellation Energy,Utilities,Power Generation,AI Infrastructure,Energy,Power Supply,6,270.0,-0.015855680724404,0.0650887573964498,0.0048754979593237,255.12525100708007,263.6165612792969,309.6357946014404,True,True,False,402.3219604492188,236.5,-0.3288956941387754,3077093.0,3263009.65,0.9430229542839385,2026-07-27
2026-07-27,NBIS,Nebius,Technology,AI Cloud Infrastructure,AI Infrastructure,NeoCloud,AI Cloud,7,187.8800048828125,0.0005858263186273,0.0288030331084481,-0.267895408533363,210.52849960327148,226.5301998901367,140.3043254852295,False,False,True,286.69000244140625,50.400001525878906,-0.3446579815031693,18011707.0,18792720.35,0.958440644278517,2026-07-27
2026-07-27,CRWV,CoreWeave,Technology,AI Cloud Infrastructure,AI Infrastructure,NeoCloud,AI Cloud,8,70.79000091552734,-0.0151641121249318,-0.031070308225043,-0.2832118328847446,82.32949981689453,96.77749954223631,96.27237480163576,False,False,False,148.75,64.55000305175781,-0.5241008341813288,17820003.0,25158920.15,0.708297609506106,2026-07-27
2026-07-27,MRVL,Marvell,Technology,Semiconductor,AI Infrastructure,Networking,Connectivity,8,189.1699981689453,-0.0260515763265102,-0.0295988724745976,-0.3272535816206871,225.6527442932129,239.3259246826172,133.2345057296753,False,False,True,316.3519592285156,62.177528381347656,-0.4020267848813951,21524622.0,26237796.1,0.8203669972113244,2026-07-27
2026-07-27,COHR,Coherent,Technology,Optical Components,AI Infrastructure,Optical,Connectivity,7,271.3099975585937,-0.039236575357092,-0.0493692944611663,-0.3337998832201504,318.0074996948242,357.9491998291016,252.38645023345947,False,False,True,426.8900146484375,86.55000305175781,-0.3644498858048265,4166930.0,4423741.5,0.9419469921558482,2026-07-27
2026-07-27,NOK,Nokia,Technology,Telecom Infrastructure,AI Infrastructure,AI-RAN,Telecom Edge,5,9.279999732971191,0.0197801476874657,-0.0793650988878909,-0.3361945610273815,11.358999872207642,13.302799949645996,9.093899989128111,False,False,True,16.850000381469727,4.050000190734863,-0.4492581885531238,91904048.0,92390527.4,0.9947345316268862,2026-07-27
2026-07-27,TEAM,Atlassian,Technology,Enterprise Software,Software,Developer Tools,SaaS,8,95.87000274658205,0.1034761254301304,-0.0058072960367261,0.2837440058223681,88.04900016784669,89.34549987792968,109.88562492370606,True,True,False,201.83999633789065,57.150001525878906,-0.5250197954517861,5982289.0,3516664.45,1.7011259063968982,2026-07-27
2026-07-27,DDOG,Datadog,Technology,Observability Software,Software,Cloud Software,SaaS,9,251.8600006103516,0.0202543951536811,-0.0430851484450529,0.1399474872240276,257.8444999694824,240.5382000732422,165.25820022583008,False,True,True,277.489990234375,102.61499786376952,-0.0923636546398509,2982161.0,4017503.05,0.7422921558205164,2026-07-27
2026-07-27,RDW,Redwire,Industrials,Space Infrastructure,Space Economy,Space Infrastructure,Space Hardware,6,8.829999923706055,0.0161105120924043,0.0267441316318897,-0.182407428910866,9.969999933242798,13.919800052642822,10.042650001049042,False,False,False,25.89999961853028,5.059999942779541,-0.6590733569977124,11068804.0,17500140.2,0.6324980185015889,2026-07-27
2026-07-27,PL,Planet Labs,Technology,Earth Observation,Space Economy,Satellite Data,Space Software,6,21.0,0.0258915830202173,-0.0519187195636882,-0.207846102652193,26.028999996185306,32.90139991760254,25.750349974632265,False,False,False,51.400001525878906,6.179999828338623,-0.5914397008446215,5652296.0,9094674.8,0.6214951193197144,2026-07-27
2026-07-27,UUUU,Energy Fuels,Energy,Nuclear Fuel,Nuclear,Nuclear Fuel,Upstream Nuclear,6,11.710000038146973,0.0362831717249241,-0.0025553435737702,-0.1879334274485984,12.87450008392334,15.090400123596192,18.169300026893616,False,False,False,27.71999931335449,8.470000267028809,-0.5775613157210462,4197521.0,6720481.05,0.624586390285261,2026-07-27
2026-07-27,SMR,NuScale Power,Industrials,Small Modular Reactor,Nuclear,SMR,Reactor Developer,6,8.539999961853027,0.05562420281552,0.0728643116741836,-0.1519364229730395,8.853000020980835,10.187400016784668,17.086749997138977,False,False,False,53.43000030517578,7.639999866485596,-0.840164703105462,28476512.0,27672105.6,1.0290692154629533,2026-07-27
2026-07-27,OKLO,Oklo,Industrials,Advanced Nuclear,Nuclear,SMR,Reactor Developer,7,41.810001373291016,0.0387577980941866,0.0072272479857506,-0.180356738893648,46.58950023651123,55.26819984436035,77.87004985809327,False,False,False,174.13999938964844,40.25,-0.7599058141734646,7948727.0,8702601.35,0.91337367763031,2026-07-27
2026-07-27,RGTI,Rigetti Computing,Technology,Quantum Computing,Quantum,Quantum Hardware,Quantum Hardware,4,15.640000343322754,0.1053004074177665,0.0975438837419475,-0.1504616799048336,16.233500003814697,19.39650007247925,22.624850034713745,False,False,False,56.34000015258789,12.899999618530272,-0.7223997106680101,30358965.0,22583938.25,1.344272405633238,2026-07-27
2026-07-27,QBTS,D-Wave Quantum,Technology,Quantum Computing,Quantum,Quantum Hardware,Quantum Hardware,4,19.51000022888184,0.2035781203448807,0.1668660903172962,-0.1095390066291465,19.67899990081787,22.711199913024902,23.5096999502182,False,False,False,44.77999877929688,12.979999542236328,-0.5643144090950291,44167116.0,18626655.8,2.371177976027237,2026-07-27
2026-07-27,IONQ,IonQ,Technology,Quantum Computing,Quantum,Quantum Hardware,Quantum Hardware,6,35.91999816894531,0.093788002498371,0.0490653156578275,-0.2895570175375722,41.37099990844727,52.045000076293945,47.1290500164032,False,False,False,82.08999633789062,26.59000015258789,-0.5624314804316106,28154533.0,18297951.65,1.5386712971230307,2026-07-27
2026-07-27,MU,Micron,Technology,Memory,AI Infrastructure,Memory,HBM,9,900.2000122070312,-0.0225310817362097,0.0401404910133129,-0.2581014199762473,964.1643920898438,957.2186486816406,505.4629166412353,False,False,True,1213.3734130859375,104.7119369506836,-0.2581014199762473,46860116.0,44916400.8,1.043274063936129,2026-07-27
2026-07-27,SNDK,Sandisk,Technology,Memory,AI Infrastructure,Memory,NAND,6,1278.22998046875,-0.1102147294001683,-0.0810381211834102,-0.4525781668228051,1684.1134887695312,1727.21259765625,822.6179494094848,False,False,True,2335.0,40.68999862670898,-0.4525781668228051,20903434.0,13805691.7,1.514117108670477,2026-07-27
2026-07-27,ORCL,Oracle,Technology,Enterprise Software,AI Infrastructure,NeoCloud,AI Cloud,8,119.9000015258789,0.0426993978026362,-0.0121930776159857,-0.2108282542325338,132.78014793395997,169.66417861938476,185.3384785079956,False,False,False,324.62994384765625,114.98999786376952,-0.6306563710519997,36664762.0,39796183.1,0.9213135316989732,2026-07-27
2026-07-27,KEYS,Keysight Technologies,Technology,Electronic Test & Measurement,AI Infrastructure,Optical Test & Metrology,R&D Test & Standards,9,313.67999267578125,-0.0156588964812803,-0.0014325667718342,-0.1288118791237422,322.7574996948242,336.4519989013672,266.01124908447264,False,False,True,373.3399963378906,158.50999450683594,-0.1598007292208633,908115.0,1353645.75,0.6708660666943327,2026-07-27
2026-07-27,FORM,FormFactor,Technology,Semiconductor Test Equipment,AI Infrastructure,Optical Test & Metrology,Wafer-Level Test & Probing,8,98.8000030517578,-0.050365223160888,-0.0618174404876784,-0.3357982988117122,117.56249961853028,125.7817999267578,92.74084964752196,False,False,True,159.92999267578125,27.6200008392334,-0.382229678131415,1246158.0,1490227.9,0.8362197486706564,2026-07-27
2026-07-27,AEHR,Aehr Test Systems,Technology,Semiconductor Test Equipment,AI Infrastructure,Optical Test & Metrology,Wafer & Package Burn-In,6,77.4800033569336,0.015199209469966,0.0015512247367532,-0.2157100654024222,80.31900024414062,92.65499984741211,52.12970002174377,False,False,True,116.58000183105467,16.84000015258789,-0.3353919871332992,2239943.0,3220407.15,0.6955465242958487,2026-07-27
2026-07-27,DELL,Dell Technologies,Technology,AI Server & Storage,AI Infrastructure,AI Servers,Systems & Storage,7,426.9100036621094,-0.0242057059151785,0.1197639440317623,0.0443654531440886,420.90757904052737,386.24498962402345,208.76399681091308,True,True,True,465.1912841796875,110.5447235107422,-0.0822914827071251,4922094.0,6796324.7,0.7242287879506404,2026-07-27
2026-07-27,CLS,Celestica,Technology,Electronics Manufacturing Services,AI Infrastructure,AI Servers,Contract Manufacturing,7,318.239990234375,0.0424528023679913,0.0354655886847246,-0.1194244725816782,337.3694961547852,361.6981976318359,325.4153995513916,False,False,False,472.3999938964844,173.3699951171875,-0.3263336275484584,3923368.0,1925298.4,2.037797361697283,2026-07-27
2026-07-27,IREN,IREN Limited,Technology,AI Data Center & Bitcoin Mining,AI Infrastructure,NeoCloud,AI Cloud & Power Infrastructure,5,36.290000915527344,-0.0210412405103359,-0.0972636759503934,-0.2398408119056265,40.219000053405765,50.530000076293945,48.63987507820129,False,False,False,76.41000366210938,15.399999618530272,-0.525062175418753,34361704.0,42884230.2,0.801266662354592,2026-07-27
2026-07-27,APH,Amphenol,Technology,Interconnect Components,AI Infrastructure,Connectivity,Connectors & Cables,8,149.27999877929688,-0.0222047516231516,-0.0081721863825009,-0.0960944335676741,159.2719985961914,151.41989654541015,141.1447621536255,False,False,True,176.32000732421875,103.6038055419922,-0.1533575738526398,4165687.0,6601849.35,0.6309878912944296,2026-07-27
2026-07-27,GLW,Corning,Technology,Optical Fiber & Materials,AI Infrastructure,Optical,Optical Fiber & Materials,7,143.36000061035156,-0.0224343226939042,-0.0636185833106927,-0.3712556288577363,182.49100036621093,187.0433206176758,134.06417095184327,False,False,True,255.69000244140625,54.81084442138672,-0.4393210558038778,12875213.0,12914130.65,0.9969864289703464,2026-07-27
2026-07-27,CIEN,Ciena,Technology,Optical Networking Equipment,AI Infrastructure,Optical,Connectivity,7,377.2699890136719,-0.0350163769710928,-0.003960187035689,-0.2216262206496002,425.2814971923828,479.1585992431641,347.3267496490478,False,False,True,627.0,86.63999938964844,-0.3982934784470943,1354579.0,1965253.95,0.6892641024840581,2026-07-27
2026-07-27,STX,Seagate Technology,Technology,Storage Hardware,AI Infrastructure,Storage,HDD Storage,6,816.989990234375,-0.0407425379041226,0.0181194813460758,-0.2032164294433083,865.5035003662109,887.1197277832031,505.8331066131592,False,False,True,1093.260498046875,146.06398010253906,-0.2527032745681939,4597208.0,4852755.4,0.9473397319798974,2026-07-27
2026-07-27,STRL,Sterling Infrastructure,Industrials,Infrastructure Construction,AI Infrastructure,Data Center Construction,Construction & Site Infrastructure,6,634.6300048828125,-0.0398069377877097,-0.0239764487754107,-0.2803995632476057,696.8684967041015,784.4330017089844,499.8201496887207,False,False,True,993.739990234375,263.04998779296875,-0.361372178719371,525863.0,642323.15,0.8186891598099804,2026-07-27
2026-07-27,EQIX,Equinix,Real Estate,Data Center REIT,AI Infrastructure,Data Centers,Colocation & Interconnection,8,1046.7900390625,-0.0345402784523559,0.0289784250372593,-0.0375317869814038,1031.017004394531,1056.6670532226562,920.6335986328126,True,False,True,1115.93994140625,718.5999145507812,-0.0619656128237607,496422.0,558036.1,0.8895876091170446,2026-07-27
2026-07-27,NET,Cloudflare,Technology,Edge Cloud & Security,Software,Edge Cloud & Security,SaaS & Edge Network,8,265.6099853515625,0.0131985181599674,-0.0249982664286828,0.1718949592068903,264.4984985351563,243.3365994262696,212.19264999389648,True,True,True,281.75,160.19000244140625,-0.0572848789651729,2604677.0,2982063.85,0.8734477633669715,2026-07-27
2026-07-27,NOW,ServiceNow,Technology,Enterprise Software,Software,Workflow Automation,SaaS,9,105.55999755859376,0.068637364477452,0.0082139506725744,0.1791778543008881,104.04749984741213,104.48620040893556,126.32424995422365,True,True,False,198.63999938964844,83.0,-0.4685863980923134,29222642.0,22581502.1,1.294096463140067,2026-07-27
2026-07-27,SNOW,Snowflake,Technology,Data Cloud Software,Software,Data Cloud,SaaS,8,272.9200134277344,0.0181303287077674,-0.0051759966797088,0.2019731188330795,265.89649810791013,237.50699920654296,209.7442003631592,True,True,True,280.1600036621094,121.11000061035156,-0.0258423405901538,3789579.0,4539738.95,0.8347570293661929,2026-07-27
2026-07-27,APP,AppLovin,Technology,AdTech Software,Software,AdTech & AI Applications,Application Software,8,412.7300109863281,0.0529363728211225,-0.0279557111317931,-0.074451107202362,469.9970001220703,497.3800018310547,524.144676361084,False,False,False,733.5999755859375,361.6300048828125,-0.4373909150464811,5114245.0,5610037.25,0.9116240716583476,2026-07-27
2026-07-27,CRWD,CrowdStrike,Technology,Cybersecurity Software,Software,Cybersecurity,SaaS,8,180.11000061035156,-0.0172959307619953,-0.0925991454186618,0.0615780984660314,193.5748733520508,178.70204956054687,131.4907124710083,False,True,True,210.72999572753903,87.5625,-0.1453043977506518,6197455.0,9580212.75,0.6469016045598779,2026-07-27
2026-07-27,FLNC,Fluence Energy,Industrials,Energy Storage,AI Infrastructure,Energy Storage,Grid Storage,6,13.510000228881836,0.0052083817473258,-0.0539215349081203,-0.3028895348854376,15.843499898910522,19.75339994430542,18.956600008010863,False,False,False,32.22999954223633,6.75,-0.580825304971617,8423118.0,8144195.9,1.0342479605629329,2026-07-27
2026-07-27,BE,Bloom Energy,Industrials,Fuel Cells & Distributed Power,AI Infrastructure,Power,On-site Power Generation,6,188.17999267578125,0.0177943279625378,-0.0450624428743947,-0.3913577943799408,241.42550048828124,267.82960021972656,176.85590061187744,False,False,True,345.8500061035156,34.75,-0.455891313127641,15578120.0,13869366.0,1.1232034687093844,2026-07-27
2026-07-27,KLAC,KLA,Technology,Semicap Equipment,AI Infrastructure,Equipment,Process Control & Metrology,9,203.3600006103516,-0.0340110370359041,-0.0204239179600499,-0.2142194350757361,229.7770004272461,221.1395748901367,160.73710334777832,False,False,True,301.7099914550781,84.03205871582031,-0.3259752531575342,12736563.0,13179593.15,0.966385142169582,2026-07-27
2026-07-27,RMBS,Rambus,Technology,Semiconductor IP,AI Infrastructure,Memory Interface,Memory & IP,7,96.41999816894533,0.0042703470845995,-0.0439266273892166,-0.2204705613566394,108.43850021362304,127.9188005065918,109.27494995117188,False,False,False,170.66000366210938,64.23999786376953,-0.4350170157042317,4002509.0,2947825.45,1.3577835824709363,2026-07-27
2026-07-27,LITE,Lumentum,Technology,Optical Components,AI Infrastructure,Optical,Connectivity,6,711.9600219726562,-0.0668815697648187,-0.0700019158445929,-0.1740315252607963,773.9690002441406,847.8700012207031,591.0080001068116,False,False,True,1053.0899658203125,106.68000030517578,-0.3239323846200836,3709999.0,4172734.95,0.8891048783244667,2026-07-27
2026-07-28,NVDA,NVIDIA,Technology,Semiconductor,AI Infrastructure,GPU,Compute,10,197.009994506836,0.0025443998472178,-0.0495923542488945,0.0232690788757268,203.63149795532223,207.7572457885742,192.8156537628174,False,False,True,235.465576171875,164.97772216796875,-0.1633172130306168,125138253.0,129672332.65,0.9650343326341018,2026-07-28
2026-07-28,AVGO,Broadcom,Technology,Semiconductor,AI Infrastructure,Networking,Connectivity,9,380.9100036621094,-0.0060278627191574,-0.0144631211847104,0.0435319027086003,382.73499908447263,397.1835626220703,364.26073135375975,False,False,True,480.8090515136719,286.5404968261719,-0.2077728103018498,20238808.0,21263385.4,0.9518149447641578,2026-07-28
2026-07-28,ANET,Arista,Technology,Networking Equipment,AI Infrastructure,Networking,Connectivity,8,169.7100067138672,-0.0061489097373256,-0.0278954924167105,0.0768401024197766,173.58050155639648,164.9002001953125,145.59784969329834,False,True,True,186.9600067138672,116.12999725341795,-0.0922657219755038,7186762.0,7642068.1,0.9404210883700448,2026-07-28
2026-07-28,CRDO,Credo,Technology,Semiconductor,AI Infrastructure,Optical,Connectivity,7,192.27999877929688,-0.0761987155609664,-0.141108665863661,-0.1921008454651391,234.5879997253418,232.0824996948242,165.32345024108886,False,False,True,302.5199890136719,87.80999755859375,-0.3644056400828207,6608077.0,6293023.85,1.0500638735065335,2026-07-28
2026-07-28,TSM,TSMC,Technology,Semiconductor Foundry,AI Infrastructure,Foundry,Manufacturing,9,392.30999755859375,-0.0169886462740513,-0.0760697791085281,-0.0926101722670851,423.8219985961914,425.1962756347656,354.46825881958006,False,False,True,477.5700073242188,224.84336853027344,-0.1785288197710092,18055646.0,15115842.3,1.194484941140197,2026-07-28
2026-07-28,ASML,ASML,Technology,Semicap Equipment,AI Infrastructure,Equipment,Manufacturing Equipment,10,1582.949951171875,-0.0436850151439281,-0.1213204797136733,-0.1179469996552058,1776.7229919433594,1743.1709985351563,1379.8433874511718,False,False,True,1989.43994140625,686.0034790039062,-0.2043238309305505,2898185.0,2094874.25,1.3834649024875836,2026-07-28
2026-07-28,VRT,Vertiv,Industrials,Electrical Equipment,AI Infrastructure,Power,Power Infrastructure,7,269.5599975585937,-0.0627260367248697,-0.1147454924184113,-0.1131436527958197,303.8994995117188,312.54014587402344,245.3577532196045,False,False,True,376.1517333984375,121.68595886230467,-0.2833743045042326,7979489.0,4781024.45,1.668991464789518,2026-07-28
2026-07-28,ETN,Eaton,Industrials,Electrical Equipment,AI Infrastructure,Power,Power Infrastructure,8,386.260009765625,-0.0310556001101156,-0.0414195357632378,-0.0407767537717644,405.0789993286133,403.2161999511719,372.6904022216797,False,False,True,435.7799987792969,313.9706115722656,-0.1136352956821947,2928007.0,2083935.35,1.4050373491672858,2026-07-28
2026-07-28,GEV,GE Vernova,Industrials,Power Equipment,AI Infrastructure,Power,Grid Infrastructure,7,943.3800048828124,-0.0533730716863745,-0.1255365137098121,-0.0973908883556042,1063.8059967041015,1028.6216833496094,830.8609112548828,False,False,True,1174.8599853515625,546.9464721679688,-0.1970277167959571,3883676.0,2956348.8,1.3136731362686298,2026-07-28
2026-07-28,CEG,Constellation Energy,Utilities,Power Generation,AI Infrastructure,Energy,Power Supply,6,259.82000732421875,-0.0377036765769676,-0.0091525966185331,-0.0159078170753034,255.15025100708007,263.31630126953127,309.0873709106445,True,False,False,402.3219604492188,236.5,-0.3541987938363773,2851183.0,3254299.15,0.8761281211655051,2026-07-28
2026-07-28,NBIS,Nebius,Technology,AI Cloud Infrastructure,AI Infrastructure,NeoCloud,AI Cloud,7,169.69000244140625,-0.0968171277872385,-0.2177300208658245,-0.2938410308515184,205.9555000305176,225.5010000610352,140.54277549743654,False,False,True,286.69000244140625,50.400001525878906,-0.4081063134523237,28399177.0,19510868.85,1.4555567575351724,2026-07-28
2026-07-28,CRWV,CoreWeave,Technology,AI Cloud Infrastructure,AI Infrastructure,NeoCloud,AI Cloud,8,67.30000305175781,-0.0493007178787028,-0.1543101092830689,-0.3031683394510154,80.9189998626709,95.83919967651369,95.90897483825684,False,False,False,148.75,64.55000305175781,-0.5475630046940652,29426827.0,25546456.35,1.15189467364228,2026-07-28
2026-07-28,MRVL,Marvell,Technology,Semiconductor,AI Infrastructure,Networking,Connectivity,8,174.47000122070312,-0.0777078664192501,-0.1610406059432526,-0.3458295530234869,220.49216995239257,239.16462524414064,133.6453388595581,False,False,True,316.3519592285156,62.177528381347656,-0.4484940076041211,28376631.0,26078111.55,1.0881397966870805,2026-07-28
2026-07-28,COHR,Coherent,Technology,Optical Components,AI Infrastructure,Optical,Connectivity,7,243.3300018310547,-0.1031292469106168,-0.2329298250592972,-0.3606001592598028,310.6129997253418,354.71699981689454,253.01975025177,False,False,False,426.8900146484375,86.55000305175781,-0.4299936904557312,7167110.0,4412910.5,1.6241231269023018,2026-07-28
2026-07-28,NOK,Nokia,Technology,Telecom Infrastructure,AI Infrastructure,AI-RAN,Telecom Edge,5,8.930000305175781,-0.0377154566666512,-0.1599247216334153,-0.313604907911421,11.15399990081787,13.192199954986572,9.112699990272525,False,False,False,16.850000381469727,4.050000190734863,-0.4700296674772615,107823243.0,93176512.15,1.1571933796622584,2026-07-28
2026-07-28,TEAM,Atlassian,Technology,Enterprise Software,Software,Developer Tools,SaaS,8,99.9800033569336,0.0428705590132894,0.1035320644678796,0.269748616578731,89.08500022888184,89.72789993286133,109.63792491912842,True,True,False,200.0599975585937,57.150001525878906,-0.5002499021442237,5987076.0,3665923.8,1.6331697892902193,2026-07-28
2026-07-28,DDOG,Datadog,Technology,Observability Software,Software,Cloud Software,SaaS,9,250.8800048828125,-0.0038910336105938,-0.0153459260816782,0.0463360737889748,257.9599998474121,241.49900024414063,165.6920002746582,False,True,True,277.489990234375,102.61499786376952,-0.0958952981658438,3853478.0,3956693.9,0.973913599937564,2026-07-28
2026-07-28,RDW,Redwire,Industrials,Space Infrastructure,Space Economy,Space Infrastructure,Space Hardware,6,8.569999694824219,-0.0294450997880315,-0.0902335854124681,-0.2159195374618617,9.813999938964844,13.811400051116944,10.036549999713898,False,False,False,25.89999961853028,5.059999942779541,-0.6691119760213133,10939283.0,16655904.15,0.6567810970502013,2026-07-28
2026-07-28,PL,Planet Labs,Technology,Earth Observation,Space Economy,Satellite Data,Space Software,6,20.420000076293945,-0.0276190439860025,-0.1160173273124971,-0.2456593902290199,25.485999965667723,32.448999900817874,25.774449973106385,False,False,False,51.400001525878906,6.179999828338623,-0.6027237457179282,8646135.0,8866681.75,0.9751263487042376,2026-07-28
2026-07-28,UUUU,Energy Fuels,Energy,Nuclear Fuel,Nuclear,Nuclear Fuel,Upstream Nuclear,6,11.329999923706056,-0.0324509063367219,-0.082591127632199,-0.2250341988786695,12.711500072479248,14.927000122070313,18.135950026512145,False,False,False,27.71999931335449,8.470000267028809,-0.5912698338975906,6533896.0,6661854.8,0.9807923162780432,2026-07-28
2026-07-28,SMR,NuScale Power,Industrials,Small Modular Reactor,Nuclear,SMR,Reactor Developer,6,8.220000267028809,-0.0374706904278234,-0.0562571491357203,-0.1861386181618485,8.751000022888183,10.11060001373291,16.936849994659426,False,False,False,53.43000030517578,7.639999866485596,-0.8461538420348365,26975627.0,28081556.35,0.9606172344503976,2026-07-28
2026-07-28,OKLO,Oklo,Industrials,Advanced Nuclear,Nuclear,SMR,Reactor Developer,7,39.58000183105469,-0.0533365096625156,-0.1031044442994135,-0.2083999633789062,45.9305004119873,54.715599899292,77.39409984588623,False,False,False,174.13999938964844,39.58000183105469,-0.7727116000357155,7371150.0,8621402.5,0.8549827014804146,2026-07-28
2026-07-28,RGTI,Rigetti Computing,Technology,Quantum Computing,Quantum,Quantum Hardware,Quantum Hardware,4,14.520000457763672,-0.0716112443077565,-0.0497381733304348,-0.2091503281553737,15.9875,19.301500072479246,22.481300039291384,False,False,False,56.34000015258789,12.899999618530272,-0.7422790128072672,17947529.0,22003081.45,0.8156825234131013,2026-07-28
2026-07-28,QBTS,D-Wave Quantum,Technology,Quantum Computing,Quantum,Quantum Hardware,Quantum Hardware,4,17.635000228881836,-0.0961045606357463,-0.0092696075983629,-0.2251757446599895,19.36924991607666,22.621299934387206,23.42662495136261,False,False,False,44.77999877929688,12.979999542236328,-0.6061857813842768,23879942.0,18899242.1,1.2635396633180331,2026-07-28
2026-07-28,IONQ,IonQ,Technology,Quantum Computing,Quantum,Quantum Hardware,Quantum Hardware,6,33.880001068115234,-0.0567927952344318,-0.045902487481379,-0.3129182696298506,40.37099990844727,51.57320007324219,46.92695000648499,False,False,False,82.08999633789062,26.59000015258789,-0.5872822197644916,19811002.0,18158320.1,1.091015131955957,2026-07-28
2026-07-28,MU,Micron,Technology,Memory,AI Infrastructure,Memory,HBM,9,820.530029296875,-0.0885025348031582,-0.1548072525220963,-0.2752499536099642,947.9356994628906,958.111435546875,508.583826751709,False,False,True,1213.3734130859375,104.71192932128906,-0.3237613248752132,58476265.0,44854163.25,1.303697600467444,2026-07-28
2026-07-28,SNDK,Sandisk,Technology,Memory,AI Infrastructure,Memory,NAND,6,1096.0999755859375,-0.1424861000490866,-0.3103687185420685,-0.4757283429718616,1636.398992919922,1721.4801977539062,827.4390492630005,False,False,True,2335.0,40.68999862670898,-0.5305781689139454,25404136.0,14534771.8,1.7478180152783684,2026-07-28
2026-07-28,ORCL,Oracle,Technology,Enterprise Software,AI Infrastructure,NeoCloud,AI Cloud,8,119.95999908447266,0.0005003966457899,-0.0558048311450792,-0.1895419375556361,131.4157615661621,168.16474182128906,184.5113926696777,False,False,False,324.6299743652344,114.98999786376952,-0.6304715874772914,24924314.0,39348870.7,0.6334187883059119,2026-07-28
2026-07-28,KEYS,Keysight Technologies,Technology,Electronic Test & Measurement,AI Infrastructure,Optical Test & Metrology,R&D Test & Standards,9,305.1700134277344,-0.0271294932630362,-0.0699154946450302,-0.0714720074625347,321.00950012207034,335.3243994140625,266.67619918823243,False,False,True,373.3399963378906,158.50999450683594,-0.1825949096770739,1253885.0,1320129.25,0.9498198755917272,2026-07-28
2026-07-28,FORM,FormFactor,Technology,Semiconductor Test Equipment,AI Infrastructure,Optical Test & Metrology,Wafer-Level Test & Probing,8,88.2300033569336,-0.1069837992746515,-0.2243516188401442,-0.325149153664776,114.76549987792968,124.9866000366211,92.9910496711731,False,False,False,159.92999267578125,27.6200008392334,-0.4483210942440406,2235901.0,1493475.05,1.4971130585676673,2026-07-28
2026-07-28,AEHR,Aehr Test Systems,Technology,Semiconductor Test Equipment,AI Infrastructure,Optical Test & Metrology,Wafer & Package Burn-In,6,70.0,-0.0965410819934382,-0.2922859426926123,-0.2375558015310311,79.0805004119873,91.9281999206543,52.35045001983642,False,False,True,116.58000183105467,16.84000015258789,-0.3995539637969594,2830909.0,3305280.45,0.8564807261665194,2026-07-28
2026-07-28,DELL,Dell Technologies,Technology,AI Server & Storage,AI Infrastructure,AI Servers,Systems & Storage,7,392.1000061035156,-0.0815394281229942,-0.0298156327476157,-0.0168766411108148,419.8162796020508,389.1373687744141,209.9121980285645,False,True,True,465.1912841796875,110.5447235107422,-0.1571209103907871,9173678.0,6816378.9,1.345828648111096,2026-07-28
2026-07-28,CLS,Celestica,Technology,Electronics Manufacturing Services,AI Infrastructure,AI Servers,Contract Manufacturing,7,350.20001220703125,0.1004274225533961,0.0312436054758917,0.0375374440007005,337.71699676513674,361.0703979492188,325.8919995880127,True,False,True,472.3999938964844,181.33999633789065,-0.2586790501022539,7523007.0,2258120.35,3.3315350087518585,2026-07-28
2026-07-28,IREN,IREN Limited,Technology,AI Data Center & Bitcoin Mining,AI Infrastructure,NeoCloud,AI Cloud & Power Infrastructure,5,33.93000030517578,-0.0650317043486706,-0.1782514034186856,-0.2812963151203419,39.62000007629395,50.040600051879885,48.50907507896423,False,False,False,76.41000366210938,15.399999618530272,-0.5559481916109215,41196545.0,43259812.25,0.9523052194938734,2026-07-28
2026-07-28,APH,Amphenol,Technology,Interconnect Components,AI Infrastructure,Connectivity,Connectors & Cables,8,143.85000610351562,-0.0363745493045537,-0.0884607545215561,-0.1213657156672122,158.14349899291992,151.7169888305664,141.23845649719237,False,False,True,176.32000732421875,103.6038055419922,-0.184153810525864,8643858.0,6794332.9,1.272215849182191,2026-07-28
2026-07-28,GLW,Corning,Technology,Optical Fiber & Materials,AI Infrastructure,Optical,Optical Fiber & Materials,7,126.01000213623048,-0.1210239843767712,-0.224124134629098,-0.4299479737771103,176.00700035095215,185.4042951965332,134.26182209014894,False,False,False,255.69000244140625,61.30979537963867,-0.5071766555866539,44125982.0,13964419.1,3.159886686586197,2026-07-28
2026-07-28,CIEN,Ciena,Technology,Optical Networking Equipment,AI Infrastructure,Optical,Connectivity,7,350.510009765625,-0.0709305802934595,-0.1424412195233948,-0.2690093644095411,418.860498046875,474.3373992919922,348.2809996795654,False,False,True,627.0,86.63999938964844,-0.4409728711872009,4176816.0,1978290.8,2.1113255948013303,2026-07-28
2026-07-28,STX,Seagate Technology,Technology,Storage Hardware,AI Infrastructure,Storage,HDD Storage,6,747.2999877929688,-0.0853009256838187,-0.1620600636077434,-0.1695744332493531,854.4419982910156,885.9819958496093,508.4535350036621,False,False,True,1093.260498046875,146.06398010253906,-0.3164483770080136,8033592.0,4988089.6,1.6105548705460304,2026-07-28
2026-07-28,STRL,Sterling Infrastructure,Industrials,Infrastructure Construction,AI Infrastructure,Data Center Construction,Construction & Site Infrastructure,6,538.0900268554688,-0.1521200971976897,-0.2251007950215565,-0.3313658477983021,683.0844970703125,777.4142016601562,500.6756498718262,False,False,True,993.739990234375,263.04998779296875,-0.458520304965729,2755043.0,742352.15,3.711234620927548,2026-07-28
2026-07-28,EQIX,Equinix,Real Estate,Data Center REIT,AI Infrastructure,Data Centers,Colocation & Interconnection,8,1034.8599853515625,-0.0113967971281251,0.0067906569206448,-0.0517181901871715,1028.5015014648438,1055.8769262695312,921.8551846313476,True,False,True,1115.93994140625,718.5999145507812,-0.0726562004336135,603008.0,565180.4,1.0669301341660111,2026-07-28
2026-07-28,NET,Cloudflare,Technology,Edge Cloud & Security,Software,Edge Cloud & Security,SaaS & Edge Network,8,264.1000061035156,-0.0056849491032811,-0.0301494309011242,0.1132186814551625,265.51549911499023,244.622399597168,212.41315002441405,False,True,True,281.75,160.19000244140625,-0.0626441664471495,2270304.0,2915435.2,0.7787187312549426,2026-07-28
2026-07-28,NOW,ServiceNow,Technology,Enterprise Software,Software,Workflow Automation,SaaS,9,110.62000274658205,0.0479348740528304,0.0838722848594415,0.1248729597924531,104.57999992370604,104.8886004638672,125.96302997589112,True,True,False,198.63999938964844,83.0,-0.4431131540149075,30771911.0,23037840.55,1.335711606008142,2026-07-28
2026-07-28,SNOW,Snowflake,Technology,Data Cloud Software,Software,Data Cloud,SaaS,8,270.3599853515625,-0.0093801405181659,-0.0050418635387113,0.0859574954233133,266.8319976806641,239.8989990234375,209.8449502563477,True,True,True,280.1600036621094,121.11000061035156,-0.0349800763222658,4805529.0,4433186.45,1.0839898240688703,2026-07-28
2026-07-28,APP,AppLovin,Technology,AdTech Software,Software,AdTech & AI Applications,Application Software,8,418.2200012207031,0.0133016502028897,-0.0244232456112249,-0.1233755072696739,465.9699996948242,496.04120178222655,523.0872763061524,False,False,False,733.5999755859375,361.6300048828125,-0.4299072857974614,5459080.0,5619804.0,0.9714004260646812,2026-07-28
2026-07-28,CRWD,CrowdStrike,Technology,Cybersecurity Software,Software,Cybersecurity,SaaS,8,181.8000030517578,0.0093831682620577,-0.0489144187458879,0.0372419865515289,193.37849884033204,179.43829956054688,131.7622749710083,False,True,True,210.72999572753903,87.5625,-0.1372846451019054,8389406.0,9030990.3,0.928957480997405,2026-07-28
2026-07-28,FLNC,Fluence Energy,Industrials,Energy Storage,AI Infrastructure,Energy Storage,Grid Storage,6,12.619999885559082,-0.0658771523497165,-0.1740837626896262,-0.3450960256477512,15.516999912261962,19.58699993133545,18.944900007247924,False,False,False,32.22999954223633,6.75,-0.6084393402171477,6308351.0,7956312.55,0.79287370378631,2026-07-28
2026-07-28,BE,Bloom Energy,Industrials,Fuel Cells & Distributed Power,AI Infrastructure,Power,On-site Power Generation,6,166.83999633789062,-0.1134020468087576,-0.2626182251018752,-0.3379890742422236,236.01699981689453,265.0982000732422,177.2522005844116,False,False,False,345.8500061035156,34.75,-0.5175943519053918,23548093.0,14180449.65,1.660602701692185,2026-07-28
2026-07-28,KLAC,KLA,Technology,Semicap Equipment,AI Infrastructure,Equipment,Process Control & Metrology,9,190.8000030517578,-0.0617623796267554,-0.1230005277033011,-0.2326254684679615,225.3974998474121,221.17452056884767,161.16206184387207,False,False,True,301.7099914550781,84.03205871582031,-0.3676046254498463,16460687.0,13344414.35,1.2335263705297042,2026-07-28
2026-07-28,RMBS,Rambus,Technology,Semiconductor IP,AI Infrastructure,Memory Interface,Memory & IP,7,87.75,-0.0899190866375448,-0.1705265219718844,-0.2351608347207729,106.6310001373291,127.06460037231446,109.216549949646,False,False,False,170.66000366210938,69.68000030517578,-0.4858197696178614,5563737.0,3047536.85,1.8256504429142504,2026-07-28
2026-07-28,LITE,Lumentum,Technology,Optical Components,AI Infrastructure,Optical,Connectivity,6,651.9299926757812,-0.08431657318419,-0.2216318895648144,-0.2020245192523196,763.9954986572266,840.8724011230469,593.452200088501,False,False,True,1053.0899658203125,106.68000030517578,-0.3809360891897252,5566702.0,4172865.1,1.3340239539495298,2026-07-28
2026-07-29,NVDA,NVIDIA,Technology,Semiconductor,AI Infrastructure,GPU,Compute,10,190.009994506836,-0.0355311923007901,-0.1039800212468889,-0.0254398455291208,203.12749786376952,207.05629150390624,192.8040803527832,False,False,False,235.465576171875,164.97772216796875,-0.1930455500291871,136609393.0,128627629.65,1.0620532569224717,2026-07-29
2026-07-29,AVGO,Broadcom,Technology,Semiconductor,AI Infrastructure,Networking,Connectivity,9,370.3200073242188,-0.0278018330736322,-0.0667573659871395,-0.005718901363946,382.3634994506836,396.09960021972654,364.3968453979492,False,False,True,480.8090515136719,286.5404968261719,-0.2297981783862306,21073707.0,20895680.35,1.0085197824152206,2026-07-29
2026-07-29,ANET,Arista,Technology,Networking Equipment,AI Infrastructure,Networking,Connectivity,8,157.97000122070312,-0.0691768606960097,-0.09664318847358,-0.0373552995418272,172.98500137329103,165.2202001953125,145.59654972076416,False,False,True,186.9600067138672,116.12999725341795,-0.1550599296753974,7140897.0,7553764.85,0.9453427716908608,2026-07-29
2026-07-29,CRDO,Credo,Technology,Semiconductor,AI Infrastructure,Optical,Connectivity,7,177.4499969482422,-0.0771271163158102,-0.2226311226750601,-0.2777189749333018,229.8629989624024,232.18809967041017,165.45495025634764,False,False,True,302.5199890136719,87.80999755859375,-0.413427200209826,6811328.0,6234886.4,1.0924542265918429,2026-07-29
2026-07-29,TSM,TSMC,Technology,Semiconductor Foundry,AI Infrastructure,Foundry,Manufacturing,9,374.6700134277344,-0.0449644012149467,-0.1104911539884666,-0.176730370461667,418.6769989013672,424.62156982421874,354.8539352416992,False,False,True,477.5700073242188,224.84336853027344,-0.2154657795053414,19534149.0,15349867.45,1.2725939858197275,2026-07-29
2026-07-29,ASML,ASML,Technology,Semicap Equipment,AI Infrastructure,Equipment,Manufacturing Equipment,10,1550.68994140625,-0.0203796776655778,-0.1382750444234382,-0.1754556388615373,1752.7087524414062,1741.9635180664063,1380.9434375,False,False,True,1986.8546142578125,685.1119384765625,-0.2195252081967211,2511239.0,2090401.95,1.2013187224590949,2026-07-29
2026-07-29,VRT,Vertiv,Industrials,Electrical Equipment,AI Infrastructure,Power,Power Infrastructure,7,223.0399932861328,-0.1725775511715123,-0.2593970295724408,-0.2734143649243006,298.3104988098145,309.583688659668,245.6292446899414,False,False,False,376.1517333984375,121.68595123291016,-0.4070478121394739,21107703.0,5458185.15,3.867165077754828,2026-07-29
2026-07-29,ETN,Eaton,Industrials,Electrical Equipment,AI Infrastructure,Power,Power Infrastructure,8,361.8800048828125,-0.0631181180200503,-0.1106632876410896,-0.1136040850766609,401.8669998168945,402.465,372.6300582885742,False,False,False,435.7799987792969,313.9706115722656,-0.169580967698133,4507905.0,2184225.25,2.0638462081692355,2026-07-29
2026-07-29,GEV,GE Vernova,Industrials,Power Equipment,AI Infrastructure,Power,Grid Infrastructure,7,900.280029296875,-0.0456867596968958,-0.0860379861317481,-0.183426888352461,1050.0769989013672,1025.6534020996094,832.198146057129,False,False,True,1174.8599853515625,546.9464721679688,-0.233712918541968,3415229.0,2972986.45,1.1487536379454404,2026-07-29
2026-07-29,CEG,Constellation Energy,Utilities,Power Generation,AI Infrastructure,Energy,Power Supply,6,257.95001220703125,-0.0071972714358906,-0.0616587197736925,-0.0052830289931106,255.62925186157227,263.13130126953126,308.4686940002441,True,False,False,402.3219299316406,236.5,-0.358846751776966,2706437.0,3139956.85,0.8619344562012055,2026-07-29
2026-07-29,NBIS,Nebius,Technology,AI Cloud Infrastructure,AI Infrastructure,NeoCloud,AI Cloud,7,148.22000122070312,-0.1265248447864021,-0.3205903981819268,-0.4324334494166018,199.55799942016603,224.06660003662108,140.6206755065918,False,False,True,286.69000244140625,51.290000915527344,-0.4829955702728198,38183008.0,20801665.4,1.8355745689477343,2026-07-29
2026-07-29,CRWV,CoreWeave,Technology,AI Cloud Infrastructure,AI Infrastructure,NeoCloud,AI Cloud,8,60.81999969482422,-0.0962853352614274,-0.2640367843172735,-0.3632080584808934,78.98299980163574,94.909599609375,95.49767482757568,False,False,False,148.75,60.81999969482422,-0.59112605247177,35723804.0,26414635.2,1.3524246588875852,2026-07-29
2026-07-29,MRVL,Marvell,Technology,Semiconductor,AI Infrastructure,Networking,Connectivity,8,163.39999389648438,-0.0634493451410898,-0.2255557626317118,-0.4115560419546311,213.7713432312012,238.895697631836,134.00990303039552,False,False,True,316.3519592285156,62.17753219604492,-0.4834867016630264,24229911.0,25454195.55,0.9519024458032812,2026-07-29
2026-07-29,COHR,Coherent,Technology,Optical Components,AI Infrastructure,Optical,Connectivity,7,222.0500030517578,-0.0874532471095433,-0.2887344203361107,-0.4324165370919,301.9919998168945,351.5089996337891,253.5182502746582,False,False,False,426.8900146484375,86.55000305175781,-0.4798425930983051,6854742.0,4594627.1,1.4919038805129583,2026-07-29
2026-07-29,NOK,Nokia,Technology,Telecom Infrastructure,AI Infrastructure,AI-RAN,Telecom Edge,5,8.40999984741211,-0.0582307323620451,-0.1819066083787341,-0.3545663837481597,10.910499906539917,13.08139995574951,9.12884999036789,False,False,False,16.850000381469727,4.050000190734863,-0.5008902280702172,93509619.0,95219910.95,0.982038505046512,2026-07-29
2026-07-29,TEAM,Atlassian,Technology,Enterprise Software,Software,Developer Tools,SaaS,8,104.27999877929688,0.0430085544907623,0.2210772472608999,0.3156698961484072,90.40950012207033,90.06429992675781,109.42062488555908,True,True,False,197.19000244140625,57.150001525878906,-0.4711699503615402,5401683.0,3772279.15,1.431941482909609,2026-07-29
2026-07-29,DDOG,Datadog,Technology,Observability Software,Software,Cloud Software,SaaS,9,264.20001220703125,0.0530931404056715,0.0749888416575799,0.0628796895130865,258.1520011901856,242.6234005737305,166.19265029907226,True,True,True,277.489990234375,102.61499786376952,-0.0478935402899352,6571365.0,4018898.25,1.6351160420645137,2026-07-29
2026-07-29,RDW,Redwire,Industrials,Space Infrastructure,Space Economy,Space Infrastructure,Space Hardware,6,7.78000020980835,-0.092181973529472,-0.1345939479550527,-0.3344738674872345,9.591499972343446,13.685800046920775,10.027200002670288,False,False,False,25.89999961853028,5.059999942779541,-0.6996138870889359,14055751.0,15653772.55,0.8979146052559707,2026-07-29
2026-07-29,PL,Planet Labs,Technology,Earth Observation,Space Economy,Satellite Data,Space Software,6,19.46999931335449,-0.0465230538388846,-0.1384956201452809,-0.3775575803722122,24.80299987792969,32.005999908447265,25.79349997043609,False,False,False,51.400001525878906,6.179999828338623,-0.6212062502848035,5230484.0,8341279.2,0.627060175614311,2026-07-29
2026-07-29,UUUU,Energy Fuels,Energy,Nuclear Fuel,Nuclear,Nuclear Fuel,Upstream Nuclear,6,10.739999771118164,-0.0520741532710355,-0.1275386348481879,-0.2638793928173356,12.523500061035156,14.773600120544431,18.09115002155304,False,False,False,27.71999931335449,8.470000267028809,-0.6125541112137034,7503631.0,6808136.55,1.102156360245154,2026-07-29
2026-07-29,SMR,NuScale Power,Industrials,Small Modular Reactor,Nuclear,SMR,Reactor Developer,6,7.590000152587891,-0.0766423471989298,-0.1255760500305439,-0.2602339197593691,8.629000043869018,10.03780002593994,16.771749992370605,False,False,False,53.43000030517578,7.590000152587891,-0.857944972688824,31242304.0,28498395.2,1.0962829233275564,2026-07-29
2026-07-29,OKLO,Oklo,Industrials,Advanced Nuclear,Nuclear,SMR,Reactor Developer,7,36.84000015258789,-0.0692269214681282,-0.1721348280317327,-0.3017437201556506,45.15600032806397,54.20739990234375,76.8876498222351,False,False,False,174.13999938964844,36.84000015258789,-0.7884460762506595,7126166.0,8680933.3,0.8208986008451418,2026-07-29
2026-07-29,RGTI,Rigetti Computing,Technology,Quantum Computing,Quantum,Quantum Hardware,Quantum Hardware,4,13.220000267028809,-0.0895316907541672,-0.1319763188195327,-0.3199588526827338,15.68250002861023,19.20890007019043,22.311850037574768,False,False,False,56.34000015258789,12.899999618530272,-0.7653532085334656,19564331.0,21938661.55,0.8917741383361648,2026-07-29
2026-07-29,QBTS,D-Wave Quantum,Technology,Quantum Computing,Quantum,Quantum Hardware,Quantum Hardware,4,16.18000030517578,-0.0825063739621119,-0.0674351614161079,-0.3210239044491167,18.97874994277954,22.53789993286133,23.332174954414366,False,False,False,44.77999877929688,12.979999542236328,-0.6386779645769827,20114354.0,18909542.7,1.0637144598954262,2026-07-29
2026-07-29,IONQ,IonQ,Technology,Quantum Computing,Quantum,Quantum Hardware,Quantum Hardware,6,31.989999771118164,-0.0557851604903214,-0.0775663353629253,-0.4062732157210553,39.30749998092652,51.17400005340576,46.69940000534058,False,False,False,82.08999633789062,26.59000015258789,-0.6103057473721386,21830722.0,18518006.1,1.1788916086381458,2026-07-29
2026-07-29,MU,Micron,Technology,Memory,AI Infrastructure,Memory,HBM,9,739.0,-0.0993626392525077,-0.2297911211873701,-0.3546437037527405,927.1800720214844,958.4004650878908,511.3181168365479,False,False,True,1213.3734130859375,104.7119369506836,-0.3909541844002312,67355489.0,46242459.45,1.4565723752826905,2026-07-29
2026-07-29,SNDK,Sandisk,Technology,Memory,AI Infrastructure,Memory,NAND,6,1015.8900146484376,-0.0731775957705158,-0.3647789289852395,-0.5045381279308421,1573.5069946289063,1713.645798339844,831.8700993728638,False,False,True,2335.0,40.68999862670898,-0.564929329915016,23282588.0,15187339.4,1.5330261204276503,2026-07-29
2026-07-29,ORCL,Oracle,Technology,Enterprise Software,AI Infrastructure,NeoCloud,AI Cloud,8,117.73999786376952,-0.0185061790400636,-0.0643674404787166,-0.2003951387908034,130.0006649017334,166.6739207458496,183.62947650909425,False,False,False,324.6299743652344,114.98999786376952,-0.6373101464398272,27130082.0,39296084.1,0.6904016677834828,2026-07-29
2026-07-29,KEYS,Keysight Technologies,Technology,Electronic Test & Measurement,AI Infrastructure,Optical Test & Metrology,R&D Test & Standards,9,296.7200012207031,-0.0276895233319909,-0.0940677118841709,-0.127627680707163,318.34199981689454,334.2785992431641,267.3042991638184,False,False,True,373.3399963378906,158.50999450683594,-0.2052284669972588,1014271.0,1304198.55,0.7776967701735291,2026-07-29
2026-07-29,FORM,FormFactor,Technology,Semiconductor Test Equipment,AI Infrastructure,Optical Test & Metrology,Wafer-Level Test & Probing,8,83.44999694824219,-0.0541766545032752,-0.2640444713163965,-0.4211694665456575,110.94150009155274,124.1302000427246,93.21649965286257,False,False,False,159.92999267578125,27.6200008392334,-0.4782092117179262,2349226.0,1517811.3,1.5477721110654532,2026-07-29
2026-07-29,AEHR,Aehr Test Systems,Technology,Semiconductor Test Equipment,AI Infrastructure,Optical Test & Metrology,Wafer & Package Burn-In,6,65.4000015258789,-0.0657142639160156,-0.3008338583945564,-0.3099081582518582,77.54750061035156,91.24619995117187,52.551700029373166,False,False,True,116.58000183105467,16.84000015258789,-0.4390118330873315,2444773.0,3369703.65,0.7255157289573521,2026-07-29
2026-07-29,DELL,Dell Technologies,Technology,AI Server & Storage,AI Infrastructure,AI Servers,Systems & Storage,7,369.6400146484375,-0.0572812831049756,-0.1633317680813201,-0.1069900918839178,416.7608703613281,391.6983532714844,210.99045944213867,False,False,True,465.1912841796875,110.5447235107422,-0.2054021061459565,6272536.0,6798566.8,0.9226262217501487,2026-07-29
2026-07-29,CLS,Celestica,Technology,Electronics Manufacturing Services,AI Infrastructure,AI Servers,Contract Manufacturing,7,328.42999267578125,-0.0621645310462753,-0.0210730471660767,-0.0431755493786416,335.8984970092773,360.467998046875,326.23524955749514,False,False,True,472.3999938964844,181.33999633789065,-0.3047629193074267,3988091.0,2387064.55,1.670709323717283,2026-07-29
2026-07-29,IREN,IREN Limited,Technology,AI Data Center & Bitcoin Mining,AI Infrastructure,NeoCloud,AI Cloud & Power Infrastructure,5,29.309999465942383,-0.1361627113963995,-0.2899709221735199,-0.3615770079861032,38.799000072479245,49.56800006866455,48.33637508392334,False,False,False,76.41000366210938,15.399999618530272,-0.6164114898416528,69575723.0,45644211.15,1.524305519737304,2026-07-29
2026-07-29,APH,Amphenol,Technology,Interconnect Components,AI Infrastructure,Connectivity,Connectors & Cables,8,150.30999755859375,0.044907828856326,-0.045711365623403,-0.0968032735705062,156.84299850463867,152.2269548034668,141.36215911865236,False,False,True,176.32000732421875,103.6038055419922,-0.1475159294758737,12176317.0,6755630.85,1.8023952566916828,2026-07-29
2026-07-29,GLW,Corning,Technology,Optical Fiber & Materials,AI Infrastructure,Optical,Optical Fiber & Materials,7,124.0500030517578,-0.0155543135564245,-0.1947942034428645,-0.5148421844135849,169.43800086975097,184.05496566772464,134.44907722473144,False,False,False,255.69000244140625,61.3790397644043,-0.5148421844135849,24110508.0,14139695.4,1.7051645964028337,2026-07-29
2026-07-29,CIEN,Ciena,Technology,Optical Networking Equipment,AI Infrastructure,Optical,Connectivity,7,330.3699951171875,-0.0574591711714723,-0.1681690198637035,-0.3101914681279183,410.8509979248047,469.8555987548828,349.11479965209963,False,False,False,627.0,86.63999938964844,-0.4730941066711522,2459624.0,1979026.2,1.2428455974963848,2026-07-29
2026-07-29,STX,Seagate Technology,Technology,Storage Hardware,AI Infrastructure,Storage,HDD Storage,6,764.4299926757812,0.0229225279842479,-0.158209433732729,-0.2107317588998913,844.4134979248047,885.3725317382813,511.17279754638673,False,False,True,1093.260498046875,146.06398010253906,-0.3007796458013017,9219184.0,5285064.2,1.74438448637956,2026-07-29
2026-07-29,STRL,Sterling Infrastructure,Industrials,Infrastructure Construction,AI Infrastructure,Data Center Construction,Construction & Site Infrastructure,6,494.239990234375,-0.0814920077172735,-0.3129257767082677,-0.3926539705664403,665.8284973144531,770.3222009277343,501.3691998291016,False,False,False,993.739990234375,263.04998779296875,-0.5026465724522088,983441.0,759807.05,1.2943299223138294,2026-07-29
2026-07-29,EQIX,Equinix,Real Estate,Data Center REIT,AI Infrastructure,Data Centers,Colocation & Interconnection,8,1008.02001953125,-0.0259358427229113,-0.0201411152475995,-0.0710948711167616,1026.7830017089843,1054.9528100585935,922.9194046020508,False,False,True,1115.93994140625,718.5999145507812,-0.0967076433692344,735442.0,537177.1,1.3690866568958358,2026-07-29
2026-07-29,NET,Cloudflare,Technology,Edge Cloud & Security,Software,Edge Cloud & Security,SaaS & Edge Network,8,270.3800048828125,0.0237788664678613,0.0052048250401608,0.1092058212006155,266.770499420166,246.07879974365235,212.66030006408693,True,True,True,281.75,160.19000244140625,-0.0403549072482253,3030361.0,2960683.05,1.023534417167687,2026-07-29
2026-07-29,NOW,ServiceNow,Technology,Enterprise Software,Software,Workflow Automation,SaaS,9,115.76000213623048,0.0464653702949511,0.2126545489885698,0.1579473914446381,105.40400009155272,105.30240051269531,125.6238800048828,True,True,False,195.4960021972656,83.0,-0.4078651182880833,37057992.0,24064534.6,1.539942185293706,2026-07-29
2026-07-29,SNOW,Snowflake,Technology,Data Cloud Software,Software,Data Cloud,SaaS,8,282.8999938964844,0.0463826350952618,0.0563853875721203,0.124180412310499,268.25199737548826,242.4075988769532,210.00610023498533,True,True,True,282.8999938964844,121.11000061035156,0.0,8690174.0,4650223.7,1.8687647220068144,2026-07-29
2026-07-29,APP,AppLovin,Technology,AdTech Software,Software,AdTech & AI Applications,Application Software,8,399.4599914550781,-0.0448567971662478,-0.0315652133060129,-0.1990937853201372,460.18150024414064,494.0104016113281,522.0829762268066,False,False,False,733.5999755859375,363.30999755859375,-0.4554798190444004,5594693.0,5625604.65,0.9945051862114056,2026-07-29
2026-07-29,CRWD,CrowdStrike,Technology,Cybersecurity Software,Software,Cybersecurity,SaaS,8,179.3800048828125,-0.0133113208378569,-0.047977886498158,-0.0341763531667406,192.8082489013672,180.05549957275392,132.02276248931884,False,False,True,210.72999572753903,87.5625,-0.1487685259826995,7037737.0,8649571.85,0.8136514872698584,2026-07-29
2026-07-29,FLNC,Fluence Energy,Industrials,Energy Storage,AI Infrastructure,Energy Storage,Grid Storage,6,11.890000343322754,-0.0578446552183933,-0.1889494906494379,-0.3791122412442487,15.11749997138977,19.409399929046632,18.92985001087189,False,False,False,32.22999954223633,6.75,-0.6310890315793735,6610971.0,7837408.55,0.8435149141229852,2026-07-29
2026-07-29,BE,Bloom Energy,Industrials,Fuel Cells & Distributed Power,AI Infrastructure,Power,On-site Power Generation,6,163.75,-0.0185207168887288,-0.2496104890294327,-0.4045671277945316,229.06949920654296,262.8541998291016,177.63770057678224,False,False,False,345.8500061035156,36.09999847412109,-0.5265288503392759,41823955.0,15839562.75,2.640474087581742,2026-07-29
2026-07-29,KLAC,KLA,Technology,Semicap Equipment,AI Infrastructure,Equipment,Process Control & Metrology,9,170.19000244140625,-0.108018869395724,-0.2072756043316225,-0.3886634092953036,218.8215003967285,220.9742803955078,161.4885110473633,False,False,True,301.7099914550781,84.03205871582031,-0.4359152588198393,20167967.0,13394273.35,1.5057156497407156,2026-07-29
2026-07-29,RMBS,Rambus,Technology,Semiconductor IP,AI Infrastructure,Memory Interface,Memory & IP,7,82.80999755859375,-0.0562963241185897,-0.2024463440409382,-0.3316384460148914,104.1344997406006,126.17980026245117,109.13699993133544,False,False,False,170.66000366210938,69.68000030517578,-0.5147662265228254,3990650.0,3071252.5,1.299355881680194,2026-07-29
2026-07-29,LITE,Lumentum,Technology,Optical Components,AI Infrastructure,Optical,Connectivity,6,602.3499755859375,-0.0760511368503656,-0.2740147442162073,-0.292518254271278,751.2099975585937,833.505400390625,595.6651499938965,False,False,True,1053.0899658203125,106.68000030517578,-0.42801660338988,6144439.0,4271536.95,1.4384609268099624,2026-07-29
2026-07-30,NVDA,NVIDIA,Technology,Semiconductor,AI Infrastructure,GPU,Compute,10,195.0399932861328,0.0264722852729513,-0.0657214101442882,-0.0252386583246766,203.00049743652343,206.51586730957035,192.8646468353272,False,False,True,235.465576171875,164.97772216796875,-0.1716836216272822,123110210.0,128029330.5,0.9615781752447732,2026-07-30
2026-07-30,AVGO,Broadcom,Technology,Semiconductor,AI Infrastructure,Networking,Connectivity,9,387.8399963378906,0.0473104036162241,-0.0117970924361396,0.0267107778633768,383.2884994506836,395.4554962158203,364.7219401550293,True,False,True,480.8090515136719,286.5404968261719,-0.1933596193397321,21915504.0,20820860.2,1.0525743792276172,2026-07-30
2026-07-30,ANET,Arista,Technology,Networking Equipment,AI Infrastructure,Networking,Connectivity,8,171.02000427246094,0.0826106409502738,-0.0316516410088443,0.0067106154749339,173.2050018310547,165.80640014648438,145.6811497116089,False,True,True,186.9600067138672,116.12999725341795,-0.0852588889013125,6003656.0,7451467.8,0.8057011264277355,2026-07-30
2026-07-30,CRDO,Credo,Technology,Semiconductor,AI Infrastructure,Optical,Connectivity,7,201.0800018310547,0.1331643014325032,-0.1497674341181619,-0.260599401341539,226.9624992370605,233.08429962158203,165.76620025634764,False,False,True,302.5199890136719,87.80999755859375,-0.3353166430864599,6892820.0,6192441.0,1.1131022483702306,2026-07-30
2026-07-30,TSM,TSMC,Technology,Semiconductor Foundry,AI Infrastructure,Foundry,Manufacturing,9,403.30999755859375,0.0764405559677472,-0.0295249757209813,-0.1554955475150063,416.6309982299805,424.7872711181641,355.478152923584,False,False,True,477.5700073242188,224.84336853027344,-0.1554955475150063,17295107.0,15396185.35,1.1233371518224806,2026-07-30
2026-07-30,ASML,ASML,Technology,Semicap Equipment,AI Infrastructure,Equipment,Manufacturing Equipment,10,1651.43994140625,0.0649710798463258,-0.0828681100688754,-0.1688169181804257,1743.2484985351562,1745.582783203125,1384.550354614258,False,False,True,1986.8546142578125,685.1119995117188,-0.1688169181804257,2117182.0,2068404.1,1.0235823841192346,2026-07-30
2026-07-30,VRT,Vertiv,Industrials,Electrical Equipment,AI Infrastructure,Power,Power Infrastructure,7,227.5,0.01999644390298,-0.2517432127147605,-0.3205304491266461,294.11449813842773,307.34050201416017,245.92238639831544,False,False,False,376.1517333984375,121.68595886230467,-0.3951908769777716,14460922.0,5876141.1,2.460955541043764,2026-07-30
2026-07-30,ETN,Eaton,Industrials,Electrical Equipment,AI Infrastructure,Power,Power Infrastructure,8,386.8900146484375,0.0691113336690818,-0.0680268588206407,-0.0920632237826843,400.5960006713867,402.565400390625,372.73496612548826,False,False,True,435.7799987792969,313.9706115722656,-0.1121896008715626,2915307.0,2211310.35,1.3183617577695506,2026-07-30
2026-07-30,GEV,GE Vernova,Industrials,Power Equipment,AI Infrastructure,Power,Grid Infrastructure,7,981.97998046875,0.0907494873963641,-0.0477215292367879,-0.1641727587011957,1042.458499145508,1025.058341064453,834.0920941162109,False,False,True,1174.8599853515625,546.9464721679688,-0.1641727587011957,2767463.0,3007483.15,0.9201923541949022,2026-07-30
2026-07-30,CEG,Constellation Energy,Utilities,Power Generation,AI Infrastructure,Energy,Power Supply,6,263.5599975585937,0.0217483430357814,-0.0436865322143702,0.0611587661152033,256.982251739502,263.1625012207031,307.9514698791504,True,True,False,402.3219299316406,236.5,-0.344902730996106,3196239.0,2872721.95,1.1126169032822686,2026-07-30
2026-07-30,NBIS,Nebius,Technology,AI Cloud Infrastructure,AI Infrastructure,NeoCloud,AI Cloud,7,188.42999267578125,0.2712858664412267,-0.1472598468803969,-0.3177029238726967,197.520499420166,223.8379998779297,140.91492546081545,False,False,True,286.69000244140625,52.0,-0.3427395756003295,40759900.0,21385065.0,1.905998415249147,2026-07-30
2026-07-30,CRWV,CoreWeave,Technology,AI Cloud Infrastructure,AI Infrastructure,NeoCloud,AI Cloud,8,73.9000015258789,0.2150608664367981,-0.088779248874335,-0.2575848819954032,78.39375,94.31219970703124,95.17502487182615,False,False,False,148.75,60.81999969482422,-0.5031932670529149,43756329.0,25630171.45,1.7072195199849125,2026-07-30
2026-07-30,MRVL,Marvell,Technology,Semiconductor,AI Infrastructure,Networking,Connectivity,8,183.3000030517578,0.121787086282759,-0.1243072967800836,-0.3845203821105187,209.33719940185543,239.18393127441405,134.4989803314209,False,False,True,316.3519592285156,62.177528381347656,-0.420582052032269,28995831.0,25286801.55,1.1466784734584197,2026-07-30
2026-07-30,COHR,Coherent,Technology,Optical Components,AI Infrastructure,Optical,Connectivity,7,249.0599975585937,0.1216392440244198,-0.2048400594216859,-0.3686211960659424,296.0125,349.2335998535156,254.2080502700805,False,False,False,426.8900146484375,86.55000305175781,-0.4165710393490803,5501046.0,4656162.3,1.1814549505716327,2026-07-30
2026-07-30,NOK,Nokia,Technology,Telecom Infrastructure,AI Infrastructure,AI-RAN,Telecom Edge,5,9.09000015258789,0.0808561614165817,-0.0657758910337359,-0.3155120229393148,10.719499921798706,12.988399963378908,9.14769999027252,False,False,False,16.850000381469727,4.050000190734863,-0.4605341277864693,106170792.0,97798824.6,1.0856039674734497,2026-07-30
2026-07-30,TEAM,Atlassian,Technology,Enterprise Software,Software,Developer Tools,SaaS,8,98.12000274658205,-0.0590716926047549,0.2242046273062259,0.2613446663039787,91.15700035095216,90.23800003051758,109.18842491149904,True,True,False,191.77999877929688,57.150001525878906,-0.4883720754451567,3883348.0,3785972.4,1.0257201029780354,2026-07-30
2026-07-30,DDOG,Datadog,Technology,Observability Software,Software,Cloud Software,SaaS,9,268.5599975585937,0.0165025933009645,0.0988992930533518,0.0314949019372496,258.35600051879885,243.818200378418,166.74175025939942,True,True,True,277.489990234375,102.61499786376952,-0.0321813146061187,4011717.0,4042440.85,0.9923996785259084,2026-07-30
2026-07-30,RDW,Redwire,Industrials,Space Infrastructure,Space Economy,Space Infrastructure,Space Hardware,6,8.470000267028809,0.088688950978506,-0.0872844277208878,-0.3074406717859926,9.416499972343445,13.576000051498411,10.025850005149842,False,False,False,25.89999961853028,5.059999942779541,-0.6729729578463426,15456216.0,15412825.8,1.002815200830986,2026-07-30
2026-07-30,PL,Planet Labs,Technology,Earth Observation,Space Economy,Satellite Data,Space Software,6,20.21999931335449,0.0385208025911729,-0.0957066743552036,-0.38967707028496,24.233499813079835,31.578199882507324,25.821099967956545,False,False,False,51.400001525878906,6.179999828338623,-0.6066148110292543,5701809.0,8123375.45,0.7019014491075874,2026-07-30
2026-07-30,UUUU,Energy Fuels,Energy,Nuclear Fuel,Nuclear,Nuclear Fuel,Upstream Nuclear,6,11.710000038146973,0.0903166003445659,-0.024979199418616,-0.1924137904726225,12.398000049591063,14.659800128936768,18.04800002098084,False,False,False,27.71999931335449,8.470000267028809,-0.5775613157210462,4902772.0,6779238.6,0.7232039303056836,2026-07-30
2026-07-30,SMR,NuScale Power,Industrials,Small Modular Reactor,Nuclear,SMR,Reactor Developer,6,8.600000381469727,0.1330698562025016,-0.023836552570347,-0.1425722222903644,8.551500082015991,10.00020004272461,16.618549985885622,True,False,False,53.43000030517578,7.590000152587891,-0.8390417306316833,31286805.0,28917750.25,1.0819238955146588,2026-07-30
2026-07-30,OKLO,Oklo,Industrials,Advanced Nuclear,Nuclear,SMR,Reactor Developer,7,41.09000015258789,0.1153637345927494,-0.066136360168457,-0.2147907755622614,44.58800029754639,53.857999877929686,76.3572998046875,False,False,False,174.13999938964844,36.84000015258789,-0.7640404255391858,9938787.0,8763019.35,1.134173805059554,2026-07-30
2026-07-30,RGTI,Rigetti Computing,Technology,Quantum Computing,Quantum,Quantum Hardware,Quantum Hardware,4,14.859999656677246,0.1240544142603883,0.0006733518485291,-0.2308488669045785,15.491499996185302,19.173700046539302,22.166550045013427,False,False,False,56.34000015258789,12.899999618530272,-0.7362442382600052,23138800.0,21903930.0,1.056376641086782,2026-07-30
2026-07-30,QBTS,D-Wave Quantum,Technology,Quantum Computing,Quantum,Quantum Hardware,Quantum Hardware,4,17.979999542236328,0.1112484056310401,0.0514619380780954,-0.2505210623685517,18.70274991989136,22.51629993438721,23.25697494983673,False,False,False,44.77999877929688,12.979999542236328,-0.5984814642168097,19856515.0,18764675.75,1.0581858841872074,2026-07-30
2026-07-30,IONQ,IonQ,Technology,Quantum Computing,Quantum,Quantum Hardware,Quantum Hardware,6,35.77000045776367,0.1181619479115545,0.0498972931660375,-0.3283890051625905,38.52599992752075,50.90320003509522,46.525,False,False,False,82.08999633789062,26.59000015258789,-0.5642587153916931,17681232.0,18695971.6,0.94572415803199,2026-07-30
2026-07-30,MU,Micron,Technology,Memory,AI Infrastructure,Memory,HBM,9,874.6599731445312,0.1835723587882696,-0.1166924655013397,-0.2421363288765443,919.3070037841796,962.2649609375,514.784303970337,False,False,True,1213.3734130859375,104.7119369506836,-0.2791502074204561,59596897.0,46780424.85,1.273970836970712,2026-07-30
2026-07-30,SNDK,Sandisk,Technology,Memory,AI Infrastructure,Memory,NAND,6,1279.9599609375,0.2599395037665051,-0.205156709576834,-0.4370659788399216,1535.893994140625,1712.5847973632813,837.6853491592407,False,False,True,2335.0,40.68999862670898,-0.4518372758297644,23236972.0,15856788.6,1.465427369070179,2026-07-30
2026-07-30,ORCL,Oracle,Technology,Enterprise Software,AI Infrastructure,NeoCloud,AI Cloud,8,127.55999755859376,0.0834041096738118,0.0626457562955056,-0.1265522404963993,129.27836647033692,165.50585983276366,182.81647037506104,False,False,False,324.6299743652344,114.98999786376952,-0.6070603221159157,36882152.0,38889577.6,0.948381398722109,2026-07-30
2026-07-30,KEYS,Keysight Technologies,Technology,Electronic Test & Measurement,AI Infrastructure,Optical Test & Metrology,R&D Test & Standards,9,312.69000244140625,0.0538217887402354,-0.0382616253639526,-0.1067786559852094,317.1964996337891,333.7227990722656,268.0702991485596,False,False,True,373.3399963378906,158.50999450683594,-0.162452441451232,1280012.0,1312040.6,0.9755887127273348,2026-07-30
2026-07-30,FORM,FormFactor,Technology,Semiconductor Test Equipment,AI Infrastructure,Optical Test & Metrology,Wafer-Level Test & Probing,8,105.37999725341795,0.2627921043397681,-0.0653658780184659,-0.3410867124401736,108.853999710083,123.88940002441406,93.5526996421814,False,False,True,159.92999267578125,27.6200008392334,-0.3410867124401736,2424593.0,1572504.65,1.5418669827144869,2026-07-30
2026-07-30,AEHR,Aehr Test Systems,Technology,Semiconductor Test Equipment,AI Infrastructure,Optical Test & Metrology,Wafer & Package Burn-In,6,76.87000274658203,0.1753822775701989,-0.1315105537081865,-0.199770927542512,77.16950073242188,91.11220001220704,52.81860004425049,False,False,True,116.58000183105467,16.84000015258789,-0.3406244506842568,2442064.0,3425428.2,0.7129222559678816,2026-07-30
2026-07-30,DELL,Dell Technologies,Technology,AI Server & Storage,AI Infrastructure,AI Servers,Systems & Storage,7,404.80999755859375,0.0951465791483809,-0.0785951633521212,-0.0602166229287546,415.77394714355466,395.0418069458008,212.2711322784424,False,True,True,465.1912841796875,110.5447235107422,-0.1297988347472359,5074214.0,6754725.7,0.7512094828661954,2026-07-30
2026-07-30,CLS,Celestica,Technology,Electronics Manufacturing Services,AI Infrastructure,AI Servers,Contract Manufacturing,7,352.5899963378906,0.0735621112593074,0.053293491674057,-0.0334703724332565,335.4469970703125,360.6663977050781,326.77959953308107,True,False,True,472.3999938964844,181.33999633789065,-0.2536198118259234,3204152.0,2492222.6,1.2856604381968126,2026-07-30
2026-07-30,IREN,IREN Limited,Technology,AI Data Center & Bitcoin Mining,AI Infrastructure,NeoCloud,AI Cloud & Power Infrastructure,5,38.2599983215332,0.3053565001251717,-0.0571711041113373,-0.1633501267325361,38.5460000038147,49.32400005340576,48.22882507324218,False,False,False,76.41000366210938,15.399999618530272,-0.499280244891471,71480522.0,47200146.1,1.5144131513609869,2026-07-30
2026-07-30,APH,Amphenol,Technology,Interconnect Components,AI Infrastructure,Connectivity,Connectors & Cables,8,159.82000732421875,0.063269309560848,0.015181444195069,-0.0935798509221909,156.22299880981444,152.9926220703125,141.55604175567626,True,True,True,176.32000732421875,103.60379791259766,-0.0935798509221909,9103272.0,6810693.6,1.3366145263090383,2026-07-30
2026-07-30,GLW,Corning,Technology,Optical Fiber & Materials,AI Infrastructure,Optical,Optical Fiber & Materials,7,135.22000122070312,0.0900443199851015,-0.1335383612963733,-0.4706181533178891,165.1675006866455,183.19383041381835,134.7130895614624,False,False,True,255.69000244140625,61.3790397644043,-0.4711564788236487,15683992.0,13878864.6,1.13006304564712,2026-07-30
2026-07-30,CIEN,Ciena,Technology,Optical Networking Equipment,AI Infrastructure,Optical,Connectivity,7,372.0700073242188,0.1262221534139007,-0.0870119784096726,-0.2415402617907552,406.3324981689453,466.8063983154297,350.19544967651365,False,False,True,627.0,86.63999938964844,-0.4065869101687102,2157069.0,1993418.45,1.0820954325972052,2026-07-30
2026-07-30,STX,Seagate Technology,Technology,Storage Hardware,AI Infrastructure,Storage,HDD Storage,6,851.6799926757812,0.1141373321768726,-0.0675308680750229,-0.1174300594033355,841.2379974365234,887.5998876953125,514.3647243499756,True,False,True,1093.260498046875,146.06398010253906,-0.2209724999692942,7240837.0,5470161.85,1.3236970310119802,2026-07-30
2026-07-30,STRL,Sterling Infrastructure,Industrials,Infrastructure Construction,AI Infrastructure,Data Center Construction,Construction & Site Infrastructure,6,580.72998046875,0.1749959370818219,-0.1904397374639227,-0.3081276322393262,656.0374969482422,766.5216003417969,502.5896997070312,False,False,True,993.739990234375,263.04998779296875,-0.4156117433376269,1025132.0,778636.6,1.3165730971290073,2026-07-30
2026-07-30,EQIX,Equinix,Real Estate,Data Center REIT,AI Infrastructure,Data Centers,Colocation & Interconnection,8,1047.530029296875,0.0391956598084213,0.0135261765839023,0.0049309899137617,1028.4785034179688,1054.7556079101562,924.2191940307616,True,False,True,1115.93994140625,718.5999145507812,-0.0613025034511878,892751.0,534792.55,1.6693407565232536,2026-07-30
2026-07-30,NET,Cloudflare,Technology,Edge Cloud & Security,Software,Edge Cloud & Security,SaaS & Edge Network,8,283.3900146484375,0.0481174995586812,0.0803217701125516,0.1553735162214837,268.6245002746582,247.7116000366211,213.008150100708,True,True,True,283.3900146484375,160.19000244140625,0.0,2748581.0,2984129.05,0.9210663995915324,2026-07-30
2026-07-30,NOW,ServiceNow,Technology,Enterprise Software,Software,Workflow Automation,SaaS,9,110.06999969482422,-0.049153441053932,0.197193786947877,0.1086825246595128,105.61749992370603,105.4354005432129,125.28551998138428,True,True,False,192.22999572753903,83.0,-0.4274046603484605,26647525.0,24243486.25,1.0991622543560542,2026-07-30
2026-07-30,SNOW,Snowflake,Technology,Data Cloud Software,Software,Data Cloud,SaaS,8,298.1000061035156,0.0537292772533359,0.1243540927601758,0.1713163304656801,270.0974975585938,245.08479888916017,210.2857502746582,True,True,True,298.1000061035156,121.11000061035156,0.0,6317590.0,4715759.5,1.3396760373382062,2026-07-30
2026-07-30,APP,AppLovin,Technology,AdTech Software,Software,AdTech & AI Applications,Application Software,8,403.8699951171875,0.0110399132740313,0.0125608232202312,-0.2161364624982585,452.1445007324219,492.2402014160156,521.2528761291504,False,False,False,733.5999755859375,366.9100036621094,-0.4494683634706907,7491775.0,5704423.75,1.3133272225787924,2026-07-30
2026-07-30,CRWD,CrowdStrike,Technology,Cybersecurity Software,Software,Cybersecurity,SaaS,8,185.22000122070312,0.0325565624870276,0.0098135594249644,-0.0291689720606247,192.40999908447264,180.6657495117188,132.33178749084473,False,True,True,210.72999572753903,87.5625,-0.1210553553079305,7840132.0,8510296.6,0.9212524978271616,2026-07-30
2026-07-30,FLNC,Fluence Energy,Industrials,Energy Storage,AI Infrastructure,Energy Storage,Grid Storage,6,13.470000267028809,0.1328847668699486,-0.0658807076448569,-0.3224345656104451,14.872999954223634,19.28799991607666,18.93175001144409,False,False,False,32.22999954223633,6.75,-0.5820663835450315,5129091.0,7680569.55,0.6678008664084033,2026-07-30
2026-07-30,BE,Bloom Energy,Industrials,Fuel Cells & Distributed Power,AI Infrastructure,Power,On-site Power Generation,6,207.1199951171875,0.2648549320133588,-0.0468477118803609,-0.3157582201366808,224.95049896240235,261.82239990234376,178.2389505386353,False,False,True,345.8500061035156,36.09999847412109,-0.4011276811855979,34920034.0,16889866.7,2.0675138898520733,2026-07-30
2026-07-30,KLAC,KLA,Technology,Semicap Equipment,AI Infrastructure,Equipment,Process Control & Metrology,9,180.3300018310547,0.0595804644467261,-0.1755588837679004,-0.402306827953014,214.5285003662109,221.0679803466797,161.9008701324463,False,False,True,301.7099914550781,84.03205871582031,-0.402306827953014,17447964.0,13071473.2,1.3348123607062137,2026-07-30
2026-07-30,RMBS,Rambus,Technology,Semiconductor IP,AI Infrastructure,Memory Interface,Memory & IP,7,89.58000183105469,0.0817534654275371,-0.1318926280487263,-0.3251469178546332,102.42199974060058,125.49620025634766,109.1370499420166,False,False,False,170.66000366210938,69.68000030517578,-0.4750966839985858,3574630.0,3069346.5,1.164622501890875,2026-07-30
2026-07-30,LITE,Lumentum,Technology,Optical Components,AI Infrastructure,Optical,Connectivity,6,693.239990234375,0.150892368776182,-0.1684180484945555,-0.1920844786998287,745.813998413086,829.6706005859374,598.3832999420166,False,False,True,1053.0899658203125,106.68000030517578,-0.3417086737747327,5478770.0,4347543.5,1.2601990066344362,2026-07-30
2026-07-31,NVDA,NVIDIA,Technology,Semiconductor,AI Infrastructure,GPU,Compute,10,200.75,0.0292760813700927,-0.0294430305826446,0.0160441246055655,203.2964973449707,206.1238037109375,192.92799629211424,False,False,True,235.465576171875,164.97772216796875,-0.1474337639338618,139261166.0,128183953.3,1.0864165319825567,2026-07-31
2026-07-31,AVGO,Broadcom,Technology,Semiconductor,AI Infrastructure,Networking,Connectivity,9,389.2799987792969,0.0037128776170669,0.0192710124968487,0.0539882023044266,384.72999877929686,395.0326873779297,364.8947793579102,True,False,True,480.8090515136719,286.54052734375,-0.1903646623253563,18487399.0,20493969.95,0.9020896900456322,2026-07-31
2026-07-31,ANET,Arista,Technology,Networking Equipment,AI Infrastructure,Networking,Connectivity,8,180.3500061035156,0.0545550321481138,0.0365538272863692,0.0824031412116625,174.22300186157227,166.58180023193358,145.84564975738525,True,True,True,186.9600067138672,116.12999725341795,-0.0353551581781221,8464295.0,7450509.75,1.1360692468055624,2026-07-31
2026-07-31,CRDO,Credo,Technology,Semiconductor,AI Infrastructure,Optical,Connectivity,7,206.9900054931641,0.0293913049944911,-0.0288997822177367,-0.2010883923776844,225.21649932861328,233.844299621582,166.05165031433106,False,False,True,302.5199890136719,87.80999755859375,-0.3157807318186518,6407683.0,6064144.15,1.056650838354494,2026-07-31
2026-07-31,TSM,TSMC,Technology,Semiconductor Foundry,AI Infrastructure,Foundry,Manufacturing,9,404.25,0.0023307194145854,0.0020822397319482,-0.0899984467450997,415.135498046875,425.0384173583984,355.9967950439453,False,False,True,477.5700073242188,224.8433532714844,-0.1535272445918957,11904676.0,15081623.8,0.7893497515831153,2026-07-31
2026-07-31,ASML,ASML,Technology,Semicap Equipment,AI Infrastructure,Equipment,Manufacturing Equipment,10,1629.0,-0.0135881062602505,-0.0716998913915206,-0.11499114345729,1736.3586181640626,1749.0246801757812,1387.8149896240234,False,False,True,1986.870361328125,685.117431640625,-0.1801176203005546,1595937.0,2015911.85,0.7916700325959193,2026-07-31
2026-07-31,VRT,Vertiv,Industrials,Electrical Equipment,AI Infrastructure,Power,Power Infrastructure,7,241.57000732421875,0.0618461860405219,-0.1680327196885265,-0.2242951740149624,291.1664985656738,305.7206442260742,246.2359698486328,False,False,False,376.1517333984375,121.68596649169922,-0.357785739436334,10777769.0,6122448.45,1.7603690889385928,2026-07-31
2026-07-31,ETN,Eaton,Industrials,Electrical Equipment,AI Infrastructure,Power,Power Infrastructure,8,415.2000122070313,0.0731732442986896,0.0275447439331522,0.0070093246963451,401.4300018310547,403.4318005371094,372.95024368286136,True,True,True,435.7799987792969,313.9706420898437,-0.0472256336452202,4430408.0,2351850.4,1.883796690469768,2026-07-31
2026-07-31,GEV,GE Vernova,Industrials,Power Equipment,AI Infrastructure,Power,Grid Infrastructure,7,990.2899780273438,0.008462491826592,-0.0241044808796809,-0.1269978407538475,1036.3174987792968,1024.638475341797,835.8096380615234,False,False,True,1174.8599853515625,546.9464721679688,-0.1570995775032617,2025134.0,3009086.7,0.6730061981929599,2026-07-31
2026-07-31,CEG,Constellation Energy,Utilities,Power Generation,AI Infrastructure,Energy,Power Supply,6,262.75,-0.0030732947567798,-0.0422817781864338,0.1109936575052854,258.157251739502,263.20410095214845,307.3683452606201,True,False,False,402.3219604492188,236.5,-0.3469160875369008,1849681.0,2755149.05,0.6713542412523925,2026-07-31
2026-07-31,NBIS,Nebius,Technology,AI Cloud Infrastructure,AI Infrastructure,NeoCloud,AI Cloud,7,190.4100036621093,0.0105079396236829,0.014059750383867,-0.1691682967654135,196.2599998474121,223.69160003662108,141.18967544555665,False,False,True,286.69000244140625,52.0,-0.3358331227437015,25526075.0,21498258.75,1.1873554643117317,2026-07-31
2026-07-31,CRWV,CoreWeave,Technology,AI Cloud Infrastructure,AI Infrastructure,NeoCloud,AI Cloud,8,71.7699966430664,-0.0288227989016562,-0.0015303368747183,-0.1623971676723441,77.89499969482422,93.75139968872072,94.82577487945557,False,False,False,148.75,60.81999969482422,-0.5175126276096376,25394767.0,25290563.35,1.0041202581594528,2026-07-31
2026-07-31,MRVL,Marvell,Technology,Semiconductor,AI Infrastructure,Networking,Connectivity,8,187.5599975585937,0.0232405588429425,-0.0343407213904376,-0.3103977801552567,206.45372467041017,239.4106005859375,134.9904851913452,False,False,True,316.3519592285156,62.177528381347656,-0.4071160551178679,25896918.0,24703145.9,1.0483246994059976,2026-07-31
2026-07-31,COHR,Coherent,Technology,Optical Components,AI Infrastructure,Optical,Connectivity,7,262.8900146484375,0.0555288574054937,-0.0690534331544144,-0.2868845273268712,292.48900146484374,347.41880004882813,254.94685035705567,False,False,True,426.8900146484375,86.55000305175781,-0.3841738957868601,4730809.0,4587205.45,1.0313052361759816,2026-07-31
2026-07-31,NOK,Nokia,Technology,Telecom Infrastructure,AI Infrastructure,AI-RAN,Telecom Edge,5,9.140000343322754,0.0055005709456041,0.004395600019367,-0.2920216536520778,10.572999954223633,12.897799968719482,9.167149991989136,False,False,False,16.850000381469727,4.050000190734863,-0.4575667574836265,86735470.0,98278983.5,0.8825434178407024,2026-07-31
2026-07-31,TEAM,Atlassian,Technology,Enterprise Software,Software,Developer Tools,SaaS,8,101.01499938964844,0.0295046530985472,0.1626957019231993,0.214560558056694,92.01575050354003,90.5258999633789,108.94654991149902,True,True,False,185.69000244140625,57.150001525878906,-0.456001949154353,2685414.0,3767960.7,0.7126969238293807,2026-07-31
2026-07-31,DDOG,Datadog,Technology,Observability Software,Software,Cloud Software,SaaS,9,267.9700012207031,-0.0021968883797069,0.0855140588113017,0.0131956673071804,258.7365013122559,244.87460052490235,167.2606002807617,True,True,True,277.489990234375,102.61499786376952,-0.0343075042297239,5170133.0,4169466.65,1.23999864586997,2026-07-31
2026-07-31,RDW,Redwire,Industrials,Space Infrastructure,Space Economy,Space Infrastructure,Space Hardware,6,8.619999885559082,0.0177095175680428,-0.0080552011742596,-0.2798663581234207,9.281999945640564,13.470200052261353,10.023650002479553,False,False,False,25.89999961853028,5.059999942779541,-0.6671814666980974,18029411.0,15354225.55,1.1742312200174758,2026-07-31
2026-07-31,PL,Planet Labs,Technology,Earth Observation,Space Economy,Satellite Data,Space Software,6,20.479999542236328,0.0128585676414991,0.0004885309827691,-0.3521037916231615,23.68849983215332,31.15599987030029,25.847249965667725,False,False,False,51.400001525878906,6.179999828338623,-0.60155644096771,5764105.0,7976290.25,0.7226548707903402,2026-07-31
2026-07-31,UUUU,Energy Fuels,Energy,Nuclear Fuel,Nuclear,Nuclear Fuel,Upstream Nuclear,6,11.4399995803833,-0.0230572550712303,0.0123893263084389,-0.1954993413812624,12.279500007629396,14.565000114440918,17.98635001659393,False,False,False,27.71999931335449,8.470000267028809,-0.5873015922164211,7405613.0,6778405.65,1.0925302176331095,2026-07-31
2026-07-31,SMR,NuScale Power,Industrials,Small Modular Reactor,Nuclear,SMR,Reactor Developer,6,8.420000076293945,-0.0209302671152927,0.0407910899235881,-0.1704433110596346,8.484500074386597,9.967400035858155,16.435549983978273,False,False,False,53.43000030517578,7.590000152587891,-0.8424106302039774,22627358.0,28831942.9,0.7848017068596512,2026-07-31
2026-07-31,OKLO,Oklo,Industrials,Advanced Nuclear,Nuclear,SMR,Reactor Developer,7,38.83000183105469,-0.0550011757882864,-0.0352794576135481,-0.2596758576504825,43.91150035858154,53.51699989318848,75.69639984130859,False,False,False,174.13999938964844,36.84000015258789,-0.7770184795730343,6450378.0,8608263.9,0.7493239141983089,2026-07-31
2026-07-31,RGTI,Rigetti Computing,Technology,Quantum Computing,Quantum,Quantum Hardware,Quantum Hardware,4,14.949999809265137,0.006056537999141,0.0565371174771776,-0.1996788241420505,15.341999959945678,19.15350004196167,21.96675004482269,False,False,False,56.34000015258789,12.899999618530272,-0.7346467914665344,15603056.0,21458582.8,0.7271242535178045,2026-07-31
2026-07-31,QBTS,D-Wave Quantum,Technology,Quantum Computing,Quantum,Quantum Hardware,Quantum Hardware,4,18.07999992370605,0.0055617566193379,0.1153609466285934,-0.2306383011188912,18.480249881744385,22.514099922180176,23.14427495479584,False,False,False,44.77999877929688,12.979999542236328,-0.5962483158426307,16484564.0,18534058.2,0.8894201055222758,2026-07-31
2026-07-31,IONQ,IonQ,Technology,Quantum Computing,Quantum,Quantum Hardware,Quantum Hardware,6,36.43999862670898,0.0187307285538458,0.1096223647196725,-0.2910506314214378,37.891999912261966,50.663200035095215,46.29675001144409,False,False,False,82.08999633789062,26.59000015258789,-0.5560969636699908,18109378.0,19041983.9,0.9510237008445324,2026-07-31
2026-07-31,MU,Micron,Technology,Memory,AI Infrastructure,Memory,HBM,9,823.030029296875,-0.0590285887463661,-0.1063249705328671,-0.2025840382498783,911.6880065917968,964.75291015625,517.9365460968017,False,False,True,1213.3734130859375,104.71192932128906,-0.3217009533745374,52850199.0,46531009.95,1.1358059723352296,2026-07-31
2026-07-31,SNDK,Sandisk,Technology,Memory,AI Infrastructure,Memory,NAND,6,1214.8299560546875,-0.0508844080053163,-0.1543479517007554,-0.4022153243409126,1509.3854919433593,1709.215595703125,843.0864489364624,False,False,True,2335.0,40.68999862670898,-0.4797302115397484,20683214.0,16086070.7,1.2857841038831193,2026-07-31
2026-07-31,ORCL,Oracle,Technology,Enterprise Software,AI Infrastructure,NeoCloud,AI Cloud,8,129.8699951171875,0.0181091063249092,0.1294025352626455,-0.0854609943176293,128.78268089294434,164.48664169311525,181.9404846572876,True,False,False,324.6300048828125,114.98999786376952,-0.5999445733179563,28967333.0,38352421.65,0.7552934535491059,2026-07-31
2026-07-31,KEYS,Keysight Technologies,Technology,Electronic Test & Measurement,AI Infrastructure,Optical Test & Metrology,R&D Test & Standards,9,319.0799865722656,0.0204355242603471,0.0012865130927175,-0.0492253254791491,317.4574996948242,333.2221990966797,268.84894905090334,True,False,True,373.3399963378906,158.50999450683594,-0.1453367179993141,1147349.0,1269682.45,0.9036503576150084,2026-07-31
2026-07-31,FORM,FormFactor,Technology,Semiconductor Test Equipment,AI Infrastructure,Optical Test & Metrology,Wafer-Level Test & Probing,8,106.1999969482422,0.0077813599942717,0.0207612073597402,-0.2781894010482133,107.98449974060058,123.66940002441406,93.88229963302612,False,False,True,159.92999267578125,27.6200008392334,-0.3359594709446615,1616118.0,1550420.9,1.0423737192913227,2026-07-31
2026-07-31,AEHR,Aehr Test Systems,Technology,Semiconductor Test Equipment,AI Infrastructure,Optical Test & Metrology,Wafer & Package Burn-In,6,79.9800033569336,0.0404579224564922,0.0479560230181392,-0.0527063476508052,77.67050094604492,91.08900009155272,53.090900058746335,True,False,True,116.58000183105467,16.84000015258789,-0.3139474858403335,2093578.0,3361843.9,0.6227469395589724,2026-07-31
2026-07-31,DELL,Dell Technologies,Technology,AI Server & Storage,AI Infrastructure,AI Servers,Systems & Storage,7,405.3699951171875,0.0013833590127987,-0.0734400111607143,-0.0451737987941577,416.3589721679688,398.4517694091797,213.540633468628,False,True,True,465.1912841796875,110.5447235107422,-0.1285950341223355,4820919.0,6721165.95,0.717274210436658,2026-07-31
2026-07-31,CLS,Celestica,Technology,Electronics Manufacturing Services,AI Infrastructure,AI Servers,Contract Manufacturing,7,331.44000244140625,-0.0599846680738387,0.0856918362379246,-0.0834577542262314,335.20849761962893,360.51259765625,327.1314995574951,False,False,True,472.3999938964844,181.33999633789065,-0.2983911796704347,3285491.0,2571684.55,1.2775637665202757,2026-07-31
2026-07-31,IREN,IREN Limited,Technology,AI Data Center & Bitcoin Mining,AI Infrastructure,NeoCloud,AI Cloud & Power Infrastructure,5,36.79999923706055,-0.0381599359258453,-0.0072835300778643,-0.1505078601960994,38.44499998092651,49.10520000457764,48.09212507247925,False,False,False,76.41000366210938,15.399999618530272,-0.5183876786632176,63471543.0,47441632.15,1.337887001849282,2026-07-31
2026-07-31,APH,Amphenol,Technology,Interconnect Components,AI Infrastructure,Connectivity,Connectors & Cables,8,160.6999969482422,0.0055061292935512,0.0525970975018341,-0.0668912100267484,156.02849884033202,153.82621322631837,141.7433341598511,True,True,True,176.32000732421875,103.6038055419922,-0.0885889843870886,7608736.0,6859001.8,1.1093066049348463,2026-07-31
2026-07-31,GLW,Corning,Technology,Optical Fiber & Materials,AI Infrastructure,Optical,Optical Fiber & Materials,7,138.25,0.022407918591506,-0.0572791970411786,-0.3733853195832026,162.24050102233886,182.44761184692385,134.97973739624024,False,False,True,255.69000244140625,61.37904357910156,-0.4593061962534837,12315316.0,13602685.8,0.905359146059229,2026-07-31
2026-07-31,CIEN,Ciena,Technology,Optical Networking Equipment,AI Infrastructure,Optical,Connectivity,7,377.0499877929688,0.0133845254138167,-0.0355790975192602,-0.1846510124505436,404.0619979858399,463.5089984130859,351.25679962158205,False,False,True,627.0,86.63999938964844,-0.3986443575869717,1678876.0,1984893.8,0.8458266129905792,2026-07-31
2026-07-31,STX,Seagate Technology,Technology,Storage Hardware,AI Infrastructure,Storage,HDD Storage,6,856.1300048828125,0.0052249815016205,0.0052131672658817,-0.0645330449426265,843.0364990234375,890.0659387207031,517.5533815765381,True,False,True,1093.260498046875,146.06399536132812,-0.2169020956923801,6018075.0,5463323.75,1.1015409804333856,2026-07-31
2026-07-31,STRL,Sterling Infrastructure,Industrials,Infrastructure Construction,AI Infrastructure,Data Center Construction,Construction & Site Infrastructure,6,596.77001953125,0.0276204769892418,-0.097088968246925,-0.2315111339743512,650.8384979248046,763.891201171875,503.7971998596191,False,False,True,993.739990234375,263.04998779296875,-0.3994706609417007,815906.0,770005.3,1.0596108883925863,2026-07-31
2026-07-31,EQIX,Equinix,Real Estate,Data Center REIT,AI Infrastructure,Data Centers,Colocation & Interconnection,8,1019.280029296875,-0.0269682006337919,-0.0599128989177552,0.0055839803939869,1029.34150390625,1054.2758056640623,925.3497467041016,False,False,True,1115.93994140625,718.5999145507812,-0.0866174858725543,657712.0,531675.6,1.2370550764413488,2026-07-31
2026-07-31,NET,Cloudflare,Technology,Edge Cloud & Security,Software,Edge Cloud & Security,SaaS & Edge Network,8,278.9800109863281,-0.0155616056817677,0.0641999522475269,0.1326377887684506,270.4530006408692,249.1566003417969,213.2902501678467,True,True,True,283.3900146484375,160.19000244140625,-0.0155616056817677,3700422.0,3047406.1,1.2142858150740066,2026-07-31
2026-07-31,NOW,ServiceNow,Technology,Enterprise Software,Software,Workflow Automation,SaaS,9,111.2300033569336,0.0105387813693609,0.1260377073445164,0.0513232528218303,105.86300010681153,105.62340057373046,124.91796997070313,True,True,False,192.22999572753903,83.0,-0.4213702032507579,18903638.0,24332811.9,0.7768784831645372,2026-07-31
2026-07-31,SNOW,Snowflake,Technology,Data Cloud Software,Software,Data Cloud,SaaS,8,293.2799987792969,-0.0161690950202295,0.0940834195717339,0.1228607375394832,271.7539978027344,247.55939880371093,210.5158002471924,True,True,True,298.1000061035156,121.11000061035156,-0.0161690950202295,5942398.0,4615014.9,1.287622711683986,2026-07-31
2026-07-31,APP,AppLovin,Technology,AdTech Software,Software,AdTech & AI Applications,Application Software,8,395.8999938964844,-0.0197340761063236,0.0100004663510582,-0.2988080193977236,445.5865005493164,490.6202014160156,520.281826171875,False,False,False,733.5999755859375,366.9100036621094,-0.460332596684899,15443673.0,6179248.65,2.499280070239607,2026-07-31
2026-07-31,CRWD,CrowdStrike,Technology,Cybersecurity Software,Software,Cybersecurity,SaaS,8,190.8600006103516,0.0304502718522712,0.0413574960799865,-0.012035080247559,192.25399932861328,181.3985494995117,132.65032501220702,False,True,True,210.72999572753903,87.5625,-0.094291251933959,7346518.0,8412360.9,0.8733003834868758,2026-07-31
2026-07-31,FLNC,Fluence Energy,Industrials,Energy Storage,AI Infrastructure,Energy Storage,Grid Storage,6,13.93000030517578,0.0341499650354824,0.0364583883996301,-0.2412854116507,14.719499969482422,19.208399925231934,18.92195001125336,False,False,False,32.22999954223633,6.75,-0.5677939651559416,7597558.0,7559347.9,1.0050546820315016,2026-07-31
2026-07-31,BE,Bloom Energy,Industrials,Fuel Cells & Distributed Power,AI Infrastructure,Power,On-site Power Generation,6,205.8099975585937,-0.0063248242056618,0.1131483489534619,-0.2890846371033031,221.6964981079101,260.7117999267578,178.71845050811768,False,False,True,345.8500061035156,36.09999847412109,-0.4049154433237361,21633305.0,17204500.25,1.2574212959193627,2026-07-31
2026-07-31,KLAC,KLA,Technology,Semicap Equipment,AI Infrastructure,Equipment,Process Control & Metrology,9,182.82000732421875,0.013808048954033,-0.1315789302017687,-0.3131973190298118,211.892000579834,221.24322052001952,162.30464401245118,False,False,True,301.7099914550781,84.03205871582031,-0.3940538513738979,12944725.0,12539441.25,1.0323207184371153,2026-07-31
2026-07-31,RMBS,Rambus,Technology,Semiconductor IP,AI Infrastructure,Memory Interface,Memory & IP,7,91.02999877929688,0.0161866144072739,-0.0518696307273003,-0.264879290694899,101.32749977111816,124.87620025634766,109.10714992523194,False,False,False,170.66000366210938,69.68000030517578,-0.4666002764213715,2434201.0,3014730.05,0.8074358100487307,2026-07-31
2026-07-31,LITE,Lumentum,Technology,Optical Components,AI Infrastructure,Optical,Connectivity,6,713.9400024414062,0.0298598068470239,-0.0642865416594804,-0.1088671097244025,745.0949981689453,826.1476000976562,601.1501999664307,False,False,True,1053.0899658203125,106.68000030517578,-0.3220522219245748,4530669.0,4320308.45,1.0486910951925204,2026-07-31
2026-08-03,NVDA,NVIDIA,Technology,Semiconductor,AI Infrastructure,GPU,Compute,10,206.63999938964844,0.0293399720530431,0.051549565752291,0.0606169350079599,203.8509971618652,205.7924066162109,193.06219276428223,True,True,True,235.465576171875,164.97772216796875,-0.1224194943943131,127547828.0,129131321.4,0.9877373406944784,2026-08-03
2026-08-03,AVGO,Broadcom,Technology,Semiconductor,AI Infrastructure,Networking,Connectivity,9,392.2300109863281,0.0075781242711721,0.0235113244009306,0.0881675619448818,385.64649963378906,394.5352899169922,365.14486907958985,True,False,True,480.8090515136719,287.4934997558594,-0.1842291451221254,17238778.0,20222473.9,0.8524564346204943,2026-08-03
2026-08-03,ANET,Arista,Technology,Networking Equipment,AI Infrastructure,Networking,Connectivity,8,184.88999938964844,0.0251732361102721,0.0827477473492588,0.1556346836774644,174.80350189208986,167.4698001098633,146.07614978790284,True,True,True,186.9600067138672,116.12999725341795,-0.011071925812384,7378292.0,7394139.6,0.99785673508247,2026-08-03
2026-08-03,CRDO,Credo,Technology,Semiconductor,AI Infrastructure,Optical,Connectivity,7,218.3500061035156,0.0548818798438397,0.0490535540684495,-0.0973915803477951,222.85650024414065,234.55169982910155,166.49465034484862,False,False,True,302.5199890136719,87.80999755859375,-0.2782294921554831,4640351.0,5921742.55,0.7836124182737394,2026-08-03
2026-08-03,TSM,TSMC,Technology,Semiconductor Foundry,AI Infrastructure,Foundry,Manufacturing,9,406.1099853515625,0.0046010769364563,0.0175899899222939,-0.0646075595954185,412.851496887207,425.1469836425781,356.559214630127,False,False,True,477.5700073242188,224.84336853027344,-0.1496325583196487,11345582.0,15010569.1,0.7558395637377933,2026-08-03
2026-08-03,ASML,ASML,Technology,Semicap Equipment,AI Infrastructure,Equipment,Manufacturing Equipment,10,1642.52001953125,0.0082995822782381,-0.0064133502126952,-0.0704653115723149,1727.3489868164063,1750.9125244140623,1391.1438482666017,False,False,True,1986.870361328125,685.1173706054688,-0.1733129390317613,1417903.0,1989730.15,0.7126107025115944,2026-08-03
2026-08-03,VRT,Vertiv,Industrials,Electrical Equipment,AI Infrastructure,Power,Power Infrastructure,7,263.04998779296875,0.0889182424038306,-0.0853616752070255,-0.1247130440840039,288.39549789428713,304.66955718994143,246.6761862945557,False,False,True,376.1517333984375,121.68595886230467,-0.3006811761403372,9388258.0,6273442.9,1.4965080817106025,2026-08-03
2026-08-03,ETN,Eaton,Industrials,Electrical Equipment,AI Infrastructure,Power,Power Infrastructure,8,438.2300109863281,0.0554672401305551,0.0993126502185317,0.0996437395046048,402.6705017089844,404.6026007080078,373.28572799682615,True,True,True,438.2300109863281,313.9706420898437,0.0,3160026.0,2427516.3,1.3017527420928132,2026-08-03
2026-08-03,GEV,GE Vernova,Industrials,Power Equipment,AI Infrastructure,Power,Grid Infrastructure,7,1006.760009765625,0.0166315242037382,0.0102250743716101,-0.0955430972549834,1029.0534973144531,1024.293739013672,837.6286868286132,False,False,True,1174.8599853515625,546.9464721679688,-0.1430808587251659,1793149.0,2971112.45,0.6035278132943099,2026-08-03
2026-08-03,CEG,Constellation Energy,Utilities,Power Generation,AI Infrastructure,Energy,Power Supply,6,273.7099914550781,0.0417126220935417,0.013740709092882,0.1440334021110894,259.5492515563965,263.0531005859375,306.79694572448733,True,True,False,402.3219604492188,236.5,-0.3196742451009559,2322159.0,2703142.95,0.8590588966077431,2026-08-03
2026-08-03,NBIS,Nebius,Technology,AI Cloud Infrastructure,AI Infrastructure,NeoCloud,AI Cloud,7,212.5800018310547,0.1164329485980522,0.1314668741021614,-0.0140988468369114,196.2379997253418,224.10679992675784,141.6118254852295,True,False,True,286.69000244140625,54.16999816894531,-0.25850221486359,25412665.0,22026973.25,1.1537066264880491,2026-08-03
2026-08-03,CRWV,CoreWeave,Technology,AI Cloud Infrastructure,AI Infrastructure,NeoCloud,AI Cloud,8,85.76000213623047,0.1949283286543892,0.2114705611964407,0.0491161447764012,77.85999984741211,93.44099975585938,94.58427490234376,True,False,False,148.75,60.81999969482422,-0.4234621705127364,44007925.0,26441531.25,1.6643485804174067,2026-08-03
2026-08-03,MRVL,Marvell,Technology,Semiconductor,AI Infrastructure,Networking,Connectivity,8,193.7749938964844,0.033136044032785,0.0243431610303574,-0.2098218196842084,203.682048034668,239.5510217285156,135.52889179229737,False,False,True,316.3519592285156,62.177528381347656,-0.3874702266139223,20536824.0,24487321.2,0.8386717286168485,2026-08-03
2026-08-03,COHR,Coherent,Technology,Optical Components,AI Infrastructure,Optical,Connectivity,7,288.1400146484375,0.0960477712847587,0.0620324250535921,-0.1356490661452239,290.1110015869141,346.01160034179685,255.8407004165649,False,False,True,426.8900146484375,86.55000305175781,-0.3250251709782124,5527804.0,4737470.2,1.166826125893098,2026-08-03
2026-08-03,NOK,Nokia,Technology,Telecom Infrastructure,AI Infrastructure,AI-RAN,Telecom Edge,5,9.359999656677246,0.0240699458523776,0.0086206816818992,-0.2245236210991006,10.415499925613403,12.812599964141846,9.186599991321565,False,False,True,16.850000381469727,4.090000152587891,-0.4445104187077278,58813391.0,98939309.55,0.594439068429905,2026-08-03
2026-08-03,TEAM,Atlassian,Technology,Enterprise Software,Software,Developer Tools,SaaS,8,103.70999908447266,0.0266792031986131,0.0817773663636423,0.2369990889133899,92.92625045776369,90.87549987792968,108.68324993133544,True,True,False,185.69000244140625,57.150001525878906,-0.4414885146161924,3264394.0,3811644.7,0.8564266233943578,2026-08-03
2026-08-03,DDOG,Datadog,Technology,Observability Software,Software,Cloud Software,SaaS,9,273.6000061035156,0.0210098326572591,0.0863178172019369,0.0508527481059548,259.64800186157225,246.10180053710937,167.82420028686522,True,True,True,277.489990234375,102.61499786376952,-0.0140184664952195,4983770.0,4185903.5,1.190607953575614,2026-08-03
2026-08-03,RDW,Redwire,Industrials,Space Infrastructure,Space Economy,Space Infrastructure,Space Hardware,6,9.640000343322754,0.1183295210331103,0.0917327776461329,-0.1476569420278184,9.19599997997284,13.367600049972534,10.024150004386902,True,False,False,25.89999961853028,5.059999942779541,-0.627799209061541,17085675.0,15385663.75,1.1104932018288778,2026-08-03
2026-08-03,PL,Planet Labs,Technology,Earth Observation,Space Economy,Satellite Data,Space Software,6,21.530000686645508,0.0512695882753191,0.0252381279355002,-0.3138941598964804,23.221999835968017,30.73339988708496,25.880999970436097,False,False,False,51.400001525878906,6.269999980926514,-0.5811284037451717,6078453.0,7763587.65,0.7829438236586406,2026-08-03
2026-08-03,UUUU,Energy Fuels,Energy,Nuclear Fuel,Nuclear,Nuclear Fuel,Upstream Nuclear,6,12.149999618530272,0.0620629426739178,0.0375746865029837,-0.1202028059845996,12.198499965667724,14.472400093078614,17.9159500169754,False,False,False,27.71999931335449,8.470000267028809,-0.5616883145925317,5179282.0,6807934.1,0.7607714651644469,2026-08-03
2026-08-03,SMR,NuScale Power,Industrials,Small Modular Reactor,Nuclear,SMR,Reactor Developer,6,9.010000228881836,0.0700712763945221,0.0550351603194652,-0.0768442604930066,8.454500102996827,9.939800033569336,16.251649980545043,True,False,False,53.43000030517578,7.590000152587891,-0.8313681419161618,27615823.0,29882766.15,0.9241387782302076,2026-08-03
2026-08-03,OKLO,Oklo,Industrials,Advanced Nuclear,Nuclear,SMR,Reactor Developer,7,41.220001220703125,0.0615503290483239,-0.0141114597753826,-0.2127578162679788,43.380500411987306,53.089799880981445,75.03179985046387,False,False,False,174.13999938964844,36.84000015258789,-0.763293893619059,8445768.0,8728938.4,0.9675595831905516,2026-08-03
2026-08-03,RGTI,Rigetti Computing,Technology,Quantum Computing,Quantum,Quantum Hardware,Quantum Hardware,4,16.020000457763672,0.0715719506454717,0.0242966819756593,-0.1070234124379753,15.24500002861023,19.13630006790161,21.766250052452087,True,False,False,56.34000015258789,12.899999618530272,-0.7156549447217597,22201946.0,21610942.3,1.0273474285292965,2026-08-03
2026-08-03,QBTS,D-Wave Quantum,Technology,Quantum Computing,Quantum,Quantum Hardware,Quantum Hardware,4,19.979999542236328,0.1050884749196841,0.0240901746714858,-0.1131824707808675,18.35124988555908,22.52769992828369,23.028874945640563,True,False,False,44.77999877929688,12.979999542236328,-0.5538186671082788,24446525.0,18896011.25,1.293739968534365,2026-08-03
2026-08-03,IONQ,IonQ,Technology,Quantum Computing,Quantum,Quantum Hardware,Quantum Hardware,6,38.84999847412109,0.0661361124653194,0.081570168556103,-0.2090798184259977,37.39099988937378,50.39079998016357,46.10324998855591,True,False,False,82.08999633789062,26.59000015258789,-0.5267389425355726,23138654.0,19577097.7,1.1819246322706969,2026-08-03
2026-08-03,MU,Micron,Technology,Memory,AI Infrastructure,Memory,HBM,9,829.5,0.0078611599489903,-0.0785381151392068,-0.1495883548064881,903.9255065917968,966.705361328125,521.1496596527099,False,False,True,1213.3734130859375,107.59730529785156,-0.316368736075767,42015788.0,46846394.4,0.8968841367223771,2026-08-03
2026-08-03,SNDK,Sandisk,Technology,Memory,AI Infrastructure,Memory,NAND,6,1288.030029296875,0.060255406838924,0.0076668901354755,-0.2618739087123926,1486.5654907226562,1707.1249951171876,848.8901490783692,False,False,True,2335.0,40.68999862670898,-0.448381143770075,14317240.0,16364057.0,0.8749199541409566,2026-08-03
2026-08-03,ORCL,Oracle,Technology,Enterprise Software,AI Infrastructure,NeoCloud,AI Cloud,8,141.85000610351562,0.092246180309147,0.1830692602026289,0.0147821193740984,128.71210136413575,163.5734883117676,181.1690173721313,True,False,False,324.62994384765625,114.98999786376952,-0.5630409061399351,49250527.0,39251101.35,1.2547552885417317,2026-08-03
2026-08-03,KEYS,Keysight Technologies,Technology,Electronic Test & Measurement,AI Infrastructure,Optical Test & Metrology,R&D Test & Standards,9,321.8900146484375,0.0088066572471647,0.0261732407687924,0.0255847501167769,317.5654998779297,332.81839965820313,269.63419914245605,True,False,True,373.3399963378906,158.50999450683594,-0.1378099914129972,831161.0,1253633.05,0.6630018249758173,2026-08-03
2026-08-03,FORM,FormFactor,Technology,Semiconductor Test Equipment,AI Infrastructure,Optical Test & Metrology,Wafer-Level Test & Probing,8,108.8000030517578,0.0244821674032889,0.1012145717724457,-0.1196698254258176,107.4909999847412,123.33920013427736,94.22504964828492,True,False,True,159.92999267578125,27.6200008392334,-0.3197023195497602,1476639.0,1478486.95,0.9987501073310115,2026-08-03
2026-08-03,AEHR,Aehr Test Systems,Technology,Semiconductor Test Equipment,AI Infrastructure,Optical Test & Metrology,Wafer & Package Burn-In,6,91.70999908447266,0.1466616058415328,0.1836602363320063,0.3108919423188976,78.63950080871582,91.27640014648438,53.41300004959106,True,True,True,116.58000183105467,17.3799991607666,-0.2133299224220559,2355085.0,3374169.25,0.6979747681595996,2026-08-03
2026-08-03,DELL,Dell Technologies,Technology,AI Server & Storage,AI Infrastructure,AI Servers,Systems & Storage,7,429.0199890136719,0.058341747493293,0.0049424593789386,0.089797393161207,417.2539398193359,402.181584777832,214.95124279022207,True,True,True,465.1912841796875,110.5447235107422,-0.0777557456386992,4051621.0,6561816.05,0.617454218333353,2026-08-03
2026-08-03,CLS,Celestica,Technology,Electronics Manufacturing Services,AI Infrastructure,AI Servers,Contract Manufacturing,7,341.9100036621094,0.0315894314010998,0.0743778725304198,0.0169537263968933,334.7939971923828,360.4211975097657,327.60229957580566,True,False,True,472.3999938964844,181.33999633789065,-0.2762277559702274,2250914.0,2615490.7,0.8606086804284947,2026-08-03
2026-08-03,IREN,IREN Limited,Technology,AI Data Center & Bitcoin Mining,AI Infrastructure,NeoCloud,AI Cloud & Power Infrastructure,5,39.75,0.0801630658722558,0.0953430420827636,0.0239567313881194,38.23699998855591,48.84600002288818,47.94307508468628,True,False,False,76.41000366210938,16.450000762939453,-0.4797801584230069,42726166.0,46972803.3,0.90959370100017,2026-08-03
2026-08-03,APH,Amphenol,Technology,Interconnect Components,AI Infrastructure,Connectivity,Connectors & Cables,8,163.33999633789062,0.0164281234585133,0.0941854077811239,-0.0075946292472954,155.85499877929686,154.63572036743165,141.95014163970947,True,True,True,176.32000732421875,107.19930267333984,-0.0736162117011506,5601905.0,6841260.25,0.8188410899877694,2026-08-03
2026-08-03,GLW,Corning,Technology,Optical Fiber & Materials,AI Infrastructure,Optical,Optical Fiber & Materials,7,146.63999938964844,0.060687156525486,0.0228794556733562,-0.254840162647733,159.8325008392334,181.7721418762207,135.2927547454834,False,False,True,255.69000244140625,62.48693084716797,-0.4264930267531583,11141556.0,13672147.8,0.8149089786756109,2026-08-03
2026-08-03,CIEN,Ciena,Technology,Optical Networking Equipment,AI Infrastructure,Optical,Connectivity,7,390.760009765625,0.0363612847540633,0.035756941036368,-0.0750366480391881,401.9084991455078,460.228998413086,352.3864996337891,False,False,True,627.0,86.63999938964844,-0.3767782938347288,1089584.0,1986264.2,0.5485594514566592,2026-08-03
2026-08-03,STX,Seagate Technology,Technology,Storage Hardware,AI Infrastructure,Storage,HDD Storage,6,831.0599975585938,-0.0292829443907299,0.0172217621909693,0.0132901199412003,841.1764984130859,891.6764416503906,520.6558888244629,False,False,True,1093.260498046875,146.06399536132812,-0.2398335080767173,5307577.0,5560753.85,0.9544707683833192,2026-08-03
2026-08-03,STRL,Sterling Infrastructure,Industrials,Infrastructure Construction,AI Infrastructure,Data Center Construction,Construction & Site Infrastructure,6,611.469970703125,0.0246325228995609,-0.0364937585703406,-0.127406392146807,645.5564971923828,761.0806005859375,505.0473497009277,False,False,True,993.739990234375,271.739990234375,-0.3846781082454888,1212490.0,806439.5,1.5035101827229445,2026-08-03
2026-08-03,EQIX,Equinix,Real Estate,Data Center REIT,AI Infrastructure,Data Centers,Colocation & Interconnection,8,1031.43994140625,0.0119299032256749,-0.0146639699303954,0.0293606128635661,1030.971499633789,1053.6034033203125,926.4863552856444,True,False,True,1115.93994140625,718.5999145507812,-0.0757209208709901,513554.0,532827.7,0.9638275187269733,2026-08-03
2026-08-03,NET,Cloudflare,Technology,Edge Cloud & Security,Software,Edge Cloud & Security,SaaS & Edge Network,8,282.739990234375,0.0134775937342375,0.0644930756655821,0.1663709663916379,272.2125,250.60880004882813,213.61620010375967,True,True,True,283.3900146484375,160.19000244140625,-0.0022937449467613,3093053.0,3098237.65,0.9983265809193173,2026-08-03
2026-08-03,NOW,ServiceNow,Technology,Enterprise Software,Software,Workflow Automation,SaaS,9,114.19000244140624,0.0266115166334581,0.081754500591213,0.0740218469636164,106.17600021362304,105.84120056152344,124.57765998840333,True,True,False,192.22999572753903,83.0,-0.4059719867899509,22545076.0,24711438.8,0.9123336031732802,2026-08-03
2026-08-03,SNOW,Snowflake,Technology,Data Cloud Software,Software,Data Cloud,SaaS,8,307.5299987792969,0.0485883799076376,0.1268136583934573,0.1821257197556012,274.0259979248047,250.3705987548828,210.8493002319336,True,True,True,307.5299987792969,121.11000061035156,0.0,7096709.0,4846480.45,1.4643015840495135,2026-08-03
2026-08-03,APP,AppLovin,Technology,AdTech Software,Software,AdTech & AI Applications,Application Software,8,406.1600036621094,0.0259156603278647,-0.0159184143370576,-0.2293856381749855,438.7050018310547,489.0978015136719,519.3624760437011,False,False,False,733.5999755859375,366.9100036621094,-0.4463467595705641,4542310.0,6116725.5,0.7426048463348568,2026-08-03
2026-08-03,CRWD,CrowdStrike,Technology,Cybersecurity Software,Software,Cybersecurity,SaaS,8,202.5399932861328,0.0611966501018013,0.1245349652977132,0.044128249031498,192.4119987487793,182.19879943847656,133.05184997558592,True,True,True,210.72999572753903,87.5625,-0.0388649105844211,10272473.0,8443108.65,1.2166695260992526,2026-08-03
2026-08-03,FLNC,Fluence Energy,Industrials,Energy Storage,AI Infrastructure,Energy Storage,Grid Storage,6,14.5600004196167,0.045226137877889,0.0777202200552269,-0.1435293870813706,14.556500005722048,19.12079992294312,18.902500009536745,True,False,False,32.22999954223633,6.75,-0.5482469554324284,6836509.0,7591450.45,0.9005537275159321,2026-08-03
2026-08-03,BE,Bloom Energy,Industrials,Fuel Cells & Distributed Power,AI Infrastructure,Power,On-site Power Generation,6,218.32000732421875,0.0607842666246736,0.1601658827799312,-0.1940640277658236,217.85999908447263,259.4320001220703,179.2397505569458,True,False,True,345.8500061035156,36.09999847412109,-0.3687436649665003,18265922.0,17548931.1,1.0408566707518727,2026-08-03
2026-08-03,KLAC,KLA,Technology,Semicap Equipment,AI Infrastructure,Equipment,Process Control & Metrology,9,182.75,-0.0003829303217048,-0.1013473669772523,-0.224156240151506,209.3640007019043,221.23928039550785,162.70771408081055,False,False,True,301.7099914550781,84.03205871582031,-0.3942858865275271,10247758.0,12473237.9,0.8215796156665944,2026-08-03
2026-08-03,RMBS,Rambus,Technology,Semiconductor IP,AI Infrastructure,Memory Interface,Memory & IP,7,92.20999908447266,0.0129627630561295,-0.0436631317612761,-0.1834041748166466,100.2754997253418,124.04920028686524,109.09394992828368,False,False,False,170.66000366210938,69.68000030517578,-0.4596859421904167,1854899.0,2966399.95,0.625303071489062,2026-08-03
2026-08-03,LITE,Lumentum,Technology,Optical Components,AI Infrastructure,Optical,Connectivity,6,779.8900146484375,0.0923747261415623,0.0954126504007415,0.0708067975692199,747.5269989013672,824.3840002441407,604.2657500457764,True,False,True,1053.0899658203125,108.1500015258789,-0.2594269815865768,4169101.0,4338875.05,0.9608714129714336,2026-08-03
2026-08-04,NVDA,NVIDIA,Technology,Semiconductor,AI Infrastructure,GPU,Compute,10,211.94000244140625,0.0256484856146554,0.0757829975679342,0.0838148766753552,204.60149765014648,205.64611755371087,193.22388809204105,True,True,True,235.465576171875,164.97772216796875,-0.0999108834205836,130429698.0,129503104.9,1.0071549875249362,2026-08-04
2026-08-04,AVGO,Broadcom,Technology,Semiconductor,AI Infrastructure,Networking,Connectivity,9,418.1600036621094,0.0661091501146888,0.0977921284342089,0.1183739248144479,388.0154998779297,394.6201916503906,365.48880935668944,True,True,True,480.8090515136719,287.4934997558594,-0.1302992272178159,28050687.0,20424404.35,1.3733907006203585,2026-08-04
2026-08-04,ANET,Arista,Technology,Networking Equipment,AI Infrastructure,Networking,Connectivity,8,190.509994506836,0.0303964256354589,0.1225619407819467,0.0994344174106589,176.0060012817383,168.30820007324218,146.31179973602295,True,True,True,190.509994506836,116.12999725341795,0.0,13824458.0,7684992.9,1.7988901460143183,2026-08-04
2026-08-04,CRDO,Credo,Technology,Semiconductor,AI Infrastructure,Optical,Connectivity,7,237.9199981689453,0.0896267072058241,0.2373621784865673,-0.1040481675546701,222.43250045776367,235.4422998046875,167.0272003173828,True,True,True,302.5199890136719,87.80999755859375,-0.2135395781791036,6606822.0,5862046.1,1.127050502042282,2026-08-04
2026-08-04,TSM,TSMC,Technology,Semiconductor Foundry,AI Infrastructure,Foundry,Manufacturing,9,417.1700134277344,0.0272340707569584,0.0633682955414045,-0.0766285098439604,412.0814971923828,425.3664093017578,357.1334242248535,True,False,True,477.5700073242188,224.8433532714844,-0.1264735912435122,12339502.0,14950670.1,0.8253477548140133,2026-08-04
2026-08-04,ASML,ASML,Technology,Semicap Equipment,AI Infrastructure,Equipment,Manufacturing Equipment,10,1711.8900146484375,0.0422338810439488,0.0814555528942067,-0.060800934283136,1725.6923278808597,1753.3514501953125,1394.687288818359,False,False,True,1986.870361328125,685.1173706054688,-0.138398736038257,1522531.0,1973736.55,0.7713952502931559,2026-08-04
2026-08-04,VRT,Vertiv,Industrials,Electrical Equipment,AI Infrastructure,Power,Power Infrastructure,7,269.92999267578125,0.0261547432126374,0.0013725891101741,-0.1524162663951608,286.6129981994629,303.6015023803711,247.1240258026123,False,False,True,376.1517333984375,121.68595886230467,-0.2823906718785242,5787315.0,6270520.75,0.9229400923360312,2026-08-04
2026-08-04,ETN,Eaton,Industrials,Electrical Equipment,AI Infrastructure,Power,Power Infrastructure,8,444.7699890136719,0.0149236197051501,0.1514782213244119,0.0758308126546889,405.1250015258789,405.8678002929688,373.61737869262697,True,True,True,444.7699890136719,313.9706420898437,0.0,2494507.0,2459620.35,1.0141837540090282,2026-08-04
2026-08-04,GEV,GE Vernova,Industrials,Power Equipment,AI Infrastructure,Power,Grid Infrastructure,7,1018.530029296875,0.0116909883359292,0.0796603956254062,-0.1158900778086428,1026.1260009765624,1023.798602294922,839.6485653686524,False,False,True,1174.8599853515625,546.9464721679688,-0.1330626270396873,2175216.0,2879710.8,0.7553591839847252,2026-08-04
2026-08-04,CEG,Constellation Energy,Utilities,Power Generation,AI Infrastructure,Energy,Power Supply,6,267.25,-0.0236015916727627,0.0285966918109954,0.0869565433253547,260.92625122070314,262.6815008544922,306.12158584594727,True,True,False,402.3219604492188,236.5,-0.3357310157725471,3709954.0,2709827.7,1.369073760667514,2026-08-04
2026-08-04,NBIS,Nebius,Technology,AI Cloud Infrastructure,AI Infrastructure,NeoCloud,AI Cloud,7,225.7400054931641,0.0619061226303314,0.3303082223191775,0.0597127075654067,197.7654998779297,224.22300018310543,142.11137550354005,True,True,True,286.69000244140625,55.09000015258789,-0.2125989620468162,20834984.0,22376404.2,0.931114034845688,2026-08-04
2026-08-04,CRWV,CoreWeave,Technology,AI Cloud Infrastructure,AI Infrastructure,NeoCloud,AI Cloud,8,91.9000015258789,0.0715951403533665,0.3655274496080214,0.062919297929801,78.27849998474122,93.12739974975584,94.34757488250732,True,False,False,148.75,60.81999969482422,-0.3821848636915703,33009988.0,26951069.4,1.2248118065400404,2026-08-04
2026-08-04,MRVL,Marvell,Technology,Semiconductor,AI Infrastructure,Networking,Connectivity,8,218.58999633789065,0.1280317768339485,0.2528801215595573,-0.1228630925666156,203.0796432495117,240.11006225585936,136.17806808471678,True,False,True,316.3519592285156,62.177528381347656,-0.309029105206227,33061182.0,24360579.1,1.3571591161394023,2026-08-04
2026-08-04,COHR,Coherent,Technology,Optical Components,AI Infrastructure,Optical,Connectivity,7,323.7300109863281,0.1235163272317949,0.330415520282187,-0.035656838800831,290.5910018920898,344.92620056152344,256.90730045318605,True,False,True,426.8900146484375,86.55000305175781,-0.2416547591235324,8938236.0,4912066.8,1.819648706731757,2026-08-04
2026-08-04,NOK,Nokia,Technology,Telecom Infrastructure,AI Infrastructure,AI-RAN,Telecom Edge,5,9.920000076293944,0.0598291068544223,0.1108622326187789,-0.2070343809113893,10.318999910354616,12.72739995956421,9.207949991226196,False,False,True,16.850000381469727,4.090000152587891,-0.4112759731920741,97709802.0,100467975.1,0.9725467434050038,2026-08-04
2026-08-04,TEAM,Atlassian,Technology,Enterprise Software,Software,Developer Tools,SaaS,8,110.30999755859376,0.0636389791956832,0.1033206026687312,0.2901754100420322,94.02225036621094,91.43809982299804,108.48559993743896,True,True,True,185.5,57.150001525878906,-0.4053369403849394,4581429.0,3862101.45,1.1862528883077372,2026-08-04
2026-08-04,DDOG,Datadog,Technology,Observability Software,Software,Cloud Software,SaaS,9,288.1499938964844,0.0531797787587176,0.1485570323991381,0.128362765422987,261.2150016784668,247.5040005493164,168.46485023498536,True,True,True,288.1499938964844,102.61499786376952,0.0,4802028.0,4162631.4,1.1536039438899155,2026-08-04
2026-08-04,RDW,Redwire,Industrials,Space Infrastructure,Space Economy,Space Infrastructure,Space Hardware,6,10.630000114440918,0.1026970680352619,0.2403734530890147,-0.0642605250262701,9.216999983787536,13.273200044631958,10.03260000705719,True,False,True,25.89999961853028,5.059999942779541,-0.5895752791117559,17689500.0,15540480.0,1.138285303928836,2026-08-04
2026-08-04,PL,Planet Labs,Technology,Earth Observation,Space Economy,Satellite Data,Space Software,6,22.82999992370605,0.0603808265490164,0.1180215395890196,-0.2602074053087333,22.93049983978272,30.34039989471436,25.91969996929169,False,False,False,51.400001525878906,6.269999980926514,-0.5558365905453992,5199433.0,7714126.65,0.6740144718780317,2026-08-04
2026-08-04,UUUU,Energy Fuels,Energy,Nuclear Fuel,Nuclear,Nuclear Fuel,Upstream Nuclear,6,12.859999656677246,0.0584362189661415,0.1350396949050223,-0.0660857495159601,12.198499965667724,14.372400074005126,17.8553000164032,True,False,False,27.71999931335449,8.470000267028809,-0.5360750369686422,8734072.0,6848943.6,1.2752436740755173,2026-08-04
2026-08-04,SMR,NuScale Power,Industrials,Small Modular Reactor,Nuclear,SMR,Reactor Developer,6,9.489999771118164,0.0532740876851118,0.1545011511962406,-0.0124869812535012,8.481000089645386,9.903000030517578,16.031949977874756,True,False,False,53.43000030517578,7.590000152587891,-0.8223844335221,22120776.0,29493048.8,0.7500335468878347,2026-08-04
2026-08-04,OKLO,Oklo,Industrials,Advanced Nuclear,Nuclear,SMR,Reactor Developer,7,43.33000183105469,0.0511887566197304,0.094744816233377,-0.1641589177562604,43.152000427246094,52.65459999084473,74.39064987182617,True,False,False,174.13999938964844,36.84000015258789,-0.751177202349121,8705383.0,8604499.15,1.0117245464542814,2026-08-04
2026-08-04,RGTI,Rigetti Computing,Technology,Quantum Computing,Quantum,Quantum Hardware,Quantum Hardware,4,17.450000762939453,0.08926343722311,0.2017906482646938,-0.0283963445173069,15.290000104904175,19.044500064849853,21.571800055503846,True,False,False,56.34000015258789,12.899999618530272,-0.6902733277302286,24100592.0,21521189.6,1.119854080928686,2026-08-04
2026-08-04,QBTS,D-Wave Quantum,Technology,Quantum Computing,Quantum,Quantum Hardware,Quantum Hardware,4,21.82999992370605,0.0925926138065695,0.2378791970727525,-0.0323581365034325,18.389749908447264,22.44949993133545,22.91412495136261,True,False,False,44.77999877929688,12.979999542236328,-0.5125055712641351,23349377.0,19045813.85,1.2259584801097905,2026-08-04
2026-08-04,IONQ,IonQ,Technology,Quantum Computing,Quantum,Quantum Hardware,Quantum Hardware,6,41.720001220703125,0.0738739474724512,0.23140495588609,-0.1463064838848746,37.20899991989136,50.04740001678467,45.94979997634888,True,False,False,82.08999633789062,26.59000015258789,-0.4917772800356887,20701926.0,19679651.3,1.0519457730432449,2026-08-04
2026-08-04,MU,Micron,Technology,Memory,AI Infrastructure,Memory,HBM,9,892.6699829101562,0.0761542892226114,0.0879187245287038,-0.0935059833357133,901.640005493164,969.3191052246094,524.6542478942871,False,False,True,1213.3734130859375,108.60568237304688,-0.2643072830812614,35997655.0,46071502.75,0.7813431915892954,2026-08-04
2026-08-04,SNDK,Sandisk,Technology,Memory,AI Infrastructure,Memory,NAND,6,1427.6199951171875,0.1083747759332238,0.302454180198326,-0.1816123598190697,1477.061492919922,1704.8325952148436,855.3067490386962,False,False,True,2335.0,40.68999862670898,-0.3885995738256156,13745599.0,16351234.95,0.8406459231998253,2026-08-04
2026-08-04,ORCL,Oracle,Technology,Enterprise Software,AI Infrastructure,NeoCloud,AI Cloud,8,145.74000549316406,0.0274233290255179,0.2149050233864857,0.0172998826686117,128.94364738464355,162.7060466003418,180.394119682312,True,False,False,324.6299743652344,114.98999786376952,-0.5510580753421277,36501127.0,38741741.35,0.942165368103672,2026-08-04
2026-08-04,KEYS,Keysight Technologies,Technology,Electronic Test & Measurement,AI Infrastructure,Optical Test & Metrology,R&D Test & Standards,9,341.239990234375,0.0601136248574569,0.1181963339107108,0.0672754464984104,319.17149963378904,332.89219970703124,270.5161991119385,True,True,True,373.3399963378906,158.50999450683594,-0.0859806246809505,1525888.0,1249574.4,1.2211261690380342,2026-08-04
2026-08-04,FORM,FormFactor,Technology,Semiconductor Test Equipment,AI Infrastructure,Optical Test & Metrology,Wafer-Level Test & Probing,8,120.3000030517578,0.1056985264470009,0.3634817916200836,0.0137356105836619,108.2034999847412,123.1852001953125,94.613049659729,True,False,True,159.92999267578125,27.6200008392334,-0.2477958571808572,2092503.0,1451215.15,1.441897157702633,2026-08-04
2026-08-04,AEHR,Aehr Test Systems,Technology,Semiconductor Test Equipment,AI Infrastructure,Optical Test & Metrology,Wafer & Package Burn-In,6,109.88999938964844,0.1982335676225497,0.5698571341378349,0.5192865561696622,80.78700065612793,91.6482000732422,53.81620004653931,True,True,True,116.58000183105467,17.3799991607666,-0.0573855064018721,3434172.0,3425738.6,1.0024617756883143,2026-08-04
2026-08-04,DELL,Dell Technologies,Technology,AI Server & Storage,AI Infrastructure,AI Servers,Systems & Storage,7,467.2699890136719,0.0891566849552576,0.1917112515685888,0.1365763430790445,419.78786010742186,406.4793255615234,216.5287628173828,True,True,True,467.2699890136719,110.5447235107422,0.0,7399596.0,6619184.8,1.1179014068318505,2026-08-04
2026-08-04,CLS,Celestica,Technology,Electronics Manufacturing Services,AI Infrastructure,AI Servers,Contract Manufacturing,7,371.1499938964844,0.0855195516983797,0.0598229039383011,0.0598229039383011,336.09849700927737,360.74879760742186,328.1082495880127,True,True,True,472.3999938964844,181.33999633789065,-0.2143310781290709,2757204.0,2675645.2,1.0304819189031489,2026-08-04
2026-08-04,IREN,IREN Limited,Technology,AI Data Center & Bitcoin Mining,AI Infrastructure,NeoCloud,AI Cloud & Power Infrastructure,5,40.84999847412109,0.0276729175879519,0.203949251597552,-0.0696880296953897,38.28874998092651,48.501799964904784,47.807425060272216,True,False,False,76.41000366210938,16.450000762939453,-0.4653841576194293,38766420.0,46859866.0,0.827284055827219,2026-08-04
2026-08-04,APH,Amphenol,Technology,Interconnect Components,AI Infrastructure,Connectivity,Connectors & Cables,8,171.3300018310547,0.048916405487335,0.1910322875326418,0.0270967228500391,156.49099884033205,155.56888214111328,142.18218013763428,True,True,True,176.32000732421875,107.19929504394533,-0.0283008466758306,8172280.0,7054999.0,1.1583672797118751,2026-08-04
2026-08-04,GLW,Corning,Technology,Optical Fiber & Materials,AI Infrastructure,Optical,Optical Fiber & Materials,7,159.88999938964844,0.0903573380738524,0.2688675238398141,-0.1792094615770303,158.5580005645752,181.13801467895507,135.66204090118407,True,False,True,255.69000244140625,62.48693084716797,-0.3746724632837815,16637408.0,13904825.4,1.196520453971324,2026-08-04
2026-08-04,CIEN,Ciena,Technology,Optical Networking Equipment,AI Infrastructure,Optical,Connectivity,7,411.1300048828125,0.0521291703554958,0.1729479713224799,-0.0523246027062536,401.51949920654295,456.7069989013672,353.5985996246338,True,False,True,627.0,86.63999938964844,-0.3442902633447966,1802139.0,1993396.95,0.9040542577332628,2026-08-04
2026-08-04,STX,Seagate Technology,Technology,Storage Hardware,AI Infrastructure,Storage,HDD Storage,6,845.3499755859375,0.0171948813194275,0.1312056595672426,-0.0263861446133765,842.0619964599609,892.3857897949218,523.7912921905518,True,False,True,1093.260498046875,146.06399536132812,-0.2267625354650909,4873985.0,5598739.25,0.8705504547296072,2026-08-04
2026-08-04,STRL,Sterling Infrastructure,Industrials,Infrastructure Construction,AI Infrastructure,Data Center Construction,Construction & Site Infrastructure,6,541.6199951171875,-0.1142328796712903,0.0065601815412701,-0.2447183748924388,638.9179962158203,757.2376000976562,505.92849960327146,False,False,True,993.739990234375,273.82000732421875,-0.4549680998653926,2112716.0,880500.8,2.3994481322447405,2026-08-04
2026-08-04,EQIX,Equinix,Real Estate,Data Center REIT,AI Infrastructure,Data Centers,Colocation & Interconnection,8,1051.530029296875,0.0194777098346943,0.0161085018082416,0.0527511924079415,1032.4015014648437,1053.0656030273435,927.69970703125,True,False,True,1115.93994140625,718.5999145507812,-0.0577180811614368,732053.0,546522.65,1.3394742194124982,2026-08-04
2026-08-04,NET,Cloudflare,Technology,Edge Cloud & Security,Software,Edge Cloud & Security,SaaS & Edge Network,8,301.3299865722656,0.0657494411118873,0.1409692525874364,0.2172489713492893,273.8375,252.38239990234376,214.03595001220705,True,True,True,301.3299865722656,160.19000244140625,0.0,4772274.0,3027863.7,1.5761191628275737,2026-08-04
2026-08-04,NOW,ServiceNow,Technology,Enterprise Software,Software,Workflow Automation,SaaS,9,118.13999938964844,0.0345914428915878,0.067980441659307,0.0945983420328318,106.5465000152588,106.21020050048828,124.2653099822998,True,True,False,192.22999572753903,83.0,-0.3854237006949921,19191259.0,24656137.95,0.7783562469887949,2026-08-04
2026-08-04,SNOW,Snowflake,Technology,Data Cloud Software,Software,Data Cloud,SaaS,8,316.7699890136719,0.0300458175496765,0.1716600317231122,0.208630598038114,276.72749786376954,253.3951986694336,211.2288501739502,True,True,True,316.7699890136719,121.11000061035156,0.0,5020522.0,4865526.1,1.0318559384564807,2026-08-04
2026-08-04,APP,AppLovin,Technology,AdTech Software,Software,AdTech & AI Applications,Application Software,8,419.7000122070313,0.0333366368496146,0.0035388335852142,-0.2281946538817469,433.2910034179688,487.77400146484376,518.4494761657714,False,False,False,733.5999755859375,366.9100036621094,-0.4278898225537556,7000922.0,6219616.1,1.125619634305082,2026-08-04
2026-08-04,CRWD,CrowdStrike,Technology,Cybersecurity Software,Software,Cybersecurity,SaaS,8,211.22000122070312,0.0428557727969698,0.1618261698299836,0.0593840708593105,193.24199905395508,183.1820495605469,133.49667499542235,True,True,True,211.22000122070312,87.5625,0.0,8214387.0,8378194.35,0.9804483707160602,2026-08-04
2026-08-04,FLNC,Fluence Energy,Industrials,Energy Storage,AI Infrastructure,Energy Storage,Grid Storage,6,15.670000076293944,0.0762362379592889,0.2416798905224193,-0.1206509346436597,14.52999997138977,19.030399913787843,18.873650007247925,True,False,False,32.22999954223633,6.75,-0.5138070028279418,9014209.0,7584415.45,1.188517303597867,2026-08-04
2026-08-04,BE,Bloom Energy,Industrials,Fuel Cells & Distributed Power,AI Infrastructure,Power,On-site Power Generation,6,228.1100006103516,0.0448424008688954,0.3672381060736456,-0.2268767664874054,215.7869987487793,257.8366000366211,179.7974005508423,True,False,True,345.8500061035156,36.79999923706055,-0.3404366153398984,16283899.0,17817094.95,0.9139480395483888,2026-08-04
2026-08-04,KLAC,KLA,Technology,Semicap Equipment,AI Infrastructure,Equipment,Process Control & Metrology,9,195.4499969482422,0.0694938273501624,0.0243710368035108,-0.1622733745082799,208.3130004882813,221.463920288086,163.1437644958496,False,False,True,301.7099914550781,84.03205871582031,-0.3521924945023144,12671302.0,12222455.1,1.036723137563418,2026-08-04
2026-08-04,RMBS,Rambus,Technology,Semiconductor IP,AI Infrastructure,Memory Interface,Memory & IP,7,100.5500030517578,0.0904457656446233,0.1458689806468127,-0.112141253406112,100.00649986267088,123.223800201416,109.11059993743896,True,False,False,170.66000366210938,69.68000030517578,-0.4108168235432756,2441078.0,2895718.9,0.8429954993214294,2026-08-04
2026-08-04,LITE,Lumentum,Technology,Optical Components,AI Infrastructure,Optical,Connectivity,6,849.469970703125,0.0892176521660597,0.3030079613557288,0.1616683360042734,755.0549987792969,822.0833996582031,607.7302498626709,True,True,True,1053.0899658203125,108.1500015258789,-0.193354795626199,6620147.0,4484407.35,1.4762590646454097,2026-08-04
2026-08-05,NVDA,NVIDIA,Technology,Semiconductor,AI Infrastructure,GPU,Compute,10,219.22000122070312,0.0343493379986608,0.1537287908969247,0.1131874746048429,205.35649795532223,205.7289309692383,193.4120960235596,True,True,True,235.465576171875,164.97772216796875,-0.0689934181262811,156378175.0,130175673.75,1.201285697205773,2026-08-05
2026-08-05,AVGO,Broadcom,Technology,Semiconductor,AI Infrastructure,Networking,Connectivity,9,418.2799987792969,0.0002869598147519,0.1295095876715315,0.128108312628465,389.4949996948242,394.71607971191406,365.81932739257815,True,True,True,480.8090515136719,287.4934997558594,-0.1300496580451688,15710613.0,19704405.65,0.797314736565018,2026-08-05
2026-08-05,ANET,Arista,Technology,Networking Equipment,AI Infrastructure,Networking,Connectivity,8,197.3099975585937,0.03569368142265,0.2490346017211704,0.185329746488329,176.8190010070801,169.17380004882813,146.56829975128173,True,True,True,197.3099975585937,116.12999725341795,0.0,20191254.0,8112562.7,2.4888872661655976,2026-08-05
2026-08-05,CRDO,Credo,Technology,Semiconductor,AI Infrastructure,Optical,Connectivity,7,224.6300048828125,-0.055859084517543,0.2658777613184833,-0.088352230328454,220.729500579834,235.5666998291016,167.4677003479004,True,False,True,302.5199890136719,87.80999755859375,-0.2574705373512996,4194846.0,5802337.3,0.722957970747409,2026-08-05
2026-08-05,TSM,TSMC,Technology,Semiconductor Foundry,AI Infrastructure,Foundry,Manufacturing,9,414.0,-0.0075988525677757,0.1049723360896921,-0.0429294842679655,410.9324966430664,425.5749114990234,357.71594802856447,True,False,True,477.5700073242188,224.8433532714844,-0.1331113896377114,11779163.0,15048548.15,0.7827441479794847,2026-08-05
2026-08-05,ASML,ASML,Technology,Semicap Equipment,AI Infrastructure,Equipment,Manufacturing Equipment,10,1678.219970703125,-0.0196683453126088,0.0822408309305364,-0.0382821402663685,1721.2850463867187,1754.3000317382812,1398.0137969970704,False,False,True,1986.870361328125,686.4387817382812,-0.1553450072196368,1214990.0,1963469.5,0.6187974908701154,2026-08-05
2026-08-05,VRT,Vertiv,Industrials,Electrical Equipment,AI Infrastructure,Power,Power Infrastructure,7,277.94000244140625,0.0296743970028035,0.2461442378400877,-0.0904508977858825,284.6194984436035,302.6124649047852,247.62535415649413,False,False,True,376.1517333984375,121.68595123291016,-0.2610960477829323,5921650.0,6346112.5,0.9331145642312518,2026-08-05
2026-08-05,ETN,Eaton,Industrials,Electrical Equipment,AI Infrastructure,Power,Power Infrastructure,8,447.2799987792969,0.0056433883302047,0.2359898108328462,0.1304084286763431,407.51100158691406,406.9864001464844,373.9919659423828,True,True,True,447.2799987792969,313.9706420898437,0.0,2177120.0,2507456.0,0.868258505832206,2026-08-05
2026-08-05,GEV,GE Vernova,Industrials,Power Equipment,AI Infrastructure,Power,Grid Infrastructure,7,1017.9600219726562,-0.0005596372299521,0.1307148763120849,-0.0548890857634988,1023.4745025634766,1023.39361328125,841.7351843261719,False,False,True,1174.8599853515625,546.9464721679688,-0.1335477974696328,1691847.0,2824717.35,0.5989438199896354,2026-08-05
2026-08-05,CEG,Constellation Energy,Utilities,Power Generation,AI Infrastructure,Energy,Power Supply,6,265.1199951171875,-0.0079700837523386,0.0277960169445605,0.1060030357166159,261.9562507629395,262.1025006103516,305.47252700805666,True,True,False,402.3219604492188,236.5,-0.3410252952109208,3088377.0,2730443.85,1.1310897310706465,2026-08-05
2026-08-05,NBIS,Nebius,Technology,AI Cloud Infrastructure,AI Infrastructure,NeoCloud,AI Cloud,7,218.9900054931641,-0.0299016560456512,0.4774659539172632,0.1219324901586713,197.89100036621093,224.30740020751952,142.5911255264282,True,False,True,286.69000244140625,55.09000015258789,-0.236143557053681,15143776.0,22263393.8,0.6802096812391649,2026-08-05
2026-08-05,CRWV,CoreWeave,Technology,AI Cloud Infrastructure,AI Infrastructure,NeoCloud,AI Cloud,8,89.88999938964844,-0.0218716224467575,0.4779677711392371,0.0761403172907493,78.27299995422364,92.81539978027344,94.08832485198974,True,False,False,148.75,60.81999969482422,-0.3956974830948004,19504124.0,26761996.2,0.7287992963693792,2026-08-05
2026-08-05,MRVL,Marvell,Technology,Semiconductor,AI Infrastructure,Networking,Connectivity,8,211.0200042724609,-0.0346310087023753,0.2914321429298483,-0.0850799044631623,202.04800033569336,240.4048306274414,136.79266460418702,True,False,True,316.3519592285156,62.177528381347656,-0.3329581242769183,16405454.0,23946872.7,0.6850770956827277,2026-08-05
2026-08-05,COHR,Coherent,Technology,Optical Components,AI Infrastructure,Optical,Connectivity,7,328.2200012207031,0.0138695520402791,0.4781355402377458,0.0448540289653227,291.1495025634766,343.93920043945315,257.9686004638672,True,False,True,426.8900146484375,86.55000305175781,-0.2311368503406982,5732179.0,5005978.95,1.1450665408810798,2026-08-05
2026-08-05,NOK,Nokia,Technology,Telecom Infrastructure,AI Infrastructure,AI-RAN,Telecom Edge,5,9.579999923706056,-0.0342742086666306,0.1391201067208072,-0.1915612138977948,10.20049991607666,12.609599952697756,9.227449991703033,False,False,True,16.850000381469727,4.099999904632568,-0.431454023333948,65397887.0,100907604.35,0.6480967160132566,2026-08-05
2026-08-05,TEAM,Atlassian,Technology,Enterprise Software,Software,Developer Tools,SaaS,8,113.31999969482422,0.0272867573461021,0.0866896914206916,0.2820454856581365,95.414750289917,91.99609985351564,108.30154991149902,True,True,True,185.5,57.150001525878906,-0.3891105137745325,4416477.0,3931158.85,1.123454220121377,2026-08-05
2026-08-05,DDOG,Datadog,Technology,Observability Software,Software,Cloud Software,SaaS,9,283.1700134277344,-0.0172825978630387,0.0718016667078649,0.1026440408073534,262.31900253295896,248.72100067138672,169.1248503112793,True,True,True,288.1499938964844,102.61499786376952,-0.0172825978630387,5602353.0,4270622.65,1.3118351723255155,2026-08-05
2026-08-05,RDW,Redwire,Industrials,Space Infrastructure,Space Economy,Space Infrastructure,Space Hardware,6,10.720000267028809,0.0084666182143897,0.3778920280122824,0.0499510506343148,9.224000000953676,13.137800054550173,10.04345000743866,True,False,True,25.89999961853028,5.059999942779541,-0.5861003696942476,18548377.0,15868958.85,1.1688464993404404,2026-08-05
2026-08-05,PL,Planet Labs,Technology,Earth Observation,Space Economy,Satellite Data,Space Software,6,22.350000381469727,-0.0210249471677794,0.1479199368096453,-0.2201674633474274,22.6604998588562,29.90039993286133,25.965299973487856,False,False,False,51.400001525878906,6.269999980926514,-0.5651751027630431,4772464.0,7534198.2,0.6334401980558462,2026-08-05
2026-08-05,UUUU,Energy Fuels,Energy,Nuclear Fuel,Nuclear,Nuclear Fuel,Upstream Nuclear,6,12.4399995803833,-0.0326594158247796,0.1582867640124863,-0.0326594158247796,12.163499927520752,14.260400047302246,17.809050011634827,True,False,False,27.71999931335449,8.470000267028809,-0.5512265552477789,9933290.0,7040364.5,1.4109056427405144,2026-08-05
2026-08-05,SMR,NuScale Power,Industrials,Small Modular Reactor,Nuclear,SMR,Reactor Developer,6,9.380000114440918,-0.0115911126796882,0.2358366173738095,0.0468750083153801,8.51200008392334,9.86260004043579,15.840649981498718,True,False,False,53.43000030517578,7.590000152587891,-0.824443195566812,27874438.0,30151406.9,0.9244821673644688,2026-08-05
2026-08-05,OKLO,Oklo,Industrials,Advanced Nuclear,Nuclear,SMR,Reactor Developer,7,42.9900016784668,-0.0078467606328188,0.1669381514768231,-0.1025052127557738,42.93750057220459,52.19680007934571,73.79489988327026,True,False,False,174.13999938964844,36.84000015258789,-0.7531296552822757,5123540.0,8505977.0,0.6023458563313774,2026-08-05
2026-08-05,RGTI,Rigetti Computing,Technology,Quantum Computing,Quantum,Quantum Hardware,Quantum Hardware,4,16.780000686645508,-0.0383954181662214,0.2692889824288036,0.0138973691956381,15.283000135421752,18.851700077056886,21.41585005283356,True,False,False,56.34000015258789,12.899999618530272,-0.7021654128292589,18351688.0,21476709.4,0.8544925415808812,2026-08-05
2026-08-05,QBTS,D-Wave Quantum,Technology,Quantum Computing,Quantum,Quantum Hardware,Quantum Hardware,4,21.38999938964844,-0.0201557735041402,0.3220024095306131,0.0156695124441821,18.427249908447266,22.289299926757813,22.81877495288849,True,False,False,44.77999877929688,12.979999542236328,-0.5223313985542655,16875092.0,19137209.6,0.8817948046093407,2026-08-05
2026-08-05,IONQ,IonQ,Technology,Quantum Computing,Quantum,Quantum Hardware,Quantum Hardware,6,39.93000030517578,-0.0429051021848742,0.2482025817713873,-0.1197089998260847,36.95149984359741,49.57320003509521,45.8214999961853,True,False,False,82.08999633789062,26.59000015258789,-0.5135826277684322,19999855.0,20155872.75,0.992259439621636,2026-08-05
2026-08-05,MU,Micron,Technology,Memory,AI Infrastructure,Memory,HBM,9,893.1900024414062,0.0005825439873698,0.2086468233307257,-0.0481574652126669,898.859506225586,972.16521484375,528.1085369873047,False,False,True,1213.3734130859375,108.6056900024414,-0.2638787097124685,33738006.0,45683500.3,0.7385162209210139,2026-08-05
2026-08-05,SNDK,Sandisk,Technology,Memory,AI Infrastructure,Memory,NAND,6,1350.5,-0.0540199740694,0.3293761928227623,-0.1651727509655379,1458.227490234375,1702.2687963867188,861.3378990173339,False,False,True,2335.0,40.68999862670898,-0.421627408993576,15117533.0,16551666.65,0.9133541243715176,2026-08-05
2026-08-05,ORCL,Oracle,Technology,Enterprise Software,AI Infrastructure,NeoCloud,AI Cloud,8,144.38999938964844,-0.0092631127530659,0.2263462035791283,0.0232509076556666,129.16300010681152,161.765565032959,179.56602077484132,True,False,False,324.62994384765625,114.98999786376952,-0.5552166331969413,18318870.0,38288438.5,0.4784439041566033,2026-08-05
2026-08-05,KEYS,Keysight Technologies,Technology,Electronic Test & Measurement,AI Infrastructure,Optical Test & Metrology,R&D Test & Standards,9,336.0199890136719,-0.0152971555799127,0.1324480575333277,0.0870212031618549,320.1104995727539,332.6813995361328,271.3842490386963,True,True,True,373.3399963378906,158.50999450683594,-0.0999625212682606,932819.0,1239340.95,0.7526734269532529,2026-08-05
2026-08-05,FORM,FormFactor,Technology,Semiconductor Test Equipment,AI Infrastructure,Optical Test & Metrology,Wafer-Level Test & Probing,8,114.44000244140624,-0.0487115582850846,0.3713601752722035,0.0791136176163398,108.346000289917,122.89420013427734,94.97574966430663,True,False,True,159.92999267578125,27.6200008392334,-0.2844368931260741,1518479.0,1450683.95,1.0467331633468475,2026-08-05
2026-08-05,AEHR,Aehr Test Systems,Technology,Semiconductor Test Equipment,AI Infrastructure,Optical Test & Metrology,Wafer & Package Burn-In,6,98.77999877929688,-0.1011011072168421,0.5103974996118226,0.475649763618708,82.33150062561035,91.7234001159668,54.17655004501343,True,True,True,116.58000183105467,17.3799991607666,-0.1526848753832858,1901141.0,3448907.05,0.5512299903820256,2026-08-05
2026-08-05,DELL,Dell Technologies,Technology,AI Server & Storage,AI Infrastructure,AI Servers,Systems & Storage,7,462.7000122070313,-0.0097801633190418,0.2517584511165616,0.1106801740811742,421.359992980957,409.8392657470703,218.09523231506347,True,True,True,467.2699890136719,110.5447235107422,-0.0097801633190418,6290014.0,6454150.7,0.9745688150727562,2026-08-05
2026-08-05,CLS,Celestica,Technology,Electronics Manufacturing Services,AI Infrastructure,AI Servers,Contract Manufacturing,7,362.760009765625,-0.0226053732152273,0.1045276553768752,0.0512954626217594,336.19949798583986,360.6565979003906,328.522749710083,True,True,True,472.3999938964844,181.33999633789065,-0.2320914173315684,1424294.0,2696649.7,0.5281716791024061,2026-08-05
2026-08-05,IREN,IREN Limited,Technology,AI Data Center & Bitcoin Mining,AI Infrastructure,NeoCloud,AI Cloud & Power Infrastructure,5,38.88999938964844,-0.0479803955369627,0.326850907480835,-0.0232324317208447,38.08299989700318,48.14299991607666,47.69272504806519,True,False,False,76.41000366210938,17.729999542236328,-0.4910352371971757,34025831.0,46935851.55,0.7249432976357707,2026-08-05
2026-08-05,APH,Amphenol,Technology,Interconnect Components,AI Infrastructure,Connectivity,Connectors & Cables,8,172.24000549316406,0.0053114086989078,0.1458985316397305,0.0859340825317602,157.19199905395507,156.37646087646485,142.41001445770263,True,True,True,176.32000732421875,107.81510162353516,-0.0231397553401432,6138988.0,7048869.4,0.8709181078032173,2026-08-05
2026-08-05,GLW,Corning,Technology,Optical Fiber & Materials,AI Infrastructure,Optical,Optical Fiber & Materials,7,156.6999969482422,-0.0199512318067641,0.2632002667735664,-0.1547092846000317,157.19150047302247,180.39695358276367,136.01487998962403,False,False,True,255.69000244140625,63.28816986083984,-0.3871485179239596,7596062.0,14006318.1,0.5423311069880671,2026-08-05
2026-08-05,CIEN,Ciena,Technology,Optical Networking Equipment,AI Infrastructure,Optical,Connectivity,7,408.8299865722656,-0.0055943820281433,0.2374912752813618,-0.0240624883667716,399.9124984741211,453.208798828125,354.78884956359866,True,False,True,627.0,86.63999938964844,-0.3479585541112191,1552683.0,1993054.15,0.7790470720527087,2026-08-05
2026-08-05,STX,Seagate Technology,Technology,Storage Hardware,AI Infrastructure,Storage,HDD Storage,6,837.6599731445312,-0.0090968269515546,0.0957968436225515,0.0121066627020807,840.943994140625,892.8959716796875,526.8551641082763,False,False,True,1093.260498046875,146.06398010253906,-0.2337965428724239,4197905.0,5569510.25,0.7537296479524389,2026-08-05
2026-08-05,STRL,Sterling Infrastructure,Industrials,Infrastructure Construction,AI Infrastructure,Data Center Construction,Construction & Site Infrastructure,6,536.030029296875,-0.0103208261709448,0.0845541435096797,-0.2051631583301099,632.6834991455078,753.2994006347657,506.8035498046875,False,False,True,993.739990234375,273.82000732421875,-0.4605932793643017,1093254.0,900817.7,1.213624021819287,2026-08-05
2026-08-05,EQIX,Equinix,Real Estate,Data Center REIT,AI Infrastructure,Data Centers,Colocation & Interconnection,8,1056.199951171875,0.0044410732407924,0.0477966019593834,0.0325241793028925,1034.413000488281,1052.5938012695312,928.9829867553711,True,True,True,1115.93994140625,718.5999145507812,-0.0535333381464003,556775.0,549988.75,1.0123388887499971,2026-08-05
2026-08-05,NET,Cloudflare,Technology,Edge Cloud & Security,Software,Edge Cloud & Security,SaaS & Edge Network,8,292.9599914550781,-0.0277768409722481,0.0835120429191951,0.0897593501025824,274.8154998779297,253.9181997680664,214.44375,True,True,True,301.3299865722656,160.19000244140625,-0.0277768409722481,3581788.0,3056059.4,1.1720282662045116,2026-08-05
2026-08-05,NOW,ServiceNow,Technology,Enterprise Software,Software,Workflow Automation,SaaS,9,117.22000122070312,-0.0077873554570707,0.0126122931714744,0.0586110147838547,107.0185001373291,106.51200057983398,123.95692001342772,True,True,False,192.22999572753903,83.0,-0.3902096247931713,14358355.0,24630952.75,0.5829394886074799,2026-08-05
2026-08-05,SNOW,Snowflake,Technology,Data Cloud Software,Software,Data Cloud,SaaS,8,316.8399963378906,0.0002210036513772,0.1199717326746396,0.2059070111681749,279.5039978027344,256.2879986572266,211.61275016784668,True,True,True,316.8399963378906,121.11000061035156,0.0,4571992.0,4889254.6,0.935110231322378,2026-08-05
2026-08-05,APP,AppLovin,Technology,AdTech Software,Software,AdTech & AI Applications,Application Software,8,417.7999877929688,-0.0045271011646415,0.0459119729890473,-0.2086821408985271,428.07200317382814,486.4964013671875,517.5100761413574,False,False,False,733.5999755859375,366.9100036621094,-0.4304798232043757,9671794.0,6469294.7,1.4950306715815558,2026-08-05
2026-08-05,CRWD,CrowdStrike,Technology,Cybersecurity Software,Software,Cybersecurity,SaaS,8,209.8600006103516,-0.006438787058478,0.1699185800973268,0.078306473515157,194.1789993286133,184.06194946289065,133.9431874847412,True,True,True,211.22000122070312,87.5625,-0.006438787058478,7053105.0,8338825.25,0.8458151824203295,2026-08-05
2026-08-05,FLNC,Fluence Energy,Industrials,Energy Storage,AI Infrastructure,Energy Storage,Grid Storage,6,14.229999542236328,-0.0918953750508332,0.1968039639483847,-0.1216050078966584,14.474499940872192,18.885199909210204,18.846900005340576,False,False,False,32.22999954223633,6.75,-0.5584858906501567,16636594.0,7658834.7,2.172209566032284,2026-08-05
2026-08-05,BE,Bloom Energy,Industrials,Fuel Cells & Distributed Power,AI Infrastructure,Power,On-site Power Generation,6,234.3300018310547,0.0272675516376323,0.4310229119453721,-0.130726729738817,214.78899917602536,256.4734002685547,180.3936005783081,True,False,True,345.8500061035156,36.79999923706055,-0.3224519366903874,11439367.0,17557723.35,0.6515290605715119,2026-08-05
2026-08-05,KLAC,KLA,Technology,Semicap Equipment,AI Infrastructure,Equipment,Process Control & Metrology,9,192.8000030517578,-0.0135584238314729,0.1328515205711677,-0.1093453967545944,206.89400100708008,221.54316040039063,163.560694770813,False,False,True,301.7099914550781,84.03205871582031,-0.3609757432230613,9993709.0,12097015.45,0.8261301344374162,2026-08-05
2026-08-05,RMBS,Rambus,Technology,Semiconductor IP,AI Infrastructure,Memory Interface,Memory & IP,7,97.3000030517578,-0.0323222267663887,0.1749789387798421,-0.0814688683900277,99.38950004577636,122.3102003479004,109.10634994506836,False,False,False,170.66000366210938,69.68000030517578,-0.4298605357796511,2178350.0,2894847.5,0.7524921433685194,2026-08-05
2026-08-05,LITE,Lumentum,Technology,Optical Components,AI Infrastructure,Optical,Connectivity,6,826.260009765625,-0.0273228739543183,0.3717274728232178,0.1822123614120445,761.0130004882812,819.6705993652344,611.0453999328613,True,True,True,1053.0899658203125,110.01000213623048,-0.2153946608711597,3389923.0,4525731.15,0.7490332252723407,2026-08-05
2026-08-06,NVDA,NVIDIA,Technology,Semiconductor,AI Infrastructure,GPU,Compute,10,218.9900054931641,-0.0010491548501886,0.122795390850406,0.0728493569061645,206.16699829101563,205.8165335083008,193.59211296081543,True,True,True,235.465576171875,164.97772216796875,-0.0699701881972115,113051990.0,129316864.5,0.8742246453091198,2026-08-06
2026-08-06,AVGO,Broadcom,Technology,Semiconductor,AI Infrastructure,Networking,Connectivity,9,420.5650024414063,0.005462856624218,0.0843775949167584,0.0820062255262277,390.4677505493164,394.70051635742186,366.1852355957032,True,True,True,480.8090515136719,287.4934997558594,-0.1252972440568801,12674099.0,18992899.95,0.6673072060277978,2026-08-06
2026-08-06,ANET,Arista,Technology,Networking Equipment,AI Infrastructure,Networking,Connectivity,8,192.32000732421875,-0.025290103370931,0.1245468513602867,0.0622480203396578,177.20050125122071,169.8600003051758,146.81439975738525,True,True,True,197.3099975585937,116.12999725341795,-0.025290103370931,6735888.0,7954544.4,0.8467974608325777,2026-08-06
2026-08-06,CRDO,Credo,Technology,Semiconductor,AI Infrastructure,Optical,Connectivity,7,230.42999267578125,0.0258201828201649,0.1459617593866251,-0.1092427596695622,218.96850051879883,235.74249969482423,167.90180030822754,True,False,True,302.5199890136719,87.80999755859375,-0.2382982908763514,3589168.0,5638193.4,0.6365812141172738,2026-08-06
2026-08-06,TSM,TSMC,Technology,Semiconductor Foundry,AI Infrastructure,Foundry,Manufacturing,9,418.2000122070313,0.0101449570218146,0.0369195277542662,-0.0429767914026723,409.994497680664,425.71177856445314,358.34308044433595,True,False,True,477.5700073242188,224.8433532714844,-0.1243168419428853,10537518.0,15053205.9,0.700018193466682,2026-08-06
2026-08-06,ASML,ASML,Technology,Semicap Equipment,AI Infrastructure,Equipment,Manufacturing Equipment,10,1704.3699951171875,0.0155820004949092,0.0320508499182028,-0.0350978333410619,1716.407568359375,1755.7889916992187,1401.4229705810546,False,False,True,1986.870361328125,708.4537353515625,-0.1421835927041057,1058626.0,1939331.3,0.5458716620517597,2026-08-06
2026-08-06,VRT,Vertiv,Industrials,Electrical Equipment,AI Infrastructure,Power,Power Infrastructure,7,275.1700134277344,-0.0099661401357864,0.2095385205614697,-0.1341681648104791,282.1819984436035,301.63901275634765,248.13191551208496,False,False,True,376.1517333984375,121.68595886230467,-0.268460068117614,5052099.0,6401979.95,0.7891463327685054,2026-08-06
2026-08-06,ETN,Eaton,Industrials,Electrical Equipment,AI Infrastructure,Power,Power Infrastructure,8,448.1900024414063,0.0020345279569686,0.1584429307349049,0.1217088927318885,409.6290023803711,407.8876000976563,374.382455444336,True,True,True,448.1900024414063,313.9706115722656,0.0,1753208.0,2509865.4,0.6985267018701481,2026-08-06
2026-08-06,GEV,GE Vernova,Industrials,Power Equipment,AI Infrastructure,Power,Grid Infrastructure,7,1000.2999877929688,-0.0173484555370504,0.0186561922733634,-0.0660043539958169,1019.7265014648438,1022.0011462402344,843.7434808349609,False,False,True,1174.8599853515625,546.9464721679688,-0.1485794049802102,1688010.0,2793345.5,0.6042968905923023,2026-08-06
2026-08-06,CEG,Constellation Energy,Utilities,Power Generation,AI Infrastructure,Energy,Power Supply,6,261.1000061035156,-0.0151629039216562,-0.0093337057135585,0.067806320715503,262.47425079345703,261.2931005859375,304.85331520080564,False,False,False,402.3219604492188,236.5,-0.3510172653464394,4505974.0,2818708.7,1.5985951297485972,2026-08-06
2026-08-06,NBIS,Nebius,Technology,AI Cloud Infrastructure,AI Infrastructure,NeoCloud,AI Cloud,7,189.8800048828125,-0.1329284436739294,0.0076952303953341,-0.1228750525208122,196.57500076293945,223.9438003540039,142.9733255386353,False,False,True,286.69000244140625,64.05999755859375,-0.3376818052048389,25731633.0,22881501.65,1.1245605027850083,2026-08-06
2026-08-06,CRWV,CoreWeave,Technology,AI Cloud Infrastructure,AI Infrastructure,NeoCloud,AI Cloud,8,85.33000183105469,-0.0507286415569702,0.154668471842631,-0.0518888685438367,78.05450019836425,92.40419982910156,93.83062488555908,True,False,False,148.75,60.81999969482422,-0.4263529288668592,16077068.0,26389083.4,0.6092317704373166,2026-08-06
2026-08-06,MRVL,Marvell,Technology,Semiconductor,AI Infrastructure,Networking,Connectivity,8,210.5399932861328,-0.00227471792536,0.1486087822196236,-0.0911401181509039,200.41449966430665,240.45145782470703,137.40625888824462,True,False,True,316.3519592285156,62.177528381347656,-0.3344754563885913,16456195.0,23731374.75,0.6934362283415545,2026-08-06
2026-08-06,COHR,Coherent,Technology,Optical Components,AI Infrastructure,Optical,Connectivity,7,334.2200012207031,0.0182804216004053,0.3419256584633776,0.0541555404157474,291.49850311279295,342.99660034179686,259.0579504776001,True,False,True,426.8900146484375,86.55000305175781,-0.2170817078119107,5993655.0,5100167.75,1.175187816126244,2026-08-06
2026-08-06,NOK,Nokia,Technology,Telecom Infrastructure,AI Infrastructure,AI-RAN,Telecom Edge,5,9.43000030517578,-0.0156575803470617,0.0374037565325116,-0.2108786229549172,10.026999950408936,12.468999977111816,9.24589999437332,False,False,True,16.850000381469727,4.099999904632568,-0.4403560776445954,45561570.0,98437943.5,0.4628456099349536,2026-08-06
2026-08-06,TEAM,Atlassian,Technology,Enterprise Software,Software,Developer Tools,SaaS,8,110.16999816894533,-0.0277974014680727,0.1228087554531081,0.2889902491572584,96.38775024414062,92.50109985351564,108.09264991760254,True,True,True,182.3600006103516,57.150001525878906,-0.3958653334052929,6295550.0,4114197.5,1.530201211779454,2026-08-06
2026-08-06,DDOG,Datadog,Technology,Observability Software,Software,Cloud Software,SaaS,9,229.2899932861328,-0.1902744555802052,-0.1462243246553988,-0.1217970948630438,260.3335021972656,248.8338006591797,169.506950302124,False,False,True,288.1499938964844,102.61499786376952,-0.2042686165438426,14930110.0,4708015.5,3.171210884925931,2026-08-06
2026-08-06,RDW,Redwire,Industrials,Space Infrastructure,Space Economy,Space Infrastructure,Space Hardware,6,11.829999923706056,0.1035447415137889,0.3966941618357116,0.1181474488671017,9.291999983787536,12.933600034713743,10.062750008106232,True,False,True,25.89999961853028,5.059999942779541,-0.5432432394615856,31194863.0,16867783.15,1.849375387541664,2026-08-06
2026-08-06,PL,Planet Labs,Technology,Earth Observation,Space Economy,Satellite Data,Space Software,6,22.71999931335449,0.0165547617704531,0.1236399646338688,-0.1812612860052435,22.436499786376952,29.388399925231933,26.01334997177124,True,False,False,51.400001525878906,6.269999980926514,-0.5579766801774235,4614320.0,7480966.0,0.6168080432393357,2026-08-06
2026-08-06,UUUU,Energy Fuels,Energy,Nuclear Fuel,Nuclear,Nuclear Fuel,Upstream Nuclear,6,12.899999618530272,0.0369774962751887,0.1016225086683781,-0.0182648948646672,12.133999919891355,14.150400047302249,17.768250012397765,True,False,False,27.71999931335449,8.470000267028809,-0.53463203686605,7921029.0,7130996.45,1.110788521006766,2026-08-06
2026-08-06,SMR,NuScale Power,Industrials,Small Modular Reactor,Nuclear,SMR,Reactor Developer,6,9.470000267028809,0.009594898879514,0.1011627729033193,0.081050230547494,8.53400011062622,9.80760004043579,15.666749982833862,True,False,False,53.43000030517578,7.590000152587891,-0.822758745780665,33276378.0,30995053.9,1.0736028434523872,2026-08-06
2026-08-06,OKLO,Oklo,Industrials,Advanced Nuclear,Nuclear,SMR,Reactor Developer,7,42.18999862670898,-0.0186090490933505,0.0267704665377523,-0.1076565203892669,42.58350048065186,51.66660011291504,73.18889987945556,False,False,False,174.13999938964844,36.84000015258789,-0.7577236776468202,10692978.0,8679728.9,1.2319483849317,2026-08-06
2026-08-06,RGTI,Rigetti Computing,Technology,Quantum Computing,Quantum,Quantum Hardware,Quantum Hardware,4,16.530000686645508,-0.014898688305714,0.1123823060936517,-0.0230496092133505,15.26000018119812,18.68100008010864,21.266600050926208,True,False,False,56.34000015258789,12.899999618530272,-0.7066027575101768,22259612.0,21767200.6,1.022621714617726,2026-08-06
2026-08-06,QBTS,D-Wave Quantum,Technology,Quantum Computing,Quantum,Quantum Hardware,Quantum Hardware,4,16.209999084472656,-0.2421692591390447,-0.0984427420927243,-0.2146318040783255,18.17974987030029,22.057099914550783,22.70817493915558,False,False,False,44.77999877929688,12.979999542236328,-0.6380080498803626,23584884.0,19499544.2,1.20950950227852,2026-08-06
2026-08-06,IONQ,IonQ,Technology,Quantum Computing,Quantum,Quantum Hardware,Quantum Hardware,6,39.720001220703125,-0.0052591806378081,0.1104277526527715,-0.1188997425164071,36.69899988174439,49.09520008087159,45.70540000915528,True,False,False,82.08999633789062,26.59000015258789,-0.516140784594366,25992266.0,21021833.3,1.236441447758983,2026-08-06
2026-08-06,MU,Micron,Technology,Memory,AI Infrastructure,Memory,HBM,9,881.469970703125,-0.0131215437994672,0.0077858799621421,-0.0709633410161209,893.3510040283203,971.8797692871094,531.5049760437012,False,False,True,1213.3734130859375,111.69073486328124,-0.2735377574646968,34365089.0,45395334.45,0.7570180816235841,2026-08-06
2026-08-06,SNDK,Sandisk,Technology,Memory,AI Infrastructure,Memory,NAND,6,1258.5799560546875,-0.068063712658506,-0.0167036513135557,-0.2713093499716129,1428.242987060547,1695.64939453125,866.9299987792969,False,False,True,2335.0,40.68999862670898,-0.4609935948373929,18998905.0,16896260.25,1.124444387035291,2026-08-06
2026-08-06,ORCL,Oracle,Technology,Enterprise Software,AI Infrastructure,NeoCloud,AI Cloud,8,143.47000122070312,-0.0063716197301353,0.1247256504124754,0.0247641667519507,129.1505001068115,160.7871516418457,178.84073596954346,True,False,False,324.6299743652344,114.98999786376952,-0.5580506652189547,21903163.0,37882763.15,0.5781828245546022,2026-08-06
2026-08-06,KEYS,Keysight Technologies,Technology,Electronic Test & Measurement,AI Infrastructure,Optical Test & Metrology,R&D Test & Standards,9,336.9599914550781,0.0027974598897091,0.0776167732392394,0.0621611455924395,320.8499984741211,332.30579956054686,272.2580989837646,True,True,True,373.3399963378906,158.50999450683594,-0.0974447025222736,715508.0,1199215.4,0.5966467742158749,2026-08-06
2026-08-06,FORM,FormFactor,Technology,Semiconductor Test Equipment,AI Infrastructure,Optical Test & Metrology,Wafer-Level Test & Probing,8,115.20999908447266,0.0067283871604306,0.0932814773890673,0.0324402084898434,108.1345001220703,122.46880020141602,95.3415496635437,True,False,True,159.92999267578125,27.850000381469727,-0.2796223075053057,899440.0,1415712.0,0.6353269591555345,2026-08-06
2026-08-06,AEHR,Aehr Test Systems,Technology,Semiconductor Test Equipment,AI Infrastructure,Optical Test & Metrology,Wafer & Package Burn-In,6,99.73999786376952,0.0097185573631921,0.2975152113963519,0.4691412396591867,83.5080005645752,91.51980010986328,54.55145003318787,True,True,True,116.58000183105467,17.3799991607666,-0.1444501947399978,1518941.0,3394282.05,0.4474999359584746,2026-08-06
2026-08-06,DELL,Dell Technologies,Technology,AI Server & Storage,AI Infrastructure,AI Servers,Systems & Storage,7,437.6499938964844,-0.0541387889554203,0.0811244695930151,0.0148232582933331,420.7686294555664,412.50073181152345,219.5449432373047,True,True,True,467.2699890136719,110.5447235107422,-0.063389466076583,5269253.0,6355922.65,0.8290303847546036,2026-08-06
2026-08-06,CLS,Celestica,Technology,Electronics Manufacturing Services,AI Infrastructure,AI Servers,Contract Manufacturing,7,314.5299987792969,-0.1329529432350853,-0.1079440652142622,-0.1280977787493291,334.18699798583987,359.53039794921875,328.7130997467041,False,False,False,472.3999938964844,181.33999633789065,-0.3341871235328193,8601588.0,3071769.4,2.800206291526962,2026-08-06
2026-08-06,IREN,IREN Limited,Technology,AI Data Center & Bitcoin Mining,AI Infrastructure,NeoCloud,AI Cloud & Power Infrastructure,5,37.93000030517578,-0.0246849858456974,-0.0086251445591856,-0.1180095485848542,37.89349985122681,47.70599994659424,47.578775043487546,True,False,False,76.41000366210938,17.729999542236328,-0.5035990251629221,30964768.0,46570228.4,0.6649047914053177,2026-08-06
2026-08-06,APH,Amphenol,Technology,Interconnect Components,AI Infrastructure,Connectivity,Connectors & Cables,8,170.61000061035156,-0.0094635672946329,0.0675134075312842,0.0783086796489493,157.61049880981446,157.00166564941406,142.6382036590576,True,True,True,176.32000732421875,107.81510162353516,-0.0323843380029333,4316517.0,6958765.85,0.6202992158444303,2026-08-06
2026-08-06,GLW,Corning,Technology,Optical Fiber & Materials,AI Infrastructure,Optical,Optical Fiber & Materials,7,157.17999267578125,0.0030631508416532,0.1624019468779289,-0.1459001591132772,155.4314998626709,179.6231575012207,136.38119346618652,True,False,True,255.69000244140625,63.82233428955078,-0.38527126139083,11496420.0,14148266.0,0.8125674199226959,2026-08-06
2026-08-06,CIEN,Ciena,Technology,Optical Networking Equipment,AI Infrastructure,Optical,Connectivity,7,403.760009765625,-0.0124011862465094,0.0851721499115403,-0.0843821379052375,396.98349914550784,449.2361987304688,355.95289962768555,True,False,True,627.0,86.63999938964844,-0.3560446415221292,1175954.0,1960642.7,0.5997798579006772,2026-08-06
2026-08-06,STX,Seagate Technology,Technology,Storage Hardware,AI Infrastructure,Storage,HDD Storage,6,852.9500122070312,0.0182532764519021,0.0014911933380752,-0.0082207473822204,839.0869934082032,893.0518237304688,529.9986198425293,True,False,True,1093.260498046875,146.88720703125,-0.2198108193510711,5475828.0,5617376.4,0.9748016885605172,2026-08-06
2026-08-06,STRL,Sterling Infrastructure,Industrials,Infrastructure Construction,AI Infrastructure,Data Center Construction,Construction & Site Infrastructure,6,536.0800170898438,9.325558315143034e-05,-0.0768859278504374,-0.1886426309782068,624.1290008544922,748.350400390625,507.7060499572754,False,False,True,993.739990234375,273.82000732421875,-0.460542976676013,603243.0,894432.15,0.6744424381435752,2026-08-06
2026-08-06,EQIX,Equinix,Real Estate,Data Center REIT,AI Infrastructure,Data Centers,Colocation & Interconnection,8,1052.8599853515625,-0.0031622476564279,0.0050881176726409,0.036310142732769,1035.3125,1052.0984008789062,930.2438613891602,True,True,True,1115.93994140625,718.5999145507812,-0.056526300129734,545967.0,558418.35,0.977702469841831,2026-08-06
2026-08-06,NET,Cloudflare,Technology,Edge Cloud & Security,Software,Edge Cloud & Security,SaaS & Edge Network,8,284.42999267578125,-0.0291165996316764,0.003669776539706,0.0403438150165909,275.2470001220703,255.25599975585936,214.81584999084475,True,True,True,301.3299865722656,160.19000244140625,-0.0560846734463029,4298867.0,3139428.35,1.369315213070558,2026-08-06
2026-08-06,NOW,ServiceNow,Technology,Enterprise Software,Software,Workflow Automation,SaaS,9,117.3499984741211,0.0011090023209707,0.0661397183563288,0.0887919818446174,107.44400024414062,106.8606005859375,123.64006999969484,True,True,False,192.22999572753903,83.0,-0.3895333658517612,14997181.0,24730669.05,0.6064203507668547,2026-08-06
2026-08-06,SNOW,Snowflake,Technology,Data Cloud Software,Software,Data Cloud,SaaS,8,318.0,0.003661165495256,0.0667561002651373,0.2169454019021779,282.0294982910156,259.09599853515624,211.9990501403809,True,True,True,318.0,121.11000061035156,0.0,5956704.0,5002900.2,1.190650175272335,2026-08-06
2026-08-06,APP,AppLovin,Technology,AdTech Software,Software,AdTech & AI Applications,Application Software,8,335.6700134277344,-0.1965772541044975,-0.168866176031879,-0.3571756518137031,418.8340042114258,482.9250018310547,516.1918762207031,False,False,False,733.5999755859375,335.6700134277344,-0.5424345357159676,15129654.0,7047097.7,2.1469340491760174,2026-08-06
2026-08-06,CRWD,CrowdStrike,Technology,Cybersecurity Software,Software,Cybersecurity,SaaS,8,207.38999938964844,-0.0117697570452656,0.1196954865718209,0.0851297859362376,194.62849960327148,184.8519995117188,134.37432498931884,True,True,True,211.22000122070312,87.5625,-0.0181327611443991,6760625.0,8376271.25,0.8071162929447874,2026-08-06
2026-08-06,FLNC,Fluence Energy,Industrials,Energy Storage,AI Infrastructure,Energy Storage,Grid Storage,6,13.210000038146973,-0.0716795177021528,-0.0193021695417668,-0.1388526788300965,14.297999954223632,18.722799911499024,18.82132500171661,False,False,False,32.22999954223633,6.75,-0.5901334090670491,28465098.0,8646854.9,3.2919597158962386,2026-08-06
2026-08-06,BE,Bloom Energy,Industrials,Fuel Cells & Distributed Power,AI Infrastructure,Power,On-site Power Generation,6,228.9600067138672,-0.0229163789323875,0.1054461766683738,-0.0996106305440173,213.3860000610352,255.0046005249024,180.98090061187744,True,False,True,345.8500061035156,36.79999923706055,-0.3379788848540958,11031761.0,17677823.05,0.6240452214504998,2026-08-06
2026-08-06,KLAC,KLA,Technology,Semicap Equipment,AI Infrastructure,Equipment,Process Control & Metrology,9,193.22000122070312,0.0021784137048617,0.0714800602160734,-0.1264128419430031,205.0790008544922,221.3847802734375,163.97581172943114,False,False,True,301.7099914550781,84.03206634521484,-0.3595836840243595,11456435.0,12017691.75,0.9532974583076654,2026-08-06
2026-08-06,RMBS,Rambus,Technology,Semiconductor IP,AI Infrastructure,Memory Interface,Memory & IP,7,97.68000030517578,0.0039054187204479,0.090421950307586,-0.1090842680687013,98.56700019836424,121.11920043945312,109.11344993591308,False,False,False,170.66000366210938,69.68000030517578,-0.4276339024428188,1760202.0,2847470.1,0.6181634707946538,2026-08-06
2026-08-06,LITE,Lumentum,Technology,Optical Components,AI Infrastructure,Optical,Connectivity,6,838.0599975585938,0.0142812040441311,0.2089031350820616,0.185207221742776,763.6274993896484,818.2155993652344,614.411849899292,True,True,True,1053.0899658203125,111.12999725341795,-0.204189551928946,4047735.0,4453716.75,0.9088442815767304,2026-08-06
2026-08-07,NVDA,NVIDIA,Technology,Semiconductor,AI Infrastructure,GPU,Compute,10,223.9600067138672,0.0226951052378427,0.1156164718000856,0.1044482101887294,206.81699829101564,206.04868347167968,193.7998762512207,True,True,True,235.465576171875,164.97772216796875,-0.0488630637440161,104730601.0,127176775.05,0.8235041418437037,2026-08-07
2026-08-07,AVGO,Broadcom,Technology,Semiconductor,AI Infrastructure,Networking,Connectivity,9,427.760009765625,0.0170958516208776,0.0988491859509701,0.0664406905520051,391.8575012207031,394.8319494628906,366.58759292602537,True,True,True,480.8090515136719,287.4935302734375,-0.110332868279079,12344165.0,18941983.25,0.6516828167926925,2026-08-07
2026-08-07,ANET,Arista,Technology,Networking Equipment,AI Infrastructure,Networking,Connectivity,8,188.6699981689453,-0.0189788322393319,0.0461324745431628,0.0215496002757471,177.2860008239746,170.54720031738282,147.02534976959228,True,True,True,197.3099975585937,116.12999725341795,-0.0437889589810708,6028973.0,8028303.65,0.7509647445883539,2026-08-07
2026-08-07,CRDO,Credo,Technology,Semiconductor,AI Infrastructure,Optical,Connectivity,7,249.88999938964844,0.0844508411769457,0.2072563542103058,-0.0593261617501753,218.5735000610352,236.3156997680664,168.39295028686524,True,True,True,302.5199890136719,87.80999755859375,-0.173971940814942,4180136.0,5651786.8,0.7396131786145932,2026-08-07
2026-08-07,TSM,TSMC,Technology,Semiconductor Foundry,AI Infrastructure,Foundry,Manufacturing,9,420.0400085449219,0.0043997998187041,0.0390600087691326,-0.0387220414706908,409.290998840332,425.67773193359375,358.9664169311524,True,False,True,477.5700073242188,224.84336853027344,-0.1204640113428232,9134337.0,15034736.85,0.6075488444614846,2026-08-07
2026-08-07,ASML,ASML,Technology,Semicap Equipment,AI Infrastructure,Equipment,Manufacturing Equipment,10,1740.989990234375,0.0214859421499435,0.0687476919793586,-0.0338136989735,1713.7071472167968,1758.6926684570312,1404.951267700195,True,False,True,1986.870361328125,716.5901489257812,-0.1237525990016736,1053149.0,1931762.45,0.5451752103370681,2026-08-07
2026-08-07,VRT,Vertiv,Industrials,Electrical Equipment,AI Infrastructure,Power,Power Infrastructure,7,272.3999938964844,-0.010066574830391,0.1276234037236572,-0.1590516713865967,279.85899887084963,300.6927432250977,248.6159852600097,False,False,True,376.1517333984375,121.68596649169922,-0.2758241695833272,3514571.0,6429278.55,0.5466509146660009,2026-08-07
2026-08-07,ETN,Eaton,Industrials,Electrical Equipment,AI Infrastructure,Power,Power Infrastructure,8,448.6799926757813,0.0010932645344738,0.0806357887389845,0.1055861013756935,411.6990020751953,408.7338000488281,374.7536325073242,True,True,True,448.6799926757813,313.9706420898437,0.0,1485613.0,2513965.65,0.5909440329862901,2026-08-07
2026-08-07,GEV,GE Vernova,Industrials,Power Equipment,AI Infrastructure,Power,Grid Infrastructure,7,990.3200073242188,-0.0099769874942911,3.032374106703984e-05,-0.0789948493108384,1014.6640045166016,1021.1802856445312,845.7302255249024,False,False,True,1174.8599853515625,546.9464721679688,-0.1570740176091046,2007838.0,2810581.9,0.7143851598845065,2026-08-07
2026-08-07,CEG,Constellation Energy,Utilities,Power Generation,AI Infrastructure,Energy,Power Supply,6,269.8900146484375,0.0336652942912494,0.0271741756362988,0.0763739679976815,263.3997512817383,260.9173010253906,304.36022171020505,True,True,False,402.3219299316406,236.5,-0.3291690197094274,2506453.0,2861587.65,0.8758959383962955,2026-08-07
2026-08-07,NBIS,Nebius,Technology,AI Cloud Infrastructure,AI Infrastructure,NeoCloud,AI Cloud,7,187.97000122070312,-0.0100590036496374,-0.0128144655978061,-0.1305735250972147,194.9910011291504,223.53580047607423,143.36817554473876,False,False,True,286.69000244140625,64.05999755859375,-0.3443440663435047,22612616.0,23487215.8,0.9627627298421636,2026-08-07
2026-08-07,CRWV,CoreWeave,Technology,AI Cloud Infrastructure,AI Infrastructure,NeoCloud,AI Cloud,8,90.66999816894533,0.0625805252935927,0.2633412625038043,0.010813837833939,78.14400024414063,92.13219985961912,93.64867488861084,True,False,False,148.75,60.81999969482422,-0.3904537938222163,18500082.0,26704604.1,0.6927675067087027,2026-08-07
2026-08-07,MRVL,Marvell,Technology,Semiconductor,AI Infrastructure,Networking,Connectivity,8,218.72000122070312,0.0388525135148709,0.166133525632911,-0.1006948925501086,199.5599998474121,240.8528381347656,138.07128784179687,True,False,True,316.3519592285156,62.17753219604492,-0.3086181550634508,19380429.0,23962496.45,0.808781716063645,2026-08-07
2026-08-07,COHR,Coherent,Technology,Optical Components,AI Infrastructure,Optical,Connectivity,7,379.1300048828125,0.1343725794329493,0.4421620592544095,0.158568684136902,294.2300033569336,342.9756005859375,260.35260051727295,True,True,True,426.8900146484375,86.55000305175781,-0.1118789574053575,9996793.0,5400664.65,1.8510301320042155,2026-08-07
2026-08-07,NOK,Nokia,Technology,Telecom Infrastructure,AI Infrastructure,AI-RAN,Telecom Edge,5,9.359999656677246,-0.0074231862389351,0.0240699458523776,-0.2744186098089473,9.872999954223634,12.342599964141844,9.264149992465972,False,False,True,16.850000381469727,4.099999904632568,-0.4445104187077278,48273982.0,98421084.1,0.4904841522671259,2026-08-07
2026-08-07,TEAM,Atlassian,Technology,Enterprise Software,Software,Developer Tools,SaaS,8,149.07000732421875,0.353090767012816,0.4757215089336006,0.6433690753915564,99.39825057983398,93.70110000610352,108.04404998779296,True,True,True,182.3600006103516,57.150001525878906,-0.1825509605983359,20000013.0,5071890.65,3.943305244563977,2026-08-07
2026-08-07,DDOG,Datadog,Technology,Observability Software,Software,Cloud Software,SaaS,9,233.92999267578125,0.0202363798051061,-0.1270291763624919,-0.1303717744394749,259.1530014038086,249.07620056152345,169.8951252746582,False,False,True,288.1499938964844,102.61499786376952,-0.1881658940453812,8357824.0,4874151.2,1.714723991327967,2026-08-07
2026-08-07,RDW,Redwire,Industrials,Space Infrastructure,Space Economy,Space Infrastructure,Space Hardware,6,13.59000015258789,0.1487743229275075,0.576566163922456,0.2979942508105093,9.462499976158142,12.725400037765503,10.089450008869171,True,True,True,25.89999961853028,5.059999942779541,-0.4752895616699213,32814704.0,18070560.2,1.8159206818613185,2026-08-07
2026-08-07,PL,Planet Labs,Technology,Earth Observation,Space Economy,Satellite Data,Space Software,6,23.93000030517578,0.0532570875171667,0.1684570722682119,-0.1202206016927438,22.33049983978272,28.857399940490723,26.06519997119904,True,False,False,51.400001525878906,6.380000114440918,-0.5344358055490039,5283399.0,7402104.95,0.7137698040879574,2026-08-07
2026-08-07,UUUU,Energy Fuels,Energy,Nuclear Fuel,Nuclear,Nuclear Fuel,Upstream Nuclear,6,14.140000343322754,0.0961240900357294,0.2360140613614418,0.048183883115864,12.161999940872192,14.066200046539306,17.72605001449585,True,True,False,27.71999931335449,8.470000267028809,-0.4898989648780181,11952696.0,7392819.8,1.6167979638838217,2026-08-07
2026-08-07,SMR,NuScale Power,Industrials,Small Modular Reactor,Nuclear,SMR,Reactor Developer,6,9.81999969482422,0.0369587558528361,0.1662707370362022,0.0874861556162072,8.57300009727478,9.76260004043579,15.49479998588562,True,True,False,53.43000030517578,7.590000152587891,-0.8162081295389221,28795291.0,31177639.55,0.9235879115806892,2026-08-07
2026-08-07,OKLO,Oklo,Industrials,Advanced Nuclear,Nuclear,SMR,Reactor Developer,7,48.41999816894531,0.1476653174928603,0.2469738832260608,-0.0172519237045069,42.56200046539307,51.27860008239746,72.63574985504151,True,False,False,174.13999938964844,36.84000015258789,-0.7219478675855354,18859180.0,9301244.0,2.027597598772809,2026-08-07
2026-08-07,RGTI,Rigetti Computing,Technology,Quantum Computing,Quantum,Quantum Hardware,Quantum Hardware,4,17.940000534057617,0.0852994427611391,0.20000005103274,0.0559152899198027,15.330000162124634,18.547400074005125,21.139750046730043,True,False,False,56.34000015258789,12.899999618530272,-0.6815761362181401,29843427.0,22392331.35,1.3327521164963467,2026-08-07
2026-08-07,QBTS,D-Wave Quantum,Technology,Quantum Computing,Quantum,Quantum Hardware,Quantum Hardware,4,20.76000022888184,0.0698273380205978,0.1482301060002677,-0.0189035737908662,18.37299995422364,21.986599960327148,22.655949940681456,True,False,False,44.77999877929688,12.979999542236328,-0.5364001609021972,16227426.0,19590886.3,0.8283150517799697,2026-08-07
2026-08-07,IONQ,IonQ,Technology,Quantum Computing,Quantum,Quantum Hardware,Quantum Hardware,6,44.43000030517578,0.1185800337291449,0.2192645987810346,-0.007594374561346,36.7774998664856,48.67580005645752,45.62785001754761,True,False,False,82.08999633789062,26.59000015258789,-0.4587647425114083,28072130.0,21718791.5,1.2925272568687811,2026-08-07
2026-08-07,MU,Micron,Technology,Memory,AI Infrastructure,Memory,HBM,9,877.5700073242188,-0.0044243859785664,0.0662673002028102,-0.1150316704037599,888.2645050048828,970.8658251953124,534.859986038208,False,False,True,1213.3734130859375,115.60446166992188,-0.2767519068245279,33885278.0,45572143.9,0.7435524226017377,2026-08-07
2026-08-07,SNDK,Sandisk,Technology,Memory,AI Infrastructure,Memory,NAND,6,1212.2099609375,-0.036843106307322,-0.0021566764172462,-0.3476674820146531,1393.0574829101563,1688.094794921875,872.2508486175537,False,False,True,2335.0,43.369998931884766,-0.4808522651231263,13568672.0,17031698.6,0.7966716837039377,2026-08-07
2026-08-07,ORCL,Oracle,Technology,Enterprise Software,AI Infrastructure,NeoCloud,AI Cloud,8,147.02000427246094,0.0247438699487898,0.1320552075157792,0.0229613347044868,129.46950035095216,159.92159225463868,178.20317623138428,True,False,False,324.6299743652344,114.98999786376952,-0.5471151283551783,17460565.0,37322133.25,0.4678340566184008,2026-08-07
2026-08-07,KEYS,Keysight Technologies,Technology,Electronic Test & Measurement,AI Infrastructure,Optical Test & Metrology,R&D Test & Standards,9,340.9700012207031,0.011900551600529,0.0686035338148036,0.0583542446826317,321.79599914550784,332.17219970703127,273.1391989898682,True,True,True,373.3399963378906,158.50999450683594,-0.0867037966323091,587491.0,1191884.55,0.4929093174334712,2026-08-07
2026-08-07,FORM,FormFactor,Technology,Semiconductor Test Equipment,AI Infrastructure,Optical Test & Metrology,Wafer-Level Test & Probing,8,117.38999938964844,0.018921971378347,0.1053672576550057,-0.017163454536628,108.1280002593994,122.15600021362305,95.70774965286256,True,False,True,159.92999267578125,27.850000381469727,-0.2659913414263214,630166.0,1405088.3,0.4484885398305572,2026-08-07
2026-08-07,AEHR,Aehr Test Systems,Technology,Semiconductor Test Equipment,AI Infrastructure,Optical Test & Metrology,Wafer & Package Burn-In,6,103.06999969482422,0.0333868247681636,0.2886971163885168,0.3524471976515759,85.03150062561035,91.50480010986328,54.92280003547668,True,True,True,116.58000183105467,17.3799991607666,-0.1158861033113456,1572292.0,3407469.6,0.4614250997279623,2026-08-07
2026-08-07,DELL,Dell Technologies,Technology,AI Server & Storage,AI Infrastructure,AI Servers,Systems & Storage,7,453.7699890136719,0.0368330751559435,0.1193970803944,0.0095504821919396,421.7445083618164,415.4798052978516,221.0837461853028,True,True,True,467.2699890136719,110.5447235107422,-0.0288912198887333,4724630.0,6376071.5,0.740993886282486,2026-08-07
2026-08-07,CLS,Celestica,Technology,Electronics Manufacturing Services,AI Infrastructure,AI Servers,Contract Manufacturing,7,317.8299865722656,0.0104918062053736,-0.0410632867755504,-0.10414908488124,332.0859970092773,358.7329974365234,328.9347496795654,False,False,False,472.3999938964844,181.33999633789065,-0.3272015438638833,3136362.0,3178188.1,0.9868396398564326,2026-08-07
2026-08-07,IREN,IREN Limited,Technology,AI Data Center & Bitcoin Mining,AI Infrastructure,NeoCloud,AI Cloud & Power Infrastructure,5,41.22999954223633,0.087002351977578,0.1203804455711623,-0.0117450063310075,37.8979998588562,47.17380001068116,47.48882503509522,True,False,False,76.41000366210938,17.729999542236328,-0.4604109728281338,30948090.0,46633754.5,0.6636413973487809,2026-08-07
2026-08-07,APH,Amphenol,Technology,Interconnect Components,AI Infrastructure,Connectivity,Connectors & Cables,8,169.17999267578125,-0.0083817357098323,0.0527691094497673,0.042776053671359,158.11649856567382,157.5846905517578,142.84919567108153,True,True,True,176.32000732421875,107.91442108154295,-0.0404946367504872,4941775.0,6960613.75,0.7099625374271055,2026-08-07
2026-08-07,GLW,Corning,Technology,Optical Fiber & Materials,AI Infrastructure,Optical,Optical Fiber & Materials,7,165.67999267578125,0.0540781295080803,0.198408626949593,-0.138787875711384,154.17099952697754,179.1247996520996,136.78608379364013,True,False,True,255.69000244140625,63.82233428955078,-0.3520278810519845,9363153.0,14389022.65,0.6507150087778895,2026-08-07
2026-08-07,CIEN,Ciena,Technology,Optical Networking Equipment,AI Infrastructure,Optical,Connectivity,7,412.3900146484375,0.0213740951904128,0.0937276965909181,-0.1080373363435949,394.5669998168945,445.8423986816407,357.1492497253418,True,False,True,627.0,86.63999938964844,-0.3422806783916468,1858064.0,1998308.2,0.9298185334974856,2026-08-07
2026-08-07,STX,Seagate Technology,Technology,Storage Hardware,AI Infrastructure,Storage,HDD Storage,6,812.760009765625,-0.0471188250966941,-0.0506581884408128,-0.0868788715261051,834.2079925537109,891.9062316894531,532.9958470916748,False,False,True,1093.260498046875,149.21792602539062,-0.2565724168964012,5891841.0,5713717.05,1.0311747936485585,2026-08-07
2026-08-07,STRL,Sterling Infrastructure,Industrials,Infrastructure Construction,AI Infrastructure,Data Center Construction,Construction & Site Infrastructure,6,547.0599975585938,0.0204819805228999,-0.0832984572711986,-0.2264094761102211,617.3675018310547,743.6492004394531,508.5962998962402,False,False,True,993.739990234375,273.82000732421875,-0.4494938284313496,495857.0,898862.85,0.5516492310256231,2026-08-07
2026-08-07,EQIX,Equinix,Real Estate,Data Center REIT,AI Infrastructure,Data Centers,Colocation & Interconnection,8,1042.6199951171875,-0.0097258803419675,0.0228984824086202,0.0074888633708261,1034.8830017089845,1051.5464013671874,931.3983981323242,True,False,True,1115.93994140625,718.5999145507812,-0.0657024124404656,430996.0,583874.8,0.7381650997782401,2026-08-07
2026-08-07,NET,Cloudflare,Technology,Edge Cloud & Security,Software,Edge Cloud & Security,SaaS & Edge Network,8,300.2699890136719,0.0556903165832671,0.0763136324788054,0.0887237211883842,276.8404998779297,257.0769995117187,215.25199996948243,True,True,True,301.3299865722656,160.19000244140625,-0.0035177300827295,8373097.0,3508844.85,2.3862830526690284,2026-08-07
2026-08-07,NOW,ServiceNow,Technology,Enterprise Software,Software,Workflow Automation,SaaS,9,124.87999725341795,0.0641670121619766,0.122718632424041,0.1473723029696878,108.3025001525879,107.31580047607422,123.34692001342772,True,True,True,192.22999572753903,83.0,-0.3503615459138902,25474844.0,25513782.2,0.998473836623094,2026-08-07
2026-08-07,SNOW,Snowflake,Technology,Data Cloud Software,Software,Data Cloud,SaaS,8,330.489990234375,0.0392766988502357,0.1268753123634589,0.2355228318816691,285.4814971923828,262.20059844970706,212.423150100708,True,True,True,330.489990234375,121.11000061035156,0.0,5438948.0,5068202.4,1.0731513011398282,2026-08-07
2026-08-07,APP,AppLovin,Technology,AdTech Software,Software,AdTech & AI Applications,Application Software,8,346.79998779296875,0.0331574877707403,-0.1240212348079847,-0.3336279755709255,410.8250030517578,478.5044012451172,515.0961761474609,False,False,False,733.5999755859375,335.6700134277344,-0.5272628144296565,7667885.0,7261139.25,1.0560167951606216,2026-08-07
2026-08-07,CRWD,CrowdStrike,Technology,Cybersecurity Software,Software,Cybersecurity,SaaS,8,214.4199981689453,0.0338974820386048,0.1234412526629529,0.0807459917605613,195.9904998779297,185.91359954833985,134.81691249847412,True,True,True,214.4199981689453,87.5625,0.0,5655347.0,8203082.35,0.6894173139685719,2026-08-07
2026-08-07,FLNC,Fluence Energy,Industrials,Energy Storage,AI Infrastructure,Energy Storage,Grid Storage,6,13.19499969482422,-0.0011355293928415,-0.052763861755155,-0.2117682272857733,14.149749946594238,18.562299919128417,18.79504999637604,False,False,False,32.22999954223633,6.75,-0.5905988246281972,8422401.0,8656180.05,0.972992815693569,2026-08-07
2026-08-07,BE,Bloom Energy,Industrials,Fuel Cells & Distributed Power,AI Infrastructure,Power,On-site Power Generation,6,219.33999633789065,-0.0420161167622551,0.0657402407064551,-0.146603354938969,212.1224998474121,253.5154006958008,181.5323006057739,True,False,True,345.8500061035156,36.79999923706055,-0.3657944413271444,14771523.0,17712556.15,0.8339577232617552,2026-08-07
2026-08-07,KLAC,KLA,Technology,Semicap Equipment,AI Infrastructure,Equipment,Process Control & Metrology,9,198.1100006103516,0.0253079358180052,0.0836341356174275,-0.1368508325087989,203.40850067138672,221.43260040283204,164.39236164093018,False,False,True,301.7099914550781,84.03205871582031,-0.3433760690028445,7785770.0,12124638.5,0.6421445059990861,2026-08-07
2026-08-07,RMBS,Rambus,Technology,Semiconductor IP,AI Infrastructure,Memory Interface,Memory & IP,7,101.5199966430664,0.039312001698337,0.1152367132202498,-0.1104880479612375,98.03800010681152,120.17640029907228,109.13219993591308,True,False,False,170.66000366210938,69.68000030517578,-0.4051330454435805,1875183.0,2845734.15,0.6589452496818792,2026-08-07
2026-08-07,LITE,Lumentum,Technology,Optical Components,AI Infrastructure,Optical,Connectivity,6,890.1699829101562,0.0621793016053353,0.2468414430709999,0.1328632561486449,768.035498046875,817.9727990722656,618.0576998138428,True,True,True,1053.0899658203125,114.62000274658205,-0.1547066140576588,5733938.0,4561246.9,1.2570987990148044,2026-08-07
2026-08-10,NVDA,NVIDIA,Technology,Semiconductor,AI Infrastructure,GPU,Compute,10,217.5500030517578,-0.0286211978476087,0.0527971529923256,0.0312381310587881,207.51799850463868,206.1196719360352,193.9829800415039,True,True,True,235.465576171875,164.97772216796875,-0.0760857421767671,108135773.0,126550168.65,0.8544893630214849,2026-08-10
2026-08-10,AVGO,Broadcom,Technology,Semiconductor,AI Infrastructure,Networking,Connectivity,9,422.3999938964844,-0.0125304276855553,0.0769191088521981,0.0560791874573722,393.7750015258789,394.7618310546875,366.9958410644532,True,True,True,480.8090515136719,287.4934997558594,-0.1214807779373234,13766512.0,18682375.6,0.736871599990742,2026-08-10
2026-08-10,ANET,Arista,Technology,Networking Equipment,AI Infrastructure,Networking,Connectivity,8,191.5200042724609,0.0151057726780894,0.0358591860279042,0.0243902299681268,177.80450134277345,171.2722003173828,147.25324977874754,True,True,True,197.3099975585937,116.12999725341795,-0.0293446523631596,4457437.0,7852376.85,0.5676544930469046,2026-08-10
2026-08-10,CRDO,Credo,Technology,Semiconductor,AI Infrastructure,Optical,Connectivity,7,239.9349975585937,-0.0398375359372907,0.0988550073355394,-0.06926184256368,218.72624969482425,236.667399597168,168.87177528381346,True,True,True,302.5199890136719,87.80999755859375,-0.2068788633079373,4280454.0,5532417.7,0.7737040534737643,2026-08-10
2026-08-10,TSM,TSMC,Technology,Semiconductor Foundry,AI Infrastructure,Foundry,Manufacturing,9,418.4700012207031,-0.0037377566238451,0.0304351439633792,-0.036027699566029,409.13549957275393,425.56978515625,359.59772964477537,True,False,True,477.5700073242188,224.84336853027344,-0.1237515028103367,11748369.0,14906223.45,0.7881519446832123,2026-08-10
2026-08-10,ASML,ASML,Technology,Semicap Equipment,AI Infrastructure,Equipment,Manufacturing Equipment,10,1733.47998046875,-0.0043136432763831,0.0553782966757741,-0.0342721376067546,1714.1906127929688,1761.288349609375,1408.527104797363,True,False,True,1986.870361328125,716.590087890625,-0.1275324177114384,1094795.0,1916044.75,0.5713827925991812,2026-08-10
2026-08-10,VRT,Vertiv,Industrials,Electrical Equipment,AI Infrastructure,Power,Power Infrastructure,7,270.1000061035156,-0.0084434208682205,0.0268010592575869,-0.1529197186479389,278.070499420166,299.81245086669924,249.09320083618164,False,False,True,376.1517333984375,121.68595123291016,-0.2819386909021284,2843682.0,6405069.1,0.4439736645464137,2026-08-10
2026-08-10,ETN,Eaton,Industrials,Electrical Equipment,AI Infrastructure,Power,Power Infrastructure,8,444.9599914550781,-0.0082909897508873,0.0178553415200914,0.0952041899509321,412.8985473632813,408.6327807617188,374.2174531555176,True,True,True,448.6799926757813,313.2000427246094,-0.0082909897508873,998376.0,2491543.8,0.4007057792843136,2026-08-10
2026-08-10,GEV,GE Vernova,Industrials,Power Equipment,AI Infrastructure,Power,Grid Infrastructure,7,990.8499755859376,0.0005351484952329,-0.0158032043638596,-0.0922707436619485,1012.0765045166016,1021.0874584960936,847.7632385253906,False,False,True,1174.8599853515625,546.9464721679688,-0.1566229270380352,1578929.0,2800006.45,0.5639019152973737,2026-08-10
2026-08-10,CEG,Constellation Energy,Utilities,Power Generation,AI Infrastructure,Energy,Power Supply,6,270.42999267578125,0.0020007336249439,-0.0119834820857651,0.0757816350661995,264.0427505493164,260.5997009277344,303.92565147399904,True,True,False,402.3219604492188,236.5,-0.3278269165972732,1886748.0,2823107.4,0.6683231392471998,2026-08-10
2026-08-10,NBIS,Nebius,Technology,AI Cloud Infrastructure,AI Infrastructure,NeoCloud,AI Cloud,7,184.1100006103516,-0.0205351948996339,-0.1339260559576498,-0.1618028421292919,193.67100143432617,222.69120056152343,143.76732555389404,False,False,True,286.69000244140625,64.05999755859375,-0.3578080887282423,14681785.0,23683449.25,0.6199175147598064,2026-08-10
2026-08-10,CRWV,CoreWeave,Technology,AI Cloud Infrastructure,AI Infrastructure,NeoCloud,AI Cloud,8,88.19000244140625,-0.0273518890219682,0.0283348909123826,-0.0077632181968275,78.38800048828125,91.75879989624023,93.4643249130249,True,False,False,148.75,60.81999969482422,-0.4071260340073529,20187774.0,26787538.7,0.7536255654574192,2026-08-10
2026-08-10,MRVL,Marvell,Technology,Semiconductor,AI Infrastructure,Networking,Connectivity,8,208.5599975585937,-0.0464521013414646,0.0762720552812592,-0.1155591377894356,199.11149978637687,240.9284484863281,138.69340492248534,True,False,True,316.3519592285156,62.177528381347656,-0.3407342945900922,20416603.0,23714520.15,0.8609325793168116,2026-08-10
2026-08-10,COHR,Coherent,Technology,Optical Components,AI Infrastructure,Optical,Connectivity,7,325.1499938964844,-0.1423786307892278,0.1284444275926171,0.0020030628551135,295.1180023193359,341.9396002197266,261.37440048217775,True,False,True,426.8900146484375,86.55000305175781,-0.2383284154250843,9280866.0,5765703.3,1.609667635863261,2026-08-10
2026-08-10,NOK,Nokia,Technology,Telecom Infrastructure,AI Infrastructure,AI-RAN,Telecom Edge,5,9.130000114440918,-0.024572601567592,-0.024572601567592,-0.2660771364624431,9.744999980926512,12.21959997177124,9.281899993419648,False,False,False,16.850000381469727,4.099999904632568,-0.4581602428637713,42399545.0,95431982.25,0.4442907293796677,2026-08-10
2026-08-10,TEAM,Atlassian,Technology,Enterprise Software,Software,Developer Tools,SaaS,8,151.8699951171875,0.0187830392124348,0.4643717718432156,0.7090928885217194,102.18375015258788,94.87269989013672,107.95984992980956,True,True,True,182.3600006103516,57.150001525878906,-0.1671967832370873,8644639.0,5235466.95,1.6511686698738497,2026-08-10
2026-08-10,DDOG,Datadog,Technology,Observability Software,Software,Cloud Software,SaaS,9,260.7799987792969,0.1147779547051446,-0.0468567508707158,0.0125805316722658,259.1800018310547,249.78700042724608,170.4177752685547,True,True,True,288.1499938964844,102.61499786376952,-0.0949852358040304,8413479.0,5092888.95,1.6520051944191714,2026-08-10
2026-08-10,RDW,Redwire,Industrials,Space Infrastructure,Space Economy,Space Infrastructure,Space Hardware,6,13.119999885559082,-0.0345842723879078,0.3609957902799023,0.288801521831834,9.638999962806702,12.46980004310608,10.115200009346008,True,True,True,25.89999961853028,5.059999942779541,-0.4934362903939072,18841504.0,18150090.2,1.0380942349256204,2026-08-10
2026-08-10,PL,Planet Labs,Technology,Earth Observation,Space Economy,Satellite Data,Space Software,6,23.100000381469727,-0.0346844928174336,0.0729214883768234,-0.1132437213815326,22.187499904632567,28.29139991760254,26.116149973869323,True,False,False,51.400001525878906,6.380000114440918,-0.5505836635074939,4342386.0,7333534.3,0.5921273184745315,2026-08-10
2026-08-10,UUUU,Energy Fuels,Energy,Nuclear Fuel,Nuclear,Nuclear Fuel,Upstream Nuclear,6,14.289999961853027,0.0106081764418843,0.1761317210297672,0.0522827718803999,12.2239999294281,13.983200035095216,17.694350018501282,True,True,False,27.71999931335449,8.470000267028809,-0.4844877230942562,6371799.0,7353779.95,0.866465823470826,2026-08-10
2026-08-10,SMR,NuScale Power,Industrials,Small Modular Reactor,Nuclear,SMR,Reactor Developer,6,9.18000030517578,-0.0651730559610668,0.0188679325166944,0.0154867637072486,8.614500093460084,9.70240005493164,15.348849992752076,True,False,False,53.43000030517578,7.590000152587891,-0.828186407397671,21579091.0,30373824.55,0.7104502419337244,2026-08-10
2026-08-10,OKLO,Oklo,Industrials,Advanced Nuclear,Nuclear,SMR,Reactor Developer,7,44.4900016784668,-0.0811647385191158,0.0793304308812412,-0.0892527519312832,42.49600048065186,50.806600189208986,72.1609998512268,True,False,False,174.13999938964844,36.84000015258789,-0.7445158962076379,14092459.0,9660592.95,1.4587571459575883,2026-08-10
2026-08-10,RGTI,Rigetti Computing,Technology,Quantum Computing,Quantum,Quantum Hardware,Quantum Hardware,4,17.649999618530273,-0.0161650449773844,0.1017477599369647,0.0671099541452195,15.444500160217284,18.35980005264282,21.028000044822694,True,False,False,56.34000015258789,12.899999618530272,-0.6867234722980464,17566071.0,21957103.55,0.8000176781058174,2026-08-10
2026-08-10,QBTS,D-Wave Quantum,Technology,Quantum Computing,Quantum,Quantum Hardware,Quantum Hardware,4,20.190000534057617,-0.0274566323959486,0.0105105603920241,0.0049776197466502,18.449499988555907,21.80059997558594,22.5959499502182,True,False,False,44.77999877929688,12.979999542236328,-0.5491290512631266,13123074.0,19395408.7,0.67660724262026,2026-08-10
2026-08-10,IONQ,IonQ,Technology,Quantum Computing,Quantum,Quantum Hardware,Quantum Hardware,6,42.52999877929688,-0.0427639323166416,0.0947233062988952,-0.0076995293130019,36.95999975204468,48.12360004425049,45.54300001144409,True,False,False,82.08999633789062,26.59000015258789,-0.4819100904300305,16875591.0,21684404.55,0.7782363108513395,2026-08-10
2026-08-10,MU,Micron,Technology,Memory,AI Infrastructure,Memory,HBM,9,861.0,-0.0188816928403717,0.0379746835443037,-0.1208005608777544,884.4645050048828,969.6182653808594,538.1545250701904,False,False,True,1213.3734130859375,115.60445404052734,-0.2904080551672517,26187104.0,45132535.2,0.5802267451618804,2026-08-10
2026-08-10,SNDK,Sandisk,Technology,Memory,AI Infrastructure,Memory,NAND,6,1237.9200439453125,0.0212092655862428,-0.0389043610876969,-0.353876980483927,1371.2549865722656,1680.0203955078125,877.6939988708496,False,False,True,2335.0,43.369998931884766,-0.4698415229356263,10437914.0,16874275.7,0.6185696017755595,2026-08-10
2026-08-10,ORCL,Oracle,Technology,Enterprise Software,AI Infrastructure,NeoCloud,AI Cloud,8,151.0500030517578,0.0274112274668989,0.0648572192624965,0.074018797691175,130.4450008392334,158.8827165222168,177.59581874847413,True,False,False,324.62994384765625,114.98999786376952,-0.5347009543807111,21279163.0,35818973.15,0.5940751821915364,2026-08-10
2026-08-10,KEYS,Keysight Technologies,Technology,Electronic Test & Measurement,AI Infrastructure,Optical Test & Metrology,R&D Test & Standards,9,335.4100036621094,-0.0163064127010835,0.0420018900817353,0.0414842924252156,322.525,332.0977996826172,273.9795490264893,True,True,True,373.3399963378906,158.50999450683594,-0.1015963814427554,671436.0,1168591.8,0.5745684677917473,2026-08-10
2026-08-10,FORM,FormFactor,Technology,Semiconductor Test Equipment,AI Infrastructure,Optical Test & Metrology,Wafer-Level Test & Probing,8,112.47000122070312,-0.0419115614151639,0.033731599871366,-0.0429713713973393,108.23650016784669,121.80100021362304,96.05249965667724,True,False,True,159.92999267578125,27.850000381469727,-0.2967547903993942,983205.0,1403575.25,0.700500382861553,2026-08-10
2026-08-10,AEHR,Aehr Test Systems,Technology,Semiconductor Test Equipment,AI Infrastructure,Optical Test & Metrology,Wafer & Package Burn-In,6,106.1999969482422,0.0303676847063689,0.1579980155754119,0.4628099060649169,86.94050064086915,91.62900009155274,55.324200019836425,True,True,True,116.58000183105467,17.3799991607666,-0.0890376112521853,3056197.0,3488259.85,0.8761379975749226,2026-08-10
2026-08-10,DELL,Dell Technologies,Technology,AI Server & Storage,AI Infrastructure,AI Servers,Systems & Storage,7,457.8800048828125,0.0090574872041984,0.0672696298731687,0.0544098165069208,423.3182403564453,418.3068664550781,222.6327688598633,True,True,True,467.2699890136719,110.5447235107422,-0.0200954145389906,4326367.0,6383043.35,0.6777906341494611,2026-08-10
2026-08-10,CLS,Celestica,Technology,Electronics Manufacturing Services,AI Infrastructure,AI Servers,Contract Manufacturing,7,314.5899963378906,-0.0101940986415965,-0.0799040888877226,-0.1257746533220993,330.55649719238284,358.0043975830078,329.18424964904784,False,False,False,472.3999938964844,181.33999633789065,-0.3340601176916488,2265827.0,3233976.35,0.7006319016525894,2026-08-10
2026-08-10,IREN,IREN Limited,Technology,AI Data Center & Bitcoin Mining,AI Infrastructure,NeoCloud,AI Cloud & Power Infrastructure,5,38.7400016784668,-0.0603928666363131,-0.0254087628058667,-0.0583373297712183,37.88599996566772,46.66759998321533,47.40655004501343,True,False,False,76.41000366210938,17.729999542236328,-0.4929983009845423,31066804.0,46445485.2,0.6688874896283783,2026-08-10
2026-08-10,APH,Amphenol,Technology,Interconnect Components,AI Infrastructure,Connectivity,Connectors & Cables,8,167.6999969482422,-0.0087480540939338,0.0266927923846178,0.0543191218550451,158.70199813842774,157.98953979492188,143.0688516998291,True,True,True,176.32000732421875,107.91442108154295,-0.0488884415716136,3766859.0,6929777.95,0.5435757144281946,2026-08-10
2026-08-10,GLW,Corning,Technology,Optical Fiber & Materials,AI Infrastructure,Optical,Optical Fiber & Materials,7,157.75999450683594,-0.0478029847843121,0.0758319364666642,-0.1735554769172945,152.90349922180175,178.6261994934082,137.14755012512208,True,False,True,255.69000244140625,63.82233428955078,-0.383002882394715,7626460.0,14457098.0,0.5275235735415227,2026-08-10
2026-08-10,CIEN,Ciena,Technology,Optical Networking Equipment,AI Infrastructure,Optical,Connectivity,7,387.7000122070313,-0.0598705147176138,-0.0078308871996116,-0.1584910332093275,391.6800003051758,442.1927990722656,358.2391997528076,False,False,True,627.0,86.63999938964844,-0.3816586727160586,2019972.0,2039708.6,0.9903238139016524,2026-08-10
2026-08-10,STX,Seagate Technology,Technology,Storage Hardware,AI Infrastructure,Storage,HDD Storage,6,800.989990234375,-0.014481543616601,-0.0361827153425209,-0.1201199918659128,831.2244934082031,890.3241821289063,535.93337890625,False,False,True,1093.260498046875,150.44778442382812,-0.2673383958669002,4057809.0,5713180.45,0.7102539532074468,2026-08-10
2026-08-10,STRL,Sterling Infrastructure,Industrials,Infrastructure Construction,AI Infrastructure,Data Center Construction,Construction & Site Infrastructure,6,528.510009765625,-0.0339085070664153,-0.1356729928079786,-0.2253879922233824,610.7910034179688,737.3602001953125,509.4172499084473,False,False,True,993.739990234375,273.82000732421875,-0.4681606708400905,483201.0,903035.05,0.5350855429144196,2026-08-10
2026-08-10,EQIX,Equinix,Real Estate,Data Center REIT,AI Infrastructure,Data Centers,Colocation & Interconnection,8,1043.3800048828125,0.0007289422504692,0.0115761112181516,-0.0074485177515865,1035.0755004882812,1051.0252026367189,932.5721795654296,True,False,True,1115.93994140625,718.5999145507812,-0.0650213634543819,532953.0,597147.65,0.8924978604537755,2026-08-10
2026-08-10,NET,Cloudflare,Technology,Edge Cloud & Security,Software,Edge Cloud & Security,SaaS & Edge Network,8,310.5899963378906,0.0343690934885565,0.0985004140391658,0.1571907727303374,278.8934997558593,258.7265994262696,215.74004997253417,True,True,True,310.5899963378906,160.19000244140625,0.0,6848483.0,3764939.15,1.819015587542763,2026-08-10
2026-08-10,NOW,ServiceNow,Technology,Enterprise Software,Software,Workflow Automation,SaaS,9,127.44000244140624,0.0204997216871591,0.1160346765628532,0.1831770822081257,109.11150016784669,107.69000045776367,123.04262001037596,True,True,True,192.22999572753903,83.0,-0.3370441384078485,14679152.0,25476207.6,0.5761906257978522,2026-08-10
2026-08-10,SNOW,Snowflake,Technology,Data Cloud Software,Software,Data Cloud,SaaS,8,334.70001220703125,0.0127387276379251,0.0883491481663008,0.2801682791355022,288.7839981079102,264.1105987548828,212.85905014038087,True,True,True,334.70001220703125,121.11000061035156,0.0,3912379.0,5092748.95,0.7682253805187078,2026-08-10
2026-08-10,APP,AppLovin,Technology,AdTech Software,Software,AdTech & AI Applications,Application Software,8,339.0,-0.0224913150735898,-0.1653535627746861,-0.331334583901096,405.632502746582,473.2866009521484,514.0279760742187,False,False,False,733.5999755859375,335.6700134277344,-0.5378952954173213,6216218.0,7057665.9,0.8807753282852337,2026-08-10
2026-08-10,CRWD,CrowdStrike,Technology,Cybersecurity Software,Software,Cybersecurity,SaaS,8,225.1600036621093,0.0500886371834674,0.1116816980635559,0.2029063600409162,197.85299987792968,187.06179962158205,135.3127750015259,True,True,True,225.1600036621093,87.5625,0.0,8052909.0,8293130.45,0.97103368246185,2026-08-10
2026-08-10,FLNC,Fluence Energy,Industrials,Energy Storage,AI Infrastructure,Energy Storage,Grid Storage,6,12.649999618530272,-0.041303530799453,-0.1311813699203662,-0.2172029865114098,14.024249935150149,18.38809989929199,18.77699999332428,False,False,False,32.22999954223633,6.75,-0.6075085386844987,5124369.0,8525003.45,0.6010987596726428,2026-08-10
2026-08-10,BE,Bloom Energy,Industrials,Fuel Cells & Distributed Power,AI Infrastructure,Power,On-site Power Generation,6,210.6300048828125,-0.0397100009141081,-0.0352235351017835,-0.1389149897500187,210.97949981689453,251.92780059814453,182.0635506439209,False,False,True,345.8500061035156,37.650001525878906,-0.390978744641776,8977519.0,17673010.95,0.5079790322882135,2026-08-10
2026-08-10,KLAC,KLA,Technology,Semicap Equipment,AI Infrastructure,Equipment,Process Control & Metrology,9,192.7400054931641,-0.0271061284167545,0.0546648727396117,-0.1675017193488783,201.93300094604493,221.43214050292968,164.78477996826172,False,False,True,301.7099914550781,84.03205871582031,-0.3611746015979676,8838431.0,12128431.55,0.72873651993361,2026-08-10
2026-08-10,RMBS,Rambus,Technology,Semiconductor IP,AI Infrastructure,Memory Interface,Memory & IP,7,95.88999938964844,-0.0554570275766699,0.0399089072954503,-0.1446030268074876,97.67700004577635,119.13380020141602,109.12409992218018,False,False,False,170.66000366210938,69.68000030517578,-0.4381225985468655,1881567.0,2799683.35,0.6720642175480309,2026-08-10
2026-08-10,LITE,Lumentum,Technology,Optical Components,AI Infrastructure,Optical,Connectivity,6,813.510009765625,-0.0861183533665259,0.0431086364560557,0.0143389731549119,770.3034973144531,817.0305993652344,621.3104998779297,True,False,True,1053.0899658203125,114.62000274658205,-0.2275018885666286,6050448.0,4682842.4,1.2920460445134774,2026-08-10
2026-08-11,NVDA,NVIDIA,Technology,Semiconductor,AI Infrastructure,GPU,Compute,10,217.5,-0.0002298462470989,0.026233827944448,0.0686385363557726,207.8029983520508,206.25178771972656,194.1702283477784,True,True,True,235.465576171875,164.97772216796875,-0.0762981004015689,95707655.0,125511897.75,0.7625385060357754,2026-08-11
2026-08-11,AVGO,Broadcom,Technology,Semiconductor,AI Infrastructure,Networking,Connectivity,9,416.0799865722656,-0.0149621387678513,-0.0049742133911125,0.0834005983527421,395.1235015869141,394.1621502685547,367.38422302246096,True,True,True,480.8090515136719,287.4935302734375,-0.13462530444805,12814188.0,18322444.4,0.6993710948305566,2026-08-11
2026-08-11,ANET,Arista,Technology,Networking Equipment,AI Infrastructure,Networking,Connectivity,8,197.8500061035156,0.033051387269444,0.038528223234064,0.092188864309729,178.5685012817383,172.03980041503905,147.50954982757568,True,True,True,197.8500061035156,116.12999725341795,0.0,5207498.0,7783569.9,0.669037224166253,2026-08-11
2026-08-11,CRDO,Credo,Technology,Semiconductor,AI Infrastructure,Optical,Connectivity,7,247.69000244140625,0.0323212743523115,0.0410642415419124,0.0456349093877366,219.30175018310547,236.9005996704101,169.4242253112793,True,True,True,302.5199890136719,87.80999755859375,-0.181244177454296,2376561.0,5445943.05,0.4363910856541182,2026-08-11
2026-08-11,TSM,TSMC,Technology,Semiconductor Foundry,AI Infrastructure,Foundry,Manufacturing,9,422.05999755859375,0.0085788618716238,0.0117218015999762,0.0011386000322997,409.2189987182617,425.6615380859375,360.2749230957031,True,False,True,477.5700073242188,224.8433532714844,-0.1162342879877288,9675813.0,14678155.65,0.6591981466009321,2026-08-11
2026-08-11,ASML,ASML,Technology,Semicap Equipment,AI Infrastructure,Equipment,Manufacturing Equipment,10,1799.3800048828125,0.0380160285417559,0.0511072495813011,0.0438385359244446,1715.49228515625,1765.062412109375,1412.4992575073245,True,True,True,1986.870361328125,721.100341796875,-0.0943646652013996,1459568.0,1863233.4,0.7833522091220564,2026-08-11
2026-08-11,VRT,Vertiv,Industrials,Electrical Equipment,AI Infrastructure,Power,Power Infrastructure,7,281.8099975585937,0.0433542806014979,0.0440114296490268,-0.078660862270507,276.98199996948244,299.13576446533204,249.64500297546385,True,False,True,376.1517333984375,121.68595886230467,-0.2508076594184203,3677051.0,6411792.55,0.5734825279086735,2026-08-11
2026-08-11,ETN,Eaton,Industrials,Electrical Equipment,AI Infrastructure,Power,Power Infrastructure,8,459.2900085449219,0.0322051810612964,0.0351868248980824,0.1429068839377316,415.1380401611328,409.8262451171875,374.7307846069336,True,True,True,459.2900085449219,313.2000427246094,0.0,1807756.0,2505832.8,0.721419242337318,2026-08-11
2026-08-11,GEV,GE Vernova,Industrials,Power Equipment,AI Infrastructure,Power,Grid Infrastructure,7,1011.8800048828124,0.0212242315335768,-0.0065290410913591,-0.0294647721297522,1009.370004272461,1021.9685485839844,849.947967224121,True,False,True,1174.8599853515625,546.9464721679688,-0.1387228967713801,1629300.0,2793400.0,0.5832677024414692,2026-08-11
2026-08-11,CEG,Constellation Energy,Utilities,Power Generation,AI Infrastructure,Energy,Power Supply,6,278.3599853515625,0.0293236434217876,0.0415715073959308,0.0807158342825768,265.13925018310545,260.41190063476563,303.5742060852051,True,True,False,402.3219604492188,236.5,-0.3081163527818481,2613172.0,2795228.6,0.934868797492985,2026-08-11
2026-08-11,NBIS,Nebius,Technology,AI Cloud Infrastructure,AI Infrastructure,NeoCloud,AI Cloud,7,193.22999572753903,0.0495355770297831,-0.1440152785262932,-0.0820863580362486,193.62800140380853,221.9340005493164,144.24037551879883,False,False,True,286.69000244140625,64.05999755859375,-0.3259967418395364,19739205.0,23854410.25,0.827486607010123,2026-08-11
2026-08-11,CRWV,CoreWeave,Technology,AI Cloud Infrastructure,AI Infrastructure,NeoCloud,AI Cloud,8,90.31999969482422,0.0241523664185534,-0.0171926202918479,0.084143588304635,78.90700035095215,91.3745999145508,93.30827491760256,True,False,False,148.75,60.81999969482422,-0.3928067247406775,29581984.0,27006689.2,1.0953576642041707,2026-08-11
2026-08-11,MRVL,Marvell,Technology,Semiconductor,AI Infrastructure,Networking,Connectivity,8,212.3099975585937,0.0179804374947138,-0.0287295799648096,-0.0239966958580239,198.6049995422364,241.07565979003903,139.35029895782472,True,False,True,316.3519592285156,62.17753219604492,-0.3288804087815608,11992312.0,23307645.6,0.514522668046746,2026-08-11
2026-08-11,COHR,Coherent,Technology,Optical Components,AI Infrastructure,Optical,Connectivity,7,328.57000732421875,0.0105182638533991,0.0149507187274491,0.0689026697890784,296.0080032348633,341.2816003417969,262.4404005050659,True,False,True,426.8900146484375,86.55000305175781,-0.2303169527288886,4820289.0,5881349.45,0.8195889465469527,2026-08-11
2026-08-11,NOK,Nokia,Technology,Telecom Infrastructure,AI Infrastructure,AI-RAN,Telecom Edge,5,9.4399995803833,0.0339539388890102,-0.0483871463930442,-0.1924722053690805,9.631999969482422,12.111599960327148,9.30134999036789,False,False,True,16.850000381469727,4.130000114440918,-0.4397626488623316,65648902.0,94357675.1,0.6957452261347631,2026-08-11
2026-08-11,TEAM,Atlassian,Technology,Enterprise Software,Software,Developer Tools,SaaS,8,154.0800018310547,0.0145519640806064,0.3967909096291246,0.6023294089345792,105.43375015258788,95.80209991455078,107.8907999420166,True,True,True,182.3600006103516,57.150001525878906,-0.1550778607405399,4399105.0,5240405.25,0.8394589330662929,2026-08-11
2026-08-11,DDOG,Datadog,Technology,Observability Software,Software,Cloud Software,SaaS,9,246.77999877929688,-0.0536850988018006,-0.1435710428369794,-0.0517214569634586,257.9825012207031,249.7756002807617,170.88062522888185,False,False,True,288.1499938964844,102.61499786376952,-0.1435710428369794,4120124.0,5106986.2,0.8067623131623108,2026-08-11
2026-08-11,RDW,Redwire,Industrials,Space Infrastructure,Space Economy,Space Infrastructure,Space Hardware,6,13.510000228881836,0.029725636183276,0.2709313342836583,0.4087591255393381,9.827499985694883,12.248600053787232,10.144550011157987,True,True,True,25.89999961853028,5.059999942779541,-0.4783783618585058,16930207.0,18357515.35,0.9222493718356062,2026-08-11
2026-08-11,PL,Planet Labs,Technology,Earth Observation,Space Economy,Satellite Data,Space Software,6,23.700000762939453,0.0259740420589358,0.0381077898440995,-0.0870569492001626,22.09449996948242,27.74259994506836,26.172149977684025,True,False,False,51.400001525878906,6.380000114440918,-0.5389105046814646,4224485.0,7338484.25,0.5756617928286758,2026-08-11
2026-08-11,UUUU,Energy Fuels,Energy,Nuclear Fuel,Nuclear,Nuclear Fuel,Upstream Nuclear,6,14.779999732971191,0.0342896971606867,0.1493001654395092,0.1325670127931937,12.301499938964843,13.914400043487548,17.654550018310548,True,True,False,27.71999931335449,8.470000267028809,-0.4668109632365422,5623151.0,7410482.55,0.7588103692383703,2026-08-11
2026-08-11,SMR,NuScale Power,Industrials,Small Modular Reactor,Nuclear,SMR,Reactor Developer,6,9.890000343322754,0.0773420495146026,0.0421496925028332,0.1844311247303158,8.679000091552734,9.646800060272216,15.224699988365174,True,True,False,53.43000030517578,7.590000152587891,-0.8148979920113399,25886337.0,30473146.85,0.8494802695442659,2026-08-11
2026-08-11,OKLO,Oklo,Industrials,Advanced Nuclear,Nuclear,SMR,Reactor Developer,7,47.0099983215332,0.0566418644188562,0.0849295253858275,0.0261950864935323,42.53450031280518,50.40920021057129,71.79544982910156,True,False,False,174.13999938964844,36.84000015258789,-0.730044800239458,9064164.0,9795458.2,0.925343543398511,2026-08-11
2026-08-11,RGTI,Rigetti Computing,Technology,Quantum Computing,Quantum,Quantum Hardware,Quantum Hardware,4,18.09000015258789,0.0249292092672723,0.0366761811843399,0.1777344112585228,15.5435001373291,18.21080003738404,20.938150038719176,True,False,False,56.34000015258789,12.899999618530272,-0.6789137361804399,16336072.0,21759483.6,0.7507564196054726,2026-08-11
2026-08-11,QBTS,D-Wave Quantum,Technology,Quantum Computing,Quantum,Quantum Hardware,Quantum Hardware,4,20.229999542236328,0.0019811296245999,-0.0732936503463851,0.0841371761877027,18.51349992752075,21.60239997863769,22.560649943351745,True,False,False,44.77999877929688,12.979999542236328,-0.5482358174697124,10669720.0,19150526.0,0.5571502318004216,2026-08-11
2026-08-11,IONQ,IonQ,Technology,Quantum Computing,Quantum,Quantum Hardware,Quantum Hardware,6,43.43999862670898,0.0213966582067028,0.0412271657641354,0.1172838846018786,37.16749963760376,47.55100002288818,45.48295000076294,True,False,False,82.08999633789062,26.59000015258789,-0.4708246977146203,11936127.0,21428701.35,0.5570158828127024,2026-08-11
2026-08-11,MU,Micron,Technology,Memory,AI Infrastructure,Memory,HBM,9,868.52001953125,0.0087340528818233,-0.0270536299430343,-0.0730842907884204,878.734506225586,967.571651611328,541.5057446289062,False,False,True,1213.3734130859375,115.60445404052734,-0.2842104415965666,29137529.0,45135541.45,0.6455562083436577,2026-08-11
2026-08-11,SNDK,Sandisk,Technology,Memory,AI Infrastructure,Memory,NAND,6,1271.050048828125,0.0267626370902158,-0.1096720043320843,-0.2406972221286382,1346.9164916992188,1671.541796875,883.314499130249,False,False,True,2335.0,44.400001525878906,-0.455653084013651,9197659.0,16877797.95,0.5449561031153356,2026-08-11
2026-08-11,ORCL,Oracle,Technology,Enterprise Software,AI Infrastructure,NeoCloud,AI Cloud,8,145.47999572753906,-0.0368752546288275,-0.0017840658420806,0.1059753926783562,131.32200050354004,157.29237167358397,176.97294353485108,True,False,False,324.6299743652344,114.98999786376952,-0.5518590172949878,23101840.0,34493112.0,0.6697522682209712,2026-08-11
2026-08-11,KEYS,Keysight Technologies,Technology,Electronic Test & Measurement,AI Infrastructure,Optical Test & Metrology,R&D Test & Standards,9,343.70001220703125,0.0247160444065741,0.0072090670585431,0.0712839403794765,323.4235000610352,332.2052001953125,274.8745990753174,True,True,True,373.3399963378906,158.50999450683594,-0.0793913977114677,569036.0,1144146.8,0.4973452707292455,2026-08-11
2026-08-11,FORM,FormFactor,Technology,Semiconductor Test Equipment,AI Infrastructure,Optical Test & Metrology,Wafer-Level Test & Probing,8,121.06999969482422,0.0764648206702254,0.0064006369371005,0.0976427592482716,108.47350006103515,121.73060028076172,96.45139965057372,True,False,True,159.92999267578125,27.850000381469727,-0.2429812715600888,1231866.0,1411878.3,0.8725015463443272,2026-08-11
2026-08-11,AEHR,Aehr Test Systems,Technology,Semiconductor Test Equipment,AI Infrastructure,Optical Test & Metrology,Wafer & Package Burn-In,6,117.18000030517578,0.1033898650890245,0.0663390750388344,0.7227286987395123,89.19900054931641,92.12600006103516,55.791700019836426,True,True,True,117.18000030517578,17.3799991607666,0.0,2518602.0,3363115.1,0.7488896231948766,2026-08-11
2026-08-11,DELL,Dell Technologies,Technology,AI Server & Storage,AI Infrastructure,AI Servers,Systems & Storage,7,440.9700012207031,-0.0369310812478855,-0.0562843503998268,0.0341567846614743,422.5274810791016,418.7219543457031,224.09377326965333,True,True,True,467.2699890136719,110.5447235107422,-0.0562843503998268,4722413.0,6292710.65,0.7504576743886993,2026-08-11
2026-08-11,CLS,Celestica,Technology,Electronics Manufacturing Services,AI Infrastructure,AI Servers,Contract Manufacturing,7,310.3800048828125,-0.0133824708480441,-0.1637343123077645,-0.1008169318366475,328.8239974975586,356.5041973876953,329.38169960021975,False,False,False,472.3999938964844,181.33999633789065,-0.3429720387531902,1788084.0,3262379.2,0.548092018242392,2026-08-11
2026-08-11,IREN,IREN Limited,Technology,AI Data Center & Bitcoin Mining,AI Infrastructure,NeoCloud,AI Cloud & Power Infrastructure,5,39.75,0.0260711997360236,-0.0269277482303446,0.0197537318318679,37.94399995803833,46.19179996490479,47.34615003585815,True,False,False,76.41000366210938,17.729999542236328,-0.4797801584230069,38025418.0,46706675.9,0.8141323968636355,2026-08-11
2026-08-11,APH,Amphenol,Technology,Interconnect Components,AI Infrastructure,Connectivity,Connectors & Cables,8,167.22999572753906,-0.0028026310629462,-0.0239304620305704,0.0720558358776874,159.1449981689453,158.36342163085936,143.26382995605468,True,True,True,176.32000732421875,107.91442108154295,-0.0515540563695922,3948385.0,6957729.25,0.5674818404294764,2026-08-11
2026-08-11,GLW,Corning,Technology,Optical Fiber & Materials,AI Infrastructure,Optical,Optical Fiber & Materials,7,159.19000244140625,0.0090644522335372,-0.0043779908118976,-0.1306318501950409,151.48099937438965,178.18679946899414,137.5256521987915,True,False,True,255.69000244140625,63.82232666015625,-0.3774101414939518,5038307.0,14364395.35,0.3507496749593431,2026-08-11
2026-08-11,CIEN,Ciena,Technology,Optical Networking Equipment,AI Infrastructure,Optical,Connectivity,7,387.5299987792969,-0.0004385179839602,-0.0574027821448899,-0.1300062934283207,388.7100006103516,438.3387994384765,359.3544497680664,False,False,True,627.0,86.63999938964844,-0.3819298265082984,1531755.0,2054052.75,0.7457233023835439,2026-08-11
2026-08-11,STX,Seagate Technology,Technology,Storage Hardware,AI Infrastructure,Storage,HDD Storage,6,820.52001953125,0.0243823637435973,-0.0293723981448951,-0.0466385737292101,828.334994506836,889.1511206054688,538.9661728668212,False,False,True,1093.260498046875,153.16534423828125,-0.2494743741339594,3147394.0,5682749.7,0.5538505417544608,2026-08-11
2026-08-11,STRL,Sterling Infrastructure,Industrials,Infrastructure Construction,AI Infrastructure,Data Center Construction,Construction & Site Infrastructure,6,532.760009765625,0.0080414749417607,-0.0163583055120509,-0.1928367561039551,603.4480041503906,730.7985998535156,510.4172999572754,False,False,True,993.739990234375,273.82000732421875,-0.4638838982016082,292225.0,873121.25,0.3346900559343848,2026-08-11
2026-08-11,EQIX,Equinix,Real Estate,Data Center REIT,AI Infrastructure,Data Centers,Colocation & Interconnection,8,1032.4000244140625,-0.0105234721936071,-0.0181925426281969,-0.0068588734157445,1035.518502807617,1050.31240234375,933.6563845825196,False,False,True,1115.93994140625,718.5999145507812,-0.0748605851376865,416433.0,610981.65,0.6815802078507595,2026-08-11
2026-08-11,NET,Cloudflare,Technology,Edge Cloud & Security,Software,Edge Cloud & Security,SaaS & Edge Network,8,306.9700012207031,-0.0116552212237038,0.0187170706526578,0.1389084799872826,280.15449981689454,260.0295993041992,216.22125,True,True,True,310.5899963378906,160.19000244140625,-0.0116552212237038,5590753.0,3895902.65,1.4350340607201777,2026-08-11
2026-08-11,NOW,ServiceNow,Technology,Enterprise Software,Software,Workflow Automation,SaaS,9,127.54000091552734,0.0007846709997283,0.0795666292063865,0.1463239121581456,110.246000289917,107.75340042114256,122.74466999053956,True,True,True,192.22999572753903,83.0,-0.3365239361691572,13295314.0,25109885.7,0.5294852457253519,2026-08-11
2026-08-11,SNOW,Snowflake,Technology,Data Cloud Software,Software,Data Cloud,SaaS,8,334.1400146484375,-0.0016731327701516,0.0548348209653659,0.243774510477702,291.6939987182617,265.6823989868164,213.32140022277832,True,True,True,334.70001220703125,121.11000061035156,-0.0016731327701516,3345326.0,5028791.3,0.6652346061766373,2026-08-11
2026-08-11,APP,AppLovin,Technology,AdTech Software,Software,AdTech & AI Applications,Application Software,8,318.67999267578125,-0.0599410245552175,-0.2406957745843916,-0.2803884198179502,399.1175018310547,467.39840026855467,512.7972760009766,False,False,False,733.5999755859375,318.67999267578125,-0.5655943248617932,7920149.0,7123742.45,1.111796089708437,2026-08-11
2026-08-11,CRWD,CrowdStrike,Technology,Cybersecurity Software,Software,Cybersecurity,SaaS,8,221.8999938964844,-0.014478636136981,0.0505633586500255,0.1808844104728673,198.41149978637696,187.8447994995117,135.79713748931886,True,True,True,225.1600036621093,87.5625,-0.014478636136981,6033650.0,7994282.5,0.7547456572869422,2026-08-11
2026-08-11,FLNC,Fluence Energy,Industrials,Energy Storage,AI Infrastructure,Energy Storage,Grid Storage,6,13.109999656677246,0.0363636404757787,-0.1633695218348815,-0.1352242883488424,13.899249935150149,18.272699909210203,18.766449990272523,False,False,False,32.22999954223633,6.75,-0.5932361202954088,4052754.0,8404007.7,0.4822406338347358,2026-08-11
2026-08-11,BE,Bloom Energy,Industrials,Fuel Cells & Distributed Power,AI Infrastructure,Power,On-site Power Generation,6,211.2100067138672,0.0027536524598068,-0.0740870363038237,-0.0954216379936192,209.37000045776367,250.45200073242188,182.6477506637573,True,False,True,345.8500061035156,41.25,-0.3893017117638842,8641642.0,17670062.1,0.4890555534606751,2026-08-11
2026-08-11,KLAC,KLA,Technology,Semicap Equipment,AI Infrastructure,Equipment,Process Control & Metrology,9,200.47000122070312,0.0401058187570364,0.0256843405006053,-0.0979977447887373,200.4380012512207,221.59812042236328,165.23233337402343,True,False,True,301.7099914550781,84.03205871582031,-0.335553985952264,8089523.0,12155416.15,0.6655076963366655,2026-08-11
2026-08-11,RMBS,Rambus,Technology,Semiconductor IP,AI Infrastructure,Memory Interface,Memory & IP,7,96.41999816894533,0.0055271538499361,-0.0410741398057102,-0.06488218797212,97.22900009155272,118.15300003051756,109.1339499282837,False,False,False,170.66000366210938,69.68000030517578,-0.4350170157042317,1592248.0,2758757.4,0.5771612973290077,2026-08-11
2026-08-11,LITE,Lumentum,Technology,Optical Components,AI Infrastructure,Optical,Connectivity,6,820.5900268554688,0.0087030485241152,-0.0339976042045979,0.0682679174311124,770.5929992675781,816.3431994628907,624.623150024414,True,True,True,1053.0899658203125,114.62000274658205,-0.2207788000180366,5622997.0,4781224.85,1.176057846348724,2026-08-11
2026-08-12,NVDA,NVIDIA,Technology,Semiconductor,AI Infrastructure,GPU,Compute,10,224.08999633789065,0.0302988337374281,0.0222151039598095,0.058026407502598,208.3824981689453,206.251611328125,194.3810385131836,True,True,True,235.465576171875,164.97772216796875,-0.0483110101226895,106431963.0,124871908.15,0.8523291153055067,2026-08-12
2026-08-12,AVGO,Broadcom,Technology,Semiconductor,AI Infrastructure,Networking,Connectivity,9,416.0499877929688,-7.20985874471669e-05,-0.0053313832667977,0.0692349295972598,396.2120010375976,393.29828674316406,367.7526165771485,True,True,True,480.8090515136719,287.4934997558594,-0.1346876967412118,14256945.0,18222512.25,0.7823808706727581,2026-08-12
2026-08-12,ANET,Arista,Technology,Networking Equipment,AI Infrastructure,Networking,Connectivity,8,210.5,0.0639372934356437,0.0668491338736614,0.1529823714482385,180.49750137329104,172.83620056152344,147.7982498550415,True,True,True,210.5,116.12999725341795,0.0,9978720.0,7931201.0,1.2581600188924729,2026-08-12
2026-08-12,CRDO,Credo,Technology,Semiconductor,AI Infrastructure,Optical,Connectivity,7,268.1600036621094,0.0826436312282952,0.1937853262390574,0.1354052501400025,221.3727500915528,237.74179962158203,170.01017532348632,True,True,True,302.5199890136719,87.80999755859375,-0.1135792231898092,5120331.0,5427491.55,0.9434065355661402,2026-08-12
2026-08-12,TSM,TSMC,Technology,Semiconductor Foundry,AI Infrastructure,Foundry,Manufacturing,9,429.1499938964844,0.0167985508669448,0.0365941881557594,0.0208377433878219,409.7024978637695,425.5522937011719,360.9783901977539,True,True,True,477.5700073242188,224.84336853027344,-0.101388304720029,8375025.0,14247681.25,0.5878167017527852,2026-08-12
2026-08-12,ASML,ASML,Technology,Semicap Equipment,AI Infrastructure,Equipment,Manufacturing Equipment,10,1810.0699462890625,0.0059409026315961,0.0785653715768239,0.0207085233927537,1715.34951171875,1768.734482421875,1416.4014654541015,True,True,True,1986.870361328125,721.100341796875,-0.0889843738576281,1374300.0,1723490.0,0.7973936605376301,2026-08-12
2026-08-12,VRT,Vertiv,Industrials,Electrical Equipment,AI Infrastructure,Power,Power Infrastructure,7,288.3599853515625,0.023242567154158,0.0374900439613867,-0.0501350612487759,276.17149887084963,298.43650909423826,250.1715535736084,True,False,True,376.1517333984375,121.68595123291016,-0.233394506131072,3569466.0,6397073.3,0.5579842269432804,2026-08-12
2026-08-12,ETN,Eaton,Industrials,Electrical Equipment,AI Infrastructure,Power,Power Infrastructure,8,459.9599914550781,0.0014587360876383,0.0308792470079166,0.109673877279329,417.5437057495117,411.0434838867188,375.1891156005859,True,True,True,459.9599914550781,313.2000427246094,0.0,1657970.0,2493058.5,0.6650345348895744,2026-08-12
2026-08-12,GEV,GE Vernova,Industrials,Power Equipment,AI Infrastructure,Power,Grid Infrastructure,7,1039.9000244140625,0.0276910497253031,0.0215529116741635,-0.024493189662734,1008.6010040283204,1023.765457763672,852.177219543457,True,True,True,1174.8599853515625,546.9464721679688,-0.1148732296786113,1486887.0,2733204.35,0.5440087200212453,2026-08-12
2026-08-12,CEG,Constellation Energy,Utilities,Power Generation,AI Infrastructure,Energy,Power Supply,6,278.67999267578125,0.0011496168309341,0.051146642306628,0.0867683213177481,266.1675003051758,260.67150024414065,303.1459770965576,True,True,False,402.3219604492188,236.5,-0.3073209516959581,2497164.0,2819323.2,0.8857317245500622,2026-08-12
2026-08-12,NBIS,Nebius,Technology,AI Cloud Infrastructure,AI Infrastructure,NeoCloud,AI Cloud,7,259.20001220703125,0.3414067067129276,0.1836157162666603,0.3354630176600695,196.61250228881835,221.8278005981445,145.00557556152344,True,True,True,286.69000244140625,64.05999755859375,-0.0958875091571894,62364592.0,26169894.6,2.383066227557523,2026-08-12
2026-08-12,CRWV,CoreWeave,Technology,AI Cloud Infrastructure,AI Infrastructure,NeoCloud,AI Cloud,8,107.7300033569336,0.1927591200280645,0.1984648357817162,0.3476357276308144,80.43750038146973,91.03279998779296,93.23022495269775,True,True,True,143.0800018310547,60.81999969482422,-0.2470645654300556,86984872.0,30989288.6,2.806933489915609,2026-08-12
2026-08-12,MRVL,Marvell,Technology,Semiconductor,AI Infrastructure,Networking,Connectivity,8,217.0800018310547,0.0224671674782743,0.0287176449431274,-0.02409638802159,199.1459999084473,241.0297424316406,140.0224552154541,True,False,True,316.3519592285156,62.177528381347656,-0.3138022525277051,20181532.0,23147186.6,0.8718783992522011,2026-08-12
2026-08-12,COHR,Coherent,Technology,Optical Components,AI Infrastructure,Optical,Connectivity,7,355.6400146484375,0.0823873351821404,0.0835415676246265,0.1443833935740546,298.82100372314454,341.13640075683594,263.6110005950928,True,True,True,426.8900146484375,86.55000305175781,-0.1669048175293522,10344122.0,6223491.1,1.662109229978653,2026-08-12
2026-08-12,NOK,Nokia,Technology,Telecom Infrastructure,AI Infrastructure,AI-RAN,Telecom Edge,5,10.31999969482422,0.0932203552497601,0.0772442355961828,-0.1179487296528079,9.585499954223632,11.992999954223633,9.322099988460542,True,False,True,16.850000381469727,4.130000114440918,-0.3875371239650935,111389496.0,94187689.8,1.1826332744388004,2026-08-12
2026-08-12,TEAM,Atlassian,Technology,Enterprise Software,Software,Developer Tools,SaaS,8,155.24000549316406,0.0075285802720932,0.3699259257962608,0.7427032139894385,108.60725059509278,96.58790008544922,107.84194999694824,True,True,True,182.3600006103516,57.150001525878906,-0.1487167965914563,4021744.0,5271112.2,0.7629782572262453,2026-08-12
2026-08-12,DDOG,Datadog,Technology,Observability Software,Software,Cloud Software,SaaS,9,240.9100036621093,-0.0237863487568829,-0.1492390004650328,-0.1101466631481969,256.8050018310547,249.0440005493164,171.30222526550293,False,False,True,288.1499938964844,102.61499786376952,-0.1639423606975525,6168434.0,5267411.7,1.1710559856181355,2026-08-12
2026-08-12,RDW,Redwire,Industrials,Space Infrastructure,Space Economy,Space Infrastructure,Space Hardware,6,13.489999771118164,-0.0014804187583146,0.2583954696912613,0.3850102759878704,10.03399999141693,12.10480004310608,10.17330001115799,True,True,True,25.89999961853028,5.059999942779541,-0.4791505803163532,15553198.0,18170654.9,0.8559514274854233,2026-08-12
2026-08-12,PL,Planet Labs,Technology,Earth Observation,Space Economy,Satellite Data,Space Software,6,24.5,0.033755240983432,0.0961968492990643,-0.041471028485536,22.074499988555907,27.303399963378908,26.229899978637697,True,False,False,51.400001525878906,6.380000114440918,-0.5233463176520583,4941835.0,7214156.75,0.68501907724697,2026-08-12
2026-08-12,UUUU,Energy Fuels,Energy,Nuclear Fuel,Nuclear,Nuclear Fuel,Upstream Nuclear,6,14.470000267028809,-0.0209742538256504,0.1631833404437268,0.0937264374676523,12.391499948501586,13.851400032043458,17.620600018501282,True,True,False,27.71999931335449,8.470000267028809,-0.477994205430673,4907325.0,7321016.25,0.6703065301897124,2026-08-12
2026-08-12,SMR,NuScale Power,Industrials,Small Modular Reactor,Nuclear,SMR,Reactor Developer,6,9.59000015258789,-0.0303336886067359,0.0223880634951878,0.1151162473493954,8.740500116348267,9.58080005645752,15.084849982261655,True,True,False,53.43000030517578,7.590000152587891,-0.8205128186821495,28922222.0,30899696.1,0.9360034450306454,2026-08-12
2026-08-12,OKLO,Oklo,Industrials,Advanced Nuclear,Nuclear,SMR,Reactor Developer,7,45.130001068115234,-0.0399914341744791,0.0497790022353112,-0.0240052026396978,42.50650043487549,49.97400024414063,71.39759984970092,True,False,False,174.13999938964844,36.84000015258789,-0.7408406958407401,8836699.0,9984714.95,0.8850226615633129,2026-08-12
2026-08-12,RGTI,Rigetti Computing,Technology,Quantum Computing,Quantum,Quantum Hardware,Quantum Hardware,4,18.420000076293945,0.0182421183483985,0.0977353589117338,0.1433891606719171,15.7020001411438,18.06660005569458,20.83227503299713,True,True,False,56.34000015258789,12.899999618530272,-0.6730564425557983,16858112.0,21490645.6,0.7844395330775916,2026-08-12
2026-08-12,QBTS,D-Wave Quantum,Technology,Quantum Computing,Quantum,Quantum Hardware,Quantum Hardware,4,20.739999771118164,0.0252100959180474,-0.0303880148236393,0.094459046760537,18.63699989318848,21.433599967956543,22.509049944877624,True,False,False,44.77999877929688,12.979999542236328,-0.5368467990957855,13202464.0,19060573.2,0.6926582879469753,2026-08-12
2026-08-12,IONQ,IonQ,Technology,Quantum Computing,Quantum,Quantum Hardware,Quantum Hardware,6,45.20000076293945,0.0405157042327422,0.1319809771471642,0.1504199467981302,37.55199975967408,47.06940006256104,45.41210000991821,True,False,False,82.08999633789062,26.59000015258789,-0.4493847876799539,18434071.0,21506188.55,0.857151928950237,2026-08-12
2026-08-12,MU,Micron,Technology,Memory,AI Infrastructure,Memory,HBM,9,911.2899780273438,0.0492446432255841,0.0202644180257993,-0.0730633263961655,879.0850036621093,965.090634765625,545.0296548461914,True,False,True,1213.3734130859375,115.60445404052734,-0.248961640168391,35803171.0,44201778.55,0.8099939001210168,2026-08-12
2026-08-12,SNDK,Sandisk,Technology,Memory,AI Infrastructure,Memory,NAND,6,1344.2900390625,0.0576216414938974,-0.0045982680025916,-0.2352515728926426,1333.3809936523437,1663.1989965820312,889.2006993103028,True,False,True,2335.0,44.400001525878906,-0.4242869211723769,11762326.0,16522541.3,0.7118956936727403,2026-08-12
2026-08-12,ORCL,Oracle,Technology,Enterprise Software,AI Infrastructure,NeoCloud,AI Cloud,8,153.27999877929688,0.0536156398187279,0.0615693567922113,0.1980615589678123,132.36150016784669,155.4121778869629,176.35237209320067,True,False,False,324.6299743652344,114.98999786376952,-0.5278316517782651,43399366.0,34520058.3,1.25722168899118,2026-08-12
2026-08-12,KEYS,Keysight Technologies,Technology,Electronic Test & Measurement,AI Infrastructure,Optical Test & Metrology,R&D Test & Standards,9,354.5,0.0314227157677935,0.0549967608789374,0.1003507006387407,324.7405014038086,333.3500006103516,273.43364921569827,True,True,True,373.3399963378906,158.50999450683594,-0.0504633752683694,648362.0,1154438.1,0.5616256081638331,2026-08-12
2026-08-12,FORM,FormFactor,Technology,Semiconductor Test Equipment,AI Infrastructure,Optical Test & Metrology,Wafer-Level Test & Probing,8,128.77000427246094,0.0635996084665546,0.1252184684144139,0.1674524089726103,109.6020004272461,122.1820004272461,96.56424968719485,True,True,True,159.92999267578125,27.850000381469727,-0.1948351768294614,1115987.0,1386914.35,0.8046545916840502,2026-08-12
2026-08-12,AEHR,Aehr Test Systems,Technology,Semiconductor Test Equipment,AI Infrastructure,Optical Test & Metrology,Wafer & Package Burn-In,6,129.22999572753906,0.1028332086617263,0.3082607544496563,0.79461174689397,91.271000289917,92.83819992065428,56.31239999771118,True,True,True,129.22999572753906,17.3799991607666,0.0,3118085.0,2871654.25,1.0858149096465914,2026-08-12
2026-08-12,DELL,Dell Technologies,Technology,AI Server & Storage,AI Infrastructure,AI Servers,Systems & Storage,7,484.5,0.098714195203293,0.047114733559191,0.0606736252297159,426.152522277832,419.1081286621094,225.7521131134033,True,True,True,484.5,110.5447235107422,0.0,6158466.0,5956438.3,1.0339175342418976,2026-08-12
2026-08-12,CLS,Celestica,Technology,Electronics Manufacturing Services,AI Infrastructure,AI Servers,Contract Manufacturing,7,339.4599914550781,0.0936915591042828,-0.0642298425496259,-0.0161435450364467,329.0584976196289,354.7623974609375,329.66534950256346,True,False,True,472.3999938964844,181.33999633789065,-0.2814140646888683,3034104.0,3343565.2,0.9074457408517111,2026-08-12
2026-08-12,IREN,IREN Limited,Technology,AI Data Center & Bitcoin Mining,AI Infrastructure,NeoCloud,AI Cloud & Power Infrastructure,5,43.66999816894531,0.0986163061369889,0.1229107445182731,0.1316402694032317,38.21349992752075,45.7585998916626,47.28520002365112,True,False,False,76.41000366210938,17.729999542236328,-0.4284779992675143,48407033.0,47520021.65,1.0186660552584157,2026-08-12
2026-08-12,APH,Amphenol,Technology,Interconnect Components,AI Infrastructure,Connectivity,Connectors & Cables,8,169.9600067138672,0.0163248882142892,-0.0132373357325941,0.0731831278273611,159.79099884033204,158.84023071289062,143.4407271194458,True,True,True,176.32000732421875,107.9144287109375,-0.0360707823625298,4360834.0,6805766.7,0.6407557285206382,2026-08-12
2026-08-12,GLW,Corning,Technology,Optical Fiber & Materials,AI Infrastructure,Optical,Optical Fiber & Materials,7,167.44000244140625,0.0518248625760064,0.0685386451967289,-0.1076529365484348,151.1324993133545,178.00159957885742,137.93656162261962,True,False,True,255.69000244140625,63.82233428955078,-0.3451445076356605,8095696.0,14152884.8,0.5720173741539958,2026-08-12
2026-08-12,CIEN,Ciena,Technology,Optical Networking Equipment,AI Infrastructure,Optical,Connectivity,7,432.0499877929688,0.1148814005468168,0.0567962282204039,-0.0332938158697417,389.3895004272461,435.5875994873047,360.651799697876,True,False,True,627.0,86.63999938964844,-0.3109250593413576,3753658.0,2159102.9,1.738526681613924,2026-08-12
2026-08-12,STX,Seagate Technology,Technology,Storage Hardware,AI Infrastructure,Storage,HDD Storage,6,878.2100219726562,0.0703090735974529,0.0484087220688154,-0.0001138272207027,830.8304962158203,888.3032495117187,542.2309043884277,True,False,True,1093.260498046875,153.1653289794922,-0.1967056126681695,4725461.0,5684233.05,0.8313278077154138,2026-08-12
2026-08-12,STRL,Sterling Infrastructure,Industrials,Infrastructure Construction,AI Infrastructure,Data Center Construction,Construction & Site Infrastructure,6,548.9500122070312,0.0303889221124697,0.0241030953566234,-0.1922691854992063,597.4545043945312,724.8697998046875,511.3930500793457,False,False,True,993.739990234375,273.82000732421875,-0.447591907740816,559533.0,865291.65,0.6466409331466448,2026-08-12
2026-08-12,EQIX,Equinix,Real Estate,Data Center REIT,AI Infrastructure,Data Centers,Colocation & Interconnection,8,1069.1700439453125,0.0356160583705127,0.0122799596412088,0.0445806386633875,1037.847006225586,1050.6804028320312,934.9102737426758,True,True,True,1115.93994140625,718.5999145507812,-0.0419107657370884,451476.0,614088.8,0.7351966034879646,2026-08-12
2026-08-12,NET,Cloudflare,Technology,Edge Cloud & Security,Software,Edge Cloud & Security,SaaS & Edge Network,8,311.45001220703125,0.014594295756956,0.0631144910269714,0.105412643148292,282.075,260.84219940185545,216.6927000427246,True,True,True,311.45001220703125,160.19000244140625,0.0,2776986.0,3911744.3,0.7099098987630659,2026-08-12
2026-08-12,NOW,ServiceNow,Technology,Enterprise Software,Software,Workflow Automation,SaaS,9,124.94000244140624,-0.0203857492195184,0.0658590781462953,0.1916070983276527,111.25650024414062,107.53500045776369,122.43020000457764,True,True,True,192.22999572753903,83.0,-0.350049392819566,12482955.0,25053107.75,0.4982597418477953,2026-08-12
2026-08-12,SNOW,Snowflake,Technology,Data Cloud Software,Software,Data Cloud,SaaS,8,332.260009765625,-0.005626398516773,0.0486681404051332,0.2041023658256213,294.7134994506836,266.7243991088867,213.71775024414063,True,True,True,334.70001220703125,121.11000061035156,-0.0072901175751883,4277389.0,5068944.45,0.8438421533698204,2026-08-12
2026-08-12,APP,AppLovin,Technology,AdTech Software,Software,AdTech & AI Applications,Application Software,8,303.760009765625,-0.0468180722137003,-0.2729535216833315,-0.3234442462186255,391.6690017700195,461.19960021972656,511.3675759887696,False,False,False,733.5999755859375,303.760009765625,-0.585932361130455,8676194.0,7331484.7,1.183415686593467,2026-08-12
2026-08-12,CRWD,CrowdStrike,Technology,Cybersecurity Software,Software,Cybersecurity,SaaS,8,221.77999877929688,-0.0005407621473098,0.056799762385769,0.0524367829724856,199.1619995117188,188.3695495605469,136.2535625076294,True,True,True,225.1600036621093,87.5625,-0.0150115687859233,5776566.0,7698443.3,0.7503550750318574,2026-08-12
2026-08-12,FLNC,Fluence Energy,Industrials,Energy Storage,AI Infrastructure,Energy Storage,Grid Storage,6,13.199999809265137,0.0068650003771777,-0.0723822744979035,-0.1543882063047466,13.79074993133545,17.9936999130249,18.75229998588562,False,False,False,32.22999954223633,6.75,-0.5904436861078145,3990085.0,8316774.25,0.4797635333194237,2026-08-12
2026-08-12,BE,Bloom Energy,Industrials,Fuel Cells & Distributed Power,AI Infrastructure,Power,On-site Power Generation,6,237.1600036621093,0.1228634824267462,0.0120769931675033,-0.025636772353531,209.2590003967285,249.7250006103516,183.3264506912232,True,False,True,345.8500061035156,43.09999847412109,-0.3142691933591421,14371370.0,17832263.5,0.8059195625950683,2026-08-12
2026-08-12,KLAC,KLA,Technology,Semicap Equipment,AI Infrastructure,Equipment,Process Control & Metrology,9,208.25,0.0388087929960734,0.080134837674741,-0.0960194278162623,199.6255012512207,221.8830404663086,165.6965412902832,True,False,True,301.7099914550781,84.03205871582031,-0.3097676381360194,9672911.0,12108230.55,0.7988707317767417,2026-08-12
2026-08-12,RMBS,Rambus,Technology,Semiconductor IP,AI Infrastructure,Memory Interface,Memory & IP,7,101.01000213623048,0.0476042735371415,0.0381294857976433,-0.04146892418946,97.13500022888184,117.2236001586914,109.13094993591308,True,False,False,170.66000366210938,69.68000030517578,-0.4081214111759853,2930471.0,2772203.55,1.057090847459596,2026-08-12
2026-08-12,LITE,Lumentum,Technology,Optical Components,AI Infrastructure,Optical,Connectivity,6,932.469970703125,0.1363408525404388,0.1285430248132513,0.1444157887494406,779.6164978027343,816.8925988769531,628.4429998779297,True,True,True,1053.0899658203125,114.62000274658205,-0.1145391172949118,11738891.0,5176034.55,2.26793134524189,2026-08-12
2026-08-13,NVDA,NVIDIA,Technology,Semiconductor,AI Infrastructure,GPU,Compute,10,225.3000030517578,0.0053996462744489,0.0288140892292489,0.0602353084788602,209.277498626709,206.30639923095703,194.5774249267578,True,True,True,235.465576171875,164.97772216796875,-0.0431722262140643,93629467.0,123521658.35,0.7580004045501062,2026-08-13
2026-08-13,AVGO,Broadcom,Technology,Semiconductor,AI Infrastructure,Networking,Connectivity,9,417.8200073242188,0.0042543434279123,-0.0065387449226259,0.0597037856797262,398.380500793457,392.038505859375,368.08093338012696,True,True,True,480.8090515136719,287.4934997558594,-0.1310063610307511,13133946.0,17788962.3,0.7383199637226731,2026-08-13
2026-08-13,ANET,Arista,Technology,Networking Equipment,AI Infrastructure,Networking,Connectivity,8,203.6199951171875,-0.0326841087069477,0.0587561738905244,0.1843880716953632,182.2505012512207,173.4020004272461,148.04724979400635,True,True,True,210.5,116.12999725341795,-0.0326841087069477,7897993.0,7906979.65,0.998863453505916,2026-08-13
2026-08-13,CRDO,Credo,Technology,Semiconductor,AI Infrastructure,Optical,Connectivity,7,265.989990234375,-0.0080922337339638,0.1543201783138847,0.1731056884110124,224.27374954223632,238.48159942626955,170.5623752593994,True,True,True,302.5199890136719,87.80999755859375,-0.1207523473023991,4274504.0,5248705.2,0.8143920904530892,2026-08-13
2026-08-13,TSM,TSMC,Technology,Semiconductor Foundry,AI Infrastructure,Foundry,Manufacturing,9,430.489990234375,0.0031224428683409,0.0293877993032185,0.0262467315716878,410.73999786376953,425.2491662597656,361.6675674438477,True,True,True,477.5700073242188,224.84336853027344,-0.0985824410406943,8152737.0,13468711.85,0.6053093340177146,2026-08-13
2026-08-13,ASML,ASML,Technology,Semicap Equipment,AI Infrastructure,Equipment,Manufacturing Equipment,10,1847.9000244140625,0.0208997879902694,0.0842129524153036,0.019291808192918,1718.6162841796877,1771.6291381835938,1420.5092578125,True,True,True,1986.870361328125,721.1004028320312,-0.0699443404154298,1234668.0,1656878.4,0.7451771958642228,2026-08-13
2026-08-13,VRT,Vertiv,Industrials,Electrical Equipment,AI Infrastructure,Power,Power Infrastructure,7,287.07000732421875,-0.0044734987268466,0.0432459690947013,-0.0574580542376617,275.8194999694824,297.4895010375977,250.6773652648926,True,False,True,376.1517333984375,121.68595886230467,-0.2368239148318883,3110091.0,6324929.55,0.4917194690334535,2026-08-13
2026-08-13,ETN,Eaton,Industrials,Electrical Equipment,AI Infrastructure,Power,Power Infrastructure,8,453.3299865722656,-0.0144143077788974,0.0139568996968992,0.1007251215822409,420.4453353881836,411.77818359375,375.5950616455078,True,True,True,459.9599914550781,313.20001220703125,-0.0144143077788974,1441335.0,2403421.75,0.5997012384530513,2026-08-13
2026-08-13,GEV,GE Vernova,Industrials,Power Equipment,AI Infrastructure,Power,Grid Infrastructure,7,1049.4200439453125,0.0091547449829267,0.0491053251542277,-0.0055530145448379,1009.2610076904296,1025.370362548828,854.5077758789063,True,True,True,1174.8599853515625,546.9464721679688,-0.1067701198187575,1698934.0,2677226.7,0.6345872764529055,2026-08-13
2026-08-13,CEG,Constellation Energy,Utilities,Power Generation,AI Infrastructure,Energy,Power Supply,6,278.6400146484375,-0.0001434549605082,0.0671773578510295,0.0795189167255463,267.5110008239746,260.7913006591797,302.60106994628904,True,True,False,402.3219604492188,236.5,-0.3074203199414774,2232560.0,2809728.0,0.7945822513780694,2026-08-13
2026-08-13,NBIS,Nebius,Technology,AI Cloud Infrastructure,AI Infrastructure,NeoCloud,AI Cloud,7,255.0399932861328,-0.0160494549574932,0.3431640337461275,0.2783319147321925,200.776001739502,221.71700073242187,145.69447551727296,True,True,True,286.69000244140625,64.05999755859375,-0.110398021855478,36012698.0,26608664.9,1.3534199530619817,2026-08-13
2026-08-13,CRWV,CoreWeave,Technology,AI Cloud Infrastructure,AI Infrastructure,NeoCloud,AI Cloud,8,106.29000091552734,-0.0133667724546076,0.2456345791011638,0.3782416640310366,82.10650024414062,90.7732000732422,93.0989249420166,True,True,True,143.0800018310547,60.81999969482422,-0.2571288820569632,50403007.0,32273965.35,1.5617234031640304,2026-08-13
2026-08-13,MRVL,Marvell,Technology,Semiconductor,AI Infrastructure,Networking,Connectivity,8,222.17999267578125,0.0234936005238091,0.0552864052476205,0.0771841297048889,200.83999938964843,239.65897644042968,140.71332180023194,True,False,True,316.3519592285156,62.177528381347656,-0.2976809967682533,18574045.0,22578877.25,0.8226292562886403,2026-08-13
2026-08-13,COHR,Coherent,Technology,Optical Components,AI Infrastructure,Optical,Connectivity,7,327.2300109863281,-0.0798841595206705,-0.0209143384861612,0.093025605081465,301.33450469970705,339.14320068359376,264.600450668335,True,False,True,426.8900146484375,86.55000305175781,-0.2334559259817396,12961349.0,6728862.45,1.926231825410549,2026-08-13
2026-08-13,NOK,Nokia,Technology,Telecom Infrastructure,AI Infrastructure,AI-RAN,Telecom Edge,5,10.5600004196167,0.0232558848730244,0.1198303369959279,-0.0613332960340712,9.594499969482422,11.867199954986573,9.34339998960495,True,False,True,16.850000381469727,4.130000114440918,-0.3732937578310243,111631642.0,92768467.1,1.2033360633162815,2026-08-13
2026-08-13,TEAM,Atlassian,Technology,Enterprise Software,Software,Developer Tools,SaaS,8,165.97999572753906,0.0691831348514602,0.5065807251172803,0.8086520845490248,112.28825035095215,97.72550003051758,107.8586499786377,True,True,True,182.3600006103516,57.150001525878906,-0.0898223559332599,5472422.0,5406966.1,1.0121058461971864,2026-08-13
2026-08-13,DDOG,Datadog,Technology,Observability Software,Software,Cloud Software,SaaS,9,252.2400054931641,0.0470300180931702,0.1000916432423273,-0.0462073143641834,256.30100173950194,248.70620056152345,171.78107528686525,False,True,True,288.1499938964844,102.61499786376952,-0.1246225547942253,3429267.0,5287408.35,0.6485723766729687,2026-08-13
2026-08-13,RDW,Redwire,Industrials,Space Infrastructure,Space Economy,Space Infrastructure,Space Hardware,6,13.199999809265137,-0.0214974030224901,0.1158072607264983,0.4102564416066518,10.271499991416931,11.95720004081726,10.199300010204317,True,True,True,25.89999961853028,5.059999942779541,-0.4903474902053227,16164794.0,18099219.7,0.8931210443287785,2026-08-13
2026-08-13,PL,Planet Labs,Technology,Earth Observation,Space Economy,Satellite Data,Space Software,6,24.75,0.0102040816326529,0.0893486244716699,-0.0060240811577622,22.20749998092652,26.83659996032715,26.28559998035431,True,False,False,51.400001525878906,6.380000114440918,-0.5184825045668753,4406274.0,6491038.7,0.6788241764757926,2026-08-13
2026-08-13,UUUU,Energy Fuels,Energy,Nuclear Fuel,Nuclear,Nuclear Fuel,Upstream Nuclear,6,14.579999923706056,0.0076019111712035,0.1302325856477186,0.1507497897325029,12.536999940872192,13.752200012207032,17.586650013923645,True,True,False,27.71999931335449,8.470000267028809,-0.4740259637495034,5437183.0,6985774.15,0.778322184950683,2026-08-13
2026-08-13,SMR,NuScale Power,Industrials,Small Modular Reactor,Nuclear,SMR,Reactor Developer,6,9.850000381469728,0.0271115979921725,0.040126726898197,0.178229759088853,8.851000142097472,9.49880006790161,14.945449986457824,True,True,False,53.43000030517578,7.590000152587891,-0.8156466343775118,34918845.0,31196417.25,1.1193222837151275,2026-08-13
2026-08-13,OKLO,Oklo,Industrials,Advanced Nuclear,Nuclear,SMR,Reactor Developer,7,46.45000076293945,0.0292488292395989,0.1009718481842665,0.0166338839806003,42.74400043487549,49.43360023498535,70.94959983825683,True,False,False,174.13999938964844,36.84000015258789,-0.7332605896075326,8209387.0,9824759.35,0.835581484242665,2026-08-13
2026-08-13,RGTI,Rigetti Computing,Technology,Quantum Computing,Quantum,Quantum Hardware,Quantum Hardware,4,18.6200008392334,0.0108578046748679,0.1264367855880603,0.2209836615890752,15.928000164031982,17.901400089263916,20.73117503643036,True,True,False,56.34000015258789,12.899999618530272,-0.6695065532693628,19281313.0,21173065.65,0.9106528699588669,2026-08-13
2026-08-13,QBTS,D-Wave Quantum,Technology,Quantum Computing,Quantum,Quantum Hardware,Quantum Hardware,4,20.89999961853028,0.0077145539622869,0.0770419417152414,0.1439517840651727,18.83599987030029,21.253399963378907,22.45029993534088,True,False,False,44.77999877929688,12.979999542236328,-0.533273778734604,11850472.0,18711593.6,0.6333224338519194,2026-08-13
2026-08-13,IONQ,IonQ,Technology,Quantum Computing,Quantum,Quantum Hardware,Quantum Hardware,6,44.97999954223633,-0.0048672835617186,0.1324269425951465,0.1991469356162261,38.04599981307983,46.54100002288818,45.33550001144409,True,False,False,82.08999633789062,26.59000015258789,-0.4520647880517114,18996469.0,21416278.45,0.8870107401876819,2026-08-13
2026-08-13,MU,Micron,Technology,Memory,AI Infrastructure,Memory,HBM,9,949.8300170898438,0.0422917402712219,0.077552325840652,0.050371551197903,883.91650390625,962.8085095214844,548.6847750091553,True,False,True,1213.3734130859375,115.6044464111328,-0.2171989209206681,36294784.0,43730704.2,0.8299611145982871,2026-08-13
2026-08-13,SNDK,Sandisk,Technology,Memory,AI Infrastructure,Memory,NAND,6,1528.1099853515625,0.1367412842077275,0.2141540773792232,-0.0538018666553792,1339.2324951171877,1659.433996582031,895.91044921875,True,False,True,2335.0,44.400001525878906,-0.3455631754383029,21647562.0,16747043.1,1.292619949130005,2026-08-13
2026-08-13,ORCL,Oracle,Technology,Enterprise Software,AI Infrastructure,NeoCloud,AI Cloud,8,156.22000122070312,0.0191806006316548,0.0888687522932851,0.1791078175233635,133.9620002746582,153.66193649291992,175.7303548049927,True,True,False,324.6299743652344,114.98999786376952,-0.5187751792601158,25605588.0,33069294.4,0.7743010083698671,2026-08-13
2026-08-13,KEYS,Keysight Technologies,Technology,Electronic Test & Measurement,AI Infrastructure,Optical Test & Metrology,R&D Test & Standards,9,353.8500061035156,-0.0018335511889545,0.0530623703136847,0.0863291504274925,325.52050018310547,332.8982000732422,275.85594902038576,True,True,True,373.3399963378906,158.50999450683594,-0.0522043992756019,653537.0,1122131.85,0.5824066040011251,2026-08-13
2026-08-13,FORM,FormFactor,Technology,Semiconductor Test Equipment,AI Infrastructure,Optical Test & Metrology,Wafer-Level Test & Probing,8,131.6699981689453,0.0225207253262829,0.1428695357631597,0.1369484582048044,110.3495002746582,122.13580032348632,97.3235496711731,True,True,True,159.92999267578125,27.850000381469727,-0.1767022810044525,1000793.0,1402844.65,0.7134025852399266,2026-08-13
2026-08-13,AEHR,Aehr Test Systems,Technology,Semiconductor Test Equipment,AI Infrastructure,Optical Test & Metrology,Wafer & Package Burn-In,6,123.3000030517578,-0.0458871227410987,0.2362142138820562,0.4044880028011235,93.22600059509276,93.04419998168946,56.8040500164032,True,True,True,129.22999572753906,17.3799991607666,-0.0458871227410987,2971985.0,2801254.25,1.0609479664332504,2026-08-13
2026-08-13,DELL,Dell Technologies,Technology,AI Server & Storage,AI Infrastructure,AI Servers,Systems & Storage,7,494.510009765625,0.020660494872291,0.129921207956396,0.2002694144590944,431.3413055419922,420.3064916992187,227.4386533355713,True,True,True,494.510009765625,110.5447235107422,0.0,8035699.0,6040404.95,1.3303245505088197,2026-08-13
2026-08-13,CLS,Celestica,Technology,Electronics Manufacturing Services,AI Infrastructure,AI Servers,Contract Manufacturing,7,347.6300048828125,0.0240676769969681,0.1052364042602551,0.0384144824541468,331.2469985961914,352.2669976806641,329.9203995513916,True,False,True,472.3999938964844,181.33999633789065,-0.2641193705032357,3216100.0,3377800.0,0.9521286044170764,2026-08-13
2026-08-13,IREN,IREN Limited,Technology,AI Data Center & Bitcoin Mining,AI Infrastructure,NeoCloud,AI Cloud & Power Infrastructure,5,44.7599983215332,0.0249599312638171,0.1800684935777716,0.1692789903050084,38.70999975204468,45.32179988861084,47.194500007629394,True,False,False,76.41000366210938,18.729999542236328,-0.4142128494134722,70711737.0,48999136.85,1.4431220945068546,2026-08-13
2026-08-13,APH,Amphenol,Technology,Interconnect Components,AI Infrastructure,Connectivity,Connectors & Cables,8,165.75,-0.0247705727674797,-0.0284860242246355,0.0554636212827468,160.4214988708496,159.19170166015624,143.60398765563966,True,True,True,176.32000732421875,107.91442108154295,-0.0599478611907186,3185182.0,6733824.1,0.4730123556390491,2026-08-13
2026-08-13,GLW,Corning,Technology,Optical Fiber & Materials,AI Infrastructure,Optical,Optical Fiber & Materials,7,158.5399932861328,-0.0531534222736761,0.0086525046044305,-0.0909925465440737,151.1399990081787,177.1643995666504,138.29517383575438,True,False,True,255.69000244140625,63.82233428955078,-0.3799523181495384,8517112.0,13792995.6,0.6174954481969095,2026-08-13
2026-08-13,CIEN,Ciena,Technology,Optical Networking Equipment,AI Infrastructure,Optical,Connectivity,7,442.7900085449219,0.0248582827344032,0.0966663310761088,0.0581417999012112,392.0885009765625,431.9033996582031,361.9704997253418,True,True,True,627.0,86.63999938964844,-0.2937958396412728,2908705.0,2186195.25,1.3304872929350662,2026-08-13
2026-08-13,STX,Seagate Technology,Technology,Storage Hardware,AI Infrastructure,Storage,HDD Storage,6,921.3699951171876,0.0491453889897364,0.0802157007221533,0.1123626810284117,839.6244964599609,888.2116540527344,545.6730812072753,True,True,True,1093.260498046875,153.1653289794922,-0.1572273975294746,4516151.0,5599367.55,0.806546625073755,2026-08-13
2026-08-13,STRL,Sterling Infrastructure,Industrials,Infrastructure Construction,AI Infrastructure,Data Center Construction,Construction & Site Infrastructure,6,553.1599731445312,0.0076691152999051,0.0318608332901635,-0.1729314806870301,593.0450042724609,718.4225988769531,512.263450012207,False,False,True,993.739990234375,273.82000732421875,-0.4433554263886797,530002.0,863555.1,0.6137442764219677,2026-08-13
2026-08-13,EQIX,Equinix,Real Estate,Data Center REIT,AI Infrastructure,Data Centers,Colocation & Interconnection,8,1073.780029296875,0.0043117419700156,0.0198697302930808,0.0500489486923876,1041.0790069580078,1050.7200024414062,936.150029296875,True,True,True,1115.93994140625,718.5999145507812,-0.0377797321746968,284868.0,615923.4,0.462505564815365,2026-08-13
2026-08-13,NET,Cloudflare,Technology,Edge Cloud & Security,Software,Edge Cloud & Security,SaaS & Edge Network,8,330.8299865722656,0.0622249915095582,0.1631332668540874,0.2116538830163268,284.9934997558594,262.0055990600586,217.2575999450684,True,True,True,330.8299865722656,160.19000244140625,0.0,4490572.0,4020188.6,1.1170053066664585,2026-08-13
2026-08-13,NOW,ServiceNow,Technology,Enterprise Software,Software,Workflow Automation,SaaS,9,127.25,0.0184888547579233,0.0843630307167164,0.2150290835598973,112.4185001373291,107.5270004272461,122.13628002166747,True,True,True,192.22999572753903,83.0,-0.3380325504435828,22840029.0,25187781.45,0.9067900261616728,2026-08-13
2026-08-13,SNOW,Snowflake,Technology,Data Cloud Software,Software,Data Cloud,SaaS,8,337.3800048828125,0.0154096038244238,0.0609434115811713,0.2409607935490909,298.0815002441406,268.2491989135742,214.11495025634767,True,True,True,337.3800048828125,121.11000061035156,0.0,2675294.0,5035859.7,0.5312487160831744,2026-08-13
2026-08-13,APP,AppLovin,Technology,AdTech Software,Software,AdTech & AI Applications,Application Software,8,312.6700134277344,0.0293323787715971,-0.0685196743228051,-0.3093676013513126,385.5785018920898,455.340400390625,509.8309260559082,False,False,False,733.5999755859375,303.760009765625,-0.5737867723100726,7495043.0,7480232.15,1.0019799987089972,2026-08-13
2026-08-13,CRWD,CrowdStrike,Technology,Cybersecurity Software,Software,Cybersecurity,SaaS,8,225.52999877929688,0.0169086483030049,0.0874680526690521,0.0907288006925601,200.2504997253418,189.03539947509765,136.7220624923706,True,True,True,225.52999877929688,87.5625,0.0,5809902.0,7644740.1,0.7599868568455324,2026-08-13
2026-08-13,FLNC,Fluence Energy,Industrials,Energy Storage,AI Infrastructure,Energy Storage,Grid Storage,6,13.220000267028809,0.0015151862161113,0.0007570195952277,-0.1398828649667272,13.730749940872192,17.699899921417238,18.720799984931947,False,False,False,32.22999954223633,6.75,-0.5898231320262837,5994821.0,8290606.05,0.7230859799447352,2026-08-13
2026-08-13,BE,Bloom Energy,Industrials,Fuel Cells & Distributed Power,AI Infrastructure,Power,On-site Power Generation,6,236.22000122070312,-0.0039635791317725,0.0317085704662334,-0.0132007836813953,210.7335006713867,248.3924005126953,183.9556507110596,True,False,True,345.8500061035156,43.09999847412109,-0.3169871416743575,11273639.0,17654856.95,0.6385573687698444,2026-08-13
2026-08-13,KLAC,KLA,Technology,Semicap Equipment,AI Infrastructure,Equipment,Process Control & Metrology,9,209.3699951171875,0.0053781278136253,0.0835834478545378,-0.0673942311038419,199.1255012512207,221.98004028320312,166.15448970794677,True,False,True,301.7099914550781,84.03206634521484,-0.3060554802728142,8488883.0,11898774.15,0.7134250043732446,2026-08-13
2026-08-13,RMBS,Rambus,Technology,Semiconductor IP,AI Infrastructure,Memory Interface,Memory & IP,7,99.33000183105467,-0.0166320193015142,0.0168919074603184,-0.0346000347916409,97.0305004119873,115.87460021972656,109.10049995422364,True,False,False,170.66000366210938,69.68000030517578,-0.4179655472894593,1576604.0,2670950.2,0.5902783211757373,2026-08-13
2026-08-13,LITE,Lumentum,Technology,Optical Components,AI Infrastructure,Optical,Connectivity,6,880.4099731445312,-0.0558302135127612,0.0505333457142804,0.1707579430113448,788.3254974365234,813.9177978515625,631.9485497283936,True,True,True,1053.0899658203125,114.62000274658205,-0.163974587433535,4607915.0,5208970.75,0.8846114177162542,2026-08-13
2026-08-14,NVDA,NVIDIA,Technology,Semiconductor,AI Infrastructure,GPU,Compute,10,225.1600036621093,-0.000621390979814,0.005358085873677,0.0856316793070361,210.3949989318848,206.51959930419923,194.7469945526123,True,True,True,235.465576171875,164.97772216796875,-0.0437667903619304,75161211.0,120314545.55,0.6247059377269119,2026-08-14
2026-08-14,AVGO,Broadcom,Technology,Semiconductor,AI Infrastructure,Networking,Connectivity,9,392.989990234375,-0.0594275445277473,-0.0812839413163023,0.0495125582132258,399.4885009765625,390.3288507080078,368.24572296142577,False,True,True,480.8090515136719,287.4934997558594,-0.1826485192049254,29203339.0,18087271.95,1.6145795275666213,2026-08-14
2026-08-14,ANET,Arista,Technology,Networking Equipment,AI Infrastructure,Networking,Connectivity,8,198.82000732421875,-0.0235732634715282,0.0537976851316051,0.1795207060032508,183.7610015869141,173.8910006713867,148.25729984283447,True,True,True,210.5,116.12999725341795,-0.055486901072595,4701838.0,7764201.9,0.6055790486334468,2026-08-14
2026-08-14,CRDO,Credo,Technology,Semiconductor,AI Infrastructure,Optical,Connectivity,7,259.8999938964844,-0.0228955846516046,0.0400576034706676,0.2496994392026368,227.13474960327147,239.3875991821289,171.0870751953125,True,True,True,302.5199890136719,87.80999755859375,-0.1408832363644617,3320030.0,5001261.5,0.6638385135430331,2026-08-14
2026-08-14,TSM,TSMC,Technology,Semiconductor Foundry,AI Infrastructure,Foundry,Manufacturing,9,426.3500061035156,-0.0096169114840635,0.0150223727031444,0.0405379417801996,412.1389984130859,425.0627716064453,362.3197291564941,True,True,True,477.5700073242188,224.84336853027344,-0.1072512939153865,6289097.0,12735019.85,0.4938427324084619,2026-08-14
2026-08-14,ASML,ASML,Technology,Semicap Equipment,AI Infrastructure,Equipment,Manufacturing Equipment,10,1844.0799560546875,-0.0020672483948833,0.0592134167333346,0.0345094824139176,1723.5541442871097,1774.028134765625,1424.464446105957,True,True,True,1986.870361328125,721.100341796875,-0.0718669964848582,864471.0,1589683.55,0.5438006828465954,2026-08-14
2026-08-14,VRT,Vertiv,Industrials,Electrical Equipment,AI Infrastructure,Power,Power Infrastructure,7,293.8399963378906,0.0235830593267996,0.0787077933986801,-0.0009179865598549,276.03349990844725,296.738879699707,251.182854385376,True,False,True,376.1517333984375,121.68595886230467,-0.218825887938574,2683556.0,6155957.8,0.4359282644855038,2026-08-14
2026-08-14,ETN,Eaton,Industrials,Electrical Equipment,AI Infrastructure,Power,Power Infrastructure,8,451.510009765625,-0.0040146843591837,0.0063074287600086,0.0892879217212998,422.3920883178711,412.9828369140625,375.6739544677735,True,True,True,459.9599914550781,313.20001220703125,-0.0183711232420926,1396726.0,2458646.3,0.5680874064724154,2026-08-14
2026-08-14,GEV,GE Vernova,Industrials,Power Equipment,AI Infrastructure,Power,Grid Infrastructure,7,1063.25,0.0131786658111594,0.0736428549725389,0.0260852232741024,1009.531509399414,1027.4579614257811,856.9074789428711,True,True,True,1174.8599853515625,546.9464721679688,-0.0949985417353069,1472679.0,2587048.95,0.5692505354411636,2026-08-14
2026-08-14,CEG,Constellation Energy,Utilities,Power Generation,AI Infrastructure,Energy,Power Supply,6,282.5,0.0138529469876489,0.046722682082138,0.1220558255791408,269.01650085449216,261.0965008544922,302.0657024383545,True,True,False,402.3219604492188,236.5,-0.2978260503489038,1946397.0,2792654.85,0.6969701250406938,2026-08-14
2026-08-14,NBIS,Nebius,Technology,AI Cloud Infrastructure,AI Infrastructure,NeoCloud,AI Cloud,7,277.67999267578125,0.0887703889022939,0.4772569605388577,0.6165802280317016,205.77450103759764,222.23700073242188,146.455725479126,True,True,True,286.69000244140625,64.05999755859375,-0.0314277082873388,28829723.0,26806161.15,1.075488684809313,2026-08-14
2026-08-14,CRWV,CoreWeave,Technology,AI Cloud Infrastructure,AI Infrastructure,NeoCloud,AI Cloud,8,105.26000213623048,-0.0096904579022014,0.1609132487253348,0.4436976662906557,83.70900039672851,90.65980010986328,92.9449249649048,True,True,True,143.0800018310547,60.81999969482422,-0.2643276433521515,32913050.0,32129222.5,1.0243960929960256,2026-08-14
2026-08-14,MRVL,Marvell,Technology,Semiconductor,AI Infrastructure,Networking,Connectivity,8,222.0200042724609,-0.000720084654759,0.0150877973360465,0.1790759462252082,202.5069999694824,238.0678646850586,141.38052173614503,True,False,True,316.3519592285156,62.17753219604492,-0.2981867259052262,14344758.0,21843377.9,0.6567096932384254,2026-08-14
2026-08-14,COHR,Coherent,Technology,Optical Components,AI Infrastructure,Optical,Connectivity,7,325.8299865722656,-0.0042784108029779,-0.1405850700923069,0.1764514609508645,303.7460037231445,337.31120056152344,265.55465057373044,True,False,True,426.8900146484375,86.55000305175781,-0.236735516428978,8718490.0,6870599.5,1.268956224271259,2026-08-14
2026-08-14,NOK,Nokia,Technology,Telecom Infrastructure,AI Infrastructure,AI-RAN,Telecom Edge,5,10.760000228881836,0.0189393751247972,0.1495727161919131,0.0366088738199772,9.62649998664856,11.747799968719482,9.365399990081787,True,False,True,16.850000381469727,4.199999809265137,-0.3614243332175341,64730583.0,90211239.15,0.717544549990809,2026-08-14
2026-08-14,TEAM,Atlassian,Technology,Enterprise Software,Software,Developer Tools,SaaS,8,162.22000122070312,-0.0226532992144913,0.0882135456523047,0.7563880483833796,115.73475036621092,98.9393000793457,107.84845001220702,True,True,True,182.3600006103516,57.150001525878906,-0.1104408824426446,4176796.0,5457179.8,0.7653762846516438,2026-08-14
2026-08-14,DDOG,Datadog,Technology,Observability Software,Software,Cloud Software,SaaS,9,255.4600067138672,0.0127656246058494,0.0920361420603546,-0.0261512672263417,256.139501953125,248.8088006591797,172.27027534484864,False,True,True,288.1499938964844,102.61499786376952,-0.1134478149403008,4366268.0,5339108.4,0.8177897268390355,2026-08-14
2026-08-14,RDW,Redwire,Industrials,Space Infrastructure,Space Economy,Space Infrastructure,Space Hardware,6,13.579999923706056,0.0287878878736189,-0.0007358520065896,0.6071006189628605,10.527999997138975,11.856400022506714,10.226000010967256,True,True,True,25.89999961853028,5.059999942779541,-0.4756756708988451,13070794.0,18065559.7,0.7235200136090996,2026-08-14
2026-08-14,PL,Planet Labs,Technology,Earth Observation,Space Economy,Satellite Data,Space Software,6,24.690000534057617,-0.0024242208461568,0.0317593071119792,0.1177003333413346,22.31850004196167,26.467799949646,26.342499980926515,True,False,False,51.400001525878906,6.380000114440918,-0.5196498093170936,3688059.0,6233302.95,0.5916701032475888,2026-08-14
2026-08-14,UUUU,Energy Fuels,Energy,Nuclear Fuel,Nuclear,Nuclear Fuel,Upstream Nuclear,6,15.100000381469728,0.0356653265078683,0.0678925045854266,0.2939160482220879,12.71749997138977,13.694200019836426,17.566650013923645,True,True,False,27.71999931335449,8.470000267028809,-0.4552669280119681,7738581.0,6960429.05,1.1117965493808173,2026-08-14
2026-08-14,SMR,NuScale Power,Industrials,Small Modular Reactor,Nuclear,SMR,Reactor Developer,6,9.390000343322754,-0.04670050967839,-0.0437881226949632,0.2290576580392218,8.934500169754028,9.441200065612794,14.798849992752077,True,False,False,53.43000030517578,7.590000152587891,-0.8242560305130087,35578535.0,31850846.75,1.1170357660899548,2026-08-14
2026-08-14,OKLO,Oklo,Industrials,Advanced Nuclear,Nuclear,SMR,Reactor Developer,7,44.380001068115234,-0.0445640400608084,-0.0834365397275288,0.0642685912744061,42.90750045776368,49.0170002746582,70.4843498802185,True,False,False,174.13999938964844,36.84000015258789,-0.745147575378059,7940130.0,9808486.5,0.8095163305776074,2026-08-14
2026-08-14,RGTI,Rigetti Computing,Technology,Quantum Computing,Quantum,Quantum Hardware,Quantum Hardware,4,18.81999969482422,0.010741076615282,0.0490523486382286,0.3347517152948118,16.163500165939332,17.79590009689331,20.624075026512145,True,True,False,56.34000015258789,12.899999618530272,-0.6659566978371805,16913725.0,20893651.25,0.809515043475228,2026-08-14
2026-08-14,QBTS,D-Wave Quantum,Technology,Quantum Computing,Quantum,Quantum Hardware,Quantum Hardware,4,21.170000076293945,0.012918682425443,0.0197495107365994,0.2511820319643223,19.05799989700317,21.12579998016357,22.38094993114472,True,True,False,44.77999877929688,12.979999542236328,-0.5272442909024494,11009484.0,18437934.2,0.5971104940812729,2026-08-14
2026-08-14,IONQ,IonQ,Technology,Quantum Computing,Quantum,Quantum Hardware,Quantum Hardware,6,46.2599983215332,0.0284570651917182,0.0411883412961453,0.3179487274234578,38.61999979019165,46.10159992218018,45.25280000686646,True,True,True,82.08999633789062,26.59000015258789,-0.4364721600044611,18010821.0,21220371.05,0.8487514642209802,2026-08-14
2026-08-14,MU,Micron,Technology,Memory,AI Infrastructure,Memory,HBM,9,971.6599731445312,0.0229830134465234,0.1072164784974822,0.1388419587935441,890.052001953125,960.6536303710938,552.4436499786377,True,True,True,1213.3734130859375,115.60445404052734,-0.1992077931942347,27609119.0,41952230.95,0.6581084813559838,2026-08-14
2026-08-14,SNDK,Sandisk,Technology,Memory,AI Infrastructure,Memory,NAND,6,1641.1099853515625,0.0739475568402903,0.3538166144768844,0.163017005740786,1353.5469970703125,1655.6261962890626,903.233549118042,True,False,True,2335.0,44.400001525878906,-0.2971691711556478,20360626.0,16783611.3,1.2131254493483177,2026-08-14
2026-08-14,ORCL,Oracle,Technology,Enterprise Software,AI Infrastructure,NeoCloud,AI Cloud,8,150.52000427246094,-0.0364869856849469,0.0238062841673825,0.2118187374761624,135.1675003051758,152.0817073059082,175.08939678192138,True,False,False,324.62994384765625,114.98999786376952,-0.536333578817678,21804981.0,32166009.05,0.677888915783912,2026-08-14
2026-08-14,KEYS,Keysight Technologies,Technology,Electronic Test & Measurement,AI Infrastructure,Optical Test & Metrology,R&D Test & Standards,9,357.82000732421875,0.0112194465231738,0.0494178550699213,0.1152947738680942,327.9960021972656,334.03420104980466,275.3318492889404,True,True,True,373.3399963378906,158.50999450683594,-0.0415706572183751,926706.0,1123580.3,0.824779501740997,2026-08-14
2026-08-14,FORM,FormFactor,Technology,Semiconductor Test Equipment,AI Infrastructure,Optical Test & Metrology,Wafer-Level Test & Probing,8,131.60000610351562,-0.0005315718569379,0.1210495509647326,0.1363440884016336,111.61950073242188,122.6438005065918,97.45054971694948,True,True,True,159.92999267578125,27.850000381469727,-0.1771399229017518,819744.0,1364477.2,0.60077515402969,2026-08-14
2026-08-14,AEHR,Aehr Test Systems,Technology,Semiconductor Test Equipment,AI Infrastructure,Optical Test & Metrology,Wafer & Package Burn-In,6,134.05999755859375,0.0872667821615478,0.3006694281122204,0.5921615489012493,95.87650032043456,93.43360000610352,57.348650007247926,True,True,True,134.05999755859375,17.3799991607666,0.0,3267165.0,2712348.25,1.20455218093768,2026-08-14
2026-08-14,DELL,Dell Technologies,Technology,AI Server & Storage,AI Infrastructure,AI Servers,Systems & Storage,7,490.80999755859375,-0.0074821785888316,0.081627276906155,0.2561219777307648,436.09749908447264,421.7149853515625,229.0891039276123,True,True,True,494.510009765625,110.5447235107422,-0.0074821785888316,3574867.0,5855398.35,0.6105249867415085,2026-08-14
2026-08-14,CLS,Celestica,Technology,Electronics Manufacturing Services,AI Infrastructure,AI Servers,Contract Manufacturing,7,335.04998779296875,-0.0361879495818679,0.0541799136274632,0.1026459683571687,332.9324981689453,349.80519714355466,330.08654945373536,True,False,True,472.3999938964844,181.33999633789065,-0.290749381621738,2411895.0,3407184.75,0.7078850068227148,2026-08-14
2026-08-14,IREN,IREN Limited,Technology,AI Data Center & Bitcoin Mining,AI Infrastructure,NeoCloud,AI Cloud & Power Infrastructure,5,44.060001373291016,-0.0156388957661205,0.0686393854590177,0.2650014084698322,39.23199987411499,44.89339984893799,47.089850025177,True,False,False,76.41000366210938,18.729999542236328,-0.4233739136026276,37242921.0,49343186.05,0.7547733330851667,2026-08-14
2026-08-14,APH,Amphenol,Technology,Interconnect Components,AI Infrastructure,Connectivity,Connectors & Cables,8,167.11000061035156,0.0082051318874905,-0.0122354424580017,0.0912237251951264,161.21699905395508,159.58594909667968,143.76365257263183,True,True,True,176.32000732421875,107.91442108154295,-0.0522346094106708,4481766.0,6673243.3,0.6716023676223524,2026-08-14
2026-08-14,GLW,Corning,Technology,Optical Fiber & Materials,AI Infrastructure,Optical,Optical Fiber & Materials,7,165.99000549316406,0.0469913745586294,0.0018711542195049,0.0479828659183159,151.70899925231933,176.46899978637694,138.68130310058595,True,False,True,255.69000244140625,63.82233047485352,-0.3508154252874935,8284297.0,13497669.85,0.6137575664587765,2026-08-14
2026-08-14,CIEN,Ciena,Technology,Optical Networking Equipment,AI Infrastructure,Optical,Connectivity,7,428.7699890136719,-0.0316629085135006,0.039719619252174,0.1027751130526322,394.80650024414064,428.0713995361328,363.2016497039795,True,True,True,627.0,86.63999938964844,-0.3161563173625648,2514748.0,2143707.4,1.1730836027342164,2026-08-14
2026-08-14,STX,Seagate Technology,Technology,Storage Hardware,AI Infrastructure,Storage,HDD Storage,6,973.4400024414062,0.0565136781099497,0.1976967256572039,0.3057720629291962,848.9134979248047,888.88005859375,549.394511795044,True,True,True,1093.260498046875,153.16534423828125,-0.1095992179535707,5231374.0,5513418.7,0.9488439541150756,2026-08-14
2026-08-14,STRL,Sterling Infrastructure,Industrials,Infrastructure Construction,AI Infrastructure,Data Center Construction,Construction & Site Infrastructure,6,576.47998046875,0.0421577996536015,0.0537783479717965,-0.1380640917500331,587.1490020751953,716.0641979980469,511.6738497924805,False,False,True,993.739990234375,273.82000732421875,-0.4198885159761092,473472.0,861048.6,0.5498783692349073,2026-08-14
2026-08-14,EQIX,Equinix,Real Estate,Data Center REIT,AI Infrastructure,Data Centers,Colocation & Interconnection,8,1102.0999755859375,0.0263740668632166,0.0570485706655421,0.077743009874851,1045.220004272461,1052.3764013671876,936.5641290283204,True,True,True,1115.93994140625,718.5999145507812,-0.01240207049393,451190.0,602389.5,0.7490004390846786,2026-08-14
2026-08-14,NET,Cloudflare,Technology,Edge Cloud & Security,Software,Edge Cloud & Security,SaaS & Edge Network,8,315.7799987792969,-0.0454916071813861,0.0516535462520657,0.1565338005303469,287.16699981689453,262.8749990844727,217.47494995117188,True,True,True,330.8299865722656,160.19000244140625,-0.0454916071813861,3020052.0,4022432.6,0.7508023875900369,2026-08-14
2026-08-14,NOW,ServiceNow,Technology,Enterprise Software,Software,Workflow Automation,SaaS,9,124.0,-0.0255402750491159,-0.0070467430555126,0.1921930338736748,113.45650024414064,107.64900039672852,121.80999004364014,True,True,True,192.22999572753903,83.0,-0.3549393811788155,14566156.0,25117677.8,0.5799165080459786,2026-08-14
2026-08-14,SNOW,Snowflake,Technology,Data Cloud Software,Software,Data Cloud,SaaS,8,328.9200134277344,-0.0250755567391038,-0.0047504519139209,0.2181320895138627,301.08250122070314,270.00199920654296,214.4297003173828,True,True,True,337.3800048828125,121.11000061035156,-0.0250755567391038,2579589.0,4909214.45,0.5254586097781897,2026-08-14
2026-08-14,APP,AppLovin,Technology,AdTech Software,Software,AdTech & AI Applications,Application Software,8,315.44000244140625,0.0088591450881556,-0.090426719882942,-0.2739827046926394,380.1235015869141,450.23260009765625,508.1926261901856,False,False,False,733.5999755859375,303.760009765625,-0.5700108874874764,4990470.0,7449063.5,0.6699459603210525,2026-08-14
2026-08-14,CRWD,CrowdStrike,Technology,Cybersecurity Software,Software,Cybersecurity,SaaS,8,216.9499969482422,-0.0380437275639373,0.0117992668636413,0.0647330329652307,200.9439994812012,189.6363494873047,137.14468746185304,True,True,True,225.52999877929688,87.5625,-0.0380437275639373,6688148.0,7524167.4,0.8888887825648323,2026-08-14
2026-08-14,FLNC,Fluence Energy,Industrials,Energy Storage,AI Infrastructure,Energy Storage,Grid Storage,6,13.140000343322754,-0.0060514313230066,-0.0041681964966652,-0.0887655843411174,13.68424997329712,17.4656999206543,18.69279998779297,False,False,False,32.22999954223633,6.75,-0.5923052891731126,3917226.0,8091936.3,0.4840900687762458,2026-08-14
2026-08-14,BE,Bloom Energy,Industrials,Fuel Cells & Distributed Power,AI Infrastructure,Power,On-site Power Generation,6,229.94000244140625,-0.0265853811990687,0.0483268272111505,0.1122720804602392,211.48250045776368,247.24480041503907,184.5627007293701,True,False,True,345.8500061035156,43.09999847412109,-0.3351452988768102,12191188.0,17414954.4,0.7000413391837536,2026-08-14
2026-08-14,KLAC,KLA,Technology,Semicap Equipment,AI Infrastructure,Equipment,Process Control & Metrology,9,203.72000122070312,-0.0269856905394776,0.0283176043262221,-0.0713406311019159,198.67400131225585,221.8042202758789,166.56810165405273,True,False,True,301.7099914550781,84.03205871582031,-0.3247820523337386,7027440.0,11599462.0,0.6058418916325602,2026-08-14
2026-08-14,RMBS,Rambus,Technology,Semiconductor IP,AI Infrastructure,Memory Interface,Memory & IP,7,100.8499984741211,0.0153024928525793,-0.0065996669730098,-0.0056201903482063,97.00100021362304,114.4784001159668,109.03669994354247,True,False,False,170.66000366210938,69.68000030517578,-0.4090589692369014,1097994.0,2527774.7,0.4343717816306967,2026-08-14
2026-08-14,LITE,Lumentum,Technology,Optical Components,AI Infrastructure,Optical,Connectivity,6,926.1400146484376,0.0519417577024641,0.0404080483827229,0.3113858661646245,797.9914978027343,813.6805981445312,635.6102497863769,True,True,True,1053.0899658203125,115.86000061035156,-0.120549958020905,4224373.0,5173808.65,0.8164919280499482,2026-08-14
2026-08-17,NVDA,NVIDIA,Technology,Semiconductor,AI Infrastructure,GPU,Compute,10,225.009994506836,-0.0006662335798259,0.034290927834661,0.1094620443542404,211.4814987182617,206.6465991210937,194.86817443847656,True,True,True,235.465576171875,164.97772216796875,-0.044403865036336,81442206.0,119981685.3,0.6787886484204936,2026-08-17
2026-08-17,AVGO,Broadcom,Technology,Semiconductor,AI Infrastructure,Networking,Connectivity,9,392.4299926757813,-0.0014249664686364,-0.0709517084606012,0.0582477331544122,400.2020004272461,389.8124896240234,368.3534153747559,False,True,True,480.8090515136719,287.4934997558594,-0.1838132176581487,19981730.0,18377386.5,1.0872998725906973,2026-08-17
2026-08-17,ANET,Arista,Technology,Networking Equipment,AI Infrastructure,Networking,Connectivity,8,201.8000030517578,0.014988409706069,0.053675848736262,0.1968448035185441,185.3835014343261,174.60680084228517,148.48244983673095,True,True,True,210.5,116.12999725341795,-0.041330151773122,3928733.0,7659836.65,0.5129003632211921,2026-08-17
2026-08-17,CRDO,Credo,Technology,Semiconductor,AI Infrastructure,Optical,Connectivity,7,282.82000732421875,0.0881878182608315,0.1787359501614689,0.3954017048768803,230.6722496032715,240.69399932861327,171.6902752685547,True,True,True,302.5199890136719,87.80999755859375,-0.0651196033481371,5747881.0,5031459.05,1.14238850855797,2026-08-17
2026-08-17,TSM,TSMC,Technology,Semiconductor Foundry,AI Infrastructure,Foundry,Manufacturing,9,430.9700012207031,0.0108361558603233,0.029870719438757,0.0818334877201927,413.5724990844727,424.80456115722654,362.97871627807615,True,True,True,477.5700073242188,224.84336853027344,-0.0975773297921517,7248242.0,12516532.1,0.5790934695082195,2026-08-17
2026-08-17,ASML,ASML,Technology,Semicap Equipment,AI Infrastructure,Equipment,Manufacturing Equipment,10,1883.1199951171875,0.0211704698238921,0.0863234743605019,0.0789522974490133,1730.8714538574218,1776.5865356445313,1428.6520803833007,True,True,True,1986.870361328125,721.100341796875,-0.0522179847413826,1215109.0,1571780.45,0.7730780720678897,2026-08-17
2026-08-17,VRT,Vertiv,Industrials,Electrical Equipment,AI Infrastructure,Power,Power Infrastructure,7,292.42999267578125,-0.0047985423348835,0.0826730324608273,0.0099115732193177,276.0714988708496,296.110426940918,251.6929345703125,True,False,True,376.1517333984375,121.68595886230467,-0.2225743849862158,2865583.0,6134334.15,0.4671383934962199,2026-08-17
2026-08-17,ETN,Eaton,Industrials,Electrical Equipment,AI Infrastructure,Power,Power Infrastructure,8,455.3999938964844,0.008615499206493,0.0234627891088949,0.1413297112752771,425.8191818237305,413.1612078857422,376.3925256347656,True,True,True,459.9599914550781,313.2000427246094,-0.0099139004333143,1260374.0,2327633.7,0.5414829661557142,2026-08-17
2026-08-17,GEV,GE Vernova,Industrials,Power Equipment,AI Infrastructure,Power,Grid Infrastructure,7,1079.0,0.014813073124853,0.0889640476217754,0.0200030579892855,1009.5225067138672,1029.781199951172,859.4528607177734,True,True,True,1174.8599853515625,546.9464721679688,-0.0815926889559334,1651438.0,2543401.9,0.6493028097525602,2026-08-17
2026-08-17,CEG,Constellation Energy,Utilities,Power Generation,AI Infrastructure,Energy,Power Supply,6,278.20001220703125,-0.015221195727323,0.0287320923776583,0.1022624227576323,270.2515014648437,261.368701171875,301.53971008300783,True,True,False,402.3219604492188,236.5,-0.3085139774711707,2120590.0,2790759.5,0.7598612492405741,2026-08-17
2026-08-17,NBIS,Nebius,Technology,AI Cloud Infrastructure,AI Infrastructure,NeoCloud,AI Cloud,7,268.8500061035156,-0.0317991457979311,0.4602683461639159,0.5128580043125761,210.08600158691405,222.4206005859375,147.19082550048827,True,True,True,286.69000244140625,64.05999755859375,-0.0622274798073461,19591625.0,26956226.25,0.7267940556033877,2026-08-17
2026-08-17,CRWV,CoreWeave,Technology,AI Cloud Infrastructure,AI Infrastructure,NeoCloud,AI Cloud,8,106.0,0.0070301904688525,0.2019503012308767,0.4478896506704353,85.35600051879882,90.61920013427736,92.800924949646,True,True,True,143.0800018310547,60.81999969482422,-0.2591557265622475,31890805.0,32612410.25,0.9778732928824236,2026-08-17
2026-08-17,MRVL,Marvell,Technology,Semiconductor,AI Infrastructure,Networking,Connectivity,8,234.3300018310547,0.0554454433010775,0.123561586949199,0.2419440901384613,204.47649993896485,236.42742553710937,142.11051982879638,True,False,True,316.3519592285156,62.17753219604492,-0.2592743778084607,20909958.0,21643987.9,0.9660861989300964,2026-08-17
2026-08-17,COHR,Coherent,Technology,Optical Components,AI Infrastructure,Optical,Connectivity,7,351.2200012207031,0.0779241190031054,0.0801784032403163,0.2652017056863283,307.0370040893555,335.8976007080078,266.6395505523682,True,True,True,426.8900146484375,86.55000305175781,-0.1772588039803458,8437882.0,7115159.1,1.1859020833420295,2026-08-17
2026-08-17,NOK,Nokia,Technology,Telecom Infrastructure,AI Infrastructure,AI-RAN,Telecom Edge,5,10.779999732971191,0.0018586899315924,0.1807228475189688,0.0652173769639965,9.661499977111816,11.63099994659424,9.38044998884201,True,False,True,16.850000381469727,4.210000038146973,-0.3602374190551255,88768662.0,90775478.1,0.977892530648098,2026-08-17
2026-08-17,TEAM,Atlassian,Technology,Enterprise Software,Software,Developer Tools,SaaS,8,158.33999633789062,-0.0239181657848324,0.0426022349952055,0.697287970671852,118.83025016784669,100.07610000610352,107.82034996032716,True,True,True,182.3600006103516,57.150001525878906,-0.1317175048917906,3047474.0,5469518.7,0.5571740709104807,2026-08-17
2026-08-17,DDOG,Datadog,Technology,Observability Software,Software,Cloud Software,SaaS,9,247.32000732421875,-0.0318640850846206,-0.0516143550812329,-0.0439522015148723,255.3455017089844,248.8832006835937,172.72052536010742,False,False,True,288.1499938964844,102.61499786376952,-0.1416969891969994,3765036.0,5366081.8,0.7016359683521783,2026-08-17
2026-08-17,RDW,Redwire,Industrials,Space Infrastructure,Space Economy,Space Infrastructure,Space Hardware,6,13.40999984741211,-0.0125184151140665,0.0221036558218437,0.58698226628461,10.768499970436096,11.69600001335144,10.253800010681152,True,True,True,25.89999961853028,5.059999942779541,-0.4822393805049377,15947796.0,18071114.8,0.8825020579250594,2026-08-17
2026-08-17,PL,Planet Labs,Technology,Earth Observation,Space Economy,Satellite Data,Space Software,6,24.3799991607666,-0.0125557459127388,0.0554112016519126,0.085002220995928,22.43000001907349,26.08479995727539,26.400199975967407,True,False,False,51.400001525878906,6.380000114440918,-0.5256809642604438,4366238.0,6081061.9,0.7180058469722204,2026-08-17
2026-08-17,UUUU,Energy Fuels,Energy,Nuclear Fuel,Nuclear,Nuclear Fuel,Upstream Nuclear,6,14.789999961853027,-0.0205298285950458,0.0349895032424594,0.2872062886397881,12.869999980926512,13.642600002288818,17.540450010299683,True,True,False,27.71999931335449,8.470000267028809,-0.4664502046099351,5182287.0,6917184.35,0.7491902395228197,2026-08-17
2026-08-17,SMR,NuScale Power,Industrials,Small Modular Reactor,Nuclear,SMR,Reactor Developer,6,9.1899995803833,-0.0212993349975406,0.0010892456290967,0.1904144857697149,8.996000146865844,9.38500005722046,14.634199995994567,True,False,False,53.43000030517578,7.590000152587891,-0.8279992601929096,20704126.0,31071656.3,0.6663348036583424,2026-08-17
2026-08-17,OKLO,Oklo,Industrials,Advanced Nuclear,Nuclear,SMR,Reactor Developer,7,43.880001068115234,-0.0112663359163194,-0.0137109594816401,0.0673802095995634,43.026000595092775,48.58680030822754,70.0423498916626,True,False,False,174.13999938964844,36.84000015258789,-0.7480188284029382,5443282.0,9748684.1,0.558360691983034,2026-08-17
2026-08-17,RGTI,Rigetti Computing,Technology,Quantum Computing,Quantum,Quantum Hardware,Quantum Hardware,4,18.670000076293945,-0.0079702242806903,0.0577903954565981,0.3231750907562056,16.384500169754027,17.68610010147095,20.53207502841949,True,True,False,56.34000015258789,12.899999618530272,-0.6686190978748805,10078622.0,20607331.1,0.4890794422185024,2026-08-17
2026-08-17,QBTS,D-Wave Quantum,Technology,Quantum Computing,Quantum,Quantum Hardware,Quantum Hardware,4,20.8700008392334,-0.0141709606036555,0.0336800538478796,0.2474597376135772,19.26549997329712,20.99040000915528,22.32529993534088,True,False,False,44.77999877929688,12.979999542236328,-0.533943693431224,9871489.0,18244494.45,0.5410667325999817,2026-08-17
2026-08-17,IONQ,IonQ,Technology,Quantum Computing,Quantum,Quantum Hardware,Quantum Hardware,6,46.84000015258789,0.0125378696951812,0.1013402656242039,0.3467510579807682,39.24999971389771,45.72519985198974,45.20125,True,True,True,82.08999633789062,26.59000015258789,-0.4294067213769901,12498010.0,21026260.5,0.594400036088205,2026-08-17
2026-08-17,MU,Micron,Technology,Memory,AI Infrastructure,Memory,HBM,9,1011.75,0.0412593170074995,0.1750871080139373,0.1917662824101205,897.3665008544922,960.9716931152344,556.3939337921142,True,True,True,1213.3734130859375,115.60446166992188,-0.1661676536765005,33067341.0,41740602.05,0.7922104468064327,2026-08-17
2026-08-17,SNDK,Sandisk,Technology,Memory,AI Infrastructure,Memory,NAND,6,1786.8499755859375,0.0888057421716035,0.4434292297999782,0.3188837236123019,1373.3419982910157,1656.1695947265623,911.2901490020752,True,True,True,2335.0,44.400001525878906,-0.2347537577790417,17676423.0,17076041.15,1.0351593115011908,2026-08-17
2026-08-17,ORCL,Oracle,Technology,Enterprise Software,AI Infrastructure,NeoCloud,AI Cloud,8,146.64999389648438,-0.0257109371919186,-0.0291294873642985,0.160113833146275,136.4310001373291,150.30429458618164,174.4319111251831,True,False,False,324.62994384765625,114.98999786376952,-0.5482548770506983,20578382.0,31361024.1,0.6561769773328289,2026-08-17
2026-08-17,KEYS,Keysight Technologies,Technology,Electronic Test & Measurement,AI Infrastructure,Optical Test & Metrology,R&D Test & Standards,9,361.1499938964844,0.0093063174336374,0.0591840707497288,0.154719217994403,330.0360000610352,333.3365997314453,277.76459899902346,True,True,True,373.3399963378906,158.50999450683594,-0.0326512095167369,1514983.0,1092249.15,1.3870306056086197,2026-08-17
2026-08-17,FORM,FormFactor,Technology,Semiconductor Test Equipment,AI Infrastructure,Optical Test & Metrology,Wafer-Level Test & Probing,8,138.16000366210938,0.0498480034524748,0.2284164858413579,0.3087051630339537,113.29350090026855,122.47840057373048,98.24139972686768,True,True,True,159.92999267578125,27.850000381469727,-0.1361219909376546,890980.0,1348074.0,0.660928109287769,2026-08-17
2026-08-17,AEHR,Aehr Test Systems,Technology,Semiconductor Test Equipment,AI Infrastructure,Optical Test & Metrology,Wafer & Package Burn-In,6,145.61000061035156,0.0861554771154582,0.3710923238662267,0.7965452822668779,99.28900032043455,94.01419998168946,57.95125000953674,True,True,True,145.61000061035156,17.3799991607666,0.0,2490519.0,2672170.95,0.9320208349694094,2026-08-17
2026-08-17,DELL,Dell Technologies,Technology,AI Server & Storage,AI Infrastructure,AI Servers,Systems & Storage,7,479.80999755859375,-0.0224119314087256,0.0478946283784413,0.212602528042334,441.0254989624024,422.8841107177734,230.6712265777588,True,True,True,494.510009765625,110.5447235107422,-0.0297264199242365,5260636.0,5903476.8,0.8911081009075872,2026-08-17
2026-08-17,CLS,Celestica,Technology,Electronics Manufacturing Services,AI Infrastructure,AI Servers,Contract Manufacturing,7,340.3999938964844,0.0159677848035662,0.0820432876412005,0.1296210195569127,334.585498046875,348.10599731445313,330.1562993621826,True,False,True,472.3999938964844,181.33999633789065,-0.2794242203756776,1795307.0,3417645.35,0.5253052368350625,2026-08-17
2026-08-17,IREN,IREN Limited,Technology,AI Data Center & Bitcoin Mining,AI Infrastructure,NeoCloud,AI Cloud & Power Infrastructure,5,44.900001525878906,0.0190649143532959,0.1590087656303866,0.3355146624736009,39.46699991226196,44.554199867248535,47.00225004196167,True,True,False,76.41000366210938,18.729999542236328,-0.4123805866515856,39886040.0,46925167.0,0.8499924997603099,2026-08-17
2026-08-17,APH,Amphenol,Technology,Interconnect Components,AI Infrastructure,Connectivity,Connectors & Cables,8,170.8699951171875,0.0225001166483331,0.018902792049088,0.1300925831081769,162.23499908447266,160.07237091064454,143.9352544784546,True,True,True,176.32000732421875,107.91442108154295,-0.0309097775671578,5110143.0,6690732.15,0.7637643960982655,2026-08-17
2026-08-17,GLW,Corning,Technology,Optical Fiber & Materials,AI Infrastructure,Optical,Optical Fiber & Materials,7,173.2100067138672,0.043496602095121,0.0979336507669679,0.1203027361107862,152.71449928283693,175.97919998168945,139.11813243865967,True,False,True,255.69000244140625,63.82233047485352,-0.3225781021549332,11353793.0,13676469.65,0.8301698677041264,2026-08-17
2026-08-17,CIEN,Ciena,Technology,Optical Networking Equipment,AI Infrastructure,Optical,Connectivity,7,445.1799926757813,0.0382722767044829,0.1482589080705414,0.1890173561642842,398.1270004272461,426.2623992919922,364.51234970092776,True,True,True,627.0,86.63999938964844,-0.2899840627180522,2189056.0,2165582.8,1.0108392068869407,2026-08-17
2026-08-17,STX,Seagate Technology,Technology,Storage Hardware,AI Infrastructure,Storage,HDD Storage,6,994.7899780273438,0.0219325028069437,0.2419505738595579,0.2629688088070527,858.5304962158203,890.2692541503907,553.2591066741943,True,True,True,1093.260498046875,153.33395385742188,-0.0900705003020324,4322235.0,5487111.75,0.7877067566557214,2026-08-17
2026-08-17,STRL,Sterling Infrastructure,Industrials,Infrastructure Construction,AI Infrastructure,Data Center Construction,Construction & Site Infrastructure,6,603.8900146484375,0.0475472438043724,0.1426273930293975,-0.0542940100267946,587.6245056152344,703.0145983886719,514.3821499633789,True,False,True,993.739990234375,273.82000732421875,-0.392305813811509,672473.0,833763.65,0.8065511131361988,2026-08-17
2026-08-17,EQIX,Equinix,Real Estate,Data Center REIT,AI Infrastructure,Data Centers,Colocation & Interconnection,8,1097.6099853515625,-0.0040740316975217,0.0519752920460085,0.0760882209329043,1049.1990051269531,1051.391201171875,938.989054260254,True,True,True,1115.93994140625,718.5999145507812,-0.0164255757631446,476390.0,612174.5,0.7781931459085604,2026-08-17
2026-08-17,NET,Cloudflare,Technology,Edge Cloud & Security,Software,Edge Cloud & Security,SaaS & Edge Network,8,307.010009765625,-0.0277724651579385,-0.0115264065632395,0.1057048394310053,288.6289993286133,263.781999206543,218.1260499572754,True,True,True,330.8299865722656,160.19000244140625,-0.0720006582639009,2957151.0,4049297.55,0.7302874050339917,2026-08-17
2026-08-17,NOW,ServiceNow,Technology,Enterprise Software,Software,Workflow Automation,SaaS,9,117.6999969482422,-0.0508064762238533,-0.0764281646780592,0.1400619855063671,114.10650024414062,107.61580032348633,121.46058002471923,True,True,False,192.22999572753903,83.0,-0.3877126381718981,17768658.0,25002862.9,0.7106649374940179,2026-08-17
2026-08-17,SNOW,Snowflake,Technology,Data Cloud Software,Software,Data Cloud,SaaS,8,330.1099853515625,0.0036178155030068,-0.0137138532658002,0.2276310630138633,303.8710006713867,271.7205990600586,214.7450003051757,True,True,True,337.3800048828125,121.11000061035156,-0.0215484599740142,2591914.0,4849230.7,0.5345000393567582,2026-08-17
2026-08-17,APP,AppLovin,Technology,AdTech Software,Software,AdTech & AI Applications,Application Software,8,311.9800109863281,-0.0109687783042699,-0.0797049823412149,-0.265134016330721,374.4925018310547,445.2948004150391,506.6184262084961,False,False,False,733.5999755859375,303.760009765625,-0.574727342735876,5920813.0,7503285.65,0.7890960408791047,2026-08-17
2026-08-17,CRWD,CrowdStrike,Technology,Cybersecurity Software,Software,Cybersecurity,SaaS,8,213.8999938964844,-0.0140585530982305,-0.0500089251309595,0.05327945621367,201.7144989013672,190.31889923095704,137.53051242828369,True,True,True,225.52999877929688,87.5625,-0.0515674408981555,6401442.0,7478402.1,0.8559906132889004,2026-08-17
2026-08-17,FLNC,Fluence Energy,Industrials,Energy Storage,AI Infrastructure,Energy Storage,Grid Storage,6,12.630000114440918,-0.0388128017927335,-0.0015809885132375,-0.1023453881746009,13.601749992370603,17.17529993057251,18.665449986457823,False,False,False,32.22999954223633,6.75,-0.6081290631763823,6807461.0,8216493.05,0.8285117456528488,2026-08-17
2026-08-17,BE,Bloom Energy,Industrials,Fuel Cells & Distributed Power,AI Infrastructure,Power,On-site Power Generation,6,232.1600036621093,0.009654697734766,0.1022171498845829,0.0800148697945337,213.23750076293945,246.0606005859375,185.1571007537842,True,False,True,345.8500061035156,43.09999847412109,-0.3287263276999276,10592111.0,17084040.55,0.6200003429516561,2026-08-17
2026-08-17,KLAC,KLA,Technology,Semicap Equipment,AI Infrastructure,Equipment,Process Control & Metrology,9,205.759994506836,0.0100137113386464,0.0675520838569949,-0.0328554899796195,198.58200073242188,221.6572201538086,166.99643939971924,True,False,True,301.7099914550781,84.03205871582031,-0.3180206147151354,7286765.0,11560393.25,0.6303215506963831,2026-08-17
2026-08-17,RMBS,Rambus,Technology,Semiconductor IP,AI Infrastructure,Memory Interface,Memory & IP,7,100.61000061035156,-0.0023797507922731,0.0492230811424185,-0.0081821945098444,96.98900032043456,113.10360000610352,109.02114994049072,True,False,False,170.66000366210938,69.68000030517578,-0.4104652616230465,1844729.0,2530801.45,0.7289109937881535,2026-08-17
2026-08-17,LITE,Lumentum,Technology,Optical Components,AI Infrastructure,Optical,Connectivity,6,968.9000244140624,0.046170135281172,0.1910118041365045,0.3221527997739228,808.1589996337891,814.1569982910156,639.462799911499,True,True,True,1053.0899658203125,115.88999938964844,-0.0799456306096978,5373874.0,5223018.7,1.0288827799908125,2026-08-17
2026-08-18,NVDA,NVIDIA,Technology,Semiconductor,AI Infrastructure,GPU,Compute,10,219.7400054931641,-0.0234211330266566,0.0102988758306392,0.0809720917587075,212.10399932861327,206.9393991088868,194.9329933166504,True,True,True,235.465576171875,164.97772216796875,-0.0667850092330789,102376166.0,120286883.3,0.8510999968689021,2026-08-18
2026-08-18,AVGO,Broadcom,Technology,Semiconductor,AI Infrastructure,Networking,Connectivity,9,380.0,-0.0316744206808135,-0.0867140639700034,0.0048656555957056,399.8770004272461,389.7100799560547,368.3342694091797,False,False,True,480.8090515136719,287.4934997558594,-0.2096654611561641,22808949.0,18660357.45,1.2223211190415864,2026-08-18
2026-08-18,ANET,Arista,Technology,Networking Equipment,AI Infrastructure,Networking,Connectivity,8,193.17999267578125,-0.0427156107315107,-0.0236038073473245,0.1407144122433599,186.3135009765625,175.38500061035157,148.63819980621338,True,True,True,210.5,116.12999725341795,-0.0822803198300178,8879939.0,7873826.95,1.1277792941588587,2026-08-18
2026-08-18,CRDO,Credo,Technology,Semiconductor,AI Infrastructure,Optical,Connectivity,7,245.97000122070312,-0.1302949054140698,-0.0069441689359667,0.1598528444649747,231.7772499084473,241.4755993652344,172.0625252532959,True,True,True,302.5199890136719,87.80999755859375,-0.1869297562033597,7695939.0,5179591.95,1.4858195537970902,2026-08-18
2026-08-18,TSM,TSMC,Technology,Semiconductor Foundry,AI Infrastructure,Foundry,Manufacturing,9,413.4100036621094,-0.040745289715887,-0.020494702048335,0.0276162470948371,413.0125,424.7887609863281,363.5322427368164,True,False,True,477.5700073242188,224.84336853027344,-0.1343468029359549,13979893.0,12417464.65,1.125825069290614,2026-08-18
2026-08-18,ASML,ASML,Technology,Semicap Equipment,AI Infrastructure,Equipment,Manufacturing Equipment,10,1802.97998046875,-0.0425570408982091,0.0020006755527841,0.0381202069125816,1731.061297607422,1779.8537451171876,1432.3383718872071,True,True,True,1986.870361328125,721.100341796875,-0.0925527827273307,1463646.0,1564467.3,0.9355555082551102,2026-08-18
2026-08-18,VRT,Vertiv,Industrials,Electrical Equipment,AI Infrastructure,Power,Power Infrastructure,7,272.5400085449219,-0.0680162248367988,-0.0328944646889061,-0.0655878355748499,274.4734992980957,295.5522769165039,252.06010032653808,False,False,True,376.1517333984375,121.68595886230467,-0.2754519404108799,5073745.0,6249407.25,0.8118761983386504,2026-08-18
2026-08-18,ETN,Eaton,Industrials,Electrical Equipment,AI Infrastructure,Power,Power Infrastructure,8,431.3299865722656,-0.0528546500808474,-0.0608766170664946,0.0771809875986195,427.2876296997071,413.88844299316406,376.6318043518066,True,True,True,459.9599914550781,313.20001220703125,-0.0622445547758225,2098009.0,2355600.45,0.8906472233013879,2026-08-18
2026-08-18,GEV,GE Vernova,Industrials,Power Equipment,AI Infrastructure,Power,Grid Infrastructure,7,1004.530029296875,-0.0690175817452501,-0.0072636829964721,-0.0691729097080382,1005.8085052490236,1031.2091369628906,861.5910064697266,False,False,True,1174.8599853515625,546.9464721679688,-0.1449789406213527,2322731.0,2504796.55,0.9273132382747812,2026-08-18
2026-08-18,CEG,Constellation Energy,Utilities,Power Generation,AI Infrastructure,Energy,Power Supply,6,266.8299865722656,-0.0408699681375436,-0.0414211789986076,0.0525837734606138,270.48200073242185,261.6087008666992,300.87479934692385,False,True,False,402.3219299316406,236.5,-0.3367749388714572,3231309.0,2831465.45,1.1412143489160356,2026-08-18
2026-08-18,NBIS,Nebius,Technology,AI Cloud Infrastructure,AI Infrastructure,NeoCloud,AI Cloud,7,248.42999267578125,-0.0759531819384524,0.285669917552946,0.360365783146382,211.6615013122559,222.83300048828124,147.8074754714966,True,True,True,286.69000244140625,64.05999755859375,-0.1334542866504199,22190259.0,26794527.95,0.8281638341010594,2026-08-18
2026-08-18,CRWV,CoreWeave,Technology,AI Cloud Infrastructure,AI Infrastructure,NeoCloud,AI Cloud,8,93.16999816894533,-0.1210377531231574,0.0315544561974174,0.2752532340864566,86.03550033569336,90.47480010986328,92.56712497711182,True,True,True,143.0800018310547,60.81999969482422,-0.3488258528333111,36876919.0,33239035.95,1.1094461059421912,2026-08-18
2026-08-18,MRVL,Marvell,Technology,Semiconductor,AI Infrastructure,Networking,Connectivity,8,216.0,-0.0782230260223789,0.0173802575660049,0.1080332271203485,204.87849960327148,235.47932495117183,142.74043018341064,True,False,True,316.3519592285156,62.177528381347656,-0.3172161774285923,25447297.0,21821354.85,1.166164849750381,2026-08-18
2026-08-18,COHR,Coherent,Technology,Optical Components,AI Infrastructure,Optical,Connectivity,7,306.42999267578125,-0.1275269300986542,-0.0673829447451382,0.0736860519587976,306.4975036621093,334.486400756836,267.4814005279541,False,False,True,426.8900146484375,86.55000305175781,-0.2821804629744275,8892316.0,7342655.8,1.2110490049118194,2026-08-18
2026-08-18,NOK,Nokia,Technology,Telecom Infrastructure,AI Infrastructure,AI-RAN,Telecom Edge,5,10.390000343322754,-0.0361780518839536,0.1006356785135449,0.0307540101153813,9.649499988555908,11.551199951171874,9.395749990940097,True,False,True,16.850000381469727,4.210000038146973,-0.3833827829019612,105096955.0,90996627.75,1.1549543933511317,2026-08-18
2026-08-18,TEAM,Atlassian,Technology,Enterprise Software,Software,Developer Tools,SaaS,8,163.0,0.0294303635839749,0.0578919915819178,0.690345322867858,122.45025024414062,101.34669998168944,107.83894996643066,True,True,True,182.3600006103516,57.150001525878906,-0.1061636353671552,4741344.0,5543367.2,0.8553184064732352,2026-08-18
2026-08-18,DDOG,Datadog,Technology,Observability Software,Software,Cloud Software,SaaS,9,246.0,-0.0053372444004835,-0.0031607050131905,-0.0653495874213784,254.9060020446777,249.12100067138672,173.17052536010743,False,False,True,288.1499938964844,102.61499786376952,-0.146277962135326,3615748.0,5322257.4,0.6793636098847831,2026-08-18
2026-08-18,RDW,Redwire,Industrials,Space Infrastructure,Space Economy,Space Infrastructure,Space Hardware,6,12.9399995803833,-0.0350484916015498,-0.0421910169386956,0.5046510472563346,10.944499945640564,11.585799989700318,10.279250009059906,True,True,True,25.89999961853028,5.059999942779541,-0.5003861092289237,13133486.0,17781059.3,0.7386222484506308,2026-08-18
2026-08-18,PL,Planet Labs,Technology,Earth Observation,Space Economy,Satellite Data,Space Software,6,23.36000061035156,-0.0418375137623657,-0.0143459975376692,0.0546275852216731,22.443000030517577,25.90759994506836,26.452499980926515,True,False,False,51.400001525878906,6.380000114440918,-0.5455252934459496,4349386.0,6039189.3,0.7201936855994894,2026-08-18
2026-08-18,UUUU,Energy Fuels,Energy,Nuclear Fuel,Nuclear,Nuclear Fuel,Upstream Nuclear,6,14.09000015258789,-0.0473292637640706,-0.0466846815189077,0.2001703941469415,12.95699996948242,13.623800010681151,17.50890001296997,True,True,False,27.71999931335449,8.470000267028809,-0.4917027236072174,6113251.0,6913087.55,0.8843011108690502,2026-08-18
2026-08-18,SMR,NuScale Power,Industrials,Small Modular Reactor,Nuclear,SMR,Reactor Developer,6,8.640000343322754,-0.0598475802147542,-0.1263902888379512,0.0854271736076623,8.992500162124633,9.347800064086917,14.461550006866457,False,False,False,53.43000030517578,7.590000152587891,-0.8382930882655115,27910920.0,30776956.0,0.9068772103388002,2026-08-18
2026-08-18,OKLO,Oklo,Industrials,Advanced Nuclear,Nuclear,SMR,Reactor Developer,7,41.36000061035156,-0.0574293618145509,-0.1201871498173108,-0.0036135320945996,42.88750057220459,48.252200317382815,69.53204990386963,False,False,False,174.13999938964844,36.84000015258789,-0.7624899462770404,7692285.0,9684794.25,0.7942641631235481,2026-08-18
2026-08-18,RGTI,Rigetti Computing,Technology,Quantum Computing,Quantum,Quantum Hardware,Quantum Hardware,4,17.709999084472656,-0.0514194423084251,-0.0210061395749006,0.2428069532963268,16.506000137329103,17.626700077056885,20.4235750246048,True,True,False,56.34000015258789,12.899999618530272,-0.6856585190538169,13103160.0,20329458.0,0.6445405480067398,2026-08-18
2026-08-18,QBTS,D-Wave Quantum,Technology,Quantum Computing,Quantum,Quantum Hardware,Quantum Hardware,4,19.530000686645508,-0.0642070004170211,-0.0346020203376356,0.1680622899934349,19.352000045776368,20.904000015258788,22.25164994716644,True,False,False,44.77999877929688,12.979999542236328,-0.5638677709014408,12866821.0,18073721.05,0.7119076898666642,2026-08-18
2026-08-18,IONQ,IonQ,Technology,Quantum Computing,Quantum,Quantum Hardware,Quantum Hardware,6,44.119998931884766,-0.0580700514910832,0.0156537828423799,0.2885513075085917,39.680499744415286,45.4719998550415,45.11629999160767,True,False,False,82.08999633789062,26.59000015258789,-0.4625411024470942,14307758.0,20790362.9,0.6881918352661367,2026-08-18
2026-08-18,MU,Micron,Technology,Memory,AI Infrastructure,Memory,HBM,9,940.760009765625,-0.0701655450796886,0.0831759644105425,0.0870057378518032,895.8635009765625,962.5093505859376,559.9656915283203,True,False,True,1213.3734130859375,115.6044464111328,-0.2246739547613646,36640946.0,41127802.3,0.890904545123239,2026-08-18
2026-08-18,SNDK,Sandisk,Technology,Memory,AI Infrastructure,Memory,NAND,6,1625.780029296875,-0.0901418409434429,0.2790841956190488,0.1688271227351894,1375.1609985351563,1657.4987963867188,918.3972491455078,True,False,True,2335.0,44.400001525878906,-0.3037344628278907,18329800.0,17303830.0,1.0592914978938188,2026-08-18
2026-08-18,ORCL,Oracle,Technology,Enterprise Software,AI Infrastructure,NeoCloud,AI Cloud,8,142.7899932861328,-0.0263211781179903,-0.0184905314847836,0.1763881736462302,137.21799964904784,148.90131088256837,173.78251132965087,True,False,False,324.6299743652344,114.98999786376952,-0.5601453822453166,17107649.0,30837152.45,0.5547739541690401,2026-08-18
2026-08-18,KEYS,Keysight Technologies,Technology,Electronic Test & Measurement,AI Infrastructure,Optical Test & Metrology,R&D Test & Standards,9,341.0,-0.0557939754590164,-0.0078557233376089,0.0855378177809262,332.159001159668,333.57180053710937,279.4855490875244,True,True,True,373.3399963378906,158.50999450683594,-0.0866234441932692,2567977.0,1159398.85,2.214921120544496,2026-08-18
2026-08-18,FORM,FormFactor,Technology,Semiconductor Test Equipment,AI Infrastructure,Optical Test & Metrology,Wafer-Level Test & Probing,8,124.33999633789062,-0.100029002300967,0.0270091405906411,0.177796691269543,114.20050086975098,122.84120056152344,98.33209972381592,True,True,True,159.92999267578125,27.850000381469727,-0.2225348462939068,1507932.0,1346386.6,1.119984408638648,2026-08-18
2026-08-18,AEHR,Aehr Test Systems,Technology,Semiconductor Test Equipment,AI Infrastructure,Optical Test & Metrology,Wafer & Package Burn-In,6,123.25,-0.1535608853555761,0.0518006458356026,0.5932006079057333,100.5060001373291,94.5102000427246,58.432500009536746,True,True,True,145.61000061035156,17.3799991607666,-0.1535608853555761,3208741.0,2573062.05,1.2470515431215503,2026-08-18
2026-08-18,DELL,Dell Technologies,Technology,AI Server & Storage,AI Infrastructure,AI Servers,Systems & Storage,7,468.6499938964844,-0.0232592145201112,0.0627706932425264,0.2292458856301229,444.25049896240233,424.3823229980469,232.20389102935792,True,True,True,494.510009765625,110.5447235107422,-0.052294221266415,4730040.0,5876957.0,0.804845092451757,2026-08-18
2026-08-18,CLS,Celestica,Technology,Electronics Manufacturing Services,AI Infrastructure,AI Servers,Contract Manufacturing,7,310.5899963378906,-0.0875734374062855,0.0006765624453077,0.0105746080520769,333.135498046875,346.8835974121094,330.0203993988037,False,False,False,472.3999938964844,181.33999633789065,-0.3425275183090935,2985114.0,3428285.7,0.8707308145292558,2026-08-18
2026-08-18,IREN,IREN Limited,Technology,AI Data Center & Bitcoin Mining,AI Infrastructure,NeoCloud,AI Cloud & Power Infrastructure,5,42.0,-0.0645880050629271,0.0566037735849056,0.0447760995746042,39.50249986648559,44.30719989776611,46.91015005111694,True,False,False,76.41000366210938,18.729999542236328,-0.4503337522960073,42394762.0,46511628.1,0.9114873792173274,2026-08-18
2026-08-18,APH,Amphenol,Technology,Interconnect Components,AI Infrastructure,Connectivity,Connectors & Cables,8,159.57000732421875,-0.066132077695788,-0.0458051103212393,0.060195423214711,162.3229995727539,160.49175323486327,144.03812343597411,False,False,True,176.32000732421875,107.91442108154295,-0.0949977274513149,6312662.0,6741673.1,0.93636429805533,2026-08-18
2026-08-18,GLW,Corning,Technology,Optical Fiber & Materials,AI Infrastructure,Optical,Optical Fiber & Materials,7,159.89999389648438,-0.076843209407469,0.0044600254047955,0.0444153332585177,152.58899879455566,175.62559982299803,139.46924259185792,True,False,True,255.69000244140625,63.82233428955078,-0.3746333749082468,10980530.0,13718621.5,0.800410595189903,2026-08-18
2026-08-18,CIEN,Ciena,Technology,Optical Networking Equipment,AI Infrastructure,Optical,Connectivity,7,405.5400085449219,-0.0890426002583828,0.0464738467276231,0.0706761895285312,397.9675003051758,424.608999633789,365.59369972229,True,False,True,627.0,86.63999938964844,-0.3532057279985297,3048527.0,2231521.35,1.366120472026853,2026-08-18
2026-08-18,STX,Seagate Technology,Technology,Storage Hardware,AI Infrastructure,Storage,HDD Storage,6,903.6799926757812,-0.0915871564490753,0.1013503280420131,0.126151135807613,859.1229949951172,891.4055310058594,556.4561305999756,True,True,True,1093.260498046875,153.33395385742188,-0.173408355748499,4589147.0,5414217.35,0.847610412241762,2026-08-18
2026-08-18,STRL,Sterling Infrastructure,Industrials,Infrastructure Construction,AI Infrastructure,Data Center Construction,Construction & Site Infrastructure,6,554.760009765625,-0.0813558821823112,0.0412943907138945,-0.1312327551261607,580.6425048828125,700.2217980957031,513.6839498901368,False,False,True,993.739990234375,273.82000732421875,-0.4417453104259354,646335.0,839981.75,0.7694631460743045,2026-08-18
2026-08-18,EQIX,Equinix,Real Estate,Data Center REIT,AI Infrastructure,Data Centers,Colocation & Interconnection,8,1085.0899658203125,-0.0114066195628129,0.0510363620304581,0.0638136919806986,1052.489501953125,1052.7073999023437,939.3181033325196,True,True,True,1115.93994140625,718.5999145507812,-0.0276448350321272,372700.0,608100.0,0.6128926163459957,2026-08-18
2026-08-18,NET,Cloudflare,Technology,Edge Cloud & Security,Software,Edge Cloud & Security,SaaS & Edge Network,8,301.3599853515625,-0.0184033882751112,-0.018275453128422,0.106232914240367,290.08149871826174,264.8069989013672,218.4959498596192,True,True,True,330.8299865722656,160.19000244140625,-0.0890789904689179,1873387.0,3975519.35,0.4712307588189704,2026-08-18
2026-08-18,NOW,ServiceNow,Technology,Enterprise Software,Software,Workflow Automation,SaaS,9,119.48999786376952,0.0152081645024553,-0.0631174768227382,0.1412607578473825,114.9780002593994,107.75660034179688,121.14633003234864,True,True,False,192.22999572753903,83.0,-0.3784008712504421,14496259.0,24892942.95,0.5823441217503774,2026-08-18
2026-08-18,SNOW,Snowflake,Technology,Data Cloud Software,Software,Data Cloud,SaaS,8,325.3299865722656,-0.0144800187555861,-0.0263662766802751,0.1858642229169282,306.5509994506836,273.4619989013672,215.02315017700195,True,True,True,337.3800048828125,121.11000061035156,-0.0357164566250225,3998967.0,4916228.35,0.8134217361974246,2026-08-18
2026-08-18,APP,AppLovin,Technology,AdTech Software,Software,AdTech & AI Applications,Application Software,8,307.260009765625,-0.0151291783271011,-0.0358352678945073,-0.2763542031350882,368.4210021972656,440.2960003662109,504.99872619628906,False,False,False,733.5999755859375,303.760009765625,-0.581161368605265,5037666.0,7515538.3,0.6703000901479007,2026-08-18
2026-08-18,CRWD,CrowdStrike,Technology,Cybersecurity Software,Software,Cybersecurity,SaaS,8,212.9199981689453,-0.0045815603342809,-0.0404686614445253,0.072698837606099,202.80299911499023,191.22219909667967,137.91323741912842,True,True,True,225.52999877929688,87.5625,-0.0559127418906771,6773269.0,7324048.45,0.9247984972027322,2026-08-18
2026-08-18,FLNC,Fluence Energy,Industrials,Energy Storage,AI Infrastructure,Energy Storage,Grid Storage,6,11.75,-0.069675384518385,-0.103737581410581,-0.1771708529608482,13.425250005722043,16.952099933624268,18.6227999830246,False,False,False,32.22999954223633,6.75,-0.6354328213811478,5773539.0,8171221.95,0.7065698417358496,2026-08-18
2026-08-18,BE,Bloom Energy,Industrials,Fuel Cells & Distributed Power,AI Infrastructure,Power,On-site Power Generation,6,209.009994506836,-0.0997157511634366,-0.0104162309412341,0.0606414142712499,212.37500076293944,244.9686007690429,185.53360069274905,False,False,True,345.8500061035156,43.09999847412109,-0.3956628861695679,14581231.0,17069271.55,0.8542386215655465,2026-08-18
2026-08-18,KLAC,KLA,Technology,Semicap Equipment,AI Infrastructure,Equipment,Process Control & Metrology,9,194.7899932861328,-0.0533145485690547,-0.0272352640406243,-0.0606447546320013,197.2432029724121,221.45337768554688,167.16869049072267,False,False,True,301.3693542480469,83.93718719482422,-0.3536502947615311,11922697.0,11769184.85,1.013043566904296,2026-08-18
2026-08-18,RMBS,Rambus,Technology,Semiconductor IP,AI Infrastructure,Memory Interface,Memory & IP,7,93.70999908447266,-0.0685816666734915,-0.0281061930713195,-0.0707982101901629,96.38500022888184,112.07160003662108,108.93289993286132,False,False,False,170.66000366210938,69.68000030517578,-0.4508965365428588,2529083.0,2520349.15,1.0034653333646253,2026-08-18
2026-08-18,LITE,Lumentum,Technology,Optical Components,AI Infrastructure,Optical,Connectivity,6,873.3099975585938,-0.0986582974990389,0.0642464190128533,0.1407615589888391,809.946499633789,814.3499987792969,642.7579499053955,True,True,True,1053.0899658203125,115.88999938964844,-0.170716628300297,5988491.0,5321679.55,1.125300940001169,2026-08-18
2026-08-19,NVDA,NVIDIA,Technology,Semiconductor,AI Infrastructure,GPU,Compute,10,217.5599975585937,-0.0099208513701348,-0.0291400726762059,0.0495441391533297,212.37899932861328,207.11779907226563,195.0076355743408,True,True,True,235.465576171875,164.97772216796875,-0.0760432964528594,96854269.0,118284918.45,0.8188217929147162,2026-08-19
2026-08-19,AVGO,Broadcom,Technology,Semiconductor,AI Infrastructure,Networking,Connectivity,9,362.4800109863281,-0.0461052342465049,-0.1287585107040014,-0.0621474489357616,398.1605010986328,389.0402142333984,368.2748094177246,False,False,False,480.8090515136719,287.4934997558594,-0.2461040202026626,34787245.0,19554872.25,1.77895537006129,2026-08-19
2026-08-19,ANET,Arista,Technology,Networking Equipment,AI Infrastructure,Networking,Connectivity,8,186.4499969482422,-0.0348379541500147,-0.1142517959703458,0.0679917229504578,186.8925010681152,175.9860006713867,148.77824977874755,False,True,True,210.5,116.12999725341795,-0.1142517959703458,5724473.0,7993253.65,0.7161630608331815,2026-08-19
2026-08-19,CRDO,Credo,Technology,Semiconductor,AI Infrastructure,Optical,Connectivity,7,234.82000732421875,-0.0453307063509738,-0.1243287435955592,0.0489123707770633,232.1047500610352,241.7265994262696,172.40352531433106,True,False,True,302.5199890136719,87.80999755859375,-0.2237868046676199,4874274.0,5223818.7,0.9330863645784644,2026-08-19
2026-08-19,TSM,TSMC,Technology,Semiconductor Foundry,AI Infrastructure,Foundry,Manufacturing,9,412.0899963378906,-0.0031929738335447,-0.0397529949929553,-0.0294858563048293,412.55650024414064,424.5145043945312,364.0884463500977,False,False,True,477.5700073242188,224.8433532714844,-0.1371108109431047,8395843.0,12326792.15,0.6811052622478103,2026-08-19
2026-08-19,ASML,ASML,Technology,Semicap Equipment,AI Infrastructure,Equipment,Manufacturing Equipment,10,1751.72998046875,-0.0284251630939771,-0.0322307797772781,-0.0263748169131661,1728.6711669921874,1779.9527270507813,1435.7454873657227,True,False,True,1986.870361328125,721.100341796875,-0.118347117877482,1254566.0,1579108.3,0.7944774908725386,2026-08-19
2026-08-19,VRT,Vertiv,Industrials,Electrical Equipment,AI Infrastructure,Power,Power Infrastructure,7,261.0,-0.0423424384791555,-0.0948813522729437,-0.1428571428571429,272.4654991149902,294.7621273803711,252.39709426879884,False,False,True,376.1517333984375,121.68595886230467,-0.3061310720492238,5535841.0,6404962.05,0.8643050429939706,2026-08-19
2026-08-19,ETN,Eaton,Industrials,Electrical Equipment,AI Infrastructure,Power,Power Infrastructure,8,424.6700134277344,-0.0154405521337789,-0.0767240166165416,0.056495487705652,428.22556457519534,414.33883178710937,376.8608242797852,False,True,True,459.9599914550781,313.2000427246094,-0.0767240166165416,1718293.0,2354104.65,0.7299136000602182,2026-08-19
2026-08-19,GEV,GE Vernova,Industrials,Power Equipment,AI Infrastructure,Power,Grid Infrastructure,7,987.4600219726562,-0.0169930284076892,-0.0504279269259118,-0.0846766637865522,1005.9300048828125,1032.2908764648437,863.6632641601562,False,False,True,1174.8599853515625,546.9464721679688,-0.1595083377725467,2038537.0,2386471.85,0.8542053408256208,2026-08-19
2026-08-19,CEG,Constellation Energy,Utilities,Power Generation,AI Infrastructure,Energy,Power Supply,6,274.1700134277344,0.0275082532880195,-0.0146710215326774,0.0471797200613528,270.0719207763672,261.6930502319336,299.8841226196289,True,True,False,401.7044372558594,236.1370086669922,-0.3174832339402165,2160834.0,2800451.7,0.7716019526421398,2026-08-19
2026-08-19,NBIS,Nebius,Technology,AI Cloud Infrastructure,AI Infrastructure,NeoCloud,AI Cloud,7,223.8999938964844,-0.0987400857484638,-0.1361883358336867,0.0321777419622821,211.9485008239746,222.95100036621093,148.30607543945314,True,True,True,286.69000244140625,64.05999755859375,-0.2190170846915211,49444471.0,28452393.55,1.737796537683558,2026-08-19
2026-08-19,CRWV,CoreWeave,Technology,AI Cloud Infrastructure,AI Infrastructure,NeoCloud,AI Cloud,8,90.87000274658205,-0.0246860090969701,-0.1565023678175392,0.1418698247770287,86.44700050354004,90.24480010986328,92.36617500305177,True,True,False,143.0800018310547,60.81999969482422,-0.3649007437539798,25916756.0,33419122.8,0.7755067706325314,2026-08-19
2026-08-19,MRVL,Marvell,Technology,Semiconductor,AI Infrastructure,Networking,Connectivity,8,237.2700042724609,0.098472242002134,0.0930071967528329,0.140940549203393,206.1924995422364,234.44914947509767,143.48457927703856,True,True,True,316.3519592285156,62.177528381347656,-0.2499809236171986,43562582.0,23175639.1,1.879671227707373,2026-08-19
2026-08-19,COHR,Coherent,Technology,Optical Components,AI Infrastructure,Optical,Connectivity,7,287.4700012207031,-0.0618738110115049,-0.191682630243739,-0.0937834937441466,305.2615036010742,332.1972009277344,268.2552005004883,False,False,True,426.8900146484375,86.55000305175781,-0.3265946933487137,6887838.0,7586176.9,0.9079458719187,2026-08-19
2026-08-19,NOK,Nokia,Technology,Telecom Infrastructure,AI Infrastructure,AI-RAN,Telecom Edge,5,10.130000114440918,-0.0250240827998555,-0.0184108125970769,-0.0470366881107316,9.642000007629395,11.461999950408936,9.410749990940094,True,False,True,16.850000381469727,4.230000019073486,-0.3988130631984391,79492316.0,90621055.8,0.8771947677970002,2026-08-19
2026-08-19,TEAM,Atlassian,Technology,Enterprise Software,Software,Developer Tools,SaaS,8,174.22999572753906,0.0688956793100556,0.1223266526823925,0.9230684179018608,126.89174995422364,102.87349990844729,107.90674995422364,True,True,True,182.3600006103516,57.150001525878906,-0.0445821718337448,6063778.0,5702303.9,1.063390886620406,2026-08-19
2026-08-19,DDOG,Datadog,Technology,Observability Software,Software,Cloud Software,SaaS,9,233.5200042724609,-0.0507316899493457,-0.0306753529422271,-0.083480472444557,254.29350204467767,249.15780090332032,173.55277534484864,False,False,True,288.1499938964844,102.61499786376952,-0.1895887238632003,4243312.0,5341820.6,0.7943568902332662,2026-08-19
2026-08-19,RDW,Redwire,Industrials,Space Infrastructure,Space Economy,Space Infrastructure,Space Hardware,6,12.399999618530272,-0.0417310648658484,-0.0808006057139867,0.3163481441720679,11.11499993801117,11.462399988174438,10.30305000782013,True,True,True,25.89999961853028,5.059999942779541,-0.5212355289125705,12785323.0,17928991.15,0.7131088912384231,2026-08-19
2026-08-19,PL,Planet Labs,Technology,Earth Observation,Space Economy,Satellite Data,Space Software,6,22.6200008392334,-0.0316780715660703,-0.0767346596231266,-0.0207792006194671,22.44400005340576,25.70519992828369,26.501299986839296,True,False,False,51.400001525878906,6.429999828338623,-0.5599221757251376,4775418.0,6038210.9,0.7908663806360258,2026-08-19
2026-08-19,UUUU,Energy Fuels,Energy,Nuclear Fuel,Nuclear,Nuclear Fuel,Upstream Nuclear,6,14.850000381469728,0.0539389794642584,0.0262612375555224,0.2024291435448915,13.083999967575073,13.616600017547608,17.474050016403197,True,True,False,27.71999931335449,8.529999732971191,-0.4642856872541286,6825812.0,6960020.6,0.9807172122450328,2026-08-19
2026-08-19,SMR,NuScale Power,Industrials,Small Modular Reactor,Nuclear,SMR,Reactor Developer,6,9.289999961853027,0.075231434340464,-0.031282605418302,0.0665901172406249,9.023000144958496,9.318400058746338,14.29675000667572,True,False,False,53.43000030517578,7.590000152587891,-0.8261276453529591,33853047.0,30599057.35,1.1063428069950003,2026-08-19
2026-08-19,OKLO,Oklo,Industrials,Advanced Nuclear,Nuclear,SMR,Reactor Developer,7,42.93999862670898,0.0382011120174399,-0.0485265320091806,-0.0269658375844918,42.80950050354004,47.932200317382815,69.05979990005493,True,False,False,174.13999938964844,36.84000015258789,-0.7534167981095015,7653278.0,9542658.9,0.8020068704331452,2026-08-19
2026-08-19,RGTI,Rigetti Computing,Technology,Quantum Computing,Quantum,Quantum Hardware,Quantum Hardware,4,17.0,-0.0400902948151562,-0.0770901232580041,0.1125654644690465,16.594500160217287,17.531400089263915,20.29597502231598,True,False,False,56.34000015258789,12.899999618530272,-0.6982605616975823,19188405.0,19689540.25,0.974548148730898,2026-08-19
2026-08-19,QBTS,D-Wave Quantum,Technology,Quantum Computing,Quantum,Quantum Hardware,Quantum Hardware,4,19.31999969482422,-0.010752738578493,-0.0684667353888494,0.0853932878041336,19.45050001144409,20.77380001068116,22.167699942588808,False,False,False,44.77999877929688,12.979999542236328,-0.568557386746593,12759088.0,17987684.4,0.7093235413892408,2026-08-19
2026-08-19,IONQ,IonQ,Technology,Quantum Computing,Quantum,Quantum Hardware,Quantum Hardware,6,43.36000061035156,-0.017225710333913,-0.0407079672904906,0.221064563781129,40.11449975967408,45.08319988250732,45.032250003814696,True,False,False,82.08999633789062,26.59000015258789,-0.4717992137327249,14896322.0,20914706.1,0.7122415169869396,2026-08-19
2026-08-19,MU,Micron,Technology,Memory,AI Infrastructure,Memory,HBM,9,937.10498046875,-0.0038851877832111,0.0283279779914704,-0.0347284013525786,894.7447509765625,962.26876953125,563.5322610473632,True,False,True,1213.3734130859375,115.60445404052734,-0.2276862420403311,25693662.0,40866308.1,0.6287248150023124,2026-08-19
2026-08-19,SNDK,Sandisk,Technology,Memory,AI Infrastructure,Memory,NAND,6,1568.8699951171875,-0.035004756580938,0.1670621291007321,-0.0129168421929799,1373.6409973144532,1656.0361962890624,925.2624990844728,True,False,True,2335.0,44.400001525878906,-0.3281070684722965,15923446.0,17589092.3,0.9053023162542616,2026-08-19
2026-08-19,ORCL,Oracle,Technology,Enterprise Software,AI Infrastructure,NeoCloud,AI Cloud,8,143.80999755859375,0.0071433876351334,-0.0617823675373242,0.1319165218753142,138.11649971008302,147.55579788208007,173.22938327789308,True,False,False,324.6299743652344,114.98999786376952,-0.5570033302075916,23788822.0,31073991.1,0.7655541228497037,2026-08-19
2026-08-19,KEYS,Keysight Technologies,Technology,Electronic Test & Measurement,AI Infrastructure,Optical Test & Metrology,R&D Test & Standards,9,319.45001220703125,-0.0631964451406708,-0.0988716157770627,0.0169356866314105,330.94650115966795,333.0868005371093,279.3642990875244,False,False,True,373.3399963378906,158.50999450683594,-0.1443455955950842,3566140.0,1345742.0,2.649943302653852,2026-08-19
2026-08-19,FORM,FormFactor,Technology,Semiconductor Test Equipment,AI Infrastructure,Optical Test & Metrology,Wafer-Level Test & Probing,8,114.9499969482422,-0.0755187362570879,-0.1073231875878281,0.0105494237208103,113.90100059509275,122.44520050048828,98.90299968719482,True,False,True,159.92999267578125,27.850000381469727,-0.2812480321857136,1045794.0,1373024.7,0.7616716582010506,2026-08-19
2026-08-19,AEHR,Aehr Test Systems,Technology,Semiconductor Test Equipment,AI Infrastructure,Optical Test & Metrology,Wafer & Package Burn-In,6,107.95999908447266,-0.1240568025600595,-0.1645902448833227,0.0914972711282,101.22700004577636,94.75779998779296,58.84680000305176,True,True,True,145.61000061035156,17.3799991607666,-0.258567415480131,2911849.0,2583212.45,1.1272201014670704,2026-08-19
2026-08-19,DELL,Dell Technologies,Technology,AI Server & Storage,AI Infrastructure,AI Servers,Systems & Storage,7,437.5499877929688,-0.0663608375302465,-0.0969040499629128,0.0826425693452792,444.0379989624024,425.1311462402344,233.5938885498047,False,True,True,494.510009765625,110.5447235107422,-0.1151847704754301,7053049.0,5908867.45,1.1936380464923104,2026-08-19
2026-08-19,CLS,Celestica,Technology,Electronics Manufacturing Services,AI Infrastructure,AI Servers,Contract Manufacturing,7,301.3599853515625,-0.0297176699029507,-0.1122371032303449,-0.112576964570798,331.4284973144531,345.1807971191406,329.82654930114745,False,False,False,472.3999938964844,181.33999633789065,-0.3620660684902578,2138256.0,3484437.8,0.6136588232397203,2026-08-19
2026-08-19,IREN,IREN Limited,Technology,AI Data Center & Bitcoin Mining,AI Infrastructure,NeoCloud,AI Cloud & Power Infrastructure,5,42.84000015258789,0.0200000036330449,-0.0190061381075956,0.0375393364662692,39.580499935150144,43.98019992828369,46.83325004577637,True,False,False,76.41000366210938,19.59000015258789,-0.4393404253449652,43477523.0,46638221.15,0.932229444604364,2026-08-19
2026-08-19,APH,Amphenol,Technology,Interconnect Components,AI Infrastructure,Connectivity,Connectors & Cables,8,156.0399932861328,-0.0221220397070832,-0.0819016996814382,-0.0112160465106385,162.24949951171874,160.7448794555664,144.12652507781982,False,False,True,176.32000732421875,107.91442108154295,-0.1150182236596376,6037437.0,6802371.85,0.8875488040248786,2026-08-19
2026-08-19,GLW,Corning,Technology,Optical Fiber & Materials,AI Infrastructure,Optical,Optical Fiber & Materials,7,152.4600067138672,-0.0465290022927309,-0.0894648561223064,-0.0612646802775951,152.50899925231934,174.92400009155273,139.78320259094238,False,False,True,255.69000244140625,63.901466369628906,-0.4037310600409384,10573108.0,13750025.4,0.7689518886270567,2026-08-19
2026-08-19,CIEN,Ciena,Technology,Optical Networking Equipment,AI Infrastructure,Optical,Connectivity,7,399.4700012207031,-0.0149677151361661,-0.0754079099473957,-0.0226555660624948,398.0830001831055,423.2649993896485,366.6462496948242,True,False,True,627.0,86.63999938964844,-0.3628867604135516,1769437.0,2232396.85,0.7926175849961443,2026-08-19
2026-08-19,STX,Seagate Technology,Technology,Storage Hardware,AI Infrastructure,Storage,HDD Storage,6,832.5599975585938,-0.078700420163782,-0.0519807600367874,-0.066458874892612,855.34599609375,890.5338244628906,559.2840236663818,False,False,True,1093.260498046875,153.33395385742188,-0.2384614654549636,5923710.0,5447965.5,1.087325167532724,2026-08-19
2026-08-19,STRL,Sterling Infrastructure,Industrials,Infrastructure Construction,AI Infrastructure,Data Center Construction,Construction & Site Infrastructure,6,534.4000244140625,-0.0367005281439881,-0.0265051233617267,-0.2304147384427421,571.3955047607421,689.3119995117188,515.9160501098632,False,False,True,993.739990234375,273.82000732421875,-0.4622335523721618,710800.0,851695.0,0.8345710612367103,2026-08-19
2026-08-19,EQIX,Equinix,Real Estate,Data Center REIT,AI Infrastructure,Data Centers,Colocation & Interconnection,8,1077.0799560546875,-0.0073818853900925,0.0073981796947721,0.0478654618614593,1054.4765014648438,1051.76080078125,941.7781481933594,True,True,True,1115.93994140625,718.5999145507812,-0.0348226494183846,485465.0,626783.25,0.7745340993078548,2026-08-19
2026-08-19,NET,Cloudflare,Technology,Edge Cloud & Security,Software,Edge Cloud & Security,SaaS & Edge Network,8,291.8800048828125,-0.0314573298697595,-0.0628351470771814,0.0718666501401874,291.22649841308595,265.6887991333008,218.8428498840332,True,True,True,330.8299865722656,160.19000244140625,-0.1177341331510316,3088564.0,4024128.2,0.7675113332621958,2026-08-19
2026-08-19,NOW,ServiceNow,Technology,Enterprise Software,Software,Workflow Automation,SaaS,9,127.1999969482422,0.0645242214604675,0.0180886382477527,0.246325690682241,116.56500015258788,108.0168002319336,120.84764999389648,True,True,True,192.22999572753903,83.0,-0.3382926714073718,22396381.0,23974979.05,0.9341564367289822,2026-08-19
2026-08-19,SNOW,Snowflake,Technology,Data Cloud Software,Software,Data Cloud,SaaS,8,325.010009765625,-0.0009835453842172,-0.021820260599866,0.1960769757668674,309.41150054931643,275.1531991577148,215.2923002624512,True,True,True,337.3800048828125,121.11000061035156,-0.0366648732531856,3409806.0,4934250.3,0.6910484455966898,2026-08-19
2026-08-19,APP,AppLovin,Technology,AdTech Software,Software,AdTech & AI Applications,Application Software,8,310.7900085449219,0.011488637203356,0.023143266240744,-0.2750238942476832,363.3365020751953,435.2380004882813,503.4495762634277,False,False,False,733.5999755859375,303.760009765625,-0.5763494835224209,4387283.0,7349404.15,0.5969576458793602,2026-08-19
2026-08-19,CRWD,CrowdStrike,Technology,Cybersecurity Software,Software,Cybersecurity,SaaS,8,201.6300048828125,-0.0530245791058787,-0.0908557760275602,0.0548261120636157,203.4634994506836,191.96084930419923,138.24803745269776,False,True,True,225.52999877929688,87.5625,-0.1059725713911471,10275349.0,7389487.45,1.3905360919179854,2026-08-19
2026-08-19,FLNC,Fluence Energy,Industrials,Energy Storage,AI Infrastructure,Energy Storage,Grid Storage,6,12.06999969482422,0.0272340165807845,-0.0856060705128015,-0.2100785401992143,13.295749998092653,16.712099933624266,18.580799984931947,False,False,False,32.22999954223633,6.75,-0.6255041927938321,5923424.0,8037696.2,0.7369554475074587,2026-08-19
2026-08-19,BE,Bloom Energy,Industrials,Fuel Cells & Distributed Power,AI Infrastructure,Power,On-site Power Generation,6,206.6300048828125,-0.0113869656311846,-0.1287316508174544,-0.0867585525528259,211.7955009460449,244.02980072021484,185.92750072479248,False,False,True,345.8500061035156,44.5099983215332,-0.4025444521144045,10231183.0,17156429.15,0.5963468802597539,2026-08-19
2026-08-19,KLAC,KLA,Technology,Semicap Equipment,AI Infrastructure,Equipment,Process Control & Metrology,9,187.2700042724609,-0.0386056228392879,-0.099727899519852,-0.1382530368984789,195.88432235717767,220.98741760253907,167.50109310150145,False,False,True,301.3693542480469,83.93718719482422,-0.3786030277042523,9173853.0,11855682.65,0.7737937384820266,2026-08-19
2026-08-19,RMBS,Rambus,Technology,Semiconductor IP,AI Infrastructure,Memory Interface,Memory & IP,7,90.8499984741211,-0.0305196952117509,-0.1005841347117957,-0.1412231998498209,95.73600006103516,110.84800003051758,108.84839992523192,False,False,False,170.66000366210938,69.68000030517578,-0.4676550068872875,3547698.0,2587364.9,1.37116260640314,2026-08-19
2026-08-19,LITE,Lumentum,Technology,Optical Components,AI Infrastructure,Optical,Connectivity,6,827.5999755859375,-0.0523411183891655,-0.1124647424711282,-0.0118917116405854,809.8414978027344,812.9939978027344,645.8952997589112,True,True,True,1053.0899658203125,115.88999938964844,-0.2141222474365975,4252209.0,5341695.45,0.7960410771827136,2026-08-19
2026-08-20,NVDA,NVIDIA,Technology,Semiconductor,AI Infrastructure,GPU,Compute,10,216.8500061035156,-0.0032634283096408,-0.0375055341046799,0.0225879873623895,212.78349990844723,207.2909991455078,195.08072555541992,True,True,True,235.465576171875,164.97772216796875,-0.0790585629160977,89838813.0,117248745.65,0.7662240862531564,2026-08-20
2026-08-20,AVGO,Broadcom,Technology,Semiconductor,AI Infrastructure,Networking,Connectivity,9,364.0299987792969,0.0042760641855841,-0.1287396668469781,-0.0826088026536088,396.7385009765625,388.4900079345703,368.25711029052735,False,False,False,480.8090515136719,287.4934997558594,-0.2428803126037954,19384626.0,19721876.3,0.9828996848540216,2026-08-20
2026-08-20,ANET,Arista,Technology,Networking Equipment,AI Infrastructure,Networking,Connectivity,8,183.75,-0.0144810779964329,-0.0975837127672648,0.0507806091997751,187.24950103759767,176.61780059814453,148.90854976654052,False,True,True,210.5,116.12999725341795,-0.1270783847980997,4197300.0,7986980.0,0.5255177801872547,2026-08-20
2026-08-20,CRDO,Credo,Technology,Semiconductor,AI Infrastructure,Optical,Connectivity,7,231.3500061035156,-0.0147772809491145,-0.1302304049123677,0.0134928013904902,231.84725036621091,241.66719940185547,172.6221753692627,False,False,True,302.5199890136719,87.80999755859375,-0.2352571251314564,3181392.0,5159179.6,0.6166468792829,2026-08-20
2026-08-20,TSM,TSMC,Technology,Semiconductor Foundry,AI Infrastructure,Foundry,Manufacturing,9,416.0,0.0094882275640182,-0.0336592965297197,-0.0123691070030891,412.57750091552737,424.2960998535156,364.678039855957,True,False,True,477.5700073242188,224.8433532714844,-0.1289235219548017,10428273.0,12297208.65,0.8480195218936941,2026-08-20
2026-08-20,ASML,ASML,Technology,Semicap Equipment,AI Infrastructure,Equipment,Manufacturing Equipment,10,1750.31005859375,-0.0008105826188006,-0.0528112801184991,-0.0273529550825338,1726.1531127929688,1779.449453125,1439.226201171875,True,False,True,1986.870361328125,721.1004028320312,-0.1190617703795461,779853.0,1573217.65,0.4957057276849138,2026-08-20
2026-08-20,VRT,Vertiv,Industrials,Electrical Equipment,AI Infrastructure,Power,Power Infrastructure,7,264.6300048828125,0.0139080646851053,-0.0781690941891479,-0.1212976435618662,270.4949989318848,294.2655319213867,252.75673316955567,False,False,True,376.1517333984375,121.68595123291016,-0.2964806981162997,4226887.0,6494914.35,0.6507994982258697,2026-08-20
2026-08-20,ETN,Eaton,Industrials,Electrical Equipment,AI Infrastructure,Power,Power Infrastructure,8,415.2900085449219,-0.0220877495142677,-0.0839123357247397,0.0371235839623447,428.2845077514648,414.5301965332032,376.7922412109375,False,True,True,459.9599914550781,313.2000427246094,-0.0971171052700546,1674697.0,2347949.85,0.713259271700373,2026-08-20
2026-08-20,GEV,GE Vernova,Industrials,Power Equipment,AI Infrastructure,Power,Grid Infrastructure,7,966.010009765625,-0.021722410760671,-0.0794820288224208,-0.0193090758307405,1002.6710083007812,1033.2174743652345,865.5730255126953,False,False,True,1174.8599853515625,546.9464721679688,-0.1777658429003705,2635811.0,2341135.55,1.125868598253527,2026-08-20
2026-08-20,CEG,Constellation Energy,Utilities,Power Generation,AI Infrastructure,Energy,Power Supply,6,272.9200134277344,-0.0045592148622389,-0.0190226208368992,-0.0056763897476311,269.95907135009764,262.12617553710936,299.37420204162595,True,True,False,401.7044372558594,236.1370086669922,-0.3205949745237635,2098639.0,2790216.95,0.7521418719788079,2026-08-20
2026-08-20,NBIS,Nebius,Technology,AI Cloud Infrastructure,AI Infrastructure,NeoCloud,AI Cloud,7,220.1100006103516,-0.0169271701181243,-0.1369588832940127,0.0089383797007189,211.90550079345704,222.95080047607425,148.7525254058838,True,False,True,286.69000244140625,64.05999755859375,-0.2322369153582965,28283192.0,29150769.6,0.9702382608793972,2026-08-20
2026-08-20,CRWV,CoreWeave,Technology,AI Cloud Infrastructure,AI Infrastructure,NeoCloud,AI Cloud,8,89.76000213623047,-0.0122152589061445,-0.1555179098402105,0.0861568586540175,86.8800006866455,90.07100021362305,92.14642498016356,True,False,False,143.0800018310547,60.81999969482422,-0.3726586456001248,17583191.0,33428804.55,0.5259892250618935,2026-08-20
2026-08-20,MRVL,Marvell,Technology,Semiconductor,AI Infrastructure,Networking,Connectivity,8,251.00999450683597,0.0579086693933597,0.129759666853195,0.1896771788793023,208.2769989013672,234.13306579589843,144.2716159057617,True,True,True,316.3519592285156,62.177528381347656,-0.2065483168842339,28668066.0,23813508.3,1.203857308164879,2026-08-20
2026-08-20,COHR,Coherent,Technology,Optical Components,AI Infrastructure,Optical,Connectivity,7,290.0299987792969,0.0089052685418411,-0.1136815419065749,-0.0709824257305244,304.1020034790039,330.8790008544922,269.04555046081543,False,False,True,426.8900146484375,86.5999984741211,-0.3205978382554831,4336030.0,7687006.5,0.564072633475723,2026-08-20
2026-08-20,NOK,Nokia,Technology,Telecom Infrastructure,AI Infrastructure,AI-RAN,Telecom Edge,5,10.149999618530272,0.0019742846854311,-0.0388258318934146,-0.0126459258577572,9.663000011444092,11.387999935150146,9.426949989795684,True,False,True,16.850000381469727,4.230000019073486,-0.3976261490360305,66429064.0,85285878.2,0.7788987509071578,2026-08-20
2026-08-20,TEAM,Atlassian,Technology,Enterprise Software,Software,Developer Tools,SaaS,8,174.91000366210938,0.0039029326249522,0.0538017120402218,1.0481264699873116,131.62975006103517,104.45949996948242,107.93419998168946,True,True,True,182.3600006103516,57.150001525878906,-0.0408532404217336,5439294.0,5769289.7,0.9428013295986852,2026-08-20
2026-08-20,DDOG,Datadog,Technology,Observability Software,Software,Cloud Software,SaaS,9,232.5500030517578,-0.0041538249527066,-0.0780605852069721,-0.0537901330141469,253.7015022277832,249.26200103759768,173.90147537231445,False,False,True,288.1499938964844,102.61499786376952,-0.1929550304439722,3069611.0,5383045.55,0.570236861547642,2026-08-20
2026-08-20,RDW,Redwire,Industrials,Space Infrastructure,Space Economy,Space Infrastructure,Space Hardware,6,11.770000457763672,-0.0508063854957822,-0.1083332857700302,0.3092325647856757,11.239499974250794,11.382799997329712,10.322550010681152,True,True,True,25.899999618530277,5.059999942779541,-0.5455598211923227,13661176.0,17907483.8,0.7628752399038886,2026-08-20
2026-08-20,PL,Planet Labs,Technology,Earth Observation,Space Economy,Satellite Data,Space Software,6,22.170000076293945,-0.0198939321946861,-0.1042424211598406,-0.0190265618547665,22.43450002670288,25.52519992828369,26.54489998817444,False,False,False,51.400001525878906,6.440000057220459,-0.5686770541216467,3963137.0,5948281.85,0.6662658394373159,2026-08-20
2026-08-20,UUUU,Energy Fuels,Energy,Nuclear Fuel,Nuclear,Nuclear Fuel,Upstream Nuclear,6,13.899999618530272,-0.0639731137061041,-0.0466392529995935,0.1291632124057298,13.178499937057495,13.60720001220703,17.44100001335144,True,True,False,27.71999931335449,9.399999618530272,-0.4985569998974077,6881207.0,7041785.35,0.9771963583070592,2026-08-20
2026-08-20,SMR,NuScale Power,Industrials,Small Modular Reactor,Nuclear,SMR,Reactor Developer,6,9.06999969482422,-0.0236814066665428,-0.0791878839023073,0.0449308036793369,9.036000108718872,9.299800052642825,14.117750010490418,True,False,False,53.43000030517578,7.590000152587891,-0.830245187291425,30563043.0,30753617.15,0.99380319560231,2026-08-20
2026-08-20,OKLO,Oklo,Industrials,Advanced Nuclear,Nuclear,SMR,Reactor Developer,7,41.65999984741211,-0.0298090083892249,-0.1031216541841069,-0.0638202281480424,42.69250049591064,47.63580032348633,68.60424987792969,False,False,False,174.13999938964844,36.84000015258789,-0.7607671988432972,5383850.0,9396087.5,0.5729884912204148,2026-08-20
2026-08-20,RGTI,Rigetti Computing,Technology,Quantum Computing,Quantum,Quantum Hardware,Quantum Hardware,4,16.065000534057617,-0.054999968584846,-0.1372180553178199,0.0548260680839574,16.65525016784668,17.458900089263917,20.15495002269745,False,False,False,56.34000015258789,12.899999618530272,-0.7148562213250242,19833485.0,19757189.25,1.0038616702525134,2026-08-20
2026-08-20,QBTS,D-Wave Quantum,Technology,Quantum Computing,Quantum,Quantum Hardware,Quantum Hardware,4,18.799999237060547,-0.0269151379905548,-0.1004784889856089,0.0835734192340109,19.53549995422363,20.67939998626709,22.076399931907652,False,False,False,44.77999877929688,12.979999542236328,-0.580169724217314,11303059.0,17886692.95,0.6319255902472458,2026-08-20
2026-08-20,IONQ,IonQ,Technology,Quantum Computing,Quantum,Quantum Hardware,Quantum Hardware,6,41.52999877929688,-0.0422048386830004,-0.0767007736338435,0.1975201388074605,40.487499713897705,44.77999988555908,44.92799999237061,True,False,False,82.08999633789062,26.59000015258789,-0.4940918427093692,17088220.0,20891511.0,0.8179504105758554,2026-08-20
2026-08-20,MU,Micron,Technology,Memory,AI Infrastructure,Memory,HBM,9,974.3300170898438,0.0397178904505195,0.0257940890045409,0.0154771719299853,893.9510009765625,963.0405480957032,567.2861795043946,True,True,True,1213.3734130859375,115.6044464111328,-0.1970072802140452,24921901.0,40163000.05,0.6205189096674565,2026-08-20
2026-08-20,SNDK,Sandisk,Technology,Memory,AI Infrastructure,Memory,NAND,6,1600.6199951171875,0.0202374958402007,0.0474507793684386,0.000844119860593,1373.155499267578,1655.1177954101563,932.2689490509032,True,False,True,2335.0,45.5,-0.3145096380654443,11002366.0,17519203.3,0.6280174852471744,2026-08-20
2026-08-20,ORCL,Oracle,Technology,Enterprise Software,AI Infrastructure,NeoCloud,AI Cloud,8,142.07000732421875,-0.0120992299834096,-0.090577351081272,0.1289733904850825,139.21800003051757,146.29526840209962,172.63922748565673,True,False,False,324.62994384765625,114.98999786376952,-0.5623632076562537,13269007.0,30330615.35,0.4374789910089971,2026-08-20
2026-08-20,KEYS,Keysight Technologies,Technology,Electronic Test & Measurement,AI Infrastructure,Optical Test & Metrology,R&D Test & Standards,9,316.510009765625,-0.0092033254940083,-0.1055249277767912,0.001931041091886,331.62650299072266,333.3932012939453,278.6440993499756,False,False,True,373.3399963378906,159.49000549316406,-0.1522204615892044,1534044.0,1377637.2,1.1135326485086203,2026-08-20
2026-08-20,FORM,FormFactor,Technology,Semiconductor Test Equipment,AI Infrastructure,Optical Test & Metrology,Wafer-Level Test & Probing,8,115.70999908447266,0.0066115890074591,-0.1212121159445482,0.0172307611821771,114.37650070190428,122.6354005432129,98.95054969787596,True,False,True,159.92999267578125,27.850000381469727,-0.276495939576223,583649.0,1322077.45,0.4414635466326122,2026-08-20
2026-08-20,AEHR,Aehr Test Systems,Technology,Semiconductor Test Equipment,AI Infrastructure,Optical Test & Metrology,Wafer & Package Burn-In,6,105.97000122070312,-0.0184327332405076,-0.1405515117771736,0.1328843295223063,102.1,94.99100006103517,59.24670001029968,True,True,True,145.61000061035156,17.65999984741211,-0.2722340445264058,1829034.0,2580671.7,0.7087433864601994,2026-08-20
2026-08-20,DELL,Dell Technologies,Technology,AI Server & Storage,AI Infrastructure,AI Servers,Systems & Storage,7,434.7799987792969,-0.0063306801301581,-0.1207862526678427,-0.0158895183513709,443.8099990844727,426.20374267578126,234.9650810623169,False,True,True,494.510009765625,110.5447235107422,-0.1207862526678427,3616545.0,5835512.25,0.6197476494030152,2026-08-20
2026-08-20,CLS,Celestica,Technology,Electronics Manufacturing Services,AI Infrastructure,AI Servers,Contract Manufacturing,7,302.0,0.0021237545777381,-0.1312602601671123,-0.0998509687034276,329.79099731445314,343.7835974121094,329.61414924621585,False,False,False,472.3999938964844,181.33999633789065,-0.3607112533829194,1535618.0,3475640.9,0.4418229742894325,2026-08-20
2026-08-20,IREN,IREN Limited,Technology,AI Data Center & Bitcoin Mining,AI Infrastructure,NeoCloud,AI Cloud & Power Infrastructure,5,42.59999847412109,-0.0056022800563014,-0.0482573710547475,0.031976737738816,39.68149976730346,43.75179988861084,46.74250003814697,True,False,False,76.41000366210938,19.59000015258789,-0.4424813972984296,44745559.0,46810327.95,0.9558907394922448,2026-08-20
2026-08-20,APH,Amphenol,Technology,Interconnect Components,AI Infrastructure,Connectivity,Connectors & Cables,8,153.11000061035156,-0.0187771904758319,-0.0762594231652997,-0.0279346965267871,162.03349990844723,160.73032104492188,144.1991345977783,False,False,True,176.32000732421875,108.0733413696289,-0.1316356950416206,4243012.0,6698765.6,0.6334020703754734,2026-08-20
2026-08-20,GLW,Corning,Technology,Optical Fiber & Materials,AI Infrastructure,Optical,Optical Fiber & Materials,7,151.4499969482422,-0.0066247522048228,-0.0447205540440172,-0.0169414556128296,152.27849922180175,174.47419998168945,140.09807174682618,False,False,True,255.69000244140625,64.18833923339844,-0.4076811940155995,8005343.0,13705787.15,0.5840848768762616,2026-08-20
2026-08-20,CIEN,Ciena,Technology,Optical Networking Equipment,AI Infrastructure,Optical,Connectivity,7,392.4800109863281,-0.0174981605953261,-0.1136204444267393,-0.0117836454643676,397.330500793457,422.3277996826172,367.6590497589111,False,False,True,627.0,87.36000061035156,-0.3740350701972438,1450866.0,2214878.3,0.6550545011886206,2026-08-20
2026-08-20,STX,Seagate Technology,Technology,Storage Hardware,AI Infrastructure,Storage,HDD Storage,6,850.239990234375,0.0212356980008963,-0.0772002618489497,-0.063715435422437,852.1899963378906,890.6304797363281,562.2623012542724,False,False,True,1093.260498046875,153.33395385742188,-0.2222896631193202,3208505.0,5382740.25,0.5960727902484241,2026-08-20
2026-08-20,STRL,Sterling Infrastructure,Industrials,Infrastructure Construction,AI Infrastructure,Data Center Construction,Construction & Site Infrastructure,6,520.530029296875,-0.0259543309946422,-0.0589882591507223,-0.276378333105797,561.5550048828125,685.834599609375,515.0467001342773,False,False,True,993.739990234375,273.82000732421875,-0.4761909207517076,475280.0,851184.0,0.5583751574277712,2026-08-20
2026-08-20,EQIX,Equinix,Real Estate,Data Center REIT,AI Infrastructure,Data Centers,Colocation & Interconnection,8,1082.6099853515625,0.005134279275915,0.0130406087056642,0.0582779885949884,1053.127017211914,1048.2252673339844,937.666137084961,True,True,True,1110.6331787109375,715.1827392578125,-0.0252317271773748,358073.0,609483.65,0.587502224218812,2026-08-20
2026-08-20,NET,Cloudflare,Technology,Edge Cloud & Security,Software,Edge Cloud & Security,SaaS & Edge Network,8,278.9100036621094,-0.0444360730564962,-0.1569385636655853,0.0369172141802238,292.05599822998045,265.82079925537107,218.8758499145508,False,True,True,330.8299865722656,160.19000244140625,-0.1569385636655853,3048036.0,4060216.8,0.750707696199868,2026-08-20
2026-08-20,NOW,ServiceNow,Technology,Enterprise Software,Software,Workflow Automation,SaaS,9,129.75,0.0200471942840958,0.0196463654223968,0.359208058290301,118.45550003051758,108.47240020751951,120.5771199798584,True,True,True,192.22999572753903,83.0,-0.3250272960318654,14929990.0,22276939.5,0.670199333261196,2026-08-20
2026-08-20,SNOW,Snowflake,Technology,Data Cloud Software,Software,Data Cloud,SaaS,8,321.2900085449219,-0.0114458050796212,-0.0476910193402819,0.1997386974987665,312.21950073242186,276.7857992553711,215.52435028076167,True,True,True,337.3800048828125,121.11000061035156,-0.0476910193402819,3172854.0,4960937.7,0.6395673946883066,2026-08-20
2026-08-20,APP,AppLovin,Technology,AdTech Software,Software,AdTech & AI Applications,Application Software,8,308.7699890136719,-0.0064996282882692,-0.0124732921181259,-0.251430418954517,358.8320022583008,430.9965997314453,501.80677612304686,False,False,False,733.5999755859375,303.760009765625,-0.5791030544036584,4342613.0,7300480.65,0.5948393274626377,2026-08-20
2026-08-20,CRWD,CrowdStrike,Technology,Cybersecurity Software,Software,Cybersecurity,SaaS,8,190.33999633789065,-0.055993692761569,-0.1560324685490869,0.0101899914425418,203.80949935913085,192.54299926757807,138.5209749221802,False,False,True,225.52999877929688,87.5625,-0.1560324685490869,8478411.0,7507595.55,1.129311101475092,2026-08-20
2026-08-20,FLNC,Fluence Energy,Industrials,Energy Storage,AI Infrastructure,Energy Storage,Grid Storage,6,11.390000343322754,-0.0563379758653231,-0.138426617756593,-0.2230559030098898,13.144250011444091,16.47069995880127,18.53274998664856,False,False,False,32.22999954223633,6.75,-0.6466025285418778,8480819.0,8179230.95,1.036872421361326,2026-08-20
2026-08-20,BE,Bloom Energy,Industrials,Fuel Cells & Distributed Power,AI Infrastructure,Power,On-site Power Generation,6,202.47999572753903,-0.0200842523215689,-0.142832974848901,-0.0721290688530651,211.054500579834,242.8872009277344,186.27910068511963,False,False,True,345.8500061035156,44.83000183105469,-0.4145439000890599,9431398.0,17161514.9,0.5495667518256212,2026-08-20
2026-08-20,KLAC,KLA,Technology,Semicap Equipment,AI Infrastructure,Equipment,Process Control & Metrology,9,185.8600006103516,-0.0075292552461201,-0.1112858873201023,-0.1333081543320038,194.25316925048827,220.4307083129883,167.82926605224608,False,False,True,301.3693542480469,83.93718719482422,-0.3832816841178333,6776195.0,11782179.75,0.5751223579830379,2026-08-20
2026-08-20,RMBS,Rambus,Technology,Semiconductor IP,AI Infrastructure,Memory Interface,Memory & IP,7,92.1500015258789,0.0143093348771834,-0.072284306582294,-0.1124915737185549,95.1840000152588,109.75420013427734,108.79494995117189,False,False,False,170.66000366210938,70.44000244140625,-0.4600375041106458,1161062.0,2559868.1,0.4535632128858514,2026-08-20
2026-08-20,LITE,Lumentum,Technology,Optical Components,AI Infrastructure,Optical,Connectivity,6,879.280029296875,0.062445692648007,-0.0012834291774551,0.059756558226339,812.1234985351563,814.1443981933594,649.2838999176025,True,True,True,1053.0899658203125,117.43000030517578,-0.1650475668411168,4161466.0,5330258.3,0.7807250166469419,2026-08-20
2026-08-21,NVDA,NVIDIA,Technology,Semiconductor,AI Infrastructure,GPU,Compute,10,214.72000122070312,-0.00982248016076015,-0.04636703798012565,0.02854956347334081,213.1775001525879,207.57699920654298,195.12124298095702,True,True,True,235.465576171875,164.97772216796875,-0.08810449191107628,91591112.0,116217370.6,0.7881017401025248,2026-08-21
2026-08-21,AVGO,Broadcom,Technology,Semiconductor,AI Infrastructure,Networking,Connectivity,9,368.45001220703125,0.012141893367458856,-0.06244428264625357,-0.06120210191597386,396.0650009155273,388.4287677001953,368.2967118835449,False,False,True,480.8090515136719,291.86151123046875,-0.23368744609302694,18978649.0,19930597.45,0.9522368332214748,2026-08-21
2026-08-21,ANET,Arista,Technology,Networking Equipment,AI Infrastructure,Networking,Connectivity,8,188.64999389648438,0.026666633450254995,-0.05115186124679083,0.06817277189583515,187.98250045776368,177.3556005859375,149.0638497543335,True,True,True,210.5,116.12999725341797,-0.10380050405470609,8120203.0,8157415.15,0.9954382424682652,2026-08-21
2026-08-21,CRDO,Credo,Technology,Semiconductor,AI Infrastructure,Optical,Connectivity,7,230.57000732421875,-0.0033715096551494295,-0.1128510475608071,-0.025073964802457716,232.71825103759767,241.52499969482423,172.87182540893554,False,False,True,302.5199890136719,87.80999755859375,-0.23783546311778248,2631625.0,4999281.25,0.5264006700963263,2026-08-21
2026-08-21,TSM,TSMC,Technology,Semiconductor Foundry,AI Infrastructure,Foundry,Manufacturing,9,418.95001220703125,0.0070913754976713594,-0.01735661731100735,0.008109210606030093,413.35450134277346,424.5191998291016,365.2604055786133,True,False,True,477.57000732421875,225.89175415039062,-0.12274639156179423,7417130.0,12092791.5,0.6133513506786253,2026-08-21
2026-08-21,ASML,ASML,Technology,Semicap Equipment,AI Infrastructure,Equipment,Manufacturing Equipment,10,1763.760009765625,0.0076843249033722305,-0.04355556602919908,-0.020498541871255993,1726.6000915527343,1780.085654296875,1442.7364117431641,True,False,True,1986.870361328125,721.100341796875,-0.11229235480334088,858512.0,1552670.6,0.5529260359537946,2026-08-21
2026-08-21,VRT,Vertiv,Industrials,Electrical Equipment,AI Infrastructure,Power,Power Infrastructure,7,261.95001220703125,-0.010127319753359232,-0.10852839820413229,-0.13843571620500017,269.0745002746582,293.88610076904297,253.11026710510254,False,False,True,376.1517333984375,121.68595886230469,-0.30360546303913594,3205765.0,6534583.25,0.49058446076113577,2026-08-21
2026-08-21,ETN,Eaton,Industrials,Electrical Equipment,AI Infrastructure,Power,Power Infrastructure,8,419.20001220703125,0.009415116139704693,-0.07155986990269736,0.012288650640542409,429.09059448242186,415.5231817626953,377.2349717712402,False,True,True,459.9599914550781,313.2000427246094,-0.0886163579556195,1343882.0,2337419.1,0.5749426792995744,2026-08-21
2026-08-21,GEV,GE Vernova,Industrials,Power Equipment,AI Infrastructure,Power,Grid Infrastructure,7,956.8499755859375,-0.009482338782296762,-0.10007056140518455,-0.07209143809038121,999.7760070800781,1035.0215295410155,867.4563525390626,False,False,True,1174.8599853515625,546.9464721679688,-0.18556254573636544,1174530.0,2276506.5,0.5159352718738119,2026-08-21
2026-08-21,CEG,Constellation Energy,Utilities,Power Generation,AI Infrastructure,Energy,Power Supply,6,272.8800048828125,-0.00014659439745512426,-0.032568222105277767,-0.008347343905955373,269.90662536621096,262.7452136230469,298.8605492401123,True,True,False,401.7044372558594,236.1370086669922,-0.3206945714941012,2017085.0,2761424.25,0.7304509620352614,2026-08-21
2026-08-21,NBIS,Nebius,Technology,AI Cloud Infrastructure,AI Infrastructure,NeoCloud,AI Cloud,7,219.1300048828125,-0.00445229987198037,-0.21085418228648412,-0.00832690558775373,213.4735008239746,223.09960052490234,149.24582542419432,True,False,True,286.69000244140625,64.05999755859375,-0.235655226841758,20116988.0,28961589.4,0.6946092537310815,2026-08-21
2026-08-21,CRWV,CoreWeave,Technology,AI Cloud Infrastructure,AI Infrastructure,NeoCloud,AI Cloud,8,87.8499984741211,-0.021279006424381852,-0.16539999343318323,0.08323058109740789,87.67850074768066,89.91580017089844,91.95407497406006,True,False,False,143.0800018310547,60.81999969482422,-0.3860078463106802,20725295.0,33193969.75,0.6243692802063845,2026-08-21
2026-08-21,MRVL,Marvell,Technology,Semiconductor,AI Infrastructure,Networking,Connectivity,8,237.0399932861328,-0.05565515926228459,0.06765151213689502,0.1324287454231654,210.41749877929686,233.82331176757813,145.00562812805177,True,True,True,316.3519592285156,62.17753219604492,-0.25070799667496957,24970547.0,24098102.35,1.036203873538615,2026-08-21
2026-08-21,COHR,Coherent,Technology,Optical Components,AI Infrastructure,Optical,Connectivity,7,289.5199890136719,-0.001758472460681948,-0.11143847728864753,-0.0756657049826508,304.4585021972656,329.57400085449217,269.83315040588377,False,False,True,426.8900146484375,87.80000305175781,-0.3217925482466387,5443729.0,7803076.45,0.6976388139834258,2026-08-21
2026-08-21,NOK,Nokia,Technology,Telecom Infrastructure,AI Infrastructure,AI-RAN,Telecom Edge,5,10.210000038146973,0.005911371612976168,-0.05111525827467556,0.04933201628911088,9.718499994277954,11.32419994354248,9.442249989509582,True,False,True,16.850000381469727,4.230000019073486,-0.39406529335304297,44724264.0,81902508.2,0.546067086135953,2026-08-21
2026-08-21,TEAM,Atlassian,Technology,Enterprise Software,Software,Developer Tools,SaaS,8,171.80999755859375,-0.017723435130126752,0.05911722516166962,1.1436056679689468,135.87625007629396,106.06489990234375,107.91284996032715,True,True,True,182.36000061035156,57.150001525878906,-0.05785261579539036,2947815.0,5709290.75,0.5163189490743662,2026-08-21
2026-08-21,DDOG,Datadog,Technology,Observability Software,Software,Cloud Software,SaaS,9,235.6199951171875,0.013201427758082751,-0.07766386547895876,-0.03588528292632098,253.139501953125,249.42180084228517,174.26917533874513,False,False,True,288.1499938964844,102.61499786376953,-0.18230088458085436,2721237.0,5392956.85,0.5045909091596014,2026-08-21
2026-08-21,RDW,Redwire,Industrials,Space Infrastructure,Space Economy,Space Infrastructure,Space Hardware,6,12.020000457763672,0.021240440975097474,-0.11487477722434702,0.29525870728826087,11.406000018119812,11.325800008773804,10.345800013542176,True,True,True,25.899999618530273,5.059999942779541,-0.5359073113976455,11400653.0,17882537.65,0.637529931329405,2026-08-21
2026-08-21,PL,Planet Labs,Technology,Earth Observation,Space Economy,Satellite Data,Space Software,6,22.290000915527344,0.005412757727579542,-0.09720532874107035,-0.0031305766061479057,22.525500106811524,25.35659996032715,26.59039999485016,False,False,False,51.400001525878906,6.440000057220459,-0.5663424075132613,3851165.0,5495328.25,0.7008070900951185,2026-08-21
2026-08-21,UUUU,Energy Fuels,Energy,Nuclear Fuel,Nuclear,Nuclear Fuel,Upstream Nuclear,6,15.140000343322754,0.08920868768510037,0.0026490040293054573,0.2606161577677446,13.37049994468689,13.63620002746582,17.427700018882753,True,True,False,27.719999313354492,10.579999923706055,-0.45382392790937587,11108574.0,7319513.7,1.5176655793403324,2026-08-21
2026-08-21,SMR,NuScale Power,Industrials,Small Modular Reactor,Nuclear,SMR,Reactor Developer,6,9.399999618530273,0.036383675282190886,0.0010648854996719859,0.0669692588890074,9.101500082015992,9.302000045776367,13.960599999427796,True,True,False,53.43000030517578,7.590000152587891,-0.8240688833082471,35433071.0,30849438.55,1.1485807413503155,2026-08-21
2026-08-21,OKLO,Oklo,Industrials,Advanced Nuclear,Nuclear,SMR,Reactor Developer,7,42.09000015258789,0.010321658827430191,-0.051599839126020064,-0.043409087441184324,42.78450050354004,47.39720031738281,68.1813498878479,False,False,False,174.13999938964844,36.84000015258789,-0.7582979194894273,6490874.0,9259463.7,0.7009989142243735,2026-08-21
2026-08-21,RGTI,Rigetti Computing,Technology,Quantum Computing,Quantum,Quantum Hardware,Quantum Hardware,4,17.90999984741211,0.1148458918157591,-0.04835280882934201,0.20606056480380586,16.84325017929077,17.428200092315674,20.048900027275085,True,True,False,56.34000015258789,12.899999618530273,-0.6821086297673813,23018157.0,20124932.85,1.1437631703700317,2026-08-21
2026-08-21,QBTS,D-Wave Quantum,Technology,Quantum Computing,Quantum,Quantum Hardware,Quantum Hardware,4,20.389999389648438,0.08457447963367537,-0.03684462370498276,0.1923975985254298,19.744499969482423,20.62219997406006,22.012899928092956,True,False,False,44.779998779296875,12.979999542236328,-0.5446627971085309,19114307.0,18185975.35,1.0510465692454598,2026-08-21
2026-08-21,IONQ,IonQ,Technology,Quantum Computing,Quantum,Quantum Hardware,Quantum Hardware,6,44.86000061035156,0.08018304668756038,-0.030263678382581483,0.316700939600141,41.08849973678589,44.54459987640381,44.86029998779297,True,True,False,82.08999633789062,26.59000015258789,-0.4535265853137169,17079779.0,21007823.95,0.8130199034726774,2026-08-21
2026-08-21,MU,Micron,Technology,Memory,AI Infrastructure,Memory,HBM,9,966.780029296875,-0.007748901974219402,-0.0050222752634994094,-0.023661639607630902,896.2425018310547,964.5412915039062,570.9477260589599,True,True,True,1213.3734130859375,116.23343658447266,-0.20322959208567848,20990385.0,39186879.25,0.5356482935547873,2026-08-21
2026-08-21,SNDK,Sandisk,Technology,Memory,AI Infrastructure,Memory,NAND,6,1596.0799560546875,-0.0028364253079117274,-0.027438763823759538,-0.008849118124159228,1381.131494140625,1654.174794921875,939.2142988586426,True,False,True,2335.0,46.369998931884766,-0.31645398027636507,7503783.0,17213199.15,0.4359319226257834,2026-08-21
2026-08-21,ORCL,Oracle,Technology,Enterprise Software,AI Infrastructure,NeoCloud,AI Cloud,8,146.47000122070312,0.030970603714006506,-0.02690674287004924,0.22017660866043043,140.79200019836426,145.21342361450195,172.09464420318602,True,True,False,324.6300048828125,114.98999786376953,-0.5488094168203059,16685495.0,28940374.75,0.5765473026571641,2026-08-21
2026-08-21,KEYS,Keysight Technologies,Technology,Electronic Test & Measurement,AI Infrastructure,Optical Test & Metrology,R&D Test & Standards,9,316.1300048828125,-0.0012006093680698715,-0.11651109940208337,-0.027681234782510722,331.1970016479492,332.8730010986328,281.52344924926757,False,False,True,373.3399963378906,159.49000549316406,-0.15323831364507845,984986.0,1388219.3,0.7095319882096438,2026-08-21
2026-08-21,FORM,FormFactor,Technology,Semiconductor Test Equipment,AI Infrastructure,Optical Test & Metrology,Wafer-Level Test & Probing,8,114.16000366210938,-0.013395518404867746,-0.13252280875798794,0.01250557571715638,114.55500068664551,122.3140005493164,99.49559968948364,False,False,True,159.92999267578125,28.43000030517578,-0.28618765153362624,683968.0,1359228.4,0.5032031408407889,2026-08-21
2026-08-21,AEHR,Aehr Test Systems,Technology,Semiconductor Test Equipment,AI Infrastructure,Optical Test & Metrology,Wafer & Package Burn-In,6,101.7300033569336,-0.040011303339884896,-0.24116063546495037,0.14936166423717312,103.37050018310546,95.15920013427734,59.62535002708435,False,True,True,145.61000061035156,18.100000381469727,-0.30135290893130107,1907543.0,2540812.15,0.7507611296647806,2026-08-21
2026-08-21,DELL,Dell Technologies,Technology,AI Server & Storage,AI Infrastructure,AI Servers,Systems & Storage,7,442.0799865722656,0.016790072711404536,-0.09928487852473022,0.006236605492816905,444.03899841308595,427.66094482421875,236.3821878051758,False,True,True,494.510009765625,110.54472351074219,-0.10602418992126927,3657279.0,5788993.95,0.631764177262614,2026-08-21
2026-08-21,CLS,Celestica,Technology,Electronics Manufacturing Services,AI Infrastructure,AI Servers,Contract Manufacturing,7,296.54998779296875,-0.0180463980365273,-0.11490822683983981,-0.11411504766850267,329.35449676513673,342.45619689941407,329.35184913635254,False,False,False,472.3999938964844,188.9199981689453,-0.37224811256464396,1357421.0,3425276.05,0.3962953584427159,2026-08-21
2026-08-21,IREN,IREN Limited,Technology,AI Data Center & Bitcoin Mining,AI Infrastructure,NeoCloud,AI Cloud & Power Infrastructure,5,41.880001068115234,-0.016901348164208185,-0.04947798995070596,0.03203546521443701,39.921999835968016,43.558999900817874,46.61315004348755,True,False,False,76.41000366210938,21.43000030517578,-0.45190421331071173,49329768.0,47560288.4,1.0372049804475114,2026-08-21
2026-08-21,APH,Amphenol,Technology,Interconnect Components,AI Infrastructure,Connectivity,Connectors & Cables,8,157.00999450683594,0.025471842994824634,-0.06043926794701948,-0.0026678408720394176,162.2504997253418,160.89061645507812,144.28025161743165,False,False,True,176.32000732421875,108.12300872802734,-0.10951685580341086,5248209.0,6739660.45,0.7787052536155586,2026-08-21
2026-08-21,GLW,Corning,Technology,Optical Fiber & Materials,AI Infrastructure,Optical,Optical Fiber & Materials,7,149.83999633789062,-0.01063057538985479,-0.09729506970790802,-0.039856473907529,152.43799934387206,174.10759994506836,140.41273719787597,False,False,True,255.69000244140625,65.0588150024414,-0.4139778837374455,5124351.0,13642567.55,0.37561485264553446,2026-08-21
2026-08-21,CIEN,Ciena,Technology,Optical Networking Equipment,AI Infrastructure,Optical,Connectivity,7,395.7900085449219,0.008433544297645978,-0.07691765122045047,-0.028807671262338075,397.5720016479492,421.55059997558595,368.69019981384275,False,False,True,627.0,89.80999755859375,-0.36875596723297943,1234520.0,2202256.0,0.5605706148603977,2026-08-21
2026-08-21,STX,Seagate Technology,Technology,Storage Hardware,AI Infrastructure,Storage,HDD Storage,6,850.0,-0.00028226175801127074,-0.1268080232287726,-0.06937022243992275,852.1054962158203,891.3223083496093,565.1912733459473,False,False,True,1093.260498046875,157.90618896484375,-0.22250918100623163,2838852.0,5264922.6,0.539201089110028,2026-08-21
2026-08-21,STRL,Sterling Infrastructure,Industrials,Infrastructure Construction,AI Infrastructure,Data Center Construction,Construction & Site Infrastructure,6,516.8099975585938,-0.007146622728579577,-0.103507467616893,-0.27954668886374334,554.3485046386719,677.8135998535156,517.2494003295899,False,False,False,993.739990234375,273.82000732421875,-0.4799343866228999,406770.0,850353.5,0.4783540021885016,2026-08-21
2026-08-21,EQIX,Equinix,Real Estate,Data Center REIT,AI Infrastructure,Data Centers,Colocation & Interconnection,8,1065.3900146484375,-0.015905978086404815,-0.02869020763521557,0.035731700847995373,1051.732211303711,1048.057879638672,939.8468655395508,True,True,True,1110.6331787109375,715.1826782226562,-0.04073636996421426,533924.0,613341.2,0.8705170955416007,2026-08-21
2026-08-21,NET,Cloudflare,Technology,Edge Cloud & Security,Software,Edge Cloud & Security,SaaS & Edge Network,8,293.1400146484375,0.05102008102788358,-0.07169543422122437,0.11749011308209623,293.6054992675781,268.01379943847655,219.1960499572754,False,True,True,330.8299865722656,160.19000244140625,-0.11392550087231956,2599496.0,4099294.8,0.6341324854216389,2026-08-21
2026-08-21,NOW,ServiceNow,Technology,Enterprise Software,Software,Workflow Automation,SaaS,9,128.47999572753906,-0.009788086878311675,0.036128997802734375,0.39743302497103916,119.94049987792968,108.92080017089843,120.30567993164063,True,True,True,192.22999572753906,83.0,-0.33163398749879447,10343314.0,21413950.7,0.48301754986294987,2026-08-21
2026-08-21,SNOW,Snowflake,Technology,Data Cloud Software,Software,Data Cloud,SaaS,8,332.7799987792969,0.035762052752314366,0.011735331369280066,0.25515781937387927,315.455500793457,278.64339935302735,215.802550201416,True,True,True,337.3800048828125,121.11000061035156,-0.013634495337426444,3422493.0,4959464.65,0.6900932341558277,2026-08-21
2026-08-21,APP,AppLovin,Technology,AdTech Software,Software,AdTech & AI Applications,Application Software,8,305.7699890136719,-0.009715970161423781,-0.030655634519691555,-0.23339016135158153,354.521501159668,427.25239929199216,500.17492599487304,False,False,False,733.5999755859375,303.760009765625,-0.5831924765681069,5374178.0,7332428.9,0.7329328484862635,2026-08-21
2026-08-21,CRWD,CrowdStrike,Technology,Cybersecurity Software,Software,Cybersecurity,SaaS,8,191.9499969482422,0.00845855123110062,-0.11523392648843533,0.046505282218136434,204.2429992675781,193.1432992553711,138.79082492828368,False,False,True,225.52999877929688,87.5625,-0.14889372594692385,7936382.0,7636654.1,1.039248589248006,2026-08-21
2026-08-21,FLNC,Fluence Energy,Industrials,Energy Storage,AI Infrastructure,Energy Storage,Grid Storage,6,11.34000015258789,-0.0043898322412408985,-0.1369863123062668,-0.21359222658878374,13.039250040054322,16.26509994506836,18.48539999008179,False,False,False,32.22999954223633,6.75,-0.6481538841560577,4963369.0,8151353.45,0.6089012125955598,2026-08-21
2026-08-21,BE,Bloom Energy,Industrials,Fuel Cells & Distributed Power,AI Infrastructure,Power,On-site Power Generation,6,201.4499969482422,-0.005086916243730366,-0.1239019100229154,-0.07294066213031936,211.88250045776368,242.23160095214843,186.5745006942749,False,False,True,345.8500061035156,48.540000915527344,-0.4175220662336879,7491949.0,16736487.45,0.44764165852494936,2026-08-21
2026-08-21,KLAC,KLA,Technology,Semicap Equipment,AI Infrastructure,Equipment,Process Control & Metrology,9,183.99000549316406,-0.01006131018533607,-0.09582780221928433,-0.1578752001081677,192.9385528564453,219.84405059814452,168.14291709899902,False,False,True,301.3693542480469,83.93718719482422,-0.3894866783909019,6644818.0,11576870.9,0.5739735769187855,2026-08-21
2026-08-21,RMBS,Rambus,Technology,Semiconductor IP,AI Infrastructure,Memory Interface,Memory & IP,7,91.23999786376953,-0.009875243049820348,-0.09529004219883619,-0.11580583675654255,94.94549980163575,108.81660018920898,108.72234992980957,False,False,False,170.66000366210938,73.27999877929688,-0.4653697649953408,1041818.0,2481855.9,0.41977376688146967,2026-08-21
2026-08-21,LITE,Lumentum,Technology,Optical Components,AI Infrastructure,Optical,Connectivity,6,866.7100219726562,-0.0142957953159365,-0.06416955507352828,0.03966940974896094,817.3095001220703,814.4133984375,652.6195500183105,True,True,True,1053.0899658203125,119.33999633789062,-0.17698387592409937,3658217.0,5335540.85,0.6856318980296066,2026-08-21
