date,nav,shares_outstanding,total_net_assets
2003-12-01,25.15,,
2003-12-02,25.13,,
2003-12-03,25.32,,
2003-12-04,25.55,,
2003-12-05,25.27,,
2003-12-08,25.69,,
2003-12-09,25.73,,
2003-12-10,25.37,,
2003-12-11,25.68,,
2003-12-12,25.87,,
2003-12-15,25.77,,
2003-12-16,25.8,,
2003-12-17,25.94,,
2003-12-18,26.22,,
2003-12-19,26.05,,
2003-12-22,26.32,,
2003-12-23,26.33,,
2003-12-24,26.25,,
2003-12-26,26.46,,
2003-12-29,26.93,,
2003-12-30,26.7,,
2003-12-31,26.75,,
2004-01-02,26.59,,
2004-01-05,27.09,,
2004-01-06,26.84,,
2004-01-07,26.73,,
2004-01-08,27.02,,
2004-01-09,26.51,,
2004-01-12,26.47,,
2004-01-13,26.19,,
2004-01-14,26.28,,
2004-01-15,26.03,,
2004-01-16,26.09,,
2004-01-20,26.15,,
2004-01-21,26.19,,
2004-01-22,25.89,,
2004-01-23,25.39,,
2004-01-26,25.6,,
2004-01-27,25.57,,
2004-01-28,25.33,,
2004-01-29,25.21,,
2004-01-30,25.5,,
2004-02-02,25.38,,
2004-02-03,25.22,,
2004-02-04,25.05,,
2004-02-05,25.38,,
2004-02-06,25.92,,
2004-02-09,25.92,,
2004-02-10,26.07,,
2004-02-11,26.71,,
2004-02-12,26.62,,
2004-02-13,26.4,,
2004-02-17,26.69,,
2004-02-18,26.58,,
2004-02-19,26.74,,
2004-02-20,26.49,,
2004-02-23,26.54,,
2004-02-24,26.64,,
2004-02-25,26.73,,
2004-02-26,26.7,,
2004-02-27,26.81,,
2004-03-01,27.25,,
2004-03-02,26.9,,
2004-03-03,26.78,,
2004-03-04,26.9,,
2004-03-05,26.9,,
2004-03-08,26.63,,
2004-03-09,26.21,,
2004-03-10,25.48,,
2004-03-11,25.27,,
2004-03-12,25.66,,
2004-03-15,25.04,,
2004-03-16,25.27,,
2004-03-17,25.66,,
2004-03-18,25.62,,
2004-03-19,25.53,,
2004-03-22,24.98,,
2004-03-23,25.07,,
2004-03-24,24.96,,
2004-03-25,25.63,,
2004-03-26,25.66,,
2004-03-29,26.08,,
2004-03-30,26.25,,
2004-03-31,26.19,,
2004-04-01,26.32,,
2004-04-02,26.73,,
2004-04-05,26.67,,
2004-04-06,26.84,,
2004-04-07,26.46,,
2004-04-08,26.32,,
2004-04-12,26.6,,
2004-04-13,26.1,,
2004-04-14,26.14,,
2004-04-15,26.28,,
2004-04-16,26.57,,
2004-04-19,26.5,,
2004-04-20,25.92,,
2004-04-21,25.72,,
2004-04-22,26.5,,
2004-04-23,26.35,,
2004-04-26,26.24,,
2004-04-27,26.23,,
2004-04-28,25.41,,
2004-04-29,25.03,,
2004-04-30,24.97,,
2004-05-03,25.01,,
2004-05-04,25.3,,
2004-05-05,25.18,,
2004-05-06,24.88,,
2004-05-07,24.01,,
2004-05-10,23.93,,
2004-05-11,24.25,,
2004-05-12,24.22,,
2004-05-13,24.38,,
2004-05-14,24.36,,
2004-05-17,23.89,,
2004-05-18,24.31,,
2004-05-19,24.33,,
2004-05-20,24.27,,
2004-05-21,24.56,,
2004-05-24,24.78,,
2004-05-25,25.28,,
2004-05-26,25.34,,
2004-05-27,25.34,,
2004-05-28,25.57,,
2004-06-01,25.54,,
2004-06-02,25.63,,
2004-06-03,25.11,,
2004-06-04,25.39,,
2004-06-07,25.87,,
2004-06-08,25.93,,
2004-06-09,25.61,,
2004-06-10,25.75,,
2004-06-14,25.37,,
2004-06-15,25.61,,
2004-06-16,25.66,,
2004-06-17,25.71,,
2004-06-18,25.96,,
2004-06-21,25.89,,
2004-06-22,25.97,,
2004-06-23,26.28,,
2004-06-24,26.23,,
2004-06-25,26.31,,
2004-06-28,26.24,,
2004-06-29,26.58,,
2004-06-30,26.77,,
2004-07-01,26.26,,
2004-07-02,26.13,,
2004-07-06,25.97,,
2004-07-07,26.27,,
2004-07-08,26.02,,
2004-07-09,26.14,,
2004-07-12,26.18,,
2004-07-13,26.2,,
2004-07-14,26.26,,
2004-07-15,26.32,,
2004-07-16,26.34,,
2004-07-19,26.21,,
2004-07-20,26.2,,
2004-07-21,25.7,,
2004-07-22,25.58,,
2004-07-23,25.43,,
2004-07-26,25.24,,
2004-07-27,25.64,,
2004-07-28,25.85,,
2004-07-29,26.21,,
2004-07-30,26.18,,
2004-08-02,26.3,,
2004-08-03,26.05,,
2004-08-04,26.11,,
2004-08-05,25.6,,
2004-08-06,25.11,,
2004-08-09,25.23,,
2004-08-10,25.66,,
2004-08-11,25.57,,
2004-08-12,25.21,,
2004-08-13,25.13,,
2004-08-16,25.82,,
2004-08-17,25.96,,
2004-08-18,26.2,,
2004-08-19,26.22,,
2004-08-20,26.47,,
2004-08-23,26.21,,
2004-08-24,26.3,,
2004-08-25,26.57,,
2004-08-26,26.7,,
2004-08-27,26.75,,
2004-08-30,26.54,,
2004-08-31,26.64,,
2004-09-01,26.71,,
2004-09-02,27.06,,
2004-09-03,27.02,,
2004-09-07,27.24,,
2004-09-08,26.95,,
2004-09-09,27.05,,
2004-09-10,26.81,,
2004-09-13,26.76,,
2004-09-14,26.71,,
2004-09-15,26.62,,
2004-09-16,26.73,,
2004-09-17,26.52,,
2004-09-20,26.54,,
2004-09-21,26.64,,
2004-09-22,26.43,,
2004-09-23,26.2,,
2004-09-24,26.43,,
2004-09-27,26.41,,
2004-09-28,27.02,,
2004-09-29,27.17,,
2004-09-30,27.54,,
2004-10-01,27.69,,
2004-10-04,27.74,,
2004-10-05,27.73,,
2004-10-06,28.16,,
2004-10-07,27.82,,
2004-10-08,27.67,,
2004-10-11,27.63,,
2004-10-12,27.36,,
2004-10-13,26.73,,
2004-10-14,26.68,,
2004-10-15,26.91,,
2004-10-18,26.88,,
2004-10-19,26.23,,
2004-10-20,26.4,,
2004-10-21,26.57,,
2004-10-22,26.43,,
2004-10-25,26.68,,
2004-10-26,26.97,,
2004-10-27,27.21,,
2004-10-28,26.92,,
2004-10-29,27.31,,
2004-11-01,27.34,,
2004-11-02,27.23,,
2004-11-03,27.59,,
2004-11-04,28.24,,
2004-11-05,28.38,,
2004-11-08,28.38,,
2004-11-09,28.64,,
2004-11-10,28.64,,
2004-11-11,28.87,,
2004-11-12,29.18,,
2004-11-15,29.02,,
2004-11-16,28.84,,
2004-11-17,29.08,,
2004-11-18,29.14,,
2004-11-19,28.97,,
2004-11-22,29.26,,
2004-11-23,29.12,,
2004-11-24,29.39,,
2004-11-26,29.7,,
2004-11-29,29.64,,
2004-11-30,29.48,,
2004-12-01,29.8,,
2004-12-02,29.42,,
2004-12-03,29.4,,
2004-12-06,29.29,,
2004-12-07,28.71,,
2004-12-08,28.8,,
2004-12-09,29.01,,
2004-12-10,28.99,,
2004-12-13,29.41,,
2004-12-14,29.39,,
2004-12-15,29.67,,
2004-12-16,29.48,,
2004-12-17,29.2,,
2004-12-20,29.35,,
2004-12-21,29.71,,
2004-12-22,29.74,,
2004-12-23,29.81,,
2004-12-27,29.72,,
2004-12-28,29.9,,
2004-12-29,29.91,,
2004-12-30,29.77,,
2004-12-31,29.73,,
2005-01-03,29.42,,
2005-01-04,28.75,,
2005-01-05,28.52,,
2005-01-06,28.68,,
2005-01-07,28.76,,
2005-01-10,28.87,,
2005-01-11,28.56,,
2005-01-12,28.74,,
2005-01-13,28.64,,
2005-01-14,28.93,,
2005-01-18,29.05,,
2005-01-19,28.84,,
2005-01-20,28.67,,
2005-01-21,28.54,,
2005-01-24,28.18,,
2005-01-25,28.28,,
2005-01-26,28.38,,
2005-01-27,28.49,,
2005-01-28,28.51,,
2005-01-31,28.82,,
2005-02-01,29.05,,
2005-02-02,29.34,,
2005-02-03,29.17,,
2005-02-04,29.53,,
2005-02-07,29.54,,
2005-02-08,29.49,,
2005-02-09,29.09,,
2005-02-10,29.48,,
2005-02-11,29.76,,
2005-02-14,29.82,,
2005-02-15,29.97,,
2005-02-16,30.33,,
2005-02-17,30.26,,
2005-02-18,30.57,,
2005-02-22,30.11,,
2005-02-23,30.53,,
2005-02-24,30.94,,
2005-02-25,31.37,,
2005-02-28,31.09,,
2005-03-01,31.12,,
2005-03-02,31.04,,
2005-03-03,31.05,,
2005-03-04,31.93,,
2005-03-07,31.66,,
2005-03-08,31.58,,
2005-03-09,31.6,,
2005-03-10,31.27,,
2005-03-11,31.38,,
2005-03-14,31.39,,
2005-03-15,31.24,,
2005-03-16,30.65,,
2005-03-17,30.95,,
2005-03-18,30.91,,
2005-03-21,30.67,,
2005-03-22,30.56,,
2005-03-23,30.27,,
2005-03-24,30.25,,
2005-03-28,30.09,,
2005-03-29,29.45,,
2005-03-30,29.87,,
2005-03-31,30.15,,
2005-04-01,30.05,,
2005-04-04,29.89,,
2005-04-05,29.96,,
2005-04-06,30.12,,
2005-04-07,30.41,,
2005-04-08,29.99,,
2005-04-11,29.89,,
2005-04-12,29.89,,
2005-04-13,29.08,,
2005-04-14,28.27,,
2005-04-15,27.56,,
2005-04-18,27.98,,
2005-04-19,28.36,,
2005-04-20,27.83,,
2005-04-21,28.34,,
2005-04-22,28.06,,
2005-04-25,28.34,,
2005-04-26,27.8,,
2005-04-27,27.6,,
2005-04-28,27.33,,
2005-04-29,28.04,,
2005-05-02,28.22,,
2005-05-03,28.38,,
2005-05-04,28.84,,
2005-05-05,28.7,,
2005-05-06,28.76,,
2005-05-09,28.75,,
2005-05-10,28.31,,
2005-05-11,28.36,,
2005-05-12,27.56,,
2005-05-13,27.04,,
2005-05-16,27.14,,
2005-05-17,27.53,,
2005-05-18,28.19,,
2005-05-19,28.09,,
2005-05-20,27.87,,
2005-05-23,28.13,,
2005-05-24,28.05,,
2005-05-25,27.73,,
2005-05-26,27.94,,
2005-05-27,28.03,,
2005-05-31,27.81,,
2005-06-01,28.24,,
2005-06-02,28.16,,
2005-06-03,28.02,,
2005-06-06,28.03,,
2005-06-07,28.15,,
2005-06-08,28.01,,
2005-06-09,27.9,,
2005-06-10,28.1,,
2005-06-13,28.29,,
2005-06-14,28.37,,
2005-06-15,28.61,,
2005-06-16,28.97,,
2005-06-17,28.81,,
2005-06-20,28.48,,
2005-06-21,28.34,,
2005-06-22,28.3,,
2005-06-23,27.67,,
2005-06-24,27.34,,
2005-06-27,27.25,,
2005-06-28,27.67,,
2005-06-29,27.58,,
2005-06-30,27.15,,
2005-07-01,27.16,,
2005-07-05,27.2,,
2005-07-06,27.09,,
2005-07-07,27.15,,
2005-07-08,27.66,,
2005-07-11,28.06,,
2005-07-12,27.98,,
2005-07-13,27.91,,
2005-07-14,27.96,,
2005-07-15,27.89,,
2005-07-18,27.82,,
2005-07-19,28.29,,
2005-07-20,28.75,,
2005-07-21,28.61,,
2005-07-22,28.79,,
2005-07-25,28.56,,
2005-07-26,28.14,,
2005-07-27,28.41,,
2005-07-28,28.75,,
2005-07-29,28.64,,
2005-08-01,28.54,,
2005-08-02,28.91,,
2005-08-03,29.04,,
2005-08-04,28.75,,
2005-08-05,28.59,,
2005-08-08,28.61,,
2005-08-09,28.75,,
2005-08-10,28.84,,
2005-08-11,29.12,,
2005-08-12,28.87,,
2005-08-15,28.86,,
2005-08-16,28.36,,
2005-08-17,28.26,,
2005-08-18,28.07,,
2005-08-19,28.12,,
2005-08-22,28.12,,
2005-08-23,27.67,,
2005-08-24,27.41,,
2005-08-25,27.41,,
2005-08-26,27.25,,
2005-08-29,27.41,,
2005-08-30,27.2,,
2005-08-31,27.47,,
2005-09-01,27.56,,
2005-09-02,27.48,,
2005-09-06,27.68,,
2005-09-07,27.86,,
2005-09-08,27.73,,
2005-09-09,28.0,,
2005-09-12,28.09,,
2005-09-13,27.77,,
2005-09-14,27.85,,
2005-09-15,27.8,,
2005-09-16,27.87,,
2005-09-19,27.63,,
2005-09-20,27.22,,
2005-09-21,26.92,,
2005-09-22,27.04,,
2005-09-23,27.09,,
2005-09-26,27.06,,
2005-09-27,27.06,,
2005-09-28,27.12,,
2005-09-29,27.29,,
2005-09-30,27.47,,
2005-10-03,27.37,,
2005-10-04,27.11,,
2005-10-05,26.48,,
2005-10-06,26.33,,
2005-10-07,26.62,,
2005-10-10,26.46,,
2005-10-11,26.49,,
2005-10-12,26.28,,
2005-10-13,26.23,,
2005-10-14,26.34,,
2005-10-17,26.5,,
2005-10-18,26.22,,
2005-10-19,26.48,,
2005-10-20,26.25,,
2005-10-21,26.51,,
2005-10-24,27.1,,
2005-10-25,27.09,,
2005-10-26,27.3,,
2005-10-27,27.09,,
2005-10-28,27.54,,
2005-10-31,27.61,,
2005-11-01,27.66,,
2005-11-02,28.0,,
2005-11-03,27.89,,
2005-11-04,27.87,,
2005-11-07,27.99,,
2005-11-08,27.84,,
2005-11-09,27.84,,
2005-11-10,28.22,,
2005-11-11,28.59,,
2005-11-14,28.86,,
2005-11-15,28.84,,
2005-11-16,28.88,,
2005-11-17,29.26,,
2005-11-18,29.33,,
2005-11-21,29.51,,
2005-11-22,29.62,,
2005-11-23,29.49,,
2005-11-25,29.7,,
2005-11-28,29.6,,
2005-11-29,29.92,,
2005-11-30,29.65,,
2005-12-01,30.22,,
2005-12-02,30.15,,
2005-12-05,30.18,,
2005-12-06,30.42,,
2005-12-07,30.33,,
2005-12-08,30.31,,
2005-12-09,30.2,,
2005-12-12,30.24,,
2005-12-13,30.48,,
2005-12-14,30.3,,
2005-12-15,30.17,,
2005-12-16,29.82,,
2005-12-19,29.69,,
2005-12-20,29.58,,
2005-12-21,30.13,,
2005-12-22,30.41,,
2005-12-23,30.52,,
2005-12-27,30.31,,
2005-12-28,30.56,,
2005-12-29,30.54,,
2005-12-30,30.29,,
2006-01-03,30.88,,
2006-01-04,31.07,,
2006-01-05,31.04,,
2006-01-06,31.42,,
2006-01-09,31.38,,
2006-01-10,31.2,,
2006-01-11,30.95,,
2006-01-12,30.52,,
2006-01-13,30.59,,
2006-01-17,30.64,,
2006-01-18,30.31,,
2006-01-19,30.62,,
2006-01-20,30.14,,
2006-01-23,30.51,,
2006-01-24,30.86,,
2006-01-25,31.03,,
2006-01-26,31.34,,
2006-01-27,31.62,,
2006-01-30,31.7,,
2006-01-31,31.73,,
2006-02-01,31.86,,
2006-02-02,31.38,,
2006-02-03,31.12,,
2006-02-06,31.65,,
2006-02-07,30.84,,
2006-02-08,30.85,,
2006-02-09,30.96,,
2006-02-10,30.9,,
2006-02-13,30.65,,
2006-02-14,31.38,,
2006-02-15,31.33,,
2006-02-16,31.65,,
2006-02-17,31.64,,
2006-02-21,31.65,,
2006-02-22,31.76,,
2006-02-23,31.68,,
2006-02-24,31.76,,
2006-02-27,31.49,,
2006-02-28,31.14,,
2006-03-01,31.51,,
2006-03-02,31.69,,
2006-03-03,31.71,,
2006-03-06,31.37,,
2006-03-07,31.08,,
2006-03-08,30.85,,
2006-03-09,30.79,,
2006-03-10,31.34,,
2006-03-13,31.35,,
2006-03-14,31.89,,
2006-03-15,32.29,,
2006-03-16,32.36,,
2006-03-17,32.26,,
2006-03-20,32.11,,
2006-03-21,31.72,,
2006-03-22,31.95,,
2006-03-23,32.02,,
2006-03-24,32.04,,
2006-03-27,32.23,,
2006-03-28,32.07,,
2006-03-29,32.5,,
2006-03-30,32.62,,
2006-03-31,32.39,,
2006-04-03,32.7,,
2006-04-04,32.83,,
2006-04-05,33.19,,
2006-04-06,33.32,,
2006-04-07,32.87,,
2006-04-10,32.86,,
2006-04-11,32.64,,
2006-04-12,32.82,,
2006-04-13,32.96,,
2006-04-17,33.24,,
2006-04-18,34.13,,
2006-04-19,34.36,,
2006-04-20,34.05,,
2006-04-21,34.33,,
2006-04-24,34.25,,
2006-04-25,34.04,,
2006-04-26,34.02,,
2006-04-27,33.37,,
2006-04-28,33.54,,
2006-05-01,33.79,,
2006-05-02,34.05,,
2006-05-03,34.07,,
2006-05-04,34.41,,
2006-05-05,34.64,,
2006-05-08,34.77,,
2006-05-09,35.05,,
2006-05-10,35.01,,
2006-05-11,34.53,,
2006-05-12,33.82,,
2006-05-15,33.41,,
2006-05-16,33.34,,
2006-05-17,32.47,,
2006-05-18,32.12,,
2006-05-19,32.21,,
2006-05-22,31.59,,
2006-05-23,31.64,,
2006-05-24,31.45,,
2006-05-25,32.11,,
2006-05-26,32.55,,
2006-05-30,31.82,,
2006-05-31,32.200898,28011537,901996634.54
2006-06-01,32.552975,28011537,911858876.99
2006-06-02,32.81406,28011537,919172251.93
2006-06-05,31.861129,28511537,908409759.02
2006-06-06,31.610811,27861537,880725781.02
2006-06-07,30.892413,26611537,822094579.86
2006-06-08,30.869384,25161537,776721148.08
2006-06-09,30.666823,25161537,771624392.16
2006-06-12,30.121153,25161537,757894493.75
2006-06-13,29.553501,25161537,743611504.09
2006-06-14,30.022515,21761537,653336062.44
2006-06-15,30.983319,24061537,745506277.35
2006-06-16,30.580664,23961537,732759701.8
2006-06-19,30.009485,29561537,887126505.04
2006-06-20,30.096465,29011537,873144704.34
2006-06-21,30.8221,33361537,1028272624.89
2006-06-22,30.696099,38211537,1172945134.8
2006-06-23,30.90639,38211537,1180980646.9
2006-06-26,31.011025,38211537,1184978928.99
2006-06-27,30.599709,38961537,1192211688.06
2006-06-28,30.714938,40911537,1256595312.42
2006-06-29,31.907622,40911537,1305389845.15
2006-06-30,32.054497,40811537,1308193294.36
2006-07-03,32.499626,37811537,1228860825.85
2006-07-05,32.075527,38461537,1233674057.01
2006-07-06,32.10652,38811537,1246103389.18
2006-07-07,31.786265,39411537,1252745563.46
2006-07-10,31.882178,38311537,1221455249.13
2006-07-11,31.84555,38311537,1220051965.24
2006-07-12,31.616175,37011537,1170163240.34
2006-07-13,30.725565,33411537,1026588337.23
2006-07-14,30.759896,32661537,1004665485.21
2006-07-17,30.387683,32661537,992508436.48
2006-07-18,30.50326,32661537,996283369.98
2006-07-19,31.324292,31661537,991775243.85
2006-07-20,30.533873,31661537,966749342.9
2006-07-21,30.052498,31911537,959021396.84
2006-07-24,30.520912,31911537,973969225.52
2006-07-25,30.956425,30911537,956910687.89
2006-07-26,30.897127,30911537,955077671.76
2006-07-27,30.253846,30361537,918553253.0
2006-07-28,30.758332,29861537,918491072.38
2006-07-31,30.923914,29361537,907973634.99
2006-08-01,30.678561,29361537,900769708.02
2006-08-02,31.139596,28812987,897224777.01
2006-08-03,31.324767,28812987,902560113.02
2006-08-04,31.182107,29712987,926513538.4
2006-08-07,31.304174,29712987,930140512.0
2006-08-08,31.010375,29712987,921410879.12
2006-08-09,31.031481,27412987,850665581.11
2006-08-10,31.102919,27412987,852623917.55
2006-08-11,30.769708,27412987,843489607.32
2006-08-14,30.704303,27412987,841696655.51
2006-08-15,31.273712,27412987,857305857.55
2006-08-16,31.816184,26562987,845132874.38
2006-08-17,31.679382,28062987,889018096.11
2006-08-18,31.694958,28062987,889455203.08
2006-08-21,31.666381,28062987,888653246.88
2006-08-22,31.811616,28062987,892728953.61
2006-08-23,31.742218,26662987,846342335.84
2006-08-24,31.473211,25262987,795107329.24
2006-08-25,31.572819,25262987,797623718.59
2006-08-28,31.526304,23162987,730243378.81
2006-08-29,31.697358,23162987,734205484.52
2006-08-30,31.687399,23162987,733974799.59
2006-08-31,31.847715,23162987,737688202.84
2006-09-01,32.19745,23362987,752228597.03
2006-09-05,32.345783,22862987,739521224.65
2006-09-06,31.9894,24512987,784155739.53
2006-09-07,31.627309,24512987,775279810.05
2006-09-08,31.70794,24512987,777256309.25
2006-09-11,30.856047,24512987,756373880.42
2006-09-12,31.203678,23612987,736812045.14
2006-09-13,31.4671,22612987,711565129.97
2006-09-14,31.317536,22612987,708183029.95
2006-09-15,31.221915,20012987,624843787.86
2006-09-18,31.566862,25312987,799051576.48
2006-09-19,31.208201,25312987,789972780.75
2006-09-20,31.377901,25112987,787992818.46
2006-09-21,31.165373,29112987,907317101.48
2006-09-22,31.097786,29762987,925562993.7
2006-09-25,31.280825,29462987,921626538.81
2006-09-26,31.85793,23912987,761818272.67
2006-09-27,31.805853,21062987,669926261.91
2006-09-28,31.912531,21064115,672209226.6
2006-09-29,31.667365,21064115,667045010.47
2006-10-02,31.646749,22214115,703004529.34
2006-10-03,31.29128,22214115,695108093.71
2006-10-04,31.349471,22214115,696400746.32
2006-10-05,31.822826,22614115,719645051.05
2006-10-06,31.979935,21764115,696014992.16
2006-10-09,32.250972,21764115,701913873.7
2006-10-10,32.383129,21764115,704790142.04
2006-10-11,32.070084,22164115,710805026.35
2006-10-12,32.464925,22164115,719556331.19
2006-10-13,32.758561,22714115,744081716.21
2006-10-16,33.005778,22714115,749697026.08
2006-10-17,32.762362,23114115,757272991.69
2006-10-18,32.691275,23664115,773610086.72
2006-10-19,32.896397,23664115,778464122.49
2006-10-20,32.72387,23814115,779290011.13
2006-10-23,32.874372,25564115,840404221.9
2006-10-24,33.283895,27414115,912448518.89
2006-10-25,33.19486,26464115,878472598.69
2006-10-26,33.356755,26464115,882757006.34
2006-10-27,33.344466,24714115,824078972.64
2006-10-30,33.467955,24714115,827130899.94
2006-10-31,33.51363,26014115,871827437.32
2006-11-01,33.269047,25414115,845503376.93
2006-11-02,33.392728,25414115,848646636.58
2006-11-03,33.272031,25414115,845579211.69
2006-11-06,33.668783,25414115,855662323.03
2006-11-07,33.589951,26914115,904043795.7
2006-11-08,33.668304,26914115,906152614.85
2006-11-09,33.964138,26914115,914114706.86
2006-11-10,33.712395,26014115,876998124.02
2006-11-13,34.003309,26014115,884566001.4
2006-11-14,33.993898,26014115,884321168.83
2006-11-15,34.089905,25714115,876591732.07
2006-11-16,33.964925,25714115,873377982.32
2006-11-17,33.943291,26364115,894884837.48
2006-11-20,34.373181,26664115,916530455.18
2006-11-21,34.568842,27314115,944217313.09
2006-11-22,35.006869,27314115,956181647.53
2006-11-24,35.030788,27064115,948077271.83
2006-11-27,34.5034,27064115,933803983.94
2006-11-28,34.540543,25814115,891633549.93
2006-11-29,34.907475,24464115,853980477.27
2006-11-30,34.963623,24464115,855354093.48
2006-12-01,34.73411,23964115,832372200.78
2006-12-04,35.251939,22964115,809529572.22
2006-12-05,35.355184,22964115,811900504.38
2006-12-06,35.325315,25164115,888930287.96
2006-12-07,35.467062,28714115,1018405295.99
2006-12-08,35.539201,30714115,1091555113.99
2006-12-11,35.463627,32714115,1160161161.76
2006-12-12,35.076518,32714115,1147497255.47
2006-12-13,35.16372,34764115,1222435606.33
2006-12-14,35.453967,34764115,1232525781.53
2006-12-15,35.37474,28464115,1006910657.8
2006-12-18,35.018868,33614115,1177128267.54
2006-12-19,35.262778,35614115,1255852638.4
2006-12-20,35.118717,35614115,1250722009.7
2006-12-21,34.666621,32614115,1130621162.69
2006-12-22,34.461576,31914115,1099810709.59
2006-12-26,34.780761,31914115,1109997211.21
2006-12-27,35.149187,31114115,1093635843.87
2006-12-28,35.052685,28766088,1008328615.6
2006-12-29,34.842958,29416088,1024943510.38
2007-01-03,34.687635,29416088,1020374533.9
2007-01-04,34.41004,27416088,943388673.66
2007-01-05,34.211025,27716088,948195781.8
2007-01-08,34.244626,27416088,938853669.35
2007-01-09,34.231104,27416088,938482953.78
2007-01-10,34.422365,27066088,931678755.59
2007-01-11,34.827002,27266088,949596111.71
2007-01-12,35.216282,28116088,990144084.33
2007-01-16,35.31717,27166088,959429341.46
2007-01-17,35.392381,27166088,961472539.72
2007-01-18,35.222876,28016088,986807205.25
2007-01-19,35.758118,28016088,1001802569.86
2007-01-22,35.400374,31216088,1105061188.13
2007-01-23,35.839175,31216088,1118758827.64
2007-01-24,36.261253,32516088,1179074106.85
2007-01-25,36.063918,32516088,1172657521.68
2007-01-26,36.06715,32516088,1172762627.68
2007-01-29,35.890229,32216088,1156242775.53
2007-01-30,36.003232,29766088,1071675365.76
2007-01-31,36.428504,30316088,1104369733.03
2007-02-01,36.675051,29766088,1091672785.87
2007-02-02,36.630685,29766088,1090352188.59
2007-02-05,36.479146,28616088,1043890451.25
2007-02-06,36.727634,28566088,1049164815.94
2007-02-07,36.760804,29966088,1101577472.65
2007-02-08,36.761095,28266088,1039092357.9
2007-02-09,36.653781,33266088,1219327901.32
2007-02-12,36.709439,33266088,1221179416.05
2007-02-13,37.47134,30466088,1141605141.66
2007-02-14,37.686539,33166088,1249915072.61
2007-02-15,37.88203,34016088,1288598453.19
2007-02-16,37.972396,35016088,1329644774.64
2007-02-20,38.037198,35516088,1350932487.34
2007-02-21,38.448121,30866088,1186743091.65
2007-02-22,38.297004,32116088,1229949949.68
2007-02-23,38.335813,26916088,1031850129.12
2007-02-26,38.679117,33416088,1292504793.53
2007-02-27,37.072053,25816088,957055373.88
2007-02-28,37.242335,25216088,939106004.98
2007-03-01,37.031693,32366088,1198571039.94
2007-03-02,36.387515,31816088,1157708372.28
2007-03-05,35.941258,30616088,1100380715.19
2007-03-06,36.680098,30616088,1123001102.53
2007-03-07,36.59132,30766088,1125771760.89
2007-03-08,37.057158,37016088,1371711009.5
2007-03-09,37.229789,35816088,1333425402.82
2007-03-12,37.449216,27116088,1015476245.61
2007-03-13,36.495528,26816088,978667284.24
2007-03-14,36.779409,27616088,1015703396.97
2007-03-15,37.363297,31016088,1158863322.31
2007-03-16,37.020525,32216088,1192656502.86
2007-03-19,37.548908,37316088,1401178365.92
2007-03-20,37.795355,37366088,1412264577.31
2007-03-21,38.21887,38116088,1456753810.77
2007-03-22,38.056431,38166088,1452465099.19
2007-03-23,38.202375,38166088,1458035210.64
2007-03-26,38.565455,37216088,1435255374.21
2007-03-27,38.114288,37366088,1424181844.37
2007-03-28,37.794651,37466088,1416017734.08
2007-03-29,37.980159,33766300,1282449446.35
2007-03-30,37.960785,33766300,1281795249.07
2007-04-02,38.035032,33166300,1261481297.08
2007-04-03,38.481596,33166300,1276292154.32
2007-04-04,38.482459,33666300,1295562015.76
2007-04-05,38.448443,33016300,1269425340.47
2007-04-09,38.934607,30466300,1186193420.83
2007-04-10,38.703621,29866300,1155933969.96
2007-04-11,38.409996,29916300,1149084972.78
2007-04-12,38.758362,27816300,1078114219.79
2007-04-13,38.86065,28716300,1115934079.63
2007-04-16,39.292958,29566300,1161747390.87
2007-04-17,39.065246,29666300,1158921316.35
2007-04-18,38.76962,29216300,1132704854.75
2007-04-19,38.675349,29216300,1129950609.68
2007-04-20,39.097066,28466300,1112948796.17
2007-04-23,39.057499,28416300,1109869617.33
2007-04-24,38.881687,29066300,1130146781.61
2007-04-25,39.504367,26766300,1057385728.13
2007-04-26,39.400674,26766300,1054610262.7
2007-04-27,39.30996,26866300,1056113166.88
2007-04-30,38.702096,25566300,989469404.06
2007-05-01,38.43128,25016300,961408421.91
2007-05-02,38.901666,24016300,934274084.6
2007-05-03,39.181263,21016300,823445169.72
2007-05-04,39.414429,25116300,989944635.51
2007-05-07,39.924257,25616300,1022711739.65
2007-05-08,39.913814,25966300,1036414055.76
2007-05-09,40.112173,30816300,1236108746.12
2007-05-10,39.393655,31816300,1253360348.61
2007-05-11,39.766321,35116300,1396446049.9
2007-05-14,39.601295,35316300,1398571208.9
2007-05-15,39.989847,34516300,1380301568.18
2007-05-16,40.097082,31516300,1263711671.08
2007-05-17,40.127121,28616300,1148289735.3
2007-05-18,40.357316,28716300,1158912796.77
2007-05-21,40.314493,28266300,1139541560.62
2007-05-22,40.15152,28316300,1136942483.25
2007-05-23,40.247708,28466300,1145703341.43
2007-05-24,39.783314,27666300,1100657107.91
2007-05-25,40.253193,27016300,1087492327.18
2007-05-29,40.167348,25016300,1004838431.71
2007-05-30,40.703205,26016300,1058946791.53
2007-05-31,40.884567,26016300,1063665164.04
2007-06-01,41.348384,26116300,1079866794.47
2007-06-04,41.23457,27116300,1118128973.77
2007-06-05,41.091145,29616300,1216967681.36
2007-06-06,40.52669,29616300,1200250600.12
2007-06-07,39.633964,25616300,1015275517.79
2007-06-08,40.339404,28516300,1150330543.91
2007-06-11,40.03307,27466300,1099560314.16
2007-06-12,39.598959,26466300,1048037921.36
2007-06-13,40.480682,26166300,1059229659.18
2007-06-14,40.749597,26166300,1066266182.83
2007-06-15,41.009345,21116300,865965639.61
2007-06-18,41.001533,25616300,1050307558.37
2007-06-19,41.200499,29866300,1230506474.27
2007-06-20,40.670076,30566300,1243133750.46
2007-06-21,41.069495,30566300,1255342502.36
2007-06-22,40.785812,30566300,1246671363.1
2007-06-25,40.374159,32216300,1300706023.97
2007-06-26,39.875288,32216300,1284634228.94
2007-06-27,40.107511,32666300,1310163998.16
2007-06-28,40.179251,32667102,1312539699.34
2007-06-29,40.434688,32017102,1294601524.82
2007-07-02,41.062817,32017102,1314712396.83
2007-07-03,41.104188,32117102,1320147396.85
2007-07-05,41.215766,32267102,1329913322.19
2007-07-06,41.484639,32817102,1361405616.37
2007-07-09,41.631503,32817102,1366225282.31
2007-07-10,40.919181,31967102,1308067633.74
2007-07-11,41.341833,31717102,1311243144.8
2007-07-12,42.463083,31717102,1346805936.39
2007-07-13,42.921533,33217102,1425728927.13
2007-07-16,42.618049,36317102,1547764016.76
2007-07-17,42.884134,36317102,1557427455.49
2007-07-18,43.100099,35567102,1532945633.05
2007-07-19,43.227421,36767102,1589346986.66
2007-07-20,42.61927,36767102,1566987039.72
2007-07-23,42.734801,36367102,1554140869.15
2007-07-24,41.743014,37367102,1559815467.76
2007-07-25,41.276551,36367102,1501108543.28
2007-07-26,39.772661,34017102,1352950667.61
2007-07-27,38.992762,31217102,1217241036.47
2007-07-30,39.867838,29367102,1170802850.65
2007-07-31,39.504093,29067102,1148269491.1
2007-08-01,39.580737,28667102,1134665010.54
2007-08-02,39.502021,33517102,1323993253.76
2007-08-03,38.446474,33517102,1288614399.58
2007-08-06,38.835846,32717102,1270596335.42
2007-08-07,39.127823,34117102,1334927934.32
2007-08-08,40.063731,33167102,1328797853.86
2007-08-09,38.933266,34517102,1343863508.43
2007-08-10,38.862868,36517102,1419159318.92
2007-08-13,38.799039,38167102,1480846870.58
2007-08-14,37.790388,37217102,1406448735.53
2007-08-15,36.6202,36067102,1320784503.44
2007-08-16,36.201204,34167102,1236890218.09
2007-08-17,37.093086,35417102,1313729612.46
2007-08-20,37.579166,36467102,1370403273.97
2007-08-21,37.792928,35517102,1342295288.17
2007-08-22,38.98244,35517102,1384543302.23
2007-08-23,38.62596,39967102,1543767673.5
2007-08-24,39.349504,36667102,1442832278.32
2007-08-27,39.059909,38367102,1498615508.65
2007-08-28,37.908713,38917102,1475297255.94
2007-08-29,38.834772,35117102,1363764637.09
2007-08-30,38.777993,35417102,1373404126.45
2007-08-31,39.29617,35067102,1378002796.11
2007-09-04,39.636174,35167102,1393889382.43
2007-09-05,39.222917,35517102,1393084334.04
2007-09-06,39.635513,35517102,1407738545.85
2007-09-07,38.726236,35617102,1379316301.47
2007-09-10,38.337707,28067102,1076028319.68
2007-09-11,38.853148,28167102,1094380588.8
2007-09-12,38.812547,27517102,1068008816.36
2007-09-13,39.321312,26517102,1042687234.05
2007-09-14,39.611291,30367102,1202880119.04
2007-09-17,39.552198,30567102,1208996073.18
2007-09-18,41.221054,32717102,1348633436.47
2007-09-19,41.782531,35167102,1469370526.99
2007-09-20,41.655177,39717102,1654422922.32
2007-09-21,41.696615,38517102,1606032767.65
2007-09-24,41.560906,43267102,1798219947.85
2007-09-25,41.554943,45167102,1876916328.03
2007-09-26,41.981502,47517102,1994839332.57
2007-09-27,42.402581,46817102,1985165976.15
2007-09-28,42.154322,41717102,1758556152.97
2007-10-01,42.849736,40917102,1753287010.05
2007-10-02,42.612485,35417102,1509210724.98
2007-10-03,42.098967,33917102,1427874970.58
2007-10-04,42.194591,34467855,1454357033.33
2007-10-05,42.934465,35567855,1527086842.44
2007-10-08,42.646716,35517855,1514719884.69
2007-10-09,43.467399,35517855,1543868762.61
2007-10-10,43.18207,40317855,1741008449.04
2007-10-11,42.944616,39267855,1686342961.67
2007-10-12,43.389446,41267855,1790589371.87
2007-10-15,42.968033,41667855,1790385773.31
2007-10-16,42.326798,42267855,1789062974.08
2007-10-17,42.243493,42617855,1800327077.25
2007-10-18,42.747185,38117855,1629430981.93
2007-10-19,41.715809,37567855,1567173451.29
2007-10-22,41.468924,33467855,1387875924.17
2007-10-23,42.083082,33917855,1427367887.41
2007-10-24,42.286648,34117855,1442729731.06
2007-10-25,42.491655,33217855,1411481627.07
2007-10-26,43.191113,32967855,1423918353.85
2007-10-29,43.704016,33967855,1484531673.85
2007-10-30,42.766671,36417855,1557470434.6
2007-10-31,43.82838,33667855,1475607546.34
2007-11-01,42.326584,38517855,1630329208.55
2007-11-02,42.610704,38467855,1639142367.44
2007-11-05,42.233905,36267855,1531733152.72
2007-11-06,43.258202,36367855,1573208020.27
2007-11-07,41.890677,37567855,1573742875.06
2007-11-08,42.39717,34517855,1463459383.15
2007-11-09,41.626529,34317855,1428533169.84
2007-11-12,40.095286,34317855,1375984203.37
2007-11-13,40.964824,34067855,1395583677.03
2007-11-14,41.161734,35117855,1445511802.27
2007-11-15,40.243963,36817855,1481696399.22
2007-11-16,40.335337,33967855,1370104876.07
2007-11-19,39.024752,28817855,1124609646.37
2007-11-20,39.59051,35317855,1398251883.07
2007-11-21,38.85124,33117855,1286669723.62
2007-11-23,39.566566,33417855,1322229750.49
2007-11-26,38.820063,33417855,1297283228.1
2007-11-27,39.274077,34517855,1355656887.8
2007-11-28,41.098835,34217855,1406313987.82
2007-11-29,41.279446,35567855,1468221345.56
2007-11-30,41.647632,36867855,1535458873.45
2007-12-03,41.483465,37367855,1550148098.49
2007-12-04,41.190602,38767855,1596871286.37
2007-12-05,41.918793,37217855,1560127559.49
2007-12-06,42.745855,36817855,1573810674.02
2007-12-07,43.089113,41167855,1773886340.89
2007-12-10,43.655962,38567855,1683716817.2
2007-12-11,41.925739,36167855,1516364050.37
2007-12-12,42.423809,36667855,1555590059.64
2007-12-13,42.708901,36717855,1568179222.57
2007-12-14,41.85846,36717855,1536952852.58
2007-12-17,40.547189,35917855,1456368059.79
2007-12-18,40.906268,36017855,1473356017.03
2007-12-19,40.809692,36017855,1469877576.83
2007-12-20,41.555119,36517855,1517503819.03
2007-12-21,42.148138,27017855,1138752281.46
2007-12-24,42.430141,34867855,1479448012.15
2007-12-26,42.698109,33717855,1439688645.03
2007-12-27,41.999454,34167855,1435031264.06
2007-12-28,42.02528,34567855,1452723776.03
2007-12-31,41.674704,34117855,1421851509.1
2008-01-02,41.309658,34717855,1434182709.19
2008-01-03,41.89277,34017855,1425102166.48
2008-01-04,40.708823,34019441,1384891400.19
2008-01-07,40.266701,33019441,1329583962.0
2008-01-08,39.593981,30969441,1226203446.97
2008-01-09,39.930737,28319441,1130816160.42
2008-01-10,40.490812,25219441,1021155639.76
2008-01-11,39.996327,30469441,1218665730.18
2008-01-14,41.382562,29269441,1211244444.32
2008-01-15,40.13749,39719441,1594238678.16
2008-01-16,38.883387,38569441,1499710498.28
2008-01-17,36.79395,39069441,1437519064.65
2008-01-18,37.477246,37119441,1391134428.9
2008-01-22,37.06358,37469441,1388751627.27
2008-01-23,37.560169,44319441,1664645714.27
2008-01-24,38.595539,43769441,1689305177.45
2008-01-25,38.480646,46319441,1782402032.04
2008-01-28,39.262144,34669441,1361196594.07
2008-01-29,39.483835,35769441,1412314698.48
2008-01-30,39.477924,38019441,1500928619.29
2008-01-31,40.05027,38319441,1534703956.97
2008-02-01,40.925729,38519441,1576436190.72
2008-02-04,40.364712,38819441,1566935547.32
2008-02-05,38.888312,31819441,1237404345.95
2008-02-06,38.695206,31919441,1235129334.27
2008-02-07,38.917788,31969441,1244179915.43
2008-02-08,39.657773,31319441,1242059280.4
2008-02-11,40.254854,31719441,1276861480.32
2008-02-12,40.325706,31669441,1277092561.82
2008-02-13,40.796318,33419441,1363390147.11
2008-02-14,40.496333,33869441,1371588153.61
2008-02-15,40.42842,29419441,1189381505.69
2008-02-19,41.189659,26369441,1086148270.23
2008-02-20,41.684841,30919441,1288871972.73
2008-02-21,41.042244,31169441,1279263805.27
2008-02-22,41.265063,32819441,1354296284.26
2008-02-25,42.318467,31419441,1329622575.56
2008-02-26,42.32623,34269441,1450496234.54
2008-02-27,42.456223,37119441,1575951277.77
2008-02-28,42.339297,37669441,1594897652.04
2008-02-29,40.876409,38219441,1562273500.98
2008-03-03,41.504072,38319441,1590412844.29
2008-03-04,40.61136,38269441,1554174047.35
2008-03-05,41.601621,36669441,1525508175.3
2008-03-06,41.063075,35369441,1452378007.54
2008-03-07,39.571591,31619441,1251231573.97
2008-03-10,38.276979,22519441,861976172.57
2008-03-11,40.557481,15569441,631457308.32
2008-03-12,40.418806,24719441,999130282.71
2008-03-13,41.260462,30269441,1248931107.64
2008-03-14,40.822863,33119441,1352030416.95
2008-03-17,39.92533,34119441,1362229955.6
2008-03-18,41.333277,29469441,1218068570.66
2008-03-19,38.749299,33269441,1289167529.27
2008-03-20,38.443054,26319441,1011799692.8
2008-03-24,39.674093,30169441,1196945222.63
2008-03-25,40.794295,37119441,1514261422.21
2008-03-26,40.860439,36569441,1494243407.1
2008-03-27,40.335848,37369441,1507328110.48
2008-03-28,40.292364,38869441,1566141675.55
2008-03-31,40.28826,38269441,1541809198.28
2008-04-01,41.292793,39219441,1619480271.96
2008-04-02,41.636848,36769441,1530963635.03
2008-04-03,42.361107,39769896,1684696801.65
2008-04-04,42.989224,44719896,1922473637.89
2008-04-07,42.740594,48569896,2075906220.07
2008-04-08,42.960164,48519896,2084422697.61
2008-04-09,42.573024,43869896,1867674123.77
2008-04-10,42.672319,41469896,1769616615.18
2008-04-11,42.091608,41469896,1745534603.18
2008-04-14,41.941636,38469896,1613490382.65
2008-04-15,42.084199,38519896,1621078986.4
2008-04-16,44.158778,35219896,1555267575.48
2008-04-17,43.834699,36669896,1607413854.01
2008-04-18,44.40843,39569896,1757236973.57
2008-04-21,44.433109,39819896,1769321798.36
2008-04-22,43.810704,44819896,1963591212.34
2008-04-23,43.274921,45669896,1976361121.46
2008-04-24,42.696878,40669896,1736477573.67
2008-04-25,43.977588,39569896,1740188598.66
2008-04-28,43.454331,44519896,1934582309.13
2008-04-29,42.147574,42619896,1796325238.25
2008-04-30,42.436696,42869896,1819256723.96
2008-05-01,42.156537,43919896,1851510735.51
2008-05-02,42.688567,42469896,1812978998.78
2008-05-05,43.329984,43069896,1866217916.43
2008-05-06,43.767515,37919896,1659659612.89
2008-05-07,43.178777,38319896,1654606236.78
2008-05-08,44.177663,37019896,1635452498.85
2008-05-09,43.529236,37419896,1628859470.06
2008-05-12,44.346247,34719896,1539697082.94
2008-05-13,44.515374,35619896,1585633006.21
2008-05-14,44.78963,34919896,1564049206.1
2008-05-15,45.436152,35269896,1602528341.74
2008-05-16,46.027409,35019896,1611875090.28
2008-05-19,45.902525,35319896,1621272420.1
2008-05-20,45.912413,32819896,1506840615.68
2008-05-21,44.51343,33569896,1494311209.73
2008-05-22,44.366145,32019896,1420599339.92
2008-05-23,43.765277,29769896,1302887741.17
2008-05-27,43.547148,28769896,1252846919.95
2008-05-28,44.7565,29919896,1339109834.5
2008-05-29,44.180316,30769896,1359423718.48
2008-05-30,44.458927,31019896,1379111290.54
2008-06-02,44.195744,31419896,1388625687.42
2008-06-03,44.130405,31419896,1386572751.1
2008-06-04,43.937996,32969896,1448631152.99
2008-06-05,45.416755,32969896,1497385698.45
2008-06-06,44.286747,33019896,1462343777.87
2008-06-09,44.845719,33669896,1509950691.25
2008-06-10,44.281582,33669896,1490956272.94
2008-06-11,43.475775,29269896,1272531398.56
2008-06-12,43.421996,27469896,1192797707.95
2008-06-13,44.595373,25969896,1158137199.46
2008-06-16,44.600474,26319896,1173879847.58
2008-06-17,44.67368,27119896,1211545546.07
2008-06-18,44.373342,28319896,1256648432.29
2008-06-19,44.445999,29569896,1314263561.83
2008-06-20,43.486052,23019896,1001044387.6
2008-06-23,43.892736,29569896,1297903633.38
2008-06-24,42.794205,26769896,1145596420.05
2008-06-25,42.920836,24019896,1030954024.75
2008-06-26,41.619506,26319896,1095421064.08
2008-06-27,41.759556,26369896,1101195141.45
2008-06-30,41.624506,26369896,1097633902.58
2008-07-01,41.224863,25269896,1041747991.61
2008-07-02,39.16651,31219896,1222774362.76
2008-07-03,39.441045,35519896,1400941817.58
2008-07-07,39.318422,35120743,1380892200.0
2008-07-08,39.197517,33220743,1302170629.63
2008-07-09,38.839569,35070743,1362132535.54
2008-07-10,39.807777,36020743,1433905693.79
2008-07-11,39.678748,34470743,1367755910.82
2008-07-14,39.655659,34470743,1366960045.03
2008-07-15,39.23554,34620743,1358363543.14
2008-07-16,39.674354,34370743,1363637015.81
2008-07-17,39.742052,31570743,1254686108.2
2008-07-18,39.584299,29970743,1186370862.65
2008-07-21,40.37948,27220743,1099159434.18
2008-07-22,40.366197,28370743,1145218995.22
2008-07-23,39.741154,28920743,1149343691.24
2008-07-24,38.864357,27770743,1079292076.66
2008-07-25,39.171098,28770743,1126981600.72
2008-07-28,38.907276,28620743,1113555160.22
2008-07-29,39.791067,28170743,1120943911.66
2008-07-30,40.923593,28870743,1181494533.98
2008-07-31,40.319952,29270743,1180194939.22
2008-08-01,39.390593,27970743,1101784159.77
2008-08-04,37.804915,26820743,1013955901.42
2008-08-05,38.352096,29020743,1113006326.85
2008-08-06,38.935734,29770743,1159145733.82
2008-08-07,38.361154,31020743,1189991514.42
2008-08-08,38.768551,30370743,1177429688.77
2008-08-11,38.691403,29170743,1128656981.4
2008-08-12,38.880565,25120743,976708690.49
2008-08-13,39.753469,27720743,1101995706.53
2008-08-14,39.418541,32520743,1281920241.96
2008-08-15,39.295252,31920743,1254333647.44
2008-08-18,38.94478,33820743,1317141405.21
2008-08-19,38.808732,34820743,1351348895.1
2008-08-20,39.595341,34270743,1356961760.73
2008-08-21,39.856274,32620743,1300141258.83
2008-08-22,39.731749,33470743,1329851167.62
2008-08-25,38.846898,31220743,1212829009.61
2008-08-26,39.094631,33170743,1296797956.23
2008-08-27,39.535254,32020743,1265948215.85
2008-08-28,40.131095,31320743,1256935707.5
2008-08-29,39.556306,31020743,1227066001.5
2008-09-02,38.669589,31020743,1199559376.15
2008-09-03,38.485566,31020743,1193850864.94
2008-09-04,37.022433,31570743,1168825712.12
2008-09-05,37.440095,29070743,1088411366.39
2008-09-08,37.396628,26370743,986176860.63
2008-09-09,35.727457,26520743,947518715.78
2008-09-10,36.386782,27570743,1003210614.49
2008-09-11,37.156386,29220743,1085737220.11
2008-09-12,38.262216,30070743,1150573252.24
2008-09-15,36.28966,30670743,1113030845.05
2008-09-16,37.292534,29070743,1084121669.62
2008-09-17,35.957868,30920743,1111843995.99
2008-09-18,36.799525,25270743,929951327.42
2008-09-19,38.592934,19420743,749503458.01
2008-09-22,37.351241,32070743,1197882064.53
2008-09-23,36.262791,34120743,1237313385.73
2008-09-24,36.020518,39670743,1428960707.77
2008-09-25,35.933314,40070743,1439874581.44
2008-09-26,35.113694,42670743,1498327410.53
2008-09-29,32.169444,43220743,1390387277.0
2008-09-30,33.101962,41870743,1386003723.82
2008-10-01,32.582123,42170743,1374012349.9
2008-10-02,30.076973,41271460,1241320607.81
2008-10-03,29.982076,41821460,1253894172.98
2008-10-06,28.705413,40371460,1158879431.38
2008-10-07,27.205679,40221460,1094252118.7
2008-10-08,27.956324,36671460,1025199232.0
2008-10-09,26.091533,43171460,1126409562.83
2008-10-10,25.648053,44521460,1141888762.03
2008-10-13,28.898772,46521460,1344413050.49
2008-10-14,28.097385,46671460,1311345968.33
2008-10-15,24.712431,50971460,1259628688.67
2008-10-16,25.670362,49021460,1258398646.87
2008-10-17,25.594591,52021460,1331467996.51
2008-10-20,27.568238,48871460,1347300039.02
2008-10-21,26.075303,50071460,1305628507.94
2008-10-22,24.011344,43471460,1043808174.4
2008-10-23,23.776315,44221460,1051423367.99
2008-10-24,22.848745,44771460,1022971666.65
2008-10-27,21.799934,44721460,974924863.88
2008-10-28,24.45905,39771460,972772127.51
2008-10-29,25.031947,43521460,1089426897.77
2008-10-30,25.709808,42721460,1098360529.37
2008-10-31,25.956658,41221460,1069971336.21
2008-11-03,25.759049,41221460,1061825614.09
2008-11-04,27.158885,40771460,1107307400.15
2008-11-05,25.478596,40821460,1040073468.42
2008-11-06,24.134739,37621460,907984133.85
2008-11-07,24.951666,37821460,943708434.27
2008-11-10,24.810901,36971460,917295248.35
2008-11-11,23.816222,36971460,880520496.02
2008-11-12,22.376811,35471460,793738144.42
2008-11-13,24.20019,35471460,858416064.23
2008-11-14,22.722292,36071460,819626263.18
2008-11-17,22.172377,37971460,841917528.27
2008-11-18,22.149655,38021460,842162220.11
2008-11-19,20.547549,35121460,721659920.87
2008-11-20,18.911486,34971460,661362285.25
2008-11-21,20.177234,34921460,704618480.01
2008-11-24,21.538996,35871460,772635217.7
2008-11-25,22.224686,43771460,972806944.23
2008-11-26,23.093935,48021460,1109004477.78
2008-11-28,23.257828,48721460,1133155349.07
2008-12-01,21.072063,48521460,1022447277.53
2008-12-02,21.993553,47521460,1045165732.9
2008-12-03,22.042572,49071460,1081661197.24
2008-12-04,21.510317,47621460,1024352701.54
2008-12-05,22.0622,47321460,1044015512.64
2008-12-08,23.668288,48121460,1138952563.09
2008-12-09,23.475767,48121460,1129688202.96
2008-12-10,24.044447,45621460,1096942793.53
2008-12-11,22.972691,45921460,1054939497.53
2008-12-12,23.150967,45721460,1058495991.16
2008-12-15,23.044873,45871460,1057101959.32
2008-12-16,24.425362,45871460,1120427030.61
2008-12-17,24.448766,38171460,933245104.28
2008-12-18,23.438643,37871460,887655635.13
2008-12-19,22.834418,36171460,825954233.41
2008-12-22,21.993446,40071460,881309476.64
2008-12-23,21.856421,38571460,843034084.9
2008-12-24,21.903458,38371460,840467672.73
2008-12-26,22.254467,39171460,871739948.55
2008-12-29,21.792294,39371460,857994414.18
2008-12-30,22.392118,41571460,930873044.82
2008-12-31,22.722929,41671460,946897633.05
2009-01-02,23.604863,42272406,997834355.93
2009-01-05,23.61368,40422406,954521767.53
2009-01-06,24.078951,41422406,997408081.68
2009-01-07,23.6998,41122406,974592817.38
2009-01-08,23.89276,40172406,959829672.45
2009-01-09,23.361567,40722406,951339229.49
2009-01-12,22.535515,40222406,906432640.81
2009-01-13,22.538134,38222406,861461719.77
2009-01-14,21.663173,37872406,820436477.37
2009-01-15,22.279064,37372406,832622216.69
2009-01-16,22.575514,37922406,856117817.28
2009-01-20,21.312153,37522406,799683258.85
2009-01-21,22.061633,37172406,820083986.6
2009-01-22,21.744242,34722406,755012407.38
2009-01-23,22.102515,34872406,770767887.27
2009-01-26,21.797586,37222406,811358608.2
2009-01-27,21.920299,35622406,780853792.46
2009-01-28,22.543126,35322406,796277433.3
2009-01-29,21.900717,35872406,785631419.06
2009-01-30,21.101057,36722406,774881580.28
2009-02-02,20.776065,37122406,771257512.64
2009-02-03,21.186141,37222406,788599151.07
2009-02-04,21.52534,35222406,758174250.77
2009-02-05,22.075536,35422406,781968607.18
2009-02-06,22.684292,35722406,810337473.18
2009-02-09,22.603795,36422406,823284588.2
2009-02-10,21.598439,35422406,765068674.56
2009-02-11,21.674121,34172406,740656851.82
2009-02-12,21.917236,32222406,706226071.15
2009-02-13,21.585599,33472406,722521937.99
2009-02-17,20.590112,33872406,697436649.62
2009-02-18,20.566147,34022406,699709799.26
2009-02-19,20.382641,35272406,718944805.9
2009-02-20,20.453643,34272406,700995544.43
2009-02-23,19.195971,33622406,645414718.47
2009-02-24,19.880312,33172406,659477796.91
2009-02-25,19.575033,33822406,662074704.85
2009-02-26,19.539676,32472406,634500303.75
2009-02-27,19.345863,34272406,663029276.16
2009-03-02,18.02434,34622406,624046000.73
2009-03-03,18.120942,35322406,640075257.73
2009-03-04,18.823978,34622406,651731399.84
2009-03-05,18.126408,35622406,645706262.44
2009-03-06,18.310298,35622406,652256869.79
2009-03-09,18.187303,37572406,683340722.47
2009-03-10,19.337376,35472406,685943245.2
2009-03-11,19.790708,42822406,847485725.96
2009-03-12,20.292238,43622406,885196259.13
2009-03-13,20.459441,44522406,910903520.97
2009-03-16,20.735277,44522406,923184410.76
2009-03-17,20.844771,44322406,923890420.63
2009-03-18,21.44226,44322406,950372556.28
2009-03-19,21.714672,44172406,959189309.65
2009-03-20,21.166007,36472406,771975217.36
2009-03-23,22.427073,41772406,936832803.82
2009-03-24,22.34733,41922406,936853823.9
2009-03-25,22.601344,42222406,954283135.13
2009-03-26,23.48917,42422406,996467109.07
2009-03-27,22.971413,43122406,990582593.89
2009-03-30,21.986478,43572406,958003753.5
2009-03-31,22.171556,40972406,908422004.35
2009-04-01,22.784317,40972406,933528303.83
2009-04-02,23.488216,43272848,1016402020.57
2009-04-03,23.833886,45222848,1077836210.19
2009-04-06,23.328977,46372848,1081831124.43
2009-04-07,22.595297,46372848,1047808292.17
2009-04-08,22.920054,45272848,1037656110.45
2009-04-09,23.987722,44972848,1078796194.34
2009-04-13,24.217565,45222848,1095187255.75
2009-04-14,23.697802,45822848,1085900774.85
2009-04-15,24.205621,43522848,1053497572.66
2009-04-16,24.392829,44972848,1097014982.57
2009-04-17,24.466005,45222848,1106422430.97
2009-04-20,23.203562,45122848,1047010788.4
2009-04-21,23.835202,44772848,1067169870.12
2009-04-22,24.032731,45372848,1090433429.93
2009-04-23,24.021543,45522848,1093529048.09
2009-04-24,25.100941,45072848,1131370907.69
2009-04-27,24.5966,47622848,1171360156.55
2009-04-28,24.35488,47972848,1168372966.04
2009-04-29,24.953452,47522848,1185859112.28
2009-04-30,25.701852,46572848,1197008448.58
2009-05-01,25.765524,47222848,1216721416.29
2009-05-04,27.194538,46972848,1277404905.24
2009-05-05,27.013675,45872848,1239194209.81
2009-05-06,27.079449,46272848,1253043228.8
2009-05-07,26.214293,47772848,1252331445.74
2009-05-08,26.92143,47272848,1272652647.43
2009-05-11,26.42952,46822848,1237505403.43
2009-05-12,26.680646,46822848,1249263855.17
2009-05-13,25.515875,46672848,1190898535.99
2009-05-14,25.851719,45272848,1170380937.93
2009-05-15,25.716582,43122848,1108972242.01
2009-05-18,26.619467,41772848,1111970945.26
2009-05-19,26.884297,46522848,1250734076.06
2009-05-20,27.014999,41622848,1124441200.04
2009-05-21,26.334939,41922848,1104035656.53
2009-05-22,26.37923,44972848,1186349094.24
2009-05-26,26.811258,46522848,1247336085.37
2009-05-27,25.958786,48922848,1269977727.81
2009-05-28,26.325204,47922848,1261578745.41
2009-05-29,27.085716,47922848,1298024659.08
2009-06-01,27.878717,48522848,1352754747.44
2009-06-02,28.28832,49522848,1400918172.22
2009-06-03,27.326081,50972848,1392888187.73
2009-06-04,27.914387,49522848,1382399933.86
2009-06-05,27.584223,49922848,1377082971.82
2009-06-08,27.322757,49272848,1346270062.3
2009-06-09,27.935909,49272848,1376481774.11
2009-06-10,27.959672,49372848,1380448615.65
2009-06-11,28.330548,51622848,1462503595.52
2009-06-12,27.997124,52272848,1463489407.95
2009-06-15,27.027821,52272848,1412821153.15
2009-06-16,26.394296,48222848,1272808124.18
2009-06-17,26.075302,40972848,1068379402.11
2009-06-18,26.286342,41822848,1099369693.7
2009-06-19,26.109735,37272848,973184177.45
2009-06-22,24.766625,42122848,1043240774.73
2009-06-23,25.171277,41122848,1035114577.82
2009-06-24,25.371806,45822848,1162608432.57
2009-06-25,25.893497,45572848,1180040408.58
2009-06-26,25.893241,45572848,1180028741.15
2009-06-29,26.099099,41072848,1071964315.07
2009-06-30,25.774003,40122848,1034126395.64
2009-07-01,25.838468,40322848,1041880597.58
2009-07-02,25.108351,39673344,996132238.23
2009-07-06,24.93344,39673344,989192933.47
2009-07-07,24.312206,38923344,946312368.98
2009-07-08,24.232088,36723344,889883311.77
2009-07-09,24.460023,36973344,904368848.8
2009-07-10,24.359541,38473344,937193001.66
2009-07-13,25.007915,41373344,1034661059.14
2009-07-14,25.18566,41773344,1052089220.43
2009-07-15,26.192837,42123344,1103329900.31
2009-07-16,26.543325,41273344,1095531788.59
2009-07-17,26.635923,39173344,1043418168.24
2009-07-20,27.202761,39173344,1065623118.77
2009-07-21,27.539218,39173344,1078803249.96
2009-07-22,27.620263,39423344,1088883133.1
2009-07-23,28.528542,40373344,1151792626.64
2009-07-24,28.726982,42523344,1221567352.38
2009-07-27,28.835481,41523344,1197345613.6
2009-07-28,28.584685,41523344,1186931687.69
2009-07-29,27.989233,40073344,1121622171.15
2009-07-30,28.810751,38473344,1108445950.15
2009-07-31,29.093691,41673344,1212431385.61
2009-08-03,30.081336,41673344,1253589878.74
2009-08-04,30.04035,44273344,1329986756.75
2009-08-05,30.250059,44273344,1339271282.69
2009-08-06,30.074446,44123344,1326985135.13
2009-08-07,30.241223,44923344,1358536880.14
2009-08-10,29.76457,46173344,1374329747.2
2009-08-11,29.696509,44623344,1325157522.55
2009-08-12,29.979864,48973344,1468214191.39
2009-08-13,30.615019,49423344,1513096603.59
2009-08-14,29.798901,50573344,1507030067.94
2009-08-17,28.699301,51323344,1472944080.17
2009-08-18,29.1242,48023344,1398641480.7
2009-08-19,29.424045,48223344,1418925825.33
2009-08-20,29.538284,49323344,1456926919.93
2009-08-21,30.277919,44223344,1338990845.4
2009-08-24,30.034106,45923344,1379266565.26
2009-08-25,29.954004,46673344,1398053521.05
2009-08-26,29.810038,48973344,1459897240.03
2009-08-27,30.011415,49223344,1477262199.58
2009-08-28,30.176396,49423344,1491418389.43
2009-08-31,29.758673,49923344,1485652466.13
2009-09-01,28.976836,49923344,1446620545.6
2009-09-02,29.160535,47623344,1388722190.59
2009-09-03,29.643296,46723344,1385033929.39
2009-09-04,30.031028,47523344,1427174885.61
2009-09-08,30.474443,47623344,1451294883.59
2009-09-09,30.615149,47673344,1459526526.56
2009-09-10,30.807158,48723344,1501027738.38
2009-09-11,30.757456,48873344,1503219712.29
2009-09-14,31.191617,48373344,1508842820.09
2009-09-15,31.908746,48873344,1559487130.35
2009-09-16,32.357766,50873344,1646147755.49
2009-09-17,32.172454,50923344,1638328961.24
2009-09-18,31.983304,47273344,1511957742.04
2009-09-21,31.724116,54423344,1726532503.88
2009-09-22,32.065984,54823344,1757964459.45
2009-09-23,31.455424,54923344,1727637099.65
2009-09-24,30.815924,54873344,1690972781.59
2009-09-25,30.472052,53773344,1638584110.1
2009-09-28,31.092818,53623344,1667300865.54
2009-09-29,31.122448,53773344,1673558086.9
2009-09-30,30.957066,55023344,1703361291.31
2009-10-01,29.767296,55723725,1658744617.51
2009-10-02,29.589431,53473725,1582257098.41
2009-10-05,30.195071,54723725,1652386745.82
2009-10-06,30.744065,56523725,1737769095.34
2009-10-07,30.821109,54873725,1691269044.64
2009-10-08,31.447419,54873725,1725637007.6
2009-10-09,31.527851,54523725,1719015891.42
2009-10-12,31.605419,54523725,1723245187.62
2009-10-13,31.747615,54523725,1730998208.01
2009-10-14,32.403806,54673725,1771636767.94
2009-10-15,32.556457,55623725,1810911384.38
2009-10-16,32.094125,56823725,1823707706.95
2009-10-19,32.537191,56623725,1842376980.27
2009-10-20,32.183661,56373725,1814312852.79
2009-10-21,31.752144,57273725,1818563585.72
2009-10-22,32.196886,57273725,1844035605.78
2009-10-23,31.533686,57273725,1806051678.8
2009-10-26,30.770603,56773725,1746961757.94
2009-10-27,30.486652,56323725,1717121781.68
2009-10-28,29.526344,55673725,1643841561.9
2009-10-29,30.464592,55423725,1688461188.7
2009-10-30,29.279096,56623725,1657891494.0
2009-11-02,29.578087,55273725,1634891047.29
2009-11-03,29.914766,54273725,1623585764.72
2009-11-04,29.885166,52623725,1572668764.0
2009-11-05,30.622608,52823725,1617600219.27
2009-11-06,30.702082,53623725,1646359975.82
2009-11-09,31.695287,53723725,1702788901.89
2009-11-10,31.777647,54523725,1732635693.97
2009-11-11,32.060255,54523725,1748044545.87
2009-11-12,31.873635,55123725,1756993486.9
2009-11-13,32.031605,53073725,1700036593.13
2009-11-16,32.758738,53723725,1759921413.52
2009-11-17,33.063948,55323725,1829220763.55
2009-11-18,33.029207,55323725,1827298744.47
2009-11-19,32.517054,55323725,1798964543.93
2009-11-20,32.48402,55223725,1793888582.7
2009-11-23,32.788209,55323725,1813965873.25
2009-11-24,32.696122,55973725,1830123750.59
2009-11-25,33.164578,56023725,1858003216.39
2009-11-27,32.360306,58323725,1887373576.0
2009-11-30,32.578633,57973725,1888704706.73
2009-12-01,33.086482,57173725,1891677448.79
2009-12-02,33.473485,56773725,1900414428.57
2009-12-03,32.928906,55823725,1838214204.42
2009-12-04,32.570772,54873725,1787279580.22
2009-12-07,32.600378,54823725,1787274168.35
2009-12-08,32.056786,54823725,1757472424.23
2009-12-09,32.471832,52223725,1695800049.78
2009-12-10,32.371822,53073725,1718093203.68
2009-12-11,32.437301,53473725,1734543334.72
2009-12-14,32.911847,52423725,1725361610.49
2009-12-15,32.549016,52423725,1706340675.07
2009-12-16,32.883672,52073725,1712375276.57
2009-12-17,32.164827,53473725,1719973107.45
2009-12-18,32.009557,46123725,1476400005.0
2009-12-21,32.414308,52873725,1713865224.0
2009-12-22,32.641422,53023725,1730769781.87
2009-12-23,33.115152,53723725,1779069336.72
2009-12-24,33.381888,54673725,1825112181.89
2009-12-28,33.442723,54873725,1835126783.84
2009-12-29,33.421164,54473725,1820575279.77
2009-12-30,33.470186,54473725,1823245716.84
2009-12-31,33.047877,54473725,1800240943.35
2010-01-04,33.964091,54473725,1850150564.63
2010-01-05,34.142734,56173725,1917924522.94
2010-01-06,34.673264,57173725,1982399633.45
2010-01-07,34.516628,57723725,1992428324.97
2010-01-08,34.874687,57723725,2013096836.33
2010-01-11,34.792644,57523725,2001402483.12
2010-01-12,34.130481,53323725,1819964376.65
2010-01-13,34.447304,51573725,1776575794.48
2010-01-14,34.113407,53173725,1813936909.53
2010-01-15,33.749943,51773725,1747360287.59
2010-01-19,34.290451,49823725,1708477982.76
2010-01-20,33.788667,51873725,1752743995.83
2010-01-21,32.328553,50923725,1646290348.53
2010-01-22,31.58752,49773725,1572228539.62
2010-01-25,31.836835,51573725,1641944170.13
2010-01-26,31.4868,50973725,1604999478.61
2010-01-27,31.234825,50123725,1565605760.07
2010-01-28,30.641994,51623725,1581853889.43
2010-01-29,30.205677,54773725,1654477426.06
2010-02-01,31.295682,54973725,1720440239.59
2010-02-02,31.434211,55173725,1734342513.51
2010-02-03,31.11492,56023725,1743173719.9
2010-02-04,29.926062,53373725,1597265413.93
2010-02-05,30.438937,52423725,1595722463.29
2010-02-08,29.989332,55123725,1653123671.37
2010-02-09,30.736128,55923725,1718878780.67
2010-02-10,30.543694,55573725,1697426847.3
2010-02-11,31.019041,55323725,1716088874.02
2010-02-12,30.996226,53373725,1654384022.75
2010-02-16,31.763136,55073725,1749314242.74
2010-02-17,31.789255,52323725,1663332247.81
2010-02-18,32.149423,51323725,1650028149.79
2010-02-19,32.299936,46323725,1496253362.51
2010-02-22,32.157901,47973725,1542734318.73
2010-02-23,31.605807,46973725,1484642505.31
2010-02-24,31.583738,56073725,1771017843.37
2010-02-25,31.500443,53623725,1689171112.89
2010-02-26,31.508479,54173725,1706931670.16
2010-03-01,32.002028,55073725,1762470904.76
2010-03-02,32.301841,55623725,1796748693.03
2010-03-03,32.647416,56173725,1833926980.22
2010-03-04,32.745225,55373725,1813225073.9
2010-03-05,33.192563,55523725,1842974762.79
2010-03-08,33.153438,56273725,1865667450.54
2010-03-09,32.980646,54223725,1788333483.39
2010-03-10,32.98018,53073725,1750380992.93
2010-03-11,33.131879,53723725,1779967982.41
2010-03-12,33.338168,52723725,1757712415.25
2010-03-15,33.247894,55473725,1844384516.66
2010-03-16,33.742347,53223725,1795893383.75
2010-03-17,33.975713,55223725,1876265410.31
2010-03-18,33.727009,55223725,1862531064.75
2010-03-19,33.324641,43723725,1457077430.57
2010-03-22,33.756582,51173725,1727450026.9
2010-03-23,34.191269,51323725,1754823305.3
2010-03-24,34.10931,56023725,1910930576.21
2010-03-25,33.443578,59073725,1975636749.4
2010-03-26,33.697944,57423725,1935061497.06
2010-03-29,34.021606,58673725,1996174380.52
2010-03-30,34.083857,59773725,2037319117.42
2010-03-31,33.911016,59723725,2025292220.62
2010-04-01,34.503753,57723725,1991685169.24
2010-04-05,34.912415,57723725,2015274661.35
2010-04-06,35.001606,57523725,2013422730.92
2010-04-07,34.748715,57223725,1988450890.44
2010-04-08,34.845733,56773725,1978322035.29
2010-04-09,34.946555,53173725,1858238508.3
2010-04-12,34.785725,54273725,1887950864.53
2010-04-13,34.672254,53023725,1838452077.25
2010-04-14,34.911191,54473725,1901742625.17
2010-04-15,34.908957,56223725,1962711577.81
2010-04-16,34.295012,57073725,1957344064.61
2010-04-19,34.372188,59473725,2044242056.91
2010-04-20,34.446116,55123725,1898798205.68
2010-04-21,34.396816,54723725,1882321918.32
2010-04-22,34.660096,54023725,1872467499.92
2010-04-23,35.102869,58923725,2068391825.7
2010-04-26,35.123945,61223725,2150418754.52
2010-04-27,33.97097,60923725,2069638019.97
2010-04-28,34.291556,59923725,2054877753.24
2010-04-29,34.558687,60723725,2098532178.94
2010-04-30,33.999395,62423725,2122368887.46
2010-05-03,34.007337,61323725,2085456563.18
2010-05-04,32.795442,61923725,2030815914.86
2010-05-05,32.538072,62173725,2023013147.03
2010-05-06,31.507609,64623725,2036139060.73
2010-05-07,31.102633,64023725,1991306412.14
2010-05-10,32.597492,64973725,2117980474.76
2010-05-11,32.182685,65473725,2107120274.64
2010-05-12,32.83768,64273725,2110600041.88
2010-05-13,32.445349,64523725,2093494755.65
2010-05-14,31.602179,63023725,1991687033.2
2010-05-17,31.568714,60173725,1899607100.91
2010-05-18,31.107982,59923725,1864106167.5
2010-05-19,31.00925,62173725,1927960592.94
2010-05-20,29.643733,59423725,1761541063.45
2010-05-21,30.388859,59423725,1805819198.78
2010-05-24,29.877987,59973725,1791894202.43
2010-05-25,30.336836,58373725,1770874097.49
2010-05-26,30.102734,56723725,1707539185.36
2010-05-27,31.284977,56923725,1780857446.11
2010-05-28,30.75952,57573725,1770940162.03
2010-06-01,29.742221,57823725,1719806012.64
2010-06-02,30.66513,56073725,1719508083.92
2010-06-03,30.341449,55573725,1686187359.08
2010-06-04,29.121248,49673725,1446560840.33
2010-06-07,28.604481,47373725,1355100801.27
2010-06-08,29.309902,47373725,1388519249.38
2010-06-09,29.236111,51023725,1491735276.64
2010-06-10,30.282874,52623725,1593597618.92
2010-06-11,30.655702,54073725,1657668019.77
2010-06-14,30.36786,54073725,1642103292.15
2010-06-15,31.144113,52873725,1646705254.13
2010-06-16,31.089842,55523725,1726223822.57
2010-06-17,30.973215,56473725,1749172826.66
2010-06-18,30.970244,47323725,1465627325.64
2010-06-21,31.136952,55323725,1722612168.52
2010-06-22,30.421367,53973725,1641954473.88
2010-06-23,30.452712,54773725,1668008477.88
2010-06-24,29.706652,54773725,1627143965.01
2010-06-25,30.095866,56423725,1698120858.21
2010-06-28,29.781732,57623725,1716134315.53
2010-06-29,28.710812,58273725,1673085976.19
2010-06-30,28.322248,59523725,1685845707.87
2010-07-01,28.169362,59523725,1676745361.61
2010-07-02,28.073305,57373725,1610670101.07
2010-07-06,28.093465,55673725,1564067821.45
2010-07-07,29.211585,55873725,1632160078.81
2010-07-08,29.657732,54473725,1615567131.95
2010-07-09,30.349224,54923725,1666892454.62
2010-07-12,30.026934,55323725,1661201845.77
2010-07-13,30.717783,56323725,1730139950.31
2010-07-14,30.735515,58123725,1786462637.78
2010-07-15,30.717134,57573725,1768499806.62
2010-07-16,29.82579,55723725,1662004112.37
2010-07-19,29.890637,55723725,1665617637.16
2010-07-20,30.766798,55373725,1703672200.55
2010-07-21,30.635672,55723725,1707133739.8
2010-07-22,31.35914,55723725,1747448120.39
2010-07-23,31.993381,59623725,1907564558.68
2010-07-26,32.180964,58523725,1883349916.21
2010-07-27,31.999454,59923725,1917526502.99
2010-07-28,31.831959,61423725,1955237481.03
2010-07-29,31.828911,64023725,2037805438.95
2010-07-30,31.986329,62273725,1991907869.52
2010-08-02,32.854616,62023725,2037765666.23
2010-08-03,32.300611,64773725,2092230923.95
2010-08-04,32.534919,65323725,2125302116.49
2010-08-05,32.638639,65323725,2132077459.7
2010-08-06,32.534863,64373725,2094390297.15
2010-08-09,32.677556,62873725,2054559654.59
2010-08-10,32.34848,62873725,2033869425.25
2010-08-11,31.29755,60873725,1905198461.52
2010-08-12,31.424884,56173725,1765252770.58
2010-08-13,31.316999,53523725,1676202458.06
2010-08-16,31.444823,52923725,1664177165.27
2010-08-17,32.184063,53223725,1712955729.23
2010-08-18,32.291277,53023725,1712203769.3
2010-08-19,31.593452,54073725,1708375656.83
2010-08-20,31.483961,56423725,1776442380.66
2010-08-23,31.153555,55223725,1720415332.34
2010-08-24,30.423468,55173725,1678576052.7
2010-08-25,30.485897,54973725,1675923307.14
2010-08-26,30.48195,54873725,1672658145.62
2010-08-27,31.375067,58823725,1845598309.83
2010-08-30,30.934334,58473725,1808845751.0
2010-08-31,31.022257,58273725,1807782497.83
2010-09-01,31.964976,57473725,1837146252.72
2010-09-02,32.312442,58323725,1884581998.1
2010-09-03,32.736939,59073725,1933892931.06
2010-09-07,32.438421,55923725,1814077308.29
2010-09-08,32.665196,55823725,1823492934.07
2010-09-09,32.592174,56123725,1829194214.18
2010-09-10,32.810673,56023725,1838176108.95
2010-09-13,33.336316,56023725,1867624592.95
2010-09-14,33.274863,57973725,1929067757.34
2010-09-15,33.253417,58373725,1941125793.73
2010-09-16,33.383568,57973725,1935369797.13
2010-09-17,32.732413,51223725,1676676112.66
2010-09-20,32.933623,59173725,1948805139.48
2010-09-21,32.775779,63423725,2078761979.5
2010-09-22,32.883684,64923725,2134931269.73
2010-09-23,32.559962,65523725,2133449968.18
2010-09-24,33.378389,65523725,2187076362.44
2010-09-27,33.147292,66123725,2191822398.73
2010-09-28,33.165284,65873725,2184720821.9
2010-09-29,32.890077,64873725,2133701811.03
2010-09-30,32.788232,63573725,2084470055.97
2010-10-01,33.183473,63923725,2121211186.03
2010-10-04,32.703663,63923725,2090539929.91
2010-10-05,33.614771,59673725,2005918578.75
2010-10-06,33.889949,60973725,2066396411.26
2010-10-07,33.57888,61173725,2054145174.51
2010-10-08,34.235695,60173725,2060089293.99
2010-10-11,34.182137,60623725,2072248448.2
2010-10-12,34.254512,60123725,2059508880.4
2010-10-13,34.809075,58173725,2024973530.38
2010-10-14,34.507888,59523725,2054038051.88
2010-10-15,34.581768,60173725,2080913790.42
2010-10-18,34.67613,59623725,2067520046.5
2010-10-19,33.867529,61373725,2078576414.17
2010-10-20,34.540862,57573725,1988646092.72
2010-10-21,34.549821,57073725,1971887009.59
2010-10-22,34.347041,56923725,1955161511.7
2010-10-25,34.925896,56973725,1989858370.27
2010-10-26,34.835009,58173725,2026482233.76
2010-10-27,34.51289,58973725,2035353697.02
2010-10-28,34.498858,57773725,1993127557.47
2010-10-29,34.796531,59023725,2053820872.28
2010-11-01,34.801943,58523725,2036739358.47
2010-11-02,35.128507,58973725,2071658906.18
2010-11-03,35.028798,61473725,2153350681.03
2010-11-04,36.157819,61223725,2213716362.92
2010-11-05,36.293011,63023725,2287320720.72
2010-11-08,36.390191,65123725,2369864771.6
2010-11-09,35.78161,65373725,2339177164.75
2010-11-10,35.984972,65123725,2343475429.0
2010-11-11,36.298631,64373725,2336678096.44
2010-11-12,35.514815,65323725,2319960018.93
2010-11-15,35.226616,62523725,2202499241.68
2010-11-16,34.474918,62073725,2139986583.32
2010-11-17,34.456151,61123725,2106088286.5
2010-11-18,35.126608,59723725,2097891904.89
2010-11-19,35.378974,60973725,2157187818.62
2010-11-22,35.434266,59923725,2123353213.0
2010-11-23,34.820142,59823725,2083070614.02
2010-11-24,35.453664,58523725,2074880468.56
2010-11-26,35.017639,59123725,2070373276.32
2010-11-29,35.189199,59123725,2080516544.56
2010-11-30,35.177654,59523725,2093905026.12
2010-12-01,36.149617,60323725,2180679571.02
2010-12-02,36.694314,62373725,2288761064.25
2010-12-03,37.023427,65723725,2433317503.48
2010-12-06,37.039901,68923725,2552927947.38
2010-12-07,37.078072,69923725,2592636890.51
2010-12-08,36.758161,69423725,2551888478.31
2010-12-09,36.91665,70623725,2607191342.28
2010-12-10,37.232863,66173725,2463837209.92
2010-12-13,37.432026,66523725,2490117812.97
2010-12-14,37.454317,66923725,2506582442.16
2010-12-15,37.193967,66923725,2489158789.13
2010-12-16,37.558907,67173725,2522971701.61
2010-12-17,37.517657,66773725,2505193685.76
2010-12-20,37.667549,66923725,2520852701.95
2010-12-21,38.044002,68673725,2612623304.95
2010-12-22,38.038479,68423725,2602734417.08
2010-12-23,38.18485,68573725,2618477427.54
2010-12-27,38.17468,69073725,2636867337.92
2010-12-28,38.27882,69073725,2644060713.72
2010-12-29,38.421105,68523725,2632757206.31
2010-12-30,38.404136,69523725,2669998602.69
2010-12-31,38.425737,67523725,2594648916.42
2011-01-03,38.705255,67523725,2613523011.65
2011-01-04,38.502611,67623725,2603689980.42
2011-01-05,38.521053,66573725,2564489969.29
2011-01-06,38.369188,66273725,2542869042.46
2011-01-07,38.31242,65073725,2493131851.09
2011-01-10,38.368054,63623725,2441118515.98
2011-01-11,38.663525,63023725,2436719395.03
2011-01-12,39.035799,62323725,2432856392.2
2011-01-13,38.724021,63273725,2450213055.08
2011-01-14,38.768747,63773725,2472427381.59
2011-01-18,39.019105,63223725,2466933140.02
2011-01-19,38.139726,62573725,2386544752.91
2011-01-20,37.572599,60523725,2274033654.1
2011-01-21,37.485732,59323725,2223793270.73
2011-01-24,37.874919,57573725,2180600156.52
2011-01-25,37.91337,56573725,2144900552.19
2011-01-26,38.710625,61123725,2366137599.9
2011-01-27,38.424885,62973725,2419758127.54
2011-01-28,37.849477,63223725,2392984954.87
2011-01-31,38.442471,62073725,2386267343.86
2011-02-01,39.526904,62073725,2453582166.09
2011-02-02,39.412222,69373725,2734172642.75
2011-02-03,39.567458,70423725,2786487752.13
2011-02-04,39.571188,72623725,2873807048.2
2011-02-07,39.784753,71073725,2827650593.03
2011-02-08,39.917594,67823725,2707359932.35
2011-02-09,39.539995,68973725,2727220771.97
2011-02-10,39.636405,67323725,2668470412.83
2011-02-11,39.856392,68723725,2739079708.52
2011-02-14,40.276428,69673725,2806208772.08
2011-02-15,39.850787,69673725,2776552803.63
2011-02-16,40.32927,69173725,2789725856.43
2011-02-17,40.67966,71023725,2889220998.06
2011-02-18,40.24943,70273725,2828477343.88
2011-02-22,38.958928,67223725,2618964261.57
2011-02-23,38.705287,64673725,2503215105.07
2011-02-24,38.480217,67123725,2582935507.97
2011-02-25,39.024296,67773725,2644821913.15
2011-02-28,39.425297,68573725,2703539487.78
2011-03-01,38.513729,68923725,2654509653.24
2011-03-02,38.607367,68273725,2635868750.34
2011-03-03,39.385989,66723725,2627979900.1
2011-03-04,39.098403,67223725,2628340317.36
2011-03-07,38.413729,66373725,2549662268.97
2011-03-08,38.79742,65123725,2526632526.0
2011-03-09,38.214991,65323725,2496345589.95
2011-03-10,37.366867,64023725,2392365999.33
2011-03-11,37.88717,59923725,2270340360.65
2011-03-14,37.796563,62223725,2351842958.52
2011-03-15,37.742914,65773725,2482492068.33
2011-03-16,37.012498,68173725,2523279872.35
2011-03-17,37.649691,69823725,2628841691.3
2011-03-18,37.725971,69673725,2628508944.57
2011-03-21,38.38986,69873725,2682442551.49
2011-03-22,38.3064,70273725,2691933416.81
2011-03-23,38.846606,69373725,2694933770.2
2011-03-24,39.014986,68223725,2661747675.7
2011-03-25,39.224064,66223725,2597563647.26
2011-03-28,39.037358,65623725,2561776826.25
2011-03-29,39.450908,64273725,2535656806.95
2011-03-30,39.863051,65423725,2607989317.95
2011-03-31,40.023128,63673725,2548421667.94
2011-04-01,40.160334,65473725,2629446676.71
2011-04-04,40.439312,66723725,2698261565.41
2011-04-05,40.894638,70823725,2896310617.27
2011-04-06,40.572266,73623725,2987081363.97
2011-04-07,40.496935,75073725,3040255756.72
2011-04-08,40.238113,76273725,3069110740.79
2011-04-11,39.743395,74823725,2973748843.56
2011-04-12,39.206105,72523725,2843372745.1
2011-04-13,38.973719,71873725,2801186374.71
2011-04-14,39.087144,66173725,2586541928.31
2011-04-15,39.332656,65773725,2587055323.78
2011-04-18,38.829569,63523725,2466598850.45
2011-04-19,39.5003,60973725,2408480457.72
2011-04-20,39.986207,65923725,2636039702.01
2011-04-21,40.420474,67173725,2715193808.44
2011-04-25,40.147782,72573725,2913674060.03
2011-04-26,40.565449,73873725,2996720839.12
2011-04-27,40.651161,74823725,3041671313.74
2011-04-28,40.75152,71623725,2918775647.85
2011-04-29,40.853306,71323725,2913809979.5
2011-05-02,40.601233,72073725,2926282087.43
2011-05-03,40.205175,71473725,2873613601.11
2011-05-04,39.529464,70473725,2785788589.56
2011-05-05,39.034295,66973725,2614272136.3
2011-05-06,39.327945,66073725,2598543820.98
2011-05-09,39.939631,64723725,2585041681.97
2011-05-10,40.220971,64673725,2601240008.08
2011-05-11,39.156312,64923725,2542173604.98
2011-05-12,39.168442,62323725,2441123227.21
2011-05-13,38.646578,61373725,2371884423.2
2011-05-16,38.504258,56573725,2178329306.11
2011-05-17,38.089536,59823725,2278657921.46
2011-05-18,38.883956,60323725,2345625040.66
2011-05-19,38.89852,63073725,2453474559.85
2011-05-20,38.509107,63273725,2436614652.73
2011-05-23,38.13013,61223725,2334468574.76
2011-05-24,38.313834,60473725,2316980279.37
2011-05-25,38.842465,64073725,2488781447.99
2011-05-26,38.912375,66373725,2582759287.54
2011-05-27,39.315796,67923725,2670475304.14
2011-05-31,39.726201,66673725,2648693790.55
2011-06-01,38.509234,69923725,2692709083.93
2011-06-02,38.561315,67273725,2594163273.2
2011-06-03,38.076267,65773725,2504417882.51
2011-06-06,37.717071,63223725,2384613704.13
2011-06-07,37.844292,62823725,2377519409.91
2011-06-08,37.476744,64323725,2410643753.0
2011-06-09,38.066023,64473725,2454258321.07
2011-06-10,37.596324,67623725,2542403496.96
2011-06-13,37.383238,67623725,2527993828.31
2011-06-14,38.096319,67423725,2568595711.56
2011-06-15,37.217081,72023725,2680512808.1
2011-06-16,36.852909,67923725,2503186882.98
2011-06-17,36.638296,67923725,2488609519.23
2011-06-20,36.932214,70223725,2593517648.55
2011-06-21,37.89423,72573725,2750125421.02
2011-06-22,37.746396,74123725,2797903484.72
2011-06-23,37.720473,74423725,2807298085.92
2011-06-24,37.501128,71023725,2663469815.01
2011-06-27,37.553817,67373725,2530140572.41
2011-06-28,38.255263,64073725,2451157173.92
2011-06-29,38.848364,66973725,2601819626.76
2011-06-30,39.369058,67723725,2666219245.26
2011-07-01,39.73579,69673725,2768540476.33
2011-07-05,39.771708,71473725,2842632130.6
2011-07-06,39.927296,69973725,2793861636.15
2011-07-07,40.521603,72623725,2942829757.22
2011-07-08,40.244796,73573725,2960959537.85
2011-07-11,39.413011,69923725,2755904516.23
2011-07-12,39.265452,64973725,2551222695.57
2011-07-13,39.602122,64973725,2573097383.43
2011-07-14,39.234459,66173725,2596290272.85
2011-07-15,39.610294,65373725,2589472466.18
2011-07-18,39.127631,65873725,2577482791.5
2011-07-19,39.686765,60873725,2415881199.64
2011-07-20,39.673024,62873725,2494390783.96
2011-07-21,40.138149,63873725,2563773085.73
2011-07-22,39.960205,64773725,2588371322.54
2011-07-25,39.860668,64673725,2577937897.54
2011-07-26,39.430861,66323725,2615201610.57
2011-07-27,38.519714,63923725,2462323588.51
2011-07-28,38.431441,61973725,2381739561.56
2011-07-29,38.013134,61973725,2355815522.59
2011-08-01,37.88091,62123725,2353303215.23
2011-08-02,36.742232,62123725,2282564344.28
2011-08-03,36.894773,61023725,2251456497.15
2011-08-04,34.440079,61623725,2122325979.72
2011-08-05,34.360821,59373725,2040129957.84
2011-08-08,31.829104,61373725,1953470670.98
2011-08-09,33.725556,63723725,2149118033.03
2011-08-10,32.588756,63573725,2071788596.22
2011-08-11,34.229963,63873725,2186395250.78
2011-08-12,34.458847,65423725,2254426150.29
2011-08-15,34.980882,64773725,2265842057.0
2011-08-16,34.458148,53823725,1854665895.27
2011-08-17,34.540017,51123725,1765814332.16
2011-08-18,32.515581,50773725,1650937173.05
2011-08-19,32.022322,50323725,1611482525.69
2011-08-22,31.982847,52373725,1675060827.85
2011-08-23,33.117129,54373725,1800701656.91
2011-08-24,33.579936,59923725,2012234871.61
2011-08-25,33.238744,61523725,2044971317.62
2011-08-26,33.932126,59523725,2019766519.1
2011-08-29,34.963764,59523725,2081173446.48
2011-08-30,35.252909,58323725,2056080986.34
2011-08-31,35.352481,59473725,2102543724.1
2011-09-01,34.882495,55273725,1928085438.45
2011-09-02,34.022699,54073725,1839734092.86
2011-09-06,33.804039,52573725,1777204263.36
2011-09-07,34.732361,51373725,1784330785.99
2011-09-08,34.290653,52073725,1785642057.75
2011-09-09,33.187603,51673725,1714927088.39
2011-09-12,32.93953,49273725,1623053351.21
2011-09-13,33.478608,49373725,1652963600.09
2011-09-14,34.018201,50073725,1703418024.51
2011-09-15,34.593234,51073725,1766805306.63
2011-09-16,34.523936,51673725,1783980349.9
2011-09-19,34.015831,55623725,1892087230.14
2011-09-20,33.621968,54523725,1833194956.17
2011-09-21,32.102033,53723725,1724640790.71
2011-09-22,30.326261,54223725,1644402849.91
2011-09-23,30.247072,52623725,1591713608.46
2011-09-26,31.187936,54873725,1711398235.19
2011-09-27,31.851658,56623725,1803559540.56
2011-09-28,30.450399,58473725,1780548274.94
2011-09-29,30.459626,56423725,1718645562.93
2011-09-30,29.357888,48373725,1420150396.78
2011-10-03,28.600872,55973725,1600897345.1
2011-10-04,29.620404,58623725,1736458389.51
2011-10-05,30.833056,58723725,1810631922.69
2011-10-06,31.599725,60023725,1896733207.1
2011-10-07,31.118561,58523725,1821174077.24
2011-10-10,32.39105,58523725,1895644877.46
2011-10-11,32.444886,58523725,1898795589.3
2011-10-12,32.759713,58523725,1917220460.87
2011-10-13,32.614561,58823725,1918509960.59
2011-10-14,33.422601,59023725,1972726405.43
2011-10-17,32.396734,59473725,1926754447.1
2011-10-18,33.16487,58023725,1924349293.19
2011-10-19,32.196271,54123725,1742582108.59
2011-10-20,32.521772,55023725,1789469043.55
2011-10-21,33.341537,51973725,1732883878.95
2011-10-24,34.122133,51523725,1758099410.8
2011-10-25,33.284223,52173725,1736561903.63
2011-10-26,33.923251,52173725,1769902364.86
2011-10-27,35.696066,51323725,1832055051.06
2011-10-28,35.961809,56523725,2032695412.92
2011-10-31,34.457977,56373725,1942524511.03
2011-11-01,33.571952,53923725,1810324687.52
2011-11-02,34.320561,50823725,1744298739.94
2011-11-03,35.023343,51223725,1794026076.46
2011-11-04,35.003614,54073725,1892775783.8
2011-11-07,35.264515,54073725,1906883672.16
2011-11-08,35.660082,55423725,1976414559.74
2011-11-09,33.973455,58423725,1984855770.16
2011-11-10,34.328618,55723725,1912918481.89
2011-11-11,35.133152,54073725,1899780397.05
2011-11-14,34.838673,54973725,1915211638.47
2011-11-15,34.885401,51473725,1795681512.49
2011-11-16,34.080515,50273725,1713354443.33
2011-11-17,33.094712,48223725,1595950281.05
2011-11-18,33.244494,43773725,1455235358.26
2011-11-21,32.710209,43923725,1436754217.36
2011-11-22,32.467807,46823725,1520263667.48
2011-11-23,31.558024,50173725,1583383612.73
2011-11-25,31.428807,48673725,1529757089.68
2011-11-28,32.554233,48673725,1584535763.13
2011-11-29,32.612654,49673725,1619991992.6
2011-11-30,34.516665,48823725,1685232161.12
2011-12-01,34.304641,51123725,1753781008.22
2011-12-02,34.043503,50823725,1730217631.03
2011-12-05,34.398416,50523725,1737936114.33
2011-12-06,34.675515,50523725,1751936173.98
2011-12-07,34.712175,50523725,1753788382.5
2011-12-08,33.678096,50773725,1709962407.66
2011-12-09,34.066945,49323725,1680308645.95
2011-12-12,33.326335,50773725,1692102147.03
2011-12-13,32.765193,48823725,1599718751.98
2011-12-14,32.379855,45223725,1464337646.35
2011-12-15,32.57514,48473725,1579038382.5
2011-12-16,32.569415,49873725,1624358056.34
2011-12-19,31.955636,53473725,1708786911.81
2011-12-20,33.197498,53073725,1761914857.07
2011-12-21,33.285682,56623725,1884759278.24
2011-12-22,33.575766,55373725,1859215211.72
2011-12-23,33.875408,53473725,1811444255.15
2011-12-27,33.873476,52873725,1791016851.5
2011-12-28,33.141569,52223725,1730776176.85
2011-12-29,33.507063,50523725,1692901628.45
2011-12-30,33.495371,48823725,1635368793.56
2012-01-03,34.468624,49073725,1691503751.21
2012-01-04,34.685939,49273725,1709105414.46
2012-01-05,34.791991,50623725,1761300171.81
2012-01-06,34.759312,52473725,1823950587.83
2012-01-09,34.83979,52223725,1819463613.79
2012-01-10,35.449874,52873725,1874366878.59
2012-01-11,35.821801,52973725,1897614249.81
2012-01-12,36.329454,53723725,1951753579.07
2012-01-13,36.112907,54323725,1961787641.59
2012-01-17,36.290143,53423725,1938754598.19
2012-01-18,36.69546,51973725,1907199732.81
2012-01-19,36.710738,53773725,1974073108.91
2012-01-20,36.581177,53773725,1967106142.14
2012-01-23,36.569751,52423725,1917122576.67
2012-01-24,36.575852,54223725,1983278921.97
2012-01-25,37.160316,54473725,2024260811.82
2012-01-26,37.101716,54973725,2039619559.57
2012-01-27,37.14421,54973725,2041955598.33
2012-01-30,37.141605,55673725,2067811476.26
2012-01-31,37.148025,52273725,1941865654.94
2012-02-01,37.538382,53173725,1996055580.13
2012-02-02,37.373534,56973725,2129309429.49
2012-02-03,37.8838,57623725,2183005655.2
2012-02-06,37.709517,58973725,2223870677.89
2012-02-07,37.605506,59223725,2227138120.7
2012-02-08,37.678587,59973725,2259725234.7
2012-02-09,37.714517,59023725,2226051290.05
2012-02-10,37.04726,58573725,2169996040.87
2012-02-13,37.165056,55623725,2067258877.8
2012-02-14,36.713639,55973725,2054999142.41
2012-02-15,36.717094,53373725,1959728071.23
2012-02-16,37.318306,53223725,1986219259.12
2012-02-17,37.358877,55123725,2059360477.79
2012-02-21,37.583931,56623725,2128142152.7
2012-02-22,37.51392,60973725,2287363428.72
2012-02-23,37.562518,60673725,2279057865.97
2012-02-24,37.560885,60673725,2278958816.25
2012-02-27,37.588732,60923725,2290045586.89
2012-02-28,37.657241,60023725,2260327874.8
2012-02-29,37.023072,59673725,2209304638.78
2012-03-01,37.411404,54573725,2041679668.52
2012-03-02,37.282262,53373725,1989893209.2
2012-03-05,36.702191,52323725,1920395339.05
2012-03-06,35.936097,54973725,1975541114.99
2012-03-07,36.047072,52373725,1887919451.5
2012-03-08,36.62722,51873725,1899990324.63
2012-03-09,36.641904,55823725,2045487558.0
2012-03-12,36.436716,56323725,2052251560.58
2012-03-13,37.057013,54323725,2013074968.36
2012-03-14,36.892421,54973725,2028113786.88
2012-03-15,37.159012,54373725,2020473919.34
2012-03-16,37.135819,55373725,2056348625.15
2012-03-19,37.320576,55073725,2055383125.03
2012-03-20,37.108822,50373725,1869309610.0
2012-03-21,37.110105,49573725,1839686132.33
2012-03-22,36.535863,48973725,1789297309.7
2012-03-23,36.880918,46323725,1708461481.37
2012-03-26,37.378766,45673725,1707227457.67
2012-03-27,37.327163,46923725,1751529534.34
2012-03-28,36.808752,49573725,1824746927.28
2012-03-29,36.839581,48073725,1771015867.9
2012-03-30,36.974388,48073725,1777496553.1
2012-04-02,37.488791,49323725,1849086798.39
2012-04-03,37.208415,55223725,2054787286.56
2012-04-04,36.696123,55323725,2030166197.78
2012-04-05,36.489847,53923725,1967668496.04
2012-04-09,35.955971,54773725,1969442485.44
2012-04-10,35.209548,50973725,1794761803.1
2012-04-11,35.581351,47373725,1685621155.88
2012-04-12,36.571465,49673725,1816640893.96
2012-04-13,36.129918,53773725,1942840287.96
2012-04-16,36.240279,55023725,1994075136.36
2012-04-17,36.768201,59523725,2188580304.04
2012-04-18,36.635255,62223725,2279582018.25
2012-04-19,36.501762,61623725,2249374526.41
2012-04-20,36.516866,61173725,2233872732.59
2012-04-23,36.010151,61773725,2224481186.64
2012-04-24,36.006678,59973725,2159454602.21
2012-04-25,36.80064,57423725,2113229855.66
2012-04-26,36.779047,56923725,2093600329.23
2012-04-27,36.918938,56923725,2101563472.23
2012-04-30,36.676297,57473725,2107923400.7
2012-05-01,36.885944,56223725,2073865188.83
2012-05-02,36.683183,56073725,2056962691.16
2012-05-03,36.288131,54873725,1991264945.19
2012-05-04,35.686348,53273725,1901144665.78
2012-05-07,35.698353,54023725,1928558027.78
2012-05-08,35.524724,53723725,1908520514.06
2012-05-09,35.234356,53023725,1868256793.74
2012-05-10,35.127444,54473725,1913522709.02
2012-05-11,35.024394,54423725,1906157966.21
2012-05-14,34.532878,54723725,1889767723.42
2012-05-15,34.020782,53873725,1832826268.77
2012-05-16,33.636983,53323725,1793649213.13
2012-05-17,32.937281,52423725,1726694958.94
2012-05-18,32.750034,53873725,1764366310.46
2012-05-21,33.72647,54523725,1838892792.91
2012-05-22,33.516964,57423725,1924668922.38
2012-05-23,33.894492,56123725,1902285124.01
2012-05-24,34.134991,57623725,1966985361.77
2012-05-25,33.988365,61723725,2097888467.29
2012-05-29,34.561587,61273725,2117717194.93
2012-05-30,33.977416,64023725,2175360740.83
2012-05-31,33.811486,61323725,2073446276.33
2012-06-01,33.124008,60023725,1988226317.23
2012-06-04,33.155858,59773725,1981849134.97
2012-06-05,33.421562,60123725,2009428775.15
2012-06-06,34.256893,58323725,1997989586.64
2012-06-07,34.320097,60623725,2080612141.71
2012-06-08,34.582587,60523725,2093066958.95
2012-06-11,33.947224,60673725,2059704528.61
2012-06-12,34.558566,58023725,2005216708.22
2012-06-13,34.047976,59473725,2024959982.81
2012-06-14,34.291948,58423725,2003463339.87
2012-06-15,34.529946,58923725,2034633057.81
2012-06-18,34.685681,60473725,2097572311.74
2012-06-19,35.365606,62623725,2214725996.59
2012-06-20,35.182787,61423725,2161057803.9
2012-06-21,34.019527,59473725,2023267971.68
2012-06-22,34.174952,56323725,1924860604.46
2012-06-25,33.77063,57173725,1930792695.09
2012-06-26,33.861227,57523725,1947823909.25
2012-06-27,34.230226,56623725,1938242910.9
2012-06-28,34.273358,58773725,2014372897.79
2012-06-29,35.270787,58923725,2078286177.39
2012-07-02,35.11954,62523725,2195804471.52
2012-07-03,35.610255,56723725,2019946331.25
2012-07-05,35.560531,57223725,2034906032.86
2012-07-06,35.151128,57223725,2011478484.3
2012-07-09,34.901568,55523725,1937865080.35
2012-07-10,34.40355,57623725,1982460721.31
2012-07-11,34.327554,57723725,1981514271.88
2012-07-12,34.139345,55923725,1909199359.53
2012-07-13,34.738526,56923725,1977446286.22
2012-07-16,34.613186,56873725,1968580799.88
2012-07-17,35.045437,55373725,1940596388.9
2012-07-18,35.248802,56273725,1983581404.04
2012-07-19,35.65798,56573725,2017304748.23
2012-07-20,35.390634,54573725,1931398751.43
2012-07-23,34.861201,54473725,1899019482.55
2012-07-24,34.33108,54473725,1870141809.99
2012-07-25,34.297123,54023725,1852858361.11
2012-07-26,34.499135,54023725,1863771796.03
2012-07-27,35.099876,53973725,1894471034.6
2012-07-30,35.089389,55323725,1941275722.74
2012-07-31,34.881058,57623725,2009976466.97
2012-08-01,34.881659,58723725,2048380926.45
2012-08-02,34.445142,59173725,2038247371.12
2012-08-03,35.088776,56873725,1995629388.05
2012-08-06,35.455642,56873725,2016494437.85
2012-08-07,35.833004,56723725,2032581470.43
2012-08-08,35.902327,59573725,2138835342.18
2012-08-09,36.081517,59973725,2163942952.17
2012-08-10,36.075868,60323725,2176230737.38
2012-08-13,35.857501,60823725,2180986766.4
2012-08-14,35.676707,60373725,2153935725.29
2012-08-15,35.777563,60023725,2147502612.67
2012-08-16,36.276573,60023725,2177455020.37
2012-08-17,36.23425,59273725,2147738959.5
2012-08-20,36.192142,58223725,2107241302.87
2012-08-21,36.180567,58223725,2106567398.83
2012-08-22,36.523106,58473725,2135642031.88
2012-08-23,35.909723,59323725,2130298554.74
2012-08-24,35.855991,59923725,2148624523.81
2012-08-27,35.626554,59223725,2109937264.09
2012-08-28,35.54048,59223725,2104839585.14
2012-08-29,35.67731,59023725,2105807747.69
2012-08-30,35.316641,58223725,2056266370.32
2012-08-31,35.676328,55473725,1979098806.25
2012-09-04,35.168976,55473725,1950954113.52
2012-09-05,35.336234,55023725,1944331219.63
2012-09-06,36.244596,57523725,2084924159.97
2012-09-07,36.959229,59173725,2187015261.27
2012-09-10,36.876893,63623725,2346245279.2
2012-09-11,37.006809,65923725,2439626731.72
2012-09-12,36.948032,67273725,2485631743.02
2012-09-13,37.873656,67673725,2563051387.56
2012-09-14,38.324842,69123725,2649155831.73
2012-09-17,37.757267,69673725,2630689444.08
2012-09-18,37.653307,68673725,2585792824.84
2012-09-19,37.868179,65673725,2486944399.74
2012-09-20,37.812953,68323725,2583521815.0
2012-09-21,37.473627,67123725,2515369455.67
2012-09-24,37.311357,62723725,2340307281.97
2012-09-25,36.736018,63123725,2318914308.56
2012-09-26,36.570464,63173725,2310292437.85
2012-09-27,37.014365,63023725,2332783131.91
2012-09-28,36.799551,63773725,2346844469.62
2012-10-01,36.919509,64123725,2367416450.97
2012-10-02,36.714433,63523725,2332237514.26
2012-10-03,36.557092,63773725,2331381913.32
2012-10-04,37.011745,64023725,2369629775.43
2012-10-05,37.184943,65223725,2425340477.27
2012-10-08,37.139298,64523725,2396365865.57
2012-10-09,36.759571,64523725,2371864449.2
2012-10-10,36.384904,64123725,2333135560.27
2012-10-11,36.521719,64123725,2341908689.35
2012-10-12,36.348603,64523725,2345347248.49
2012-10-15,36.665449,65523725,2402456797.9
2012-10-16,37.531701,66023725,2477982687.12
2012-10-17,37.854049,69173725,2618505591.07
2012-10-18,37.886807,72373725,2742009327.7
2012-10-19,37.120641,72073725,2675422892.39
2012-10-22,37.252874,71673725,2670052259.37
2012-10-23,36.137662,68423725,2472673458.67
2012-10-24,36.130254,67223725,2428810225.54
2012-10-25,36.017964,65273725,2351026679.14
2012-10-26,36.086814,63373725,2286955828.73
2012-10-29,36.086666,62823725,2267098791.27
2012-10-30,36.086502,62823725,2267088458.43
2012-10-31,36.024087,62823725,2263167352.64
2012-11-01,36.748875,58623725,2154355927.4
2012-11-02,36.057876,57923725,2088606497.17
2012-11-05,36.330018,57423725,2086204988.16
2012-11-06,36.717121,57023725,2093747001.93
2012-11-07,36.14313,58223725,2104387663.54
2012-11-08,35.636484,58223725,2074888844.18
2012-11-09,35.588369,57223725,2036499030.65
2012-11-12,35.571874,57223725,2035555141.8
2012-11-13,35.491731,57123725,2027419865.0
2012-11-14,34.903453,57523725,2007776641.18
2012-11-15,34.76736,56223725,1954750474.44
2012-11-16,34.860046,56423725,1966933651.39
2012-11-19,35.856937,55673725,1996289258.14
2012-11-20,35.886016,64323725,2308322236.7
2012-11-21,35.914222,65973725,2369395016.53
2012-11-23,36.424952,66373725,2417659732.01
2012-11-26,36.415649,67273725,2449816340.09
2012-11-27,36.279659,67923725,2464249563.27
2012-11-28,36.43528,68573725,2498502889.99
2012-11-29,36.658605,68573725,2513817128.28
2012-11-30,36.712881,69773725,2561594472.55
2012-12-03,36.048084,70373725,2536837924.51
2012-12-04,36.087407,63223725,2281580274.51
2012-12-05,35.676901,61123725,2180705111.48
2012-12-06,35.765629,60573725,2166457377.68
2012-12-07,36.058048,60773725,2191381890.3
2012-12-10,36.295698,60323725,2189491715.71
2012-12-11,36.565734,60323725,2205781257.98
2012-12-12,36.482889,59623725,2175245760.21
2012-12-13,36.341357,57273725,2081404867.32
2012-12-14,36.668139,56873725,2085453678.86
2012-12-17,37.02127,56373725,2087026913.74
2012-12-18,37.48131,55373725,2075479748.51
2012-12-19,37.288735,56373725,2102104912.19
2012-12-20,37.670479,56523725,2129275769.75
2012-12-21,37.027665,56323725,2085536002.43
2012-12-24,37.207447,54723725,2036130115.37
2012-12-26,37.431225,59623725,2231789093.05
2012-12-27,37.282303,63623725,2372038982.12
2012-12-28,36.815081,64423725,2371764640.17
2012-12-31,37.551966,65123725,2445523928.28
2013-01-02,38.456541,66473725,2556349552.94
2013-01-03,38.205101,70273725,2684814791.69
2013-01-04,38.654275,73223725,2830409999.35
2013-01-07,38.583271,74573725,2877298266.17
2013-01-08,38.645903,74423725,2876172050.35
2013-01-09,38.898678,75223725,2926103483.39
2013-01-10,39.046873,76573725,2989964505.15
2013-01-11,38.998012,76573725,2986223053.76
2013-01-14,39.035179,76773725,2996876084.52
2013-01-15,39.055593,76723725,2996490583.35
2013-01-16,38.829173,73323725,2847099601.61
2013-01-17,39.118337,72823725,2848743005.33
2013-01-18,39.332736,73323725,2884022750.62
2013-01-22,39.683572,73573725,2919668228.42
2013-01-23,39.515473,73923725,2921130967.93
2013-01-24,39.616002,74873725,2966197616.07
2013-01-25,39.771287,72273725,2874419091.51
2013-01-28,39.380542,69473725,2735912939.67
2013-01-29,39.60609,69973725,2771385627.96
2013-01-30,39.385244,76573725,3015874818.89
2013-01-31,39.043833,78023725,3046345316.86
2013-02-01,39.512748,79023725,3122444530.75
2013-02-04,39.10931,80023725,3129672699.46
2013-02-05,39.327652,78773725,3097985627.21
2013-02-06,39.38853,79423725,3128383793.91
2013-02-07,39.151045,78073725,3056667911.01
2013-02-08,39.396965,77673725,3060109031.66
2013-02-11,39.315067,78173725,3073405216.07
2013-02-12,39.371711,78173725,3077833337.05
2013-02-13,39.520523,79173725,3128986986.35
2013-02-14,39.367817,79173725,3116896725.19
2013-02-15,39.350522,79173725,3115527402.6
2013-02-19,39.186544,78173725,3063358110.24
2013-02-20,38.096699,76773725,2924825476.64
2013-02-21,37.753102,76423725,2885232720.62
2013-02-22,38.223813,74423725,2844758543.28
2013-02-25,37.358838,73223725,2735553273.65
2013-02-26,37.763917,75223725,2840742474.02
2013-02-27,38.415145,74773725,2872443492.85
2013-02-28,38.474619,73723725,2836492258.61
2013-03-01,38.520449,74573725,2872613369.53
2013-03-04,38.563188,73573725,2837237387.84
2013-03-05,38.824064,73573725,2856430997.09
2013-03-06,39.156537,73773725,2888723621.57
2013-03-07,39.263609,73773725,2896622677.65
2013-03-08,39.602869,73773725,2921651197.9
2013-03-11,39.781329,73773725,2934816855.11
2013-03-12,39.823915,73173725,2914064186.52
2013-03-13,39.741415,73973725,2939820495.25
2013-03-14,39.992559,74423725,2976395201.85
2013-03-15,39.855323,75273725,3000058660.2
2013-03-18,39.562469,75823725,2999773749.93
2013-03-19,39.402652,76723725,3023118202.14
2013-03-20,39.687065,76823725,3048908205.25
2013-03-21,39.026741,77123725,3009887653.47
2013-03-22,39.052282,75723725,2957184256.06
2013-03-25,38.767864,75473725,2925955134.26
2013-03-26,39.03325,75223725,2936226446.7
2013-03-27,39.028004,74823725,2920220668.62
2013-03-28,39.229757,74373725,2917663154.5
2013-04-01,38.852257,74123725,2879873998.21
2013-04-02,38.502231,73223725,2819276774.48
2013-04-03,38.167392,69973725,2670714595.21
2013-04-04,38.470958,69073725,2657332384.72
2013-04-05,38.307804,68923725,2640316530.48
2013-04-08,38.450583,69873725,2686685444.37
2013-04-09,38.868053,69873725,2715855614.42
2013-04-10,39.148903,72623725,2843139186.56
2013-04-11,39.317682,72923725,2867191852.9
2013-04-12,38.766443,75573725,2929724468.36
2013-04-15,37.283734,72123725,2689041790.45
2013-04-16,37.980962,69423725,2636779870.87
2013-04-17,37.439226,68623725,2569219183.32
2013-04-18,37.334009,68423725,2554531987.93
2013-04-19,37.7678,64523725,2436919110.47
2013-04-22,38.130672,67073725,2557566217.3
2013-04-23,38.466396,69123725,2658940605.63
2013-04-24,39.040017,68473725,2673215401.13
2013-04-25,39.44576,69173725,2728610140.55
2013-04-26,38.903898,68823725,2677511198.75
2013-04-29,39.488376,68223725,2694044119.7
2013-04-30,39.560854,68473725,2708879054.45
2013-05-01,38.863545,71373725,2773835939.47
2013-05-02,39.13292,70973725,2777409136.22
2013-05-03,39.843537,72123725,2873664334.39
2013-05-06,39.940877,72473725,2894664139.67
2013-05-07,40.304289,69673725,2808149971.44
2013-05-08,40.660415,70423725,2863457902.67
2013-05-09,40.604643,71473725,2902165061.98
2013-05-10,40.593666,70673725,2868905564.55
2013-05-13,40.302738,70173725,2828193225.8
2013-05-14,40.774307,70173725,2861284997.69
2013-05-15,41.013966,70373725,2886305598.6
2013-05-16,40.81336,70873725,2892594846.0
2013-05-17,41.316309,70873725,2928240693.62
2013-05-20,41.316215,70573725,2915839165.39
2013-05-21,41.240035,70623725,2912524884.47
2013-05-22,40.726678,70523725,2872197028.81
2013-05-23,40.685446,70073725,2850980778.56
2013-05-24,40.57292,70073725,2843095624.1
2013-05-28,40.931767,69473725,2843682315.86
2013-05-29,40.816141,69473725,2835649377.95
2013-05-30,40.909467,68773725,2813496442.33
2013-05-31,40.290683,68773725,2770940372.34
2013-06-03,40.514634,67673725,2741776178.69
2013-06-04,40.443969,68173725,2757215994.42
2013-06-05,39.600378,67823725,2685845165.22
2013-06-06,39.831444,68123725,2713466343.51
2013-06-07,40.179955,67373725,2707073263.05
2013-06-10,40.377729,67223725,2714341373.98
2013-06-11,39.826084,67223725,2677257686.61
2013-06-12,39.619727,66273725,2625746921.31
2013-06-13,40.314882,66773725,2691974862.7
2013-06-14,40.063529,69973725,2803394341.15
2013-06-17,40.361623,70473725,2844433944.67
2013-06-18,40.563229,71823725,2913402186.66
2013-06-19,40.261247,72123725,2903791140.25
2013-06-20,39.218923,72123725,2828614796.56
2013-06-21,38.812721,69073725,2680939209.86
2013-06-24,38.166525,68723725,2622945738.08
2013-06-25,38.428899,68373725,2627526959.59
2013-06-26,38.581249,69773725,2691957456.27
2013-06-27,38.549561,70273725,2709021215.14
2013-06-28,38.306715,70623725,2705362918.41
2013-07-01,38.600749,71623725,2764729460.56
2013-07-02,38.487985,74623725,2872116785.29
2013-07-03,38.467032,74623725,2870553191.25
2013-07-05,38.72817,73923725,2862930614.7
2013-07-08,38.944278,73923725,2878906129.0
2013-07-09,39.555855,73023725,2888515869.33
2013-07-10,39.519881,73323725,2897744918.95
2013-07-11,40.187348,73323725,2946686056.1
2013-07-12,40.058975,72923725,2921249707.72
2013-07-15,40.135849,72923725,2926855619.35
2013-07-16,39.814957,72373725,2881556762.89
2013-07-17,40.207444,73123725,2940118065.39
2013-07-18,40.213569,73123725,2940565935.99
2013-07-19,40.407814,72923725,2946688316.85
2013-07-22,40.53055,73273725,2969824385.03
2013-07-23,40.638945,72773725,2957447377.93
2013-07-24,40.264172,71923725,2895949245.82
2013-07-25,40.64097,71523725,2906793577.14
2013-07-26,40.493002,71523725,2896210317.97
2013-07-29,40.701154,71173725,2896852723.81
2013-07-30,40.603278,69673725,2828981613.48
2013-07-31,40.4564,69973725,2830885008.95
2013-08-01,40.797952,69723725,2844585191.98
2013-08-02,41.021192,69723725,2860150313.84
2013-08-05,40.918173,68473725,2801819702.69
2013-08-06,40.524197,68223725,2764711653.84
2013-08-07,40.527741,66173725,2681871606.27
2013-08-08,41.152581,66173725,2723219561.2
2013-08-09,41.388091,66173725,2738804144.78
2013-08-12,41.308546,66623725,2752129182.19
2013-08-13,41.452069,68723725,2848740578.74
2013-08-14,41.389094,69473725,2875454546.77
2013-08-15,41.074001,69823725,2867939716.17
2013-08-16,40.760994,69823725,2846084445.1
2013-08-19,40.422311,69523725,2810309665.13
2013-08-20,40.660671,69523725,2826881340.42
2013-08-21,40.37295,71323725,2879549185.59
2013-08-22,40.837634,72023725,2941278546.11
2013-08-23,41.185746,72173725,2972528702.14
2013-08-26,41.183017,71973725,2964095144.48
2013-08-27,40.442514,70973725,2870355851.26
2013-08-28,40.363332,71573725,2888954034.97
2013-08-29,40.495024,72123725,2920651982.37
2013-08-30,40.445715,72123725,2917095628.26
2013-09-03,40.681366,73173725,2976807109.72
2013-09-04,41.059261,73823725,3031147584.32
2013-09-05,41.161343,73823725,3038683685.94
2013-09-06,41.07621,73823725,3032398826.66
2013-09-09,41.696563,73823725,3078195636.04
2013-09-10,42.061214,73823725,3105115470.11
2013-09-11,42.323388,74623725,3158328860.03
2013-09-12,41.893261,74973725,3140893866.36
2013-09-13,42.18135,77573725,3272164446.68
2013-09-16,42.623169,79573725,3391684297.14
2013-09-17,42.519341,80223725,3411059892.28
2013-09-18,43.491489,80723725,3510795028.74
2013-09-19,43.34003,84023725,3641590787.24
2013-09-20,42.567843,84873725,3612891398.16
2013-09-23,42.305317,86523725,3660413581.35
2013-09-24,42.277164,87773725,3710824176.7
2013-09-25,42.381474,88273725,3741170548.48
2013-09-26,42.665575,86123725,3674518256.94
2013-09-27,42.16816,87123725,3673847150.49
2013-09-30,41.999744,84823725,3562574714.98
2013-10-01,42.194242,85373725,3602279599.19
2013-10-02,42.309941,85773725,3629081229.43
2013-10-03,41.942334,84723725,3553510740.25
2013-10-04,42.537388,84323725,3586911028.49
2013-10-07,42.049558,83423725,3507930750.03
2013-10-08,41.353281,82023725,3391950113.56
2013-10-09,41.432876,81323725,3369475847.87
2013-10-10,42.314674,81323725,3441186900.12
2013-10-11,42.544557,81773725,3479026926.02
2013-10-14,42.678487,81973725,3498514537.65
2013-10-15,42.433822,83123725,3527257364.7
2013-10-16,42.870638,84973725,3642877780.42
2013-10-17,43.420785,85473725,3711336275.0
2013-10-18,43.561223,86023725,3747298694.43
2013-10-21,43.55659,88223725,3842724597.16
2013-10-22,44.175526,86873725,3837692523.51
2013-10-23,43.891181,85023725,3731791698.38
2013-10-24,44.114012,85823725,3786028823.81
2013-10-25,44.220147,87173725,3854834965.56
2013-10-28,43.980711,88073725,3873545047.48
2013-10-29,44.105642,87673725,3866905963.32
2013-10-30,43.8473,86973725,3813562984.46
2013-10-31,43.762701,86973725,3806205148.97
2013-11-01,43.660823,87173725,3806076596.54
2013-11-04,43.846986,86973725,3813535740.23
2013-11-05,43.669665,86923725,3795929987.4
2013-11-06,43.95324,86823725,3816184000.76
2013-11-07,43.382583,86423725,3749284451.5
2013-11-08,44.180345,86423725,3818229958.61
2013-11-11,44.161638,86423725,3816613246.71
2013-11-12,44.029457,86423725,3805189699.46
2013-11-13,44.274637,85923725,3804241753.44
2013-11-14,44.639761,86173725,3846774522.62
2013-11-15,44.921651,85973725,3862081672.63
2013-11-18,44.616783,86873725,3876026166.28
2013-11-19,44.505633,86173725,3835216209.74
2013-11-20,44.147702,86773725,3830860545.39
2013-11-21,44.515302,86773725,3862758578.58
2013-11-22,44.751426,86773725,3883247928.86
2013-11-25,44.441199,86973725,3865216659.2
2013-11-26,44.348701,89873725,3985782982.21
2013-11-27,44.389901,89873725,3989485749.64
2013-11-29,44.325846,89623725,3972647400.42
2013-12-02,44.240456,89473725,3958358404.15
2013-12-03,43.715461,89473725,3911385126.34
2013-12-04,43.937753,89473725,3931274470.66
2013-12-05,43.656981,87223725,3807924512.26
2013-12-06,44.27828,87223725,3862116520.18
2013-12-09,44.495024,85523725,3805380189.39
2013-12-10,44.617708,86773725,3871644763.6
2013-12-11,43.863322,85873725,3766706868.96
2013-12-12,43.79278,85623725,3749700973.26
2013-12-13,43.984767,85623725,3766139575.32
2013-12-16,44.177861,85223725,3765001897.67
2013-12-17,44.40563,84523725,3753329280.62
2013-12-18,44.988291,89423725,4023020567.32
2013-12-19,45.102938,91723725,4137009474.39
2013-12-20,44.929141,92423725,4152518582.91
2013-12-23,45.127073,92223725,4161786728.12
2013-12-24,45.617251,91323725,4165937248.52
2013-12-26,45.87561,90923725,4171181315.32
2013-12-27,46.023907,91823725,4226086589.85
2013-12-30,46.052226,92123725,4242502637.14
2013-12-31,46.169573,92373725,4264855485.68
2014-01-02,45.840643,91373725,4188630340.48
2014-01-03,45.754989,92123725,4215120026.99
2014-01-06,45.482616,92073725,4187753918.63
2014-01-07,45.410015,92073725,4181069212.05
2014-01-08,45.677026,93973725,4292440322.34
2014-01-09,45.485963,93223725,4240370886.49
2014-01-10,45.647451,93223725,4255425443.58
2014-01-13,45.029596,94223725,4242856279.03
2014-01-14,45.657288,92923725,4242645306.46
2014-01-15,45.953594,92923725,4270179132.17
2014-01-16,46.016919,92573725,4259957561.9
2014-01-17,45.918173,94723725,4349540362.3
2014-01-21,46.174414,95373725,4403825819.52
2014-01-22,45.75141,95223725,4356619715.6
2014-01-23,45.080248,95423725,4301725182.62
2014-01-24,43.852722,95123725,4171434295.37
2014-01-27,43.691794,94323725,4121172721.94
2014-01-28,43.926128,93973725,4127901875.7
2014-01-29,44.126507,94273725,4159970170.34
2014-01-30,44.322042,94923725,4207213346.17
2014-01-31,44.056238,96123725,4234849669.79
2014-02-03,43.004117,96673725,4157368213.42
2014-02-04,43.376071,99673725,4323454614.88
2014-02-05,43.445357,99173725,4308637870.6
2014-02-06,44.105198,101423725,4473313445.21
2014-02-07,44.713118,103373725,4622161566.43
2014-02-10,44.911586,103123725,4631450021.84
2014-02-11,45.454015,107923725,4905566617.32
2014-02-12,45.364953,109273725,4957197429.11
2014-02-13,45.79901,109273725,5004628393.08
2014-02-14,46.114234,109223725,5036768463.51
2014-02-18,46.16277,109223725,5042069671.28
2014-02-19,45.836757,109473725,5017920551.07
2014-02-20,46.307809,108023725,5002342029.15
2014-02-21,46.255469,108023725,4996688021.95
2014-02-24,46.01965,106073725,4881475659.71
2014-02-25,46.193831,103223725,4768299288.37
2014-02-26,46.533555,103373725,4810346938.3
2014-02-27,46.872927,103673725,4859490944.41
2014-02-28,47.085146,104023725,4897972284.51
2014-03-03,46.984419,103573725,4866351254.05
2014-03-04,47.719962,105823725,5049904142.06
2014-03-05,47.82789,106773725,5106761967.07
2014-03-06,47.997849,108273725,5196905880.38
2014-03-07,47.786746,108823725,5200331738.09
2014-03-10,47.731831,106073725,5063093094.52
2014-03-11,47.26793,106073725,5013885413.31
2014-03-12,47.242187,105723725,4994619984.26
2014-03-13,46.853074,105723725,4953481533.84
2014-03-14,46.913324,106473725,4995036387.74
2014-03-17,47.281635,107123725,5064984823.09
2014-03-18,47.545894,107323725,5102802414.68
2014-03-19,47.127348,107273725,5055526174.29
2014-03-20,47.347713,106723725,5053124330.0
2014-03-21,47.381714,107473725,5092289314.45
2014-03-24,47.000917,106423725,5002012641.72
2014-03-25,47.238571,106423725,5027304698.2
2014-03-26,46.581894,106623725,4966735013.82
2014-03-27,46.461411,107023725,4972473246.16
2014-03-28,46.777426,107073725,5008633250.41
2014-03-31,47.271922,107673725,5089943919.67
2014-04-01,47.584284,106773725,5080751303.52
2014-04-02,47.908745,105273725,5043532066.19
2014-04-03,47.949757,106723725,5117376648.79
2014-04-04,47.32631,107323725,5079235917.2
2014-04-07,46.651833,106473725,4967194398.7
2014-04-08,46.832929,106623725,4993501376.32
2014-04-09,47.54351,106623725,5069266120.51
2014-04-10,46.585991,107023725,4985806294.8
2014-04-11,46.060346,107673725,4959489025.71
2014-04-14,46.404921,107973725,5010512129.94
2014-04-15,46.663568,108523725,5064104256.94
2014-04-16,47.356254,108523725,5139277064.33
2014-04-17,47.494558,110323725,5239776527.41
2014-04-18,47.481885,110973725,5269241694.93
2014-04-21,47.53695,110973725,5275352396.33
2014-04-22,47.682137,111323725,5308153092.48
2014-04-23,47.705023,112473725,5365561598.34
2014-04-24,47.490083,112823725,5358008089.27
2014-04-25,47.167893,111923725,5279206237.64
2014-04-28,46.946036,112373725,5275500920.55
2014-04-29,47.292275,112273725,5309679933.83
2014-04-30,47.666392,113523725,5411266422.14
2014-05-01,47.364357,113223725,5362768956.74
2014-05-02,47.584367,114673725,5456676661.31
2014-05-05,47.801025,113823725,5440890707.23
2014-05-06,47.554105,113523725,5398519147.19
2014-05-07,47.955775,113823725,5458504985.15
2014-05-08,47.753948,113323725,5411655288.05
2014-05-09,47.749068,113323725,5411102245.45
2014-05-12,48.36217,113273725,5478163134.01
2014-05-13,48.388173,115523725,5589981979.21
2014-05-14,48.422429,116223725,5627835052.88
2014-05-15,47.712786,117123725,5588299211.78
2014-05-16,47.904323,117123725,5610732713.66
2014-05-19,48.103004,117023725,5629192673.93
2014-05-20,47.835039,117023725,5597834431.99
2014-05-21,48.074701,117673725,5657129126.93
2014-05-22,48.16627,117423725,5655862862.67
2014-05-23,48.57518,117123725,5689306074.47
2014-05-27,48.577499,116873725,5677433317.73
2014-05-28,48.601274,117223725,5697222335.65
2014-05-29,49.096866,116873725,5738133573.11
2014-05-30,49.079699,116873725,5736127208.92
2014-06-02,49.276671,116873725,5759148129.7
2014-06-03,49.163582,117073725,5755763718.07
2014-06-04,49.270003,117623725,5795321305.29
2014-06-05,49.470842,117623725,5818944714.46
2014-06-06,49.728494,117373725,5836818585.8
2014-06-09,49.600458,117373725,5821790542.23
2014-06-10,49.659928,116423725,5781593762.43
2014-06-11,49.377992,115673725,5711736236.35
2014-06-12,48.95398,116673725,5711643233.49
2014-06-13,49.138122,116673725,5733127686.13
2014-06-16,49.062303,116673725,5724281602.65
2014-06-17,49.140816,115573725,5679387114.95
2014-06-18,49.676534,113073725,5617110769.9
2014-06-19,49.568505,110923725,5498323183.41
2014-06-20,49.650904,110773725,5500015547.86
2014-06-23,49.708215,110773725,5506364120.6
2014-06-24,49.2703,110473725,5443073518.4
2014-06-25,49.659094,110973725,5510854610.38
2014-06-26,49.624958,110373725,5477291459.61
2014-06-27,49.446744,108573725,5368617185.32
2014-06-30,49.662394,110623725,5493839047.45
2014-07-01,49.756859,107073725,5327652222.99
2014-07-02,49.810025,104623725,5211310371.03
2014-07-03,50.131693,102723725,5149714197.85
2014-07-07,49.71618,102723725,5107031244.56
2014-07-08,49.56678,103123725,5111511033.67
2014-07-09,49.764496,102523725,5102041530.92
2014-07-10,49.54133,102073725,5056868104.13
2014-07-11,49.618374,103023725,5111869695.56
2014-07-14,49.622524,103973725,5159438690.02
2014-07-15,49.496049,104223725,5158662557.55
2014-07-16,49.84348,103773725,5172443561.52
2014-07-17,49.60797,104173725,5167847047.56
2014-07-18,49.940998,103873725,5187557502.17
2014-07-21,49.788191,103623725,5159237857.5
2014-07-22,49.864867,103223725,5147237313.09
2014-07-23,50.083964,102973725,5157332340.72
2014-07-24,50.019093,102973725,5150652291.85
2014-07-25,50.116516,102973725,5160684299.7
2014-07-28,50.241295,102973725,5173533250.06
2014-07-29,49.862683,108423725,5406297807.81
2014-07-30,49.617331,108623725,5389619270.24
2014-07-31,48.665632,109073725,5308141723.97
2014-08-01,48.699489,109073725,5311834685.39
2014-08-04,49.236049,108723725,5353126607.71
2014-08-05,48.765384,108723725,5301954241.36
2014-08-06,49.111578,109123725,5359238355.45
2014-08-07,48.688954,110873725,5398325710.98
2014-08-08,49.209886,111373725,5480688344.51
2014-08-11,49.165586,111673725,5490504156.48
2014-08-12,49.295806,110573725,5450820917.96
2014-08-13,49.564026,111673725,5534999397.41
2014-08-14,49.619371,112623725,5588318338.29
2014-08-15,49.725842,112623725,5600309562.99
2014-08-18,50.208802,112673725,5657212797.2
2014-08-19,50.386734,111873725,5636951567.93
2014-08-20,50.44227,111823725,5640642518.69
2014-08-21,50.365367,110423725,5561531380.68
2014-08-22,50.166035,110073725,5521962290.7
2014-08-25,50.352786,110073725,5542518721.4
2014-08-26,50.414873,110073725,5549352862.74
2014-08-27,50.420041,110223725,5557484680.09
2014-08-28,50.453495,108673725,5482969243.81
2014-08-29,50.536702,108673725,5492011683.02
2014-09-02,50.364639,108673725,5473312969.81
2014-09-03,50.461181,106373725,5367743772.62
2014-09-04,50.422332,105973725,5343442354.21
2014-09-05,50.674277,105973725,5370141869.75
2014-09-08,50.453461,106623725,5379535907.87
2014-09-09,50.04814,104723725,5241227676.28
2014-09-10,50.050361,105723725,5291510637.61
2014-09-11,50.001497,103773725,5188841610.52
2014-09-12,49.73978,103573725,5151734311.45
2014-09-15,49.821564,102923725,5127820984.68
2014-09-16,50.066761,102323725,5123017499.87
2014-09-17,50.354101,102023725,5137313000.2
2014-09-18,50.714553,102423725,5194373406.08
2014-09-19,50.448385,102423725,5167111519.85
2014-09-22,50.419823,99723725,5028052590.88
2014-09-23,50.14011,99173725,4972581462.28
2014-09-24,50.651221,99673725,5048595893.9
2014-09-25,49.914972,101673725,5075041109.95
2014-09-26,50.397995,103923725,5237547404.5
2014-09-29,50.170554,102573725,5146180599.03
2014-09-30,49.579509,103023725,5107865720.36
2014-10-01,48.445691,104523725,5063724109.95
2014-10-02,48.314046,103823725,5016144276.79
2014-10-03,48.461075,102973725,4990217455.56
2014-10-06,48.422447,103523725,5012872058.48
2014-10-07,47.586369,54573725,4876352531.36
2014-10-08,48.222179,101923725,4914984121.03
2014-10-09,47.005968,102423725,4814526386.99
2014-10-10,46.314484,102273725,4736754764.93
2014-10-13,45.09096,103223725,4654456814.96
2014-10-14,45.243277,103373725,4676966125.14
2014-10-15,45.560139,104373725,4755281418.68
2014-10-16,46.0173,105423725,4851315214.38
2014-10-17,46.643771,106723725,4977997028.45
2014-10-20,47.306126,106723725,5048686002.36
2014-10-21,48.354521,108973725,5269372316.61
2014-10-22,47.944102,111273725,5334918790.19
2014-10-23,47.952744,112323725,5386230811.03
2014-10-24,48.270557,97273725,4695456864.78
2014-10-27,47.277162,101223725,4785570494.07
2014-10-28,47.754899,81623725,3897932742.0
2014-10-29,47.147949,81773725,3855463456.65
2014-10-30,47.516928,83273725,3956911593.9
2014-10-31,48.406986,81273725,3934216079.49
2014-11-03,48.048103,79373725,3813756879.29
2014-11-04,47.550065,69523725,3305857628.64
2014-11-05,48.019131,65623725,3151194251.92
2014-11-06,48.416346,66573725,3223256504.97
2014-11-07,48.648646,66573725,3238721554.83
2014-11-10,48.780949,66823725,3259724693.75
2014-11-11,48.999899,67223725,3293955747.37
2014-11-12,49.136641,66373725,3261381910.15
2014-11-13,49.145981,65923725,3239886148.73
2014-11-14,49.29183,63673725,3138594451.16
2014-11-17,49.283389,63673725,3138056955.55
2014-11-18,49.845885,63673725,3173873166.36
2014-11-19,49.792318,64723725,3222744327.04
2014-11-20,50.050584,64273725,3216937470.71
2014-11-21,50.663255,63873725,3236050810.05
2014-11-24,50.422913,65823725,3319023973.83
2014-11-25,50.236708,64073725,3218852985.09
2014-11-26,50.311853,64073725,3223667863.81
2014-11-28,49.143803,63573725,3124254639.07
2014-12-01,48.660151,63573725,3093507064.38
2014-12-02,48.952168,60923725,2982348396.35
2014-12-03,49.663865,60223725,2990942948.71
2014-12-04,49.821053,61723725,3075140989.6
2014-12-05,49.774171,61273725,3049848888.42
2014-12-08,48.985144,63473725,3109269530.01
2014-12-09,49.112074,62973725,3092770219.79
2014-12-10,48.090505,63873725,3071719672.7
2014-12-11,48.150395,61873725,2979244279.07
2014-12-12,46.776446,63273725,2959719961.59
2014-12-15,46.535076,59473725,2767614325.08
2014-12-16,46.211524,57323725,2649016710.08
2014-12-17,47.476176,57723725,2740501720.96
2014-12-18,48.538782,58623725,2845524203.87
2014-12-19,48.783793,59273725,2891597142.46
2014-12-22,48.827363,58723725,2867324628.82
2014-12-23,49.212134,58223725,2865313771.58
2014-12-24,49.070336,59773725,2933116757.19
2014-12-26,49.224154,59773725,2942311071.75
2014-12-29,49.173546,58423725,2872901718.44
2014-12-30,49.081177,58623725,2877321412.85
2014-12-31,48.589941,58623725,2848523342.83
2015-01-02,48.675496,59223725,2882744195.95
2015-01-05,47.375425,59573725,2822330516.44
2015-01-06,47.049963,58723725,2762949102.64
2015-01-07,47.53863,60723725,2886722712.46
2015-01-08,48.664364,60873725,2962381086.44
2015-01-09,48.421449,60423725,2925804306.81
2015-01-12,48.274066,59023725,2849315183.9
2015-01-13,47.737592,59723725,2851066803.54
2015-01-14,47.168738,59873725,2824168031.45
2015-01-15,47.108545,59773725,2815853194.19
2015-01-16,47.884817,59773725,2862253889.11
2015-01-20,47.935554,59923725,2872476942.19
2015-01-21,48.404807,59723725,2890915401.44
2015-01-22,49.033842,59723725,2928483716.47
2015-01-23,48.245878,60273725,2907958759.01
2015-01-26,48.474501,59723725,2895077775.66
2015-01-27,48.113725,59723725,2873530891.82
2015-01-28,47.253832,60373725,2852889830.13
2015-01-29,47.880572,59823725,2864394168.99
2015-01-30,47.665859,59773725,2849165963.97
2015-02-02,48.115954,58273725,2803895888.35
2015-02-03,49.162332,57673725,2835374818.42
2015-02-04,48.861856,57673725,2818045243.86
2015-02-05,50.054352,57673725,2886820925.38
2015-02-06,49.897919,57673725,2877798853.82
2015-02-09,49.859249,57323725,2858117903.32
2015-02-10,50.229227,56973725,2861746165.0
2015-02-11,50.139337,57973725,2906764163.66
2015-02-12,51.023203,57973725,2958005159.95
2015-02-13,51.455242,58623725,3016497982.34
2015-02-17,51.50762,58523725,3014417799.35
2015-02-18,51.631838,58873725,3039758609.93
2015-02-19,51.76686,58523725,3029589471.84
2015-02-20,51.962217,58523725,3041022473.49
2015-02-23,51.881739,58423725,3031124472.84
2015-02-24,52.089996,58623725,3053709594.75
2015-02-25,51.94848,58723725,3050608231.69
2015-02-26,51.605045,58723725,3030440485.47
2015-02-27,51.484715,59673725,3072284697.66
2015-03-02,51.837679,59673725,3093347383.89
2015-03-03,51.524203,60773725,3131317764.16
2015-03-04,51.354326,60773725,3120993673.93
2015-03-05,51.14639,60773725,3108356636.93
2015-03-06,50.472094,60573725,3057282725.12
2015-03-09,50.524973,60473725,3055433327.77
2015-03-10,49.725626,59973725,2982231023.79
2015-03-11,49.696842,59623725,2963110858.57
2015-03-12,50.324675,58973725,2967833547.63
2015-03-13,49.82931,58673725,2923671214.26
2015-03-16,49.772982,58423725,2907923025.5
2015-03-17,49.20026,58523725,2879382508.57
2015-03-18,49.97315,59623725,2979585351.51
2015-03-19,49.101616,59773725,2934986517.78
2015-03-20,49.252683,59373725,2924315268.32
2015-03-23,49.219161,58873725,2897715358.08
2015-03-24,49.078988,59573725,2923818162.56
2015-03-25,48.529362,60323725,2927471869.66
2015-03-26,48.618497,60923725,2962019945.25
2015-03-27,48.629705,60923725,2962702801.49
2015-03-30,49.27134,60723725,2991939274.62
2015-03-31,48.848252,60273725,2944266121.85
2015-04-01,48.908284,60923725,2979674824.46
2015-04-02,48.963778,60923725,2983055774.38
2015-04-06,49.361288,60773725,2999869315.71
2015-04-07,49.300682,59823725,2949350467.61
2015-04-08,49.407109,59823725,2955717316.49
2015-04-09,49.566202,60123725,2980104682.32
2015-04-10,49.68778,60123725,2987414407.9
2015-04-13,49.494238,60123725,2975777973.7
2015-04-14,49.703998,60123725,2988389509.93
2015-04-15,50.221905,59123725,2969306087.86
2015-04-16,50.065572,58023725,2904990994.2
2015-04-17,49.643935,58023725,2880526048.33
2015-04-20,49.988239,58023725,2900503828.92
2015-04-21,49.597024,58473725,2900122756.24
2015-04-22,49.72234,58873725,2927339359.23
2015-04-23,49.843473,58123725,2897088339.06
2015-04-24,50.264889,56573725,2843672024.83
2015-04-27,50.710439,56823725,2881556068.23
2015-04-28,50.744007,56623725,2873314703.29
2015-04-29,50.759065,56623725,2874167351.25
2015-04-30,50.384182,56523725,2847901663.18
2015-05-01,51.264274,56523725,2897647737.33
2015-05-04,51.094147,57223725,2923797391.45
2015-05-05,50.526857,57673725,2914072065.21
2015-05-06,50.527194,57823725,2921670554.9
2015-05-07,50.774143,57823725,2935950079.99
2015-05-08,51.585431,56173725,2897745839.58
2015-05-11,51.328194,56323725,2890995066.94
2015-05-12,50.799053,56573725,2873891667.91
2015-05-13,50.724718,57023725,2892512357.68
2015-05-14,51.271965,57523725,2949354422.17
2015-05-15,51.475755,57773725,2973946084.69
2015-05-18,51.293951,57923725,2971136705.29
2015-05-19,51.041998,57823725,2951438445.31
2015-05-20,50.961733,57823725,2946797255.49
2015-05-21,51.186663,57823725,2959803512.93
2015-05-22,51.099779,57823725,2954779585.76
2015-05-26,50.478654,57823725,2918863822.94
2015-05-27,50.816396,56923725,2892658562.92
2015-05-28,50.9519,56923725,2900371949.2
2015-05-29,50.601618,56923725,2880432583.64
2015-06-01,50.617515,57223725,2896522739.07
2015-06-02,50.801896,57223725,2907073705.45
2015-06-03,50.849445,56473725,2871657564.48
2015-06-04,50.197332,56173725,2819771122.92
2015-06-05,50.006933,55623725,2781571880.21
2015-06-08,49.841553,55623725,2772372814.43
2015-06-09,49.881944,55373725,2762149075.16
2015-06-10,50.398957,54373725,2740379008.41
2015-06-11,50.493794,54373725,2745535687.09
2015-06-12,50.198205,54473725,2734483205.59
2015-06-15,49.869452,53673725,2676679266.71
2015-06-16,50.163774,53273725,2672411117.06
2015-06-17,50.362403,53173725,2677956560.54
2015-06-18,50.794785,53173725,2700947920.04
2015-06-19,50.266605,53773725,2703022570.43
2015-06-22,50.387927,54173725,2729701686.58
2015-06-23,50.250001,53973725,2712179760.25
2015-06-24,49.613293,53273725,2643084920.69
2015-06-25,49.564741,53273725,2640498385.02
2015-06-26,49.387621,53273725,2631062513.65
2015-06-29,48.229542,53173725,2564544381.13
2015-06-30,48.390722,53273725,2577953989.84
2015-07-01,48.643227,51823725,2520873234.34
2015-07-02,48.536374,51373725,2493494318.71
2015-07-06,48.101616,51623725,2483184596.19
2015-07-07,47.938023,53623725,2570615368.77
2015-07-08,46.896357,51923725,2435033564.87
2015-07-09,47.048115,51123725,2405274908.15
2015-07-10,47.733412,52723725,2516683301.49
2015-07-13,48.236021,51823725,2499770280.15
2015-07-14,48.502384,51823725,2513574186.15
2015-07-15,48.096612,52173725,2509379412.66
2015-07-16,47.983269,52673725,2527457515.43
2015-07-17,47.669772,52873725,2520478423.38
2015-07-20,47.236479,53073725,2507015902.47
2015-07-21,46.969133,52673725,2474039184.41
2015-07-22,46.771535,52423725,2451938101.97
2015-07-23,46.087451,51023725,2351553443.09
2015-07-24,45.063211,50373725,2270001787.25
2015-07-27,44.571367,49173725,2191740162.01
2015-07-28,45.517199,49323725,2245077811.07
2015-07-29,45.848325,50973725,2337059904.72
2015-07-30,46.079184,53323725,2457113727.47
2015-07-31,45.937505,54673725,2511574523.04
2015-08-03,45.602327,54723725,2495529185.93
2015-08-04,45.793449,52873725,2421270231.32
2015-08-05,46.025161,53623725,2468040586.24
2015-08-06,45.843327,52373725,2400985797.5
2015-08-07,45.199338,53473725,2416976952.16
2015-08-10,46.351382,53323725,2471628329.96
2015-08-11,45.455209,53023725,2410204512.57
2015-08-12,45.625353,52473725,2394132238.59
2015-08-13,45.511629,52373725,2383613531.62
2015-08-14,45.712461,52373725,2394131883.69
2015-08-17,45.991117,53023725,2438620331.58
2015-08-18,45.676659,52723725,2408243620.67
2015-08-19,45.109625,52473725,2367070042.41
2015-08-20,44.306785,52423725,2322726734.8
2015-08-21,43.24195,52423725,2266904106.84
2015-08-24,41.4361,52423725,2172234685.3
2015-08-25,40.689418,52323725,2129021907.15
2015-08-26,41.8328,52423725,2193031210.73
2015-08-27,43.346765,50973725,2209546060.67
2015-08-28,43.621682,50973725,2223559597.35
2015-08-31,43.395868,50923725,2209879261.01
2015-09-01,42.034062,50973725,2142632742.35
2015-09-02,42.634898,50223725,2141283401.95
2015-09-03,42.914162,50223725,2155309072.6
2015-09-04,42.047774,50223725,2111795815.82
2015-09-08,43.113728,50073725,2158864967.43
2015-09-09,42.767888,50073725,2141547475.49
2015-09-10,42.863384,48823725,2092750059.98
2015-09-11,42.806416,49673725,2126354154.9
2015-09-14,42.261808,50173725,2120432318.13
2015-09-15,42.61372,50173725,2138089067.4
2015-09-16,43.218996,49873725,2155492327.42
2015-09-17,42.997012,49723725,2137971618.82
2015-09-18,41.876366,50623725,2119937616.39
2015-09-21,41.998672,52073725,2187027300.45
2015-09-22,41.228861,51023725,2103650062.83
2015-09-23,40.353791,52173725,2105407614.19
2015-09-24,40.23336,52023725,2093089260.45
2015-09-25,40.184159,52923725,2126695378.51
2015-09-28,38.931904,51523725,2005916701.56
2015-09-29,39.103541,49973725,1954149582.35
2015-09-30,39.941848,48273725,1928141775.86
2015-10-01,40.358875,48623725,1962398847.56
2015-10-02,41.335507,48223725,1993352133.88
2015-10-05,42.427266,49973725,2120248530.9
2015-10-06,42.971938,49323725,2119536057.2
2015-10-07,43.571267,50073725,2181775632.33
2015-10-08,44.18323,50173725,2216837246.24
2015-10-09,44.155654,49923725,2204414716.92
2015-10-12,43.763838,50073725,2191418373.17
2015-10-13,43.594812,49223725,2145899061.21
2015-10-14,43.982448,47773725,2101205357.29
2015-10-15,44.084044,48123725,2121488403.28
2015-10-16,44.092423,48273725,2128505497.54
2015-10-19,43.748588,48023725,2100970167.57
2015-10-20,43.850612,48023725,2105869728.67
2015-10-21,43.444446,48123725,2090708586.94
2015-10-22,44.6382,48123725,2148156463.77
2015-10-23,44.993945,48773725,2194522316.99
2015-10-26,44.670358,48873725,2183206810.67
2015-10-27,44.450868,48473725,2154699156.06
2015-10-28,45.137559,47273725,2133820567.0
2015-10-29,45.195631,47773725,2159163666.14
2015-10-30,45.317498,47773725,2164985678.03
2015-11-02,45.566703,48873725,2227014494.76
2015-11-03,45.757523,51773725,2369037418.99
2015-11-04,45.463785,51073725,2322004861.5
2015-11-05,45.215281,50373725,2277662147.47
2015-11-06,45.32401,49573725,2246880008.46
2015-11-09,45.01983,49573725,2231800688.38
2015-11-10,44.694811,49473725,2211218778.26
2015-11-11,44.749486,47823725,2140087091.34
2015-11-12,43.854511,47123725,2066587928.33
2015-11-13,44.390808,47073725,2089640672.04
2015-11-16,44.952645,46573725,2093612146.64
2015-11-17,44.921568,46073725,2069703960.79
2015-11-18,45.701344,45723725,2089635682.04
2015-11-19,45.658245,45723725,2087665017.05
2015-11-20,45.533116,45323725,2063730437.08
2015-11-23,45.557818,45873725,2089906825.24
2015-11-24,45.925702,46073725,2115968168.31
2015-11-25,45.647673,48673725,2221842260.09
2015-11-27,45.602016,48673725,2219619988.3
2015-11-30,45.687333,48973725,2237478878.06
2015-12-01,46.026125,48873725,2249468169.36
2015-12-02,45.424555,48273725,2192812470.26
2015-12-03,45.031203,48723725,2194087972.05
2015-12-04,45.827727,48073725,2203109545.7
2015-12-07,45.013353,48373725,2177463536.91
2015-12-08,44.144722,47423725,2093507144.02
2015-12-09,45.497757,48373725,2200895974.43
2015-12-10,45.167075,49223725,2223291666.34
2015-12-11,43.970774,49423725,2173199451.27
2015-12-14,43.354945,49623725,2151433877.23
2015-12-15,43.579976,49623725,2162600731.95
2015-12-16,44.04567,49473725,2179103379.19
2015-12-17,43.194009,49673725,2145607349.33
2015-12-18,42.31618,50523725,2137971022.87
2015-12-21,42.67597,50173725,2141212396.2
2015-12-22,43.191936,50023725,2160621534.07
2015-12-23,44.222056,49823725,2203307534.69
2015-12-24,44.130318,49823725,2198736836.62
2015-12-28,43.79127,50523725,2212498091.16
2015-12-29,44.244475,49173725,2175665629.27
2015-12-30,43.797132,49273725,2158047839.89
2015-12-31,43.461283,48623725,2113249456.68
2016-01-04,42.733478,48473725,2071450872.56
2016-01-05,42.724586,49823725,2128698023.39
2016-01-06,41.618724,48523725,2019495503.72
2016-01-07,40.480381,49373725,1998667201.9
2016-01-08,40.05423,48173725,1929561456.11
2016-01-11,39.38974,48373725,1905428434.69
2016-01-12,39.432655,48023725,1893702994.98
2016-01-13,38.533327,48123725,1854367221.82
2016-01-14,39.063873,48473725,1893571446.54
2016-01-15,38.267875,48473725,1854986466.71
2016-01-19,37.776936,47873725,1808522643.26
2016-01-20,37.507868,48773725,1829398417.09
2016-01-21,37.855981,48423725,1833127606.53
2016-01-22,38.526082,48323725,1861723772.37
2016-01-25,37.255307,50123725,1867374766.05
2016-01-26,37.928115,49423725,1874548700.98
2016-01-27,37.623682,48473725,1823760038.04
2016-01-28,37.697969,48723725,1836785496.89
2016-01-29,38.785835,48873725,1895608210.32
2016-02-01,38.934577,48773725,1898984362.75
2016-02-02,38.658407,45773725,1769539306.59
2016-02-03,39.945341,45573725,1820457991.75
2016-02-04,41.060992,45973725,1887726751.53
2016-02-05,40.634379,47223725,1918906755.26
2016-02-08,39.5394,47223725,1867197734.12
2016-02-09,39.987615,46923725,1876367829.86
2016-02-10,39.649174,47923725,1900136113.84
2016-02-11,38.806776,45723725,1774390345.04
2016-02-12,39.916819,45973725,1835124859.35
2016-02-16,40.534328,45973725,1863514032.76
2016-02-17,41.356921,46973725,1942688635.64
2016-02-18,41.178824,47523725,1956971128.1
2016-02-19,40.727141,46823725,1906996443.34
2016-02-22,41.512572,47273725,1962453918.71
2016-02-23,40.525272,47273725,1915780565.22
2016-02-24,40.939069,48173725,1972187446.4
2016-02-25,41.484214,48173725,1998449100.9
2016-02-26,42.048081,48673725,2046636726.22
2016-02-29,41.807341,50173725,2097630046.61
2016-03-01,42.870227,48423725,2075936072.46
2016-03-02,42.7158,49473725,2113309725.51
2016-03-03,42.95907,48123725,2067350452.15
2016-03-04,43.446807,47623725,2069098791.87
2016-03-07,43.967277,50023725,2199406959.37
2016-03-08,43.083511,50823725,2189664537.2
2016-03-09,43.371334,50923725,2208629907.88
2016-03-10,43.600493,50023725,2181059092.09
2016-03-11,44.386925,50023725,2220399317.69
2016-03-14,44.109534,50173725,2213139612.43
2016-03-15,43.692744,49423725,2159458142.16
2016-03-16,44.468131,49223725,2188887027.44
2016-03-17,45.438133,49273725,2238906066.39
2016-03-18,45.305311,50473725,2286727792.27
2016-03-21,45.076121,50873725,2293190195.34
2016-03-22,45.100557,52523725,2368849264.21
2016-03-23,44.516034,52673725,2344825327.93
2016-03-24,44.534926,52823725,2352500659.44
2016-03-28,44.751889,52573725,2352773508.81
2016-03-29,44.974698,52773725,2373482329.68
2016-03-30,45.199103,53073725,2398884780.66
2016-03-31,44.801905,53073725,2377803972.8
2016-04-01,45.100811,53523725,2413963425.37
2016-04-04,44.657081,54123725,2417007546.23
2016-04-05,44.340677,54773725,2428704065.89
2016-04-06,44.751495,53423725,2390791552.82
2016-04-07,44.194663,53423725,2361043532.86
2016-04-08,44.629462,53323725,2379809182.29
2016-04-11,44.847226,53223725,2386936443.69
2016-04-12,45.355093,53323725,2418502497.2
2016-04-13,45.914098,53373725,2450606452.35
2016-04-14,45.841178,53723725,2462758861.76
2016-04-15,46.02604,52973725,2438170766.88
2016-04-18,46.241578,52623725,2433404076.33
2016-04-19,47.223727,52773725,2492172001.78
2016-04-20,47.102353,53623725,2525803608.89
2016-04-21,46.874897,54373725,2548762750.13
2016-04-22,47.193957,54323725,2563751527.06
2016-04-25,46.906686,54623725,2562217913.07
2016-04-26,47.440718,54723725,2596132791.79
2016-04-27,47.788666,55473725,2651015310.8
2016-04-28,47.364552,55473725,2627488148.73
2016-04-29,47.098255,55773725,2626845122.15
2016-05-02,47.262537,56173725,2654912749.63
2016-05-03,46.44033,55623725,2583184129.42
2016-05-04,46.013275,54773725,2520318486.92
2016-05-05,45.770065,54573725,2497842962.5
2016-05-06,46.167093,55673725,2570294046.34
2016-05-09,45.585599,55823725,2544757943.47
2016-05-10,46.381599,54873725,2545131122.24
2016-05-11,46.192692,54423725,2513978353.11
2016-05-12,46.407252,54223725,2516374062.59
2016-05-13,45.943038,54323725,2495796969.95
2016-05-16,46.675304,53123725,2479566011.86
2016-05-17,46.492456,54523725,2534941887.3
2016-05-18,45.782142,56123725,2569464355.99
2016-05-19,45.960075,56173725,2581748640.95
2016-05-20,46.279118,57873725,2678344974.48
2016-05-23,46.837722,57573725,2696622113.7
2016-05-24,47.136516,57573725,2713824834.8
2016-05-25,47.706069,58623725,2796707441.57
2016-05-26,47.185521,58623725,2766191026.71
2016-05-27,47.201324,57873725,2731716455.55
2016-05-31,46.95414,57173725,2684543114.82
2016-06-01,47.080155,56823725,2675269758.71
2016-06-02,47.297066,56523725,2673406369.84
2016-06-03,47.728797,56223725,2683490742.37
2016-06-06,48.156243,56723725,2731601492.67
2016-06-07,48.162079,59073725,2845113433.97
2016-06-08,48.470738,57823725,2802758621.15
2016-06-09,48.165704,57823725,2785120437.1
2016-06-10,47.820471,57973725,2772330836.75
2016-06-13,47.225704,57973725,2737849982.66
2016-06-14,46.855628,58023725,2718738045.81
2016-06-15,47.042188,56373725,2651943359.83
2016-06-16,47.208086,56373725,2661295660.56
2016-06-17,47.204901,55173725,2604470239.98
2016-06-20,47.459553,55823725,2649369015.43
2016-06-21,47.321635,56023725,2651134258.31
2016-06-22,47.381177,56273725,2666315341.72
2016-06-23,48.132539,55323725,2662871332.26
2016-06-24,46.023349,55123725,2536978413.59
2016-06-27,44.465167,53923725,2397727446.56
2016-06-28,44.864208,52873725,2372137818.97
2016-06-29,45.628627,53423725,2437651233.67
2016-06-30,46.342946,53423725,2475812782.75
2016-07-01,46.372365,54973725,2549261620.22
2016-07-05,45.501157,55523725,2526393702.29
2016-07-06,45.691887,55423725,2532414586.42
2016-07-07,45.810719,54973725,2518385881.96
2016-07-08,46.935184,54873725,2575508376.5
2016-07-11,47.169383,55273725,2607227491.09
2016-07-12,48.039929,55523725,2667355779.69
2016-07-13,48.195778,56623725,2729024460.93
2016-07-14,48.590184,56823725,2761075236.77
2016-07-15,48.785951,56523725,2757563696.48
2016-07-18,49.120873,57023725,2801055126.91
2016-07-19,48.766913,56073725,2734542489.42
2016-07-20,48.846234,55673725,2719451809.95
2016-07-21,48.538388,55823725,2709593614.04
2016-07-22,48.638846,55523725,2700609904.73
2016-07-25,48.582249,55923725,2716900333.97
2016-07-26,48.940377,55623725,2722246097.87
2016-07-27,48.984215,55223725,2705090826.46
2016-07-28,48.925593,53923725,2638250225.79
2016-07-29,48.715401,54623725,2661016641.36
2016-08-01,48.386528,53973725,2611601159.57
2016-08-02,48.298754,53873725,2602033810.88
2016-08-03,48.415255,53873725,2608310134.34
2016-08-04,48.592496,53873725,2617858770.74
2016-08-05,48.763876,53873725,2627091637.77
2016-08-08,48.86468,54073725,2642295267.74
2016-08-09,48.704777,57273725,2789503982.61
2016-08-10,48.747584,57273725,2791955704.8
2016-08-11,48.977866,57273725,2805144827.51
2016-08-12,48.415028,57273725,2772909008.78
2016-08-15,48.875515,57273725,2799282788.25
2016-08-16,48.638259,57123725,2778398531.62
2016-08-17,48.599149,56773725,2759154699.36
2016-08-18,48.909816,56623725,2769455973.11
2016-08-19,48.988184,56623725,2773893448.63
2016-08-22,48.967332,56923725,2787402918.39
2016-08-23,49.357022,57023725,2814521272.64
2016-08-24,48.771867,56073725,2734820277.19
2016-08-25,49.009662,56373725,2762857216.69
2016-08-26,48.707757,56373725,2745837721.09
2016-08-29,49.169709,55473725,2727626933.23
2016-08-30,49.063616,55973725,2746273327.51
2016-08-31,48.613178,55473725,2696754050.51
2016-09-01,48.773541,55223725,2693456631.45
2016-09-02,49.178039,55523725,2730547941.19
2016-09-06,49.120997,55873725,2744573079.58
2016-09-07,49.066053,55273725,2712063493.33
2016-09-08,48.852529,56073725,2739343264.27
2016-09-09,47.441617,56723725,2691065213.74
2016-09-12,47.910317,55823725,2674532368.93
2016-09-13,47.006843,55573725,2612345339.5
2016-09-14,46.894105,55573725,2606080075.96
2016-09-15,47.178663,54823725,2586510037.1
2016-09-16,46.758288,55723725,2605545980.44
2016-09-19,46.839305,55773725,2612402498.13
2016-09-20,46.692921,56323725,2629919232.95
2016-09-21,47.404256,56923725,2698426839.62
2016-09-22,47.558943,57973725,2757169083.7
2016-09-23,47.320563,60023725,2840356436.57
2016-09-26,47.065054,60223725,2834432897.31
2016-09-27,47.245835,60773725,2871305354.25
2016-09-28,47.773954,61023725,2915344655.36
2016-09-29,47.414388,60023725,2845988189.1
2016-09-30,47.751766,60023725,2866238847.85
2016-10-03,47.769038,60623725,2895937001.65
2016-10-04,47.039482,61423725,2889340213.62
2016-10-05,47.372647,61573725,2916910351.19
2016-10-06,47.736817,60373725,2882049447.59
2016-10-07,46.892313,60073725,2816995893.08
2016-10-10,47.109808,60023725,2827706156.82
2016-10-11,46.505582,59873725,2784462438.94
2016-10-12,46.394774,61523725,2854379316.42
2016-10-13,46.163167,61473725,2837821863.19
2016-10-14,46.330249,61473725,2848092993.43
2016-10-17,46.366494,61173725,2836411172.2
2016-10-18,46.803115,61173725,2863120898.78
2016-10-19,47.141981,60823725,2867350911.93
2016-10-20,47.115683,60823725,2865751315.69
2016-10-21,47.063696,60823725,2862589303.37
2016-10-24,47.177671,61273725,2890751653.77
2016-10-25,46.7159,60573725,2829756063.47
2016-10-26,46.665867,60473725,2822058831.86
2016-10-27,46.631497,60473725,2819980301.01
2016-10-28,46.707496,58023725,2710142921.07
2016-10-31,46.741015,58523725,2735458279.72
2016-11-01,46.531692,58273725,2711575049.19
2016-11-02,46.259951,57473725,2658731705.14
2016-11-03,46.257144,57523725,2660883239.82
2016-11-04,46.413429,57523725,2669873304.29
2016-11-07,47.079304,58973725,2776441934.82
2016-11-08,47.244864,59623725,2816914799.54
2016-11-09,48.255086,60123725,2901275540.46
2016-11-10,48.782536,62773725,3062261510.82
2016-11-11,48.142369,67173725,3233902270.92
2016-11-14,48.245386,67923725,3277006299.95
2016-11-15,48.44793,70473725,3414306078.61
2016-11-16,48.395463,71973725,3483201734.52
2016-11-17,48.379694,71923725,3479647832.07
2016-11-18,48.28773,71673725,3460961501.99
2016-11-21,48.890042,71623725,3501686944.97
2016-11-22,49.195666,72273725,3555554015.99
2016-11-23,49.425842,71973725,3557361956.71
2016-11-25,49.600692,72373725,3589786856.01
2016-11-28,49.35713,72473725,3577095085.6
2016-11-29,49.413229,74373725,3675045906.58
2016-11-30,49.936357,74123725,3701468785.56
2016-12-01,49.928232,74973725,3743305531.32
2016-12-02,49.955801,73523725,3672936585.11
2016-12-05,50.378694,74573725,3756926898.11
2016-12-06,50.419397,74973725,3780130016.44
2016-12-07,51.161247,73023725,3735984825.99
2016-12-08,51.511554,73723725,3797623649.54
2016-12-09,51.487114,74373725,3829288481.18
2016-12-12,51.267981,76623725,3928343639.99
2016-12-13,51.164889,76673725,3923002633.62
2016-12-14,50.552317,76773725,3881089699.34
2016-12-15,50.910922,76023725,3870437926.99
2016-12-16,50.379647,76523725,3855238246.57
2016-12-19,50.310674,75373725,3792102892.34
2016-12-20,50.357544,75423725,3798153546.32
2016-12-21,50.404056,76223725,3841984897.01
2016-12-22,50.164728,75923725,3808693011.82
2016-12-23,50.285153,75223725,3782636555.98
2016-12-27,50.521304,74873725,3782718187.75
2016-12-28,50.021777,74823725,3742815687.8
2016-12-29,50.047723,73973725,3702216534.55
2016-12-30,49.675114,74573725,3704458307.41
2017-01-03,50.023068,73423725,3672879957.11
2017-01-04,50.737551,73023725,3705044964.19
2017-01-05,50.604107,73673725,3728193097.83
2017-01-06,50.603951,73673725,3728181568.51
2017-01-09,50.613175,73773725,3733922437.6
2017-01-10,50.647092,73273725,3711101061.25
2017-01-11,51.069424,73523725,3754814317.64
2017-01-12,50.955896,72473725,3692963623.21
2017-01-13,50.846267,71873725,3654510619.26
2017-01-17,50.671859,72073725,3652109653.7
2017-01-18,50.97151,70823725,3609992185.05
2017-01-19,50.65413,71373725,3615373934.94
2017-01-20,51.092934,71523725,3654356971.8
2017-01-23,51.202987,71923725,3682709578.71
2017-01-24,52.489862,72123725,3785764378.61
2017-01-25,52.860523,72273725,3820426892.4
2017-01-26,52.988741,73823725,3911826227.59
2017-01-27,52.838575,73323725,3874321146.83
2017-01-30,52.287689,74873725,3914974043.85
2017-01-31,51.958476,75573725,3926695602.68
2017-02-01,52.249953,75973725,3969623582.27
2017-02-02,51.977442,75973725,3948919898.2
2017-02-03,52.066425,76123725,3963490207.83
2017-02-06,51.930145,75923725,3942730054.03
2017-02-07,51.525861,76323725,3932645615.86
2017-02-08,51.655922,76273725,3939989571.54
2017-02-09,51.633186,76673725,3958908719.79
2017-02-10,52.109515,74073725,3859945870.15
2017-02-13,52.494559,74373725,3904215895.24
2017-02-14,52.537061,74373725,3907376951.31
2017-02-15,52.468753,74523725,3910166944.33
2017-02-16,52.440875,73923725,3876624818.74
2017-02-17,52.296357,73823725,3860711908.22
2017-02-21,52.487101,73673725,3866920237.09
2017-02-22,52.632285,71473725,3761825449.07
2017-02-23,52.337994,70773725,3704154776.53
2017-02-24,52.464156,70573725,3702590887.58
2017-02-27,52.287374,71073725,3716258423.81
2017-02-28,52.311442,72873725,3812129607.49
2017-03-01,53.261282,72373725,3854717389.4
2017-03-02,52.728126,72373725,3816130867.95
2017-03-03,52.680812,72273725,3807438522.53
2017-03-06,52.331913,72023725,3769139305.36
2017-03-07,52.036754,71973725,3745279025.06
2017-03-08,52.076759,70823725,3688270093.04
2017-03-09,51.86145,71173725,3691172596.41
2017-03-10,52.078552,71423725,3719644179.76
2017-03-13,52.244578,71673725,3744563510.56
2017-03-14,51.822523,71473725,3703948728.66
2017-03-15,52.63339,71573725,3767167768.09
2017-03-16,52.303284,71573725,3743540866.28
2017-03-17,52.415635,71823725,3764686189.53
2017-03-20,52.618757,71573725,3766120449.74
2017-03-21,51.742797,71923725,3721534694.34
2017-03-22,51.884875,70723725,3669491622.57
2017-03-23,52.119763,70723725,3686103802.92
2017-03-24,51.630841,70873725,3659270033.15
2017-03-27,51.798424,69423725,3596039540.01
2017-03-28,52.362058,67873725,3554007935.89
2017-03-29,52.416193,68423725,3586511152.56
2017-03-30,52.425551,68423725,3587151509.3
2017-03-31,52.394009,68373725,3582373556.94
2017-04-03,52.188691,68823725,3591820099.63
2017-04-04,52.398281,69223725,3627204169.9
2017-04-05,52.356562,69773725,3653112390.98
2017-04-06,52.614596,69773725,3671116368.31
2017-04-07,52.587061,69773725,3669195121.12
2017-04-10,52.586224,69373725,3648102275.88
2017-04-11,52.467941,71123725,3731715424.09
2017-04-12,51.827592,70973725,3678397296.43
2017-04-13,51.315673,70973725,3642064440.02
2017-04-17,51.696881,70073725,3622592996.01
2017-04-18,51.633782,70023725,3615589783.89
2017-04-19,51.68121,69773725,3605990563.14
2017-04-20,52.229391,69773725,3644239132.56
2017-04-21,52.207553,69773725,3642715454.9
2017-04-24,52.820873,69573725,3674944921.66
2017-04-25,53.659523,70673725,3792318373.4
2017-04-26,53.621889,72323725,3878134726.22
2017-04-27,53.511391,71873725,3846062969.81
2017-04-28,53.135613,72323725,3842965467.1
2017-05-01,53.072246,72323725,3838382491.24
2017-05-02,53.186581,72423725,3851970326.45
2017-05-03,52.663604,72623725,3824627122.36
2017-05-04,52.758136,72073725,3802475382.73
2017-05-05,53.500992,71073725,3802514814.41
2017-05-08,53.041098,71623725,3799001021.04
2017-05-09,52.654114,71023725,3739691292.72
2017-05-10,52.846537,69473725,3671445801.62
2017-05-11,52.745431,69223725,3651235177.13
2017-05-12,52.651837,69173725,3642123678.47
2017-05-15,53.095366,68923725,3659530385.59
2017-05-16,53.094092,68923725,3659442588.55
2017-05-17,51.971892,67473725,3506737116.87
2017-05-18,51.964091,66023725,3430862881.45
2017-05-19,52.43575,65123725,3414811362.26
2017-05-22,52.460622,65523725,3437415357.45
2017-05-23,52.541425,65973725,3466353544.07
2017-05-24,52.912305,66123725,3498758690.81
2017-05-25,52.816748,66123725,3492440087.44
2017-05-26,52.967542,67623725,3581862511.3
2017-05-30,52.912529,67823725,3588724794.74
2017-05-31,53.08167,68273725,3624083329.9
2017-06-01,53.687299,68473725,3676169340.58
2017-06-02,53.879536,68473725,3689332500.9
2017-06-05,53.661734,69423725,3725397493.35
2017-06-06,53.7296,69123725,3713990124.08
2017-06-07,53.787028,69823725,3755610684.46
2017-06-08,53.969491,69723725,3762953936.32
2017-06-09,54.679729,70223725,3839814247.34
2017-06-12,54.393459,70373725,3827870338.19
2017-06-13,55.112639,67973725,3746211363.83
2017-06-14,54.531203,67273725,3668517174.25
2017-06-15,54.037593,66873725,3613695127.52
2017-06-16,54.013276,66573725,3595864977.12
2017-06-19,54.471316,68423725,3727130373.06
2017-06-20,54.167442,68223725,3695504687.19
2017-06-21,53.561259,68473725,3667538937.27
2017-06-22,53.656439,68023725,3649910824.13
2017-06-23,53.845478,68323725,3678923610.88
2017-06-26,54.020857,68423725,3696308239.53
2017-06-27,53.65536,68323725,3665934067.25
2017-06-28,54.14431,68073725,3685804880.76
2017-06-29,53.551938,68073725,3645479890.56
2017-06-30,53.796363,68023725,3659428986.59
2017-07-03,54.281872,68023725,3692455126.19
2017-07-05,54.09008,67073725,3628023167.04
2017-07-06,53.863543,67023725,3610135289.01
2017-07-07,54.13597,66473725,3598619609.76
2017-07-10,54.480401,66423725,3618791198.7
2017-07-11,54.398947,66623725,3624260467.72
2017-07-12,55.017044,66573725,3662689528.91
2017-07-13,54.96558,65723725,3612542640.1
2017-07-14,55.236283,65873725,3638619692.86
2017-07-17,55.333036,66073725,3656059802.01
2017-07-18,55.088588,66273725,3650925914.28
2017-07-19,55.687774,66723725,3715695717.55
2017-07-20,55.221405,66573725,3676294610.73
2017-07-21,55.225509,67073725,3704180610.88
2017-07-24,55.148793,67873725,3743153981.37
2017-07-25,55.789944,67523725,3767144861.94
2017-07-26,55.434487,67423725,3737599608.48
2017-07-27,55.261143,67173725,3712096846.69
2017-07-28,55.047236,66673725,3670204278.0
2017-07-31,54.618724,66323725,3622517261.69
2017-08-01,54.693984,66073725,3613835265.22
2017-08-02,54.740282,66573725,3644264483.29
2017-08-03,54.345869,66773725,3628876126.69
2017-08-04,54.61141,66773725,3646607303.28
2017-08-07,54.63751,66873725,3653813797.0
2017-08-08,54.165483,66873725,3622247607.04
2017-08-09,54.248121,65723725,3565388611.94
2017-08-10,53.584448,65773725,3524448730.18
2017-08-11,53.496398,64773725,3465160956.47
2017-08-14,53.995688,64573725,3486702708.53
2017-08-15,54.017357,65123725,3517811471.6
2017-08-16,54.526104,64073725,3493690596.29
2017-08-17,53.686614,63773725,3423795352.55
2017-08-18,53.722738,63923725,3434157544.53
2017-08-21,53.78146,63973725,3440600349.3
2017-08-22,54.430332,64273725,3498440196.63
2017-08-23,54.34459,63923725,3473908598.53
2017-08-24,54.265895,64873725,3520430774.3
2017-08-25,54.405567,64473725,3507729561.26
2017-08-28,54.533187,65373725,3565037573.47
2017-08-29,54.231578,65923725,3575147642.43
2017-08-30,54.632081,65723725,3590623879.66
2017-08-31,55.086431,65823725,3625994066.24
2017-09-01,55.588276,66723725,3709056839.72
2017-09-05,54.797951,67823725,3716601129.81
2017-09-06,54.948517,68373725,3757034758.46
2017-09-07,55.010025,68673725,3777743315.63
2017-09-08,54.994817,67573725,3716204669.04
2017-09-11,55.743857,67523725,3764032842.18
2017-09-12,56.195829,66923725,3760834238.07
2017-09-13,56.174071,67273725,3779039006.58
2017-09-14,56.350745,67523725,3805012176.41
2017-09-15,56.031091,67923725,3805840404.18
2017-09-18,56.36675,66073725,3724361124.06
2017-09-19,56.664787,67223725,3809218043.66
2017-09-20,56.897393,70123725,3989857134.07
2017-09-21,56.75572,69923725,3968571364.42
2017-09-22,56.593094,68873725,3897777171.14
2017-09-25,56.633143,68923725,3903367155.01
2017-09-26,56.399867,71673725,4042388534.63
2017-09-27,56.388452,73623725,4151527910.11
2017-09-28,56.804284,72073725,4094096342.13
2017-09-29,56.803294,72023725,4091184859.29
2017-10-02,57.40879,71323725,4094608717.32
2017-10-03,57.670053,71773725,4139194533.2
2017-10-04,57.659198,72223725,4164362049.65
2017-10-05,58.017203,73273725,4251136562.17
2017-10-06,57.911654,73673725,4266567253.59
2017-10-09,57.903298,74073725,4289112968.6
2017-10-10,57.91017,74073725,4289622006.52
2017-10-11,57.94523,74073725,4292218996.83
2017-10-12,58.062293,74673725,4335727673.23
2017-10-13,58.347588,75923725,4429966240.43
2017-10-16,58.301955,76273725,4446907254.44
2017-10-17,58.149198,76773725,4464330553.05
2017-10-18,58.021358,77373725,4489328581.46
2017-10-19,58.215145,77573725,4515965648.82
2017-10-20,58.738818,77423725,4547778095.39
2017-10-23,58.604819,77173725,4522752164.0
2017-10-24,58.952075,76873725,4531865585.99
2017-10-25,58.666545,77123725,4524582470.62
2017-10-26,59.431386,77023725,4577626737.6
2017-10-27,59.117226,75723725,4476576532.75
2017-10-30,58.868018,75973725,4472422605.99
2017-10-31,58.979532,75723725,4466149831.35
2017-11-01,59.321954,75673725,4489113232.17
2017-11-02,58.886652,76273725,4491504337.08
2017-11-03,58.815877,74173725,4362592712.14
2017-11-06,58.56189,77373725,4531151600.49
2017-11-07,58.659081,77073725,4521073850.46
2017-11-08,58.682238,77523725,4549265701.46
2017-11-09,58.191466,77423725,4505400034.36
2017-11-10,58.109136,76523725,4446727517.64
2017-11-13,58.419386,76323725,4458785144.13
2017-11-14,57.874313,75823725,4388245987.71
2017-11-15,57.511188,75873725,4363588087.53
2017-11-16,58.230696,75273725,4383241393.95
2017-11-17,58.293446,75023725,4373391467.33
2017-11-20,58.398348,74273725,4337462821.92
2017-11-21,58.682562,74273725,4358572488.58
2017-11-22,58.560024,75423725,4416815120.49
2017-11-24,58.814785,75173725,4421326484.87
2017-11-27,58.472219,75023725,4386803715.89
2017-11-28,59.152264,75273725,4452611285.5
2017-11-29,59.221392,75673725,4481503333.09
2017-11-30,59.571698,75373725,4490140774.54
2017-12-01,59.072469,76323725,4508630912.68
2017-12-04,59.664451,76373725,4556796376.98
2017-12-05,59.369117,76673725,4552051333.91
2017-12-06,59.010964,78123725,4610156317.81
2017-12-07,59.429719,77973725,4633956592.27
2017-12-08,59.431381,78623725,4672716518.15
2017-12-11,59.496586,79173725,4710566325.27
2017-12-12,59.512645,79123725,4708862195.96
2017-12-13,59.671318,82473725,4921315830.36
2017-12-14,59.017914,81823725,4829065567.16
2017-12-15,59.070188,82023725,4845156828.02
2017-12-18,59.93411,79723725,4778170542.2
2017-12-19,59.882567,81623725,4887838217.51
2017-12-20,59.91253,81823725,4902266391.59
2017-12-21,60.113864,80873725,4861632114.84
2017-12-22,60.338562,81723725,4931092043.8
2017-12-26,60.309825,82073725,4949851956.37
2017-12-27,60.394462,81623725,4929620945.93
2017-12-28,60.647592,81273725,4929055683.71
2017-12-29,60.47629,81323725,4918157148.31
2018-01-02,61.400194,81423725,4999432486.22
2018-01-03,61.845902,83973725,5193430782.72
2018-01-04,62.37178,84923725,5296843930.67
2018-01-05,62.912257,85673725,5389927440.5
2018-01-08,62.979332,84473725,5320098780.23
2018-01-09,62.837364,85223725,5355234227.9
2018-01-10,62.491551,86423725,5400752637.79
2018-01-11,63.286918,86273725,5459998126.94
2018-01-12,63.397344,85823725,5440996254.98
2018-01-16,62.648225,85873725,5379836424.24
2018-01-17,62.945178,86823725,5465134832.87
2018-01-18,62.888836,87873725,5526276323.18
2018-01-19,63.271536,88373725,5591541324.53
2018-01-22,63.132065,86073725,5434012018.13
2018-01-23,63.123654,86873725,5483786993.67
2018-01-24,63.365023,85523725,5419212825.12
2018-01-25,63.813406,85623725,5463941569.43
2018-01-26,64.079523,85573725,5483523490.83
2018-01-29,63.353898,85323725,5405590558.09
2018-01-30,62.890511,84573725,5318884798.97
2018-01-31,62.942687,84873725,5342180290.7
2018-02-01,62.084549,87673725,5443183636.42
2018-02-02,60.480291,87973725,5320676459.42
2018-02-05,58.438314,87823725,5132270383.46
2018-02-06,60.04417,87723725,5267298237.24
2018-02-07,59.540443,86373725,5142729889.26
2018-02-08,57.419194,84723725,4864768000.61
2018-02-09,58.397287,84523725,4935956224.27
2018-02-12,59.605006,84273725,5023135867.66
2018-02-13,59.453811,84323725,5013366838.19
2018-02-14,60.247781,83923725,5056218190.9
2018-02-15,60.691334,85123725,5166272433.93
2018-02-16,60.485583,84723725,5124563909.66
2018-02-20,60.218898,83923725,5053794234.37
2018-02-21,59.999972,83423725,5005421149.64
2018-02-22,60.410601,83273725,5030615786.64
2018-02-23,61.27699,84023725,5148720962.51
2018-02-26,61.548563,84373725,5193081569.05
2018-02-27,60.716229,85173725,5171427393.69
2018-02-28,59.643961,84773725,5056240707.32
2018-03-01,59.046203,84773725,5005566547.82
2018-03-02,58.937718,83923725,4946272824.36
2018-03-05,59.73409,83373725,4980253568.31
2018-03-06,60.407056,82073725,4957832076.92
2018-03-07,60.15945,83723725,5036773269.28
2018-03-08,60.231955,83873725,5051878399.27
2018-03-09,61.333198,84623725,5190243665.09
2018-03-12,61.162233,86273725,5276693635.31
2018-03-13,60.917485,85473725,5206844372.49
2018-03-14,60.140001,86323725,5191508898.67
2018-03-15,59.37256,85773725,5092605630.02
2018-03-16,59.176751,85273725,5046221955.62
2018-03-19,58.294341,85473725,4982634481.76
2018-03-20,58.241704,84173725,4902421208.33
2018-03-21,58.892337,83673725,4927741172.09
2018-03-22,57.136517,83923725,4795109304.9
2018-03-23,56.05048,83923725,4703965072.5
2018-03-26,57.165567,83823725,4791830774.5
2018-03-27,56.599161,85473725,4837741147.62
2018-03-28,55.860875,84673725,4729948405.01
2018-03-29,56.933514,81723725,4652818862.98
2018-04-02,55.704901,81523725,4541271024.87
2018-04-03,56.492239,80723725,4560263957.13
2018-04-04,56.857472,80073725,4552789613.56
2018-04-05,57.936392,79873725,4627595470.83
2018-04-06,56.527222,80623725,4557435172.33
2018-04-09,56.819277,80973725,4600868497.32
2018-04-10,57.998144,81223725,4710825269.0
2018-04-11,57.55361,84573725,4867523181.35
2018-04-12,58.162117,85723725,4985873312.93
2018-04-13,58.1079,85723725,4981225614.02
2018-04-16,58.899225,85723725,5049060931.08
2018-04-17,59.559407,86473725,5150323761.77
2018-04-18,59.992346,87173725,5229756268.68
2018-04-19,59.365605,87323725,5184025782.63
2018-04-20,59.005516,87423725,5158481978.41
2018-04-23,58.832279,87223725,5131570542.81
2018-04-24,57.265542,87223725,4994913909.75
2018-04-25,57.574106,87223725,5021828011.35
2018-04-26,57.903878,85273725,4937679380.91
2018-04-27,57.75187,85373725,4930492227.45
2018-04-30,57.007676,84823725,4835603469.06
2018-05-01,56.990197,83923725,4782829619.35
2018-05-02,56.853638,84073725,4779897166.52
2018-05-03,57.069323,83373725,4758082056.23
2018-05-04,57.794659,81473725,4708746114.97
2018-05-07,57.798214,83073725,4801512961.43
2018-05-08,57.666469,83073725,4790568363.3
2018-05-09,58.473762,82723725,4837167382.78
2018-05-10,58.923038,80423725,4738810194.37
2018-05-11,58.900264,80273725,4728143629.7
2018-05-14,59.130638,79873725,4722984329.18
2018-05-15,58.964581,79873725,4709720706.49
2018-05-16,59.643787,79323725,4731167318.36
2018-05-17,59.779113,79673725,4762824607.83
2018-05-18,59.869468,81723725,4892755920.04
2018-05-21,60.186951,81723725,4918701794.78
2018-05-22,59.664396,82123725,4899862459.51
2018-05-23,59.558996,82623725,4920986085.63
2018-05-24,59.325232,82973725,4922435470.86
2018-05-25,59.022473,82973725,4897314440.48
2018-05-29,57.989829,81773725,4742044333.25
2018-05-30,58.687401,81523725,4784415578.42
2018-05-31,58.19458,81523725,4744238918.36
2018-06-01,59.06982,81523725,4815591726.47
2018-06-04,59.39517,82023725,4871813094.61
2018-06-05,59.844091,79673725,4768001623.86
2018-06-06,60.973286,79823725,4867114783.67
2018-06-07,60.65577,80973725,4911523657.7
2018-06-08,60.845115,80623725,4905559796.57
2018-06-11,60.909596,80623725,4910758503.57
2018-06-12,60.993806,81373725,4963293194.69
2018-06-13,60.34484,82273725,4964794734.29
2018-06-14,60.419118,82123725,4961843002.18
2018-06-15,59.7526,82123725,4907106081.41
2018-06-18,59.603033,85223725,5079592453.33
2018-06-19,58.520436,85173725,4984403556.29
2018-06-20,58.298717,83923725,4892645501.93
2018-06-21,57.714413,82723725,4774351196.79
2018-06-22,58.491235,81023725,4739177738.56
2018-06-25,57.633974,80073725,4614967018.39
2018-06-26,57.834174,78423725,4535571339.89
2018-06-27,57.639421,78323725,4514534126.4
2018-06-28,57.889692,77573725,4490719026.86
2018-06-29,58.057016,77423725,4494990459.75
2018-07-02,57.783113,77023725,4450670632.35
2018-07-03,57.609024,75273725,4336445806.01
2018-07-05,58.151848,74623725,4339507537.12
2018-07-06,58.44009,75473725,4410691315.45
2018-07-09,58.9861,75773725,4469596496.54
2018-07-10,59.4592,77273725,4594633861.67
2018-07-11,58.467307,79123725,4626151143.13
2018-07-12,58.61085,79323725,4649230964.2
2018-07-13,58.595486,79173725,4639222871.7
2018-07-16,58.129615,79623725,4628496442.14
2018-07-17,58.876028,78623725,4629052639.3
2018-07-18,58.90086,80973725,4769422007.48
2018-07-19,58.536696,81123725,4748714808.87
2018-07-20,58.300275,80373725,4685810286.54
2018-07-23,58.004528,80023725,4641738368.78
2018-07-24,58.738605,78073725,4585941720.58
2018-07-25,59.183285,78823725,4665047013.21
2018-07-26,59.512482,79523725,4732654272.45
2018-07-27,59.293338,79623725,4721156475.56
2018-07-30,59.168241,79123725,4681611667.83
2018-07-31,59.699592,79373725,4738579021.79
2018-08-01,59.11958,80223725,4742792888.24
2018-08-02,58.729543,80273725,4714439157.77
2018-08-03,59.264833,79223725,4695180808.64
2018-08-06,59.292573,79223725,4697378506.6
2018-08-07,59.439082,79223725,4708985459.13
2018-08-08,59.266789,80123725,4748675920.57
2018-08-09,59.549854,79373725,4726693705.03
2018-08-10,58.701355,79573725,4671085472.34
2018-08-13,58.110501,77923725,4528186692.83
2018-08-14,58.565448,77923725,4563637848.95
2018-08-15,57.645791,76923725,4434328988.12
2018-08-16,57.997278,76273725,4423668439.71
2018-08-17,58.417748,74973725,4379796204.55
2018-08-20,58.829653,74623725,4390087847.9
2018-08-21,59.058861,74623725,4407192179.9
2018-08-22,58.794548,74173725,4361010607.78
2018-08-23,58.385985,73623725,4298593674.12
2018-08-24,59.080418,73623725,4349720462.84
2018-08-27,59.924201,73523725,4405850453.09
2018-08-28,59.712825,74023725,4420165728.55
2018-08-29,60.140948,74023725,4451856973.05
2018-08-30,59.467307,74573725,4434698586.58
2018-08-31,59.316663,74373725,4411601178.92
2018-09-04,58.857922,78123725,4598200149.44
2018-09-05,59.219567,73423725,4348121186.71
2018-09-06,59.329575,73373725,4353231946.86
2018-09-07,59.00004,73373725,4329052684.45
2018-09-10,59.044804,73323725,4329384964.18
2018-09-11,59.157026,72473725,4287330032.53
2018-09-12,59.203922,77073725,4563066832.21
2018-09-13,59.4345,77473725,4604612091.43
2018-09-14,59.4217,74273725,4413471013.56
2018-09-17,59.606908,74623725,4448089488.42
2018-09-18,59.662227,74723725,4458183830.2
2018-09-19,60.332697,75923725,4580683076.84
2018-09-20,60.94834,76873725,4685325932.48
2018-09-21,60.542379,75773725,4587521582.98
2018-09-24,59.698583,78823725,4705664664.41
2018-09-25,59.408348,79523725,4724373147.06
2018-09-26,58.799881,81173725,4773005351.87
2018-09-27,58.268592,79273725,4619168348.55
2018-09-28,57.915826,82973725,4805491800.31
2018-10-01,58.507867,78523725,4594255664.45
2018-10-02,58.779139,78123725,4592045264.04
2018-10-03,58.322983,78123725,4556408723.07
2018-10-04,58.094098,77623725,4509480285.67
2018-10-05,57.622304,76773725,4423878889.62
2018-10-08,57.604481,76023725,4379307211.5
2018-10-09,55.670674,76023725,4232292009.69
2018-10-10,54.241872,73223725,3971791934.77
2018-10-11,53.599492,71723725,3844355243.09
2018-10-12,53.80522,71773725,3861801088.03
2018-10-15,53.569175,70873725,3796646998.14
2018-10-16,54.529142,71323725,3889221541.47
2018-10-17,54.081103,71823725,3884306245.76
2018-10-18,53.477662,71023725,3798182738.35
2018-10-19,53.141213,71273725,3787572225.44
2018-10-22,52.68519,71273725,3755069752.8
2018-10-23,52.117418,68273725,3558250235.13
2018-10-24,50.471085,68723725,3468560980.45
2018-10-25,51.173036,69123725,3537270890.71
2018-10-26,50.871647,67173725,3417238001.45
2018-10-29,50.706378,62573725,3172886958.75
2018-10-30,51.910391,67523725,3505182934.46
2018-10-31,52.600108,76923725,4046196206.94
2018-11-01,54.126551,77923725,4217742478.05
2018-11-02,53.964279,75473725,4072885181.02
2018-11-05,54.174987,75523725,4091496804.05
2018-11-06,55.025554,75873725,4174993771.55
2018-11-07,56.04145,76123725,4266083931.23
2018-11-08,55.754928,80023725,4461717038.13
2018-11-09,54.973692,79023725,4344225941.34
2018-11-12,54.157887,78723725,4263510617.36
2018-11-13,54.026662,76623725,4139724073.61
2018-11-14,53.922627,80723725,4352835275.03
2018-11-15,54.700092,76973725,4210469832.34
2018-11-16,55.19773,75623725,4174257939.73
2018-11-19,54.454206,75623725,4118029907.71
2018-11-20,53.451726,73323725,3919279661.83
2018-11-21,53.897196,73673725,3970807229.56
2018-11-23,53.302486,74073725,3948313658.48
2018-11-26,53.927053,74323725,4008059483.41
2018-11-27,53.25628,74223725,3952879476.54
2018-11-28,54.072628,74223725,4013471862.32
2018-11-29,54.437955,76073725,4141298004.68
2018-11-30,54.65103,73823725,4034542626.38
2018-12-03,55.57783,73873725,4105741303.67
2018-12-04,53.896697,73873725,3981549752.75
2018-12-06,53.183962,72223725,3841143817.32
2018-12-07,51.908922,72073725,3741269344.43
2018-12-10,52.055084,72073725,3751803796.61
2018-12-11,51.87144,72073725,3738567936.67
2018-12-12,52.333845,72073725,3771895130.34
2018-12-13,51.744597,72673725,3760472646.89
2018-12-14,51.369572,77423725,3977223604.54
2018-12-17,50.444399,71323725,3597882475.86
2018-12-18,50.717065,71023725,3602114861.49
2018-12-19,50.031344,71123725,3558415525.87
2018-12-20,49.391297,68773725,3396823511.48
2018-12-21,48.586681,65673725,3190868335.08
2018-12-24,47.300449,68823725,3255393102.64
2018-12-26,49.47427,69023725,3414898396.38
2018-12-27,50.401246,71073725,3582204302.12
2018-12-28,50.103543,72073725,3611148957.52
2018-12-31,50.526873,72073725,3641659919.8
2019-01-02,50.755978,71923725,3650559038.45
2019-01-03,49.360865,71723725,3540345081.18
2019-01-04,51.292051,71723725,3678856926.74
2019-01-07,51.453694,73523725,3783067257.1
2019-01-08,51.97695,73673725,3829335525.84
2019-01-09,52.019493,75123725,3907898072.5
2019-01-10,52.477296,75023725,3937042189.31
2019-01-11,52.273698,75223725,3932222264.26
2019-01-14,51.867427,74723725,3875727383.75
2019-01-15,51.554135,72123725,3718276227.85
2019-01-16,51.758621,74023725,3831365955.66
2019-01-17,52.626874,76923725,4048255179.36
2019-01-18,53.488456,77223725,4130577849.09
2019-01-22,52.76026,76773725,4050601717.83
2019-01-23,52.415853,75673725,3966502865.96
2019-01-24,52.122228,74623725,3889554786.02
2019-01-25,53.126184,73473725,3903378597.95
2019-01-28,53.074227,73473725,3899561188.52
2019-01-29,53.604538,73473725,3938525054.17
2019-01-30,54.149937,73623725,3986720101.55
2019-01-31,53.29905,72873725,3884100292.79
2019-02-01,53.547155,73623725,3942341047.27
2019-02-04,53.425601,74823725,3997502499.5
2019-02-05,53.850632,74823725,4029304868.25
2019-02-06,53.484318,74573725,3988524793.19
2019-02-07,52.742682,74073725,3906846955.72
2019-02-08,52.711824,74023725,3901925570.43
2019-02-11,52.805578,73423725,3877182258.24
2019-02-12,53.979177,73573725,3971449096.57
2019-02-13,54.040736,78223725,4227267658.34
2019-02-14,53.760139,78873725,4240262396.23
2019-02-15,54.487402,79123725,4311246179.23
2019-02-19,54.810716,76773725,4208022812.37
2019-02-20,55.758123,75623725,4216636929.31
2019-02-21,55.542632,73073725,4058707030.8
2019-02-22,55.776134,75973725,4237520664.72
2019-02-25,56.142708,77023725,4324320507.37
2019-02-26,55.809891,77123725,4304266681.79
2019-02-27,55.736461,77823725,4337619025.13
2019-02-28,55.039782,78023725,4294408839.56
2019-03-01,54.979926,78873725,4336471598.12
2019-03-04,55.224415,80923725,4468965412.79
2019-03-05,54.956612,80873725,4444545919.74
2019-03-06,55.077315,80323725,4424015138.71
2019-03-07,54.638949,79473725,4342360831.06
2019-03-08,54.744547,79473725,4350753034.58
2019-03-11,55.508095,78473725,4355926968.33
2019-03-12,55.703514,78723725,4385188146.88
2019-03-13,55.993398,80223725,4491998945.65
2019-03-14,55.55721,85323725,4740348084.63
2019-03-15,55.424935,79973725,4432538489.89
2019-03-18,55.52446,79973725,4440497913.61
2019-03-19,55.444207,79973725,4434079757.81
2019-03-20,55.415929,80123725,4440130655.96
2019-03-21,55.995513,77873725,4360579190.17
2019-03-22,54.32516,77873725,4230502543.97
2019-03-25,54.235519,76473725,4147592141.32
2019-03-26,54.55262,76173725,4155476257.02
2019-03-27,54.497425,76023725,4143097265.89
2019-03-28,55.030658,74473725,4098338109.89
2019-03-29,55.472569,74273725,4120154303.13
2019-04-01,56.310356,73973725,4165486810.03
2019-04-02,56.531243,74323725,4201612548.55
2019-04-03,57.279427,74323725,4257220353.59
2019-04-04,57.854398,74673725,4320203396.23
2019-04-05,57.820518,74173725,4288763182.7
2019-04-08,57.851899,72773725,4210098190.53
2019-04-09,57.397471,72873725,4182767546.91
2019-04-10,57.380183,73223725,4201590751.31
2019-04-11,57.347283,72523725,4159038548.07
2019-04-12,58.114789,72523725,4214701006.03
2019-04-15,57.841946,71773725,4151531916.38
2019-04-16,58.105145,71673725,4164612181.19
2019-04-17,57.757516,70823725,4090602450.63
2019-04-18,57.80981,71923725,4157896861.45
2019-04-22,57.418946,72423725,4158493970.51
2019-04-23,57.662291,71823725,4141520500.64
2019-04-24,57.336405,69723725,3997707760.45
2019-04-25,56.594592,70473725,3988431694.69
2019-04-26,57.06231,70473725,4021393541.56
2019-04-29,56.963196,70673725,4025801245.88
2019-04-30,57.459651,70223725,4035030724.55
2019-05-01,56.404321,70473725,3975022600.58
2019-05-02,56.122081,71623725,4019672519.76
2019-05-03,56.680225,69323725,3929284364.48
2019-05-06,55.89667,68823725,3847017012.01
2019-05-07,54.883475,63873725,3505611970.99
2019-05-08,54.827313,63373725,3474611087.6
2019-05-09,54.407443,63223725,3439841219.02
2019-05-10,55.103081,63223725,3483822020.65
2019-05-13,53.906406,61873725,3335390147.45
2019-05-14,54.348993,61223725,3327447815.57
2019-05-15,54.224979,60473725,3279186484.67
2019-05-16,54.954468,60173725,3306815068.25
2019-05-17,54.671779,60123725,3287070991.36
2019-05-20,53.883296,60123725,3239664466.08
2019-05-21,54.692435,60773725,3323862999.98
2019-05-22,54.326527,60373725,3279894824.72
2019-05-23,53.494322,58873725,3149410026.42
2019-05-24,53.778797,59873725,3219936925.39
2019-05-28,53.287894,59873725,3190544702.68
2019-05-29,53.256776,59673725,3178030209.0
2019-05-30,53.367504,59073725,3152617227.97
2019-05-31,52.762426,59073725,3116873049.82
2019-06-03,54.560003,59323725,3236702591.64
2019-06-04,56.067702,60173725,3373802464.79
2019-06-05,56.498552,63123725,3566399065.34
2019-06-06,57.118704,59423725,3394206185.38
2019-06-07,57.537886,65523725,3770096606.09
2019-06-10,57.627759,66173725,3813443490.34
2019-06-11,57.590309,70523725,4061483088.16
2019-06-12,57.766999,71573725,4134599323.84
2019-06-13,58.105534,72123725,4190787540.75
2019-06-14,57.84522,73373725,4244319270.66
2019-06-17,57.319616,73673725,4222949607.9
2019-06-18,57.765663,73173725,4226928766.17
2019-06-19,57.498798,71073725,4086653776.95
2019-06-20,58.188227,71923725,4185114070.78
2019-06-21,57.667776,70823725,4084246732.43
2019-06-24,57.909724,70273725,4069532001.21
2019-06-25,57.908643,70873725,4104201239.89
2019-06-26,57.79548,72373725,4182874169.45
2019-06-27,58.0079,70623725,4096733949.52
2019-06-28,58.553778,73173725,4284598017.36
2019-07-01,58.946782,72973725,4301566277.54
2019-07-02,58.873746,73573725,4331560823.77
2019-07-03,59.177679,73373725,4342086744.3
2019-07-05,58.861536,73373725,4318890130.16
2019-07-08,58.24298,73373725,4273504409.36
2019-07-09,57.655451,76173725,4391830442.88
2019-07-10,57.548925,77523725,4461407001.01
2019-07-11,57.793632,79123725,4572847479.08
2019-07-12,58.370042,80873725,4720602701.28
2019-07-15,58.459968,80823725,4724952405.23
2019-07-16,58.548679,79073725,4629662159.11
2019-07-17,58.033739,77973725,4525106830.41
2019-07-18,58.283076,78073725,4550376864.29
2019-07-19,58.435623,78073725,4562286746.68
2019-07-22,58.290905,77673725,4527671741.17
2019-07-23,59.433303,76673725,4556972740.7
2019-07-24,59.422189,76673725,4556120587.36
2019-07-25,58.990722,76823725,4531886996.02
2019-07-26,59.036092,76673725,4526517048.58
2019-07-29,58.852233,76973725,4530075562.81
2019-07-30,59.228756,79523725,4710091264.53
2019-07-31,58.34144,76773725,4479089654.47
2019-08-01,58.031664,77073725,4472716545.11
2019-08-02,57.341489,76973725,4413788006.64
2019-08-05,56.294644,76823725,4324764233.64
2019-08-06,56.342517,76073725,4286185174.95
2019-08-07,57.084826,74173725,4234194204.11
2019-08-08,58.156317,69873725,4063598514.56
2019-08-09,57.752669,74323725,4292393460.48
2019-08-12,56.815913,74423725,4228451886.68
2019-08-13,57.474768,68923725,3961375099.05
2019-08-14,55.650084,77423725,4308636816.18
2019-08-15,55.658421,73523725,4092214461.48
2019-08-16,56.63071,72973725,4132553840.71
2019-08-19,57.057649,72623725,4143739018.13
2019-08-20,56.395643,72973725,4115400176.01
2019-08-21,56.692525,73323725,4156907088.26
2019-08-22,56.311309,76123725,4286626563.94
2019-08-23,54.943699,78823725,4330866991.89
2019-08-26,55.107239,78023725,4299672057.5
2019-08-27,55.153446,78023725,4303277294.62
2019-08-28,55.617854,77273725,4297798772.59
2019-08-29,56.310026,76723725,4320314986.19
2019-08-30,56.7328,76723725,4352751754.07
2019-09-03,56.270341,76023725,4277880938.6
2019-09-04,56.872781,75973725,4320837011.46
2019-09-05,56.982233,75723725,4314906913.81
2019-09-06,57.257178,75323725,4312823903.93
2019-09-09,56.956951,74823725,4261731221.03
2019-09-10,57.51753,74823725,4303675872.31
2019-09-11,58.079866,74923725,4351559916.88
2019-09-12,58.507857,72923725,4266610888.35
2019-09-13,59.167937,72223725,4273328834.68
2019-09-16,58.200349,72323725,4209266059.59
2019-09-17,58.625697,73473725,4307448375.62
2019-09-18,58.678286,73473725,4311312281.71
2019-09-19,58.763858,73823725,4338166877.38
2019-09-20,58.369748,73323725,4279887378.83
2019-09-23,58.227864,72923725,4246192718.9
2019-09-24,57.666723,72873725,4202388902.08
2019-09-25,57.988335,74373725,4312808477.55
2019-09-26,57.877272,74223725,4295866706.81
2019-09-27,57.731887,73173725,4224457223.5
2019-09-30,58.173016,72973725,4245101675.71
2019-10-01,56.842087,72223725,4105347231.32
2019-10-02,55.773244,70573725,3936125617.21
2019-10-03,56.008852,70173725,3930349782.82
2019-10-04,56.299073,70073725,3945085788.74
2019-10-07,56.122533,62023725,3480928536.34
2019-10-08,55.155829,58223725,3211377845.4
2019-10-09,55.724055,58973725,3286255094.96
2019-10-10,56.267299,58573725,3295785292.67
2019-10-11,57.348471,58573725,3359113586.97
2019-10-14,56.917491,59273725,3373711712.69
2019-10-15,57.301591,59223725,3393613656.07
2019-10-16,57.474043,58573725,3366468775.93
2019-10-17,57.578105,59173725,3407110955.06
2019-10-18,57.516766,59173725,3403481286.31
2019-10-21,57.326967,59273725,3397982883.59
2019-10-22,57.098803,58723725,3353054426.4
2019-10-23,57.471641,58473725,3360580907.0
2019-10-24,57.655883,58323725,3362705847.81
2019-10-25,58.259711,58323725,3397923336.64
2019-10-28,58.422284,58473725,3416168544.79
2019-10-29,58.812114,58473725,3438963359.57
2019-10-30,58.809348,58323725,3429980250.41
2019-10-31,58.155825,58523725,3403495519.32
2019-11-01,58.994238,59873725,3532204795.13
2019-11-04,59.447825,59873725,3559362696.5
2019-11-05,59.60686,61023725,3637432661.19
2019-11-06,59.549002,61023725,3633901916.18
2019-11-07,59.924847,60623725,3632867448.88
2019-11-08,60.17172,60623725,3647833823.75
2019-11-11,60.102863,60723725,3649669715.93
2019-11-12,60.357211,60223725,3634936063.17
2019-11-13,60.075793,59973725,3602969102.03
2019-11-14,60.401428,58173725,3513776048.35
2019-11-15,60.346687,58023725,3501539592.05
2019-11-18,60.228559,57823725,3482639633.79
2019-11-19,60.041973,57823725,3471850536.55
2019-11-20,59.330612,57523725,3412917825.87
2019-11-21,59.246937,57073725,3381443395.56
2019-11-22,59.338192,57073725,3386651656.05
2019-11-25,59.707389,56823725,3392796275.13
2019-11-26,60.036564,57123725,3429512189.58
2019-11-27,60.235491,59423725,3579417247.19
2019-11-29,59.994643,58723725,3523108912.18
2019-12-02,59.467746,58273725,3465407070.04
2019-12-03,59.079555,58973725,3484141432.14
2019-12-04,59.064133,58423725,3450746635.51
2019-12-05,59.45792,58223725,3461861576.63
2019-12-06,60.058194,57473725,3451768144.46
2019-12-09,59.982432,59523725,3570377803.7
2019-12-10,59.625212,59523725,3549114726.96
2019-12-11,60.04974,60173725,3613416534.81
2019-12-12,60.907816,60173725,3665050158.24
2019-12-13,60.425697,61273725,3702507530.22
2019-12-16,60.711909,61273725,3720044790.1
2019-12-17,60.823859,61723725,3754275165.28
2019-12-18,60.679956,63473725,3851582862.96
2019-12-19,60.88399,63423725,3861489427.62
2019-12-20,60.823423,63523725,3863730427.18
2019-12-23,61.070837,63723725,3891661240.59
2019-12-24,61.110438,64723725,3955295205.33
2019-12-26,61.3651,64723725,3971777838.25
2019-12-27,61.207903,63673725,3897335201.23
2019-12-30,60.972483,60223725,3671990040.72
2019-12-31,61.457209,62123725,3817950757.68
2020-01-02,60.693845,60373725,3664313534.47
2020-01-03,59.708075,59773725,3568974042.15
2020-01-06,59.436053,58773725,3493278222.03
2020-01-07,59.310569,59373725,3521489439.96
2020-01-08,59.61,66023725,3935674240.73
2020-01-09,59.809004,67323725,4026564933.92
2020-01-10,59.550609,67323725,4009168820.75
2020-01-13,60.36104,68223725,4118054975.78
2020-01-14,60.132779,68823725,4138561841.49
2020-01-15,60.513093,68773725,4161710822.76
2020-01-16,60.861587,69573725,4234367282.82
2020-01-17,61.159222,68623725,4196973662.43
2020-01-21,60.502774,68623725,4151925747.71
2020-01-22,60.265452,68623725,4135639802.04
2020-01-23,60.182736,68523725,4123945255.93
2020-01-24,59.761923,68373725,4086145287.97
2020-01-27,58.502444,68373725,4000030037.22
2020-01-28,59.078225,68273725,4033490508.95
2020-01-29,59.291213,68273725,4048031961.04
2020-01-30,58.941898,68173725,4018288758.44
2020-01-31,57.636541,67473725,3888952114.76
2020-02-03,58.866981,68973725,4060274935.44
2020-02-04,59.904848,71273725,4269641680.67
2020-02-05,61.025624,69723725,4254933853.02
2020-02-06,60.973932,72673725,4431202740.3
2020-02-07,60.081977,72973725,4384405694.36
2020-02-10,60.087649,71773725,4312714363.62
2020-02-11,60.398852,71773725,4335050566.88
2020-02-12,60.718548,72173725,4382283806.19
2020-02-13,60.500005,73473725,4445160694.83
2020-02-14,60.538953,72373725,4381429554.28
2020-02-18,60.391391,72373725,4370749946.93
2020-02-19,60.507766,70373725,4258156911.63
2020-02-20,60.607108,67123725,4068174826.98
2020-02-21,60.357347,67123725,4051409948.44
2020-02-24,58.62256,67173725,3937895730.31
2020-02-25,56.104831,66823725,3749133796.21
2020-02-26,55.909268,65223725,3646610706.83
2020-02-27,53.380736,63673725,3398950295.23
2020-02-28,52.788429,61873725,3266216755.44
2020-03-02,54.973148,59573725,3274955208.22
2020-03-03,54.561882,60923725,3324113109.89
2020-03-04,56.752428,62973725,3573911810.08
2020-03-05,54.965872,65373725,3593323817.24
2020-03-06,53.521533,64273725,3440028264.19
2020-03-09,48.591991,64523725,3135336247.56
2020-03-10,50.49892,62723725,3167480374.72
2020-03-11,48.10266,62623725,3012367759.23
2020-03-12,43.491822,63573725,2764937138.1
2020-03-13,46.534893,61173725,2846712723.76
2020-03-16,41.21655,61373725,2529613208.8
2020-03-17,43.933399,60423725,2654619641.3
2020-03-18,41.23991,60023725,2475373039.47
2020-03-19,42.158224,61473725,2591623038.17
2020-03-20,40.674759,60373725,2455686695.11
2020-03-23,38.403153,59123725,2270537476.01
2020-03-24,42.857113,59373725,2544586427.5
2020-03-25,43.814362,57973725,2540081784.13
2020-03-26,45.983017,56873725,2615225486.48
2020-03-27,44.234816,54673725,2418482190.39
2020-03-30,45.693495,50173725,2292612852.04
2020-03-31,45.062127,49773725,2242909897.88
2020-04-01,42.997656,48823725,2099305713.78
2020-04-02,43.640378,47773725,2084863426.19
2020-04-03,42.623555,48273725,2057597764.37
2020-04-06,45.850889,46823725,2146909432.7
2020-04-07,46.951571,47073725,2210185355.62
2020-04-08,49.295342,47273725,2330374450.91
2020-04-09,51.395938,55173725,2835705332.53
2020-04-13,50.308425,77273725,3887519395.85
2020-04-14,50.887589,84523725,4301208576.69
2020-04-15,48.599468,83223725,4044628731.98
2020-04-16,48.333883,83623725,4041859341.49
2020-04-17,50.304448,83623725,4206645366.52
2020-04-20,49.013082,83073725,4071699324.85
2020-04-21,47.798253,82473725,3942099991.11
2020-04-22,48.812324,82773725,4040377847.66
2020-04-23,49.07034,82523725,4049467238.99
2020-04-24,49.84232,82223725,4098221237.65
2020-04-27,51.153596,82223725,4206039183.3
2020-04-28,52.144499,83123725,4334445004.84
2020-04-29,53.481174,83473725,4464272782.57
2020-04-30,51.898176,83523725,4334728954.34
2020-05-01,50.775499,83473725,4238420062.3
2020-05-04,50.981164,83873725,4275980141.48
2020-05-05,51.133198,83523725,4270835180.56
2020-05-06,50.200662,83423725,4187926217.75
2020-05-07,51.270902,83973725,4305408610.65
2020-05-08,52.503222,84273725,4424642061.04
2020-05-11,51.706443,84173725,4352323912.31
2020-05-12,50.897995,85373725,4345351396.44
2020-05-13,49.789482,85623725,4263160925.58
2020-05-14,50.411271,85623725,4316400820.73
2020-05-15,50.894066,85273725,4339926629.29
2020-05-18,53.218212,84773725,4511506045.8
2020-05-19,52.68504,84773725,4466307117.59
2020-05-20,53.540695,85423725,4573645584.27
2020-05-21,53.019872,85123725,4513249024.5
2020-05-22,52.92759,85573725,4529211037.28
2020-05-26,54.35722,86023725,4676010572.1
2020-05-27,54.938692,86173725,4734271708.87
2020-05-28,55.448225,87123725,4830855875.3
2020-05-29,55.499757,87123725,4835345563.61
2020-06-01,55.803489,86773725,4842276576.1
2020-06-02,56.830233,86473725,4914321898.46
2020-06-03,58.138547,86373725,5021642895.3
2020-06-04,58.346664,86923725,5071709375.23
2020-06-05,59.824009,86773725,5191152062.34
2020-06-08,59.879896,87323725,5228935563.16
2020-06-09,59.17804,88023725,5209071488.45
2020-06-10,58.527906,89973725,5265973677.87
2020-06-11,54.01391,89673725,4843628508.19
2020-06-12,55.073958,71473725,3936340942.3
2020-06-15,55.591771,70073725,3895522507.09
2020-06-16,56.757821,70623725,4008448771.72
2020-06-17,56.329261,70673725,3980998727.94
2020-06-18,56.354053,70523725,3974297741.78
2020-06-19,56.176006,70123725,3939270800.78
2020-06-22,56.083673,68723725,3854278919.47
2020-06-23,56.204945,69273725,3893525888.92
2020-06-24,54.557176,69123725,3771195256.42
2020-06-25,55.243798,68673725,3793797424.64
2020-06-26,54.488753,68673725,3741945627.86
2020-06-29,55.545904,69023725,3833985206.97
2020-06-30,56.369139,69023725,3890807930.0
2020-07-01,56.491785,68773725,3885150468.73
2020-07-02,57.531511,69873725,4019940955.66
2020-07-06,58.374609,70023725,4087607588.16
2020-07-07,58.37084,70923725,4139877407.5
2020-07-08,57.524814,71523725,4114389008.92
2020-07-09,56.996896,60273725,3435415254.35
2020-07-10,57.988309,52973725,3071856757.64
2020-07-13,57.980361,52423725,3039546507.85
2020-07-14,59.450641,51723725,3075008627.33
2020-07-15,60.434309,52473725,3171213301.27
2020-07-16,60.651846,52823725,3203856458.35
2020-07-17,61.136315,53123725,3247788809.97
2020-07-20,60.643418,53923725,3270118991.95
2020-07-21,61.154919,54123725,3309932010.23
2020-07-22,61.833615,53623725,3315748786.5
2020-07-23,61.65939,54673725,3371148507.99
2020-07-24,61.475219,54673725,3361079243.36
2020-07-27,62.335837,55573725,3464234640.18
2020-07-28,60.979439,55573725,3388854553.51
2020-07-29,61.483317,55773725,3429153627.68
2020-07-30,60.303549,56073725,3381444627.16
2020-07-31,60.370402,55873725,3373119252.3
2020-08-03,60.009512,57923725,3475974485.27
2020-08-04,60.804815,57823725,3515960915.66
2020-08-05,61.724245,57423725,3544436094.92
2020-08-06,61.452528,56123725,3448944787.2
2020-08-07,61.683629,55023725,3394063048.99
2020-08-10,62.279302,54323725,3383243652.81
2020-08-11,62.183649,54423725,3384265823.99
2020-08-12,62.557075,54573725,3413972611.7
2020-08-13,62.540975,54923725,3434983286.61
2020-08-14,62.639406,52873725,3311978726.93
2020-08-17,62.884943,54573725,3431865577.06
2020-08-18,62.667828,53823725,3373015917.98
2020-08-19,62.478462,53823725,3362823574.15
2020-08-20,62.222382,53823725,3349040368.45
2020-08-21,61.898901,53823725,3331629404.68
2020-08-24,62.945455,53923725,3394253379.38
2020-08-25,62.750091,54373725,3411956195.71
2020-08-26,63.351336,54373725,3444648149.18
2020-08-27,63.209874,54423725,3440116784.51
2020-08-28,63.972635,54573725,3491224977.45
2020-08-31,63.039416,54073725,3408776040.25
2020-09-01,64.770723,54023725,3499155738.14
2020-09-02,66.276484,54823725,3633523735.27
2020-09-03,64.456748,57273725,3691678079.5
2020-09-04,64.534534,57923725,3738080590.82
2020-09-08,63.208088,58973725,3727616401.01
2020-09-09,64.848747,58623725,3801675115.26
2020-09-10,64.241486,58973725,3788559735.41
2020-09-11,65.077556,59523725,3873658565.88
2020-09-14,66.000153,59623725,3935174951.65
2020-09-15,66.314446,60623725,4020228723.45
2020-09-16,66.365774,60973725,4046568428.29
2020-09-17,66.87535,61773725,4131139507.19
2020-09-18,65.735332,62073725,4080436893.49
2020-09-21,63.211763,63773725,4031249559.58
2020-09-22,63.352392,63973725,4052888505.72
2020-09-23,61.495636,63473725,3903357093.12
2020-09-24,61.936258,64573725,3999454896.63
2020-09-25,62.44233,62173725,3882272241.22
2020-09-28,63.433274,61873725,3924852925.7
2020-09-29,63.0013,61673725,3885524837.96
2020-09-30,63.615516,61523725,3913863497.38
2020-10-01,62.739704,61573725,3863117269.47
2020-10-02,63.25654,62773725,3970848650.78
2020-10-05,64.474936,64423725,4153715556.51
2020-10-06,63.656748,64573725,4110553322.04
2020-10-07,65.33186,65973725,4310186187.91
2020-10-08,66.014495,67923725,4483950382.32
2020-10-09,66.499235,67973725,4520200688.79
2020-10-12,66.412491,67473725,4481098142.17
2020-10-13,65.787715,66773725,4392890799.24
2020-10-14,66.010993,66673725,4401198766.76
2020-10-15,65.831843,66673725,4389254198.89
2020-10-16,66.253544,66173725,4384243795.5
2020-10-19,65.466397,64223725,4204495891.2
2020-10-20,65.631492,66073725,4336517176.88
2020-10-21,65.429235,65973725,4316610379.78
2020-10-22,65.722776,66573725,4375410036.99
2020-10-23,65.963097,66873725,4411198032.96
2020-10-26,64.343865,66573725,4283610792.25
2020-10-27,63.724896,64823725,4130885141.94
2020-10-28,61.895078,64773725,4009174769.35
2020-10-29,63.233238,65123725,4117983986.71
2020-10-30,63.158146,65223725,4119409567.99
2020-11-02,65.291967,64823725,4232468525.97
2020-11-03,66.300718,64823725,4297859500.71
2020-11-04,65.205605,64873725,4230130493.76
2020-11-05,67.842814,64173725,4353726113.63
2020-11-06,67.967239,63923725,4344719097.83
2020-11-09,69.48226,64373725,4472831875.35
2020-11-10,70.280481,67473725,4742085876.12
2020-11-11,69.343744,67273725,4665011981.79
2020-11-12,67.853206,68723725,4663125072.48
2020-11-13,68.986922,68723725,4741038241.05
2020-11-16,70.370458,68973725,4853712601.74
2020-11-17,70.095687,70573725,4946913705.45
2020-11-18,69.524905,71873725,4997013868.48
2020-11-19,69.824528,72423725,5056952449.53
2020-11-20,69.726847,72573725,5060337047.62
2020-11-23,70.340733,73423725,5164678670.36
2020-11-24,72.095851,73623725,5307965120.74
2020-11-25,71.32448,74323725,5301101072.4
2020-11-27,71.694647,76323725,5472002549.95
2020-11-30,71.057647,74573725,5299033430.68
2020-12-01,71.795566,74573725,5354062802.41
2020-12-02,70.848513,74123725,5251555676.92
2020-12-03,70.365281,72973725,5134816664.6
2020-12-04,71.78076,70623725,5069424653.15
2020-12-07,71.28692,70973725,5059498231.76
2020-12-08,71.704663,69973725,5017442385.62
2020-12-09,71.756764,69973725,5021088092.95
2020-12-10,71.283556,72673725,5180441518.32
2020-12-11,70.911441,73023725,5178217566.63
2020-12-14,69.983699,72373725,5064981017.85
2020-12-15,71.279552,72173725,5144510800.04
2020-12-16,71.051728,72623725,5160041122.74
2020-12-17,71.882453,72623725,5220371502.03
2020-12-18,72.227984,71273725,5147957481.87
2020-12-21,71.451928,72073725,5149806613.51
2020-12-22,71.049238,72073725,5120783214.1
2020-12-23,71.104731,73173725,5202998016.21
2020-12-24,71.5195,72673725,5197588496.19
2020-12-28,71.263706,72673725,5178998949.26
2020-12-29,71.110917,72673725,5167895203.21
2020-12-30,72.07771,71873725,5180493521.62
2020-12-31,72.394131,71673725,5188757033.17
2021-01-04,71.657384,71623725,5132368754.72
2021-01-05,73.300831,70723725,5184107846.29
2021-01-06,76.290589,74273725,5666386210.54
2021-01-07,76.891668,80773725,6210826408.49
2021-01-08,76.501908,81573725,6240545631.45
2021-01-11,76.501583,82973725,6347621351.25
2021-01-12,77.522264,83473725,6471072124.24
2021-01-13,76.703266,84673725,6494751233.36
2021-01-14,76.414902,85623725,6542928575.03
2021-01-15,75.306332,85923725,6470600590.11
2021-01-19,75.603277,87573725,6620860558.13
2021-01-20,75.866727,88373725,6704625304.18
2021-01-21,74.728685,88373725,6604052251.79
2021-01-22,74.411087,88173725,6561102766.02
2021-01-25,74.004895,87923725,6506786003.7
2021-01-26,72.974546,85173725,6215513872.88
2021-01-27,70.790511,85073725,6022412503.57
2021-01-28,72.079704,85423725,6157316808.96
2021-01-29,70.684308,84673725,5985103669.75
2021-02-01,71.504442,84573725,6047397031.72
2021-02-02,72.431114,89223725,6462573817.61
2021-02-03,72.697349,89223725,6486328258.1
2021-02-04,72.300461,90023725,6508756774.64
2021-02-05,73.53285,84273725,6196887180.85
2021-02-08,74.138168,84073725,6233071930.91
2021-02-09,73.627293,86273725,6352100859.12
2021-02-10,73.480695,85723725,6299038931.95
2021-02-11,73.585757,83823725,6168232229.43
2021-02-12,74.341498,83373725,6198127607.38
2021-02-16,74.202494,83373725,6186538305.5
2021-02-17,74.156228,83373725,6182680965.94
2021-02-18,73.708322,82823725,6104797772.92
2021-02-19,75.059159,82373725,6182902550.48
2021-02-22,75.33168,83773725,6310815439.91
2021-02-23,75.592807,84873725,6415843111.01
2021-02-24,76.279504,86523725,6599986867.94
2021-02-25,74.502438,89873725,6695811602.28
2021-02-26,73.554186,92423725,6798151841.71
2021-03-01,75.413205,88273725,6657004514.67
2021-03-02,75.843974,87823725,6660900296.05
2021-03-03,75.095644,87773725,6591424410.44
2021-03-04,73.59987,87573725,6445414778.79
2021-03-05,75.34752,86823725,6541952339.53
2021-03-08,76.315599,86873725,6629820373.71
2021-03-09,76.816448,85173725,6542743048.04
2021-03-10,78.065373,85073725,6641312046.3
2021-03-11,78.498753,86123725,6760605034.1
2021-03-12,78.65871,86323725,6790112857.11
2021-03-15,78.80159,85973725,6774866225.51
2021-03-16,78.106758,85973725,6715128947.4
2021-03-17,78.798813,84873725,6687948817.53
2021-03-18,78.38319,84873725,6652673285.59
2021-03-19,78.011315,84873725,6621110889.01
2021-03-22,77.723551,84623725,6577256382.69
2021-03-23,76.087923,85223725,6484496198.4
2021-03-24,76.616566,84773725,6495071698.79
2021-03-25,77.731507,84873725,6597362536.02
2021-03-26,79.663417,85873725,6840994396.18
2021-03-29,79.388975,86023725,6829335331.01
2021-03-30,79.153997,86973725,6884318003.39
2021-03-31,78.78276,87973725,6930812875.44
2021-04-01,79.50018,87773725,6978026942.09
2021-04-05,80.466994,88823725,7147378116.29
2021-04-06,80.655025,89673725,7232636563.63
2021-04-07,79.243715,93423725,7403243074.59
2021-04-08,79.369514,94073725,7466585876.06
2021-04-09,80.03777,94023725,7525449248.1
2021-04-12,80.301247,95223725,7646583904.4
2021-04-13,80.130453,95473725,7650352837.46
2021-04-14,80.664153,95723725,7721473186.03
2021-04-15,81.654964,96323725,7865310268.14
2021-04-16,82.617139,96723725,7991037406.0
2021-04-19,82.259833,96723725,7956477464.18
2021-04-20,81.474463,97023725,7904955887.66
2021-04-21,82.995649,96873725,8040097676.68
2021-04-22,81.552992,97173725,7924808064.84
2021-04-23,82.938886,97523725,8088509103.22
2021-04-26,83.362226,97723725,8146467205.6
2021-04-27,83.188915,96723725,8046341749.09
2021-04-28,83.367964,97173725,8101175652.75
2021-04-29,83.907655,96573725,8103274786.34
2021-04-30,83.004972,96823725,8036850556.31
2021-05-03,84.257578,97273725,8196048474.52
2021-05-04,85.150839,97923725,8338287326.5
2021-05-05,86.266966,100823725,8697756851.64
2021-05-06,87.037714,100373725,8736299535.34
2021-05-07,87.856509,100473725,8827270692.21
2021-05-10,87.482304,101073725,8842162379.44
2021-05-11,87.784333,102773725,9021922911.01
2021-05-12,85.546945,104223725,8916021304.98
2021-05-13,86.863345,105023725,9122712052.76
2021-05-14,87.886394,105723725,9291676917.22
2021-05-17,88.651755,106473725,9439082554.97
2021-05-18,87.679624,107723725,9445175753.08
2021-05-19,86.326784,108723725,9385769517.05
2021-05-20,86.376707,109073725,9421429188.76
2021-05-21,86.611728,108973725,9438402632.12
2021-05-24,87.333792,109723725,9582589012.92
2021-05-25,86.585973,109973725,9522181979.98
2021-05-26,86.651739,110623725,9585738165.41
2021-05-27,87.36658,114223725,9979336179.7
2021-05-28,87.235915,112123725,9781215698.39
2021-06-01,88.459018,111573725,9869702195.44
2021-06-02,87.717039,111123725,9747444173.85
2021-06-03,87.723527,111373725,9770096017.43
2021-06-04,87.903909,112423725,9882484862.51
2021-06-07,86.821757,114023725,9899740187.08
2021-06-08,86.975256,114773725,9982474100.95
2021-06-09,86.311468,115223725,9945128871.79
2021-06-10,85.81508,117123725,10050981879.64
2021-06-11,86.13291,117373725,10109740465.59
2021-06-14,85.055832,117373725,9983319814.45
2021-06-15,84.898612,117373725,9964866389.97
2021-06-16,83.908685,118023725,9903215567.16
2021-06-17,82.095991,118873725,9759056202.53
2021-06-18,80.771049,117523725,9492514608.93
2021-06-21,82.087703,116773725,9585686850.44
2021-06-22,82.366095,117073725,9642905587.97
2021-06-23,81.860267,117073725,9583686382.46
2021-06-24,82.103604,116373725,9554702250.45
2021-06-25,82.132563,116523725,9570392203.51
2021-06-28,82.11515,113623725,9330229213.37
2021-06-29,82.097532,112823725,9262549346.17
2021-06-30,82.325375,116623725,9601091916.79
2021-07-01,82.782496,113023725,9356386104.3
2021-07-02,82.84812,112823725,9347233522.21
2021-07-06,81.664177,111423725,9099326791.45
2021-07-07,82.494498,111023725,9158846466.74
2021-07-08,81.377787,110823725,9018589519.9
2021-07-09,83.004422,110323725,9157357011.12
2021-07-12,83.22209,110323725,9181370958.17
2021-07-13,82.433957,111223725,9168611750.98
2021-07-14,82.288897,108823725,8954984278.56
2021-07-15,82.324994,108373725,8921866235.9
2021-07-16,81.073936,108373725,8786284424.64
2021-07-19,79.316762,107423725,8520502067.17
2021-07-20,80.268697,107423725,8622762412.18
2021-07-21,81.139783,105673725,8574343147.76
2021-07-22,81.15764,105873725,8592461663.43
2021-07-23,81.720609,105623725,8631635140.79
2021-07-26,82.42503,105673725,8710159944.51
2021-07-27,82.540904,105473725,8705896649.05
2021-07-28,82.755328,105373725,8720237172.86
2021-07-29,83.66091,105023725,8786380376.99
2021-07-30,84.000705,104873725,8809466828.26
2021-08-02,83.020241,103773725,8615319650.34
2021-08-03,83.856033,103023725,8639160852.81
2021-08-04,83.03207,102523725,8512757136.89
2021-08-05,82.917234,102473725,8496837876.35
2021-08-06,84.13811,99823725,8398979520.31
2021-08-09,84.056155,99873725,8395001348.3
2021-08-10,85.300936,99873725,8519322198.78
2021-08-11,86.509763,100223725,8670330666.46
2021-08-12,86.363739,102973725,8893195902.57
2021-08-13,86.450992,103073725,8910825783.42
2021-08-16,86.025798,103073725,8866999397.94
2021-08-17,84.994771,103323725,8781976362.89
2021-08-18,84.032487,102873725,8644734919.32
2021-08-19,83.264482,101923725,8486626176.28
2021-08-20,83.792722,101923725,8540466337.67
2021-08-23,84.49568,100223725,8468471773.13
2021-08-24,85.054603,99773725,8486214549.48
2021-08-25,85.410488,99573725,8504640456.62
2021-08-26,84.824478,99973725,8480219086.76
2021-08-27,85.963825,99973725,8594123845.4
2021-08-30,85.860815,102423725,8794184534.17
2021-08-31,85.613189,100023725,8563350050.38
2021-09-01,85.379947,100023725,8540020365.24
2021-09-02,85.941309,99673725,8566090393.82
2021-09-03,85.344595,99523725,8493812034.08
2021-09-07,84.803316,94323725,7998964653.6
2021-09-08,83.983007,95273725,8001373949.66
2021-09-09,84.041732,94373725,7931331335.16
2021-09-10,83.998368,94373725,7927238918.26
2021-09-13,83.991145,95773725,8044144782.5
2021-09-14,83.029854,95473725,7927169407.54
2021-09-15,83.935196,95123725,7984228504.2
2021-09-16,83.02993,95273725,7910570740.64
2021-09-17,81.330559,94773725,7708000071.1
2021-09-20,79.406982,94423725,7497903002.67
2021-09-21,79.26666,94823725,7516359985.21
2021-09-22,80.06139,94823725,7591719263.16
2021-09-23,81.192947,94623725,7682779096.67
2021-09-24,81.068694,94773725,7683182135.6
2021-09-27,81.701717,94473725,7718665510.0
2021-09-28,80.656212,94923725,7656188078.11
2021-09-29,80.359017,94873725,7623959310.81
2021-09-30,79.114229,94723725,7493994460.6
2021-10-01,80.374282,94823725,7621388791.07
2021-10-04,80.010756,94073725,7526909811.76
2021-10-05,80.759119,93323725,7536741803.57
2021-10-06,80.546546,93073725,7496767078.57
2021-10-07,81.628516,92923725,7585225756.95
2021-10-08,81.171099,90523725,7347910276.39
2021-10-11,81.191624,88973725,7223921263.05
2021-10-12,81.307695,89873725,7307425400.48
2021-10-13,81.917727,89023725,7292621194.75
2021-10-14,83.913095,89123725,7478647615.95
2021-10-15,84.128093,89123725,7497808994.13
2021-10-18,84.091178,90073725,7574405643.07
2021-10-19,84.503574,89273725,7543948788.91
2021-10-20,85.192673,89173725,7596947983.92
2021-10-21,84.994399,89423725,7600515795.75
2021-10-22,84.851499,89073725,7558039086.67
2021-10-25,85.609412,88823725,7604146898.11
2021-10-26,85.919499,89323725,7674649727.13
2021-10-27,84.690427,88973725,7535222778.17
2021-10-28,85.548727,89973725,7697137597.32
2021-10-29,85.125688,89873725,7650562687.56
2021-11-01,85.317606,89723725,7655013416.15
2021-11-02,86.254223,89723725,7739050162.1
2021-11-03,87.204184,90023725,7850445501.36
2021-11-04,87.109907,95623725,8329773779.29
2021-11-05,87.835633,95173725,8359644400.94
2021-11-08,88.914238,94923725,8440070689.61
2021-11-09,89.309241,94923725,8477565841.64
2021-11-10,88.681405,96223725,8533255141.92
2021-11-11,89.432909,96873725,8663699071.5
2021-11-12,90.085264,96673725,8708878072.46
2021-11-15,89.678545,96273725,8633687584.31
2021-11-16,89.391641,96423725,8619474995.67
2021-11-17,88.824184,96623725,8582523535.1
2021-11-18,88.445088,96623725,8545893818.56
2021-11-19,88.301681,96723725,8540867541.84
2021-11-22,88.436162,97223725,8598093091.82
2021-11-23,88.52995,97123725,8598358557.67
2021-11-24,87.873743,97323725,8552199982.26
2021-11-26,86.351957,97323725,8404094093.78
2021-11-29,86.835299,100073725,8689931877.83
2021-11-30,84.69797,95073725,8052551496.21
2021-12-01,83.776625,95473725,7998466464.74
2021-12-02,85.47671,95073725,8126589203.95
2021-12-03,85.279111,95323725,8129122536.92
2021-12-06,86.534039,90523725,7833383586.59
2021-12-07,87.838912,90123725,7916369919.28
2021-12-08,88.228768,90173725,7955916683.42
2021-12-09,87.74303,90023725,7898954425.14
2021-12-10,88.322118,90723725,8012911513.61
2021-12-13,87.73902,90273725,7920528121.74
2021-12-14,87.649157,90273725,7912415864.6
2021-12-15,87.893152,90573725,7960810196.58
2021-12-16,88.810203,89923725,7986144291.35
2021-12-17,87.653926,90523725,7934759852.27
2021-12-20,85.622407,91023725,7793670443.25
2021-12-21,86.741159,90373725,7839121649.56
2021-12-22,87.409461,91223725,7973816596.09
2021-12-23,88.293099,91323725,8063254692.56
2021-12-27,89.609821,91423725,8192463605.86
2021-12-28,90.10654,91123725,8210843590.79
2021-12-29,90.492472,90923725,8227912667.12
2021-12-30,90.180034,90273725,8140887623.88
2021-12-31,90.62969,90273725,8181479741.42
2022-01-03,89.387856,90823725,8118538089.32
2022-01-04,90.552933,91473725,8283214081.55
2022-01-05,90.478686,92773725,8394044709.41
2022-01-06,89.362281,95323725,8518345471.01
2022-01-07,89.28346,95323725,8510831953.49
2022-01-10,88.398139,95873725,8475058882.46
2022-01-11,89.379359,96673725,8640635550.88
2022-01-12,90.229838,95823725,8646159181.6
2022-01-13,89.52179,95323725,8533550514.28
2022-01-14,88.775096,95473725,8475689062.69
2022-01-18,87.6023,95473725,8363717877.51
2022-01-19,87.417812,95773725,8372329445.62
2022-01-20,86.167054,95473725,8226689606.59
2022-01-21,84.02041,96273725,8088957853.4
2022-01-24,84.041109,94623725,7952282769.03
2022-01-25,83.319467,94423725,7867334467.87
2022-01-26,82.473092,94373725,7783292864.35
2022-01-27,82.767108,93973725,7777933481.72
2022-01-28,83.235502,93673725,7796979540.77
2022-01-31,84.432165,92873725,7841529652.87
2022-02-01,85.841746,92273725,7920937672.05
2022-02-02,86.040967,92973725,7999549229.74
2022-02-03,84.516459,92673725,7832455057.52
2022-02-04,83.065874,92773725,7706330535.69
2022-02-07,82.712495,91823725,7594969414.12
2022-02-08,84.008434,88173725,7407336526.99
2022-02-09,85.794271,87923725,7543351932.78
2022-02-10,85.315296,87623725,7475644067.38
2022-02-11,84.018167,87323725,7336779298.66
2022-02-14,83.29574,86423725,7198728132.34
2022-02-15,84.865112,86173725,7313142828.04
2022-02-16,85.413038,86173725,7360359623.23
2022-02-17,83.992416,86323725,7250538254.17
2022-02-18,83.841821,86123725,7220769938.44
2022-02-22,82.700282,85823725,7097646255.78
2022-02-23,81.613834,85473725,6975838371.51
2022-02-24,81.365151,86423725,7031879470.86
2022-02-25,84.345536,91273725,7698531278.59
2022-02-28,83.380322,86923725,7247728167.82
2022-03-01,81.460359,86573725,7052326736.07
2022-03-02,83.283787,85573725,7126903870.95
2022-03-03,83.380657,85673725,7143531477.61
2022-03-04,83.053107,86323725,7169453529.68
2022-03-07,80.212415,86073725,6904181313.95
2022-03-08,79.810455,85673725,6837658942.13
2022-03-09,82.245566,84923725,6984599839.67
2022-03-10,82.447356,85273725,7030593143.82
2022-03-11,81.839033,84873725,6945983600.33
2022-03-14,81.759542,85073725,6955588813.28
2022-03-15,82.655245,85323725,7052453355.5
2022-03-16,83.958971,85323725,7163692177.75
2022-03-17,85.591208,86223725,7379992755.72
2022-03-18,86.098626,85873725,7393609771.06
2022-03-21,86.507109,87073725,7532496251.37
2022-03-22,86.953051,88123725,7662626776.35
2022-03-23,86.613915,87523725,7580772446.49
2022-03-24,88.330656,87023725,7686862758.24
2022-03-25,89.301659,87023725,7771362991.42
2022-03-28,88.890835,87323725,7762278855.88
2022-03-29,89.573116,87023725,7794986243.36
2022-03-30,89.291943,87523725,7815163467.54
2022-03-31,88.120506,87623725,7721446966.11
2022-04-01,89.117985,87723725,7817761598.03
2022-04-04,89.079368,88073725,7845551718.58
2022-04-05,88.37675,88073725,7783669605.18
2022-04-06,87.389492,88773725,7757890751.82
2022-04-07,87.939689,89223725,7846306591.52
2022-04-08,88.425904,89723725,7933901520.98
2022-04-11,88.023987,89473725,7875833966.6
2022-04-12,88.053365,88973725,7834435869.77
2022-04-13,89.35923,88873725,7941687604.31
2022-04-14,89.053487,89223725,7945683834.04
2022-04-18,89.127016,89823725,8005720616.63
2022-04-19,89.953155,89723725,8070932140.69
2022-04-20,90.57286,90023725,8153706244.6
2022-04-21,89.056219,91723725,8168568098.63
2022-04-22,85.738314,91223725,7821368370.6
2022-04-25,85.487924,91223725,7798526862.48
2022-04-26,84.166335,90973725,7656924988.29
2022-04-27,85.416603,91473725,7813374851.07
2022-04-28,86.747361,90823725,7878718421.21
2022-04-29,85.038593,90173725,7668246687.08
2022-05-02,84.75821,89523725,7587870641.26
2022-05-03,85.707015,89623725,7681381923.3
2022-05-04,88.485798,89423725,7912729686.74
2022-05-05,85.733721,87973725,7542314787.33
2022-05-06,84.563902,87573725,7405575878.78
2022-05-09,81.840416,86773725,7101597764.67
2022-05-10,81.360402,86123725,7007060850.62
2022-05-11,81.3901,85673725,6972993076.1
2022-05-12,81.245838,84423725,6859076323.68
2022-05-13,82.496679,84623725,6981176236.94
2022-05-16,82.342911,84173725,6931109522.54
2022-05-17,84.696641,85173725,7213928379.43
2022-05-18,82.011983,84473725,6927857686.78
2022-05-19,82.583559,83673725,6910073976.14
2022-05-20,82.404928,83123725,6849804564.91
2022-05-23,83.925551,83323725,6992989500.35
2022-05-24,83.433705,84573725,7056299211.09
2022-05-25,83.820696,85223725,7143511914.4
2022-05-26,85.364926,86473725,7381823110.24
2022-05-27,87.3809,86573725,7564890011.34
2022-05-31,86.002388,87673725,7540149719.47
2022-06-01,85.16432,87973725,7492222491.41
2022-06-02,87.495784,88973725,7784825792.1
2022-06-03,86.66819,89423725,7750192413.11
2022-06-06,87.506339,89173725,7803266176.17
2022-06-07,88.136611,88923725,7837435795.25
2022-06-08,86.291789,89123725,7690645650.17
2022-06-09,84.243664,88673725,7470199534.39
2022-06-10,81.680843,88673725,7242944591.29
2022-06-13,78.483705,89223725,7002608541.62
2022-06-14,77.845958,89673725,6980737049.46
2022-06-15,77.867766,88573725,6897038090.47
2022-06-16,75.030199,87423725,6559419442.26
2022-06-17,74.960932,87573725,6564608058.2
2022-06-21,75.53587,83673725,6320367598.45
2022-06-22,74.55884,84323725,6287079099.47
2022-06-23,73.532678,84623725,6222609127.62
2022-06-24,76.454744,85623725,6546339970.06
2022-06-27,75.838315,91573725,6944796978.83
2022-06-28,75.028704,90723725,6806883492.12
2022-06-29,74.498209,88423725,6587409155.39
2022-06-30,73.616845,86173725,6343837772.3
2022-07-01,74.108607,85923725,6367687610.81
2022-07-05,72.627899,84373725,6127886386.2
2022-07-06,73.07429,83173725,6077860904.49
2022-07-07,73.747019,82373725,6074816643.77
2022-07-08,73.011981,82473725,6021570069.53
2022-07-11,72.816786,82573725,6012753248.31
2022-07-12,72.662044,82673725,6007241845.26
2022-07-13,72.264675,81823725,5912964861.25
2022-07-14,70.920168,79273725,5622105889.01
2022-07-15,72.06747,79573725,5734677062.91
2022-07-18,72.227347,79673725,5754621794.87
2022-07-19,74.467461,79473725,5918206541.79
2022-07-20,74.552489,79573725,5932419284.89
2022-07-21,75.596774,78823725,5958819309.68
2022-07-22,75.05162,78423725,5885827643.38
2022-07-25,75.374704,77773725,5862171531.69
2022-07-26,74.878705,77173725,5778668587.19
2022-07-27,75.816094,77223725,5854801195.62
2022-07-28,77.107518,78173725,6027781905.64
2022-07-29,78.121869,78073725,6099265338.2
2022-08-01,77.486746,77823725,6030307233.68
2022-08-02,76.705721,78423725,6015548392.3
2022-08-03,76.804409,79073725,6073210731.79
2022-08-04,76.840273,78623725,6041468459.99
2022-08-05,77.117359,78573725,6059398186.0
2022-08-08,77.539124,78573725,6092537778.97
2022-08-09,77.159728,78223725,6035721327.59
2022-08-10,79.376974,76823725,6098034821.9
2022-08-11,79.611759,76223725,6068304832.01
2022-08-12,81.127392,76073725,6171662902.71
2022-08-15,81.053552,76073725,6166045601.74
2022-08-16,81.531652,75923725,6190186762.2
2022-08-17,80.393609,74323725,5975152455.64
2022-08-18,80.614231,74973725,6043949201.52
2022-08-19,79.158415,75423725,5970422540.39
2022-08-22,77.899759,75373725,5871595027.91
2022-08-23,78.659356,76023725,5979977228.27
2022-08-24,78.85114,75223725,5931476435.85
2022-08-25,80.631948,74523725,6008993129.15
2022-08-26,78.134005,73823725,5768143311.85
2022-08-29,77.598856,73673725,5716996747.13
2022-08-30,76.319262,73673725,5622724307.92
2022-08-31,75.409654,73673725,5555710075.82
2022-09-01,74.418732,73773725,5490147077.13
2022-09-02,74.351186,73523725,5466576185.39
2022-09-06,74.113374,73323725,5434268681.72
2022-09-07,76.191431,72973725,5559972525.56
2022-09-08,76.939525,72373725,5568400009.62
2022-09-09,78.091159,72123725,5632225262.71
2022-09-12,78.780979,71623725,5642587183.38
2022-09-13,75.993077,71323725,5420109349.38
2022-09-14,75.069729,71223725,5346745702.36
2022-09-15,74.070907,70973725,5257088171.16
2022-09-16,72.912289,70573725,5145691842.4
2022-09-19,73.695492,70623725,5204650141.67
2022-09-20,72.296063,71023725,5134735668.94
2022-09-21,70.709929,71223725,5036224538.36
2022-09-22,69.848342,71123725,4967874259.34
2022-09-23,68.417986,71423725,4886667444.86
2022-09-26,67.295396,71123725,4786299229.93
2022-09-27,67.446235,70573725,4759932051.11
2022-09-28,69.218415,70073725,4850392212.3
2022-09-29,68.17515,69273725,4722746617.59
2022-09-30,67.979952,69073725,4695628491.01
2022-10-03,70.289711,69173725,4862201153.72
2022-10-04,72.777506,67973725,4946958156.52
2022-10-05,71.982153,71173725,5123237990.01
2022-10-06,71.248833,70273725,5006920878.8
2022-10-07,69.436891,68923725,4785849197.9
2022-10-10,69.607045,67023725,4665323466.08
2022-10-11,69.094326,66973725,4627504387.59
2022-10-12,68.538695,68773725,4713661342.4
2022-10-13,70.552941,71873725,5070902692.23
2022-10-14,68.145064,72223725,4921690334.98
2022-10-17,69.877457,72223725,5046810240.37
2022-10-18,71.212878,71573725,5096970932.84
2022-10-19,70.407026,72273725,5088578009.15
2022-10-20,69.914409,71623725,5007530370.89
2022-10-21,72.332114,71623725,5180695406.2
2022-10-24,71.880381,71423725,5133964570.66
2022-10-25,73.695858,71373725,5259947894.45
2022-10-26,74.187876,71123725,5276518106.21
2022-10-27,73.990964,70573725,5221817954.75
2022-10-28,74.755375,70723725,5286978615.05
2022-10-31,74.090757,70523725,5225156202.94
2022-11-01,74.265496,70373725,5226339594.28
2022-11-02,72.355835,70223725,5081096281.07
2022-11-03,72.915542,69973725,5102172049.75
2022-11-04,75.39741,70023725,5279607535.97
2022-11-07,75.991603,71723725,5450400824.03
2022-11-08,77.267223,70023725,5410538791.74
2022-11-09,76.061904,69173725,5261485260.84
2022-11-10,80.293557,67573725,5425734729.9
2022-11-11,81.227628,68073725,5529467207.53
2022-11-14,81.086681,68323725,5540144081.7
2022-11-15,80.993393,68773725,5570217333.44
2022-11-16,80.199886,69023725,5535694852.27
2022-11-17,79.447688,69023725,5483775393.93
2022-11-18,79.960874,68573725,5483215011.16
2022-11-21,80.262437,68023725,5459749917.63
2022-11-22,82.069421,67573725,5545736458.26
2022-11-23,82.406659,67823725,5589126561.92
2022-11-25,82.33731,67173725,5530903829.4
2022-11-28,80.527193,67173725,5409310518.96
2022-11-29,80.826797,69023725,5578965604.94
2022-11-30,82.794411,66923725,5540909372.43
2022-12-01,82.822095,67623725,5600737571.7
2022-12-02,83.734356,67373725,5641494506.66
2022-12-05,82.101353,67273725,5523262880.3
2022-12-06,81.386267,67223725,5471087026.33
2022-12-07,81.226344,67473725,5480643022.88
2022-12-08,81.774196,68123725,5570761827.2
2022-12-09,80.989429,67923725,5501102724.75
2022-12-12,81.71386,68623725,5607508458.2
2022-12-13,82.811179,68423725,5666248339.21
2022-12-14,81.902516,68873725,5640930366.49
2022-12-15,79.435406,68523725,5443208898.24
2022-12-16,79.117138,68573725,5425355863.35
2022-12-19,77.567652,67673725,5249290945.87
2022-12-20,78.071539,67573725,5275583701.8
2022-12-21,78.724293,67523725,5315756487.47
2022-12-22,77.982728,67623725,5273481551.74
2022-12-23,78.538739,67523725,5303227194.27
2022-12-27,78.581359,67373725,5294318854.73
2022-12-28,77.405609,67273725,5207363629.73
2022-12-29,78.239204,68023725,5322122129.05
2022-12-30,77.687453,67423725,5237977494.9
2023-01-03,77.605195,67573725,5244072133.0
2023-01-04,78.955387,68273725,5390578356.47
2023-01-05,77.693908,67773725,5265605584.88
2023-01-06,80.36594,67723725,5442680829.23
2023-01-09,80.847394,67723725,5475286669.81
2023-01-10,81.672198,70273725,5739409608.92
2023-01-11,82.985197,70473725,5848275969.77
2023-01-12,83.266132,71923725,5988810349.1
2023-01-13,83.825707,71873725,6024865816.55
2023-01-17,82.927856,72173725,5985212301.42
2023-01-18,81.781253,72273725,5910635783.15
2023-01-19,81.151521,72323725,5869180316.56
2023-01-20,82.809926,72673725,6018105797.02
2023-01-23,83.073722,74723725,6207577934.81
2023-01-24,83.107401,73523725,6110365685.85
2023-01-25,83.275643,73773725,6143554387.14
2023-01-26,83.678031,73773725,6173240071.43
2023-01-27,83.394354,73823725,6156481882.12
2023-01-30,82.812537,74373725,6159076885.54
2023-01-31,84.65455,74473725,6304539694.06
2023-02-01,85.207528,74423725,6341461603.89
2023-02-02,84.965663,75573725,6421171686.56
2023-02-03,83.420504,75423725,6291885177.21
2023-02-06,82.520691,75723725,6248774082.28
2023-02-07,83.591955,72673725,6074938760.33
2023-02-08,82.915853,73073725,6058970210.67
2023-02-09,81.754979,74273725,6072246795.85
2023-02-10,82.045617,71773725,5888719558.99
2023-02-13,82.461782,72923725,6013420326.56
2023-02-14,82.645965,73073725,6039248526.09
2023-02-15,83.012867,73523725,6103415223.14
2023-02-16,82.086946,74273725,6096903232.16
2023-02-17,81.301324,74323725,6042617277.96
2023-02-21,79.980897,74323725,5944478212.35
2023-02-22,80.520346,72723725,5855739464.37
2023-02-23,80.667188,72973725,5886585192.17
2023-02-24,81.205712,72973725,5925883306.83
2023-02-27,81.452746,71973725,5862457536.67
2023-02-28,81.854365,71973725,5891363537.21
2023-03-01,82.417574,72023725,5936020653.59
2023-03-02,83.409182,71723725,5982417246.18
2023-03-03,84.61029,71973725,6089717768.0
2023-03-06,83.218587,71273725,5931298664.87
2023-03-07,81.563223,71173725,5805158422.36
2023-03-08,81.97095,71073725,5825980753.45
2023-03-09,79.896645,72123725,5762443667.46
2023-03-10,78.179889,71373725,5579989882.61
2023-03-13,77.383309,71273725,5515396684.46
2023-03-14,78.365023,70523725,5526593364.69
2023-03-15,75.797818,70223725,5322805146.02
2023-03-16,76.691718,70223725,5385578079.9
2023-03-17,75.510393,70123725,5295070006.47
2023-03-20,76.70448,69073725,5298264135.13
2023-03-21,77.645847,68473725,5316700401.96
2023-03-22,76.280216,68123725,5196492480.6
2023-03-23,76.191801,67973725,5179040540.87
2023-03-24,76.805849,67773725,5205418511.12
2023-03-27,77.375597,67523725,5224688513.57
2023-03-28,77.761222,66973725,5207958713.03
2023-03-29,78.838271,67273725,5303744182.98
2023-03-30,79.368682,67073725,5323553133.08
2023-03-31,80.651842,67073725,5409619496.99
2023-04-03,81.176525,66673725,5412341336.68
2023-04-04,79.985698,64273725,5140978776.42
2023-04-05,79.807446,66573725,5313078993.58
2023-04-06,79.631717,66373725,5285453677.76
2023-04-10,80.023883,68923725,5515544098.95
2023-04-11,80.607183,69773725,5624263401.04
2023-04-12,80.663006,70323725,5672523021.44
2023-04-13,81.493001,71773725,5849056266.16
2023-04-14,80.941794,73223725,5926859676.34
2023-04-17,81.416484,73223725,5961618225.41
2023-04-18,81.740603,73223725,5985351445.76
2023-04-19,81.485789,73423725,5982990178.4
2023-04-20,81.425205,72973725,5941900508.91
2023-04-21,80.687631,72973725,5888076960.69
2023-04-24,81.245312,73373725,5961271165.86
2023-04-25,79.500245,73573725,5849129131.43
2023-04-26,78.563305,72923725,5729128813.43
2023-04-27,79.629217,72673725,5786951825.66
2023-04-28,80.535151,72723725,5856816208.8
2023-05-01,80.503636,72723725,5854524270.01
2023-05-02,79.740142,72723725,5799000176.74
2023-05-03,78.85616,72573725,5722885278.71
2023-05-04,78.350831,72423725,5674459005.62
2023-05-05,79.649671,72273725,5756578446.79
2023-05-08,79.413324,72023725,5719643382.09
2023-05-09,78.68477,72023725,5667170256.19
2023-05-10,78.730572,70973725,5587801972.92
2023-05-11,77.950745,70723725,5512967059.44
2023-05-12,78.091462,69823725,5452636792.66
2023-05-15,78.752057,69573725,5479073930.69
2023-05-16,77.456793,69473725,5381211942.94
2023-05-17,77.97341,69173725,5393711211.32
2023-05-18,78.413796,69623725,5459460580.77
2023-05-19,78.616326,69073725,5430322482.11
2023-05-22,78.185787,69323725,5420129976.63
2023-05-23,77.000434,69323725,5337956902.47
2023-05-24,76.134409,69373725,5281727531.77
2023-05-25,75.863612,69673725,5285700447.77
2023-05-26,76.207584,69673725,5309666250.66
2023-05-30,75.815188,70023725,5308861883.37
2023-05-31,75.015699,69873725,5241626340.22
2023-06-01,76.002205,69923725,5314357307.45
2023-06-02,78.562487,69623725,5469813013.17
2023-06-05,78.483821,70723725,5550668157.87
2023-06-06,79.001444,70223725,5547775669.49
2023-06-07,79.929848,71273725,5696898024.44
2023-06-08,79.653596,71323725,5681191173.02
2023-06-09,78.998439,71323725,5634462971.77
2023-06-12,79.344305,71023725,5635328125.55
2023-06-13,81.195938,71423725,5799316340.97
2023-06-14,80.861801,72273725,5844183585.55
2023-06-15,81.553386,71923725,5865623313.09
2023-06-16,81.654291,71823725,5864715327.67
2023-06-20,80.234945,72623725,5826960555.55
2023-06-21,80.518397,72073725,5803260823.95
2023-06-22,80.304617,72123725,5791868145.83
2023-06-23,79.676266,70673725,5631018481.49
2023-06-26,80.473019,70573725,5679280736.21
2023-06-27,81.597278,70323725,5738224559.68
2023-06-28,81.044589,70823725,5739879657.57
2023-06-29,82.095511,71373725,5859462429.25
2023-06-30,82.890614,71573725,5932789988.27
2023-07-03,83.143713,71973725,5984162745.57
2023-07-05,81.091058,73123725,5929680228.31
2023-07-06,80.515643,75073725,6044609273.45
2023-07-07,81.226619,70123725,5695913119.05
2023-07-10,81.219106,70023725,5687264370.58
2023-07-11,82.008207,70073725,5746620533.75
2023-07-12,83.069689,70123725,5825156030.11
2023-07-13,83.743553,71623725,5998025244.38
2023-07-14,83.260007,71373725,5942576830.59
2023-07-17,83.324479,71623725,5968009599.68
2023-07-18,83.969991,71673725,6018442046.28
2023-07-19,83.537478,72773725,6079333422.93
2023-07-20,83.739795,72623725,6081495834.88
2023-07-21,83.738667,77323725,6474985669.51
2023-07-24,83.998205,77473725,6507653833.63
2023-07-25,85.477884,77973725,6665029008.3
2023-07-26,85.234498,79823725,6803735094.46
2023-07-27,84.664287,79523725,6732819499.42
2023-07-28,85.27251,79573725,6785451236.19
2023-07-31,85.712215,79523725,6816154579.74
2023-08-01,85.330868,79273725,6764495801.4
2023-08-02,84.279813,78023725,6575824950.58
2023-08-03,83.770006,77273725,6473220413.01
2023-08-04,83.544056,76323725,6376393523.11
2023-08-07,84.125759,75023725,6311427807.25
2023-08-08,83.244107,73623725,6128741206.45
2023-08-09,82.874546,73523725,6093245345.37
2023-08-10,82.947885,71323725,5916152164.97
2023-08-11,82.723156,70273725,5813264311.4
2023-08-14,82.90293,70223725,5821752544.76
2023-08-15,81.539005,70073725,5713741847.17
2023-08-16,81.002363,69673725,5643736333.4
2023-08-17,80.866843,68823725,5565557394.24
2023-08-18,80.797717,68523725,5536560511.82
2023-08-21,80.81436,68173725,5509415925.4
2023-08-22,80.750711,68623725,5541414553.47
2023-08-23,80.897093,68723725,5559549578.33
2023-08-24,80.54604,68723725,5535423900.3
2023-08-25,80.791299,68823725,5560358165.81
2023-08-28,81.385242,68473725,5572750668.39
2023-08-29,82.750845,69123725,5720046687.07
2023-08-30,82.920007,72123725,5980499807.12
2023-08-31,82.899137,69223725,5738587075.71
2023-09-01,83.794974,69323725,5808979739.69
2023-09-05,82.288527,68623725,5646945223.16
2023-09-06,82.064489,68823725,5647983837.35
2023-09-07,81.703244,68673725,5610866110.67
2023-09-08,81.803542,68723725,5621844131.93
2023-09-11,82.144039,67373725,5534349872.84
2023-09-12,81.94425,67923725,5565958673.37
2023-09-13,81.457568,67773725,5520682786.04
2023-09-14,82.611571,67773725,5598893915.89
2023-09-15,81.711401,68373725,5586912838.29
2023-09-18,80.982181,68923725,5581593594.12
2023-09-19,80.903224,68623725,5551880608.02
2023-09-20,80.069601,68223725,5462646417.65
2023-09-21,78.449813,67423725,5289378642.53
2023-09-22,78.360326,65823725,5157968540.05
2023-09-25,78.987539,64973725,5132114619.3
2023-09-26,77.840602,64823725,5045917762.09
2023-09-27,77.853309,64373725,5011707480.26
2023-09-28,78.690932,63973725,5034152059.92
2023-09-29,78.549149,63773725,5009371828.88
2023-10-02,77.522381,62923725,4877996961.56
2023-10-03,77.292391,63623725,4917629825.29
2023-10-04,78.215208,64273725,5027182743.75
2023-10-05,77.22857,65373725,5048719274.78
2023-10-06,77.967972,65123725,5077564739.63
2023-10-09,78.081384,66573725,5198168581.57
2023-10-10,78.925356,67173725,5301710139.73
2023-10-11,79.108633,68423725,5412907330.32
2023-10-12,77.929111,68123725,5308821318.16
2023-10-13,77.643058,67973725,5277687844.97
2023-10-16,78.358403,69273725,5428178457.57
2023-10-17,79.149422,69673725,5514635060.43
2023-10-18,77.109127,69673725,5372480079.96
2023-10-19,76.27523,70073725,5344889498.87
2023-10-20,75.29466,69573725,5238529962.04
2023-10-23,74.487521,69223725,5156303641.23
2023-10-24,75.325672,69873725,5263285262.37
2023-10-25,74.465578,70173725,5225526959.59
2023-10-26,74.999408,69773725,5232988087.18
2023-10-27,74.961264,69473725,5207838245.76
2023-10-30,75.69886,69323725,5247726947.06
2023-10-31,76.041981,68423725,5203075603.77
2023-11-01,76.114518,68723725,5230873184.07
2023-11-02,77.579117,67623725,5246188876.01
2023-11-03,78.779609,67623725,5327370642.15
2023-11-06,78.375809,67673725,5303982928.11
2023-11-07,76.908241,67573725,5196976296.1
2023-11-08,77.104645,67223725,5183261455.54
2023-11-09,76.465138,67673725,5174680690.27
2023-11-10,77.362275,67123725,5192844099.52
2023-11-13,77.253162,66573725,5143030773.86
2023-11-14,79.523055,67123725,5337883691.09
2023-11-15,79.895289,66973725,5350885093.36
2023-11-16,80.104062,66773725,5348846608.73
2023-11-17,80.236871,66523725,5337655542.83
2023-11-20,80.360751,66373725,5333842398.87
2023-11-21,80.694393,66673725,5380195799.36
2023-11-22,80.788913,66523725,5374379403.55
2023-11-24,81.085587,66423725,5386006712.82
2023-11-27,81.016254,66423725,5381401359.51
2023-11-28,81.176105,66323725,5383901636.65
2023-11-29,81.578764,70023725,5712448944.07
2023-11-30,82.389771,66123725,5447918541.92
2023-12-01,83.341525,66073725,5506684978.21
2023-12-04,82.351779,66273725,5457759183.44
2023-12-05,81.22763,66173725,5375134851.91
2023-12-06,81.105312,66273725,5375151158.34
2023-12-07,81.648431,64923725,5300920296.03
2023-12-08,81.919257,65173725,5338983148.43
2023-12-11,82.500532,64023725,5281991360.87
2023-12-12,82.967611,63523725,5270411695.91
2023-12-13,83.959325,60023725,5039551445.83
2023-12-14,85.370469,60673725,5179744368.72
2023-12-15,85.217757,60473725,5153435195.99
2023-12-18,84.689114,59323725,5024073703.63
2023-12-19,85.461253,60023725,5129702748.45
2023-12-20,84.200718,59973725,5049830720.99
2023-12-21,85.05513,59623725,5071303666.22
2023-12-22,85.590746,59623725,5103239107.27
2023-12-26,85.97413,59373725,5104604364.4
2023-12-27,86.204004,59223725,5105322210.63
2023-12-28,85.834341,59723725,5126346569.52
2023-12-29,85.536335,62973725,5386541649.97
2024-01-02,85.372683,59273725,5060356945.55
2024-01-03,84.428832,60023725,5067732977.76
2024-01-04,84.145477,62473725,5256881387.06
2024-01-05,84.321832,63973725,5394381683.65
2024-01-08,84.673565,65423725,5539660062.44
2024-01-09,83.752504,66173725,5542215164.73
2024-01-10,83.616835,67523725,5646120190.44
2024-01-11,83.367571,67423725,5620952201.85
2024-01-12,83.479861,67373725,5624349193.01
2024-01-16,82.500419,67323725,5554235511.97
2024-01-17,81.847375,67223725,5502085412.89
2024-01-18,82.170552,67323725,5532027666.13
2024-01-19,82.254465,66773725,5492437007.0
2024-01-22,82.497994,66723725,5504573485.68
2024-01-23,82.761012,67023725,5546951289.62
2024-01-24,81.605042,66573725,5432751617.65
2024-01-25,82.500243,66173725,5459348423.47
2024-01-26,82.497201,66473725,5483896255.77
2024-01-29,82.921379,65823725,5458194067.65
2024-01-30,83.294696,65773725,5478602409.29
2024-01-31,82.233473,66023725,5429360197.72
2024-02-01,83.594879,65973725,5515065545.96
2024-02-02,83.126731,65273725,5425991363.91
2024-02-05,81.034274,63473725,5143547243.76
2024-02-06,82.414453,61573725,5074564887.44
2024-02-07,83.087448,61473725,5107694906.36
2024-02-08,82.943736,59173725,4908089800.51
2024-02-09,83.167602,58873725,4896386513.31
2024-02-12,83.772433,58973725,4940372446.59
2024-02-13,82.59433,59023725,4875025015.58
2024-02-14,83.150809,58673725,4878767715.8
2024-02-15,84.722828,57173725,4843919664.4
2024-02-16,85.156402,57323725,4881482164.43
2024-02-20,84.964352,57023725,4844983853.88
2024-02-21,85.463095,55923725,4779414642.23
2024-02-22,86.308971,56473725,4874189117.48
2024-02-23,86.822551,57273725,4972650906.02
2024-02-26,86.323873,57473725,4961354516.67
2024-02-27,86.644503,57173725,4953789010.46
2024-02-28,86.893786,58323725,5067969287.48
2024-02-29,87.589385,55923725,4898324695.15
2024-03-01,87.95853,55823725,4910172778.68
2024-03-04,88.585048,56423725,4998298396.69
2024-03-05,88.122206,56873725,5011838128.15
2024-03-06,88.783603,57473725,5102724394.47
2024-03-07,89.871814,58223725,5232671762.82
2024-03-08,89.369188,58173725,5198938556.52
2024-03-11,90.373026,57523725,5198593085.61
2024-03-12,90.332119,59873725,5408520480.61
2024-03-13,91.210936,60123725,5483941261.77
2024-03-14,90.727174,58823725,5336910320.56
2024-03-15,90.800813,60073725,5454743062.33
2024-03-18,90.640135,62023725,5621838828.88
2024-03-19,90.664693,63223725,5732159586.22
2024-03-20,91.548681,63023725,5769738926.43
2024-03-21,91.925098,63673725,5853213426.88
2024-03-22,91.380694,62923725,5750013676.56
2024-03-25,91.404492,62723725,5733230224.49
2024-03-26,91.304703,62773725,5731536314.04
2024-03-27,92.642352,62623725,5801609146.79
2024-03-28,92.919521,62323725,5791090663.17
2024-04-01,92.682295,62773725,5818012915.96
2024-04-02,92.305998,63173725,5831313721.68
2024-04-03,92.884681,63173725,5867871324.86
2024-04-04,91.942064,62873725,5780740055.62
2024-04-05,92.789627,62173725,5769076782.39
2024-04-08,92.817312,63273725,5872897048.91
2024-04-09,93.063257,62923725,5855886771.39
2024-04-10,91.622576,63573725,5824788438.52
2024-04-11,91.525764,64123725,5868972929.21
2024-04-12,89.927332,64423725,5793453698.63
2024-04-15,89.483561,65023725,5818554485.0
2024-04-16,88.824459,65023725,5775697184.52
2024-04-17,89.014533,63623725,5663436179.12
2024-04-18,89.042878,63023725,5611813886.53
2024-04-19,88.943378,63023725,5605542990.08
2024-04-22,89.031623,62673725,5579943443.82
2024-04-23,88.287233,63173725,5577433393.53
2024-04-24,88.355374,63023725,5568484808.08
2024-04-25,88.964523,63123725,5615772076.15
2024-04-26,89.528045,63023725,5642390884.9
2024-04-29,90.28357,62523725,5644865114.94
2024-04-30,88.651387,62273725,5520652090.63
2024-05-01,89.095172,62473725,5566107248.9
2024-05-02,88.642849,61673725,5466934692.23
2024-05-03,89.524395,61773725,5530255331.83
2024-05-06,90.091329,61223725,5515726778.21
2024-05-07,91.142671,61573725,5611993760.1
2024-05-08,90.737628,61573725,5587053726.92
2024-05-09,91.729171,61273725,5620588020.8
2024-05-10,91.846321,61273725,5627766189.53
2024-05-13,91.780178,61423725,5637480418.53
2024-05-14,91.860653,61673725,5665388644.8
2024-05-15,92.008515,61173725,5628503605.62
2024-05-16,91.349521,61873725,5652135121.46
2024-05-17,92.124926,62073725,5718537345.67
2024-05-20,92.261331,61923725,5713165316.9
2024-05-21,92.265082,62223725,5741077086.48
2024-05-22,91.35563,61873725,5652513145.18
2024-05-23,90.57287,61873725,5604080829.21
2024-05-24,91.365331,61673725,5634840311.86
2024-05-28,91.000822,61673725,5612359643.69
2024-05-29,89.708947,60623725,5438490523.31
2024-05-30,90.451661,61273725,5542310171.71
2024-05-31,91.49846,60673725,5551552372.8
2024-06-03,90.982325,60473725,5502040110.98
2024-06-04,89.968462,59973725,5395743821.11
2024-06-05,90.621721,60573725,5489295232.66
2024-06-06,90.704515,60973725,5530592161.28
2024-06-07,89.789314,64373725,5780072636.46
2024-06-10,89.693195,64373725,5773885038.68
2024-06-11,89.64139,61473725,5510590186.09
2024-06-12,89.83703,61473725,5522616895.19
2024-06-13,89.820578,60623725,5445258023.16
2024-06-14,88.991942,59673725,5310480652.92
2024-06-17,89.618986,59773725,5356860608.97
2024-06-18,89.525651,60823725,5445283585.98
2024-06-20,89.621621,60523725,5424234313.74
2024-06-21,89.701394,60173725,5397667011.09
2024-06-24,89.773715,60973725,5473837780.97
2024-06-25,88.619849,61423725,5443361252.47
2024-06-26,88.574251,61173725,5418416890.18
2024-06-27,88.293815,60923725,5379188130.91
2024-06-28,88.303993,61673725,5446036160.12
2024-07-01,86.970675,61823725,5376851073.76
2024-07-02,87.108813,61623725,5367969514.84
2024-07-03,87.804004,61473725,5397639219.45
2024-07-05,87.906551,61773725,5430315124.13
2024-07-08,88.156371,61823725,5450155231.82
2024-07-09,87.259296,63473725,5538672541.22
2024-07-10,88.416469,62323725,5510443699.59
2024-07-11,89.667983,62123725,5570509144.69
2024-07-12,90.500052,63573725,5753425410.89
2024-07-15,90.249592,64373725,5809702436.92
2024-07-16,92.016362,63923725,5882028636.87
2024-07-17,91.831433,62873725,5773784243.0
2024-07-18,90.901106,62473725,5678930672.1
2024-07-19,90.104884,62223725,5606661552.68
2024-07-22,90.408947,61573725,5566815619.24
2024-07-23,90.754448,62223725,5647079805.27
2024-07-24,89.598267,62573725,5606497337.01
2024-07-25,89.84425,61973725,5567982831.3
2024-07-26,91.3492,62323725,5693222420.34
2024-07-29,91.502647,62073725,5679910123.15
2024-07-30,91.181558,63023725,5746601418.65
2024-07-31,92.126415,62573725,5764692983.11
2024-08-01,91.79635,62173725,5707320997.48
2024-08-02,90.063563,61923725,5577071334.95
2024-08-05,88.010123,61123725,5379506533.96
2024-08-06,88.497834,60123725,5320819444.82
2024-08-07,87.267154,60523725,5281733218.74
2024-08-08,88.639181,60523725,5364773402.68
2024-08-09,88.551563,60673725,5372753197.97
2024-08-12,88.170655,60673725,5349642062.09
2024-08-13,89.081476,60923725,5427175335.19
2024-08-14,89.082015,61323725,5462840971.13
2024-08-15,90.471259,61223725,5538987476.5
2024-08-16,90.584351,61373725,5559499023.27
2024-08-19,91.034452,61473725,5596226843.27
2024-08-20,90.679848,61523725,5578962025.93
2024-08-21,91.727234,61423725,5634228384.06
2024-08-22,91.508249,61423725,5620777504.4
2024-08-23,92.744609,61073725,5664258740.08
2024-08-26,93.133856,61073725,5688031479.98
2024-08-27,93.117846,60423725,5626527138.84
2024-08-28,92.765741,60323725,5595975069.11
2024-08-29,93.275259,60023725,5598728481.36
2024-08-30,94.289985,59823725,5640778146.12
2024-09-03,92.144529,59423725,5475571149.37
2024-09-04,91.774651,59173725,5430647960.46
2024-09-05,91.060024,59173725,5388360789.11
2024-09-06,89.855154,58473725,5254165586.69
2024-09-09,90.745244,58873725,5342510568.54
2024-09-10,90.80158,58673725,5327666949.87
2024-09-11,91.0503,58473725,5324050177.3
2024-09-12,91.860163,58473725,5371405915.61
2024-09-13,92.682499,57923725,5368515571.89
2024-09-16,93.542414,57823725,5408970832.58
2024-09-17,93.707803,57773725,5413848869.44
2024-09-18,93.348793,57723725,5388440058.64
2024-09-19,94.741009,58423725,5535122658.3
2024-09-20,94.130313,58223725,5480617442.07
2024-09-23,94.487794,57773725,5458911801.67
2024-09-24,95.750296,58173725,5570151361.86
2024-09-25,95.136653,57373725,5458344144.95
2024-09-26,97.072258,57673725,5598518697.57
2024-09-27,96.951866,57823725,5606118051.17
2024-09-30,96.416894,57723725,5565542265.87
2024-10-01,96.125036,57623725,5539082627.12
2024-10-02,95.746582,57973725,5550786013.53
2024-10-03,94.695651,57623725,5456716167.29
2024-10-04,95.156733,59123725,5626020495.72
2024-10-07,94.889225,59473725,5643415694.57
2024-10-08,94.433783,60523725,5715484305.48
2024-10-09,95.046186,61673725,5861852319.01
2024-10-10,95.245334,61223725,5831274140.46
2024-10-11,95.897732,61173725,5866421491.48
2024-10-14,96.398884,60873725,5868159131.8
2024-10-15,96.300543,60473725,5823652536.01
2024-10-16,97.109908,60473725,5872597865.93
2024-10-17,97.218337,60723725,5903459583.24
2024-10-18,97.649369,60373725,5895456125.5
2024-10-21,96.843822,60173725,5827453483.63
2024-10-22,95.967334,62373725,5985840121.64
2024-10-23,95.707747,62423725,5974434098.07
2024-10-24,94.551627,62873725,5944813018.5
2024-10-25,93.955469,62223725,5846259262.17
2024-10-28,94.752938,62223725,5895880727.9
2024-10-29,94.101169,62223725,5855325269.9
2024-10-30,94.630838,61723725,5840967849.83
2024-10-31,93.375157,60723725,5670087339.89
2024-11-01,93.149516,60173725,5605153351.37
2024-11-04,93.515552,60173725,5627179119.2
2024-11-05,93.697363,58823725,5511627940.15
2024-11-06,94.970383,60523725,5747961320.07
2024-11-07,95.312807,61073725,5821108141.86
2024-11-08,94.42409,61973725,5851812571.17
2024-11-11,94.027306,61323725,5766104685.36
2024-11-12,92.468825,62373725,5767625053.65
2024-11-13,92.66118,62673725,5807421336.7
2024-11-14,91.936492,62223725,5720630967.22
2024-11-15,91.29375,62273725,5685201885.69
2024-11-18,91.953708,62673725,5763081408.03
2024-11-19,91.683079,62923725,5769040866.99
2024-11-20,92.437186,64273725,5941282298.56
2024-11-21,93.578787,64573725,6042730826.92
2024-11-22,94.117991,64073725,6030490254.59
2024-11-25,95.051052,63723725,6057007082.25
2024-11-26,94.342082,63073725,5950506538.82
2024-11-27,94.27449,63573725,5993380502.49
2024-11-29,94.775558,64773725,6138965912.11
2024-12-02,94.704876,64773725,6134387626.51
2024-12-03,94.412349,63723725,6016306568.27
2024-12-04,93.484532,63823725,5966531063.38
2024-12-05,92.223014,65573725,6047406542.9
2024-12-06,91.955171,66773725,6140189310.45
2024-12-09,91.889214,67073725,6163351899.8
2024-12-10,90.95499,67423725,6132524250.26
2024-12-11,90.603266,67523725,6117869995.3
2024-12-12,89.983372,68323725,6147999191.58
2024-12-13,89.257511,68473725,6111794233.57
2024-12-16,88.428271,68623725,6068277324.25
2024-12-17,87.969147,68123725,5992785995.93
2024-12-18,85.469737,67373725,5758414553.06
2024-12-19,84.54051,66923725,5657765828.59
2024-12-20,85.611277,64923725,5558203011.4
2024-12-23,85.06192,65423725,5565067656.25
2024-12-24,85.5779,65923725,5641613916.42
2024-12-26,85.421836,65473725,5592885776.36
2024-12-27,84.931504,65373725,5552288760.63
2024-12-30,83.793572,65223725,5465328869.44
2024-12-31,84.115142,65173725,5482097164.98
2025-01-02,83.192247,65023725,5409469795.15
2025-01-03,83.214323,63773725,5306887341.82
2025-01-06,83.759632,64273725,5383543526.19
2025-01-07,83.745495,62373725,5223518469.28
2025-01-08,84.15537,62723725,5278538294.87
2025-01-10,83.330642,61923725,5160143756.51
2025-01-13,85.176455,59873725,5099831642.34
2025-01-14,86.234392,58573725,5051069563.07
2025-01-15,87.036241,57923725,5041463287.44
2025-01-16,87.740643,56623725,4968202024.86
2025-01-17,88.354302,56273725,4972025672.23
2025-01-21,89.470983,55173725,4936447402.44
2025-01-22,88.765602,56723725,5035115581.93
2025-01-23,89.214329,57373725,5118558363.21
2025-01-24,89.005893,57523725,5119950538.68
2025-01-27,89.067341,57473725,5119031883.68
2025-01-28,88.755105,56673725,5030082425.65
2025-01-29,88.575617,56773725,5028767700.87
2025-01-30,89.465584,56873725,5088241027.86
2025-01-31,88.810042,57073725,5068719922.94
2025-02-03,88.855308,56973725,5062417889.38
2025-02-04,89.104668,56373725,5023162066.2
2025-02-05,89.074407,61223725,5453466978.95
2025-02-06,89.373743,62773725,5610322759.78
2025-02-07,88.307601,64473725,5693519968.3
2025-02-10,88.762856,64423725,5718433836.37
2025-02-11,89.239368,64273725,5735746583.52
2025-02-12,88.63053,64273725,5696614291.81
2025-02-13,90.146326,64123725,5780518229.69
2025-02-14,89.877558,64073725,5758789909.21
2025-02-18,90.980204,64073725,5829440577.49
2025-02-19,89.924633,64523725,5802272286.53
2025-02-20,89.689175,64373725,5773626316.11
2025-02-21,88.084452,64373725,5670324292.51
2025-02-24,87.948662,63923725,5622006110.48
2025-02-25,88.655103,63923725,5667164427.13
2025-02-26,88.607441,63723725,5646396176.0
2025-02-27,87.993407,65023725,5721659069.64
2025-02-28,88.793599,65023725,5773690560.79
2025-03-03,86.987019,65073725,5660569363.94
2025-03-04,85.809048,64723725,5553881203.36
2025-03-05,88.073523,62673725,5519895767.24
2025-03-06,87.61128,63523725,5565394837.71
2025-03-07,87.830848,62673725,5504686424.76
2025-03-10,86.009367,62423725,5369025047.31
2025-03-11,85.31096,62673725,5346755632.49
2025-03-12,84.926597,62523725,5309927190.42
2025-03-13,84.875147,62823725,5332172921.34
2025-03-14,86.012294,63323725,5446618857.86
2025-03-17,86.991309,62673725,5452069367.56
2025-03-18,86.924327,62923725,5469602475.55
2025-03-19,87.216433,62373725,5440013837.35
2025-03-20,86.675587,62223725,5393277916.25
2025-03-21,85.819478,62073725,5327134694.94
2025-03-24,86.559301,62273725,5390370123.59
2025-03-25,86.546298,62273725,5389560392.32
2025-03-26,86.687785,62223725,5394036903.99
2025-03-27,86.629164,61223725,5303760118.02
2025-03-28,85.077964,60923725,5183266480.5
2025-03-31,85.966411,60373725,5190112428.59
2025-04-01,86.282684,60573725,5226463565.28
2025-04-02,87.023438,61123725,5319196705.39
2025-04-03,83.064717,62123725,5160289627.39
2025-04-04,77.901081,61123725,4761604224.25
2025-04-07,76.610656,59373725,4548660006.46
2025-04-08,74.277326,58973725,4380410614.14
2025-04-09,80.766836,58673725,4738891097.31
2025-04-10,78.2206,59073725,4620782242.0
2025-04-11,80.530897,59673725,4805578578.46
2025-04-14,81.427205,59273725,4826493766.66
2025-04-15,80.843177,59073725,4775707624.03
2025-04-16,80.173234,58823725,4716088282.16
2025-04-17,80.768818,59873725,4835930002.92
2025-04-21,79.492257,60023725,4771421386.35
2025-04-22,81.383571,60123725,4893083426.26
2025-04-23,81.512143,60473725,4929342907.28
2025-04-24,83.232916,60523725,5037566109.53
2025-04-25,82.637257,61223725,5059360668.76
2025-04-28,82.769847,60223725,4984708489.22
2025-04-29,83.49036,60123725,5019751423.59
2025-04-30,83.960217,59323725,4980832800.91
2025-05-01,83.527105,58823725,4913375480.77
2025-05-02,84.935634,57923725,4919788313.35
2025-05-05,84.286597,57923725,4882193671.64
2025-05-06,83.727542,57923725,4849811118.23
2025-05-07,83.242805,57923725,4821733353.99
2025-05-08,84.342616,57923725,4885438470.8
2025-05-09,84.554912,58773725,4969607124.43
2025-05-12,86.506522,58523725,5062683918.03
2025-05-13,86.079755,58473725,5033403905.37
2025-05-14,85.292162,58673725,5004408833.64
2025-05-15,86.171336,58673725,5055993286.82
2025-05-16,87.042514,58123725,5059235119.31
2025-05-19,87.297921,56923725,4969322861.42
2025-05-20,87.106311,55273725,4814690276.16
2025-05-21,85.960127,55273725,4751336446.8
2025-05-22,85.89995,54623725,4692175258.3
2025-05-23,85.688753,55023725,4714914368.24
2025-05-27,87.18252,55023725,4797107014.92
2025-05-28,86.022394,55773725,4797789320.22
2025-05-29,86.29723,55423725,4782913953.39
2025-05-30,86.349401,55423725,4785805441.12
2025-06-02,86.818593,55223725,4794446080.13
2025-06-03,87.675924,55323725,4850558728.9
2025-06-04,88.016887,54123725,4763801778.73
2025-06-05,87.524031,55623725,4868412638.17
2025-06-06,87.763327,54973725,4824677021.53
2025-06-09,88.365769,55773725,4928488087.4
2025-06-10,88.89186,56573725,5028943652.2
2025-06-11,88.003911,57323725,5044711968.11
2025-06-12,88.387254,58223725,5146235188.56
2025-06-13,87.384052,58323725,5096563412.79
2025-06-16,88.130289,58123725,5122460685.67
2025-06-17,87.261246,59373725,5181025235.26
2025-06-18,86.98031,59173725,5146948917.21
2025-06-20,86.415347,59323725,5126480288.69
2025-06-23,86.923808,59673725,5187067419.62
2025-06-24,87.634645,60023725,5260157803.34
2025-06-25,86.816712,60323725,5237107480.41
2025-06-26,87.738096,60323725,5292688801.53
2025-06-27,87.869529,60623725,5326978140.31
2025-06-30,87.815475,60623725,5323701212.92
2025-07-01,90.073797,60873725,5483127559.05
2025-07-02,91.437979,60623725,5543310902.2
2025-07-03,91.415807,61473725,5619670208.69
2025-07-07,90.480664,61623725,5575755572.3
2025-07-08,91.227487,61223725,5585286550.39
2025-07-09,91.771252,61323725,5627755008.95
2025-07-10,92.250416,60873725,5615626482.56
2025-07-11,91.520021,60673725,5552860568.88
2025-07-14,90.99854,60723725,5525770328.09
2025-07-15,89.134752,61273725,5461618296.25
2025-07-16,89.36338,61373725,5484563512.28
2025-07-17,89.960574,61173725,5503223391.19
2025-07-18,90.225685,60473725,5456283287.44
2025-07-21,90.637984,60373725,5472152700.92
2025-07-22,91.935848,59273725,5449380181.82
2025-07-23,92.206191,59173725,5456183775.42
2025-07-24,91.257394,59173725,5400039927.43
2025-07-25,92.338857,59423725,5487118861.78
2025-07-28,91.036413,59773725,5441585526.29
2025-07-29,90.652285,60023725,5441287853.26
2025-07-30,88.830727,60073725,5336392661.34
2025-07-31,87.740708,60423725,5301620404.46
2025-08-01,86.768875,59773725,5186498895.82
2025-08-04,87.84083,59673725,5241789558.24
2025-08-05,88.507359,59823725,5294839931.95
2025-08-06,87.510748,59623725,5217716755.96
2025-08-07,87.906585,59623725,5241318022.3
2025-08-08,88.328459,59373725,5244389635.63
2025-08-11,88.130366,59373725,5232628116.98
2025-08-12,89.27719,59373725,5300719316.52
2025-08-13,90.980437,59373725,5401847447.85
2025-08-14,90.057631,60223725,5423606032.94
2025-08-15,90.009161,59723725,5375682381.11
2025-08-18,89.49811,59623725,5336210678.33
2025-08-19,90.051711,59723725,5378223599.95
2025-08-20,90.080742,57573725,5186283890.21
2025-08-21,90.42158,57673725,5214949362.61
2025-08-22,92.167503,59173725,5453894465.72
2025-08-25,91.676321,59573725,5461499954.5
2025-08-26,91.936023,59523725,5472374524.69
2025-08-27,92.131505,59723725,5502436653.54
2025-08-28,92.131212,59973725,5525451942.81
2025-08-29,92.266101,60273725,5561221592.39
2025-09-02,91.622336,60373725,5531581742.27
2025-09-03,90.992434,59923725,5452605565.1
2025-09-04,91.318434,59973725,5476706654.89
2025-09-05,91.946515,60673725,5578737582.97
2025-09-08,92.033057,60323725,5551776829.12
2025-09-09,90.55036,60573725,5484972593.58
2025-09-10,90.710965,60923725,5526449860.32
2025-09-11,92.594753,61073725,5655106478.39
2025-09-12,91.652661,62123725,5693804734.26
2025-09-15,90.925436,62073725,5644080485.64
2025-09-16,90.676555,61623725,5587827113.12
2025-09-17,90.867989,61623725,5599623969.96
2025-09-18,90.811202,61623725,5596124515.04
2025-09-19,90.835356,61773725,5611238294.21
2025-09-22,90.348949,61373725,5545051523.69
2025-09-23,90.071618,60323725,5433455518.77
2025-09-24,88.956963,60323725,5366215374.53
2025-09-25,87.823241,60723725,5332954343.48
2025-09-26,88.824867,60673725,5389335558.45
2025-09-29,89.159824,60523725,5396284664.17
2025-09-30,89.653257,60923725,5462010377.03
2025-10-01,88.704166,61473725,5452975486.74
2025-10-02,89.735393,61423725,5511882084.34
2025-10-03,89.884781,61873725,5561506249.08
2025-10-06,89.766719,62173725,5581131324.08
2025-10-07,89.418907,62423725,5581861255.39
2025-10-08,89.91528,62873725,5653308563.81
2025-10-09,88.677977,63173725,5602118125.79
2025-10-10,86.856136,63173725,5487025651.66
2025-10-13,88.237291,61923725,5463981725.26
2025-10-14,89.107759,62223725,5544616717.92
2025-10-15,88.678161,62473725,5540055047.12
2025-10-16,88.065256,62423725,5497361319.14
2025-10-17,87.862387,63173725,5550594267.97
2025-10-20,88.951527,63073725,5610504139.43
2025-10-21,88.618937,63873725,5660421622.32
2025-10-22,88.333945,64073725,5659884888.44
2025-10-23,89.380699,63873725,5709078199.44
2025-10-24,88.980408,63923725,5687959151.18
2025-10-27,88.924396,63773725,5671039960.82
2025-10-28,89.054354,63773725,5679327912.93
2025-10-29,87.380058,63923725,5585658774.16
2025-10-30,86.19311,63723725,5492546042.69
2025-10-31,85.640425,64523725,5525839221.25
2025-11-03,85.138488,64673725,5506223142.78
2025-11-04,84.751457,65023725,5510855464.62
2025-11-05,85.247901,64073725,5462150580.75
2025-11-06,84.795243,66123725,5606977350.22
2025-11-07,85.841972,63873725,5483046503.55
2025-11-10,86.628678,63923725,5537627785.16
2025-11-11,87.515782,62873725,5502443195.3
2025-11-12,88.139242,61573725,5427061446.47
2025-11-13,87.624928,60473725,5299005813.81
2025-11-14,86.758393,59073725,5125141450.1
2025-11-17,85.453768,59073725,5048072412.41
2025-11-18,85.51548,58923725,5038890646.82
2025-11-19,85.753905,58773725,5040076437.89
2025-11-20,84.453162,58323725,4925623002.18
2025-11-21,86.37222,57623725,4977089074.55
2025-11-24,86.545862,57823725,5004404105.81
2025-11-25,87.804738,57573725,5055245836.68
2025-11-26,88.890923,57823725,5140004303.27
2025-11-28,89.393514,57773725,5164596302.28
2025-12-01,89.149833,57673725,5141602945.47
2025-12-02,88.351144,56423725,4985100627.0
2025-12-03,88.972035,57023725,5073516874.87
2025-12-04,88.469534,56873725,5031591932.3
2025-12-05,44.107243,112947450,4981800654.24
2025-12-08,43.475033,112947450,4910394162.54
2025-12-09,43.375489,114597450,4970720428.11
2025-12-10,44.227878,115797450,5121475541.49
2025-12-11,45.119254,115697450,5220182614.05
2025-12-12,45.138031,116797450,5272006873.79
2025-12-15,45.117791,118297450,5337319666.53
2025-12-16,44.998649,118647450,5338974939.58
2025-12-17,45.184129,118197450,5340648783.54
2025-12-18,45.162652,117097450,5288431415.28
2025-12-19,45.359585,116447450,5282007979.34
2025-12-22,45.674916,122497450,5595060778.3
2025-12-23,45.747243,121447450,5555886054.02
2025-12-24,45.840914,119597450,5482456476.41
2025-12-26,46.115695,118397450,5459980674.53
2025-12-29,45.746492,118647450,5427704580.96
2025-12-30,45.709439,118447450,5414166466.51
2025-12-31,45.32904,118197450,5357776979.52
2026-01-02,46.10907,117547450,5420003619.66
2026-01-05,46.587021,119347450,5560042189.45
2026-01-06,47.483279,119847450,5690749901.8
2026-01-07,46.672444,122847450,5733590747.81
2026-01-08,47.484382,123047450,5842832080.7
2026-01-09,48.263705,124047450,5986989570.61
2026-01-12,48.521195,124497450,6040764995.87
2026-01-13,48.725682,123747450,6029678951.82
2026-01-14,48.740706,121997450,5946241789.21
2026-01-15,48.94732,120547450,5900474608.3
2026-01-16,48.668023,120047450,5842472034.48
2026-01-20,48.203507,120047450,5786708127.77
2026-01-21,49.234291,118697450,5843984837.62
2026-01-22,49.511417,118097450,5847172091.52
2026-01-23,49.966333,120597450,6025812324.41
2026-01-26,50.020191,121397450,6072323593.8
2026-01-27,49.985055,121597450,6078055259.87
2026-01-28,49.966756,122697450,6130793509.38
2026-01-29,50.023334,122547450,6130231990.22
2026-01-30,49.294574,124247450,6124725095.15
2026-02-02,49.643813,123947450,6153224068.08
2026-02-03,50.711652,125947450,6387003315.4
2026-02-04,51.889298,128697450,6678020350.67
2026-02-05,50.521412,129247450,6529763645.11
2026-02-06,51.532224,129147450,6655255343.36
2026-02-09,52.183954,127647450,6661148606.0
2026-02-10,52.900311,128397450,6792265002.33
2026-02-11,53.60919,127947450,6859159164.31
2026-02-12,52.845595,130947450,6919995902.43
2026-02-13,53.310699,130347450,6948913622.34
2026-02-17,52.695661,131397450,6924075418.66
2026-02-18,53.040298,133797450,7096656631.37
2026-02-19,52.832159,134147450,7087299417.72
2026-02-20,52.964823,135397450,7171301920.06
2026-02-23,52.971095,136797450,7246310784.91
2026-02-24,53.355291,138897450,7410913929.85
2026-02-25,53.048326,139547450,7402758670.75
2026-02-26,52.999484,139147450,7374743089.07
2026-02-27,53.414453,135647450,7245534327.87
2026-03-02,53.256316,136197450,7253374472.27
2026-03-03,51.956764,136247450,7078976632.95
2026-03-04,51.934277,136647450,7096686555.79
2026-03-05,50.843947,137397450,6985828607.9
2026-03-06,49.873798,136197450,6792684124.21
2026-03-09,50.002205,136247450,6812672982.72
2026-03-10,49.877837,134897450,6728393018.71
2026-03-11,49.847987,133897450,6674518371.25
2026-03-12,49.689118,132447450,6581197006.7
2026-03-13,49.194814,130397450,6414878233.85
2026-03-16,49.382351,129247450,6382542982.76
2026-03-17,49.520876,128747450,6375686522.57
2026-03-18,48.491702,128447450,6228635481.61
2026-03-19,47.748745,130847450,6247801460.22
2026-03-20,46.991231,132447450,6223868779.01
2026-03-23,47.559915,130847450,6223093646.0
2026-03-24,48.444504,131097450,6350950882.79
2026-03-25,49.41625,131297450,6488227630.04
2026-03-26,49.102459,130597450,6412655987.19
2026-03-27,48.927155,127297450,6228302125.23
2026-03-30,49.068739,126447450,6204616934.81
2026-03-31,49.963409,130897450,6540082781.6
2026-04-01,50.465309,131897450,6656245531.47
2026-04-02,50.400132,132597450,6682929001.74
2026-04-06,50.211839,132497450,6652940620.84
2026-04-07,50.095369,133047450,6665061114.76
2026-04-08,51.757375,134947450,6984525711.46
2026-04-09,51.673747,138247450,7143763746.43
2026-04-10,51.966246,140447450,7298526784.95
2026-04-13,52.205018,140497450,7334671955.61
2026-04-14,52.0171,140647450,7316072452.93
2026-04-15,51.364167,142347450,7311558157.14
2026-04-16,51.765774,146847450,7601671860.96
2026-04-17,51.890978,149197450,7742001585.42
2026-04-20,52.233851,148197450,7740923530.84
2026-04-21,51.775764,146797450,7600550093.71
2026-04-22,51.850448,146847450,7614106131.34
2026-04-23,51.812161,143547450,7437503563.59
2026-04-24,51.940194,142947450,7424718354.94
2026-04-27,51.774078,144147450,7463101262.35
2026-04-28,51.408628,142797450,7341021011.56
2026-04-29,50.949321,142347450,7252505932.82
2026-04-30,51.455891,142097450,7311750945.35
2026-05-01,51.347169,143647450,7375889829.41
2026-05-04,50.623516,143897450,7284594829.7
2026-05-05,51.503592,142697450,7349431215.09
2026-05-06,52.411701,144047450,7549771854.79
2026-05-07,51.404697,145897450,7499814278.88
2026-05-08,51.591741,143097450,7382646643.9
2026-05-11,52.24815,143597450,7502701040.96
2026-05-12,52.142839,143047450,7458900198.11
2026-05-13,52.054658,142797450,7433272463.4
2026-05-14,51.652446,143797450,7427490019.73
2026-05-15,50.294035,145797450,7332742024.12
2026-05-18,50.198039,144347450,7245958874.88
2026-05-19,49.036061,144497450,7085585798.43
2026-05-20,49.72085,144097450,7164647753.41
2026-05-21,50.022927,143397450,7173160104.01
2026-05-22,50.281176,143997450,7240361075.21
2026-05-26,51.008462,143747450,7332336402.97
2026-05-27,51.159204,143747450,7354005184.85
2026-05-28,51.353916,142697450,7328072911.53
2026-05-29,51.162275,142947450,7313516803.47
2026-06-01,50.904182,140947450,7174814582.9
2026-06-02,51.493022,145597450,7497252654.15
2026-06-03,51.596529,150247450,7752246886.27
2026-06-04,51.607244,152747450,7882874986.95
2026-06-05,50.628765,154697450,7832140801.15
2026-06-08,49.939806,154447450,7713075674.54
2026-06-09,50.784118,154597450,7851095155.29
2026-06-10,49.592355,155147450,7694127478.63
2026-06-11,51.22569,154447450,7911677163.8
2026-06-12,52.19587,153597450,8017152609.33
2026-06-15,52.500042,156397450,8210872697.2
2026-06-16,52.726205,159597450,8414967934.55
2026-06-17,52.027804,160397450,8345127087.65
2026-06-18,51.797996,161297450,8354884744.8
2026-06-22,51.625943,160347450,8278088333.02
2026-06-23,50.849798,161247450,8199400305.42
2026-06-24,51.160044,160247450,8198266522.15
2026-06-25,51.842335,160647450,8328338902.36
2026-06-26,51.666697,160447450,8289789802.48
2026-06-29,50.663908,161647450,8189691587.74
2026-06-30,50.863537,160547450,8166011156.03
2026-07-01,51.00467,160697450,8196320386.95
2026-07-02,52.017917,159847450,8314931456.67
2026-07-06,51.95474,157747450,8195727753.3
2026-07-07,51.505784,163297450,8410763257.8
2026-07-08,50.189333,162197450,8140581858.52
2026-07-09,50.280765,164997450,8296198056.32
2026-07-10,50.885982,167947450,8546170906.36
2026-07-13,50.565966,167397450,8464613683.28
2026-07-14,50.643729,166047450,8409262131.17
2026-07-15,50.495055,165247450,8344179126.08
2026-07-16,50.87324,165947450,8442284469.62
2026-07-17,50.511641,165947450,8382278069.8
2026-07-20,50.00065,165947450,8297480443.78
2026-07-21,50.09176,166147450,8322618127.19
2026-07-22,50.80831,166147450,8441671112.8
2026-07-23,50.322144,168597450,8484185106.23
2026-07-24,51.235698,168997450,8658702349.87
2026-07-27,51.402025,167747450,8622558644.35
2026-07-28,52.314598,167947450,8786103398.48
2026-07-29,51.716337,164097450,8486518985.51
