date,nav,shares_outstanding,total_net_assets
2003-12-01,24.69,,
2003-12-02,24.86,,
2003-12-03,24.76,,
2003-12-04,25.37,,
2003-12-05,25.5,,
2003-12-08,25.8,,
2003-12-09,25.87,,
2003-12-10,25.87,,
2003-12-11,25.96,,
2003-12-12,26.24,,
2003-12-15,25.94,,
2003-12-16,26.3,,
2003-12-17,26.53,,
2003-12-18,27.3,,
2003-12-19,27.11,,
2003-12-22,27.14,,
2003-12-23,26.96,,
2003-12-24,27.23,,
2003-12-26,27.31,,
2003-12-29,27.66,,
2003-12-30,27.71,,
2003-12-31,27.62,,
2004-01-02,27.51,,
2004-01-05,28.1,,
2004-01-06,28.01,,
2004-01-07,27.76,,
2004-01-08,27.89,,
2004-01-09,27.97,,
2004-01-12,28.02,,
2004-01-13,28.02,,
2004-01-14,27.98,,
2004-01-15,27.52,,
2004-01-16,27.82,,
2004-01-20,28.46,,
2004-01-21,28.68,,
2004-01-22,28.47,,
2004-01-23,28.74,,
2004-01-26,28.95,,
2004-01-27,28.81,,
2004-01-28,28.5,,
2004-01-29,28.49,,
2004-01-30,28.2,,
2004-02-02,28.29,,
2004-02-03,28.19,,
2004-02-04,27.99,,
2004-02-05,27.74,,
2004-02-06,27.92,,
2004-02-09,28.27,,
2004-02-10,28.66,,
2004-02-11,29.03,,
2004-02-12,29.14,,
2004-02-13,29.04,,
2004-02-17,29.3,,
2004-02-18,28.98,,
2004-02-19,28.99,,
2004-02-20,29.0,,
2004-02-23,29.18,,
2004-02-24,29.24,,
2004-02-25,29.37,,
2004-02-26,29.48,,
2004-02-27,29.6,,
2004-03-01,30.2,,
2004-03-02,29.95,,
2004-03-03,29.94,,
2004-03-04,29.81,,
2004-03-05,30.12,,
2004-03-08,30.18,,
2004-03-09,29.99,,
2004-03-10,29.46,,
2004-03-11,28.84,,
2004-03-12,29.31,,
2004-03-15,29.28,,
2004-03-16,29.27,,
2004-03-17,29.75,,
2004-03-18,29.99,,
2004-03-19,29.31,,
2004-03-22,29.0,,
2004-03-23,28.8,,
2004-03-24,28.19,,
2004-03-25,28.12,,
2004-03-26,28.4,,
2004-03-29,28.54,,
2004-03-30,29.1,,
2004-03-31,29.34,,
2004-04-01,28.97,,
2004-04-02,29.1,,
2004-04-05,29.28,,
2004-04-06,29.24,,
2004-04-07,29.26,,
2004-04-08,29.58,,
2004-04-12,30.12,,
2004-04-13,29.8,,
2004-04-14,29.91,,
2004-04-15,30.28,,
2004-04-16,30.51,,
2004-04-19,30.48,,
2004-04-20,29.8,,
2004-04-21,29.75,,
2004-04-22,30.28,,
2004-04-23,30.11,,
2004-04-26,30.28,,
2004-04-27,30.84,,
2004-04-28,30.42,,
2004-04-29,29.68,,
2004-04-30,29.8,,
2004-05-03,30.56,,
2004-05-04,30.51,,
2004-05-05,30.65,,
2004-05-06,30.44,,
2004-05-07,29.78,,
2004-05-10,28.89,,
2004-05-11,29.42,,
2004-05-12,29.6,,
2004-05-13,29.52,,
2004-05-14,29.9,,
2004-05-17,29.88,,
2004-05-18,29.43,,
2004-05-19,29.27,,
2004-05-20,29.22,,
2004-05-21,29.13,,
2004-05-24,29.73,,
2004-05-25,30.27,,
2004-05-26,29.98,,
2004-05-27,29.98,,
2004-05-28,29.72,,
2004-06-01,30.14,,
2004-06-02,30.08,,
2004-06-03,29.84,,
2004-06-04,29.7,,
2004-06-07,30.25,,
2004-06-08,30.1,,
2004-06-09,29.82,,
2004-06-10,30.25,,
2004-06-14,29.99,,
2004-06-15,30.45,,
2004-06-16,31.01,,
2004-06-17,31.26,,
2004-06-18,31.23,,
2004-06-21,31.13,,
2004-06-22,31.32,,
2004-06-23,31.91,,
2004-06-24,31.65,,
2004-06-25,31.43,,
2004-06-28,31.06,,
2004-06-29,31.22,,
2004-06-30,31.5,,
2004-07-01,31.54,,
2004-07-02,31.61,,
2004-07-06,31.75,,
2004-07-07,31.92,,
2004-07-08,31.75,,
2004-07-09,31.92,,
2004-07-12,31.78,,
2004-07-13,31.69,,
2004-07-14,32.08,,
2004-07-15,32.28,,
2004-07-16,32.62,,
2004-07-19,32.52,,
2004-07-20,32.45,,
2004-07-21,31.87,,
2004-07-22,31.98,,
2004-07-23,31.81,,
2004-07-26,31.53,,
2004-07-27,31.85,,
2004-07-28,32.09,,
2004-07-29,32.32,,
2004-07-30,32.5,,
2004-08-02,32.43,,
2004-08-03,32.79,,
2004-08-04,32.04,,
2004-08-05,31.59,,
2004-08-06,30.95,,
2004-08-09,31.43,,
2004-08-10,31.31,,
2004-08-11,31.15,,
2004-08-12,30.77,,
2004-08-13,31.1,,
2004-08-16,31.31,,
2004-08-17,30.64,,
2004-08-18,31.01,,
2004-08-19,31.13,,
2004-08-20,31.43,,
2004-08-23,31.07,,
2004-08-24,30.94,,
2004-08-25,31.14,,
2004-08-26,31.38,,
2004-08-27,31.59,,
2004-08-30,31.45,,
2004-08-31,32.0,,
2004-09-01,32.5,,
2004-09-02,32.75,,
2004-09-03,32.86,,
2004-09-07,32.82,,
2004-09-08,32.82,,
2004-09-09,33.29,,
2004-09-10,33.07,,
2004-09-13,33.37,,
2004-09-14,33.49,,
2004-09-15,33.41,,
2004-09-16,33.49,,
2004-09-17,33.9,,
2004-09-20,33.93,,
2004-09-21,34.79,,
2004-09-22,34.53,,
2004-09-23,34.2,,
2004-09-24,34.59,,
2004-09-27,34.62,,
2004-09-28,35.18,,
2004-09-29,34.77,,
2004-09-30,35.0,,
2004-10-01,35.43,,
2004-10-04,35.36,,
2004-10-05,35.75,,
2004-10-06,36.4,,
2004-10-07,36.14,,
2004-10-08,36.2,,
2004-10-11,35.85,,
2004-10-12,35.47,,
2004-10-13,34.7,,
2004-10-14,35.03,,
2004-10-15,35.14,,
2004-10-18,34.71,,
2004-10-19,34.6,,
2004-10-20,35.36,,
2004-10-21,35.54,,
2004-10-22,35.51,,
2004-10-25,35.51,,
2004-10-26,35.95,,
2004-10-27,35.26,,
2004-10-28,34.64,,
2004-10-29,35.14,,
2004-11-01,34.9,,
2004-11-02,34.39,,
2004-11-03,35.12,,
2004-11-04,35.56,,
2004-11-05,35.76,,
2004-11-08,35.11,,
2004-11-09,34.83,,
2004-11-10,35.21,,
2004-11-11,35.17,,
2004-11-12,35.92,,
2004-11-15,35.15,,
2004-11-16,35.15,,
2004-11-17,35.63,,
2004-11-18,35.96,,
2004-11-19,36.43,,
2004-11-22,36.94,,
2004-11-23,37.14,,
2004-11-24,37.46,,
2004-11-26,37.67,,
2004-11-29,37.44,,
2004-11-30,37.48,,
2004-12-01,36.64,,
2004-12-02,35.67,,
2004-12-03,35.98,,
2004-12-06,35.98,,
2004-12-07,35.29,,
2004-12-08,35.49,,
2004-12-09,35.78,,
2004-12-10,35.55,,
2004-12-13,36.14,,
2004-12-14,36.25,,
2004-12-15,36.55,,
2004-12-16,36.2,,
2004-12-17,36.05,,
2004-12-20,36.45,,
2004-12-21,36.78,,
2004-12-22,36.27,,
2004-12-23,36.51,,
2004-12-27,35.86,,
2004-12-28,36.08,,
2004-12-29,36.36,,
2004-12-30,36.21,,
2004-12-31,36.29,,
2005-01-03,35.03,,
2005-01-04,34.81,,
2005-01-05,34.66,,
2005-01-06,35.28,,
2005-01-07,35.0,,
2005-01-10,35.23,,
2005-01-11,35.25,,
2005-01-12,35.88,,
2005-01-13,36.12,,
2005-01-14,36.43,,
2005-01-18,36.81,,
2005-01-19,36.68,,
2005-01-20,36.34,,
2005-01-21,36.39,,
2005-01-24,36.68,,
2005-01-25,36.87,,
2005-01-26,37.21,,
2005-01-27,37.55,,
2005-01-28,37.13,,
2005-01-31,37.57,,
2005-02-01,38.18,,
2005-02-02,38.69,,
2005-02-03,38.91,,
2005-02-04,39.09,,
2005-02-07,38.8,,
2005-02-08,39.08,,
2005-02-09,39.04,,
2005-02-10,40.05,,
2005-02-11,40.37,,
2005-02-14,40.5,,
2005-02-15,40.56,,
2005-02-16,41.67,,
2005-02-17,41.12,,
2005-02-18,42.02,,
2005-02-22,41.72,,
2005-02-23,42.28,,
2005-02-24,43.09,,
2005-02-25,44.13,,
2005-02-28,43.94,,
2005-03-01,43.02,,
2005-03-02,43.6,,
2005-03-03,44.35,,
2005-03-04,44.91,,
2005-03-07,44.59,,
2005-03-08,44.55,,
2005-03-09,43.31,,
2005-03-10,42.51,,
2005-03-11,42.77,,
2005-03-14,43.15,,
2005-03-15,42.54,,
2005-03-16,42.64,,
2005-03-17,43.36,,
2005-03-18,43.77,,
2005-03-21,43.41,,
2005-03-22,42.88,,
2005-03-23,42.06,,
2005-03-24,42.02,,
2005-03-28,42.06,,
2005-03-29,41.43,,
2005-03-30,42.03,,
2005-03-31,42.86,,
2005-04-01,43.91,,
2005-04-04,43.55,,
2005-04-05,42.98,,
2005-04-06,43.73,,
2005-04-07,43.48,,
2005-04-08,42.74,,
2005-04-11,43.04,,
2005-04-12,42.43,,
2005-04-13,41.38,,
2005-04-14,41.28,,
2005-04-15,39.78,,
2005-04-18,40.46,,
2005-04-19,41.39,,
2005-04-20,40.61,,
2005-04-21,41.88,,
2005-04-22,42.06,,
2005-04-25,42.61,,
2005-04-26,41.92,,
2005-04-27,40.91,,
2005-04-28,40.06,,
2005-04-29,40.51,,
2005-05-02,41.3,,
2005-05-03,40.34,,
2005-05-04,40.81,,
2005-05-05,41.2,,
2005-05-06,41.11,,
2005-05-09,41.64,,
2005-05-10,40.96,,
2005-05-11,41.22,,
2005-05-12,39.46,,
2005-05-13,38.83,,
2005-05-16,38.64,,
2005-05-17,39.32,,
2005-05-18,39.24,,
2005-05-19,39.97,,
2005-05-20,39.68,,
2005-05-23,40.29,,
2005-05-24,40.6,,
2005-05-25,41.08,,
2005-05-26,41.33,,
2005-05-27,41.96,,
2005-05-31,41.66,,
2005-06-01,42.43,,
2005-06-02,42.42,,
2005-06-03,42.57,,
2005-06-06,42.76,,
2005-06-07,42.36,,
2005-06-08,42.44,,
2005-06-09,43.66,,
2005-06-10,43.65,,
2005-06-13,43.81,,
2005-06-14,44.07,,
2005-06-15,44.57,,
2005-06-16,45.24,,
2005-06-17,45.8,,
2005-06-20,45.85,,
2005-06-21,44.94,,
2005-06-22,45.18,,
2005-06-23,45.19,,
2005-06-24,44.93,,
2005-06-27,45.61,,
2005-06-28,44.83,,
2005-06-29,44.72,,
2005-06-30,44.48,,
2005-07-01,45.39,,
2005-07-05,46.77,,
2005-07-06,45.95,,
2005-07-07,46.53,,
2005-07-08,46.23,,
2005-07-11,46.56,,
2005-07-12,47.0,,
2005-07-13,46.72,,
2005-07-14,45.63,,
2005-07-15,45.38,,
2005-07-18,45.17,,
2005-07-19,46.13,,
2005-07-20,46.21,,
2005-07-21,45.73,,
2005-07-22,47.42,,
2005-07-25,47.83,,
2005-07-26,47.68,,
2005-07-27,47.94,,
2005-07-28,48.14,,
2005-07-29,47.62,,
2005-08-01,48.06,,
2005-08-02,48.88,,
2005-08-03,48.68,,
2005-08-04,48.78,,
2005-08-05,48.42,,
2005-08-08,49.08,,
2005-08-09,48.94,,
2005-08-10,49.82,,
2005-08-11,50.3,,
2005-08-12,50.14,,
2005-08-15,49.65,,
2005-08-16,48.59,,
2005-08-17,47.47,,
2005-08-18,47.42,,
2005-08-19,48.2,,
2005-08-22,48.28,,
2005-08-23,48.22,,
2005-08-24,48.61,,
2005-08-25,48.57,,
2005-08-26,47.96,,
2005-08-29,48.39,,
2005-08-30,49.26,,
2005-08-31,50.59,,
2005-09-01,51.94,,
2005-09-02,50.95,,
2005-09-06,51.33,,
2005-09-07,51.4,,
2005-09-08,51.43,,
2005-09-09,52.83,,
2005-09-12,51.77,,
2005-09-13,51.3,,
2005-09-14,51.89,,
2005-09-15,51.94,,
2005-09-16,52.28,,
2005-09-19,53.64,,
2005-09-20,53.16,,
2005-09-21,53.88,,
2005-09-22,53.46,,
2005-09-23,52.53,,
2005-09-26,53.49,,
2005-09-27,53.53,,
2005-09-28,54.04,,
2005-09-29,54.48,,
2005-09-30,53.65,,
2005-10-03,53.52,,
2005-10-04,51.59,,
2005-10-05,49.68,,
2005-10-06,48.47,,
2005-10-07,49.56,,
2005-10-10,48.81,,
2005-10-11,49.9,,
2005-10-12,48.98,,
2005-10-13,47.66,,
2005-10-14,48.35,,
2005-10-17,48.92,,
2005-10-18,46.71,,
2005-10-19,47.7,,
2005-10-20,45.59,,
2005-10-21,46.0,,
2005-10-24,47.64,,
2005-10-25,48.71,,
2005-10-26,48.32,,
2005-10-27,47.04,,
2005-10-28,48.33,,
2005-10-31,48.79,,
2005-11-01,49.12,,
2005-11-02,50.05,,
2005-11-03,51.01,,
2005-11-04,49.57,,
2005-11-07,48.66,,
2005-11-08,49.07,,
2005-11-09,48.64,,
2005-11-10,47.13,,
2005-11-11,47.48,,
2005-11-14,47.73,,
2005-11-15,47.79,,
2005-11-16,48.98,,
2005-11-17,49.02,,
2005-11-18,49.08,,
2005-11-21,50.23,,
2005-11-22,51.07,,
2005-11-23,50.87,,
2005-11-25,51.03,,
2005-11-28,49.28,,
2005-11-29,49.38,,
2005-11-30,49.55,,
2005-12-01,51.07,,
2005-12-02,51.15,,
2005-12-05,51.5,,
2005-12-06,51.76,,
2005-12-07,51.57,,
2005-12-08,52.5,,
2005-12-09,51.79,,
2005-12-12,52.45,,
2005-12-13,52.26,,
2005-12-14,52.93,,
2005-12-15,52.47,,
2005-12-16,51.07,,
2005-12-19,50.78,,
2005-12-20,51.31,,
2005-12-21,51.45,,
2005-12-22,51.38,,
2005-12-23,51.22,,
2005-12-27,49.78,,
2005-12-28,50.51,,
2005-12-29,50.09,,
2005-12-30,50.28,,
2006-01-03,52.62,,
2006-01-04,52.87,,
2006-01-05,52.17,,
2006-01-06,53.4,,
2006-01-09,53.44,,
2006-01-10,53.96,,
2006-01-11,54.23,,
2006-01-12,53.77,,
2006-01-13,54.43,,
2006-01-17,55.63,,
2006-01-18,54.88,,
2006-01-19,56.17,,
2006-01-20,56.46,,
2006-01-23,57.06,,
2006-01-24,56.7,,
2006-01-25,55.59,,
2006-01-26,55.62,,
2006-01-27,56.62,,
2006-01-30,57.92,,
2006-01-31,57.61,,
2006-02-01,56.36,,
2006-02-02,55.73,,
2006-02-03,55.27,,
2006-02-06,56.24,,
2006-02-07,53.91,,
2006-02-08,54.01,,
2006-02-09,52.77,,
2006-02-10,52.55,,
2006-02-13,52.39,,
2006-02-14,51.8,,
2006-02-15,51.51,,
2006-02-16,52.67,,
2006-02-17,53.0,,
2006-02-21,54.02,,
2006-02-22,53.11,,
2006-02-23,52.97,,
2006-02-24,53.62,,
2006-02-27,52.76,,
2006-02-28,52.34,,
2006-03-01,53.21,,
2006-03-02,54.0,,
2006-03-03,54.04,,
2006-03-06,52.31,,
2006-03-07,51.57,,
2006-03-08,51.67,,
2006-03-09,51.16,,
2006-03-10,51.35,,
2006-03-13,52.36,,
2006-03-14,53.35,,
2006-03-15,53.58,,
2006-03-16,54.39,,
2006-03-17,53.7,,
2006-03-20,52.52,,
2006-03-21,52.4,,
2006-03-22,52.69,,
2006-03-23,53.39,,
2006-03-24,53.82,,
2006-03-27,54.1,,
2006-03-28,54.51,,
2006-03-29,55.14,,
2006-03-30,55.14,,
2006-03-31,54.38,,
2006-04-03,54.65,,
2006-04-04,55.42,,
2006-04-05,56.32,,
2006-04-06,56.41,,
2006-04-07,55.41,,
2006-04-10,56.36,,
2006-04-11,55.93,,
2006-04-12,55.58,,
2006-04-13,55.81,,
2006-04-17,56.8,,
2006-04-18,58.2,,
2006-04-19,59.06,,
2006-04-20,58.5,,
2006-04-21,59.77,,
2006-04-24,58.8,,
2006-04-25,58.06,,
2006-04-26,57.19,,
2006-04-27,56.55,,
2006-04-28,57.15,,
2006-05-01,58.04,,
2006-05-02,59.4,,
2006-05-03,58.5,,
2006-05-04,58.17,,
2006-05-05,58.81,,
2006-05-08,58.59,,
2006-05-09,59.02,,
2006-05-10,59.5,,
2006-05-11,58.7,,
2006-05-12,56.82,,
2006-05-15,55.64,,
2006-05-16,55.78,,
2006-05-17,54.39,,
2006-05-18,53.62,,
2006-05-19,53.96,,
2006-05-22,53.66,,
2006-05-23,53.74,,
2006-05-24,53.09,,
2006-05-25,54.84,,
2006-05-26,55.13,,
2006-05-30,54.18,,
2006-05-31,55.434458,81707571,4529414920.85
2006-06-01,55.717772,77357571,4310191510.97
2006-06-02,56.498484,75157571,4246288845.64
2006-06-05,54.77137,74857571,4100051738.86
2006-06-06,54.753463,69457571,3803042541.21
2006-06-07,52.835766,68107571,3598515652.46
2006-06-08,53.323635,66757571,3559756324.68
2006-06-09,52.865079,68757571,3634874415.92
2006-06-12,51.721246,77507571,4008788166.78
2006-06-13,50.236497,75707571,3803283146.09
2006-06-14,51.52142,76657571,3949506918.07
2006-06-15,53.532319,80557571,4312433584.14
2006-06-16,53.040932,72907571,3867085497.26
2006-06-19,51.221806,75257571,3854828726.22
2006-06-20,50.835232,73057571,3713898559.11
2006-06-21,51.963197,72007571,3741743575.68
2006-06-22,52.194051,78057571,4074140811.69
2006-06-23,53.322082,78507571,4186187114.03
2006-06-26,53.914331,83457571,4499559137.08
2006-06-27,54.046429,82507571,4459239588.96
2006-06-28,55.029991,77607571,4270743924.66
2006-06-29,56.55383,76757571,4340934621.04
2006-06-30,56.665136,83907571,4754633939.06
2006-07-03,57.366674,84157571,4827839925.21
2006-07-05,57.59099,85007571,4895670147.31
2006-07-06,57.476229,85907571,4937643206.23
2006-07-07,56.680322,85407571,4840928637.39
2006-07-10,56.852434,82857571,4710654569.77
2006-07-11,57.870293,82857571,4794991909.93
2006-07-12,57.723647,80307571,4635645840.19
2006-07-13,57.192143,79657571,4555787227.51
2006-07-14,57.805772,84057571,4859012794.65
2006-07-17,56.028116,83557571,4681573243.26
2006-07-18,56.071995,79957571,4483380543.84
2006-07-19,56.5483,77257571,4368784315.24
2006-07-20,55.303668,77107571,4264331513.29
2006-07-21,54.327954,74457571,4045127520.36
2006-07-24,56.021785,70057571,3924750165.79
2006-07-25,57.029398,70757571,4035261672.4
2006-07-26,58.099157,72257571,4198103936.48
2006-07-27,57.818418,72557571,4195163947.77
2006-07-28,57.74688,73257571,4230396158.15
2006-07-31,58.588219,73057571,4280312939.03
2006-08-01,58.743459,72207571,4241722460.09
2006-08-02,58.848212,71608835,4214051881.15
2006-08-03,58.338622,71158835,4151308348.82
2006-08-04,57.88336,71858835,4159430849.61
2006-08-07,58.346973,69608835,4061464801.51
2006-08-08,58.136089,63358835,3683434871.0
2006-08-09,58.532869,62258835,3644188253.23
2006-08-10,58.199319,60958835,3547762656.38
2006-08-11,58.090721,62508835,3631183277.15
2006-08-14,57.036633,67608835,3856180286.7
2006-08-15,57.23678,70508835,4035698672.82
2006-08-16,56.951835,77208835,4397184867.11
2006-08-17,56.610452,76408835,4325538694.76
2006-08-18,57.464503,80808835,4643639504.81
2006-08-21,57.843199,86058835,4977918349.57
2006-08-22,58.118291,85958835,4995780544.34
2006-08-23,57.180516,86458835,4943760775.78
2006-08-24,57.813773,82458835,4767256341.66
2006-08-25,58.17181,81658835,4750242202.17
2006-08-28,57.281202,77408835,4434071120.0
2006-08-29,56.989947,78158835,4454267878.61
2006-08-30,56.075838,78758835,4416467665.54
2006-08-31,55.729131,81908835,4564708169.55
2006-09-01,56.457904,81908835,4624401136.92
2006-09-05,57.169008,81908835,4682646807.1
2006-09-06,55.301897,80308835,4441230930.9
2006-09-07,55.274774,77908835,4306393235.66
2006-09-08,54.09191,79308835,4289966389.22
2006-09-11,52.378603,78458835,4109564206.32
2006-09-12,52.008873,74858835,3893323678.8
2006-09-13,52.981052,76058835,4029677125.62
2006-09-14,51.927715,82208835,4268916983.76
2006-09-15,51.738365,73908835,3823922286.73
2006-09-18,53.080438,84808835,4501690108.12
2006-09-19,52.13898,89258835,4653864623.94
2006-09-20,50.848044,90708835,4612366821.15
2006-09-21,51.630546,87808835,4533618077.8
2006-09-22,51.267419,80458835,4124916767.48
2006-09-25,51.37657,81708835,4197919678.55
2006-09-26,52.49098,84408835,4430702472.14
2006-09-27,53.328758,83508835,4453422451.79
2006-09-28,53.212699,84460013,4494345208.68
2006-09-29,53.481684,74960013,4008987699.35
2006-10-02,52.841532,75060013,3966286070.35
2006-10-03,51.01282,75110013,3831573539.92
2006-10-04,51.766509,71360013,3694058749.15
2006-10-05,52.55995,72560013,3813750672.01
2006-10-06,52.642134,75610013,3980272450.74
2006-10-09,51.988838,77760013,4042652707.19
2006-10-10,52.820084,77760013,4107290408.38
2006-10-11,52.133374,76510013,3988725153.34
2006-10-12,53.148434,73610013,3912256906.48
2006-10-13,53.895562,72310013,3897188764.42
2006-10-16,55.070877,73610013,4053767991.58
2006-10-17,54.656796,80310013,4389488031.24
2006-10-18,54.261995,76610013,4157012113.89
2006-10-19,55.353039,71810013,3974902468.02
2006-10-20,54.799141,71010013,3891287702.96
2006-10-23,54.829286,74510013,4085330841.32
2006-10-24,55.834468,76210013,4255145529.52
2006-10-25,56.807092,74760013,4246898949.2
2006-10-26,56.677798,76310013,4325083473.1
2006-10-27,56.1276,72810013,4086651316.18
2006-10-30,55.254043,70560013,3898725994.39
2006-10-31,55.77363,70860013,3952120138.69
2006-11-01,55.272539,66960013,3701049915.92
2006-11-02,55.37833,71910013,3982256404.59
2006-11-03,56.488726,74710013,4220273450.58
2006-11-06,57.061203,80610013,4599704275.56
2006-11-07,56.537788,82210013,4647972270.85
2006-11-08,57.491449,66460013,3820882477.72
2006-11-09,58.028961,66260013,3844999715.37
2006-11-10,57.433599,66660013,3828524441.47
2006-11-13,57.437408,62460013,3587541221.78
2006-11-14,57.630059,63210013,3642796764.54
2006-11-15,58.182329,63710013,3706796945.65
2006-11-16,56.5558,66710013,3772838121.32
2006-11-17,57.097698,61560013,3514935039.89
2006-11-20,56.908879,65210013,3711028771.18
2006-11-21,57.97419,63060013,3655853151.07
2006-11-22,57.655547,62610013,3609814548.13
2006-11-24,57.451141,61860013,3553928298.34
2006-11-27,57.220487,61860013,3539660082.86
2006-11-28,58.267069,61060013,3557787985.13
2006-11-29,59.998558,60760013,3645513146.86
2006-11-30,60.431211,59710013,3608348380.12
2006-12-01,60.718325,62260013,3780323688.32
2006-12-04,60.650579,63060013,3824626311.6
2006-12-05,60.874676,64610013,3933113614.77
2006-12-06,60.621097,65460013,3968257803.16
2006-12-07,60.343122,63960013,3859546861.18
2006-12-08,60.278098,67260013,4054305677.48
2006-12-11,60.196662,63860013,3844159593.68
2006-12-12,60.235846,69660013,4196029801.26
2006-12-13,60.798756,78710013,4785470884.75
2006-12-14,61.857331,79510013,4918277174.11
2006-12-15,61.021072,77460013,4726693058.48
2006-12-18,59.309583,81210013,4816531974.2
2006-12-19,60.18062,87810013,5284460989.57
2006-12-20,59.435993,85610013,5088316126.29
2006-12-21,59.072414,82610013,4879972885.38
2006-12-22,58.605383,76560013,4486828899.89
2006-12-26,58.605482,75960013,4451673187.8
2006-12-27,59.235054,74660013,4422489882.13
2006-12-28,59.321008,71061005,4215410435.29
2006-12-29,58.753778,64811005,3807891430.6
2007-01-03,56.538504,64111005,3624740342.18
2007-01-04,55.446368,55711005,3088972860.27
2007-01-05,55.884632,63361005,3540906463.47
2007-01-08,55.967958,68461005,3831622678.24
2007-01-09,55.345761,71511005,3957830981.85
2007-01-10,54.471846,74811005,4075093545.93
2007-01-11,54.023315,74811005,4041538520.86
2007-01-12,55.437968,78861005,4371893865.69
2007-01-16,54.858275,67861005,3722737670.61
2007-01-17,55.509777,69661005,3866866886.72
2007-01-18,55.089447,68711005,3785251278.44
2007-01-19,56.45786,66611005,3760714816.43
2007-01-22,56.203753,72011005,4047288764.66
2007-01-23,57.576153,70011005,4030964300.68
2007-01-24,57.848989,75861005,4388482414.51
2007-01-25,56.641855,74611005,4226105754.0
2007-01-26,56.753524,73911005,4194709980.65
2007-01-29,56.488432,68411005,3864430435.75
2007-01-30,57.744563,68111005,3933040244.73
2007-01-31,57.956943,70311005,4075010909.65
2007-02-01,58.513491,70311005,4114142357.85
2007-02-02,58.692225,68361005,4012259489.45
2007-02-05,58.52094,67661005,3959585609.09
2007-02-06,58.402013,70661005,4126744928.37
2007-02-07,58.028784,67861005,3937891611.47
2007-02-08,58.61264,66261005,3883732417.95
2007-02-09,58.350522,63761005,3720487895.34
2007-02-12,57.608538,63561005,3661656575.05
2007-02-13,58.367209,61111005,3566878779.28
2007-02-14,58.534933,66561005,3896143995.74
2007-02-15,57.920018,64611005,3742270591.09
2007-02-16,57.888591,62411005,3612885117.47
2007-02-20,57.453497,64011005,3677656078.23
2007-02-21,57.96294,66761005,3869664133.55
2007-02-22,58.569223,67611005,3959924029.35
2007-02-23,58.696814,66611005,3909853754.27
2007-02-26,59.067362,65561005,3872515623.71
2007-02-27,56.864655,65561005,3728103908.05
2007-02-28,56.975041,66111005,3766677218.39
2007-03-01,56.912435,67111005,3819450734.58
2007-03-02,55.98953,69061005,3866693234.5
2007-03-05,55.505548,78561005,4360571619.57
2007-03-06,56.533368,80411005,4545904961.12
2007-03-07,57.366439,80261005,4604288018.54
2007-03-08,57.603118,84111005,4845056179.46
2007-03-09,57.542396,82411005,4742126650.01
2007-03-12,57.323502,81211005,4655299218.07
2007-03-13,56.600865,79011005,4472091190.07
2007-03-14,57.376064,66161005,3796058032.65
2007-03-15,57.192115,69611005,3981200620.83
2007-03-16,56.492722,58261005,3291322753.83
2007-03-19,57.497706,52611005,3025012072.5
2007-03-20,57.796956,52961005,3060984879.25
2007-03-21,58.787376,55311005,3251588847.87
2007-03-22,59.835342,60811005,3638647291.69
2007-03-23,60.161566,93161005,5604711992.55
2007-03-26,60.648582,90911005,5513623525.81
2007-03-27,60.621003,89511005,5426246929.63
2007-03-28,60.493359,82311005,4979269207.78
2007-03-29,61.011798,80562003,4915232613.26
2007-03-30,60.255649,76562003,4613293149.83
2007-04-02,60.941864,75762003,4617077650.94
2007-04-03,61.144695,71512003,4372579633.21
2007-04-04,61.442557,72512003,4455322910.54
2007-04-05,61.654972,72512003,4470725508.95
2007-04-09,61.588149,56312003,3468152057.07
2007-04-10,62.489742,63012003,3937603809.74
2007-04-11,62.072812,70912003,4401707423.38
2007-04-12,63.024525,72912003,4595244389.04
2007-04-13,63.063321,72962003,4601226215.33
2007-04-16,63.452761,74162003,4705783855.6
2007-04-17,63.11426,73312003,4627032801.09
2007-04-18,62.685465,70562003,4423211979.09
2007-04-19,62.048508,65562003,4068024486.27
2007-04-20,63.239808,65612003,4149290484.94
2007-04-23,63.169335,67062003,4236262139.73
2007-04-24,62.874983,68212003,4288828548.91
2007-04-25,64.243613,64412003,4138059783.26
2007-04-26,64.208444,71462003,4588464004.22
2007-04-27,64.179982,70962003,4554340082.06
2007-04-30,63.423558,68312003,4332590280.57
2007-05-01,63.679494,67312003,4286394274.77
2007-05-02,64.230445,62162003,3992693087.87
2007-05-03,64.863584,60812003,3944484469.86
2007-05-04,64.814677,58812003,3811880948.86
2007-05-07,64.851134,57962003,3758901595.49
2007-05-08,64.885178,56462003,3663547094.8
2007-05-09,64.966034,57862003,3759064879.63
2007-05-10,63.778972,55712003,3553254293.08
2007-05-11,65.147123,60712003,3955212335.58
2007-05-14,65.40508,63312003,4140926633.42
2007-05-15,65.359145,67612003,4419062683.28
2007-05-16,65.741472,61262003,4027454273.93
2007-05-17,66.691286,59962003,3998943110.49
2007-05-18,67.826229,60662003,4114474895.91
2007-05-21,68.39708,64012003,4378234114.81
2007-05-22,67.819386,59562003,4039458494.96
2007-05-23,67.991535,59162003,4022515399.04
2007-05-24,66.859119,57962003,3875288477.56
2007-05-25,67.797164,57962003,3929659432.11
2007-05-29,67.282683,59462003,4000763070.22
2007-05-30,68.680124,58412003,4011743628.85
2007-05-31,68.217623,62212003,4243954988.59
2007-06-01,68.943248,64812003,4468349975.13
2007-06-04,69.95224,68812003,4813553758.53
2007-06-05,69.671764,70012003,4877859739.08
2007-06-06,68.825483,69112003,4756667018.69
2007-06-07,67.50525,67562003,4560789875.02
2007-06-08,67.996866,67062003,4560006060.58
2007-06-11,68.453039,68562003,4693277481.89
2007-06-12,67.637039,69162003,4677913076.64
2007-06-13,68.964362,66812003,4607647186.11
2007-06-14,70.279109,76512003,5377195400.18
2007-06-15,70.956848,63012003,4471133111.62
2007-06-18,71.160555,71062003,5056811578.48
2007-06-19,71.02376,68612003,4873082406.27
2007-06-20,68.986359,70012003,4829873172.96
2007-06-21,70.388235,66012003,4646468380.18
2007-06-22,69.834137,66262003,4627349781.69
2007-06-25,69.186036,57962003,4010161213.99
2007-06-26,67.995954,56012003,3808589603.77
2007-06-27,68.978604,68062003,4694821953.17
2007-06-28,68.687091,71362946,4901713198.94
2007-06-29,69.125139,70962946,4905323509.38
2007-07-02,70.112478,68512946,4803612387.38
2007-07-03,70.648688,68812946,4861544375.1
2007-07-05,70.659207,65412946,4622026905.98
2007-07-06,71.341648,67362946,4805783581.56
2007-07-09,72.168215,66762946,4818162637.12
2007-07-10,71.638384,64712946,4635930848.62
2007-07-11,71.95,65162946,4688473947.76
2007-07-12,73.412,65412946,4802095220.09
2007-07-13,73.954933,69412946,5133429801.9
2007-07-16,72.91191,73712946,5374551686.2
2007-07-17,72.264606,72962946,5272638538.71
2007-07-18,73.706769,68362932,5038810805.07
2007-07-19,74.356789,71812932,5339779049.37
2007-07-20,73.93091,72812932,5383126315.22
2007-07-23,74.237911,73312932,5442598949.68
2007-07-24,71.984626,68912932,4960671651.34
2007-07-25,73.162613,68062932,4979661932.21
2007-07-26,70.650095,68962932,4872237668.83
2007-07-27,69.003249,68262932,4710364107.74
2007-07-30,69.827285,68862932,4808511554.43
2007-07-31,69.190026,65162932,4508624980.89
2007-08-01,69.139549,69562932,4809549751.28
2007-08-02,68.550914,65162932,4466978533.56
2007-08-03,66.159123,62662932,4145724639.46
2007-08-06,66.651854,61762932,4116613938.4
2007-08-07,68.062953,63512932,4322877708.04
2007-08-08,69.364086,65712932,4558117454.11
2007-08-09,67.23928,70312932,4727790900.43
2007-08-10,68.108247,72012932,4904674569.55
2007-08-13,67.736645,72162932,4888074939.87
2007-08-14,67.104098,72312932,4852494055.37
2007-08-15,65.60728,69062932,4531031089.56
2007-08-16,64.978168,67812932,4406360115.85
2007-08-17,67.212365,69062932,4641882965.56
2007-08-20,67.442014,74412932,5018558005.93
2007-08-21,66.487937,72512932,4821235266.8
2007-08-22,67.227708,71162932,4784120827.49
2007-08-23,67.72814,71462932,4840051446.69
2007-08-24,69.125888,67662932,4677260255.47
2007-08-27,68.524525,66062932,4526931031.08
2007-08-28,66.817224,66762932,4460913809.17
2007-08-29,68.939636,64262932,4430263166.73
2007-08-30,68.850058,70262932,4837606910.39
2007-08-31,69.55569,72712932,5057598149.78
2007-09-04,71.062653,74462932,5291533510.13
2007-09-05,70.983165,75312932,5345950249.76
2007-09-06,71.561939,76062932,5443210873.19
2007-09-07,70.51275,76062932,5363406529.17
2007-09-10,70.06193,70662932,4950781367.62
2007-09-11,71.253447,69862932,4977974732.54
2007-09-12,71.849988,70712932,5080723308.08
2007-09-13,72.401868,71812932,5199390417.08
2007-09-14,72.589192,76012932,5517717320.05
2007-09-17,72.536597,77012932,5586256040.63
2007-09-18,74.743318,77112932,5763676397.03
2007-09-19,75.326747,69962932,5270080105.93
2007-09-20,75.50681,77612932,5860304938.59
2007-09-21,75.84854,67362932,5109380040.48
2007-09-24,75.306939,68362932,5148203156.86
2007-09-25,74.527505,67362932,5020391249.3
2007-09-26,74.687536,67662932,5053577682.78
2007-09-27,75.352233,66962932,5045806444.28
2007-09-28,74.985494,67312932,5047493438.07
2007-10-01,76.016844,65112932,4949679586.89
2007-10-02,75.145285,60812932,4569805082.72
2007-10-03,74.434427,59812932,4452141291.66
2007-10-04,74.844589,60063827,4495452455.1
2007-10-05,75.076068,61113827,4588185818.64
2007-10-08,74.440169,58363827,4344613165.89
2007-10-09,75.791566,57263827,4340115134.27
2007-10-10,76.676695,61263827,4697507760.4
2007-10-11,76.494009,62363827,4770459171.72
2007-10-12,77.091398,62713827,4834696593.05
2007-10-15,77.863448,66513827,5178995879.97
2007-10-16,78.094439,68763827,5370072488.49
2007-10-17,77.605553,69213827,5371377348.55
2007-10-18,78.008771,70563827,5504597431.18
2007-10-19,74.614612,71163827,5309861305.83
2007-10-22,73.763841,68113827,5024337479.05
2007-10-23,74.529867,69813827,5203215248.82
2007-10-24,75.208277,68513827,5152806877.29
2007-10-25,75.920497,68813827,5224379942.39
2007-10-26,76.829257,73163827,5621122474.61
2007-10-29,77.305121,73913827,5713917334.61
2007-10-30,74.950529,74413827,5577355694.03
2007-10-31,76.557305,70263827,5379209252.41
2007-11-01,74.633551,74063827,5527646404.06
2007-11-02,75.610329,73163827,5531941063.05
2007-11-05,75.32693,69013827,5198599701.22
2007-11-06,77.46482,63313827,4904594208.05
2007-11-07,75.101504,62363827,4683617173.47
2007-11-08,76.031759,54963827,4178996456.14
2007-11-09,74.553141,49813827,3713777281.14
2007-11-12,71.526355,49013827,3505780402.2
2007-11-13,73.121767,46163827,3375580593.66
2007-11-14,72.931011,50663827,3694964135.87
2007-11-15,71.215335,54913827,3910706571.51
2007-11-16,72.511697,55313827,4010899471.18
2007-11-19,71.51103,58863827,4209412878.41
2007-11-20,73.654416,62863827,4630198448.92
2007-11-21,72.294146,66213827,4786872105.56
2007-11-23,73.627901,68463827,5040847865.77
2007-11-26,71.680533,71463827,5122565199.56
2007-11-27,71.15072,49813827,3544289657.3
2007-11-28,72.332467,64313827,4651977738.19
2007-11-29,73.118341,61713827,4512412654.35
2007-11-30,73.530626,61263827,4504767546.88
2007-12-03,73.8661,61463827,4540093172.48
2007-12-04,73.185174,65563827,4798300058.39
2007-12-05,74.494428,69913827,5208190531.21
2007-12-06,76.434058,73613827,5626603542.79
2007-12-07,76.278449,79513827,6065191426.94
2007-12-10,76.820847,78813827,6054544971.16
2007-12-11,75.258025,80213827,6036734205.23
2007-12-12,77.20254,74463827,5748796578.81
2007-12-13,77.711944,69463827,5398169004.96
2007-12-14,76.574943,67563827,5173696191.73
2007-12-17,74.944065,71013827,5322064843.64
2007-12-18,76.018802,66363827,5044898597.62
2007-12-19,76.420146,65213827,4983650161.97
2007-12-20,77.185359,66613827,5141612150.72
2007-12-21,78.961229,59063827,4663752398.28
2007-12-24,79.479065,62563827,4972514447.6
2007-12-26,80.359904,77863827,6257129693.02
2007-12-27,79.527022,82663827,6574008027.2
2007-12-28,80.232031,88563827,7105655677.53
2007-12-31,79.215901,88313827,6995859390.29
2008-01-02,79.813747,92963827,7419791392.72
2008-01-03,80.183826,80713827,6471943462.34
2008-01-04,77.989951,80764708,6298835619.1
2008-01-07,77.067942,80264708,6185835874.21
2008-01-08,76.071062,77864708,5923251059.75
2008-01-09,77.194378,77764708,6002998248.52
2008-01-10,76.728959,78914708,6055043412.63
2008-01-11,75.667156,78214708,5918284501.56
2008-01-14,77.026982,77464708,5966872698.03
2008-01-15,74.168162,76964708,5708330908.92
2008-01-16,71.824698,76864708,5520784453.26
2008-01-17,68.927539,79114708,5453182143.26
2008-01-18,69.184281,76814708,5314370375.17
2008-01-22,67.37823,82164708,5536112604.92
2008-01-23,67.577095,84714708,5724773837.83
2008-01-24,69.875483,86214708,6024294385.81
2008-01-25,69.054419,86564708,5977675586.59
2008-01-28,70.306298,80264708,5643114441.91
2008-01-29,70.691371,77264708,5461948170.33
2008-01-30,70.425625,77214708,5437894056.74
2008-01-31,70.517626,73664708,5194660348.71
2008-02-01,71.191929,73664708,5244332652.71
2008-02-04,71.373932,71714708,5118560686.42
2008-02-05,68.669323,71214708,4890265817.15
2008-02-06,67.546119,71114708,4803522518.38
2008-02-07,68.512046,67864708,4649550021.04
2008-02-08,69.573752,67364708,4686815485.2
2008-02-11,71.404081,67514708,4820825696.75
2008-02-12,71.310032,65514708,4671855942.76
2008-02-13,73.100363,65314708,4774528878.08
2008-02-14,73.038508,66164708,4832571538.3
2008-02-15,72.836217,67514708,4917515903.94
2008-02-19,74.699304,66014708,4931252714.99
2008-02-20,75.920377,71064708,5395259418.19
2008-02-21,74.268824,71264708,5292746031.59
2008-02-22,74.934282,70114708,5253995273.5
2008-02-25,76.883171,69364708,5332978675.42
2008-02-26,78.032413,72714708,5674104134.19
2008-02-27,77.327622,76364708,5905101300.93
2008-02-28,78.649902,75514708,5939224385.37
2008-02-29,76.235334,75864708,5783571320.81
2008-03-03,76.868661,75064708,5770123569.23
2008-03-04,75.70257,74814708,5663665643.14
2008-03-05,77.188746,69114708,5334877627.55
2008-03-06,75.467437,70864708,5347977913.39
2008-03-07,73.938173,66914708,4947551237.67
2008-03-10,72.934401,55514708,4048931970.22
2008-03-11,76.228961,53014708,4041256092.72
2008-03-12,75.036936,62164708,4664649200.74
2008-03-13,76.124003,65564708,4991047996.78
2008-03-14,74.840071,67064708,5019127477.18
2008-03-17,72.56502,66664708,4837525852.21
2008-03-18,75.304446,60014708,4519374347.58
2008-03-19,71.05117,62564708,4445295734.32
2008-03-20,71.193138,51064708,3635456781.41
2008-03-24,72.151294,60614708,4373429632.73
2008-03-25,72.845901,61214708,4459240561.6
2008-03-26,74.503707,62114708,4627775975.74
2008-03-27,73.838274,62014708,4579059006.16
2008-03-28,73.600267,66014708,4858700119.69
2008-03-31,74.061371,63914708,4733610907.47
2008-04-01,75.443196,62864708,4742714467.3
2008-04-02,76.414492,81514708,6228905023.56
2008-04-03,76.57636,83265623,6376178337.92
2008-04-04,77.478679,87215623,6757351260.91
2008-04-07,77.647272,86265623,6698290254.9
2008-04-08,78.326171,83915623,6572789453.03
2008-04-09,78.739473,77715623,6119287169.74
2008-04-10,78.751843,68565623,5399669167.59
2008-04-11,77.560726,67315623,5221048585.99
2008-04-14,79.130582,63915623,5057680462.47
2008-04-15,79.870438,64365623,5140910498.7
2008-04-16,82.074425,63465623,5208904538.85
2008-04-17,82.026334,65315623,5357601135.39
2008-04-18,83.70496,67165623,5622095781.07
2008-04-21,84.477526,67165623,5673985671.79
2008-04-22,84.609758,69565623,5885930549.47
2008-04-23,83.85533,74215623,6223375591.5
2008-04-24,81.913405,73215623,5997340963.59
2008-04-25,83.026118,74165623,6157683737.73
2008-04-28,82.76521,71565623,5923143830.3
2008-04-29,81.323187,67215623,5466188697.8
2008-04-30,81.943685,63415623,5196509862.54
2008-05-01,80.302822,63365623,5088438368.35
2008-05-02,81.514917,57765623,4708759984.93
2008-05-05,82.459476,61315623,5056054120.72
2008-05-06,84.517031,72365623,6116127570.82
2008-05-07,83.366165,72765623,6066190922.98
2008-05-08,85.06809,81065623,6896097687.36
2008-05-09,84.582226,78115623,6607193277.32
2008-05-12,84.361541,73515623,6201891269.08
2008-05-13,85.468175,71115623,6078122513.34
2008-05-14,84.502289,68865623,5819302746.11
2008-05-15,86.099034,64865623,5584867466.61
2008-05-16,88.494864,59765623,5288950685.24
2008-05-19,89.236515,61265623,5467130655.39
2008-05-20,90.064902,67115623,6044762019.99
2008-05-21,88.918424,69315623,6163435921.83
2008-05-22,88.055214,72415623,6376573193.1
2008-05-23,86.398773,66015623,5703668841.18
2008-05-27,85.832219,66265623,5687725435.45
2008-05-28,87.250417,59215623,5166587826.95
2008-05-29,85.327685,63115623,5385510020.65
2008-05-30,86.115428,63865623,5499815443.09
2008-06-02,86.399287,62315623,5384025417.37
2008-06-03,84.927382,62965623,5347505499.14
2008-06-04,83.669749,61665623,5159547170.33
2008-06-05,87.329901,61415623,5363420295.57
2008-06-06,86.192067,58815623,5069440109.53
2008-06-09,88.506508,66515623,5887065540.2
2008-06-10,86.417471,66465623,5743791080.18
2008-06-11,87.145434,69815623,6084112788.74
2008-06-12,85.609948,73115623,6259424692.72
2008-06-13,86.522537,70865623,6131473489.79
2008-06-16,86.829169,69765623,6057691079.24
2008-06-17,88.454988,70015623,6193231084.38
2008-06-18,88.516595,68365623,6051492157.02
2008-06-19,86.567646,69165623,5987505185.36
2008-06-20,85.758442,48015623,4117744996.74
2008-06-23,89.072583,54715623,4873661895.39
2008-06-24,87.539149,58415623,5113653899.28
2008-06-25,86.971886,56365623,4902224530.52
2008-06-26,86.089699,57715623,4968720613.34
2008-06-27,86.956367,64515623,5610044196.27
2008-06-30,88.417351,67565623,5973973371.69
2008-07-01,88.968628,65365623,5815489797.38
2008-07-02,85.820828,67815623,5819992883.74
2008-07-03,85.164671,67315623,5732912888.81
2008-07-07,83.069414,66866468,5554558299.42
2008-07-08,81.755788,63616468,5201014495.41
2008-07-09,79.867415,67016468,5352432032.98
2008-07-10,82.141768,69566468,5714312692.69
2008-07-11,81.670676,73716468,6020473757.66
2008-07-14,82.356396,71266468,5869249457.01
2008-07-15,78.812266,70516468,5557562648.97
2008-07-16,77.098951,65866468,5078235616.51
2008-07-17,75.577511,63766468,4819310931.83
2008-07-18,76.69365,65616468,5032366421.5
2008-07-21,79.077189,64966468,5137365650.32
2008-07-22,77.006669,66616468,5129912334.26
2008-07-23,73.787036,78766468,5811944176.78
2008-07-24,73.350412,81866468,6004939182.89
2008-07-25,74.12727,82366468,6105601418.72
2008-07-28,73.899773,82466468,6094253287.11
2008-07-29,73.197471,83216468,6091235033.44
2008-07-30,77.508142,79566468,6167049136.78
2008-07-31,74.842687,82916468,6205691242.53
2008-08-01,74.619817,81116468,6052896016.42
2008-08-04,70.801305,80316468,5686510712.52
2008-08-05,71.374994,70616468,5040249985.47
2008-08-06,73.013338,78566468,5736400044.45
2008-08-07,71.892813,78816468,5666337616.34
2008-08-08,71.23291,73366468,5226107022.56
2008-08-11,71.018818,70816468,5029301849.02
2008-08-12,70.691836,67916468,4801139812.38
2008-08-13,73.293988,65916468,4831280782.04
2008-08-14,72.327651,64816468,4688022870.45
2008-08-15,70.984489,65166468,4625808424.56
2008-08-18,70.122724,66416468,4657303681.3
2008-08-19,72.215989,60316468,4355813370.35
2008-08-20,74.479593,64016468,4767920503.54
2008-08-21,76.17491,61966468,4720290097.17
2008-08-22,74.786801,63916468,4780108198.81
2008-08-25,73.75638,64866468,4784315851.59
2008-08-26,75.123054,62066468,4662622654.63
2008-08-27,76.142087,60816468,4630692792.45
2008-08-28,75.346626,59916468,4514503678.64
2008-08-29,74.403845,59116468,4398492532.63
2008-09-02,70.731577,59916468,4237986294.59
2008-09-03,70.279989,65566468,4608010625.94
2008-09-04,68.86185,65716468,4525357538.97
2008-09-05,68.617003,62166468,4265676717.95
2008-09-08,67.947318,61116468,4152700075.89
2008-09-09,63.31791,58666468,3714638155.59
2008-09-10,65.677403,64116468,4211003093.08
2008-09-11,66.745911,57616468,3845663624.98
2008-09-12,68.730635,54616468,3753824503.02
2008-09-15,63.707573,56166468,3578229380.62
2008-09-16,66.097955,56716468,3748842575.63
2008-09-17,64.456718,59566468,3839459010.14
2008-09-18,66.371252,59916468,3976730999.03
2008-09-19,70.992501,70316468,4991941904.68
2008-09-22,70.177254,92216468,6471498498.56
2008-09-23,67.978016,109716468,7458307856.08
2008-09-24,67.973272,122166468,8304054508.44
2008-09-25,69.470541,129416468,8990632045.71
2008-09-26,67.98831,131966468,8972177194.16
2008-09-29,60.231149,129416468,7794902620.81
2008-09-30,63.86778,125266468,8000491281.23
2008-10-01,62.410773,103616468,6466783814.27
2008-10-02,58.012344,101817372,5906664458.88
2008-10-03,57.830822,102317372,5917097713.7
2008-10-06,55.398621,106567372,5903685492.19
2008-10-07,51.933495,106767372,5544802797.18
2008-10-08,52.409597,102717372,5383376121.87
2008-10-09,46.404839,94967372,4406945621.02
2008-10-10,42.58415,94417372,4020683537.43
2008-10-13,50.732622,99467372,5046240630.84
2008-10-14,50.730977,99817372,5063832780.38
2008-10-15,42.684013,95617372,4081333190.91
2008-10-16,45.83609,95267372,4366683806.45
2008-10-17,45.932082,96767372,4444726893.97
2008-10-20,51.136595,95317372,4874205870.1
2008-10-21,49.004626,96367372,4722446991.18
2008-10-22,43.711653,85967372,3757775928.84
2008-10-23,46.354447,77817372,3607181246.51
2008-10-24,44.455784,80667372,3586131241.69
2008-10-27,41.79596,78717372,3290068117.52
2008-10-28,46.617918,83067372,3872427946.37
2008-10-29,48.005407,93417372,4484538982.88
2008-10-30,50.400491,100167372,5048484740.37
2008-10-31,50.936617,100717372,5130202248.51
2008-11-03,49.674231,99267372,4931030393.34
2008-11-04,53.134668,97017372,5154985893.01
2008-11-05,50.72888,101267372,5137180404.67
2008-11-06,47.487543,100317372,4763825491.4
2008-11-07,49.744929,97917372,4870892718.55
2008-11-10,50.076267,97817372,4898328802.69
2008-11-11,48.329567,96817372,4679141641.6
2008-11-12,44.657471,95967372,4285660161.29
2008-11-13,49.694342,95867372,4764065945.09
2008-11-14,47.642632,96867372,4615016568.11
2008-11-17,46.792389,99717372,4666014066.47
2008-11-18,48.197011,100767372,4856686153.42
2008-11-19,45.542266,95517372,4350077526.9
2008-11-20,39.974062,96567372,3860190150.72
2008-11-21,44.731218,97417372,4357597662.88
2008-11-24,47.777268,101167372,4833500680.82
2008-11-25,48.218017,107017372,5160165411.51
2008-11-26,51.233575,107867372,5526431094.24
2008-11-28,50.337414,108967372,5485135721.3
2008-12-01,44.861674,107017372,4800978422.73
2008-12-02,46.4285,106917372,4964013246.1
2008-12-03,46.45985,103417372,4804755585.96
2008-12-04,43.222868,103917372,4491606808.7
2008-12-05,43.866945,102567372,4499317304.55
2008-12-08,46.573021,104517372,4867689776.5
2008-12-09,46.500403,106017372,4929850539.97
2008-12-10,48.982739,103767372,5082810127.71
2008-12-11,48.736023,105467372,5140060245.32
2008-12-12,48.156746,107867372,5194541680.15
2008-12-15,48.014408,108217372,5195993088.59
2008-12-16,49.744913,108367372,5390725527.95
2008-12-17,49.12477,109817372,5394753130.74
2008-12-18,46.235991,108667372,5024343592.4
2008-12-19,46.027995,91417372,4207758345.87
2008-12-22,44.719443,100967372,4515204635.21
2008-12-23,44.550208,99767372,4444657203.71
2008-12-24,44.607809,96967372,4325501984.03
2008-12-26,45.377435,95117372,4316182339.37
2008-12-29,46.350647,94667372,4387893974.62
2008-12-30,47.247107,93967372,4439686481.73
2008-12-31,47.825216,93117372,4453358459.72
2009-01-02,50.263302,93768792,4713129148.71
2009-01-05,51.26579,93468792,4791751506.48
2009-01-06,51.900167,97168792,5043076493.51
2009-01-07,49.672138,96868792,4811679995.27
2009-01-08,50.326069,95668792,4814634191.05
2009-01-09,48.622466,90168792,4384229025.32
2009-01-12,46.83063,87618792,4103243187.08
2009-01-13,47.894967,89068792,4265946890.25
2009-01-14,45.675239,89268792,4077373446.15
2009-01-15,46.086157,90118792,4153228762.55
2009-01-16,46.538268,90118792,4193972468.99
2009-01-20,44.115517,92568792,4083720094.64
2009-01-21,47.016829,88568792,4164223764.4
2009-01-22,45.73695,88018792,4025711109.33
2009-01-23,47.127559,88318792,4162249056.87
2009-01-26,47.976183,90968792,4364335386.94
2009-01-27,48.051398,88268792,4241438863.61
2009-01-28,49.437386,88768792,4388497074.43
2009-01-29,47.511584,88268792,4193790094.17
2009-01-30,46.763926,84718792,3961783354.37
2009-02-02,46.123591,83718792,3861411328.46
2009-02-03,47.026553,87718792,4125112383.74
2009-02-04,47.320009,89518792,4236030013.03
2009-02-05,48.576386,90018792,4372787555.11
2009-02-06,49.524331,90168792,4465549127.31
2009-02-09,49.750312,87268792,4341649668.45
2009-02-10,47.325722,87718792,4151355139.94
2009-02-11,46.817391,87368792,4090378918.16
2009-02-12,46.900038,87368792,4097599703.3
2009-02-13,46.970753,87268792,4099080910.48
2009-02-17,43.70527,87518792,3825032475.9
2009-02-18,43.426186,89618792,3891802346.58
2009-02-19,43.534069,90568792,3942828076.07
2009-02-20,42.305877,91018792,3850629863.49
2009-02-23,40.389695,92018792,3716610932.3
2009-02-24,42.378016,92818792,3933476247.82
2009-02-25,42.087408,93868792,3950694192.27
2009-02-26,42.160232,96068792,4050282521.02
2009-02-27,41.082907,96968792,3983759883.53
2009-03-02,38.074115,96118792,3659637957.9
2009-03-03,38.340679,95968792,3679508658.61
2009-03-04,40.165623,94418792,3792389617.06
2009-03-05,38.327755,98068792,3758756612.86
2009-03-06,38.696114,100168792,3876143028.46
2009-03-09,38.861487,99118792,3851903606.68
2009-03-10,40.985797,101568792,4162877892.44
2009-03-11,40.635177,102018792,4145551633.72
2009-03-12,41.91139,99218792,4158397531.36
2009-03-13,41.524958,100868792,4188572306.01
2009-03-16,42.029394,100668792,4231048287.49
2009-03-17,43.522414,101118792,4400933917.31
2009-03-18,43.966054,101968792,4483165462.96
2009-03-19,44.974815,102018792,4588276327.57
2009-03-20,43.025241,85868792,3694525454.42
2009-03-23,46.520227,97568792,4538922305.96
2009-03-24,45.397126,102318792,4644979091.33
2009-03-25,45.531483,100818792,4590429097.14
2009-03-26,45.906062,99568792,4570811111.22
2009-03-27,44.476171,103218792,4590776656.86
2009-03-30,42.788647,101318792,4335294047.61
2009-03-31,42.580616,100768792,4290797253.06
2009-04-01,43.454347,93318792,4055107167.58
2009-04-02,45.165502,96120554,4341333025.94
2009-04-03,46.005086,96820554,4454237885.07
2009-04-06,45.131963,95820554,4324569694.75
2009-04-07,43.789696,94120554,4121510410.4
2009-04-08,44.387225,93120554,4133363000.45
2009-04-09,45.576945,93520554,4262381153.65
2009-04-13,45.157715,93570554,4225432436.04
2009-04-14,44.953463,92170554,4143385573.75
2009-04-15,45.000994,95470554,4296269822.56
2009-04-16,45.27589,94470554,4277238403.64
2009-04-17,45.712779,94470554,4318511577.18
2009-04-20,43.411724,91870554,3988259146.74
2009-04-21,44.465269,93220554,4145077043.54
2009-04-22,43.984028,93220554,4100215501.93
2009-04-23,44.804097,93220554,4176662734.44
2009-04-24,46.138206,93220554,4301029092.29
2009-04-27,45.162342,95620554,4318448143.16
2009-04-28,45.28373,94620554,4284771655.95
2009-04-29,46.676488,93920554,4383881582.88
2009-04-30,45.73595,93520554,4277251378.75
2009-05-01,47.325017,92620554,4383269291.29
2009-05-04,49.148367,93170554,4579180536.14
2009-05-05,48.439494,92470554,4479226888.25
2009-05-06,50.417658,91320554,4604168448.73
2009-05-07,49.695648,89020554,4423934137.02
2009-05-08,51.947482,89220554,4634783079.15
2009-05-11,50.219004,91970554,4618669657.75
2009-05-12,50.596787,91870554,4648354841.9
2009-05-13,48.864606,88920554,4345067830.22
2009-05-14,49.11463,89020554,4372211536.57
2009-05-15,47.942231,89120554,4272638146.19
2009-05-18,49.665145,86920554,4316921915.82
2009-05-19,49.908585,87370554,4360540758.91
2009-05-20,50.052266,87520554,4380602083.75
2009-05-21,48.505295,87820554,4259761913.28
2009-05-22,48.60317,87320554,4244055735.67
2009-05-26,49.708659,88220554,4385325456.97
2009-05-27,49.143154,86520554,4251892896.0
2009-05-28,50.808709,86570554,4398538089.37
2009-05-29,51.527074,87170554,4491643551.99
2009-06-01,53.653842,86020554,4615333234.72
2009-06-02,53.460894,87720554,4689619230.68
2009-06-03,51.312534,87970554,4513992082.53
2009-06-04,52.485573,89170554,4680167664.95
2009-06-05,52.067657,88420554,4603851060.71
2009-06-08,52.023194,87720554,4563503405.28
2009-06-09,52.584691,90020554,4733703019.67
2009-06-10,52.971501,88970554,4712903808.9
2009-06-11,54.046679,87120554,4708576588.83
2009-06-12,53.432818,87570554,4679141459.03
2009-06-15,52.033261,90570554,4712681304.81
2009-06-16,50.93373,89870554,4577442521.5
2009-06-17,50.068523,88220554,4417072854.36
2009-06-18,49.951674,89770554,4484189415.34
2009-06-19,49.214187,77520554,3815111006.56
2009-06-22,46.688187,88720554,4142201776.89
2009-06-23,47.092157,89120554,4196879144.61
2009-06-24,47.161731,90370554,4262031731.87
2009-06-25,48.285775,90570554,4373269347.22
2009-06-26,47.866284,92420554,4423828490.68
2009-06-29,48.37629,91220554,4412911966.92
2009-06-30,48.028863,90120554,4328387719.32
2009-07-01,48.082785,88570554,4258718916.07
2009-07-02,46.239987,87072510,4026231756.14
2009-07-06,45.626888,85572510,3904407337.21
2009-07-07,44.475022,81822510,3639057972.06
2009-07-08,44.471417,79422510,3532031586.93
2009-07-09,45.096202,79322510,3577143922.89
2009-07-10,44.614975,79422510,3543433310.22
2009-07-13,45.385155,82472510,3743027690.19
2009-07-14,46.002796,87572510,4028580278.07
2009-07-15,47.650419,92022510,4384911196.64
2009-07-16,48.221438,96172510,4637576772.03
2009-07-17,48.435587,96022510,4650906613.21
2009-07-20,49.355056,96422510,4758938396.03
2009-07-21,49.776012,95772510,4767173592.09
2009-07-22,49.214296,95522510,4701073126.66
2009-07-23,50.73419,96472510,4894454685.78
2009-07-24,51.22297,97522510,4995392627.59
2009-07-27,51.363404,94122510,4834452490.11
2009-07-28,50.505762,96322510,4864841722.94
2009-07-29,49.407912,95322510,4709686175.12
2009-07-30,50.190648,94872510,4761712788.87
2009-07-31,50.594116,95172510,4815168977.3
2009-08-03,51.97957,96022510,4991208792.88
2009-08-04,51.843718,96072510,4980756112.68
2009-08-05,51.281709,95072510,4875480772.23
2009-08-06,50.853022,95472510,4855065679.59
2009-08-07,50.879087,95822510,4875361839.88
2009-08-10,51.089814,95772510,4892999724.42
2009-08-11,50.25201,94572510,4752458708.72
2009-08-12,50.901533,91922510,4678996653.12
2009-08-13,51.452627,93922510,4832559839.13
2009-08-14,50.634381,94722510,4796215675.19
2009-08-17,49.065019,94872510,4654921475.51
2009-08-18,49.61691,97472510,4836284711.5
2009-08-19,50.51424,98122510,4956584061.94
2009-08-20,50.980937,98772510,5035515087.41
2009-08-21,52.435593,99772510,5231630700.32
2009-08-24,53.039969,100822510,5347622833.24
2009-08-25,52.235796,103072510,5384074611.89
2009-08-26,52.44827,107322510,5628880007.23
2009-08-27,52.246157,107972510,5641148681.99
2009-08-28,52.116267,106872510,5569796244.19
2009-08-31,51.109762,106722510,5454562097.5
2009-09-01,50.258857,104572510,5255694808.64
2009-09-02,49.966747,104922510,5242636563.82
2009-09-03,50.236162,103822510,5215644381.65
2009-09-04,51.035202,103322510,5273085214.39
2009-09-08,52.416988,102672510,5381783762.63
2009-09-09,52.52176,105972510,5565862702.59
2009-09-10,53.453562,105722510,5651244727.37
2009-09-11,53.6033,105072510,5632233228.38
2009-09-14,53.986349,103672510,5596900301.64
2009-09-15,54.554328,104972510,5726704780.2
2009-09-16,55.89614,108272510,6052015358.12
2009-09-17,55.534991,112722510,6260043630.37
2009-09-18,55.238533,99772510,5511287109.27
2009-09-21,54.725532,109172510,5974523679.52
2009-09-22,55.629741,107872510,6000919749.61
2009-09-23,54.476279,108422510,5906454858.31
2009-09-24,53.604153,104072510,5578718730.31
2009-09-25,53.503989,102472510,5482688071.79
2009-09-28,54.475538,100572510,5478741588.75
2009-09-29,54.226702,100122510,5429313464.84
2009-09-30,53.957306,99272510,5356477158.08
2009-10-01,52.31085,96724200,5059725092.99
2009-10-02,51.929138,96474200,5009822092.59
2009-10-05,53.187069,95474200,5077992846.19
2009-10-06,54.399743,97574200,5308011422.43
2009-10-07,54.769126,97024200,5313930668.47
2009-10-08,56.172752,95274200,5351814022.74
2009-10-09,56.214821,102874200,5783054762.18
2009-10-12,56.923666,103124200,5870207470.14
2009-10-13,56.924189,103124200,5870261437.94
2009-10-14,57.952176,101724200,5895138713.5
2009-10-15,59.167824,104574200,6187427872.03
2009-10-16,59.062629,106124200,6267974270.47
2009-10-19,59.842268,102874200,6156225420.04
2009-10-20,59.351527,99124200,5883172622.96
2009-10-21,59.18089,98574200,5833708925.74
2009-10-22,59.536943,100124200,5961088782.91
2009-10-23,58.259331,101624200,5920557941.45
2009-10-26,57.332146,101474200,5817733628.04
2009-10-27,57.799069,97924200,5659927547.77
2009-10-28,55.923978,96624200,5403609661.02
2009-10-29,57.518465,96324200,5540420080.97
2009-10-30,55.377664,98124200,5433888990.64
2009-11-02,55.612003,96774200,5381807052.76
2009-11-03,56.387808,96024200,5414594137.46
2009-11-04,56.313692,95424200,5373688977.47
2009-11-05,57.264241,94874200,5432899039.12
2009-11-06,57.05422,100474200,5732477070.35
2009-11-09,58.175885,105024200,6109875773.16
2009-11-10,58.168306,106524200,6196332289.37
2009-11-11,58.212291,106174200,6180643425.72
2009-11-12,56.922009,106874200,6083494209.24
2009-11-13,57.2775,103874200,5949654500.22
2009-11-16,58.783522,102774200,6041429479.44
2009-11-17,58.674471,106174200,6229715040.18
2009-11-18,58.43307,104624200,6113513207.04
2009-11-19,57.077245,106074200,6054423111.36
2009-11-20,56.524602,105174200,5944929825.99
2009-11-23,57.359127,106524200,6110135124.19
2009-11-24,57.594215,106074200,6109260294.82
2009-11-25,58.245758,105374200,6137600124.64
2009-11-27,56.781196,106474200,6045732448.25
2009-11-30,56.852405,106474200,6053314372.52
2009-12-01,57.702171,107274200,6189954179.62
2009-12-02,57.22472,108724200,6221711871.56
2009-12-03,56.354559,106224200,5986217918.2
2009-12-04,55.935475,105074200,5877375316.65
2009-12-07,55.793728,103724200,5787159799.17
2009-12-08,54.768435,103224200,5653427887.09
2009-12-09,54.876508,102374200,5617938612.29
2009-12-10,55.516963,100024200,5553039802.28
2009-12-11,55.537667,101724200,5649524785.15
2009-12-14,56.112928,101074200,5671569333.71
2009-12-15,56.250881,101474200,5708013130.38
2009-12-16,56.664727,102724200,5820838777.41
2009-12-17,56.267252,106674200,6002264128.61
2009-12-18,56.167213,95424200,5359711369.77
2009-12-21,56.833424,101674200,5778492935.17
2009-12-22,57.131091,101024200,5771622772.73
2009-12-23,57.537369,102574200,5901849586.95
2009-12-24,57.806303,98474200,5692429487.65
2009-12-28,57.908641,98474200,5702507134.93
2009-12-29,57.477372,97374200,5596813159.81
2009-12-30,57.484285,96924200,5571618333.49
2009-12-31,56.971845,98574200,5615954061.74
2010-01-04,58.781231,97774200,5747287841.98
2010-01-05,59.371927,98374200,5840665835.16
2010-01-06,60.052231,96924200,5820514408.57
2010-01-07,59.93642,94474200,5662445323.05
2010-01-08,60.344302,92824200,5601411525.19
2010-01-11,60.229286,92174200,5551586289.91
2010-01-12,59.318076,91474200,5426073510.33
2010-01-13,59.652568,92974200,5546149822.49
2010-01-14,59.769442,93774200,5604831621.42
2010-01-15,59.270517,95274200,5646951050.36
2010-01-19,59.868579,96724200,5790740450.0
2010-01-20,58.845154,96674200,5688808149.32
2010-01-21,57.633763,96074200,5537117645.92
2010-01-22,56.229838,99224200,5579360644.45
2010-01-25,56.675951,99224200,5623625861.22
2010-01-26,56.367143,98224200,5536617555.33
2010-01-27,56.037093,97574200,5467774498.56
2010-01-28,55.4591,96324200,5342053468.63
2010-01-29,54.543324,97924200,5341111361.89
2010-02-01,56.266839,98724200,5554898629.14
2010-02-02,57.070319,96374200,5500106299.37
2010-02-03,56.620027,96024200,5436892780.4
2010-02-04,54.282458,95024200,5158147148.61
2010-02-05,54.206625,94324200,5112996553.52
2010-02-08,53.757833,92624200,4979276255.46
2010-02-09,54.916752,95624200,5251370463.06
2010-02-10,54.640474,102624200,5607434882.85
2010-02-11,55.626631,105774200,5883862438.44
2010-02-12,55.446434,105424200,5845395974.46
2010-02-16,56.972537,105874200,6031921808.14
2010-02-17,56.820328,106324200,6041375873.18
2010-02-18,57.165004,105574200,6035149560.8
2010-02-19,57.327841,101924200,5843094354.29
2010-02-22,56.558278,100674200,5693959398.38
2010-02-23,55.578761,101074200,5617578802.53
2010-02-24,56.015999,100274200,5616959501.25
2010-02-25,55.985525,100474200,5625100825.93
2010-02-26,56.112851,100274200,5626671198.22
2010-03-01,56.692621,96524200,5472209923.46
2010-03-02,57.201752,96224200,5504192786.94
2010-03-03,57.399201,96224200,5523192234.93
2010-03-04,57.135231,93574200,5346383573.31
2010-03-05,58.213521,94824200,5520050604.52
2010-03-08,58.074076,95174200,5527153704.36
2010-03-09,58.069334,95924200,5570254452.91
2010-03-10,58.498856,95824200,5605606108.91
2010-03-11,58.497899,95974200,5614289094.62
2010-03-12,58.517301,95374200,5581040771.09
2010-03-15,57.876541,95174200,5508353534.75
2010-03-16,58.427627,92674200,5414733573.88
2010-03-17,59.058308,101174200,5975177090.9
2010-03-18,58.195169,101174200,5887849629.36
2010-03-19,57.324325,92624200,5309619734.81
2010-03-22,57.149365,97574200,5576303583.35
2010-03-23,57.358983,102474200,5877815940.27
2010-03-24,57.016839,105324200,6005252912.81
2010-03-25,56.023936,103824200,5816640332.73
2010-03-26,56.110027,102524200,5752635677.01
2010-03-29,57.208267,102874200,5885254664.24
2010-03-30,57.239422,105774200,6054454116.9
2010-03-31,57.532908,103774200,5970431546.65
2010-04-01,58.56266,102174200,5983592892.61
2010-04-05,59.605075,101874200,6072219334.39
2010-04-06,59.595301,103374200,6160616555.82
2010-04-07,58.945075,103374200,6093400003.62
2010-04-08,59.245913,103324200,6121536548.92
2010-04-09,59.852872,103724200,6208191297.81
2010-04-12,60.023725,103874200,6234916372.27
2010-04-13,59.713974,105124200,6277383761.79
2010-04-14,60.352444,105874200,6389766680.31
2010-04-15,60.332429,106724200,6438930246.16
2010-04-16,59.266576,106724200,6325177878.34
2010-04-19,59.34829,107174200,6360605527.99
2010-04-20,60.585357,106774200,6468952974.06
2010-04-21,60.488555,107424200,6497934670.85
2010-04-22,60.542058,107874200,6530926051.9
2010-04-23,62.061344,105674200,6558282878.51
2010-04-26,61.873497,108624200,6720959113.06
2010-04-27,59.969917,109124200,6544169197.83
2010-04-28,60.597211,105824200,6412651358.36
2010-04-29,60.674779,105474200,6399623822.3
2010-04-30,59.924967,110024200,6593196507.17
2010-05-03,60.581266,111424200,6750219093.95
2010-05-04,58.947005,111874200,6594648985.55
2010-05-05,58.013897,113574200,6588881978.11
2010-05-06,56.028249,112324200,6293328257.02
2010-05-07,54.96282,110424200,6069225474.55
2010-05-10,57.3417,107424200,6159886249.09
2010-05-11,56.923877,107174200,6100771025.9
2010-05-12,57.782061,104124200,6016510884.92
2010-05-13,57.315459,103374200,5924939681.02
2010-05-14,56.15644,102524200,5757394082.97
2010-05-17,55.600108,102124200,5678116537.62
2010-05-18,55.176973,102724200,5668010364.2
2010-05-19,54.575142,101524200,5540697608.19
2010-05-20,52.081507,102074200,5316178163.48
2010-05-21,53.080857,101974200,5412877959.62
2010-05-24,51.842972,104624200,5424029455.45
2010-05-25,51.911913,105874200,5496132206.8
2010-05-26,51.87547,113424200,5883933723.13
2010-05-27,54.095107,113974200,6165446535.48
2010-05-28,52.967613,114974200,6089908970.81
2010-06-01,50.458231,115874200,5846807139.64
2010-06-02,52.812869,116124200,6132852186.98
2010-06-03,53.43957,116024200,6200283336.88
2010-06-04,51.544245,113274200,5838633069.59
2010-06-07,51.084582,111824200,5712492458.73
2010-06-08,51.966821,110074200,5720206265.68
2010-06-09,51.353478,109424200,5619313259.78
2010-06-10,54.039629,109874200,5937560981.68
2010-06-11,54.317086,110924200,6025079325.93
2010-06-14,54.079592,106474200,5758081327.55
2010-06-15,55.651898,105874200,5892100154.98
2010-06-16,55.560426,106724200,5929642002.67
2010-06-17,55.520171,106174200,5894809707.26
2010-06-18,55.601471,99274200,5519791566.26
2010-06-21,55.455182,107274200,5948910263.96
2010-06-22,53.843559,105724200,5692567226.56
2010-06-23,53.409532,106174200,5670714351.97
2010-06-24,52.285494,105674200,5525227739.08
2010-06-25,52.458404,106124200,5567106117.97
2010-06-28,51.732121,107724200,5572801387.87
2010-06-29,50.008092,107524200,5377080081.17
2010-06-30,49.704068,105924200,5264863604.33
2010-07-01,49.51839,107324200,5314521609.08
2010-07-02,49.389286,105674200,5219173260.94
2010-07-06,49.882119,105374200,5256288384.54
2010-07-07,51.647401,105174200,5431974063.07
2010-07-08,52.384917,106024200,5554068906.38
2010-07-09,52.617402,108674200,5718154049.49
2010-07-12,52.494498,108674200,5704797532.69
2010-07-13,53.135607,108924200,5787753441.71
2010-07-14,52.99727,110474200,5854831019.27
2010-07-15,53.014241,110474200,5856705826.75
2010-07-16,51.551584,110324200,5687387209.81
2010-07-19,52.070843,110824200,5770709513.52
2010-07-20,53.187071,113374200,6030041660.71
2010-07-21,52.456253,112774200,5915712008.95
2010-07-22,53.618855,113324200,6076313851.44
2010-07-23,53.762189,116824200,6280724761.14
2010-07-26,54.328305,115774200,6289816104.26
2010-07-27,53.98806,114874200,6201835165.6
2010-07-28,53.886874,115324200,6214460686.92
2010-07-29,53.955035,115874200,6251996557.66
2010-07-30,53.86108,116474200,6273426226.99
2010-08-02,55.757231,115574200,6444097423.98
2010-08-03,55.7819,118174200,6591981367.3
2010-08-04,56.167258,116224200,6527994643.6
2010-08-05,56.221721,116074200,6525891271.24
2010-08-06,55.600762,115174200,6403773271.61
2010-08-09,55.888916,113024200,6316800059.64
2010-08-10,55.400373,112724200,6244962773.23
2010-08-11,53.741394,107074200,5754316748.4
2010-08-12,53.444356,107774200,5759922668.3
2010-08-13,53.304737,110224200,5875472046.51
2010-08-16,53.358113,110224200,5881355283.63
2010-08-17,54.230573,110924200,6015482890.15
2010-08-18,53.665898,110124200,5909914085.41
2010-08-19,52.840277,109374200,5779363056.25
2010-08-20,52.148716,110474200,5761087641.24
2010-08-23,52.199575,110474200,5766706317.55
2010-08-24,51.39184,110674200,5687750831.51
2010-08-25,51.223723,109624200,5615359688.26
2010-08-26,50.68393,113124200,5733578994.74
2010-08-27,52.130152,111924200,5834625514.95
2010-08-30,51.345011,112574200,5780123550.35
2010-08-31,51.196531,112874200,5778767422.99
2010-09-01,53.128461,113674200,6039335318.55
2010-09-02,53.644589,112674200,6044361187.96
2010-09-03,54.215763,112524200,6100585308.65
2010-09-07,53.353469,113024200,6030233179.86
2010-09-08,53.867568,116174200,6258021637.71
2010-09-09,53.931619,116824200,6300518211.78
2010-09-10,54.525408,116174200,6334445621.78
2010-09-13,54.922582,116174200,6380587021.96
2010-09-14,54.743843,112824200,6176430237.99
2010-09-15,54.621758,114524200,6255513139.42
2010-09-16,54.395522,114724200,6240482687.95
2010-09-17,53.861184,107024200,5764450133.35
2010-09-20,54.843075,112224200,6154720235.41
2010-09-21,54.784227,114124200,6252206037.43
2010-09-22,54.482411,112974200,6155106797.7
2010-09-23,54.069341,112324200,6073295510.43
2010-09-24,55.338886,111724200,6182692749.51
2010-09-27,55.067366,117324200,6460734704.01
2010-09-28,55.4902,116374200,6457627606.11
2010-09-29,56.044007,117424200,6580922687.43
2010-09-30,56.050857,117474200,6584529532.36
2010-10-01,56.792065,119124200,6765309365.27
2010-10-04,56.088126,120074200,6734736849.64
2010-10-05,57.460977,118574200,6813389361.4
2010-10-06,57.890013,117874200,6823738977.5
2010-10-07,57.641546,117424200,6768512477.5
2010-10-08,58.42,116174200,6786896768.4
2010-10-11,58.501298,117424200,6869468076.81
2010-10-12,58.420431,117874200,6886261575.36
2010-10-13,59.147822,118224200,6992703944.89
2010-10-14,59.037217,115374200,6811371634.15
2010-10-15,59.237034,114624200,6789997638.42
2010-10-18,59.625655,113824200,6786842499.6
2010-10-19,58.171689,115724200,6731872150.26
2010-10-20,58.990612,113124200,6673265778.18
2010-10-21,58.858237,113324200,6670062618.18
2010-10-22,59.306986,112574200,6676436518.23
2010-10-25,59.407285,112424200,6678816467.04
2010-10-26,59.52058,112074200,6670721415.32
2010-10-27,59.314542,113874200,6754396070.58
2010-10-28,59.230043,112774200,6679620743.05
2010-10-29,59.20639,112424200,6656231011.79
2010-11-01,59.383109,111774200,6637499535.82
2010-11-02,59.998981,112074200,6724337821.52
2010-11-03,60.106596,111524200,6703340010.12
2010-11-04,61.943582,110174200,6824584584.67
2010-11-05,62.266427,112874200,7028273142.85
2010-11-08,62.503765,111974200,6998809096.57
2010-11-09,62.338281,113024200,7045734331.25
2010-11-10,63.201957,112124200,7086468845.18
2010-11-11,63.851055,112124200,7159248443.59
2010-11-12,62.88967,113574200,7142643962.7
2010-11-15,62.631111,113074200,7081962760.97
2010-11-16,61.4206,113474200,6969653443.18
2010-11-17,61.72613,111874200,6905561369.61
2010-11-18,63.119807,112474200,7099349796.32
2010-11-19,63.580708,113074200,7189337685.2
2010-11-22,63.375774,111274200,7052088498.09
2010-11-23,62.125722,108974200,6770100882.7
2010-11-24,63.274151,110024200,6961687890.77
2010-11-26,62.526504,114224200,7142039848.29
2010-11-29,62.916525,113724200,7155131527.9
2010-11-30,62.693384,116974200,7333508472.69
2010-12-01,64.538487,124274200,8020468791.57
2010-12-02,65.497052,127074200,8322985497.06
2010-12-03,65.845754,130524200,8594464315.93
2010-12-06,66.021012,132474200,8746080681.75
2010-12-07,65.752512,130724200,8595444534.52
2010-12-08,65.445246,133374200,8728707367.31
2010-12-09,65.658447,124774200,8192480206.29
2010-12-10,65.912289,124374200,8197788246.27
2010-12-13,66.413744,124624200,8276759726.56
2010-12-14,66.171875,126274200,8355800564.44
2010-12-15,65.692431,127374200,8367520856.43
2010-12-16,66.174487,128524200,8505023059.09
2010-12-17,65.810092,128174200,8435155927.38
2010-12-20,66.376849,129024200,8564219880.49
2010-12-21,66.987803,129174200,8653095926.53
2010-12-22,67.243952,130174200,8753427615.78
2010-12-23,67.41439,129424200,8725053541.2
2010-12-27,67.151889,129174200,8674291528.24
2010-12-28,67.40811,123674200,8336644135.05
2010-12-29,68.052817,122574200,8341519589.95
2010-12-30,68.155586,123274200,8401825299.1
2010-12-31,68.157701,123024200,8385046693.68
2011-01-03,68.748606,123424200,8485241705.34
2011-01-04,68.206901,123574200,8428613170.26
2011-01-05,68.425015,124374200,8510306443.97
2011-01-06,67.800641,125374200,8500451132.72
2011-01-07,68.280179,125524200,8570814900.89
2011-01-10,68.026816,125074200,8508399557.27
2011-01-11,69.185961,124074200,8584192747.33
2011-01-12,70.027756,120574200,8443540710.09
2011-01-13,69.914714,121324200,8482346780.46
2011-01-14,70.636866,121324200,8569961250.96
2011-01-18,71.078104,122724200,8723003457.91
2011-01-19,70.243665,122524200,8606548914.62
2011-01-20,69.741554,118724200,8280010166.44
2011-01-21,70.102009,119224200,8357855987.85
2011-01-24,70.367959,114174200,8034205462.71
2011-01-25,70.137487,115574200,8106083914.36
2011-01-26,71.8317,119274200,8567668516.44
2011-01-27,71.412528,119624200,8542666567.28
2011-01-28,71.161791,118324200,8420162002.9
2011-01-31,73.091014,118874200,8688635823.41
2011-02-01,74.293827,123374200,9165941434.46
2011-02-02,74.323324,126874200,9429712286.09
2011-02-03,74.384488,128124200,9530453067.64
2011-02-04,74.160038,128374200,9520235488.23
2011-02-07,74.576549,126974200,9469297660.95
2011-02-08,74.30815,129724200,9639565271.16
2011-02-09,73.37814,129224200,9482231445.14
2011-02-10,74.110659,125274200,9284153470.2
2011-02-11,74.071198,126074200,9338466979.27
2011-02-14,75.735382,123774200,9374086311.95
2011-02-15,74.936139,125224200,9383818021.35
2011-02-16,75.954274,124924200,9488526944.93
2011-02-17,76.720587,125924200,9660978482.07
2011-02-18,76.998032,127024200,9780613432.18
2011-02-22,76.278654,124824200,9521422005.75
2011-02-23,77.78895,128424200,9989983698.41
2011-02-24,76.70665,137574200,10552855975.05
2011-02-25,77.966174,137374200,10710540738.0
2011-02-28,78.413654,139424200,10932760967.37
2011-03-01,77.047957,140674200,10838659690.68
2011-03-02,77.508107,139974200,10849135252.64
2011-03-03,78.801313,140274200,11053791162.23
2011-03-04,78.322275,140324200,10990510521.22
2011-03-07,77.676423,140774200,10934836312.35
2011-03-08,77.12231,140974200,10872255951.85
2011-03-09,76.616192,139324200,10674489722.4
2011-03-10,73.810208,139374200,10287238635.08
2011-03-11,75.1528,135674200,10196295983.94
2011-03-14,75.579835,132824200,10038831149.76
2011-03-15,75.005086,134124200,10059997113.62
2011-03-16,73.755326,133924200,9877623095.69
2011-03-17,76.070799,133574200,10161096110.13
2011-03-18,75.487538,134474200,10151126264.68
2011-03-21,77.701138,130424200,10134108747.44
2011-03-22,77.515649,132124200,10241693106.11
2011-03-23,77.701212,133874200,10402187606.7
2011-03-24,77.939673,131374200,10239262217.7
2011-03-25,78.670434,130324200,10252661311.41
2011-03-28,78.509287,132774200,10424007807.32
2011-03-29,79.471788,136524200,10849822343.01
2011-03-30,80.027271,137174200,10977676932.19
2011-03-31,79.755311,139024200,11087918365.0
2011-04-01,80.082344,137174200,10985231511.7
2011-04-04,80.087728,136774200,10953934867.36
2011-04-05,80.314834,143024200,11486964859.1
2011-04-06,79.388817,145724200,11568871867.89
2011-04-07,79.484538,143674200,11419877399.05
2011-04-08,79.721019,144074200,11485742029.76
2011-04-11,78.133527,141774200,11077318284.61
2011-04-12,75.758622,140324200,10630768024.32
2011-04-13,76.047949,129724200,9865259289.86
2011-04-14,76.520656,125774200,9624324305.32
2011-04-15,77.195205,127524200,9844256732.26
2011-04-18,76.036137,127224200,9673636729.56
2011-04-19,76.896874,124574200,9579366612.76
2011-04-20,78.574516,125324200,9847288322.77
2011-04-21,79.05627,131524200,10397812606.79
2011-04-25,78.565186,132474200,10407860148.18
2011-04-26,79.370519,131724200,10455018174.87
2011-04-27,79.332173,130124200,10323035485.27
2011-04-28,79.284568,130024200,10308912496.53
2011-04-29,80.487347,129824200,10449205402.85
2011-05-02,79.396602,129924200,10315539951.02
2011-05-03,77.414534,127424200,9864485018.75
2011-05-04,76.086142,123274200,9379458278.74
2011-05-05,74.428305,122724200,9134154176.91
2011-05-06,74.710847,120124200,8974580764.72
2011-05-09,76.09803,118924200,9049897355.19
2011-05-10,76.491455,119174200,9115807898.27
2011-05-11,74.249275,120074200,8915422254.55
2011-05-12,74.2072,115024200,8535623853.55
2011-05-13,73.846441,113574200,8387050435.78
2011-05-16,73.246768,119174200,8729125017.56
2011-05-17,73.191846,118574200,8678664552.43
2011-05-18,74.704274,118124200,8824382569.54
2011-05-19,74.754899,123924200,9263941060.22
2011-05-20,74.646794,124524200,9295332282.17
2011-05-23,73.500359,121724200,8946772401.13
2011-05-24,74.520581,121374200,9044875918.43
2011-05-25,75.761834,125424200,9502367416.9
2011-05-26,76.162187,127774200,9731562506.66
2011-05-27,76.32754,127124200,9703077476.78
2011-05-31,77.113151,126774200,9775958023.82
2011-06-01,75.268928,127074200,9564738873.19
2011-06-02,75.21566,123824200,9313518933.39
2011-06-03,75.249603,124624200,9377921541.23
2011-06-06,73.576651,124024200,9125285324.44
2011-06-07,73.552977,118774200,8736195980.92
2011-06-08,73.780845,118574200,8748504710.27
2011-06-09,74.759281,121474200,9081323811.91
2011-06-10,73.297159,123174200,9028318957.36
2011-06-13,72.168921,120624200,8705318379.26
2011-06-14,73.693334,117974200,8693912135.7
2011-06-15,72.041511,119574200,8614305992.91
2011-06-16,72.139455,114324200,8247285524.29
2011-06-17,71.675886,118274200,8477408104.66
2011-06-20,71.891413,116824200,8398656818.72
2011-06-21,73.328368,120374200,8826843650.09
2011-06-22,73.087132,121424200,8874546495.24
2011-06-23,72.31457,123074200,8900057877.36
2011-06-24,70.906723,116724200,8276530522.81
2011-06-27,71.348251,114174200,8146129516.76
2011-06-28,73.368563,117674200,8633586999.25
2011-06-29,74.224516,117224200,8700909528.38
2011-06-30,75.36231,119574200,9011387880.58
2011-07-01,76.074713,120574200,9172647719.74
2011-07-05,76.506043,120224200,9197877801.72
2011-07-06,76.359633,122174200,9329177128.79
2011-07-07,77.440458,120424200,9325705160.69
2011-07-08,76.820951,121574200,9339445717.05
2011-07-11,75.074038,119174200,8946888414.9
2011-07-12,74.783017,117124200,8758901093.94
2011-07-13,75.32555,117174200,8826211050.14
2011-07-14,74.854319,118074200,8838363875.05
2011-07-15,76.909324,116374200,8950261101.8
2011-07-18,76.562777,116074200,8886963068.05
2011-07-19,77.993868,111624200,8706003148.59
2011-07-20,77.772545,116524200,9062383615.14
2011-07-21,79.323478,116974200,9278800431.8
2011-07-22,79.749347,119674200,9543939280.42
2011-07-25,79.404823,118774200,9431244365.49
2011-07-26,79.028749,119774200,9465605220.61
2011-07-27,77.527627,119374200,9254798492.92
2011-07-28,77.208576,112724200,8703274934.46
2011-07-29,76.444735,112674200,8613349343.86
2011-08-01,76.350441,112024200,8553097120.39
2011-08-02,74.221762,113324200,8411121744.85
2011-08-03,73.750616,114974200,8479418102.11
2011-08-04,68.474704,113274200,7756417356.21
2011-08-05,68.145614,104874200,7146716783.5
2011-08-08,62.269736,116724200,7268385135.46
2011-08-09,65.455383,116974200,7656591102.68
2011-08-10,63.194477,118874200,7512192874.36
2011-08-11,66.535064,120124200,7992471292.91
2011-08-12,66.962782,120624200,8077331965.38
2011-08-15,69.292866,115374200,7994608971.33
2011-08-16,68.020561,122424200,8327362791.74
2011-08-17,68.384362,115024200,7865856551.24
2011-08-18,64.335508,115224200,7413007477.76
2011-08-19,63.209986,111874200,7071566630.45
2011-08-22,62.741081,110924200,6959504182.59
2011-08-23,65.617297,114774200,7531172767.54
2011-08-24,65.985124,126274200,8332218719.07
2011-08-25,64.548605,130024200,8392880752.35
2011-08-26,65.781527,129724200,8533456011.62
2011-08-29,67.765965,129824200,8797662129.98
2011-08-30,68.130834,123774200,8432839451.9
2011-08-31,68.626839,123674200,8487369436.35
2011-09-01,68.023116,120824200,8218838538.66
2011-09-02,66.206333,119724200,7926500302.97
2011-09-06,65.485551,117974200,7725605498.72
2011-09-07,67.937587,118324200,8038660633.97
2011-09-08,67.107995,119174200,7997541617.81
2011-09-09,64.854981,117974200,7651214549.69
2011-09-12,65.17753,112574200,7337308265.12
2011-09-13,65.398377,111574200,7296771628.9
2011-09-14,66.18607,109574200,7252285714.58
2011-09-15,67.530209,116774200,7885786114.57
2011-09-16,67.134011,118974200,7987215211.96
2011-09-19,66.110347,114874200,7594373263.6
2011-09-20,65.572631,112974200,7408015562.23
2011-09-21,62.880108,110924200,6974925722.26
2011-09-22,59.3239,106974200,6346126729.94
2011-09-23,58.708274,102274200,6004341777.75
2011-09-26,60.85456,100724200,6129526850.51
2011-09-27,61.777183,104224200,6438677501.48
2011-09-28,59.688884,106874200,6379201701.76
2011-09-29,60.359987,105724200,6381511321.3
2011-09-30,58.539394,107024200,6265131802.22
2011-10-03,56.47866,107224200,6055879170.89
2011-10-04,58.376655,108174200,6314847996.36
2011-10-05,60.522539,111924200,6773936746.38
2011-10-06,61.704342,116574200,7193134346.27
2011-10-07,60.834889,115224200,7009651473.61
2011-10-10,63.649431,112374200,7152553902.0
2011-10-11,63.698183,115174200,7336387294.11
2011-10-12,64.146001,112374200,7208355591.16
2011-10-13,64.088436,109074200,6990394874.12
2011-10-14,66.536869,107774200,7170957852.29
2011-10-17,65.391282,106824200,6985371344.12
2011-10-18,67.501908,106224200,7170336217.88
2011-10-19,66.802478,106174200,7092699628.67
2011-10-20,67.281528,107424200,7227664337.98
2011-10-21,68.519931,106074200,7268196887.2
2011-10-24,69.477147,105674200,7341941931.02
2011-10-25,67.932298,111274200,7559112115.53
2011-10-26,69.467783,107424200,7462520994.38
2011-10-27,72.510321,107474200,7792988731.31
2011-10-28,72.981406,110174200,8040667986.85
2011-10-31,69.666931,114024200,7943716038.2
2011-11-01,67.437076,108274200,7301695405.52
2011-11-02,69.551365,100424200,6984640220.79
2011-11-03,71.386949,103074200,7358152681.3
2011-11-04,71.287891,105474200,7519033227.21
2011-11-07,71.706804,107574200,7713802107.28
2011-11-08,72.78735,107724200,7840959017.95
2011-11-09,69.57713,108174200,7526450335.72
2011-11-10,70.843683,106924200,7574904085.68
2011-11-11,72.202194,104824200,7568537194.17
2011-11-14,71.306611,105424200,7517442425.41
2011-11-15,71.197483,103824200,7392021720.73
2011-11-16,70.213441,103124200,7240704907.37
2011-11-17,68.504287,101974200,6985669909.92
2011-11-18,68.163508,97774200,6664632463.93
2011-11-21,66.965736,97174200,6507341821.78
2011-11-22,66.326133,97824200,6488300868.34
2011-11-23,64.289956,98574200,6337330978.39
2011-11-25,63.819292,101124200,6453674878.64
2011-11-28,66.218383,101374200,6712835600.42
2011-11-29,67.247975,103324200,6948343235.85
2011-11-30,70.987876,104824200,7441247346.55
2011-12-01,70.501326,108324200,7636999774.99
2011-12-02,70.420788,107724200,7586023035.01
2011-12-05,71.261249,105224200,7498407915.21
2011-12-06,71.248065,106624200,7596767936.02
2011-12-07,70.577691,107074200,7557049846.8
2011-12-08,68.653351,107624200,7388761966.16
2011-12-09,70.217594,107274200,7532536222.12
2011-12-12,68.451187,107224200,7339623771.41
2011-12-13,67.956115,105724200,7184605928.01
2011-12-14,65.997922,106424200,7023776062.56
2011-12-15,65.75994,101774200,6692665237.56
2011-12-16,66.177621,98574200,6523406052.95
2011-12-19,64.965272,99974200,6494851126.53
2011-12-20,67.648009,97624200,6604082793.2
2011-12-21,68.417396,100374200,6867341393.07
2011-12-22,69.18313,100224200,6933823886.94
2011-12-23,69.66249,102574200,7145574210.09
2011-12-27,69.804486,102974200,7188061061.06
2011-12-28,68.423364,103624200,7090316380.51
2011-12-29,69.185652,99674200,6896024489.89
2011-12-30,69.129102,97174200,6717565184.5
2012-01-03,71.03785,97274200,6910150075.67
2012-01-04,71.205875,100924200,7186395978.13
2012-01-05,70.776453,101674200,7196139220.96
2012-01-06,70.434626,101874200,7175471139.06
2012-01-09,70.796953,101574200,7191143895.62
2012-01-10,71.392372,105174200,7508635647.98
2012-01-11,70.373703,106124200,7468352923.0
2012-01-12,69.807097,107724200,7519913729.29
2012-01-13,69.469211,108774200,7556457854.94
2012-01-17,69.962221,110924200,7760503370.77
2012-01-18,71.121298,112024200,7967306534.56
2012-01-19,71.370779,113574200,8105879130.54
2012-01-20,71.348736,115524200,8242505650.95
2012-01-23,71.962445,116274200,8367375680.16
2012-01-24,71.764915,114724200,8233172495.17
2012-01-25,72.706811,116074200,8439384905.33
2012-01-26,71.634291,116674200,8357873578.96
2012-01-27,71.454055,115824200,8276108812.07
2012-01-30,71.170218,111124200,7908733545.34
2012-01-31,70.68596,106774200,7547436859.01
2012-02-01,71.031942,103724200,7367731318.37
2012-02-02,71.497935,102524200,7330268584.21
2012-02-03,72.798729,103874200,7561909762.96
2012-02-06,73.633524,105874200,7795890452.73
2012-02-07,73.994015,109024200,8067138326.1
2012-02-08,73.729322,106924200,7883448719.64
2012-02-09,73.763654,106774200,7876055190.59
2012-02-10,73.017676,106724200,7792753030.95
2012-02-13,73.62446,103974200,7655044279.49
2012-02-14,73.76349,106574200,7861284910.81
2012-02-15,73.649927,105724200,7786579636.21
2012-02-16,74.605137,105424200,7865186850.44
2012-02-17,74.836267,107374200,8035484255.5
2012-02-21,75.386456,107524200,8105868381.49
2012-02-22,75.547751,110424200,8342299957.83
2012-02-23,75.950686,113124200,8591860554.41
2012-02-24,76.224769,112374200,8565697450.62
2012-02-27,75.90331,114574200,8696561057.9
2012-02-28,75.705022,115374200,8734406356.92
2012-02-29,74.892692,112774200,8445963388.92
2012-03-01,75.635327,113274200,8567531157.84
2012-03-02,74.680695,112024200,8366045137.02
2012-03-05,74.30917,110374200,8201815226.74
2012-03-06,73.036349,107924200,7882389586.95
2012-03-07,73.650171,108174200,7967048355.91
2012-03-08,74.244732,108174200,8031364521.84
2012-03-09,74.226472,111174200,8252068631.38
2012-03-12,73.781572,110874200,8180472764.9
2012-03-13,74.717347,110474200,8254339108.31
2012-03-14,73.934559,111874200,8271369606.94
2012-03-15,74.086199,111674200,8273517019.02
2012-03-16,74.776218,111574200,8343096676.78
2012-03-19,75.201509,114724200,8627432958.54
2012-03-20,73.999003,115774200,8567175348.0
2012-03-21,73.160763,113174200,8279910782.59
2012-03-22,71.477002,109974200,7860626082.79
2012-03-23,72.239555,102874200,7431586397.84
2012-03-26,72.798306,103224200,7514546861.19
2012-03-27,72.09306,104424200,7528260101.89
2012-03-28,71.190184,106874200,7608393951.63
2012-03-29,71.189766,107274200,7636825146.62
2012-03-30,71.757343,109874200,7884280696.3
2012-04-02,72.467898,108674200,7875390863.94
2012-04-03,71.811161,112224200,8058950084.94
2012-04-04,70.900495,105374200,7471082903.0
2012-04-05,70.538006,102924200,7260067856.87
2012-04-09,69.606572,101924200,7094594150.83
2012-04-10,68.242777,101674200,6938529711.47
2012-04-11,68.196264,101824200,6944030065.18
2012-04-12,69.781958,104324200,7279946900.73
2012-04-13,68.608213,108874200,7469664282.61
2012-04-16,68.203024,106974200,7295963925.07
2012-04-17,69.416045,107474200,7460433854.05
2012-04-18,69.242438,109024200,7549101397.33
2012-04-19,69.119666,107974200,7463140631.14
2012-04-20,68.986372,105324200,7265934414.5
2012-04-23,68.8769,106324200,7323281306.05
2012-04-24,69.405756,105424200,7317046328.74
2012-04-25,70.110675,106924200,7496527876.38
2012-04-26,70.780956,107574200,7614204681.47
2012-04-27,70.761871,108924200,7707680201.13
2012-04-30,71.24108,109024200,7767001749.16
2012-05-01,72.276376,107324200,7757004267.89
2012-05-02,71.054874,107374200,7629460253.5
2012-05-03,69.90693,106624200,7453770537.23
2012-05-04,68.303711,103274200,7054011153.99
2012-05-07,68.122131,98224200,6691241866.72
2012-05-08,67.850064,99374200,6742545823.53
2012-05-09,67.467105,97874200,6603288883.57
2012-05-10,67.89227,99824200,6777291547.37
2012-05-11,67.312902,97824200,6584830816.74
2012-05-14,66.226357,97074200,6428870619.08
2012-05-15,65.102362,94874200,6176534538.76
2012-05-16,64.805369,98524200,6384897180.12
2012-05-17,64.352451,98374200,6330620883.09
2012-05-18,63.883911,100074200,6393131241.76
2012-05-21,65.448458,101874200,6667509285.62
2012-05-22,65.228995,102474200,6684289116.09
2012-05-23,65.522096,80974200,5305599309.47
2012-05-24,65.34058,80974200,5290901167.54
2012-05-25,65.200647,81424200,5308910529.09
2012-05-29,66.194289,95224200,6303298196.62
2012-05-30,64.181353,97924200,6284907608.43
2012-05-31,63.626746,98874200,6291043604.4
2012-06-01,62.094876,95374200,5922249157.72
2012-06-04,62.042854,97324200,6038271156.48
2012-06-05,62.55032,101274200,6334733629.21
2012-06-06,64.506197,103124200,6652149920.58
2012-06-07,64.537933,104624200,6752229632.54
2012-06-08,64.484679,104624200,6746658001.08
2012-06-11,63.635393,105274200,6699165121.73
2012-06-12,64.49564,102724200,6625263042.87
2012-06-13,63.712868,102374200,6522553850.8
2012-06-14,64.764219,102374200,6630185131.29
2012-06-15,65.631856,103124200,6768232599.73
2012-06-18,64.99811,103274200,6712627812.09
2012-06-19,65.979552,103374200,6820583405.31
2012-06-20,65.692602,106774200,7014274982.53
2012-06-21,62.986237,100774200,6347387614.5
2012-06-22,63.344422,99224200,6285299638.33
2012-06-25,62.027574,96424200,5980959239.29
2012-06-26,62.680607,97324200,6100339919.27
2012-06-27,64.016189,100174200,6412770548.33
2012-06-28,64.440547,103624200,6677600161.28
2012-06-29,66.413464,104574200,6945134869.71
2012-07-02,66.414848,109124200,7247467110.42
2012-07-03,68.027449,107524200,7314596981.7
2012-07-05,67.038737,110574200,7412754666.92
2012-07-06,66.295461,111524200,7393548304.73
2012-07-09,66.008522,110074200,7265835229.48
2012-07-10,64.983259,108874200,7075000310.13
2012-07-11,65.875685,105174200,6928422423.79
2012-07-12,65.582397,106724200,6999228874.48
2012-07-13,66.757785,105974200,7074602819.89
2012-07-16,67.023136,105524200,7072562848.45
2012-07-17,67.833044,107874200,7317435322.49
2012-07-18,68.42676,105824200,7241207105.01
2012-07-19,68.655172,105624200,7251647664.74
2012-07-20,68.752332,103874200,7141593505.43
2012-07-23,68.082419,103374200,7037965586.25
2012-07-24,67.038198,102974200,6903204766.67
2012-07-25,67.122656,101774200,6831354636.31
2012-07-26,69.064242,101224200,6990972691.17
2012-07-27,70.236306,102624200,7207944699.23
2012-07-30,70.414286,101274200,7131150487.7
2012-07-31,69.584717,102424200,7127158970.0
2012-08-01,70.041419,100924200,7068874141.5
2012-08-02,68.797984,98524200,6778266336.16
2012-08-03,70.479573,98124200,6915751697.61
2012-08-06,70.613735,98124200,6928916216.12
2012-08-07,71.669555,102224200,7326362890.28
2012-08-08,71.775077,102474200,7355093582.41
2012-08-09,72.215136,103574200,7479624938.97
2012-08-10,72.415775,103574200,7500405916.7
2012-08-13,72.058839,106024200,7639980736.69
2012-08-14,71.994277,104524200,7525144221.3
2012-08-15,71.905604,105624200,7594971920.2
2012-08-16,72.651155,105424200,7659189856.18
2012-08-17,72.523663,105774200,7671132458.49
2012-08-20,72.357582,104324200,7548646865.49
2012-08-21,72.13251,105124200,7582872382.85
2012-08-22,72.317343,105624200,7638461448.36
2012-08-23,71.536419,105974200,7581014724.67
2012-08-24,72.007966,105974200,7630986629.24
2012-08-27,71.951388,106574200,7668161618.98
2012-08-28,72.03705,106774200,7691698367.26
2012-08-29,71.616142,107174200,7675402771.22
2012-08-30,70.79731,106674200,7552246443.27
2012-08-31,71.479509,104974200,7503504257.67
2012-09-04,70.975548,106074200,7528674476.27
2012-09-05,70.744468,104824200,7415732284.89
2012-09-06,72.188972,104374200,7534666155.45
2012-09-07,73.4622,104474200,7674904611.85
2012-09-10,73.149651,106074200,7759290748.63
2012-09-11,73.968432,106024200,7842443779.86
2012-09-12,74.31099,105274200,7823030045.39
2012-09-13,75.626263,104574200,7908555905.39
2012-09-14,76.640799,105024200,8049138591.34
2012-09-17,75.95996,104524200,7939654003.82
2012-09-18,75.359991,102874200,7752598814.24
2012-09-19,74.691753,105224200,7859379955.83
2012-09-20,74.92598,106124200,7951459671.31
2012-09-21,74.717824,108274200,8090012642.58
2012-09-24,74.224119,105474200,7828729557.36
2012-09-25,73.479264,104924200,7709752955.24
2012-09-26,72.766651,107124200,7795069288.01
2012-09-27,73.829984,107324200,7923743979.95
2012-09-28,73.452415,105974200,7784060960.24
2012-10-01,73.885103,103224200,7626730669.09
2012-10-02,73.940205,94174200,6963259627.12
2012-10-03,72.996116,99424200,7257580406.63
2012-10-04,73.788194,100974200,7450703882.34
2012-10-05,73.575698,103674200,7627901661.13
2012-10-08,73.66397,104724200,7714400336.7
2012-10-09,73.76457,105474200,7780259017.82
2012-10-10,72.381105,107624200,7789958516.02
2012-10-11,72.96211,107824200,7867081101.15
2012-10-12,72.543449,107474200,7796549156.36
2012-10-15,72.914525,105824200,7716121270.37
2012-10-16,74.12792,106524200,7896417346.32
2012-10-17,75.002029,106924200,8019531941.79
2012-10-18,75.012461,106274200,7971889307.98
2012-10-19,73.838892,103674200,7655188022.41
2012-10-22,73.50316,101424200,7454999169.5
2012-10-23,71.743939,101524200,7283746017.63
2012-10-24,71.209497,100674200,7168959181.78
2012-10-25,71.855105,100074200,7190842182.47
2012-10-26,71.977456,101024200,7271464883.73
2012-10-29,71.977122,100624200,7242640340.46
2012-10-30,71.976778,100624200,7242605695.08
2012-10-31,71.87109,100624200,7231970918.05
2012-11-01,72.312651,99474200,7193243064.42
2012-11-02,71.0564,101174200,7189074437.48
2012-11-05,71.661015,101324200,7260995042.92
2012-11-06,72.829803,102574200,7470458729.99
2012-11-07,70.774709,101224200,7164113287.42
2012-11-08,69.564044,100724200,7006782712.73
2012-11-09,69.593573,100924200,7023675682.79
2012-11-12,69.698952,100924200,7034310973.02
2012-11-13,69.373994,101474200,7039670492.76
2012-11-14,68.538796,97674200,6694472039.68
2012-11-15,68.631741,97574200,6696687202.05
2012-11-16,68.887501,97724200,6731975932.92
2012-11-19,70.542403,96724200,6823157507.98
2012-11-20,70.255828,97574200,6855156259.49
2012-11-21,70.641954,97324200,6875171684.9
2012-11-23,71.599636,96074200,6878877738.06
2012-11-26,70.91548,96324200,6830876884.6
2012-11-27,70.282809,96324200,6769935323.68
2012-11-28,71.028584,96374200,6845322990.68
2012-11-29,71.134599,98074200,6976468934.69
2012-11-30,71.108391,97474200,6931233491.34
2012-12-03,70.677303,97724200,6906882924.47
2012-12-04,70.40043,97724200,6879825720.34
2012-12-05,70.90481,98224200,6964568194.11
2012-12-06,71.116432,98024200,6971131321.38
2012-12-07,71.561815,99924200,7150757069.27
2012-12-10,71.495169,100624200,7194144215.72
2012-12-11,71.880167,100624200,7232884338.78
2012-12-12,72.15507,100124200,7224468661.76
2012-12-13,71.497453,100574200,7190799117.06
2012-12-14,71.21497,100574200,7162388656.52
2012-12-17,71.859287,100774200,7241562189.24
2012-12-18,73.18457,102374200,7492211856.68
2012-12-19,72.654815,101724200,7390752971.99
2012-12-20,73.225241,99974200,7320634920.62
2012-12-21,72.080778,100174200,7220634267.59
2012-12-24,71.505621,97224200,6952076811.86
2012-12-26,71.181524,97424200,6934803030.43
2012-12-27,71.073401,96674200,6870964206.92
2012-12-28,69.846045,95624200,6678972217.62
2012-12-31,71.397834,94824200,6770242447.9
2013-01-02,73.020645,94374200,6891264957.2
2013-01-03,72.990232,96974200,7078169398.34
2013-01-04,73.813805,97824200,7220776412.65
2013-01-07,73.219933,103274200,7561730055.93
2013-01-08,73.001282,102924200,7513598520.52
2013-01-09,72.828512,101574200,7397497871.18
2013-01-10,73.545374,99324200,7304835441.17
2013-01-11,73.638784,99574200,7332523005.8
2013-01-14,73.619963,98574200,7257028971.55
2013-01-15,73.983969,98374200,7278113765.68
2013-01-16,74.263559,97024200,7205362417.55
2013-01-17,74.766987,95974200,7175701807.63
2013-01-18,75.466615,97074200,7325861304.32
2013-01-22,76.216338,94024200,7166180229.73
2013-01-23,75.934603,94324200,7162470715.25
2013-01-24,76.213309,94624200,7211623358.61
2013-01-25,76.92119,98274200,7559368431.51
2013-01-28,76.710085,98874200,7584648307.03
2013-01-29,78.058604,98974200,7725787916.31
2013-01-30,77.575687,99074200,7685749151.34
2013-01-31,77.288552,97724200,7552961939.83
2013-02-01,78.097091,97374200,7604641740.76
2013-02-04,77.35368,97324200,7528384992.82
2013-02-05,77.993663,97174200,7578971792.83
2013-02-06,78.079088,99574200,7774662737.27
2013-02-07,77.895424,99274200,7733005863.83
2013-02-08,78.626204,98274200,7726927312.81
2013-02-11,78.187808,97024200,7586109535.29
2013-02-12,78.40353,96024200,7528636254.08
2013-02-13,78.708506,96124200,7565792161.42
2013-02-14,79.299043,96124200,7622557080.64
2013-02-15,78.451144,96324200,7556743694.03
2013-02-19,79.375886,96074200,7625974782.75
2013-02-20,77.694921,96724200,7514979046.66
2013-02-21,77.133911,96324200,7429862239.39
2013-02-22,77.980074,96874200,7554257240.67
2013-02-25,75.882398,97724200,7415546625.51
2013-02-26,76.64477,96974200,7432565240.28
2013-02-27,77.883016,96374200,7505913324.37
2013-02-28,77.954233,97024200,7563447078.25
2013-03-01,77.752769,96574200,7508911497.94
2013-03-04,77.600357,94924200,7366151845.26
2013-03-05,78.169867,93424200,7302957290.67
2013-03-06,78.224696,94074200,7358925656.26
2013-03-07,78.621767,95174200,7482763808.06
2013-03-08,78.997565,93774200,7407933434.98
2013-03-11,79.011491,93774200,7409239346.26
2013-03-12,79.122602,93624200,7407790285.86
2013-03-13,78.928771,94224200,7437000330.05
2013-03-14,80.04522,95024200,7606232953.34
2013-03-15,79.637885,96624200,7694946898.19
2013-03-18,78.918845,95524200,7538659549.49
2013-03-19,78.06543,96424200,7527396674.8
2013-03-20,78.581637,97874200,7691114877.48
2013-03-21,78.114527,98374200,7684454075.71
2013-03-22,78.710608,97724200,7691931183.12
2013-03-25,78.44233,97724200,7665713953.7
2013-03-26,79.318219,96874200,7683889055.48
2013-03-27,79.54993,97424200,7750088335.16
2013-03-28,79.328409,97824200,7760238114.57
2013-04-01,79.139514,97224200,7694275984.6
2013-04-02,78.709192,96824200,7620954542.39
2013-04-03,77.266877,96074200,7423353405.74
2013-04-04,77.158916,93824200,7239373597.87
2013-04-05,77.329926,92724200,7170355544.42
2013-04-08,77.843553,93624200,7288040334.71
2013-04-09,78.504968,93624200,7349964791.6
2013-04-10,78.951577,95224200,7518100776.32
2013-04-11,79.248207,97524200,7728618032.68
2013-04-12,78.020541,99674200,7776634978.19
2013-04-15,74.784739,95374200,7132534668.38
2013-04-16,75.753329,93574200,7088557182.51
2013-04-17,74.102194,94174200,6978514827.93
2013-04-18,74.702905,93924200,7016410577.42
2013-04-19,74.55229,95874200,7147641177.16
2013-04-22,75.395902,95224200,7179514438.57
2013-04-23,76.245474,96124200,7329035187.29
2013-04-24,77.259825,95324200,7364731008.3
2013-04-25,77.283575,94774200,7324488966.52
2013-04-26,77.18318,92924200,7172185276.64
2013-04-29,78.009958,92624200,7225609962.4
2013-04-30,78.351734,95074200,7449228423.05
2013-05-01,77.01982,94774200,7299491787.48
2013-05-02,78.084344,93424200,7294967382.65
2013-05-03,79.528927,95024200,7557172690.01
2013-05-06,80.038736,96074200,7689657572.47
2013-05-07,80.62677,96274200,7762277756.33
2013-05-08,80.767917,97674200,7888941694.22
2013-05-09,80.673537,97474200,7863588486.22
2013-05-10,80.324398,95924200,7705053591.85
2013-05-13,80.295434,93374200,7497521916.84
2013-05-14,81.367275,93374200,7597604195.64
2013-05-15,81.180851,93974200,7628905518.57
2013-05-16,80.751937,93774200,7572448320.34
2013-05-17,82.166063,92324200,7585916077.05
2013-05-20,83.29267,90224200,7515014552.25
2013-05-21,83.159252,91424200,7602768057.17
2013-05-22,82.15514,93724200,7699924789.47
2013-05-23,82.035501,93524200,7672304600.26
2013-05-24,81.681322,93824200,7663684735.13
2013-05-28,82.532376,94074200,7764167269.78
2013-05-29,82.359999,95124200,7834428998.21
2013-05-30,82.165283,94474200,7762499351.35
2013-05-31,80.501162,95974200,7726034639.42
2013-06-03,81.278453,95224200,7739675666.87
2013-06-04,80.6104,95074200,7663969264.13
2013-06-05,79.718845,92474200,7371936405.81
2013-06-06,80.343117,94974200,7630523291.85
2013-06-07,81.294029,91124200,7407853376.47
2013-06-10,81.075706,95224200,7720369211.18
2013-06-11,79.828929,95374200,7613620284.55
2013-06-12,79.300757,96274200,7634616955.11
2013-06-13,80.692447,95574200,7712116095.04
2013-06-14,79.895888,96974200,7747839776.79
2013-06-17,81.022839,97324200,7885482968.39
2013-06-18,81.515971,99174200,8084281208.49
2013-06-19,80.6983,100074200,8075817863.18
2013-06-20,78.413104,100074200,7847128609.11
2013-06-21,78.207776,97724200,7642792350.28
2013-06-24,77.01499,95324200,7341392278.43
2013-06-25,77.954682,96074200,7489433732.15
2013-06-26,78.490322,97874200,7682177479.28
2013-06-27,78.615249,97774200,7686543064.33
2013-06-28,78.373702,97824200,7666844693.84
2013-07-01,78.855868,96224200,7587842826.18
2013-07-02,79.033484,101224200,8000101192.54
2013-07-03,79.031953,102174200,8075026616.76
2013-07-05,79.923911,102174200,8166161639.12
2013-07-08,80.463746,100874200,8116716042.48
2013-07-09,81.327122,99324200,8077751362.65
2013-07-10,80.808177,101874200,8232268338.0
2013-07-11,81.594135,103974200,8483684919.85
2013-07-12,81.950175,105574200,8651824194.38
2013-07-15,81.845105,105374200,8624362414.54
2013-07-16,81.326375,106224200,8638829162.11
2013-07-17,81.707652,105274200,8601707682.39
2013-07-18,82.5541,105274200,8690816864.14
2013-07-19,83.684614,106924200,8947910363.47
2013-07-22,83.466968,106524200,8891251975.39
2013-07-23,83.574172,105874200,8848348572.58
2013-07-24,82.665562,104424200,8632285129.82
2013-07-25,83.220643,103724200,8631994629.45
2013-07-26,82.983244,103524200,8590773959.28
2013-07-29,82.30557,102124200,8405390501.28
2013-07-30,82.115373,101924200,8369543664.42
2013-07-31,82.404089,99474200,8197080873.78
2013-08-01,83.808383,99624200,8349343122.92
2013-08-02,83.380671,99874200,8327577852.5
2013-08-05,83.182941,100024200,8320307096.36
2013-08-06,82.685008,99524200,8229159231.15
2013-08-07,82.360279,97174200,8003294193.73
2013-08-08,82.834387,96224200,7970672664.45
2013-08-09,82.614435,96224200,7949507886.73
2013-08-12,82.230379,96374200,7924886964.82
2013-08-13,82.372188,97124200,8000332824.79
2013-08-14,82.017926,97474200,7994631765.34
2013-08-15,81.598861,97724200,7974183385.01
2013-08-16,81.241409,96324200,7825513774.82
2013-08-19,79.951688,96924200,7749253405.72
2013-08-20,80.411467,94374200,7588767865.7
2013-08-21,79.982041,94624200,7568236690.41
2013-08-22,81.204156,90624200,7359061647.01
2013-08-23,81.802308,83224200,6807931613.93
2013-08-26,81.628269,90074200,7352601069.78
2013-08-27,81.068604,92124200,7468380307.51
2013-08-28,82.451197,93574200,7715304764.52
2013-08-29,81.612574,94774200,7734766432.37
2013-08-30,81.623193,94524200,7715367003.2
2013-09-03,82.218009,94724200,7788035141.25
2013-09-04,82.618984,95874200,7921028994.69
2013-09-05,82.894362,97374200,8071772187.69
2013-09-06,82.946669,95874200,7952445580.38
2013-09-09,83.809852,95574200,8010059584.13
2013-09-10,83.834995,94824200,7949586326.05
2013-09-11,84.470869,94124200,7950752953.04
2013-09-12,83.971467,95874200,8050697247.61
2013-09-13,83.946347,98474200,8266549349.26
2013-09-16,83.919798,98374200,8255542955.71
2013-09-17,84.288737,98124200,8270764873.43
2013-09-18,85.339048,98874200,8437830057.73
2013-09-19,85.136014,100174200,8528432103.19
2013-09-20,84.019913,100224200,8420828599.48
2013-09-23,83.638003,98374200,8227821674.24
2013-09-24,83.721797,98474200,8244436936.48
2013-09-25,83.696855,98974200,8283829235.47
2013-09-26,83.804068,98324200,8239967913.89
2013-09-27,83.528015,95874200,8008181637.79
2013-09-30,82.886618,96624200,8008853175.94
2013-10-01,83.426419,96124200,8019297808.04
2013-10-02,83.651239,95274200,7969804832.62
2013-10-03,82.969258,96074200,7971205092.92
2013-10-04,83.719098,95024200,7955340271.32
2013-10-07,83.031733,93774200,7786234344.95
2013-10-08,82.113077,94774200,7782201199.6
2013-10-09,81.852696,94674200,7749338535.77
2013-10-10,83.412211,94174200,7855278217.04
2013-10-11,84.302377,94274200,7947539114.34
2013-10-14,84.799267,93524200,7930783606.64
2013-10-15,84.514965,93924200,7938000489.8
2013-10-16,85.825682,93824200,8052525941.34
2013-10-17,86.013749,94574200,8134681524.63
2013-10-18,86.935848,93424200,8121912063.01
2013-10-21,86.564493,92124200,7974684683.65
2013-10-22,87.018359,90074200,7838109089.54
2013-10-23,85.68027,89374200,7657605575.04
2013-10-24,86.084659,92874200,7995043879.58
2013-10-25,86.578756,94324200,8166471881.08
2013-10-28,86.659979,98824200,8564103127.49
2013-10-29,87.278964,97874200,8542358818.84
2013-10-30,86.683585,98074200,8501423248.27
2013-10-31,86.329447,97274200,8397627932.36
2013-11-01,86.043762,97124200,8356931575.65
2013-11-04,87.12456,96824200,8435765822.68
2013-11-05,86.3515,95674200,8261610694.69
2013-11-06,86.591645,95674200,8284586393.41
2013-11-07,85.277559,95674200,8158862261.53
2013-11-08,86.604859,96274200,8337813513.75
2013-11-11,86.70908,96874200,8399872720.6
2013-11-12,85.909882,96974200,8331042083.4
2013-11-13,86.644284,97624200,8458578861.69
2013-11-14,87.185438,96774200,8437300982.57
2013-11-15,87.66454,97874200,8580096690.52
2013-11-18,86.970533,97924200,8516519907.9
2013-11-19,87.113252,97924200,8530495488.62
2013-11-20,86.916731,98624200,8572093090.45
2013-11-21,87.756127,100024200,8777736348.51
2013-11-22,88.228838,99524200,8780904566.44
2013-11-25,87.423816,98924200,8648331017.13
2013-11-26,87.189312,98774200,8612054543.04
2013-11-27,86.576006,98974200,8568790892.65
2013-11-29,86.447592,99174200,8573370827.61
2013-12-02,86.51964,99174200,8580516106.0
2013-12-03,86.77861,97874200,8493387029.85
2013-12-04,86.402582,97024200,8383141431.81
2013-12-05,86.118843,96874200,8342694036.56
2013-12-06,86.406009,97124200,8392114511.09
2013-12-09,86.505765,96524200,8349899717.89
2013-12-10,86.248731,99974200,8622647886.37
2013-12-11,85.046886,100624200,8557774876.95
2013-12-12,85.439453,99324200,8486205272.78
2013-12-13,85.104293,99224200,8444405390.54
2013-12-16,85.845251,95224200,8174545348.6
2013-12-17,85.383969,95124200,8122081705.86
2013-12-18,86.609673,94824200,8212692979.5
2013-12-19,86.879646,95574200,8303452651.38
2013-12-20,86.6641,96824200,8391182161.05
2013-12-23,86.732126,94224200,8172265232.68
2013-12-24,87.254914,89324200,7793975377.21
2013-12-26,87.896235,89624200,7877629738.9
2013-12-27,88.297254,89924200,7940059928.81
2013-12-30,87.593973,90874200,7960032244.48
2013-12-31,88.419521,90524200,8004106444.1
2014-01-02,87.216582,92524200,8069644463.91
2014-01-03,86.96804,96274200,8372778522.11
2014-01-06,87.008702,98124200,8537659253.11
2014-01-07,87.729239,99424200,8722409421.57
2014-01-08,87.124242,99124200,8636120815.58
2014-01-09,86.812976,98174200,8522794428.65
2014-01-10,86.930096,99524200,8651648279.35
2014-01-13,85.228736,97874200,8341694356.46
2014-01-14,86.287657,94924200,8190786819.17
2014-01-15,86.045435,95024200,8176398648.84
2014-01-16,86.150203,96024200,8272504359.34
2014-01-17,86.048146,98224200,8452010255.02
2014-01-21,86.673076,96724200,8383383966.92
2014-01-22,87.102618,97724200,8512033652.72
2014-01-23,86.111186,95774200,8247229962.34
2014-01-24,84.333929,97974200,8262549206.56
2014-01-27,83.990434,95024200,7981123819.0
2014-01-28,84.705609,94174200,7977082972.64
2014-01-29,84.203648,93124200,7841397372.46
2014-01-30,84.498853,93724200,7919587444.72
2014-01-31,83.382451,92824200,7739909347.92
2014-02-03,81.913621,93774200,7681384308.65
2014-02-04,82.732008,90574200,7493385420.6
2014-02-05,81.969992,93674200,7678473391.01
2014-02-06,83.193118,91224200,7589225658.3
2014-02-07,84.086604,90074200,7574033616.41
2014-02-10,83.654784,90774200,7593696048.47
2014-02-11,84.774869,90424200,7665699751.94
2014-02-12,84.507538,88574200,7485187533.57
2014-02-13,84.902412,87824200,7456486372.52
2014-02-14,86.011973,87674200,7541030894.98
2014-02-18,86.402646,86624200,7484560050.59
2014-02-19,86.508862,89174200,7714358584.51
2014-02-20,87.086105,96324200,8388499372.42
2014-02-21,86.392231,97224200,8399415558.89
2014-02-24,87.707325,94874200,8321162264.79
2014-02-25,87.675989,96374200,8449703258.75
2014-02-26,87.118786,96724200,8426494866.31
2014-02-27,87.133414,94874200,8266712966.7
2014-02-28,87.601527,96224200,8429386824.27
2014-03-03,87.123484,98724200,8601196253.51
2014-03-04,88.001444,102424200,9013477520.61
2014-03-05,87.202364,102524200,8940352626.38
2014-03-06,87.843355,102074200,8966540181.55
2014-03-07,88.072161,101024200,8897419636.05
2014-03-10,88.176289,99924200,8810945174.07
2014-03-11,87.145198,99724200,8690485162.93
2014-03-12,87.177815,98074200,8549894492.73
2014-03-13,86.25789,97774200,8433796153.31
2014-03-14,86.435486,93024200,8040591949.7
2014-03-17,86.892092,93174200,8096101131.83
2014-03-18,87.605229,95274200,8346518073.37
2014-03-19,86.84658,99174200,8612940047.37
2014-03-20,87.246147,100174200,8739813026.27
2014-03-21,87.083858,101074200,8801931234.01
2014-03-24,86.866386,99474200,8640964217.28
2014-03-25,87.599333,99774200,8740153347.01
2014-03-26,87.271221,99474200,8681234894.23
2014-03-27,87.991789,99874200,8788109581.71
2014-03-28,89.06996,100374200,8940326022.81
2014-03-31,89.03537,100774200,8972468195.81
2014-04-01,89.588235,101374200,9081935676.86
2014-04-02,89.935968,100024200,8995773280.36
2014-04-03,90.52899,100924200,9136565850.17
2014-04-04,90.139377,100474200,9056681742.72
2014-04-07,88.662245,102024200,9045694599.02
2014-04-08,89.529436,102974200,9219222013.47
2014-04-09,89.963362,106124200,9547289809.0
2014-04-10,88.69596,106124200,9412787777.55
2014-04-11,88.441241,102624200,9076211587.16
2014-04-14,89.651722,102524200,9191471035.55
2014-04-15,90.8422,104874200,9527003021.92
2014-04-16,91.969816,111074200,10215473791.24
2014-04-17,92.813409,113374200,10522645995.44
2014-04-18,92.813409,114974200,10671147449.84
2014-04-21,93.412994,114974200,10740084274.9
2014-04-22,93.24752,116324200,10846943209.09
2014-04-23,93.763519,120224200,11272644113.56
2014-04-24,93.742911,120324200,11279540790.78
2014-04-25,93.211183,116174200,10828734568.25
2014-04-28,93.38963,111874200,10447890103.52
2014-04-29,93.845178,110324200,10353394169.12
2014-04-30,93.765153,113674200,10658678728.44
2014-05-01,93.520526,115024200,10757123733.98
2014-05-02,93.758352,116174200,10892301496.51
2014-05-05,94.138594,115524200,10875285750.01
2014-05-06,94.301054,116374200,10974209745.59
2014-05-07,95.091328,116524200,11080440972.3
2014-05-08,93.787565,117724200,11041066022.56
2014-05-09,93.687872,116024200,10870060351.9
2014-05-12,94.336637,115924200,10935899208.12
2014-05-13,94.679377,119074200,11273871062.61
2014-05-14,94.712837,119774200,11344154337.23
2014-05-15,93.632465,121774200,11402018576.89
2014-05-16,93.352337,121174200,11311894749.85
2014-05-19,93.681667,120124200,11253435269.26
2014-05-20,93.409513,121324200,11332834380.98
2014-05-21,94.429216,121824200,11503763723.73
2014-05-22,94.294647,121824200,11487369960.65
2014-05-23,94.181815,121824200,11473624285.76
2014-05-27,94.437067,122324200,11551938636.64
2014-05-28,94.583636,120174200,11366512730.38
2014-05-29,95.401155,119424200,11393206633.16
2014-05-30,95.31881,119174200,11359542951.81
2014-06-02,95.18058,120224200,11443009141.1
2014-06-03,95.532587,120524200,11513988576.95
2014-06-04,95.442945,120874200,11536589631.25
2014-06-05,96.064629,120874200,11611735134.64
2014-06-06,96.848898,122324200,11846963915.25
2014-06-09,96.968571,122824200,11910087203.39
2014-06-10,96.774131,125074200,12103946993.21
2014-06-11,97.145388,123674200,12014378175.4
2014-06-12,97.475958,123824200,12069882543.96
2014-06-13,98.433141,122974200,12104736750.55
2014-06-16,99.024779,122374200,12118078158.79
2014-06-17,98.910442,125274200,12390926544.86
2014-06-18,99.708611,124974200,12461003908.96
2014-06-19,100.414253,124874200,12539149568.06
2014-06-20,100.893234,126424200,12755346366.93
2014-06-23,101.263756,128324200,12994590509.03
2014-06-24,99.126369,129474200,12834307385.21
2014-06-25,99.939778,124224200,12414938951.78
2014-06-26,99.999372,125174200,12517341333.37
2014-06-27,100.021144,126774200,12680100571.09
2014-06-30,100.120503,126624200,12677678553.42
2014-07-01,100.149075,126474200,12666274116.12
2014-07-02,100.01715,125274200,12529568397.45
2014-07-03,100.358232,124174200,12461903211.23
2014-07-07,99.628371,124524200,12406143237.93
2014-07-08,99.438935,124224200,12352722157.73
2014-07-09,100.091117,124424200,12453757145.69
2014-07-10,99.140816,125274200,12419786391.25
2014-07-11,98.403258,122974200,12101061938.92
2014-07-14,99.253072,119424200,11853218711.35
2014-07-15,98.804955,120174200,11873806460.03
2014-07-16,100.346532,119474200,11988821660.82
2014-07-17,98.721747,120524200,11898359581.23
2014-07-18,98.993732,120224200,11901442194.36
2014-07-21,99.124761,119074200,11803201616.5
2014-07-22,99.87738,117974200,11782953990.89
2014-07-23,100.444832,118324200,11885054388.11
2014-07-24,100.571789,118274200,11895047940.84
2014-07-25,99.856286,118524200,11835386381.6
2014-07-28,99.578979,118174200,11767666151.89
2014-07-29,99.31886,117724200,11692233298.88
2014-07-30,98.738572,119324200,11781901134.53
2014-07-31,96.59797,119324200,11526475457.79
2014-08-01,95.830523,119074200,11410942829.69
2014-08-04,97.463654,117274200,11429972027.01
2014-08-05,95.360301,117774200,11230983149.64
2014-08-06,95.621751,116324200,11123123691.57
2014-08-07,94.992175,118374200,11244622727.82
2014-08-08,96.619431,118974200,11495219504.89
2014-08-11,96.629258,119674200,11564029111.3
2014-08-12,95.912896,121574200,11660533628.48
2014-08-13,96.219754,119324200,11481345211.91
2014-08-14,95.656631,118924200,11375888346.96
2014-08-15,96.331359,117774200,11345348694.06
2014-08-18,96.633643,118674200,11467920301.33
2014-08-19,97.383281,116624200,11357247231.63
2014-08-20,97.594376,117424200,11459941535.04
2014-08-21,97.631815,117874200,11508272078.45
2014-08-22,97.009169,117474200,11396074560.87
2014-08-25,97.859268,115924200,11344257364.4
2014-08-26,98.361816,116024200,11412351018.11
2014-08-27,98.193916,116024200,11392870546.14
2014-08-28,98.151104,116424200,11427163782.77
2014-08-29,98.77215,116424200,11499468578.92
2014-09-02,97.509111,115024200,11215907471.31
2014-09-03,97.770954,114074200,11153143317.59
2014-09-04,96.428642,114174200,11009663103.7
2014-09-05,97.104625,113924200,11062566667.87
2014-09-08,95.592212,112974200,10799453699.5
2014-09-09,95.144368,113324200,10782159343.21
2014-09-10,94.922943,112324200,10662143671.04
2014-09-11,94.99836,109974200,10447368611.76
2014-09-12,93.557542,109474200,10242137118.27
2014-09-15,94.214222,110924200,10450637187.3
2014-09-16,95.338353,112224200,10699270370.7
2014-09-17,94.85431,115074200,10915283877.16
2014-09-18,94.348523,116274200,10970299006.66
2014-09-19,93.793018,116774200,10952604700.77
2014-09-22,92.388597,117074200,10816321103.68
2014-09-23,92.137836,117774200,10851459981.35
2014-09-24,92.21192,121424200,11196758602.38
2014-09-25,90.794562,119224200,10824909009.94
2014-09-26,92.001087,113374200,10430549667.21
2014-09-29,91.767879,113524200,10417875024.04
2014-09-30,90.578206,113074200,10242058190.3
2014-10-01,88.819655,108624200,9647964011.29
2014-10-02,88.359882,109474200,9673127435.31
2014-10-03,88.244084,109674200,9678099309.01
2014-10-06,88.287242,110324200,9740219359.51
2014-10-07,87.116491,113274200,9663327039.42
2014-10-08,87.978521,109874200,9666569602.44
2014-10-09,84.631291,112674200,9535763026.2
2014-10-10,83.547629,110174200,9204793175.97
2014-10-13,80.926845,114724200,9284267532.06
2014-10-14,79.920858,116624200,9320706175.73
2014-10-15,80.512304,122274200,9844577593.1
2014-10-16,82.049047,132024200,10832459838.73
2014-10-17,82.737483,124974200,10340050800.11
2014-10-20,83.447389,122074200,10186773293.58
2014-10-21,85.960628,126924200,10910483914.87
2014-10-22,84.348831,120824200,10191380061.62
2014-10-23,85.962798,120324200,10343404906.91
2014-10-24,85.627254,121174200,10375814000.29
2014-10-27,83.768913,119374200,9999846990.99
2014-10-28,85.796707,120624200,10349159169.75
2014-10-29,86.022011,119424200,10273109897.16
2014-10-30,85.691211,117374200,10057937357.44
2014-10-31,87.458483,117674200,10291607006.87
2014-11-03,86.027006,117724200,10127460417.67
2014-11-04,84.248989,116274200,9795983739.46
2014-11-05,85.745295,116974200,10029987245.08
2014-11-06,86.842546,117974200,10245179842.62
2014-11-07,87.836072,121024200,10630290294.67
2014-11-10,87.002739,121324200,10555537701.71
2014-11-11,87.263374,119274200,10408269108.9
2014-11-12,86.515615,118274200,10232565199.01
2014-11-13,85.28969,117224200,9998015675.62
2014-11-14,86.210937,117374200,10118939754.52
2014-11-17,85.776291,115124200,9874926889.05
2014-11-18,85.839301,114824200,9856429080.44
2014-11-19,86.31859,115724200,9989149811.14
2014-11-20,87.383852,119024200,10400793108.04
2014-11-21,88.487734,123574200,10934800888.89
2014-11-24,87.810219,129824200,11399891461.92
2014-11-25,86.375129,130124200,11239494546.33
2014-11-26,85.301049,124974200,10660430403.58
2014-11-28,79.74809,124374200,9918604909.45
2014-12-01,80.089903,126074200,10097270443.47
2014-12-02,81.001459,125824200,10191943779.67
2014-12-03,81.978237,134024200,10987067603.03
2014-12-04,81.321295,134274200,10919351763.23
2014-12-05,80.277015,135924200,10911589074.88
2014-12-08,77.017764,134974200,10395411148.49
2014-12-09,77.87509,130224200,10141221308.96
2014-12-10,75.449372,135024200,10187491096.41
2014-12-11,75.40613,132274200,9974285464.4
2014-12-12,73.939482,134624200,9954043611.09
2014-12-15,73.401166,129724200,9521907599.76
2014-12-16,73.994994,133074200,9846824585.42
2014-12-17,77.182541,135574200,10463961265.85
2014-12-18,78.676644,141774200,11154318197.5
2014-12-19,80.643757,138674200,11183208439.39
2014-12-22,79.769703,142474200,11365124609.8
2014-12-23,80.717033,147174200,11879464771.74
2014-12-24,80.079509,153074200,12258106853.06
2014-12-26,80.086706,149124200,11942865964.01
2014-12-29,80.367119,148174200,11908333599.38
2014-12-30,79.76323,150674200,12018260918.07
2014-12-31,79.161587,150274200,11895944177.23
2015-01-02,79.52829,149574200,11895380304.03
2015-01-05,76.172965,150624200,11473491930.03
2015-01-06,75.144774,150574200,11314864202.61
2015-01-07,75.279544,153774200,11576051633.37
2015-01-08,77.025287,154524200,11902270842.14
2015-01-09,76.388557,152174200,11624367556.0
2015-01-12,74.119547,151824200,11253140860.63
2015-01-13,73.587269,149624200,11010436323.16
2015-01-14,73.757579,148374200,10943721768.98
2015-01-15,72.848787,152724200,11125772777.46
2015-01-16,75.286803,157774200,11878315186.65
2015-01-20,75.320262,156074200,11755549574.38
2015-01-21,76.815135,153924200,11823708274.4
2015-01-22,77.195817,153974200,11886164163.1
2015-01-23,76.685449,151774200,11638872687.83
2015-01-26,77.777842,150524200,11707447441.22
2015-01-27,77.727042,148524200,11544346697.37
2015-01-28,74.660822,149674200,11174798873.78
2015-01-29,74.856149,150474200,11263919181.27
2015-01-30,75.554516,154324200,11659890192.42
2015-02-02,77.888148,157724200,12284845802.76
2015-02-03,80.031322,160374200,12834959198.23
2015-02-04,78.673762,166424200,13093217868.47
2015-02-05,79.833279,162674200,12986814763.32
2015-02-06,79.752261,162224200,12937746713.5
2015-02-09,79.933155,160174200,12803229079.09
2015-02-10,79.86052,161124200,12867462441.29
2015-02-11,79.313526,159274200,12632598344.74
2015-02-12,80.365875,157874200,12687698190.99
2015-02-13,82.084184,161124200,13225748510.04
2015-02-17,82.318241,165074200,13588617793.4
2015-02-18,81.307699,166624200,13547830324.51
2015-02-19,80.876139,167174200,13520403889.76
2015-02-20,80.550577,167974200,13530418720.44
2015-02-23,80.266529,165874200,13314146353.58
2015-02-24,80.41707,164874200,13258700130.42
2015-02-25,80.824708,163974200,13253166775.24
2015-02-26,79.352085,161974200,12852990494.25
2015-02-27,79.008488,160474200,12678823924.94
2015-03-02,78.483226,160524200,12598457083.47
2015-03-03,78.761761,160524200,12643168668.08
2015-03-04,78.633457,160374200,12610777724.02
2015-03-05,78.147937,159574200,12470394475.34
2015-03-06,76.819973,158724200,12193188707.96
2015-03-09,76.242733,161124200,12284549306.54
2015-03-10,75.114146,159524200,11982523977.84
2015-03-11,75.376216,157674200,11884884563.42
2015-03-12,74.92904,157324200,11788151328.19
2015-03-13,74.624389,153224200,11434262252.11
2015-03-16,75.655142,156424200,11834295094.69
2015-03-17,75.312312,159374200,12002839457.59
2015-03-18,77.55223,161274200,12507173829.64
2015-03-19,76.310039,163424200,12470907114.39
2015-03-20,76.930573,165924200,12764643809.43
2015-03-23,76.661568,166724200,12781338636.11
2015-03-24,76.097555,165224200,12573157659.16
2015-03-25,77.129512,162374200,12523842850.19
2015-03-26,77.012914,162024200,12477955843.38
2015-03-27,76.454896,162374200,12414302565.11
2015-03-30,78.017358,161824200,12625096478.5
2015-03-31,77.35132,161874200,12521182975.12
2015-04-01,77.553039,164074200,12724452905.62
2015-04-02,77.719734,165274200,12845066894.82
2015-04-06,79.088236,166024200,13130561031.42
2015-04-07,79.237121,168074200,13317715730.03
2015-04-08,78.534867,170674200,13403875620.23
2015-04-09,79.793541,170974200,13642636830.0
2015-04-10,80.119558,172924200,13854610388.8
2015-04-13,79.339953,171074200,13573018967.29
2015-04-14,80.754103,170274200,13750340203.68
2015-04-15,82.711666,169774200,14042306990.95
2015-04-16,82.526749,170674200,14085186828.39
2015-04-17,81.875789,175474200,14367088609.97
2015-04-20,82.211298,174974200,14384856180.23
2015-04-21,81.316923,177524200,14435721695.32
2015-04-22,81.896929,178374200,14608299230.8
2015-04-23,82.440503,178074200,14680526596.5
2015-04-24,81.951454,178774200,14650805669.23
2015-04-27,81.873007,178874200,14644968588.77
2015-04-28,82.300263,178474200,14688473582.78
2015-04-29,82.946269,178374200,14795474396.72
2015-04-30,82.67746,178574200,14764061325.4
2015-05-01,82.892511,180724200,14980682739.23
2015-05-04,82.655891,179974200,14875927904.99
2015-05-05,81.636401,177424200,14484273222.17
2015-05-06,81.358456,176474200,14357668417.82
2015-05-07,80.449731,177824200,14305908999.02
2015-05-08,81.768891,178874200,14626344884.3
2015-05-11,80.217363,178924200,14352827556.55
2015-05-12,80.60058,177624200,14316613604.33
2015-05-13,80.380196,177624200,14277467945.05
2015-05-14,80.431599,176574200,14202145287.59
2015-05-15,80.697843,175224200,14140215045.04
2015-05-18,80.722862,174224200,14063875980.05
2015-05-19,79.582102,173824200,13833295286.54
2015-05-20,79.736892,172624200,13764517108.23
2015-05-21,80.493334,172374200,13874974047.53
2015-05-22,80.170408,171474200,13747156497.35
2015-05-26,78.883258,171374200,13518555156.92
2015-05-27,78.806801,170724200,13454228104.28
2015-05-28,78.462467,170474200,13375826235.29
2015-05-29,78.386846,170474200,13362934821.5
2015-06-01,78.249167,170424200,13335551602.09
2015-06-02,78.700164,170374200,13408477455.04
2015-06-03,78.120056,171274200,13379950115.47
2015-06-04,77.117378,170774200,13169658579.97
2015-06-05,77.683032,170224200,13223531968.49
2015-06-08,77.233407,170574200,13174026574.35
2015-06-09,77.218028,168924200,13043993680.19
2015-06-10,78.169016,169974200,13286715975.59
2015-06-11,77.842719,170674200,13285743764.68
2015-06-12,76.967883,170474200,13121038222.02
2015-06-15,76.73822,169174200,12982127015.38
2015-06-16,77.3372,168624200,13040923519.92
2015-06-17,77.189467,169474200,13081623110.12
2015-06-18,77.142285,169774200,13096769667.73
2015-06-19,75.922944,171474200,13018826120.64
2015-06-22,76.849352,173724200,13350592238.24
2015-06-23,77.113605,172224200,13280828885.4
2015-06-24,76.595694,170924200,13092057731.53
2015-06-25,75.811706,169374200,12840546974.7
2015-06-26,76.001879,169474200,12880357583.46
2015-06-29,74.621136,170674200,12735902694.93
2015-06-30,75.145596,170974200,12847958159.89
2015-07-01,74.192342,170424200,12644170595.05
2015-07-02,74.523085,171924200,12812321688.09
2015-07-06,73.53714,169674200,12477355423.4
2015-07-07,74.231317,171324200,12717620933.35
2015-07-08,72.719106,173024200,12582165118.07
2015-07-09,73.114448,171674200,12551864410.76
2015-07-10,73.453085,171174200,12573273130.65
2015-07-13,73.975971,172024200,12725657238.83
2015-07-14,74.558355,170674200,12725187651.41
2015-07-15,73.238745,169924200,12445035125.03
2015-07-16,73.328528,169924200,12460291419.49
2015-07-17,72.465704,169574200,12288313857.18
2015-07-20,71.460797,169374200,12103615255.36
2015-07-21,71.511189,170874200,12219417165.1
2015-07-22,70.964786,170574200,12104761567.83
2015-07-23,70.869307,169474200,12010519148.29
2015-07-24,69.506013,169474200,11779475869.67
2015-07-27,68.54234,169124200,11592168423.18
2015-07-28,70.480793,168374200,11867147188.75
2015-07-29,71.448129,168074200,12008587067.8
2015-07-30,70.926873,168574200,11956440887.42
2015-07-31,69.368735,168574200,11693778976.45
2015-08-03,67.924747,168824200,11467341126.52
2015-08-04,67.675505,168074200,11374506342.54
2015-08-05,67.163161,169174200,11362274046.9
2015-08-06,68.256916,168474200,11499529295.55
2015-08-07,66.991754,168424200,11283032652.14
2015-08-10,69.187628,167124200,11562926940.75
2015-08-11,69.285049,169174200,11721242676.35
2015-08-12,70.556113,167824200,11841023155.69
2015-08-13,69.494903,167974200,11673350739.36
2015-08-14,69.333218,168924200,11712058367.06
2015-08-17,69.449528,169324200,11759485848.52
2015-08-18,69.255355,171024200,11844341733.72
2015-08-19,67.312207,171674200,11555769300.46
2015-08-20,65.795098,171824200,11305190007.82
2015-08-21,63.461757,169174200,10736092015.28
2015-08-24,60.145032,173174200,10415567827.61
2015-08-25,59.229806,174574200,10339995947.63
2015-08-26,61.246304,176524200,10811454730.24
2015-08-27,64.299397,184074200,11835860048.71
2015-08-28,65.768001,183024200,12037135801.69
2015-08-31,66.488575,181224200,12049338885.65
2015-09-01,64.079658,177374200,11366078118.22
2015-09-02,64.682103,173674200,11233612474.27
2015-09-03,64.881655,173374200,11248805028.02
2015-09-04,63.791177,173224200,11050175595.44
2015-09-08,64.801514,174024200,11277031622.32
2015-09-09,63.590861,173674200,11044091863.62
2015-09-10,63.931555,172124200,11004167687.26
2015-09-11,63.380287,172174200,10912450201.4
2015-09-14,62.805706,176024200,11055324123.9
2015-09-15,63.52966,177774200,11293934484.64
2015-09-16,65.334729,180224200,11774899339.15
2015-09-17,65.280923,179924200,11745617811.47
2015-09-18,63.128151,178174200,11247807749.23
2015-09-21,63.474967,177024200,11236605215.49
2015-09-22,62.809422,177574200,11153332942.66
2015-09-23,61.9613,177774200,11015120451.61
2015-09-24,62.225565,177624200,11052766144.67
2015-09-25,62.356713,179624200,11200774638.5
2015-09-28,59.872187,178674200,10697615119.42
2015-09-29,59.797878,178524200,10675368334.48
2015-09-30,61.235735,180774200,11069841043.43
2015-10-01,61.341582,181324200,11122713250.35
2015-10-02,63.887849,180874200,11555663540.67
2015-10-05,65.815755,181274200,11930698296.5
2015-10-06,67.251083,181474200,12204336553.26
2015-10-07,68.105526,179274200,12209563770.99
2015-10-08,69.431955,179174200,12440415065.48
2015-10-09,68.917544,175624200,12103588574.74
2015-10-12,68.05621,173524200,11809399377.08
2015-10-13,67.316236,174274200,11731483239.03
2015-10-14,67.890989,179974200,12218626371.77
2015-10-15,69.132306,183324200,12673624680.56
2015-10-16,69.198702,183324200,12685796666.92
2015-10-19,67.837578,184824200,12538026004.83
2015-10-20,67.998013,187024200,12717273948.72
2015-10-21,67.235642,186324200,12527627297.1
2015-10-22,68.439382,186524200,12765600990.43
2015-10-23,68.288207,186024200,12703259072.46
2015-10-26,66.585075,184224200,12266582109.23
2015-10-27,65.768683,182074200,11974780255.29
2015-10-28,67.266391,179174200,12052401831.91
2015-10-29,67.59035,180524200,12201693819.92
2015-10-30,68.029571,180524200,12280983882.43
2015-11-02,69.647664,182274200,12694972156.87
2015-11-03,71.455795,181674200,12981674438.46
2015-11-04,70.755943,178474200,12628110272.29
2015-11-05,70.117051,176874200,12401897370.76
2015-11-06,69.794245,177674200,12400636568.95
2015-11-09,69.072969,176774200,12210318748.31
2015-11-10,69.266198,176474200,12223696882.66
2015-11-11,67.81544,178324200,12093134152.5
2015-11-12,66.255286,177774200,11778480530.64
2015-11-13,65.992298,177974200,11744926359.73
2015-11-16,68.217555,178624200,12185306163.65
2015-11-17,67.421129,178674200,12046416260.19
2015-11-18,68.519333,177674200,12174117655.59
2015-11-19,67.608967,176974200,11965042768.88
2015-11-20,66.920269,175574200,11749472758.46
2015-11-23,67.385488,176474200,11891800040.94
2015-11-24,68.82064,178874200,12310236905.0
2015-11-25,68.267415,180424200,12317093768.78
2015-11-27,67.744282,180874200,12253192756.14
2015-11-30,67.985048,180774200,12289942595.9
2015-12-01,68.556526,180124200,12348689371.57
2015-12-02,66.430895,180474200,11989062626.23
2015-12-03,65.100585,180124200,11726190721.5
2015-12-04,64.709034,181274200,11730078454.53
2015-12-07,62.239029,177024200,11017814234.92
2015-12-08,61.581059,177624200,10938286390.6
2015-12-09,62.390737,177974200,11103941443.82
2015-12-10,62.783179,176924200,11107863768.81
2015-12-11,60.451153,190124200,11493227130.32
2015-12-14,60.766114,190624200,11583491837.12
2015-12-15,62.292357,196974200,12269987280.91
2015-12-16,61.936727,198824200,12314520285.63
2015-12-17,60.402318,197424200,11924879259.3
2015-12-18,58.767216,196624200,11555056791.79
2015-12-21,58.819967,200174200,11774239819.58
2015-12-22,59.532379,198324200,11806711492.08
2015-12-23,62.148096,191924200,11927723587.27
2015-12-24,61.618207,194274200,11970827908.32
2015-12-28,60.429568,194724200,11767099294.95
2015-12-29,60.884357,191424200,11654739255.21
2015-12-30,60.039539,192174200,11538050285.51
2015-12-31,60.323913,190574200,11496181410.26
2016-01-04,60.318892,192324200,11600782651.81
2016-01-05,60.552024,191274200,11582039874.79
2016-01-06,58.13171,191374200,11124909461.81
2016-01-07,56.804062,192224200,10919115409.97
2016-01-08,56.064583,193074200,10824624491.12
2016-01-11,54.856214,196674200,10788801942.01
2016-01-12,54.952859,195974200,10769342601.23
2016-01-13,53.680842,201124200,10796516454.62
2016-01-14,56.033254,203174200,11384511599.15
2016-01-15,54.340335,206474200,11219877253.16
2016-01-19,53.168564,203424200,10815772626.59
2016-01-20,51.791705,197974200,10253421371.98
2016-01-21,53.365016,199274200,10634270937.87
2016-01-22,55.756195,200324200,11169315076.17
2016-01-25,53.14619,202224200,10747445827.07
2016-01-26,55.178592,200224200,11048089440.7
2016-01-27,54.873538,200174200,10984266472.06
2016-01-28,56.625801,199074200,11272736026.84
2016-01-29,58.273289,200474200,11682291049.35
2016-02-01,57.260243,197874200,11330324686.77
2016-02-02,55.312116,196774200,10883997347.04
2016-02-03,57.326927,194824200,11168672636.72
2016-02-04,57.286476,196424200,11252450254.22
2016-02-05,55.938133,193224200,10808601079.95
2016-02-08,55.662237,193774200,10785905531.03
2016-02-09,54.306618,198524200,10781177938.03
2016-02-10,54.095709,198624200,10744716964.56
2016-02-11,53.854918,199124200,10723817510.12
2016-02-12,55.303618,202124200,11178199452.32
2016-02-16,55.860851,203774200,11383000137.44
2016-02-17,57.66288,207874200,11986624978.83
2016-02-18,56.940388,208024200,11844978579.13
2016-02-19,56.800052,208024200,11815785347.24
2016-02-22,58.287205,209724200,12224237366.55
2016-02-23,56.270918,206874200,11641001133.33
2016-02-24,56.872588,207024200,11774002077.79
2016-02-25,56.93281,206524200,11758003048.7
2016-02-26,57.260912,206024200,11797133644.56
2016-02-29,56.67949,206174200,11685848490.65
2016-03-01,58.05444,204774200,11888051502.91
2016-03-02,59.500945,203674200,12118807278.3
2016-03-03,60.403535,209024200,12625800511.75
2016-03-04,60.972483,209874200,12796551119.15
2016-03-07,62.384023,209674200,13080320115.99
2016-03-08,59.696965,211874200,12648246804.67
2016-03-09,60.77148,209124200,12708787219.36
2016-03-10,60.801419,208624200,12684647425.36
2016-03-11,62.40154,208274200,12996630827.53
2016-03-14,61.922442,207774200,12865885796.41
2016-03-15,61.809458,207124200,12802234628.0
2016-03-16,62.899992,209974200,13207375434.94
2016-03-17,63.777211,210174200,13404324196.17
2016-03-18,63.47556,211974200,13455181049.42
2016-03-21,63.171762,215024200,13583457647.88
2016-03-22,62.93251,212374200,13365241470.64
2016-03-23,61.4971,211774200,13023499171.2
2016-03-24,61.836383,210724200,13030422292.98
2016-03-28,61.539568,208374200,12823258354.24
2016-03-29,61.785365,206124200,12735458888.5
2016-03-30,61.917544,207524200,12849388794.96
2016-03-31,61.905736,207624200,12853128973.23
2016-04-01,60.973392,207524200,12653454461.94
2016-04-04,60.62122,207174200,12559152818.09
2016-04-05,60.184834,205524200,12369439956.53
2016-04-06,61.437717,205474200,12623865801.18
2016-04-07,61.126462,206074200,12596586709.65
2016-04-08,62.444928,205074200,12805843714.57
2016-04-11,62.120254,203724200,12655399129.16
2016-04-12,64.003007,204024200,13058162300.32
2016-04-13,64.263366,205424200,13201250569.43
2016-04-14,64.449834,205124200,13220220722.31
2016-04-15,63.546653,204624200,13003182957.18
2016-04-18,64.609907,202824200,13104452666.63
2016-04-19,65.913928,202324200,13335982738.74
2016-04-20,66.46313,204724200,13606611184.13
2016-04-21,66.087498,206124200,13622232581.89
2016-04-22,67.045381,208774200,13997345695.73
2016-04-25,66.275578,209724200,13899592575.91
2016-04-26,67.342754,211574200,14247989309.17
2016-04-27,68.593554,210974200,14471470187.89
2016-04-28,67.586005,210424200,14221731114.61
2016-04-29,67.446149,209824200,14151834166.72
2016-05-02,67.439466,210174200,14174035760.05
2016-05-03,65.809365,209824200,13808397387.8
2016-05-04,64.872151,209174200,13569580343.69
2016-05-05,65.450814,210274200,13762617456.18
2016-05-06,65.23263,211024200,13765663569.55
2016-05-09,64.321961,211224200,13586354688.55
2016-05-10,65.461278,213024200,13944836387.1
2016-05-11,65.630117,212424200,13941425158.01
2016-05-12,65.823073,212724200,14002160644.06
2016-05-13,64.993402,212424200,13806171429.13
2016-05-16,66.085928,212224200,14025033196.11
2016-05-17,66.387566,212174200,14085728694.13
2016-05-18,65.725585,212224200,13948559677.08
2016-05-19,65.799156,210474200,13849024643.68
2016-05-20,66.16852,210924200,13956542218.42
2016-05-23,65.98831,210024200,13859141952.27
2016-05-24,66.349017,210074200,13938216596.09
2016-05-25,67.368995,210224200,14162593150.31
2016-05-26,67.073263,210274200,14103776754.67
2016-05-27,67.161098,209424200,14065159225.69
2016-05-31,66.877959,209024200,13979111840.24
2016-06-01,66.999195,207374200,13893904441.04
2016-06-02,66.845889,206974200,13835374395.57
2016-06-03,66.634335,205724200,13708295347.43
2016-06-06,68.019389,204974200,13942219797.28
2016-06-07,69.526594,205624200,14296350339.2
2016-06-08,69.372528,205724200,14271607764.56
2016-06-09,68.985867,206274200,14230004429.76
2016-06-10,67.471809,207274200,13985165241.05
2016-06-13,67.172131,206774200,13889463550.15
2016-06-14,67.142222,205574200,13802708561.78
2016-06-15,66.948338,205674200,13769545899.7
2016-06-16,66.636128,205174200,13672014211.6
2016-06-17,66.867562,205124200,13716155214.54
2016-06-20,67.473116,205074200,13836995280.53
2016-06-21,68.273111,209174200,14280973395.96
2016-06-22,67.874935,210574200,14292710111.24
2016-06-23,69.038639,211574200,14606794771.01
2016-06-24,66.530477,211674200,14082785442.86
2016-06-27,64.63464,211524200,13671790473.64
2016-06-28,66.417266,212324200,14101992812.77
2016-06-29,67.723231,211224200,14304785215.62
2016-06-30,68.251969,210124200,14341390292.98
2016-07-01,68.651072,208924200,14342870249.36
2016-07-05,67.246479,209924200,14116663378.51
2016-07-06,67.521252,208974200,14110199692.05
2016-07-07,66.809559,209524200,13998219330.23
2016-07-08,67.764462,207874200,14086483327.66
2016-07-11,67.846796,207024200,14045928577.61
2016-07-12,69.510972,206274200,14338320058.71
2016-07-13,68.94141,206974200,14269093232.72
2016-07-14,69.271885,207074200,14344420150.3
2016-07-15,69.23089,207424200,14360161991.77
2016-07-18,69.271228,206924200,14333893346.07
2016-07-19,68.882382,206124200,14198325901.54
2016-07-20,68.790003,204724200,14082978337.99
2016-07-21,68.093019,205274200,13977739993.95
2016-07-22,68.323044,205474200,14038622853.89
2016-07-25,66.947481,205474200,13755980184.57
2016-07-26,67.367904,205224200,13825524290.23
2016-07-27,66.652809,205324200,13685434675.7
2016-07-28,66.691341,204124200,13613316619.42
2016-07-29,67.401116,203124200,13690797694.28
2016-08-01,65.154339,202574200,13198588097.85
2016-08-02,65.716374,198874200,13069291400.07
2016-08-03,67.030494,201424200,13501563678.54
2016-08-04,66.888553,206074200,13784004986.37
2016-08-05,67.571312,206924200,13982139600.54
2016-08-08,68.428643,208024200,14234813754.8
2016-08-09,68.044849,209274200,14240031237.39
2016-08-10,67.335322,209524200,14108379522.9
2016-08-11,68.300316,206274200,14088592967.56
2016-08-12,68.709093,206824200,14210703282.23
2016-08-15,69.193389,206874200,14314327051.97
2016-08-16,69.331928,207274200,14370720001.16
2016-08-17,69.564948,208374200,14495540368.98
2016-08-18,70.914259,207624200,14723516319.52
2016-08-19,70.428082,213424200,15031057048.9
2016-08-22,69.674779,211174200,14713515669.21
2016-08-23,70.069894,212624200,14898555081.68
2016-08-24,69.80051,212374200,14823827372.79
2016-08-25,69.609584,215574200,15006030488.76
2016-08-26,69.366186,216224200,14998648086.11
2016-08-29,69.841605,216524200,15122397673.29
2016-08-30,69.564872,216174200,15038130628.3
2016-08-31,68.542029,216124200,14813591232.21
2016-09-01,68.356069,215424200,14725551481.72
2016-09-02,69.020255,214774200,14823770113.45
2016-09-06,70.133963,213624200,14982311797.32
2016-09-07,70.559511,213774200,15083802939.8
2016-09-08,71.814777,213574200,15337783594.87
2016-09-09,69.751208,213074200,14862182783.26
2016-09-12,70.435166,212324200,14955090375.16
2016-09-13,68.402502,209224200,14311458701.01
2016-09-14,67.617097,201574200,13629862181.85
2016-09-15,68.415768,200524200,13719017171.53
2016-09-16,67.471518,201674200,13607264373.37
2016-09-19,67.415025,205624200,13862160563.51
2016-09-20,66.900724,208574200,13953765083.11
2016-09-21,68.453212,210874200,14435016271.8
2016-09-22,68.553998,212974200,14600232848.47
2016-09-23,67.625188,212174200,14348320091.33
2016-09-26,67.2874,214424200,14428046819.47
2016-09-27,66.915214,217074200,14525566553.79
2016-09-28,69.782599,215574200,15043327890.27
2016-09-29,69.688684,213474200,14876736114.82
2016-09-30,70.620335,208774200,14743703864.32
2016-10-03,70.52,211274200,14899056572.7
2016-10-04,69.852464,210874200,14730082516.38
2016-10-05,70.902919,214624200,15217482215.55
2016-10-06,70.991498,216324200,15357178911.96
2016-10-07,70.643576,215174200,15200674865.39
2016-10-10,71.684665,216724200,15535801765.88
2016-10-11,70.859872,217374200,15403108054.87
2016-10-12,70.584194,220324200,15551406000.09
2016-10-13,70.161928,220324200,15458370753.67
2016-10-14,69.827478,218624200,15265976541.78
2016-10-17,69.455676,217874200,15132599884.86
2016-10-18,69.743909,218624200,15247706389.81
2016-10-19,70.723521,218374200,15444192392.35
2016-10-20,70.695795,217974200,15409859283.23
2016-10-21,70.200264,216424200,15193035954.76
2016-10-24,69.988587,216274200,15136725709.84
2016-10-25,69.601484,218074200,15178287848.64
2016-10-26,69.806325,216974200,15146171442.41
2016-10-27,69.556702,217874200,15154610747.74
2016-10-28,69.347806,219474200,15220054164.74
2016-10-31,68.608382,219324200,15047478467.11
2016-11-01,68.655924,219724200,15085367920.99
2016-11-02,67.810231,218374200,14808004959.02
2016-11-03,68.088308,217924200,14838089991.31
2016-11-04,67.764692,218174200,14784507378.75
2016-11-07,69.213037,219224200,15173172608.12
2016-11-08,69.325298,218924200,15176985435.28
2016-11-09,70.482069,219024200,15437278703.4
2016-11-10,70.709617,218574200,15455298043.52
2016-11-11,69.509566,220924200,15356345317.05
2016-11-14,69.861726,220474200,15402708150.39
2016-11-15,71.789954,220974200,15863727588.64
2016-11-16,71.309115,221874200,15821652862.41
2016-11-17,70.845626,223424200,15828627273.66
2016-11-18,71.149898,224524200,15974873893.12
2016-11-21,72.795686,225724200,16431748058.19
2016-11-22,72.776198,225624200,16420071458.69
2016-11-23,73.129012,222374200,16262005534.01
2016-11-25,72.754194,223574200,16265960699.71
2016-11-28,71.675815,224274200,16075036048.07
2016-11-29,70.853937,222074200,15734831397.13
2016-11-30,74.464496,220474200,16417500111.76
2016-12-01,74.687046,224324200,16754111823.21
2016-12-02,74.839385,226224200,16930479910.76
2016-12-05,75.530137,227174200,17158498497.62
2016-12-06,75.405903,226224200,17058640191.68
2016-12-07,75.985045,224974200,17094674645.84
2016-12-08,76.360947,227024200,17335782940.34
2016-12-09,76.566727,226774200,17363358155.7
2016-12-12,76.932444,227174200,17477066368.1
2016-12-13,77.860549,228724200,17808591878.33
2016-12-14,76.191951,229774200,17506944517.28
2016-12-15,76.495043,229124200,17526865420.72
2016-12-16,76.472366,229024200,17514022453.22
2016-12-19,76.149119,233074200,17748394979.66
2016-12-20,75.948053,233574200,17739505622.94
2016-12-21,76.123251,234324200,17837519867.28
2016-12-22,76.464535,234274200,17913667765.61
2016-12-23,76.32802,236074200,18019076214.01
2016-12-27,76.533478,237774200,18197686451.77
2016-12-28,75.706943,235624200,17838387777.44
2016-12-29,75.501842,234074200,17673033235.3
2016-12-30,75.28632,233574200,17584941992.98
2017-01-03,76.203943,235124200,17917391093.42
2017-01-04,75.991111,235874200,17924342539.83
2017-01-05,75.893079,236024200,17912603222.17
2017-01-06,75.894717,235774200,17894016243.97
2017-01-09,74.759812,234624200,17540461137.09
2017-01-10,74.067411,234774200,17389117240.27
2017-01-11,74.93708,234374200,17563318190.06
2017-01-12,74.594203,236324200,17628415366.52
2017-01-13,74.393792,236124200,17566174687.57
2017-01-17,74.815382,237274200,17751759876.55
2017-01-18,74.662666,238624200,17816318931.22
2017-01-19,74.243597,239774200,17801699093.86
2017-01-20,74.547158,239624200,17863303069.9
2017-01-23,73.725613,239474200,17655382145.49
2017-01-24,74.526415,236874200,17653385027.15
2017-01-25,74.951034,237624200,17810179583.58
2017-01-26,74.962072,238024200,17842787170.06
2017-01-27,74.225506,238274200,17686023136.47
2017-01-30,72.876977,238674200,17393854114.74
2017-01-31,72.855409,237674200,17315851020.89
2017-02-01,72.340875,238874200,17280368543.52
2017-02-02,72.792518,237874200,17315461888.19
2017-02-03,73.436256,238674200,17527339558.56
2017-02-06,72.780371,241474200,17574581939.32
2017-02-07,71.733327,241424200,17318161095.29
2017-02-08,71.958372,241074200,17347307019.19
2017-02-09,72.773169,240724200,17518262782.27
2017-02-10,73.305629,240474200,17628112497.2
2017-02-13,73.396068,241774200,17745275691.21
2017-02-14,73.664028,241924200,17821111004.62
2017-02-15,73.359479,240274200,17626390103.79
2017-02-16,72.33764,239974200,17359167372.17
2017-02-17,71.967429,239774200,17255932650.23
2017-02-21,72.506268,240124200,17410509524.66
2017-02-22,71.338337,239874200,17112226420.93
2017-02-23,71.61796,240524200,17225852415.36
2017-02-24,70.995217,243474200,17285503765.24
2017-02-27,71.621242,241574200,17301844156.94
2017-02-28,71.383226,242924200,17340713105.16
2017-03-01,72.872648,241374200,17589577117.3
2017-03-02,72.124441,242174200,17466678859.77
2017-03-03,71.956766,241474200,17375702556.81
2017-03-06,72.182961,243024200,17542206406.28
2017-03-07,71.500931,242974200,17372881411.58
2017-03-08,69.680504,243374200,16958436817.57
2017-03-09,70.070597,241424200,16916737776.63
2017-03-10,69.98206,239674200,16772894244.19
2017-03-13,70.070052,240174200,16829018728.45
2017-03-14,69.230655,239374200,16572032763.71
2017-03-15,70.74789,238274200,16857397006.17
2017-03-16,70.295091,237724200,16710844237.34
2017-03-17,69.846933,239724200,16744000027.67
2017-03-20,69.747441,240174200,16751535937.76
2017-03-21,69.193887,240074200,16611667010.71
2017-03-22,69.124494,240824200,16646851007.91
2017-03-23,68.848138,240774200,16576855272.84
2017-03-24,68.55961,240774200,16507385317.7
2017-03-27,68.266246,240724200,16433337387.91
2017-03-28,69.200942,241274200,16696402011.08
2017-03-29,70.185526,244374200,17151531654.54
2017-03-30,70.151069,247524200,17364087314.86
2017-03-31,69.940709,246324200,17228089241.12
2017-04-03,69.808314,247624200,17286227958.44
2017-04-04,70.318623,247574200,17409076794.63
2017-04-05,70.063612,248024200,17377471290.2
2017-04-06,70.632214,246174200,17387828846.65
2017-04-07,70.353941,245124200,17245453479.46
2017-04-10,70.908318,244124200,17310436366.68
2017-04-11,70.858443,243924200,17284088943.46
2017-04-12,70.599202,245074200,17302042977.36
2017-04-13,69.299318,244824200,16966150014.22
2017-04-17,69.439337,243874200,16934462854.56
2017-04-18,68.827707,243674200,16771536384.34
2017-04-19,67.830034,242324200,16436858680.04
2017-04-20,68.090832,242624200,16520483729.97
2017-04-21,67.8016,243724200,16524890820.44
2017-04-24,68.166805,243074200,16569591479.88
2017-04-25,68.815554,242724200,16703200254.5
2017-04-26,68.540607,240024200,16451404290.62
2017-04-27,67.767166,241874200,16391129103.46
2017-04-28,67.836391,243324200,16506235463.0
2017-05-01,67.66945,243124200,16452080818.45
2017-05-02,67.324516,244324200,16449008479.57
2017-05-03,67.534071,243324200,16432673753.45
2017-05-04,66.236811,243974200,16160073040.85
2017-05-05,67.347541,237774200,16013507595.77
2017-05-08,67.813017,239074200,16212342807.35
2017-05-09,67.22711,241274200,16220167186.92
2017-05-10,68.133859,242424200,16517296165.66
2017-05-11,67.992346,242024200,16455793145.93
2017-05-12,67.76763,242974200,16465785686.56
2017-05-15,68.224407,242624200,16552892278.7
2017-05-16,67.933429,243174200,16519657246.53
2017-05-17,67.276457,243224200,16363262494.21
2017-05-18,67.20067,244924200,16459070405.05
2017-05-19,68.059818,244474200,16638869515.72
2017-05-22,67.930091,244474200,16607154545.04
2017-05-23,68.034961,244674200,16646399645.41
2017-05-24,67.731702,244074200,16531560861.55
2017-05-25,66.491254,245124200,16298615481.43
2017-05-26,66.554105,244674200,16284072487.44
2017-05-30,65.70252,244924200,16092137115.3
2017-05-31,65.444655,243924200,15963535033.56
2017-06-01,65.886143,242024200,15946041056.35
2017-06-02,65.112388,242324200,15778307439.26
2017-06-05,65.212772,240824200,15704813766.35
2017-06-06,65.990886,240974200,15902100942.19
2017-06-07,65.029079,240174200,15618307116.35
2017-06-08,64.850824,240624200,15604677750.0
2017-06-09,66.466651,243424200,16179591420.87
2017-06-12,66.904518,244774200,16376499918.97
2017-06-13,67.3738,248124200,16717070251.24
2017-06-14,66.126206,247074200,16338079529.44
2017-06-15,65.654283,241774200,15873511656.54
2017-06-16,66.31777,244274200,16199720320.82
2017-06-19,65.863775,249174200,16411553390.51
2017-06-20,65.024067,248674200,16169807808.59
2017-06-21,63.967167,246324200,15756661360.51
2017-06-22,63.894645,246174200,15729213084.63
2017-06-23,64.383531,245074200,15778742399.63
2017-06-26,64.242852,246324200,15824569122.55
2017-06-27,64.133411,245624200,15752717813.0
2017-06-28,64.503663,243874200,15730779305.94
2017-06-29,64.617411,244274200,15784366335.38
2017-06-30,64.86486,244874200,15883730773.79
2017-07-03,66.184028,245474200,16246471426.56
2017-07-05,64.810348,250574200,16239801145.42
2017-07-06,64.079196,247074200,15832316109.58
2017-07-07,63.997235,245024200,15680871399.6
2017-07-10,64.194924,248674200,15963621300.05
2017-07-11,64.538169,246224200,15890858935.36
2017-07-12,64.71767,246074200,15925348825.4
2017-07-13,65.031565,246324200,16018848112.25
2017-07-14,65.396478,247124200,16161052261.06
2017-07-17,65.326897,246924200,16130791681.06
2017-07-18,64.996245,245674200,15967900612.1
2017-07-19,65.983057,242024200,15969496640.28
2017-07-20,65.729532,237624200,15618927514.48
2017-07-21,65.142591,236074200,15378485104.36
2017-07-24,64.952223,235124200,15271839533.68
2017-07-25,65.821659,234624200,15443354140.79
2017-07-26,65.875256,233974200,15413110368.8
2017-07-27,66.566725,235274200,15661433069.0
2017-07-28,66.477651,236174200,15700306146.5
2017-07-31,66.59932,238574200,15888879509.31
2017-08-01,66.612629,238574200,15892054618.73
2017-08-02,66.347366,237474200,15755787592.38
2017-08-03,65.415023,236274200,15455882138.99
2017-08-04,65.680059,234824200,15423267242.84
2017-08-07,65.076713,234624200,15268571817.77
2017-08-08,64.997803,233574200,15181809934.49
2017-08-09,65.070262,232674200,15140171044.23
2017-08-10,64.345975,232274200,14945909844.51
2017-08-11,63.918619,231224200,14779531618.01
2017-08-14,63.744648,229624200,14637313697.24
2017-08-15,63.485755,230324200,14622305658.07
2017-08-16,62.885116,229924200,14458810000.24
2017-08-17,61.986584,228924200,14190229161.26
2017-08-18,62.340948,230124200,14346160794.46
2017-08-21,61.98696,230324200,14277096863.59
2017-08-22,62.429314,230674200,14400832080.44
2017-08-23,62.693832,229274200,14374078218.32
2017-08-24,62.69293,229824200,14408352498.3
2017-08-25,63.011092,230174200,14503527776.42
2017-08-28,62.706919,229874200,14414702852.86
2017-08-29,62.63203,230124200,14413145839.41
2017-08-30,62.673101,230374200,14438265508.72
2017-08-31,63.01548,232674200,14662076306.98
2017-09-01,63.598544,233724200,14864518926.81
2017-09-05,63.937305,234224200,14975664196.64
2017-09-06,64.959843,236024200,15332095001.97
2017-09-07,65.076752,236924200,15418257432.27
2017-09-08,64.37567,237674200,15300435941.24
2017-09-11,65.043209,238024200,15481857752.49
2017-09-12,65.400059,238574200,15602766697.3
2017-09-13,66.252872,237974200,15766474279.89
2017-09-14,66.515481,239474200,15928741526.17
2017-09-15,65.832717,239024200,15735612555.43
2017-09-18,66.137428,241624200,15980403083.6
2017-09-19,66.384834,241074200,16003670710.64
2017-09-20,66.867807,242674200,16227091559.25
2017-09-21,66.849802,242774200,16229407141.37
2017-09-22,67.223087,242724200,16316670040.78
2017-09-25,68.231271,241874200,16503383998.76
2017-09-26,68.105644,241474200,16445755868.77
2017-09-27,68.429998,241174200,16503550034.74
2017-09-28,68.488202,241274200,16524436257.44
2017-09-29,68.464323,241724200,16549483636.52
2017-10-02,68.469602,242724200,16619229386.38
2017-10-03,68.4032,243324200,16644153892.21
2017-10-04,68.358832,243124200,16619686249.77
2017-10-05,68.640829,243124200,16688246531.42
2017-10-06,68.063442,242174200,16483209704.25
2017-10-09,68.223938,242874200,16569834466.36
2017-10-10,68.274293,243024200,16592305423.12
2017-10-11,68.432532,240574200,16463101734.72
2017-10-12,68.163888,242074200,16500718691.2
2017-10-13,68.130449,242074200,16492623925.24
2017-10-16,68.275803,241874200,16514155326.17
2017-10-17,68.329386,241574200,16506616695.55
2017-10-18,67.841045,242724200,16466663486.86
2017-10-19,67.619069,242974200,16429689237.17
2017-10-20,67.801385,242624200,16450256735.37
2017-10-23,67.369298,243024200,16372369861.45
2017-10-24,67.548331,243974200,16480050106.35
2017-10-25,67.066296,245124200,16439572203.18
2017-10-26,67.225442,244524200,16438247481.87
2017-10-27,67.394924,244674200,16489799213.12
2017-10-30,67.669266,245024200,16580607722.11
2017-10-31,67.934821,245374200,16669452363.06
2017-11-01,68.695302,246174200,16911011060.62
2017-11-02,68.478163,246424200,16874676647.58
2017-11-03,68.688133,248274200,17053491171.26
2017-11-06,70.264279,246824200,17342924417.97
2017-11-07,70.139223,246874200,17315564535.3
2017-11-08,69.844737,245324200,17134604167.1
2017-11-09,70.041253,243674200,17067246285.27
2017-11-10,69.644226,244374200,17019251910.3
2017-11-13,69.240524,245074200,16969066027.86
2017-11-14,68.131914,246974200,16826825041.61
2017-11-15,67.343809,245424200,16527800554.7
2017-11-16,67.090162,244224200,16385041163.14
2017-11-17,67.412467,242474200,16345783943.69
2017-11-20,67.266053,242474200,16310282363.15
2017-11-21,67.407212,242024200,16314176608.12
2017-11-22,67.710597,242174200,16397759623.46
2017-11-24,67.885946,240724200,16341790118.72
2017-11-27,67.166361,240724200,16168568606.77
2017-11-28,67.719963,240324200,16274745829.89
2017-11-29,68.077718,239824200,16326684282.92
2017-11-30,69.139042,240224200,16608871131.65
2017-12-01,69.70761,240124200,16738484065.65
2017-12-04,69.668995,239974200,16718761433.55
2017-12-05,69.341199,240224200,16657433979.61
2017-12-06,68.430585,240874200,16483162348.51
2017-12-07,68.65573,240274200,16496200621.31
2017-12-08,69.292758,241074200,16704696193.32
2017-12-11,69.797102,241124200,16829770312.16
2017-12-12,69.574449,241824200,16824785588.95
2017-12-13,69.455123,240974200,16736892631.91
2017-12-14,69.224461,241624200,16726304911.7
2017-12-15,68.738443,243524200,16739474302.64
2017-12-18,69.247248,245074200,16970713822.52
2017-12-19,69.34626,247574200,17168344752.57
2017-12-20,70.330655,246224200,17317109218.65
2017-12-21,71.817943,247024200,17740769917.82
2017-12-22,71.978108,247724200,17830719158.7
2017-12-26,72.603904,249974200,18149102827.21
2017-12-27,72.360535,250824200,18149773181.89
2017-12-28,72.433422,250524200,18146325051.78
2017-12-29,72.145422,250824200,18095817695.36
2018-01-02,73.441359,251074200,18439230536.2
2018-01-03,74.549287,256124200,19093876386.57
2018-01-04,75.009372,258974200,19425492018.59
2018-01-05,74.99258,259674200,19473638129.65
2018-01-08,75.432071,259874200,19602849113.38
2018-01-09,75.194966,261624200,19672822820.23
2018-01-10,75.13054,260324200,19558297773.06
2018-01-11,76.676716,261624200,20060484352.4
2018-01-12,77.420806,259874200,20119670008.07
2018-01-16,76.450129,263774200,20165571621.71
2018-01-17,77.091148,264174200,20365492308.87
2018-01-18,76.465259,263974200,20184855565.58
2018-01-19,76.392958,266924200,20391129331.47
2018-01-22,78.022647,267074200,20837836016.55
2018-01-23,77.910732,269524200,20998827646.96
2018-01-24,77.701048,266974200,20744175178.83
2018-01-25,77.07517,264274200,20368978916.01
2018-01-26,77.555532,264324200,20499803828.64
2018-01-29,76.341752,262924200,20072093954.63
2018-01-30,74.791248,263574200,19713043452.18
2018-01-31,74.838047,260074200,19463445297.33
2018-02-01,75.634241,262324200,19840691644.57
2018-02-02,72.541185,263474200,19112730623.57
2018-02-05,69.416012,261724200,18167850097.8
2018-02-06,69.974373,263824200,18460933029.21
2018-02-07,68.795906,265374200,18256658429.29
2018-02-08,66.701712,263724200,17590855752.88
2018-02-09,66.646443,264174200,17606270823.57
2018-02-12,67.784077,264674200,17940696227.54
2018-02-13,67.469064,265324200,17901175473.15
2018-02-14,68.448699,264674200,18116604588.57
2018-02-15,68.276082,265724200,18142607302.03
2018-02-16,68.101553,264824200,18034939179.63
2018-02-20,67.748985,263374200,17843334687.54
2018-02-21,66.616411,258824200,17241939335.21
2018-02-22,67.333921,257924200,17367047765.17
2018-02-23,68.799259,258574200,17789713449.59
2018-02-26,69.221634,259424200,17957767009.45
2018-02-27,68.311725,257624200,17598753516.35
2018-02-28,66.757185,258424200,17251672159.54
2018-03-01,66.66947,257774200,17185669166.86
2018-03-02,66.949838,258024200,17274678460.45
2018-03-05,67.669833,260224200,17609328185.32
2018-03-06,67.705487,259474200,17567826946.03
2018-03-07,67.177783,257924200,17326775870.56
2018-03-08,67.152767,258974200,17390834034.29
2018-03-09,68.472443,257874200,17657276503.73
2018-03-12,68.416034,257374200,17608521962.31
2018-03-13,67.93938,256074200,17397522284.17
2018-03-14,67.518377,256074200,17289714357.19
2018-03-15,67.190938,255824200,17189067968.29
2018-03-16,67.399237,255674200,17232245980.08
2018-03-19,66.261036,255324200,16918045899.78
2018-03-20,66.822773,255474200,17071494488.38
2018-03-21,68.584619,254974200,17487308288.37
2018-03-22,67.185988,254374200,17090381944.95
2018-03-23,66.774586,253174200,16905602316.3
2018-03-26,67.958805,255524200,17365119338.94
2018-03-27,67.353413,256774200,17294618861.74
2018-03-28,66.001321,257424200,16990337279.75
2018-03-29,67.423481,258124200,17403632026.13
2018-04-02,66.078551,257424200,17010218143.43
2018-04-03,67.477565,258074200,17414218607.7
2018-04-04,67.390483,259824200,17509678328.73
2018-04-05,68.616917,258174200,17715117686.13
2018-04-06,67.352556,258524200,17412265710.5
2018-04-09,67.663147,257774200,17441813695.66
2018-04-10,69.913328,256774200,17951938781.74
2018-04-11,70.647745,258424200,18257086931.15
2018-04-12,70.645432,258574200,18267086120.83
2018-04-13,71.414912,257774200,18408921860.14
2018-04-16,72.141655,257274200,18560186622.54
2018-04-17,72.4344,253924200,18392846997.24
2018-04-18,73.565457,253524200,18650623510.51
2018-04-19,73.667876,252774200,18621338508.73
2018-04-20,73.298784,252174200,18484062332.68
2018-04-23,73.749049,251224200,18527545774.32
2018-04-24,72.959004,252774200,18442153977.5
2018-04-25,73.548805,251724200,18514014083.62
2018-04-26,74.643928,251974200,18808343938.97
2018-04-27,73.814946,251074200,18533028580.81
2018-04-30,73.78116,251124200,18528234721.31
2018-05-01,73.374729,249324200,18294095573.2
2018-05-02,73.677623,253324200,18664324974.43
2018-05-03,73.502858,251624200,18495097801.46
2018-05-04,73.83231,252174200,18618603678.11
2018-05-07,73.957832,250974200,18561507622.42
2018-05-08,74.533044,251974200,18780404181.99
2018-05-09,76.04543,252024200,19165288736.23
2018-05-10,76.644127,251924200,19308510424.06
2018-05-11,76.757489,250774200,19248797966.26
2018-05-14,77.241826,249374200,19262118680.18
2018-05-15,77.263208,250274200,19336987560.84
2018-05-16,77.568128,248374200,19265921673.74
2018-05-17,78.721294,248524200,19564146567.32
2018-05-18,78.110453,250374200,19556842152.24
2018-05-21,78.85899,250424200,19748199561.14
2018-05-22,77.849245,250424200,19495334954.14
2018-05-23,77.846159,251474200,19576300477.7
2018-05-24,76.56377,254924200,19517957818.07
2018-05-25,74.579748,252574200,18836920258.17
2018-05-29,74.341434,250374200,18613177051.86
2018-05-30,76.631033,250924200,19228580558.35
2018-05-31,75.995063,251774200,19133596225.87
2018-06-01,76.398758,249824200,19086258541.03
2018-06-04,75.698818,249124200,18858407436.76
2018-06-05,75.488469,248524200,18760711359.65
2018-06-06,75.895097,248224200,18838999811.45
2018-06-07,77.106538,249074200,19205249332.42
2018-06-08,76.952934,248424200,19116971003.22
2018-06-11,77.23406,247524200,19117299007.87
2018-06-12,76.668052,248724200,19069199990.1
2018-06-13,76.364214,253624200,19367812761.18
2018-06-14,76.206577,254374200,19384986978.34
2018-06-15,74.104894,253974200,18820731097.94
2018-06-18,74.942727,254074200,19041013412.38
2018-06-19,74.742955,256124200,19143479647.98
2018-06-20,75.05796,256474200,19250430220.43
2018-06-21,73.612994,258324200,19016017743.6
2018-06-22,75.218253,257474200,19366759627.42
2018-06-25,73.561674,254224200,18701157670.19
2018-06-26,74.586294,254024200,18946723769.23
2018-06-27,75.570278,252474200,19079545379.62
2018-06-28,75.479585,255924200,19317052385.84
2018-06-29,75.95276,255224200,19384982371.61
2018-07-02,74.774797,255274200,19088076422.11
2018-07-03,75.310272,254324200,19153224795.3
2018-07-05,75.191724,254224200,19115555779.82
2018-07-06,75.700551,254024200,19229771801.33
2018-07-09,76.823968,253574200,19480576326.58
2018-07-10,77.382802,254174200,19668711885.02
2018-07-11,75.711033,254574200,19274075627.07
2018-07-12,75.847118,253724200,19244249325.82
2018-07-13,76.264436,253874200,19361572777.78
2018-07-16,75.373588,252624200,19041192475.23
2018-07-17,75.086886,252824200,18983781877.44
2018-07-18,75.113079,253074200,19009182412.76
2018-07-19,75.115824,251924200,18923493755.55
2018-07-20,74.863328,254224200,19032069681.55
2018-07-23,74.559121,254974200,19010652166.39
2018-07-24,75.525301,254974200,19257003257.59
2018-07-25,76.206671,253724200,19335476685.29
2018-07-26,76.98195,253924200,19547580072.58
2018-07-27,76.616313,251724200,19286180003.46
2018-07-30,77.295344,251074200,19406866781.05
2018-07-31,77.050162,250424200,19295225256.63
2018-08-01,76.017859,250424200,19036711546.27
2018-08-02,75.62341,250274200,18926588558.99
2018-08-03,75.281015,249524200,18784434951.48
2018-08-06,75.554947,248524200,18777232856.87
2018-08-07,76.07641,247274200,18811733464.36
2018-08-08,75.514119,246524200,18616057739.56
2018-08-09,74.828573,246874200,18473244180.68
2018-08-10,75.217731,244024200,18354946747.5
2018-08-13,74.304106,248574200,18470083795.93
2018-08-14,74.493975,249024200,18550802505.62
2018-08-15,71.903698,249024200,17905760833.97
2018-08-16,72.435529,243424200,17632560711.87
2018-08-17,72.626002,241674200,17551830998.58
2018-08-20,73.124015,241174200,17635625754.42
2018-08-21,73.489884,239574200,17606280240.33
2018-08-22,74.362712,239124200,17781923942.23
2018-08-23,73.980569,239024200,17683146361.94
2018-08-24,74.568138,239874200,17886972552.27
2018-08-27,75.113585,239774200,18010299828.02
2018-08-28,74.778396,238874200,17862629490.67
2018-08-29,75.23025,239024200,17981850320.41
2018-08-30,74.993032,238874200,17913900469.9
2018-08-31,74.437002,239524200,17829463329.97
2018-09-04,74.264692,242774200,18029551087.89
2018-09-05,74.183529,237974200,17653766008.38
2018-09-06,72.788696,241074200,17547476583.33
2018-09-07,72.784477,235424200,17135227378.18
2018-09-10,72.759307,237674200,17293010181.51
2018-09-11,73.472167,237274200,17433049748.78
2018-09-12,73.847157,236324200,17451870266.55
2018-09-13,73.857498,236024200,17432156911.49
2018-09-14,74.257734,232824200,17288997442.96
2018-09-17,74.365038,234124200,17410655065.41
2018-09-18,74.880945,235374200,17625042471.26
2018-09-19,75.142704,235074200,17664111072.42
2018-09-20,75.098539,237374200,17826455565.38
2018-09-21,75.122257,236374200,17756963400.62
2018-09-24,76.221368,239974200,18291161796.41
2018-09-25,76.655027,241324200,18498713117.18
2018-09-26,75.911387,242124200,18379983786.77
2018-09-27,75.934986,242224200,18393291220.87
2018-09-28,75.749378,243474200,18443019149.91
2018-10-01,76.8395,243374200,18700751833.7
2018-10-02,76.910316,241124200,18544938500.78
2018-10-03,77.585428,240924200,18692207170.18
2018-10-04,77.17536,240624200,18570259259.42
2018-10-05,77.137593,238774200,18418467051.77
2018-10-08,77.085421,238424200,18379029809.58
2018-10-09,77.858547,238824200,18594505269.84
2018-10-10,75.04657,239874200,18001735943.35
2018-10-11,72.741303,241024200,17532414252.23
2018-10-12,72.99275,244574200,17852143393.13
2018-10-15,72.372404,237724200,17204671779.55
2018-10-16,73.034094,236974200,17307196015.69
2018-10-17,72.508481,235524200,17077502025.06
2018-10-18,72.148843,235474200,16989191064.3
2018-10-19,71.520923,235224200,16823451864.3
2018-10-22,70.752121,233724200,16536482849.96
2018-10-23,68.856241,234374200,16138126476.47
2018-10-24,66.229117,235074200,15568756732.03
2018-10-25,66.997114,234024200,15678946103.77
2018-10-26,66.470251,235424200,15648705735.89
2018-10-29,65.214047,233824200,15248622309.13
2018-10-30,66.734774,237724200,15864470841.17
2018-10-31,67.152402,234974200,15779081890.39
2018-11-01,67.709744,233474200,15808478395.3
2018-11-02,67.632204,230774200,15607767772.38
2018-11-05,68.749604,233924200,16082196034.96
2018-11-06,68.979545,233674200,16118739935.17
2018-11-07,70.109291,233574200,16375721512.5
2018-11-08,68.555273,234574200,16081298388.33
2018-11-09,68.498206,236474200,16198058500.43
2018-11-12,67.023282,238974200,16016835310.37
2018-11-13,65.440593,237774200,15560084736.67
2018-11-14,65.373346,238374200,15583319170.09
2018-11-15,66.467146,239474200,15917166519.77
2018-11-16,67.209362,245124200,16474641065.93
2018-11-19,67.148178,241774200,16234697077.94
2018-11-20,64.957512,236124200,15338040475.83
2018-11-21,65.985445,234674200,15485081593.63
2018-11-23,63.832454,234374200,14960680244.98
2018-11-26,64.930138,234524200,15227688658.71
2018-11-27,64.709985,234724200,15188999425.61
2018-11-28,65.838233,233324200,15361652968.82
2018-11-29,66.230248,234974200,15562399559.77
2018-11-30,66.075076,233774200,15446648069.41
2018-12-03,67.563224,235024200,15878992705.33
2018-12-04,65.627952,237124200,15561975622.22
2018-12-06,64.492532,235924200,15215348942.0
2018-12-07,64.088791,240624200,15421313980.16
2018-12-10,63.059407,233474200,14722744566.73
2018-12-11,63.095737,236224200,14904739906.3
2018-12-12,63.318342,231974200,14688221740.16
2018-12-13,63.568195,236824200,15054487043.36
2018-12-14,62.078607,232224200,14416154738.36
2018-12-17,60.930432,234424200,14283567769.45
2018-12-18,59.525613,233924200,13924481516.02
2018-12-19,58.786891,234824200,13804584637.44
2018-12-20,57.175543,229324200,13111735710.71
2018-12-21,56.052242,229124200,12842925047.55
2018-12-24,53.796955,231424200,12449917374.38
2018-12-26,57.189817,231424200,13235107549.99
2018-12-27,57.563711,234274200,13485692247.28
2018-12-28,57.0543,234974200,13406288427.77
2018-12-31,57.330946,235874200,13522891065.03
2019-01-02,58.504336,234274200,13706056423.53
2019-01-03,57.869011,230774200,13354674754.08
2019-01-04,59.936006,229474200,13753766971.11
2019-01-07,60.733979,231274200,14046202455.44
2019-01-08,61.241584,233274200,14286081592.19
2019-01-09,62.180624,231274200,14380774104.83
2019-01-10,62.409063,229724200,14336872038.34
2019-01-11,62.019149,224674200,13934102722.09
2019-01-14,61.898468,223724200,13848185161.04
2019-01-15,62.089542,225224200,13984067495.22
2019-01-16,62.000319,221974200,13762471109.3
2019-01-17,62.61881,222824200,13952986299.23
2019-01-18,63.842908,222824200,14225744843.71
2019-01-22,62.424254,222524200,13890907119.09
2019-01-23,61.79413,217174200,13420090657.45
2019-01-24,62.172662,214774200,13353083772.4
2019-01-25,62.943561,213624200,13446267906.98
2019-01-28,62.28679,212374200,13228107178.76
2019-01-29,62.483558,213474200,13338627471.11
2019-01-30,63.341638,210024200,13303276891.83
2019-01-31,63.774657,208224200,13279426985.82
2019-02-01,64.895746,205624200,13344135824.33
2019-02-04,65.055856,204874200,13328266443.49
2019-02-05,65.139099,204274200,13306237239.29
2019-02-06,64.634309,203424200,13148182594.8
2019-02-07,63.224028,203774200,12883425658.6
2019-02-08,62.952886,209574200,13193300695.25
2019-02-11,63.243518,203174200,12849451117.28
2019-02-12,64.024128,205674200,13168111348.49
2019-02-13,64.853734,201924200,13095538359.78
2019-02-14,65.082252,201274200,13099378241.83
2019-02-15,66.108557,206624200,13659627648.62
2019-02-19,66.310499,208224200,13807450589.15
2019-02-20,66.597855,200724200,13367801148.42
2019-02-21,65.559842,202424200,13270898543.15
2019-02-22,65.763247,203024200,13351530550.26
2019-02-25,65.865245,203824200,13424930807.83
2019-02-26,65.672731,203874200,13388975506.88
2019-02-27,65.898833,206124200,13583344245.61
2019-02-28,65.249111,206074200,13446158276.0
2019-03-01,66.440567,205574200,13658466446.25
2019-03-04,66.564632,207874200,13837069568.24
2019-03-05,66.364718,210724200,13984652005.77
2019-03-06,65.528199,212574200,13929604502.01
2019-03-07,65.127999,223724200,14570709539.69
2019-03-08,63.889642,223774200,14296853625.85
2019-03-11,64.88873,215074200,13955891633.71
2019-03-12,65.279927,214174200,13981276217.92
2019-03-13,65.986808,212474200,14020494139.83
2019-03-14,66.038126,213124200,14074322727.84
2019-03-15,65.48725,212424200,13911076715.69
2019-03-18,66.406673,213374200,14169470692.24
2019-03-19,66.213744,212874200,14095197804.26
2019-03-20,66.811376,215574200,14402809035.55
2019-03-21,67.278003,216174200,14543768482.51
2019-03-22,65.479361,205974200,13487058959.37
2019-03-25,65.500952,205724200,13475130884.08
2019-03-26,66.451868,206324200,13710628566.14
2019-03-27,65.990191,209274200,13810044503.73
2019-03-28,66.229157,208524200,13810382032.14
2019-03-29,66.116583,208974200,13816659952.58
2019-04-01,67.022015,208674200,13985765402.69
2019-04-02,66.542062,208124200,13849013514.34
2019-04-03,65.892381,206624200,13614960481.01
2019-04-04,66.433025,206074200,13690132564.98
2019-04-05,67.601468,207024200,13995139832.86
2019-04-08,67.920348,207424200,14088323818.87
2019-04-09,67.045752,206474200,13843218008.98
2019-04-10,67.364332,208074200,14016779571.49
2019-04-11,67.371362,208674200,14058665170.62
2019-04-12,67.555116,208474200,14083498839.47
2019-04-15,67.16245,207474200,13934475649.92
2019-04-16,67.584962,207374200,14015377430.24
2019-04-17,67.511647,207974200,14040680672.73
2019-04-18,67.165177,207574200,13941757805.81
2019-04-22,68.541972,208174200,14268670263.79
2019-04-23,68.544347,209274200,14344563446.87
2019-04-24,67.290042,209074200,14068611801.62
2019-04-25,67.074945,208924200,14013579308.36
2019-04-26,66.312118,206474200,13691741560.3
2019-04-29,66.184301,211774200,14016127347.76
2019-04-30,66.193202,204974200,13567898626.18
2019-05-01,64.749931,204024200,13210552888.25
2019-05-02,63.641171,199724200,12710681993.76
2019-05-03,64.202557,200774200,12890216953.78
2019-05-06,64.173557,195124200,12521814000.7
2019-05-07,63.772987,191124200,12188561069.18
2019-05-08,63.729429,191274200,12189795498.1
2019-05-09,63.776797,191724200,12227555445.98
2019-05-10,64.029487,199024200,12743417369.25
2019-05-13,63.007937,190674200,12013988066.47
2019-05-14,63.750339,189274200,12066294390.08
2019-05-15,64.050946,195674200,12533117551.37
2019-05-16,64.42633,189074200,12181356871.1
2019-05-17,63.7642,189274200,12068918030.6
2019-05-20,63.816658,189374200,12085228468.36
2019-05-21,64.520579,189374200,12218533089.54
2019-05-22,63.486037,191674200,12168635277.69
2019-05-23,61.483117,187924200,11554165531.42
2019-05-24,61.570069,187924200,11570505990.7
2019-05-28,60.928792,188574200,11489598246.06
2019-05-29,60.552684,190274200,11521613591.23
2019-05-30,59.813882,188424200,11270382855.46
2019-05-31,58.854588,187274200,11021945900.47
2019-06-03,59.643763,183224200,10928180780.08
2019-06-04,60.615815,187374200,11357839782.87
2019-06-05,59.959397,181824200,10902069353.41
2019-06-06,61.010535,184524200,11257920077.05
2019-06-07,61.288566,186624200,11437929515.8
2019-06-10,61.489014,188074200,11564497188.91
2019-06-11,61.57209,186424200,11478527575.94
2019-06-12,60.68086,186324200,11306312631.71
2019-06-13,61.446952,185774200,11415258439.92
2019-06-14,60.990346,186024200,11345680234.46
2019-06-17,61.537362,185324200,11404362395.39
2019-06-18,62.386827,184624200,11518117961.57
2019-06-19,62.263229,185224200,11532656726.37
2019-06-20,63.646601,186424200,11865266737.03
2019-06-21,63.566216,191074200,12145863958.92
2019-06-24,62.979058,193424200,12181673885.74
2019-06-25,62.4611,192874200,12047134638.1
2019-06-26,63.454934,194724200,12356211177.69
2019-06-27,62.959483,194574200,12250291104.48
2019-06-28,63.711952,193724200,12342546949.29
2019-07-01,63.778735,192324200,12266194136.9
2019-07-02,62.65092,194274200,12171457278.73
2019-07-03,63.015829,194074200,12229746510.62
2019-07-05,63.100662,193574200,12214660098.12
2019-07-08,63.151632,193824200,12240314642.21
2019-07-09,63.209501,193124200,12207284225.79
2019-07-10,64.09482,193474200,12400693961.21
2019-07-11,64.215156,191924200,12324442380.16
2019-07-12,64.46133,193024200,12442596651.35
2019-07-15,63.858253,193474200,12354924384.51
2019-07-16,63.160106,192074200,12131426892.05
2019-07-17,62.419256,192574200,12020338322.89
2019-07-18,62.441202,191774200,11974611564.99
2019-07-19,62.778551,201074200,12623146979.95
2019-07-22,63.066836,191524200,12078825237.91
2019-07-23,63.230865,190974200,12075463787.7
2019-07-24,63.499408,191024200,12129923697.17
2019-07-25,62.745663,191024200,11985940124.29
2019-07-26,62.423007,190224200,11874366652.99
2019-07-29,62.180932,189324200,11772355174.71
2019-07-30,62.920382,199324200,12541554759.92
2019-07-31,62.610292,189724200,11878687615.8
2019-08-01,61.19623,190124200,11634884309.03
2019-08-02,60.365926,191074200,11534370925.94
2019-08-05,58.591887,185824200,10887790506.29
2019-08-06,58.523958,182174200,10661555150.5
2019-08-07,58.080716,183324200,10647600808.79
2019-08-08,59.762654,182824200,10926059476.37
2019-08-09,59.04847,180824200,10677392405.76
2019-08-12,58.396286,182724200,10670414693.03
2019-08-13,58.978099,175074200,10325543551.66
2019-08-14,56.558213,177324200,10029139835.13
2019-08-15,56.271709,176574200,9936132019.47
2019-08-16,57.050741,179624200,10247693629.55
2019-08-19,58.302118,175024200,10204281632.59
2019-08-20,57.755959,186724200,10784435200.83
2019-08-21,58.181715,176874200,10290844319.06
2019-08-22,57.8949,176624200,10225640366.06
2019-08-23,55.945067,175924200,9842091069.66
2019-08-26,56.191197,175974200,9888200928.41
2019-08-27,55.855418,176524200,9859832919.99
2019-08-28,56.652042,176824200,10017452078.99
2019-08-29,57.477969,175424200,10083026767.67
2019-08-30,57.525152,174974200,10065417492.41
2019-09-03,57.236671,173224200,9914776523.98
2019-09-04,58.035952,173024200,10041624170.26
2019-09-05,58.76366,173674200,10205731606.18
2019-09-06,59.050915,172524200,10187711891.29
2019-09-09,60.2107,172624200,10393823966.47
2019-09-10,60.998367,173824200,10602992299.13
2019-09-11,61.015574,168024200,10252093048.09
2019-09-12,60.636757,175024200,10612899920.43
2019-09-13,61.120342,173524200,10605858531.31
2019-09-16,63.184624,166474200,10518609754.2
2019-09-17,62.204361,173624200,10800182497.42
2019-09-18,61.947149,172324200,10674992849.94
2019-09-19,61.718131,172324200,10635527502.37
2019-09-20,61.220116,173274200,10607866674.85
2019-09-23,61.299705,175674200,10768776639.9
2019-09-24,60.296954,177024200,10674020117.63
2019-09-25,60.436298,174174200,10526443891.08
2019-09-26,59.630887,174124200,10383180578.38
2019-09-27,59.606729,174224200,10384934619.39
2019-09-30,59.180537,172624200,10215992893.77
2019-10-01,57.835703,169224200,9787200502.51
2019-10-02,56.345811,165124200,9304056895.11
2019-10-03,57.056945,170574200,9732442812.03
2019-10-04,57.388565,172574200,9903785680.61
2019-10-07,56.84785,171674200,9759309094.9
2019-10-08,55.838873,171774200,9591677811.03
2019-10-09,56.424418,171374200,9669689471.71
2019-10-10,57.145553,172874200,9878991738.41
2019-10-11,57.956177,172874200,10019127814.7
2019-10-14,57.876585,175574200,10161635133.52
2019-10-15,58.111588,177074200,10290062958.3
2019-10-16,57.290582,185624200,10634518466.83
2019-10-17,57.318747,174024200,9974849033.39
2019-10-18,57.016881,174074200,9925167882.17
2019-10-21,58.066337,175524200,10192047312.34
2019-10-22,58.85372,175224200,10312595988.66
2019-10-23,59.299663,175174200,10387771037.4
2019-10-24,59.064353,173524200,10249094518.48
2019-10-25,59.546326,174724200,10404184231.09
2019-10-28,59.187118,174524200,10329584383.72
2019-10-29,59.447198,172324200,10244190908.22
2019-10-30,58.19465,181574200,10566646964.83
2019-10-31,57.904866,172324200,9978409717.09
2019-11-01,59.356707,172674200,10249371917.77
2019-11-04,61.231178,172574200,10566921631.45
2019-11-05,61.447113,177474200,10905277176.38
2019-11-06,60.030357,177724200,10668847119.4
2019-11-07,60.950661,178374200,10872025445.76
2019-11-08,60.704682,177874200,10797796754.19
2019-11-11,60.365163,177874200,10737405134.2
2019-11-12,60.044378,176974200,10626305707.06
2019-11-13,59.75491,175724200,10500383668.5
2019-11-14,59.592238,174824200,10418165322.94
2019-11-15,60.120187,178974200,10759962318.27
2019-11-18,59.332378,173474200,10292636807.57
2019-11-19,58.469968,178524200,10438304224.72
2019-11-20,59.062229,173874200,10269397881.89
2019-11-21,59.996857,173424200,10404906889.79
2019-11-22,59.79161,174324200,10423124495.92
2019-11-25,59.89903,172924200,10357991843.71
2019-11-26,59.27681,173174200,10265214089.43
2019-11-27,59.473182,172724200,10272457857.7
2019-11-29,58.864811,172724200,10167377440.09
2019-12-02,58.859952,172074200,10128279235.15
2019-12-03,57.97577,171224200,9926854752.4
2019-12-04,58.88798,172124200,10136046392.23
2019-12-05,58.602899,173274200,10154370428.34
2019-12-06,59.760522,173074200,10343004450.75
2019-12-09,59.637224,181124200,10801744458.02
2019-12-10,59.764876,175374200,10481217341.1
2019-12-11,59.669104,175924200,10497239355.07
2019-12-12,60.86485,180374200,10978448692.92
2019-12-13,60.329137,178824200,10788309731.66
2019-12-16,61.209704,179274200,10973320645.26
2019-12-17,61.192459,179624200,10991646527.35
2019-12-18,61.389048,176874200,10858138675.1
2019-12-19,61.373939,171274200,10511772255.74
2019-12-20,61.319953,172874200,10600637863.12
2019-12-23,61.980912,178774200,11080588008.94
2019-12-24,61.960238,179424200,11117166162.17
2019-12-26,61.962826,179524200,11123826748.1
2019-12-27,61.659174,179224200,11050816103.63
2019-12-30,59.670684,185324200,11058421768.9
2019-12-31,60.08845,181524200,10907507822.12
2020-01-02,60.580434,183224200,11099801592.93
2020-01-03,60.380522,186124200,11238276260.85
2020-01-06,60.857369,188574200,11476129657.5
2020-01-07,60.759124,192674200,11706715640.55
2020-01-08,59.710135,192174200,11474747485.62
2020-01-09,60.149247,189524200,11399737842.06
2020-01-10,59.778319,189374200,11320471402.07
2020-01-13,59.812609,188774200,11291077354.0
2020-01-14,59.83919,188224200,11263183679.57
2020-01-15,59.422334,182524200,10846013941.62
2020-01-16,59.512271,182874200,10883258876.64
2020-01-17,59.108262,182474200,10785732822.73
2020-01-21,57.988955,183574200,10645275959.98
2020-01-22,57.466176,182874200,10509080915.24
2020-01-23,57.257499,183174200,10488096489.89
2020-01-24,56.591659,182374200,10320858488.74
2020-01-27,55.021144,179474200,9874875851.08
2020-01-28,55.268121,177274200,9797611965.96
2020-01-29,54.669685,178374200,9751661281.28
2020-01-30,55.148151,176024200,9707409126.95
2020-01-31,53.451836,178124200,9521065469.85
2020-02-03,52.747045,170324200,8984098234.16
2020-02-04,52.945029,171624200,9086648181.97
2020-02-05,54.919587,173324200,9518893465.86
2020-02-06,54.358413,178724200,9715163888.55
2020-02-07,53.949696,176874200,9542309274.05
2020-02-10,53.707887,177474200,9531764251.13
2020-02-11,54.323724,184674200,10032190334.13
2020-02-12,55.058341,181124200,9972398043.61
2020-02-13,54.84768,180724200,9912303072.85
2020-02-14,54.547009,187424200,10223429484.49
2020-02-18,54.133309,183674200,9942892247.53
2020-02-19,54.859981,180174200,9884353100.0
2020-02-20,54.799232,181024200,9919987176.98
2020-02-21,54.105215,181024200,9794353269.53
2020-02-24,51.548911,180374200,9298093636.18
2020-02-25,49.320745,178124200,8785218203.01
2020-02-26,47.871456,179474200,8591691250.92
2020-02-27,45.314292,182324200,8261891984.86
2020-02-28,45.824142,185074200,8480866435.83
2020-03-02,47.138078,189974200,8955018723.14
2020-03-03,45.721769,192324200,8793402581.19
2020-03-04,46.71491,196324200,9171267346.37
2020-03-05,45.048212,198424200,8938655493.7
2020-03-06,42.496283,197424200,8389794709.28
2020-03-09,33.917774,207424200,7035367147.03
2020-03-10,35.638195,212524200,7573978950.07
2020-03-11,33.648695,218724200,7359783874.25
2020-03-12,29.534125,229174200,6768459378.26
2020-03-13,32.222889,220024200,7089815372.21
2020-03-16,27.798929,221174200,6148405911.38
2020-03-17,27.904202,215824200,6022402000.97
2020-03-18,23.883897,215824200,5154723040.96
2020-03-19,25.50021,223174200,5690988866.85
2020-03-20,25.805624,223224200,5760439705.45
2020-03-23,23.559352,225824200,5320271850.65
2020-03-24,27.381671,231874200,6349102960.11
2020-03-25,28.622479,230724200,6603898482.47
2020-03-26,30.4381,230074200,7003021522.19
2020-03-27,28.328483,227724200,6451081182.28
2020-03-30,28.611164,226074200,6468245925.49
2020-03-31,29.068882,225274200,6548469114.07
2020-04-01,27.636892,228274200,6308789516.71
2020-04-02,30.132221,231824200,6985378115.49
2020-04-03,29.79244,245524200,7314765119.57
2020-04-06,31.398141,249024200,7818896834.56
2020-04-07,32.059996,251824200,8073482922.66
2020-04-08,34.240535,251324200,8605475009.54
2020-04-09,33.907625,254674200,8635397329.91
2020-04-13,33.779412,254774200,8606122782.5
2020-04-14,33.626691,254124200,8545356053.78
2020-04-15,32.038623,256674200,8223487821.15
2020-04-16,30.7147,255724200,7854491961.57
2020-04-17,33.934305,252724200,8576020059.63
2020-04-20,32.868554,253474200,8331330435.86
2020-04-21,32.311008,256674200,8293402137.84
2020-04-22,33.488885,254174200,8512010559.91
2020-04-23,34.518555,256024200,8837585348.17
2020-04-24,34.589016,255124200,8824495104.03
2020-04-27,35.341675,257424200,9097802355.95
2020-04-28,36.135986,258124200,9327572497.27
2020-04-29,38.892573,260824200,10144124202.5
2020-04-30,38.009164,262424200,9974524535.3
2020-05-01,35.747844,260674200,9318540758.1
2020-05-04,37.095452,258924200,9604910117.33
2020-05-05,37.156599,260624200,9683908852.61
2020-05-06,36.142875,263024200,9506450767.88
2020-05-07,37.083532,262724200,9742741379.71
2020-05-08,38.774215,262224200,10167537578.57
2020-05-11,38.095706,264374200,10071521688.96
2020-05-12,37.394283,262474200,9815034609.93
2020-05-13,35.766071,260574200,9319715400.23
2020-05-14,36.098797,262774200,9485832578.6
2020-05-15,36.027061,260574200,9387722721.9
2020-05-18,38.934394,258974200,10083003526.97
2020-05-19,37.83599,263474200,9968807118.86
2020-05-20,39.299447,262724200,10324915756.09
2020-05-21,38.720336,265424200,10277314325.27
2020-05-22,38.471467,265474200,10213182046.77
2020-05-26,39.589898,263274200,10422998646.11
2020-05-27,40.057657,269674200,10802516721.91
2020-05-28,38.902195,267624200,10411168695.73
2020-05-29,38.793398,266224200,10327741432.78
2020-06-01,39.44563,263924200,10410656464.68
2020-06-02,40.54331,266024200,10785501522.42
2020-06-03,41.752677,269974200,11272145559.96
2020-06-04,41.718713,271474200,11325554228.34
2020-06-05,44.850355,268574200,12045648300.02
2020-06-08,46.872164,267324200,12530063838.95
2020-06-09,45.089643,269774200,12164022297.22
2020-06-10,42.870783,270424200,11593297198.67
2020-06-11,38.779938,270874200,10504484726.37
2020-06-12,39.844947,271124200,10802929321.65
2020-06-15,39.918079,274124200,10942511413.81
2020-06-16,41.058386,275774200,11322843478.35
2020-06-17,39.687294,276374200,10968544026.53
2020-06-18,40.198822,275224200,11063688516.36
2020-06-19,39.535898,274374200,10847630316.69
2020-06-22,39.276422,271924200,10680209583.95
2020-06-23,39.291159,273424200,10743153604.76
2020-06-24,37.091813,275824200,10230819589.27
2020-06-25,37.810962,272674200,10310073729.7
2020-06-26,36.482823,272924200,9957045342.81
2020-06-29,36.997107,274524200,10156601323.1
2020-06-30,37.849239,274874200,10403779192.91
2020-07-01,36.901742,276824200,10215295300.2
2020-07-02,37.314704,275374200,10275506841.26
2020-07-06,37.453547,274774200,10291268319.05
2020-07-07,36.23715,274974200,9964281303.64
2020-07-08,36.191245,275074200,9955277900.25
2020-07-09,34.430377,276374200,9515668013.31
2020-07-10,35.550313,276174200,9818079239.52
2020-07-13,35.335633,277374200,9801192890.72
2020-07-14,36.611341,276424200,10120260700.12
2020-07-15,37.368975,280724200,10490375558.02
2020-07-16,37.194233,279674200,10402267360.13
2020-07-17,36.6705,279274200,10241124475.55
2020-07-20,36.055866,279974200,10094712337.14
2020-07-21,38.290059,279974200,10720228757.59
2020-07-22,37.796498,281424200,10636849323.15
2020-07-23,37.712367,281074200,10599973312.15
2020-07-24,37.494078,280824200,10529244323.43
2020-07-27,37.547675,280824200,10544295929.85
2020-07-28,36.884371,282074200,10404129554.05
2020-07-29,37.701992,285324200,10757290579.48
2020-07-30,36.237642,289174200,10478991212.59
2020-07-31,36.02497,300524200,10826375299.53
2020-08-03,36.149398,277124200,10017873033.1
2020-08-04,37.024345,277874200,10288110378.77
2020-08-05,37.420478,278374200,10416895619.29
2020-08-06,37.134706,280274200,10407900084.35
2020-08-07,37.171639,280274200,10418251332.38
2020-08-10,38.322133,280424200,10746453623.51
2020-08-11,38.193395,282824200,10802016381.28
2020-08-12,38.582888,283724200,10946899068.47
2020-08-13,37.82685,280174200,10598107305.84
2020-08-14,38.202513,280874200,10730100246.36
2020-08-17,37.9857,290874200,11049060222.71
2020-08-18,37.468448,287374200,10767465268.94
2020-08-19,37.043953,281174200,10415803885.39
2020-08-20,36.246504,281074200,10187957220.13
2020-08-21,36.023448,279574200,10071226626.22
2020-08-24,37.008057,278974200,10324293021.76
2020-08-25,36.51779,282724200,10324462932.83
2020-08-26,35.716188,283324200,10119260524.61
2020-08-27,35.815108,283624200,10158031436.86
2020-08-28,36.478734,284074200,10362667253.74
2020-08-31,35.67146,282324200,10070916452.53
2020-09-01,35.377434,283474200,10028589676.7
2020-09-02,35.24184,282274200,9947862134.81
2020-09-03,35.004307,280924200,9833556958.33
2020-09-04,34.886462,279324200,9744633013.9
2020-09-08,33.587726,278674200,9360032595.1
2020-09-09,33.808087,273924200,9260853133.58
2020-09-10,32.541304,271974200,8850395232.92
2020-09-11,32.640482,269774200,8805559904.58
2020-09-14,32.876891,265824200,8739473193.77
2020-09-15,32.625071,270124200,8812821119.15
2020-09-16,33.947466,271574200,9219255847.14
2020-09-17,34.000248,274824200,9344090992.14
2020-09-18,33.609164,276024200,9276942612.92
2020-09-21,31.962706,274974200,8788919630.49
2020-09-22,31.650956,273424200,8654137188.29
2020-09-23,30.191231,273524200,8258032216.7
2020-09-24,30.210697,277074200,8370604585.31
2020-09-25,30.172991,278424200,8400890758.21
2020-09-28,30.889652,279124200,8622049495.64
2020-09-29,30.061352,279074200,8389347621.36
2020-09-30,29.973558,280074200,8394820322.7
2020-10-01,29.020713,281274200,8162777702.33
2020-10-02,29.322316,281724200,8260806043.75
2020-10-05,30.18955,280674200,8473427890.26
2020-10-06,29.722838,282124200,8385531934.82
2020-10-07,30.151946,281424200,8485487296.79
2020-10-08,31.286943,284674200,8906585519.55
2020-10-09,30.784307,286374200,8815831428.97
2020-10-12,30.880355,286474200,8846424854.28
2020-10-13,30.39613,287974200,8753301156.27
2020-10-14,30.51361,286974200,8756618918.35
2020-10-15,30.881806,287474200,8877722338.14
2020-10-16,30.17164,287924200,8687145401.33
2020-10-19,29.544546,288174200,8513975939.09
2020-10-20,29.896206,288424200,8622789393.03
2020-10-21,29.31356,288974200,8470862503.44
2020-10-22,30.522263,291674200,8902556606.51
2020-10-23,30.365565,292624200,8885699089.81
2020-10-26,29.307356,295624200,8663963780.71
2020-10-27,28.903956,295424200,8538928078.06
2020-10-28,27.681298,296774200,8215094969.82
2020-10-29,28.562601,297874200,8508061813.64
2020-10-30,28.691423,305974200,8778835061.92
2020-11-02,29.721484,298774200,8880012594.63
2020-11-03,29.523731,301124200,8890310012.3
2020-11-04,29.564302,298524200,8825659694.41
2020-11-05,29.555484,299724200,8858493758.58
2020-11-06,28.917039,297624200,8606410711.45
2020-11-09,33.059608,298074200,9854216242.68
2020-11-10,34.069819,306774200,10451741586.48
2020-11-11,33.784918,310624200,10494412976.09
2020-11-12,32.63219,311474200,10164085137.62
2020-11-13,33.90017,311074200,10545468173.33
2020-11-16,36.119186,321624200,11616804363.42
2020-11-17,36.477197,325924200,11888801322.69
2020-11-18,35.42198,323674200,11465180884.24
2020-11-19,35.981836,319374200,11491670197.59
2020-11-20,35.795127,318474200,11399824510.68
2020-11-23,38.339858,317674200,12179583706.98
2020-11-24,40.299916,322324200,12989638268.21
2020-11-25,39.340481,325524200,12806278512.97
2020-11-27,38.855344,328224200,12753264280.19
2020-11-30,36.776392,329474200,12116872466.5
2020-12-01,36.948754,326324200,12057272662.27
2020-12-02,38.115356,329224200,12548497587.55
2020-12-03,38.527055,333574200,12851631604.81
2020-12-04,40.644971,333974200,13574371656.63
2020-12-07,39.655899,340424200,13499827805.09
2020-12-08,40.270175,342424200,13789482353.77
2020-12-09,40.399101,344174200,13904328353.65
2020-12-10,41.605325,343824200,14304917485.1
2020-12-11,41.112882,345974200,14223996396.98
2020-12-14,39.658464,344374200,13657351859.61
2020-12-15,40.44668,343674200,13900480409.06
2020-12-16,40.261028,344324200,13862846214.72
2020-12-17,40.030244,346624200,13875451210.88
2020-12-18,39.363597,349574200,13760497793.98
2020-12-21,38.142685,345674200,13184942052.42
2020-12-22,37.487701,352574200,13217196295.78
2020-12-23,38.310294,349524200,13390374728.99
2020-12-24,38.071649,350474200,13343130718.64
2020-12-28,37.855855,352574200,13346997751.74
2020-12-29,37.608591,353124200,13280503630.08
2020-12-30,38.220079,355224200,13576697126.59
2020-12-31,37.907323,358274200,13581215874.97
2021-01-04,37.956842,361924200,13737499589.18
2021-01-05,39.675378,363874200,14436846512.46
2021-01-06,40.857633,369524200,15097884265.46
2021-01-07,41.471521,377174200,15641987613.85
2021-01-08,41.416404,378024200,15656402918.58
2021-01-11,42.082254,379124200,15954400762.9
2021-01-12,43.566787,379124200,16517223219.34
2021-01-13,43.192703,380474200,16433708956.05
2021-01-14,44.507338,384074200,17094120291.23
2021-01-15,42.732038,385924200,16491327420.49
2021-01-19,43.620318,383124200,16711999535.33
2021-01-20,43.777722,387624200,16969304382.36
2021-01-21,42.282404,388724200,16436193569.11
2021-01-22,42.086848,389724200,16402263052.87
2021-01-25,41.632178,388674200,16181353610.41
2021-01-26,40.746098,383174200,15612853647.9
2021-01-27,40.186346,385424200,15488790448.05
2021-01-28,40.67555,390324200,15876651433.3
2021-01-29,39.337344,402724200,15842100462.14
2021-02-01,39.604787,391324200,15498311662.03
2021-02-02,40.037617,392774200,15725743061.89
2021-02-03,41.749385,396674200,16560903995.15
2021-02-04,42.190409,400724200,16906717768.79
2021-02-05,42.558473,402424200,17126559327.69
2021-02-08,44.335611,400174200,17741967734.55
2021-02-09,43.837839,399724200,17523044937.86
2021-02-10,44.682737,404374200,18068546151.42
2021-02-11,44.031653,416024200,18318233263.0
2021-02-12,44.652057,414474200,18507125668.76
2021-02-16,45.811371,422774200,19367865519.62
2021-02-17,46.469567,412974200,19190732416.01
2021-02-18,45.413509,413574200,18781855728.85
2021-02-19,46.193264,413874200,19118200222.35
2021-02-22,47.779897,418424200,19992265350.12
2021-02-23,48.542002,419024200,20340273599.6
2021-02-24,50.300257,423724200,21313436339.76
2021-02-25,49.296328,424974200,20949667640.0
2021-02-26,48.166209,424574200,20450129492.85
2021-03-01,49.410096,424724200,20985663443.35
2021-03-02,49.118967,425374200,20893941172.61
2021-03-03,49.817507,424374200,21141264774.61
2021-03-04,51.025581,421674200,21516170862.4
2021-03-05,52.98459,424174200,22474696277.44
2021-03-08,53.056304,428674200,22743868877.41
2021-03-09,52.023008,433224200,22537625970.7
2021-03-10,53.392574,444824200,23750309012.28
2021-03-11,53.465865,450474200,24084992752.89
2021-03-12,53.572638,451224200,24173270753.35
2021-03-15,52.927172,452324200,23940240551.41
2021-03-16,51.42429,453974200,23345300808.39
2021-03-17,51.920229,455024200,23624960774.02
2021-03-18,49.50191,457074200,22626046014.03
2021-03-19,49.535593,455224200,22549800743.2
2021-03-22,48.514489,447374200,21704130696.02
2021-03-23,47.836771,455574200,21793198616.02
2021-03-24,49.04662,450124200,22077070669.63
2021-03-25,49.174808,450524200,22154441075.75
2021-03-26,50.461885,453874200,22903347638.64
2021-03-29,49.816867,457674200,22799894609.33
2021-03-30,49.436633,459274200,22704970258.91
2021-03-31,48.994278,457124200,22396470131.11
2021-04-01,50.319051,456724200,22981928220.52
2021-04-05,49.092377,456774200,22424131207.72
2021-04-06,48.950825,457174200,22379054185.65
2021-04-07,49.181594,456224200,22437833557.76
2021-04-08,48.516955,458674200,22253475442.98
2021-04-09,48.25534,459374200,22167258307.59
2021-04-12,47.788705,459374200,21952897973.99
2021-04-13,47.829664,458524200,21931058619.69
2021-04-14,49.213762,462624200,22767477214.93
2021-04-15,48.796689,469324200,22901467178.06
2021-04-16,48.358369,467924200,22628050978.45
2021-04-19,48.340826,461974200,22332214273.73
2021-04-20,47.065788,459724200,21637281603.7
2021-04-21,47.741167,461524200,22033703854.7
2021-04-22,47.062829,461324200,21711222039.82
2021-04-23,47.547173,464574200,22089190011.45
2021-04-26,47.85963,461424200,22083591555.19
2021-04-27,48.444431,462424200,22401877324.98
2021-04-28,50.078863,464824200,23277867484.91
2021-04-29,50.668181,470224200,23825404973.91
2021-04-30,49.326509,467924200,23081067225.2
2021-05-03,50.765576,465824200,23647833725.87
2021-05-04,50.761053,466774200,23693949808.28
2021-05-05,52.421009,466474200,24453048284.67
2021-05-06,52.664486,469674200,24735150130.46
2021-05-07,53.667481,471024200,25278682454.42
2021-05-10,53.63711,471374200,25283149602.2
2021-05-11,52.276372,471424200,24644346818.07
2021-05-12,52.511646,461824200,24251148816.91
2021-05-13,51.837794,459874200,23838864144.49
2021-05-14,53.497908,454674200,24324118362.55
2021-05-17,54.717306,456574200,24982510045.01
2021-05-18,53.442907,467824200,25001885161.61
2021-05-19,52.105469,462324200,24089619130.16
2021-05-20,52.047385,461724200,24031537334.27
2021-05-21,52.161302,464724200,24240619236.24
2021-05-24,52.677637,464524200,24470037254.97
2021-05-25,51.612212,466574200,24080926601.26
2021-05-26,52.088949,466424200,24295546152.96
2021-05-27,52.145189,466474200,24324385156.3
2021-05-28,52.180493,467974200,24419124395.96
2021-06-01,54.246662,468374200,25407736934.33
2021-06-02,55.231217,470924200,26009716547.16
2021-06-03,55.395657,472374200,26167479360.33
2021-06-04,55.713209,472874200,26345339323.89
2021-06-07,55.5021,473074200,26256611684.22
2021-06-08,55.956475,473674200,26505138418.85
2021-06-09,55.622732,473374200,26330366160.52
2021-06-10,55.543029,473674200,26309299592.07
2021-06-11,55.364139,472824200,26177504712.25
2021-06-14,55.118661,470574200,25937419979.34
2021-06-15,56.217338,470724200,26462861371.0
2021-06-16,55.932818,476274200,26639358041.99
2021-06-17,53.966531,481274200,25972698971.4
2021-06-18,52.380826,473674200,24811445640.36
2021-06-21,54.073647,464024200,25091480587.79
2021-06-22,54.410155,477874200,26001209276.91
2021-06-23,54.550619,475724200,25951049571.11
2021-06-24,55.026894,475624200,26172122320.75
2021-06-25,55.305143,477324200,26398483348.89
2021-06-28,53.440313,478124200,25551106705.36
2021-06-29,53.189861,473824200,25202643279.81
2021-06-30,53.866576,474374200,25552914032.77
2021-07-01,54.789917,472774200,25903259014.88
2021-07-02,54.677039,472424200,25830756568.97
2021-07-06,52.92177,471524200,24953895466.01
2021-07-07,52.011633,466124200,24243881017.38
2021-07-08,51.755879,462474200,23935758693.69
2021-07-09,52.810768,461224200,24357604401.23
2021-07-12,52.754198,462274200,24386904612.69
2021-07-13,52.368736,462524200,24221807732.44
2021-07-14,50.805958,463574200,23552331470.74
2021-07-15,50.083614,460874200,23082245313.43
2021-07-16,48.700297,460124200,22408185423.93
2021-07-19,46.939175,456224200,21414787500.99
2021-07-20,47.595501,458574200,21826068711.59
2021-07-21,49.258366,461224200,22719150340.64
2021-07-22,48.688672,463724200,22578115537.11
2021-07-23,48.524372,463324200,22482515872.23
2021-07-26,49.730159,465024200,23125727436.67
2021-07-27,49.225867,465024200,22891219321.84
2021-07-28,49.722548,463074200,23025229069.76
2021-07-29,50.182613,463024200,23235764210.0
2021-07-30,49.359459,465224200,22963214995.85
2021-08-02,48.999879,463224200,22697929538.55
2021-08-03,49.910863,460774200,22997638102.23
2021-08-04,48.458819,459024200,22243770435.78
2021-08-05,49.092581,461824200,22672141886.66
2021-08-06,49.542261,461874200,22882292357.75
2021-08-09,48.822329,462974200,22603478913.8
2021-08-10,49.667424,462274200,22959968684.55
2021-08-11,50.044741,460574200,23049316668.42
2021-08-12,50.000695,459874200,22994029827.91
2021-08-13,49.363825,459174200,22666594898.46
2021-08-16,48.456676,457924200,22189484460.72
2021-08-17,48.038109,457174200,21961784072.95
2021-08-18,47.01661,455224200,21403098606.44
2021-08-19,45.761174,454674200,20806425371.52
2021-08-20,45.891229,450774200,20686581917.54
2021-08-23,47.614119,450474200,21448932274.78
2021-08-24,48.413986,451774200,21872189702.91
2021-08-25,48.76778,452674200,22075915771.0
2021-08-26,48.029786,453074200,21761056777.04
2021-08-27,49.304612,452924200,22331251829.37
2021-08-30,48.729441,455924200,22216931233.23
2021-08-31,48.411918,454974200,22026173634.35
2021-09-01,47.677593,455474200,21715913451.73
2021-09-02,48.884309,453974200,22192214920.45
2021-09-03,48.623545,454324200,22090853234.59
2021-09-07,48.342937,456074200,22047966264.28
2021-09-08,47.704361,457224200,21811588366.84
2021-09-09,47.790411,457324200,21855711678.56
2021-09-10,47.782255,457124200,21842425279.52
2021-09-13,49.184018,457274200,22490582665.99
2021-09-14,48.41568,460724200,22306275528.78
2021-09-15,50.255294,461924200,23214136462.34
2021-09-16,49.706513,469024200,23313557537.32
2021-09-17,49.333215,468024200,23089138508.74
2021-09-20,47.243813,464024200,21922272754.44
2021-09-21,47.350749,466574200,22092637816.02
2021-09-22,48.814986,465074200,22702590482.69
2021-09-23,50.515112,466974200,23589254245.74
2021-09-24,50.908309,468774200,23864501790.54
2021-09-27,52.695284,470124200,24773328200.45
2021-09-28,52.89139,473924200,25066509579.53
2021-09-29,52.888894,477074200,25231926781.21
2021-09-30,52.115316,481124200,25073939844.81
2021-10-01,53.821733,481324200,25905702421.49
2021-10-04,54.704569,487074200,26645184183.02
2021-10-05,55.042274,493274200,27150933488.96
2021-10-06,54.445101,483324200,26314635056.05
2021-10-07,54.874059,477824200,26220153215.9
2021-10-08,56.554196,473974200,26805229959.38
2021-10-11,56.374701,478724200,26987933624.23
2021-10-12,56.398175,478224200,26970972115.73
2021-10-13,56.342147,484074200,27273779790.98
2021-10-14,57.058347,484824200,27663267630.87
2021-10-15,57.314297,484124200,27747238162.53
2021-10-18,57.370947,484524200,27797611956.63
2021-10-19,58.007459,478674200,27766674207.32
2021-10-20,58.476669,483324200,28263189296.26
2021-10-21,57.417773,481074200,27622209134.34
2021-10-22,57.938695,476724200,27620777803.72
2021-10-25,58.775594,474474200,27887502720.18
2021-10-26,59.129357,475124200,28093788589.37
2021-10-27,57.445228,473624200,27207450256.02
2021-10-28,57.840794,472574200,27334067122.33
2021-10-29,57.469205,484474200,27842347255.67
2021-11-01,58.45262,472024200,27591051047.69
2021-11-02,57.899715,476474200,27587720305.59
2021-11-03,57.425503,474574200,27252662256.87
2021-11-04,57.497381,478074200,27488014533.92
2021-11-05,58.263526,477324200,27810590846.55
2021-11-08,58.781168,474924200,27916599287.93
2021-11-09,59.016716,477424200,28176008508.82
2021-11-10,57.455141,477274200,27421856609.64
2021-11-11,57.688723,469924200,27109326828.37
2021-11-12,57.54503,468974200,26987134438.48
2021-11-15,58.026778,470474200,27300102122.25
2021-11-16,58.110718,471474200,27397704202.45
2021-11-17,57.211314,469674200,26870677950.01
2021-11-18,56.874984,461174200,26229275464.71
2021-11-19,54.667105,462024200,25257525328.55
2021-11-22,55.628434,460574200,25621021677.97
2021-11-23,57.343969,463824200,26597520716.18
2021-11-24,57.903469,466874200,27033635706.77
2021-11-26,55.550177,466824200,25932166799.22
2021-11-29,55.910466,465174200,26008106067.58
2021-11-30,54.530693,463074200,25251757002.09
2021-12-01,54.004735,464624200,25091906626.82
2021-12-02,55.555745,465074200,25837543513.22
2021-12-03,55.117723,465774200,25672413221.07
2021-12-06,55.943133,465024200,26014910468.31
2021-12-07,57.250073,465124200,26628394193.8
2021-12-08,57.265594,464624200,26606980736.04
2021-12-09,56.806106,465174200,26424734966.04
2021-12-10,57.230011,465674200,26650539682.55
2021-12-13,55.633965,464974200,25868358329.12
2021-12-14,55.417672,462874200,25651410596.98
2021-12-15,55.17275,463924200,25595973733.63
2021-12-16,55.51735,463874200,25753066467.35
2021-12-17,54.345778,465124200,25277536717.79
2021-12-20,52.979356,466474200,24713502784.17
2021-12-21,54.535495,469324200,25594827622.62
2021-12-22,54.842638,469624200,25755429944.45
2021-12-23,54.89382,466724200,25620274380.33
2021-12-27,56.120378,468074200,26268501079.62
2021-12-28,56.06357,473374200,26539047509.43
2021-12-29,55.703121,473024200,26348924229.24
2021-12-30,55.334639,475724200,26324026851.93
2021-12-31,55.48863,476474200,26438900382.83
2022-01-03,57.235551,476224200,27256954351.28
2022-01-04,59.195554,479824200,28403459574.16
2022-01-05,59.167504,488474200,28901798963.75
2022-01-06,60.494213,488024200,29522639875.21
2022-01-07,61.341142,492724200,30224264982.19
2022-01-10,61.155098,496374200,30355812720.44
2022-01-11,63.242447,498174200,31505755339.51
2022-01-12,63.355777,497124200,31495689977.52
2022-01-13,63.008254,495724200,31234716103.77
2022-01-14,64.528145,496074200,32010747782.68
2022-01-18,64.739274,497674200,32219066272.76
2022-01-19,64.274107,501024200,32202883103.1
2022-01-20,63.697124,500674200,31891506637.99
2022-01-21,62.484392,501974200,31365552587.29
2022-01-24,62.82648,501474200,31505858558.53
2022-01-25,65.304117,501224200,32732004043.09
2022-01-26,65.204536,502624200,32773377699.84
2022-01-27,65.93738,504374200,33257113144.04
2022-01-28,65.607248,515024200,33789320367.89
2022-01-31,65.918141,504324200,33244113566.05
2022-02-01,68.197317,508524200,34679986147.54
2022-02-02,68.485908,514574200,35241081421.73
2022-02-03,67.791652,509374200,34531318482.75
2022-02-04,68.873716,508174200,34999845623.34
2022-02-07,69.771838,512724200,35773709967.02
2022-02-08,68.295819,512274200,34986185847.88
2022-02-09,68.831414,510424200,35133219536.62
2022-02-10,68.399247,510924200,34946830522.76
2022-02-11,70.379568,509724200,35874169210.37
2022-02-14,68.767362,514674200,35392786841.59
2022-02-15,68.011176,515424200,35054605826.27
2022-02-16,68.553373,510024200,34963879139.98
2022-02-17,68.456809,510374200,34938589039.57
2022-02-18,67.977722,514474200,34972784396.33
2022-02-22,66.938313,505974200,33869059523.71
2022-02-23,67.635776,503674200,34066395222.2
2022-02-24,67.041343,503974200,33787107310.41
2022-02-25,68.877249,507374200,34946539340.57
2022-02-28,70.63182,510274200,36041595431.94
2022-03-01,71.27554,508424200,36238209215.95
2022-03-02,72.915089,508324200,37064504368.95
2022-03-03,73.131211,509474200,37258465263.31
2022-03-04,75.234616,511574200,38488088521.41
2022-03-07,76.360098,507774200,38773687925.74
2022-03-08,77.547428,508624200,39442498520.78
2022-03-09,75.142552,509424200,38279434274.5
2022-03-10,77.447817,499424200,38679313834.76
2022-03-11,76.831389,499174200,38352246977.19
2022-03-14,74.577049,497574200,37107615592.03
2022-03-15,71.795647,493624200,35440068832.3
2022-03-16,71.4794,492924200,35233926061.8
2022-03-17,73.985313,494274200,36569031547.92
2022-03-18,74.032685,497024200,36796035892.59
2022-03-21,76.143703,495024200,37692975655.83
2022-03-22,75.643001,495274200,37464026875.49
2022-03-23,76.938762,492824200,37917284025.42
2022-03-24,77.037054,490924200,37819354239.95
2022-03-25,78.774822,488974200,38518855588.6
2022-03-28,76.80057,491024200,37710938521.86
2022-03-29,76.571146,488524200,37406857791.38
2022-03-30,77.50308,486624200,37714874232.84
2022-03-31,76.41572,483974200,36983236864.73
2022-04-01,77.084503,480424200,37033260902.5
2022-04-04,77.139409,479874200,37017212324.86
2022-04-05,75.97222,480174200,36479900326.0
2022-04-06,76.401861,479324200,36621260992.72
2022-04-07,77.380566,478874200,37055556856.95
2022-04-08,79.529777,477374200,37965463994.79
2022-04-11,77.140813,479774200,37010172168.09
2022-04-12,78.435797,480024200,37651080814.31
2022-04-13,79.573312,480574200,38240881149.67
2022-04-14,79.859839,484174200,38666073794.14
2022-04-18,81.071549,484824200,39305448850.76
2022-04-19,80.332025,484274200,38902727088.18
2022-04-20,80.641429,484024200,39032403517.56
2022-04-21,78.129913,486624200,38019906784.06
2022-04-22,76.230204,485324200,36996362948.07
2022-04-25,73.713528,482174200,35542761700.36
2022-04-26,73.773857,478374200,35291509996.41
2022-04-27,74.834744,480174200,35933713410.74
2022-04-28,77.108058,480024200,37013734150.46
2022-04-29,75.239914,491824200,37004810586.3
2022-05-02,76.30139,480124200,36634143932.75
2022-05-03,78.517,481624200,37815687606.29
2022-05-04,81.733996,483224200,39495845262.56
2022-05-05,80.570248,481024200,38756239550.6
2022-05-06,82.875915,477974200,39612549611.46
2022-05-09,76.032115,481274200,36592295603.93
2022-05-10,76.75087,481324200,36942051259.76
2022-05-11,77.815219,485924200,37812298617.03
2022-05-12,78.093195,485974200,37951278379.3
2022-05-13,80.776464,479974200,38770618992.31
2022-05-16,82.919831,481174200,39898883526.06
2022-05-17,83.88572,482374200,40464307577.82
2022-05-18,81.682933,482874200,39442581355.6
2022-05-19,81.41636,481524200,39203947870.77
2022-05-20,81.7793,482224200,39435958016.66
2022-05-23,83.933324,479974200,40285830590.26
2022-05-24,84.263928,480174200,40461364720.03
2022-05-25,85.935207,482274200,41444333610.75
2022-05-26,86.932728,482324200,41929759010.26
2022-05-27,88.541879,489124200,43307976028.37
2022-05-31,87.117501,484974200,42249740483.82
2022-06-01,88.599959,488524200,43283224250.44
2022-06-02,88.346395,492924200,43548082956.68
2022-06-03,89.520465,491324200,43983577910.05
2022-06-06,89.459267,493474200,44145847278.35
2022-06-07,92.164342,493074200,45443866080.7
2022-06-08,92.297932,496474200,45823548965.1
2022-06-09,90.217517,495624200,44713991923.36
2022-06-10,88.69759,491424200,43588149069.18
2022-06-13,84.097174,491324200,41318983718.5
2022-06-14,84.22525,488324200,41129234959.99
2022-06-15,82.396668,485574200,40009703260.67
2022-06-16,77.765633,486124200,37803763142.25
2022-06-17,73.560796,482024200,35458090933.83
2022-06-21,76.424249,478024200,36532647595.64
2022-06-22,73.31664,478874200,35109454580.6
2022-06-23,70.605875,476824200,33666597191.56
2022-06-24,71.584578,476424200,34104632483.46
2022-06-27,73.680015,474074200,34929801431.28
2022-06-28,75.653836,476974200,36084935103.04
2022-06-29,73.069807,474324200,34658784847.09
2022-06-30,71.598493,473674200,33914365770.3
2022-07-01,72.598754,470824200,34181257342.1
2022-07-05,69.738183,468924200,32701937555.84
2022-07-06,68.525147,462274200,31677423795.67
2022-07-07,70.963975,462324200,32808378860.28
2022-07-08,70.946121,463824200,32906543940.53
2022-07-11,70.306958,465724200,32743667652.98
2022-07-12,68.867145,466624200,32135092453.4
2022-07-13,68.762574,464074200,31910952735.83
2022-07-14,67.487993,464624200,31356554910.22
2022-07-15,68.797428,464224200,31937430910.81
2022-07-18,70.1386,465324200,32637187756.56
2022-07-19,72.345941,462224200,33440044827.44
2022-07-20,73.010878,463724200,33856910798.88
2022-07-21,71.771663,462424200,33188953670.54
2022-07-22,71.141749,462574200,32908337700.43
2022-07-25,73.784225,460274200,33960975155.23
2022-07-26,73.119478,462674200,33830495910.96
2022-07-27,74.728606,462774200,34582471004.95
2022-07-28,75.010428,465524200,34919169415.94
2022-07-29,78.41207,473074200,37094727486.64
2022-08-01,76.735019,465974200,35756539058.99
2022-08-02,76.610066,465974200,35698314110.01
2022-08-03,74.393246,465924200,34661613544.55
2022-08-04,71.660903,466324200,33417213057.68
2022-08-05,73.083224,464124200,33919692958.69
2022-08-08,73.447903,465274200,34173414373.35
2022-08-09,74.751022,465124200,34768509230.8
2022-08-10,75.285526,465824200,35069820094.09
2022-08-11,77.876487,468674200,36498700169.55
2022-08-12,78.474757,468174200,36739856352.58
2022-08-15,76.953134,467774200,35996690822.27
2022-08-16,76.758229,467574200,35890167292.36
2022-08-17,77.382556,467524200,36178217539.74
2022-08-18,79.473183,467624200,37163583746.69
2022-08-19,79.518819,467874200,37204803823.51
2022-08-22,79.297989,467074200,37038044995.83
2022-08-23,82.172693,464774200,38191747645.92
2022-08-24,83.166934,466874200,38828495839.62
2022-08-25,83.780136,466624200,39093838864.07
2022-08-26,82.831165,465424200,38551628806.87
2022-08-29,84.097786,464424200,39057046970.0
2022-08-30,81.242706,465674200,37832632234.4
2022-08-31,80.477562,465324200,37448157042.04
2022-09-01,78.556999,463574200,36416998000.91
2022-09-02,80.064561,469174200,37564226124.49
2022-09-06,79.2009,460374200,36462050752.71
2022-09-07,78.307237,460974200,36097615707.56
2022-09-08,78.659929,459024200,36106810761.15
2022-09-09,80.57568,461774200,37207769954.85
2022-09-12,82.058354,458924200,37658564325.87
2022-09-13,80.00288,457724200,36619254056.03
2022-09-14,82.262566,460324200,37867449890.45
2022-09-15,80.152897,462424200,37064639093.46
2022-09-16,78.394607,462574200,36263322521.17
2022-09-19,77.633755,456824200,35464977985.23
2022-09-20,77.143667,458724200,35387666778.27
2022-09-21,75.975353,459874200,34939104558.59
2022-09-22,75.690568,456824200,34577283008.85
2022-09-23,70.591561,459674200,32449119146.29
2022-09-26,68.695356,459224200,31546570049.57
2022-09-27,69.544267,462924200,32193724321.17
2022-09-28,72.709608,465324200,33833540159.96
2022-09-29,72.58107,468924200,34035020323.98
2022-09-30,71.982641,467774200,33671622300.77
2022-10-03,76.080956,465824200,35440350483.05
2022-10-04,79.395405,463724200,36817570538.59
2022-10-05,81.039356,466624200,37814924521.74
2022-10-06,82.469088,469074200,38684121399.03
2022-10-07,81.80944,469124200,38378788056.32
2022-10-10,80.098903,472524200,37848670121.31
2022-10-11,79.496935,472174200,37536401551.85
2022-10-12,80.136455,470024200,37666072977.75
2022-10-13,83.358264,471274200,39284599099.79
2022-10-14,80.234326,473974200,38029000565.17
2022-10-17,81.266554,474574200,38567009699.47
2022-10-18,81.963335,474774200,38914076844.11
2022-10-19,84.360851,474774200,40052355478.69
2022-10-20,84.491042,475174200,40147963100.89
2022-10-21,86.94305,477374200,41504368899.57
2022-10-24,87.359307,477974200,41755494964.3
2022-10-25,87.408208,476374200,41639015322.34
2022-10-26,88.569916,475374200,42103852980.22
2022-10-27,88.812408,477024200,42365667997.79
2022-10-28,89.289304,478024200,42682448089.4
2022-10-31,89.950656,475724200,42791703684.16
2022-11-01,90.850151,475674200,43215072806.84
2022-11-02,88.688718,476824200,42288926924.53
2022-11-03,90.348893,476874200,43085055901.09
2022-11-04,91.378236,476824200,43571354126.83
2022-11-07,92.980682,478524200,44493506696.52
2022-11-08,93.026118,479924200,44645485365.69
2022-11-09,88.567808,481424200,42638685933.25
2022-11-10,90.530377,477224200,43203286788.48
2022-11-11,93.283503,474724200,44283936239.7
2022-11-14,92.979536,477724200,44418574510.42
2022-11-15,94.126025,479424200,45126294430.4
2022-11-16,92.183964,484624200,44674579602.1
2022-11-17,92.357939,477674200,44117004727.16
2022-11-18,91.598019,476374200,43634932974.56
2022-11-21,90.335182,475024200,42911397473.44
2022-11-22,93.214708,472324200,44027562245.83
2022-11-23,92.151111,475374200,43806260445.6
2022-11-25,91.853102,475524200,43678372628.41
2022-11-28,89.354726,475824200,42517141023.8
2022-11-29,90.652861,479174200,43438512364.55
2022-11-30,91.183621,471924200,43031757365.02
2022-12-01,90.808596,470374200,42714020637.2
2022-12-02,90.299042,473224200,42731692014.43
2022-12-05,87.596119,472424200,41382526536.0
2022-12-06,85.347662,471274200,40222151079.22
2022-12-07,85.119566,464474200,39535842230.13
2022-12-08,84.735182,464724200,39378489671.13
2022-12-09,82.728318,465074200,38474806422.02
2022-12-12,84.867715,461424200,39160017298.28
2022-12-13,86.417287,463274200,40034899280.24
2022-12-14,85.905902,465224200,39965504439.56
2022-12-15,85.465083,465174200,39756151843.81
2022-12-16,84.318157,463274200,39062426876.7
2022-12-19,83.540581,458524200,38305378272.57
2022-12-20,84.779442,461624200,39136241919.32
2022-12-21,86.369372,462174200,39917695207.25
2022-12-22,84.372419,467274200,39425054381.94
2022-12-23,87.077893,466024200,40580405218.87
2022-12-27,88.047161,467374200,41150971517.73
2022-12-28,86.058501,467974200,40273158244.32
2022-12-29,86.90492,467074200,40591045860.23
2022-12-30,87.514179,467474200,40910620788.59
2023-01-03,84.342011,467224200,39406628461.28
2023-01-04,84.388894,466574200,39373680602.33
2023-01-05,86.018291,462674200,39798443967.09
2023-01-06,87.52645,463974200,40610014804.82
2023-01-09,87.231437,465324200,40590898827.29
2023-01-10,87.845703,465024200,40850377892.5
2023-01-11,88.128385,464524200,40937767590.71
2023-01-12,89.810054,464124200,41683019508.37
2023-01-13,89.927053,465474200,41858722895.59
2023-01-17,90.088502,465974200,41978917793.45
2023-01-18,88.499804,466224200,41260750228.79
2023-01-19,89.52696,467074200,41815733046.89
2023-01-20,90.643033,467174200,42346086357.67
2023-01-23,90.548466,469574200,42519223439.6
2023-01-24,90.306319,468724200,42328757356.07
2023-01-25,90.199772,470224200,42414115575.12
2023-01-26,93.104944,469474200,43710369334.94
2023-01-27,91.248457,475024200,43345225317.59
2023-01-30,89.167989,472474200,42129574337.3
2023-01-31,89.864572,472324200,42445212080.21
2023-02-01,88.1888,470424200,41486145916.83
2023-02-02,86.161822,468474200,40364590568.96
2023-02-03,86.011233,466924200,40160726312.34
2023-02-06,85.644707,464024200,39741216474.13
2023-02-07,88.280596,462274200,40809842026.03
2023-02-08,87.549553,462724200,40511297085.54
2023-02-09,86.846288,461924200,40116401941.7
2023-02-10,90.214862,461474200,41631831353.38
2023-02-13,90.000389,463024200,41672358086.06
2023-02-14,90.022117,461624200,41556387539.84
2023-02-15,88.468206,463974200,41046965256.05
2023-02-16,87.606574,464474200,40690993205.43
2023-02-17,84.46245,465524200,39319314625.55
2023-02-21,84.128377,466024200,39205859551.23
2023-02-22,83.545345,465474200,38888202461.82
2023-02-23,84.63424,463774200,39251176819.71
2023-02-24,84.650796,466524200,39491644703.19
2023-02-27,84.94348,468074200,39759851350.45
2023-02-28,83.699659,469224200,39273905507.04
2023-03-01,85.364701,469074200,40042378676.23
2023-03-02,86.095781,469824200,40449881271.71
2023-03-03,87.339208,477974200,41745887848.24
2023-03-06,87.32071,474124200,41400861632.56
2023-03-07,85.805343,474224200,40690969970.34
2023-03-08,84.919938,473974200,40249859738.69
2023-03-09,83.735311,473324200,39633949078.69
2023-03-10,82.574851,473674200,39113576485.38
2023-03-13,80.949502,471474200,38165601840.43
2023-03-14,81.747905,465174200,38027016278.4
2023-03-15,77.366034,461024200,35667613886.22
2023-03-16,78.190065,459674200,35941955466.73
2023-03-17,76.995128,460224200,35435021344.35
2023-03-20,77.77346,456924200,35536575818.42
2023-03-21,80.364205,457424200,36760532118.82
2023-03-22,78.649753,458374200,36051017669.17
2023-03-23,77.594761,458074200,35544158133.35
2023-03-24,77.887177,457574200,35639162648.56
2023-03-27,79.511588,458474200,36454011776.87
2023-03-28,80.741404,459574200,37106666331.66
2023-03-29,81.91845,457774200,37500152785.55
2023-03-30,82.215839,458924200,37730838173.74
2023-03-31,82.809367,459424200,38044627294.54
2023-04-03,86.600104,459674200,39807833459.21
2023-04-04,85.036829,466074200,39633472196.69
2023-04-05,86.24908,467274200,40301969719.98
2023-04-06,84.992512,468024200,39778552481.72
2023-04-10,85.691741,467924200,40097239342.5
2023-04-11,86.47416,467574200,40433086049.61
2023-04-12,86.545567,467024200,40418874079.86
2023-04-13,87.076797,466274200,40601663684.11
2023-04-14,87.259394,463874200,40477381616.95
2023-04-17,86.187292,463624200,39958514176.42
2023-04-18,86.498686,463424200,40085584469.9
2023-04-19,86.245929,463174200,39946889319.55
2023-04-20,85.491538,460474200,39366647795.98
2023-04-21,84.96263,458774200,38978662505.32
2023-04-24,86.252199,456374200,39363278198.07
2023-04-25,84.610433,454574200,38461720105.03
2023-04-26,83.522905,454324200,37946477078.19
2023-04-27,83.813666,451174200,37814563741.73
2023-04-28,85.111424,451324200,38412845270.01
2023-05-01,84.168595,451974200,38042033202.28
2023-05-02,80.54002,451724200,36381875907.89
2023-05-03,79.017097,448274200,35421326059.16
2023-05-04,78.079859,445674200,34798178596.27
2023-05-05,80.247336,445624200,35760155015.39
2023-05-08,80.25401,445474200,35751091054.78
2023-05-09,80.260053,445274200,35737730921.12
2023-05-10,79.372867,444624200,35291097583.39
2023-05-11,78.414686,444174200,34829780450.68
2023-05-12,78.542639,443124200,34804144179.33
2023-05-15,78.91537,443074200,34965364260.34
2023-05-16,76.91936,443074200,34080983936.6
2023-05-17,78.474494,441624200,34656235658.31
2023-05-18,79.018829,441674200,34900578015.94
2023-05-19,79.592304,447924200,35651318882.55
2023-05-22,79.332317,446924200,35455532258.17
2023-05-23,80.122106,439174200,35187561957.53
2023-05-24,80.533919,439174200,35368419501.21
2023-05-25,79.029076,438224200,34632453813.18
2023-05-26,78.753748,437574200,34460608360.03
2023-05-30,77.988379,435824200,33989222856.06
2023-05-31,76.571432,433674200,33207054350.11
2023-06-01,77.538012,431774200,33478913189.5
2023-06-02,79.88825,432874200,34581562435.57
2023-06-05,79.398546,433474200,34417221014.91
2023-06-06,79.999482,432974200,34637711597.89
2023-06-07,82.144297,431724200,35463681032.71
2023-06-08,81.77215,427274200,34939130008.09
2023-06-09,81.333816,426674200,34703041011.44
2023-06-12,80.54685,426974200,34391426744.99
2023-06-13,80.947562,425574200,34449193776.56
2023-06-14,80.07302,426274200,34133062437.54
2023-06-15,80.918595,425474200,34428774532.45
2023-06-16,80.850882,423324200,34226134843.25
2023-06-20,78.327865,420774200,32958344561.3
2023-06-21,79.003277,417574200,32989730210.48
2023-06-22,77.958912,417324200,32534140610.37
2023-06-23,77.357332,416274200,32201861630.62
2023-06-26,78.719687,413124200,32521007569.57
2023-06-27,78.938934,415074200,32765514747.35
2023-06-28,79.724283,412424200,32880223755.87
2023-06-29,80.631823,413624200,33351273206.81
2023-06-30,81.135335,413274200,33531140646.54
2023-07-03,81.392271,412824200,33600699029.42
2023-07-05,80.930272,414474200,33543509813.13
2023-07-06,79.094178,415174200,32837862075.46
2023-07-07,80.834527,413274200,33406824414.84
2023-07-10,81.377383,413324200,33635241612.04
2023-07-11,83.208964,413374200,34396439039.57
2023-07-12,83.950778,412874200,34661110198.21
2023-07-13,83.620008,413074200,34541268049.67
2023-07-14,81.407434,421174200,34286710713.59
2023-07-17,81.287695,417274200,33919257739.06
2023-07-18,82.151159,417174200,34271344040.28
2023-07-19,82.564097,417574200,34476636751.46
2023-07-20,83.574888,416024200,34769175918.74
2023-07-21,84.276602,415524200,35018967744.65
2023-07-24,85.680722,413724200,35448188030.03
2023-07-25,86.156252,413924200,35662157479.03
2023-07-26,86.098283,415224200,35750090826.61
2023-07-27,85.582619,415324200,35544532649.93
2023-07-28,85.81828,415774200,35681026806.81
2023-07-31,87.485064,424024200,37095784368.23
2023-08-01,87.093056,425624200,37068912136.79
2023-08-02,85.949092,424674200,36500361926.99
2023-08-03,86.784945,416974200,36187083126.98
2023-08-04,86.858974,418624200,36361268427.72
2023-08-07,87.017323,419124200,36471065957.54
2023-08-08,87.427342,419524200,36677885568.32
2023-08-09,88.500255,420074200,37176673895.54
2023-08-10,88.552291,422974200,37455334376.01
2023-08-11,89.923134,423224200,38057646240.04
2023-08-14,89.569275,424474200,38019846514.14
2023-08-15,87.641406,425074200,37254100663.22
2023-08-16,86.911967,424874200,36926652367.02
2023-08-17,87.962738,431024200,37914068602.95
2023-08-18,88.762286,424174200,37650671780.38
2023-08-21,88.229589,425174200,37512944801.96
2023-08-22,87.548947,426074200,37302347461.61
2023-08-23,87.3112,425724200,37170490881.32
2023-08-24,86.691476,425774200,36910993660.31
2023-08-25,87.547937,424224200,37139953479.61
2023-08-28,88.160994,422824200,37276601690.9
2023-08-29,88.411655,422224200,37329540437.58
2023-08-30,88.806064,423224200,37584875515.33
2023-08-31,88.912483,423524200,37656588274.31
2023-09-01,90.705744,426174200,38656448070.37
2023-09-05,91.223254,425724200,38835946979.26
2023-09-06,91.277528,426874200,38964021904.99
2023-09-07,91.165002,424974200,38742773646.39
2023-09-08,92.065407,423674200,39005737493.66
2023-09-11,90.883496,423074200,38450462328.74
2023-09-12,92.929891,422074200,39223309461.02
2023-09-13,92.231049,425024200,39200428011.43
2023-09-14,93.346184,425024200,39674387147.02
2023-09-15,92.106899,424874200,39133845030.02
2023-09-18,92.051545,425924200,39206980784.71
2023-09-19,91.240127,425824200,38852254271.33
2023-09-20,90.386862,427524200,38642570951.42
2023-09-21,89.148391,427624200,38122009446.03
2023-09-22,89.274534,427674200,38180414875.65
2023-09-25,90.402649,427174200,38617679316.65
2023-09-26,89.904662,428774200,38548799583.91
2023-09-27,92.126006,429624200,39579561736.96
2023-09-28,92.215134,430724200,39719289711.34
2023-09-29,90.395838,433724200,39206862599.67
2023-10-02,88.637538,431874200,38280265616.05
2023-10-03,88.552847,433574200,38394229916.88
2023-10-04,85.6198,431874200,36976982433.49
2023-10-05,85.210352,431374200,36757547485.7
2023-10-06,85.692917,430924200,36927151550.36
2023-10-09,88.614458,433024200,38372204711.59
2023-10-10,88.690583,435824200,38653502476.14
2023-10-11,87.637367,434924200,38115611532.97
2023-10-12,87.68488,435774200,38210808360.74
2023-10-13,89.558986,435824200,39031973277.1
2023-10-16,90.235292,436974200,39430494620.63
2023-10-17,91.129009,437224200,39843808192.56
2023-10-18,91.947698,440124200,40468406890.77
2023-10-19,91.822494,442574200,40638266965.17
2023-10-20,90.244424,444574200,40120342663.06
2023-10-23,88.810039,445174200,39535938260.24
2023-10-24,87.544734,448224200,39239668399.56
2023-10-25,87.36413,451274200,39425178046.38
2023-10-26,86.735594,451924200,39197914132.44
2023-10-27,84.667184,449774200,38081114873.52
2023-10-30,84.945495,450024200,38227528637.53
2023-10-31,85.200909,448574200,38218929742.38
2023-11-01,84.998864,447024200,37996548989.97
2023-11-02,87.546144,445674200,39017057838.73
2023-11-03,86.722256,446574200,38727922025.34
2023-11-06,85.706111,447724200,38372699894.88
2023-11-07,83.803849,446174200,37391115084.78
2023-11-08,82.754788,445924200,36902362682.09
2023-11-09,82.503665,443324200,36575871357.21
2023-11-10,83.403904,444374200,37062543098.09
2023-11-13,84.025993,446124200,37486028972.36
2023-11-14,84.755674,446974200,37883599479.35
2023-11-15,84.571932,446324200,37746499989.29
2023-11-16,82.95814,445674200,36972302811.85
2023-11-17,84.691526,443024200,37520395680.66
2023-11-20,84.809236,445274200,37763364927.77
2023-11-21,84.619639,445824200,37725482888.68
2023-11-22,84.562755,443824200,37530997001.69
2023-11-24,84.932746,443024200,37627261776.49
2023-11-27,84.615731,443074200,37491047489.68
2023-11-28,84.656913,441924200,37411938770.9
2023-11-29,84.006834,442274200,37154055122.5
2023-11-30,84.550535,443524200,37500208264.01
2023-12-01,85.002857,443924200,37734825438.9
2023-12-04,84.619978,443424200,37522546269.79
2023-12-05,83.193352,445324200,37048012814.87
2023-12-06,81.833039,444974200,36413591155.27
2023-12-07,81.340219,440174200,35803865629.69
2023-12-08,82.248087,441474200,36310408591.77
2023-12-11,82.350181,441074200,36322540094.42
2023-12-12,81.219753,440574200,35783327621.67
2023-12-13,82.294597,436974200,35960615853.36
2023-12-14,84.776046,434574200,36841482555.98
2023-12-15,84.348997,436074200,36782421451.83
2023-12-18,84.189027,434174200,36552703649.41
2023-12-19,85.214621,437174200,37253633847.69
2023-12-20,84.416702,436974200,36887920818.72
2023-12-21,84.745283,431974200,36607775827.06
2023-12-22,84.961062,431774200,36683994668.92
2023-12-26,85.726299,431924200,37027263117.36
2023-12-27,85.273018,432174200,36852798225.17
2023-12-28,84.023054,432474200,36337802986.86
2023-12-29,83.821659,431624200,36179456396.78
2024-01-02,84.779184,430324200,36482534539.22
2024-01-03,86.091265,428424200,36883581128.21
2024-01-04,84.662309,430124200,36415308021.79
2024-01-05,84.706809,429874200,36413271551.28
2024-01-08,83.745367,430274200,36033470610.01
2024-01-09,82.374548,430174200,35435405430.0
2024-01-10,81.539076,428874200,34970005987.86
2024-01-11,81.675219,426974200,34873211317.66
2024-01-12,82.696508,427324200,35338219122.94
2024-01-16,80.738284,426574200,34440868898.22
2024-01-17,80.054632,425674200,34077191421.36
2024-01-18,79.87552,425074200,33953022813.59
2024-01-19,80.175039,426924200,34228664374.84
2024-01-22,80.420354,427774200,34401752795.77
2024-01-23,80.665832,427174200,34458362238.06
2024-01-24,81.806456,426574200,34896523402.22
2024-01-25,83.622053,426924200,35700277962.59
2024-01-26,84.256669,426824200,35962785453.87
2024-01-29,84.101582,427274200,35934436302.3
2024-01-30,84.98944,434474200,36925718942.69
2024-01-31,83.399119,435074200,36284804990.04
2024-02-01,83.356932,426624200,35562084635.94
2024-02-02,83.512534,424474200,35448916187.34
2024-02-05,83.325813,424374200,35361325238.94
2024-02-06,83.602707,422524200,35324167023.31
2024-02-07,83.751978,422524200,35387237562.64
2024-02-08,84.637946,422624200,35770044251.58
2024-02-09,83.338427,424024200,35337509772.65
2024-02-12,84.210799,423224200,35640047864.21
2024-02-13,83.449355,423224200,35317786388.33
2024-02-14,83.314882,420474200,35031758422.18
2024-02-15,85.586329,414924200,35511839186.69
2024-02-16,85.594309,415224200,35540828532.16
2024-02-20,84.795691,416174200,35289778980.77
2024-02-21,86.364338,417074200,36020337021.18
2024-02-22,86.47893,417424200,36098398151.22
2024-02-23,85.991172,416624200,35826003238.9
2024-02-26,86.266712,416574200,35936486373.36
2024-02-27,85.886146,416374200,35760775450.3
2024-02-28,85.696007,416224200,35668751845.11
2024-02-29,86.077513,415424200,35758681964.08
2024-03-01,87.115978,414424200,36102969523.12
2024-03-04,86.214545,414774200,35759568818.71
2024-03-05,86.846087,412124200,35791374035.14
2024-03-06,87.114101,411974200,35888762063.81
2024-03-07,87.83979,412574200,36240430978.18
2024-03-08,88.16067,412624200,36377225989.36
2024-03-11,89.054418,413674200,36839514954.45
2024-03-12,88.931821,413724200,36793246649.81
2024-03-13,90.307629,412974200,37294720937.59
2024-03-14,91.290101,412074200,37618295239.09
2024-03-15,91.527108,412024200,37711383489.23
2024-03-18,91.155893,413074200,37654147381.56
2024-03-19,92.157851,415324200,38275385558.99
2024-03-20,92.074672,417124200,38406573969.81
2024-03-21,92.576133,417474200,38648147240.52
2024-03-22,92.376189,418674200,38675527108.26
2024-03-25,93.210635,419024200,39057511938.72
2024-03-26,92.503515,419674200,38821338847.33
2024-03-27,93.373012,422424200,39443019903.7
2024-03-28,94.403519,420624200,39708404712.13
2024-04-01,95.156675,418874200,39858676178.68
2024-04-02,96.431784,421174200,40614579302.36
2024-04-03,97.099189,421674200,40944222999.02
2024-04-04,97.023528,423574200,41096663463.57
2024-04-05,98.062028,424424200,41619897703.85
2024-04-08,97.449915,425974200,41511149642.02
2024-04-09,97.481317,426124200,41539148410.84
2024-04-10,97.828917,429424200,42010104521.22
2024-04-11,97.643569,430624200,42047683951.49
2024-04-12,96.11904,428424200,41179722995.89
2024-04-15,95.266927,429374200,40905160507.55
2024-04-16,94.437779,430074200,40615252132.6
2024-04-17,94.101624,429674200,40433039971.25
2024-04-18,93.884481,428774200,40255243388.71
2024-04-19,94.93898,429074200,40735866768.77
2024-04-22,95.547126,427874200,40882150125.21
2024-04-23,96.054702,427424200,41056104118.57
2024-04-24,96.158474,426974200,41057187411.97
2024-04-25,96.647532,426374200,41208014156.13
2024-04-26,95.750448,426374200,40825520878.52
2024-04-29,96.395726,433324200,41770601013.57
2024-04-30,93.558607,426824200,39933077522.78
2024-05-01,92.076589,424774200,39111759530.16
2024-05-02,92.56322,424224200,39267557871.7
2024-05-03,92.539647,423824200,39220541965.04
2024-05-06,93.302163,422974200,39464407929.45
2024-05-07,93.193992,422574200,39381376444.26
2024-05-08,93.075567,422424200,39317372120.1
2024-05-09,94.312931,422524200,39849495886.27
2024-05-10,93.836784,422174200,39615469236.48
2024-05-13,93.611432,422124200,39515651014.47
2024-05-14,93.715717,421024200,39456584619.17
2024-05-15,93.850626,419174200,39339761258.27
2024-05-16,93.629518,417474200,39087908100.16
2024-05-17,94.928196,418674200,39743986609.93
2024-05-20,94.327792,419874200,39605806033.87
2024-05-21,93.858487,419774200,39399371235.11
2024-05-22,92.148632,418224200,38538787907.32
2024-05-23,91.241618,415874200,37945034757.45
2024-05-24,91.373508,415374200,37954197977.6
2024-05-28,92.347623,414974200,38321881126.46
2024-05-29,90.685364,415474200,37677428995.97
2024-05-30,90.921921,416474200,37866634141.09
2024-05-31,93.161026,416424200,38794505746.11
2024-06-03,90.728564,415324200,37681768077.31
2024-06-04,89.878209,414274200,37234223002.12
2024-06-05,89.879763,413724200,37185433159.42
2024-06-06,90.366204,413424200,37359575724.38
2024-06-07,90.005878,414174200,37278112360.79
2024-06-10,90.678517,412324200,37388947091.99
2024-06-11,90.490618,411774200,37261702002.98
2024-06-12,89.503607,412074200,36882127358.2
2024-06-13,88.705202,411824200,36530948819.93
2024-06-14,87.992685,409824200,36061531698.71
2024-06-17,88.235074,411174200,36279985947.17
2024-06-18,88.620274,414974200,36775127342.68
2024-06-20,90.248458,416124200,37554567352.33
2024-06-21,89.647763,414724200,37179096752.66
2024-06-24,91.301838,412874200,37696173409.78
2024-06-25,91.438495,415074200,37953760184.04
2024-06-26,90.567867,413774200,37474646520.69
2024-06-27,90.763855,415324200,37696425665.56
2024-06-28,91.179959,415374200,37873802635.73
2024-07-01,91.218137,414974200,37853173611.27
2024-07-02,91.089287,415774200,37872575583.94
2024-07-03,91.485895,417124200,38160980751.8
2024-07-05,90.07329,416974200,37558237921.99
2024-07-08,89.57339,417524200,37399058123.29
2024-07-09,88.746879,417474200,37049532508.55
2024-07-10,89.338303,417074200,37260701149.8
2024-07-11,90.262307,417424200,37677671387.61
2024-07-12,90.528555,417474200,37793336066.17
2024-07-15,91.924399,417474200,38376064988.19
2024-07-16,92.194497,417774200,38516482220.93
2024-07-17,93.187663,418824200,39029248386.79
2024-07-18,93.405271,420924200,39316538832.61
2024-07-19,92.374513,421574200,38942711488.35
2024-07-22,91.779047,421574200,38691678381.27
2024-07-23,90.355237,421374200,38073365671.79
2024-07-24,90.397628,418624200,37842634717.43
2024-07-25,91.715566,415974200,38151309085.11
2024-07-26,92.128358,417874200,38498063915.41
2024-07-29,91.388527,418674200,38262018224.17
2024-07-30,92.804997,417624200,38757612754.5
2024-07-31,93.208467,424124200,39531966355.95
2024-08-01,90.75946,427774200,38824555495.23
2024-08-02,88.420836,422024200,37315732499.23
2024-08-05,86.569616,420774200,36426261072.38
2024-08-06,87.047042,419974200,36557511814.23
2024-08-07,87.334451,418024200,36507913952.01
2024-08-08,89.208655,416874200,37188786709.61
2024-08-09,89.388204,417024200,37277044359.67
2024-08-12,89.867341,415774200,37364521817.65
2024-08-13,88.966,416824200,37083181828.41
2024-08-14,89.515249,416324200,37267364237.43
2024-08-15,90.592671,417974200,37865399240.38
2024-08-16,90.499633,414924200,37550487623.3
2024-08-19,91.067877,414874200,37781712717.46
2024-08-20,88.711606,418174200,37096904889.32
2024-08-21,88.812173,411424200,36539477382.84
2024-08-22,89.033837,412674200,36741967386.69
2024-08-23,90.374854,411024200,37146252243.82
2024-08-26,91.206032,410124200,37405800759.31
2024-08-27,90.3718,410174200,37068180942.84
2024-08-28,89.789803,411324200,36932718791.32
2024-08-29,90.872401,410124200,37268970788.4
2024-08-30,91.211818,410774200,37467461733.49
2024-09-03,89.029564,409374200,36446406395.79
2024-09-04,87.771284,405074200,35553882593.79
2024-09-05,87.122821,404524200,35243289285.9
2024-09-06,86.02901,402924200,34663170129.33
2024-09-09,86.569751,402724200,34863733666.3
2024-09-10,85.116597,402774200,34282769356.24
2024-09-11,84.347209,401024200,33825272008.41
2024-09-12,85.116154,402524200,34261311892.5
2024-09-13,85.575337,401374200,34347732464.95
2024-09-16,86.54909,401624200,34760209088.23
2024-09-17,87.733718,401024200,35183344164.5
2024-09-18,87.933317,401724200,35324941601.6
2024-09-19,88.984731,402474200,35814058405.42
2024-09-20,88.727427,403124200,35768172861.71
2024-09-23,89.104753,403174200,35924737534.84
2024-09-24,88.841956,408424200,36285204912.23
2024-09-25,87.197182,406324200,35430325302.08
2024-09-26,85.428173,406324200,34711534042.03
2024-09-27,87.146395,403724200,35183108577.3
2024-09-30,87.811377,403924200,35469140240.72
2024-10-01,89.748368,403824200,36242562936.87
2024-10-02,90.736938,404974200,36746118760.0
2024-10-03,92.308929,408074200,37668892310.19
2024-10-04,93.204757,409824200,38197565137.65
2024-10-07,93.522499,411524200,38486771514.31
2024-10-08,91.04519,412474200,37553791980.35
2024-10-09,91.571056,411474200,37679127003.17
2024-10-10,92.292597,406574200,37523788700.07
2024-10-11,92.778142,404224200,37503170243.37
2024-10-14,92.627818,407024200,37701763449.38
2024-10-15,89.806943,406974200,36549108898.46
2024-10-16,90.219789,403974200,36446466963.36
2024-10-17,90.707629,401824200,36448520310.5
2024-10-18,90.374778,400774200,36219879220.49
2024-10-21,90.143161,402424200,36275789366.67
2024-10-22,90.297752,401374200,36243188132.55
2024-10-23,89.839201,399824200,35919886709.28
2024-10-24,89.712715,399074200,35802030080.13
2024-10-25,89.78789,398174200,35751221097.9
2024-10-28,89.17659,398174200,35507817331.49
2024-10-29,87.869976,397974200,34969983305.08
2024-10-30,87.979533,396474200,34881614853.16
2024-10-31,88.610706,398824200,35340094042.1
2024-11-01,88.012582,395724200,34828708455.17
2024-11-04,89.549991,395724200,35437098396.02
2024-11-05,90.138606,396074200,35701576127.64
2024-11-06,93.600183,397924200,37245777790.79
2024-11-07,93.212305,399074200,37198625853.48
2024-11-08,93.730942,397574200,37265004403.67
2024-11-11,94.276329,397524200,37477122105.7
2024-11-12,93.807072,397774200,37314033162.69
2024-11-13,94.533351,398174200,37640741310.48
2024-11-14,94.91803,397424200,37722722197.72
2024-11-15,94.70232,397424200,37636993952.76
2024-11-18,95.954583,400224200,38403346390.72
2024-11-19,95.414356,397624200,37939057004.11
2024-11-20,96.358301,397924200,38343299697.27
2024-11-21,97.144037,398974200,38757964535.71
2024-11-22,97.275587,398824200,38795858079.4
2024-11-25,95.27119,398874200,38001219597.87
2024-11-26,95.195047,398374200,37923250606.51
2024-11-27,95.103044,397074200,37762964920.37
2024-11-29,95.454455,397124200,37907273912.8
2024-12-02,94.543672,396824200,37517217178.21
2024-12-03,94.493588,395374200,37360326713.93
2024-12-04,92.268605,395574200,36499079761.96
2024-12-05,92.556395,393974200,36464831635.7
2024-12-06,91.060072,393024200,35788811863.24
2024-12-09,90.88375,391624200,35592275751.98
2024-12-10,90.262415,392674200,35443721520.33
2024-12-11,90.4066,394024200,35622388078.1
2024-12-12,89.743211,391224200,35109716106.3
2024-12-13,89.231396,391024200,34891635132.89
2024-12-16,87.281852,391074200,34133680382.72
2024-12-17,86.585682,390774200,33835450563.75
2024-12-18,84.192166,391774200,32984318368.06
2024-12-19,83.372196,391024200,32600546157.91
2024-12-20,84.172242,393624200,33132231265.27
2024-12-23,84.006445,394774200,33163576995.67
2024-12-24,84.662182,393424200,33308151267.31
2024-12-26,84.557121,393224200,33249906453.24
2024-12-27,84.548405,392474200,33183067528.53
2024-12-30,84.54353,391824200,33126200992.93
2024-12-31,85.643837,391274200,33510223944.47
2025-01-02,86.651423,388724200,33683505126.17
2025-01-03,87.465872,385424200,33711463868.47
2025-01-06,87.088083,385274200,33552791469.16
2025-01-07,88.013512,385674200,33944541013.86
2025-01-08,88.066688,384024200,33819739281.97
2025-01-10,88.399396,383374200,33890047870.93
2025-01-13,90.37532,381374200,34466815393.95
2025-01-14,91.277865,383524200,35007270228.7
2025-01-15,92.5525,383874200,35528516962.19
2025-01-16,93.214573,383524200,35750044695.2
2025-01-17,93.980432,384324200,36118954254.56
2025-01-21,93.426762,383224200,35803396108.28
2025-01-22,91.774679,377224200,34619630011.67
2025-01-23,92.185961,376674200,34724072972.32
2025-01-24,91.321255,375174200,34261378917.29
2025-01-27,90.38631,374324200,33833783193.18
2025-01-28,89.528688,373224200,33414273121.05
2025-01-29,89.660227,373724200,33508196553.25
2025-01-30,90.133502,372424200,33567897293.87
2025-01-31,87.692245,371024200,32535945093.7
2025-02-03,88.162597,368974200,32529723831.85
2025-02-04,90.033911,369424200,33260705725.84
2025-02-05,90.183744,370174200,33383695141.21
2025-02-06,88.625064,370224200,32811143395.52
2025-02-07,88.559696,365824200,32397279899.99
2025-02-10,90.505605,364824200,33018634973.45
2025-02-11,91.196832,366274200,33403046516.56
2025-02-12,89.020264,367824200,32743807228.7
2025-02-13,89.732314,366424200,32880091406.03
2025-02-14,90.085646,365274200,32905962231.35
2025-02-18,91.304713,366324200,33447125766.58
2025-02-19,91.991138,366374200,33703179684.49
2025-02-20,92.811927,364474200,33827552935.53
2025-02-21,90.922392,365774200,33257065283.52
2025-02-24,90.983168,364274200,33142820896.19
2025-02-25,89.62591,362424200,32482598811.82
2025-02-26,89.176969,362024200,32284220681.58
2025-02-27,89.57342,361174200,32351608422.81
2025-02-28,91.012171,362424200,32985013320.97
2025-03-03,87.821122,364524200,32012924399.71
2025-03-04,86.999497,362874200,31569872795.23
2025-03-05,85.719967,361174200,30959840352.82
2025-03-06,86.002631,359574200,30924327194.5
2025-03-07,87.430494,360474200,31516437388.13
2025-03-10,88.087889,360874200,31788646644.81
2025-03-11,87.373518,359524200,31412894221.78
2025-03-12,87.81287,360324200,31641102139.44
2025-03-13,87.230118,361474200,31531437007.68
2025-03-14,89.727521,361274200,32416238435.84
2025-03-17,91.156939,361974200,32996460014.66
2025-03-18,91.364529,361524200,33030488155.24
2025-03-19,92.816545,360924200,33499737231.34
2025-03-20,93.196603,361274200,33669528357.07
2025-03-21,92.563603,360174200,33339021832.8
2025-03-24,92.858558,354974200,32962392367.96
2025-03-25,93.276862,352874200,32914998192.2
2025-03-26,93.742253,352424200,33037038559.81
2025-03-27,92.889539,352924200,32782966202.83
2025-03-28,92.444889,355024200,32820172714.59
2025-03-31,93.433571,354574200,33129133805.0
2025-04-01,94.02158,357574200,33619691091.26
2025-04-02,94.13704,357124200,33618614973.06
2025-04-03,86.826635,356524200,30955796751.14
2025-04-04,79.117667,351824200,27835510025.45
2025-04-07,78.427588,347524200,27255484731.17
2025-04-08,76.454616,343574200,26267833592.47
2025-04-09,82.371446,341874200,28160672111.81
2025-04-10,77.067866,340874200,26270447259.97
2025-04-11,78.957934,335624200,26500193348.53
2025-04-14,79.165557,334774200,26502586052.67
2025-04-15,79.086988,333974200,26413013445.5
2025-04-16,79.73171,333524200,26592454958.41
2025-04-17,81.520896,332024200,27066910395.3
2025-04-21,79.370356,329174200,26126673331.39
2025-04-22,81.443893,327524200,26674845770.73
2025-04-23,81.273708,325824200,26480940979.63
2025-04-24,82.479117,323174200,26655122560.55
2025-04-25,82.386749,322824200,26596436220.54
2025-04-28,82.941418,323624200,26841850147.37
2025-04-29,82.637318,323874200,26764095116.51
2025-04-30,80.509414,327024200,26328526705.67
2025-05-01,80.816989,326824200,26412947705.5
2025-05-02,82.021587,326574200,26786134229.91
2025-05-05,80.486035,325674200,26212225010.31
2025-05-06,80.473191,324124200,26083308580.5
2025-05-07,80.557149,324974200,26178995018.56
2025-05-08,81.576472,324724200,26489854746.53
2025-05-09,82.429421,323524200,26667912470.94
2025-05-12,84.536512,323924200,27383422144.3
2025-05-13,85.758673,324074200,27792173464.71
2025-05-14,85.286097,324324200,27660345215.7
2025-05-15,85.590009,325574200,27865898866.17
2025-05-16,85.450694,323724200,27662457407.86
2025-05-19,84.388856,324074200,27348251034.03
2025-05-20,83.606378,322524200,26965080103.52
2025-05-21,82.067937,321774200,26407344794.65
2025-05-22,81.725795,323824200,26464790191.36
2025-05-23,81.973032,324174200,26573541933.27
2025-05-27,82.693612,324124200,26803000946.42
2025-05-28,81.661779,322874200,26366481723.63
2025-05-29,82.20981,320074200,26313239096.88
2025-05-30,81.623797,321874200,26272594348.98
2025-06-02,82.597762,320224200,26449802405.87
2025-06-03,83.548931,319424200,26687550311.53
2025-06-04,81.961298,319874200,26217304556.83
2025-06-05,81.856659,320024200,26196111707.55
2025-06-06,83.439451,319624200,26669267849.76
2025-06-09,83.582248,320024200,26748342126.94
2025-06-10,85.023873,321824200,27362739817.93
2025-06-11,86.249823,324024200,27947029758.13
2025-06-12,86.593894,322874200,27958934360.62
2025-06-13,88.100172,325174200,28647902811.01
2025-06-16,87.808476,325674200,28596955261.73
2025-06-17,88.674132,327024200,28998587204.33
2025-06-18,88.076074,327124200,28811815331.8
2025-06-20,88.96969,328574200,29233144684.73
2025-06-23,86.015016,329874200,28374134535.88
2025-06-24,84.879862,322224200,27350345647.07
2025-06-25,84.46269,317624200,26827394461.68
2025-06-26,85.725315,315924200,27082701655.66
2025-06-27,85.301143,316724200,27016936306.91
2025-06-30,84.803132,316374200,26829523056.0
2025-07-01,85.449676,315424200,26952895748.06
2025-07-02,86.903639,315674200,27433236650.62
2025-07-03,87.056362,318124200,27694735625.57
2025-07-07,86.180115,318624200,27459070281.35
2025-07-08,88.512831,318574200,28197904484.69
2025-07-09,88.052505,317674200,27972009239.98
2025-07-10,88.737815,319124200,28318384177.53
2025-07-11,89.163096,318924200,28436268991.17
2025-07-14,88.113146,318724200,28083792000.81
2025-07-15,86.867865,317924200,27617396531.52
2025-07-16,86.103208,317274200,27318326471.75
2025-07-17,86.586268,317524200,27493235516.53
2025-07-18,85.998359,317524200,27306560023.27
2025-07-21,85.042426,317924200,27037045225.54
2025-07-22,85.494961,317274200,27125345421.98
2025-07-23,86.820813,315924200,27428795774.64
2025-07-24,87.397977,315774200,27598026123.27
2025-07-25,87.06429,313174200,27266289478.25
2025-07-28,88.092616,313324200,27601548302.6
2025-07-29,88.901456,312774200,27806081629.72
2025-07-30,87.659831,313224200,27457180412.55
2025-07-31,87.181764,313024200,27290001985.41
2025-08-01,85.632222,312574200,26766423435.92
2025-08-04,85.407129,311174200,26576495037.31
2025-08-05,85.522608,310974200,26595324666.47
2025-08-06,84.693775,311374200,26371456427.28
2025-08-07,84.370902,310474200,26194988245.8
2025-08-08,84.882998,310174200,26328516032.76
2025-08-11,84.213165,310874200,26179700435.32
2025-08-12,84.640566,311024200,26325264360.49
2025-08-13,85.65064,307024200,26296819108.59
2025-08-14,85.559108,307274200,26290106449.13
2025-08-15,85.546088,306874200,26251887314.91
2025-08-18,85.054091,306824200,26096653288.37
2025-08-19,85.074173,306374200,26064531715.1
2025-08-20,85.79708,305374200,26200214621.17
2025-08-21,86.396035,304774200,26331282601.09
2025-08-22,88.16216,305074200,26896000482.16
2025-08-25,88.377003,305174200,26970381258.56
2025-08-26,88.213164,306124200,27004184369.66
2025-08-27,89.237109,306524200,27353333336.76
2025-08-28,89.87943,305874200,27491798706.01
2025-08-29,90.332893,305774200,27621467970.23
2025-09-02,90.524045,305824200,27684443564.52
2025-09-03,88.500992,305324200,27021494729.08
2025-09-04,89.067747,303924200,27069843715.17
2025-09-05,87.33176,303724200,26524768824.56
2025-09-08,87.140897,301624200,26283803331.4
2025-09-09,87.585736,301674200,26422356740.29
2025-09-10,89.134368,301674200,26889539308.59
2025-09-11,89.118111,301224200,26844531695.79
2025-09-12,88.591053,302474200,26796507803.15
2025-09-15,88.273393,302124200,26669528199.79
2025-09-16,89.78188,301974200,27111811423.16
2025-09-17,90.004122,299624200,26967412971.67
2025-09-18,89.68869,300324200,26935684035.15
2025-09-19,88.52067,300424200,26593751511.09
2025-09-22,87.655883,297424200,26070980934.35
2025-09-23,89.181029,297974200,26573645897.77
2025-09-24,90.332181,299024200,27011508107.91
2025-09-25,91.105452,298374200,27183516233.07
2025-09-26,91.975032,300124200,27603932893.26
2025-09-29,90.304371,302124200,27283135963.53
2025-09-30,89.34427,301374200,26926057790.77
2025-10-01,89.369232,300674200,26871022345.65
2025-10-02,88.410992,299974200,26521016650.41
2025-10-03,88.910678,300174200,26688691537.78
2025-10-06,89.35524,300624200,26862347689.17
2025-10-07,89.47731,300374200,26876675261.61
2025-10-08,88.941757,299374200,26626867444.45
2025-10-09,87.755362,298874200,26227813715.33
2025-10-10,85.194263,298524200,25432549345.23
2025-10-13,86.404813,295374200,25521752471.45
2025-10-14,86.334985,294074200,25388891754.49
2025-10-15,86.307137,294274200,25397963755.91
2025-10-16,85.29761,294324200,25105150855.16
2025-10-17,85.970302,293774200,25255856558.59
2025-10-20,86.866646,293574200,25501806245.74
2025-10-21,86.685545,295774200,25639347701.96
2025-10-22,87.804612,295424200,25939607353.74
2025-10-23,88.991952,295424200,26290376277.38
2025-10-24,88.054074,299224200,26347909734.27
2025-10-27,88.305185,299324200,26431878745.39
2025-10-28,87.351629,299124200,26128986179.53
2025-10-29,88.015792,298674200,26288046165.12
2025-10-30,87.488935,298374200,26104441086.9
2025-10-31,88.104475,298624200,26310128345.88
2025-11-03,88.091366,300024200,26429541588.78
2025-11-04,87.160557,300324200,26176424638.4
2025-11-05,87.399072,300274200,26243686538.59
2025-11-06,88.22512,300474200,26509372423.74
2025-11-07,89.518048,303474200,27166417974.27
2025-11-10,90.347186,304924200,27549043327.48
2025-11-11,91.524191,304724200,27889635964.57
2025-11-12,90.225146,305724200,27584010466.11
2025-11-13,90.489384,305824200,27673843452.77
2025-11-14,92.007752,306424200,28193401884.73
2025-11-17,90.318966,306624200,27693980662.98
2025-11-18,91.041233,304524200,27724258712.74
2025-11-19,89.890294,304424200,27364780934.92
2025-11-20,88.859612,303974200,27011029459.42
2025-11-21,89.39084,299474200,26770250276.08
2025-11-24,89.160921,299674200,26719227554.21
2025-11-25,88.612859,300224200,26603724566.92
2025-11-26,89.254255,301674200,26925705973.87
2025-11-28,90.469555,300624200,27197337712.92
2025-12-01,91.318507,301574200,27539305761.05
2025-12-02,90.136783,302424200,27259544358.55
2025-12-03,91.81056,303524200,27866726750.77
2025-12-04,92.232011,301474200,27805571706.02
2025-12-05,45.931501,602248400,27662173158.8
2025-12-08,45.425535,602548400,27371083546.06
2025-12-09,45.688119,602498400,27527018616.52
2025-12-10,46.186558,603848400,27889679387.24
2025-12-11,45.965348,605648400,27838839671.12
2025-12-12,45.537146,606048400,27597714327.38
2025-12-15,45.199292,604698400,27331939601.28
2025-12-16,43.824158,595998400,26119128128.19
2025-12-17,44.781873,591798400,26501840919.98
2025-12-18,44.113413,590248400,26037871444.07
2025-12-19,44.145733,592248400,26145239849.26
2025-12-22,44.229233,593898400,26267670692.68
2025-12-23,44.497755,590598400,26280302686.08
2025-12-24,44.339267,592048400,26250992313.38
2025-12-26,44.203583,592798400,26203813432.06
2025-12-29,44.611764,592398400,26427937392.33
2025-12-30,44.962134,592348400,26633248078.53
2025-12-31,44.721831,592198400,26484196626.9
2026-01-02,45.657477,591948400,27026870417.24
2026-01-05,46.880115,592998400,27799833132.15
2026-01-06,45.618856,600348400,27387206976.84
2026-01-07,45.12914,603348400,27228594248.47
2026-01-08,46.547387,602198400,28030761702.34
2026-01-09,46.652411,601698400,28070680955.15
2026-01-12,46.332775,601998400,27892256475.15
2026-01-13,47.023307,603098400,28359681061.05
2026-01-14,48.048594,608298400,29227882968.91
2026-01-15,47.604675,611748400,29122083515.81
2026-01-16,47.700053,614998400,29335456241.19
2026-01-20,47.602263,616648400,29353859024.28
2026-01-21,48.759753,615698400,30021301787.05
2026-01-22,48.91292,616698400,30164519507.89
2026-01-23,49.187714,619598400,30476628857.48
2026-01-26,49.211718,621198400,30570240763.01
2026-01-27,49.661981,627398400,31157847298.49
2026-01-28,50.036894,630248400,31535672678.79
2026-01-29,50.515197,631898400,31920472231.4
2026-01-30,51.004666,646798400,32989736180.69
2026-02-02,50.037154,645698400,32308910513.53
2026-02-03,51.66084,650498400,33605294086.39
2026-02-04,52.816178,656798400,34689580951.69
2026-02-05,52.247214,662548400,34616307925.6
2026-02-06,53.245846,664598400,35387104188.6
2026-02-09,53.643529,664198400,35629946016.78
2026-02-10,53.580268,666748400,35724557954.87
2026-02-11,54.98498,666748400,36661147367.77
2026-02-12,53.962386,669498400,36127731242.36
2026-02-13,54.356539,671998400,36527507182.67
2026-02-17,53.734569,672848400,36155218834.57
2026-02-18,54.787356,674398400,36948504930.06
2026-02-19,55.17075,677648400,37386370757.88
2026-02-20,54.88832,684998400,37598411545.45
2026-02-23,55.124394,685498400,37787683715.82
2026-02-24,55.110033,684898400,37744773190.4
2026-02-25,54.859498,679548400,37279684063.32
2026-02-26,55.040776,680648400,37463416178.71
2026-02-27,55.901903,677548400,37876244903.1
2026-03-02,57.044324,684948400,39072418718.28
2026-03-03,56.533063,690598400,39041643001.42
2026-03-04,56.18753,692198400,38892918185.06
2026-03-05,56.505107,689948400,38985608296.58
2026-03-06,56.570179,694348400,39279413265.68
2026-03-09,56.33367,694548400,39126460085.3
2026-03-10,55.616154,693848400,38589179357.28
2026-03-11,57.008738,697998400,39792008143.93
2026-03-12,57.515837,698098400,40151714020.36
2026-03-13,57.688795,699598400,40358988879.05
2026-03-16,57.896687,700098400,40533378085.81
2026-03-17,58.498174,699998400,40948628247.56
2026-03-18,58.441386,703548400,41116343724.11
2026-03-19,59.383667,701098400,41633794088.42
2026-03-20,59.320579,704548400,41794218894.77
2026-03-23,59.617256,695798400,41481591134.33
2026-03-24,60.823416,693698400,42193106589.13
2026-03-25,60.571127,694498400,42066550854.5
2026-03-26,61.535482,692748400,42628606924.9
2026-03-27,62.588684,700848400,43865178905.31
2026-03-30,61.936628,707148400,43798387528.94
2026-03-31,61.244794,711948400,43603133295.53
2026-04-01,58.973311,714448400,42133387766.6
2026-04-02,59.273564,708098400,41971515941.15
2026-04-06,59.673132,692198400,41305646151.15
2026-04-07,60.165627,696098400,41881196527.18
2026-04-08,58.058875,700048400,40644022211.14
2026-04-09,57.353725,687448400,39427726223.76
2026-04-10,56.957408,686848400,39121104690.62
2026-04-13,57.140789,678898400,38792790463.7
2026-04-14,55.924141,681998400,38140174841.18
2026-04-15,55.774082,697848400,38921854230.01
2026-04-16,56.618,698598400,39553244441.78
2026-04-17,54.991737,696048400,38276910709.17
2026-04-20,55.074986,699348400,38516603429.69
2026-04-21,55.847441,700048400,39095912015.79
2026-04-22,56.528136,702148400,39691140488.16
2026-04-23,56.960983,700948400,39926709714.16
2026-04-24,56.912024,698198400,39735884335.61
2026-04-27,56.787211,699348400,39714045301.53
2026-04-28,57.718932,693198400,40010671166.55
2026-04-29,59.050889,692348400,40883788622.02
2026-04-30,59.628897,694198400,41394284570.42
2026-05-01,58.828566,698598400,41097542397.84
2026-05-04,59.384949,708848400,42094926174.75
2026-05-05,59.434474,712548400,42349939323.88
2026-05-06,57.004995,717548400,40903843106.82
2026-05-07,55.970737,714598400,39996599399.84
2026-05-08,55.720926,711598400,39650922037.02
2026-05-11,57.174258,708848400,40527881066.83
2026-05-12,57.576759,709098400,40827587710.57
2026-05-13,57.63733,704198400,40588115343.7
2026-05-14,58.086804,703498400,40863973331.48
2026-05-15,59.451689,701998400,41734990399.0
2026-05-18,60.551708,696598400,42180222642.27
2026-05-19,61.255158,692748400,42434412630.21
2026-05-20,59.783006,694448400,41516213003.33
2026-05-21,59.150021,694148400,41058892438.23
2026-05-22,59.469967,690598400,41069863714.05
2026-05-26,57.858186,691148400,39988592752.75
2026-05-27,56.95953,688548400,39219393393.67
2026-05-28,56.914166,684348400,38949118678.99
2026-05-29,56.303461,686848400,38671942105.81
2026-06-01,57.295245,682898400,39126831112.89
2026-06-02,57.9273,685698400,39720657217.35
2026-06-03,58.703149,687498400,40358320911.44
2026-06-04,58.751901,682548400,40101015839.68
2026-06-05,57.655836,678498400,39119392159.88
2026-06-08,58.310709,674798400,39347973152.65
2026-06-09,57.388136,676298400,38811504402.99
2026-06-10,58.247075,676598400,39409877476.97
2026-06-11,57.104629,678098400,38722557792.99
2026-06-12,57.563289,679148400,39094015652.32
2026-06-15,55.548592,680248400,37786840884.4
2026-06-16,55.346092,676798400,37458146395.25
2026-06-17,54.679163,673698400,36837264877.84
2026-06-18,53.757752,678998400,36501427706.28
2026-06-22,54.079908,671198400,36298347979.91
2026-06-23,54.440957,672098400,36589679899.05
2026-06-24,53.529347,667998400,35757517981.32
2026-06-25,54.097191,673448400,36431667005.93
2026-06-26,53.894495,674498400,36351750521.43
2026-06-29,53.571111,672798400,36042557901.72
2026-06-30,53.176667,671748400,35721340670.48
2026-07-01,52.816962,671298400,35455941954.06
2026-07-02,53.248978,665198400,35421134769.01
2026-07-06,53.14601,664098400,35294180300.88
2026-07-07,54.668924,663998400,36300077850.59
2026-07-08,55.620952,663198400,36887726104.83
2026-07-09,54.809051,662798400,36327351473.59
2026-07-10,55.082886,661498400,36437240929.71
2026-07-13,56.740635,661998400,37562209539.32
2026-07-14,56.958966,661598400,37683960586.04
2026-07-15,56.4719,663398400,37463368156.88
2026-07-16,57.011712,662348400,37761616249.76
2026-07-17,57.683212,661748400,38171773398.72
2026-07-20,57.941463,660898400,38293419922.46
2026-07-21,58.521188,664298400,38875531835.6
2026-07-22,59.187714,666848400,39469232274.69
2026-07-23,59.405349,665598400,39540105252.44
2026-07-24,59.600761,664248400,39589710396.31
2026-07-27,58.371612,662848400,38691529765.08
2026-07-28,57.518686,662798400,38123293328.57
2026-07-29,58.604496,654398400,38350688534.81
2026-07-30,58.932445,655698400,38641909742.76
2026-07-31,59.534413,658598400,39209269021.04
