date,nav,shares_outstanding,total_net_assets
2003-12-01,27.38,,
2003-12-02,27.31,,
2003-12-03,27.27,,
2003-12-04,27.32,,
2003-12-05,27.1,,
2003-12-08,27.38,,
2003-12-09,27.12,,
2003-12-10,27.02,,
2003-12-11,27.27,,
2003-12-12,27.38,,
2003-12-15,27.24,,
2003-12-16,27.5,,
2003-12-17,27.44,,
2003-12-18,27.68,,
2003-12-19,27.6,,
2003-12-22,27.73,,
2003-12-23,27.79,,
2003-12-24,27.74,,
2003-12-26,27.77,,
2003-12-29,28.13,,
2003-12-30,28.18,,
2003-12-31,28.22,,
2004-01-02,28.08,,
2004-01-05,28.31,,
2004-01-06,28.33,,
2004-01-07,28.38,,
2004-01-08,28.45,,
2004-01-09,28.34,,
2004-01-12,28.45,,
2004-01-13,28.29,,
2004-01-14,28.56,,
2004-01-15,28.79,,
2004-01-16,28.89,,
2004-01-20,28.87,,
2004-01-21,29.28,,
2004-01-22,29.29,,
2004-01-23,29.16,,
2004-01-26,29.53,,
2004-01-27,29.27,,
2004-01-28,28.82,,
2004-01-29,29.01,,
2004-01-30,29.11,,
2004-02-02,29.25,,
2004-02-03,29.25,,
2004-02-04,29.03,,
2004-02-05,29.02,,
2004-02-06,29.46,,
2004-02-09,29.38,,
2004-02-10,29.46,,
2004-02-11,29.93,,
2004-02-12,29.84,,
2004-02-13,29.8,,
2004-02-17,30.04,,
2004-02-18,29.9,,
2004-02-19,29.83,,
2004-02-20,29.74,,
2004-02-23,29.74,,
2004-02-24,29.59,,
2004-02-25,29.75,,
2004-02-26,29.78,,
2004-02-27,29.87,,
2004-03-01,30.08,,
2004-03-02,29.96,,
2004-03-03,30.15,,
2004-03-04,30.23,,
2004-03-05,30.42,,
2004-03-08,30.28,,
2004-03-09,30.07,,
2004-03-10,29.63,,
2004-03-11,29.19,,
2004-03-12,29.55,,
2004-03-15,29.13,,
2004-03-16,29.4,,
2004-03-17,29.76,,
2004-03-18,29.79,,
2004-03-19,29.3,,
2004-03-22,28.94,,
2004-03-23,28.91,,
2004-03-24,28.68,,
2004-03-25,29.03,,
2004-03-26,28.99,,
2004-03-29,29.38,,
2004-03-30,29.5,,
2004-03-31,29.44,,
2004-04-01,29.73,,
2004-04-02,29.59,,
2004-04-05,29.74,,
2004-04-06,29.72,,
2004-04-07,29.6,,
2004-04-08,29.56,,
2004-04-12,29.69,,
2004-04-13,29.08,,
2004-04-14,28.74,,
2004-04-15,28.58,,
2004-04-16,28.91,,
2004-04-19,28.81,,
2004-04-20,28.33,,
2004-04-21,28.32,,
2004-04-22,28.75,,
2004-04-23,28.62,,
2004-04-26,28.55,,
2004-04-27,28.62,,
2004-04-28,28.18,,
2004-04-29,28.16,,
2004-04-30,28.08,,
2004-05-03,28.29,,
2004-05-04,28.39,,
2004-05-05,28.41,,
2004-05-06,28.11,,
2004-05-07,27.51,,
2004-05-10,27.21,,
2004-05-11,27.39,,
2004-05-12,27.68,,
2004-05-13,27.71,,
2004-05-14,27.73,,
2004-05-17,27.38,,
2004-05-18,27.63,,
2004-05-19,27.6,,
2004-05-20,27.73,,
2004-05-21,27.87,,
2004-05-24,27.92,,
2004-05-25,28.35,,
2004-05-26,28.51,,
2004-05-27,28.51,,
2004-05-28,28.59,,
2004-06-01,28.5,,
2004-06-02,28.64,,
2004-06-03,28.43,,
2004-06-04,28.63,,
2004-06-07,29.08,,
2004-06-08,29.03,,
2004-06-09,28.75,,
2004-06-10,28.86,,
2004-06-14,28.48,,
2004-06-15,28.57,,
2004-06-16,28.6,,
2004-06-17,28.61,,
2004-06-18,28.55,,
2004-06-21,28.43,,
2004-06-22,28.54,,
2004-06-23,28.66,,
2004-06-24,28.65,,
2004-06-25,28.55,,
2004-06-28,28.56,,
2004-06-29,28.47,,
2004-06-30,28.58,,
2004-07-01,28.38,,
2004-07-02,28.45,,
2004-07-06,28.25,,
2004-07-07,28.22,,
2004-07-08,28.01,,
2004-07-09,27.97,,
2004-07-12,28.14,,
2004-07-13,28.14,,
2004-07-14,28.02,,
2004-07-15,27.79,,
2004-07-16,27.73,,
2004-07-19,27.84,,
2004-07-20,27.97,,
2004-07-21,27.69,,
2004-07-22,27.7,,
2004-07-23,27.56,,
2004-07-26,27.58,,
2004-07-27,27.82,,
2004-07-28,27.86,,
2004-07-29,28.01,,
2004-07-30,27.99,,
2004-08-02,28.11,,
2004-08-03,27.99,,
2004-08-04,28.04,,
2004-08-05,27.57,,
2004-08-06,27.32,,
2004-08-09,27.34,,
2004-08-10,27.7,,
2004-08-11,27.76,,
2004-08-12,27.51,,
2004-08-13,27.49,,
2004-08-16,27.93,,
2004-08-17,28.1,,
2004-08-18,28.44,,
2004-08-19,28.34,,
2004-08-20,28.58,,
2004-08-23,28.48,,
2004-08-24,28.57,,
2004-08-25,28.8,,
2004-08-26,28.85,,
2004-08-27,28.88,,
2004-08-30,28.74,,
2004-08-31,28.92,,
2004-09-01,28.76,,
2004-09-02,29.09,,
2004-09-03,29.08,,
2004-09-07,29.42,,
2004-09-08,29.2,,
2004-09-09,29.16,,
2004-09-10,29.29,,
2004-09-13,29.24,,
2004-09-14,29.28,,
2004-09-15,29.14,,
2004-09-16,29.33,,
2004-09-17,29.2,,
2004-09-20,28.92,,
2004-09-21,29.15,,
2004-09-22,28.62,,
2004-09-23,28.35,,
2004-09-24,28.49,,
2004-09-27,28.3,,
2004-09-28,28.46,,
2004-09-29,28.55,,
2004-09-30,28.51,,
2004-10-01,28.93,,
2004-10-04,28.97,,
2004-10-05,28.83,,
2004-10-06,29.03,,
2004-10-07,28.94,,
2004-10-08,28.84,,
2004-10-11,28.92,,
2004-10-12,28.93,,
2004-10-13,28.72,,
2004-10-14,28.0,,
2004-10-15,28.09,,
2004-10-18,28.22,,
2004-10-19,27.73,,
2004-10-20,27.56,,
2004-10-21,27.58,,
2004-10-22,27.4,,
2004-10-25,27.4,,
2004-10-26,28.06,,
2004-10-27,28.4,,
2004-10-28,28.6,,
2004-10-29,28.65,,
2004-11-01,28.71,,
2004-11-02,28.85,,
2004-11-03,29.02,,
2004-11-04,29.5,,
2004-11-05,29.45,,
2004-11-08,29.4,,
2004-11-09,29.36,,
2004-11-10,29.42,,
2004-11-11,29.69,,
2004-11-12,29.87,,
2004-11-15,29.94,,
2004-11-16,29.67,,
2004-11-17,29.75,,
2004-11-18,29.67,,
2004-11-19,29.27,,
2004-11-22,29.49,,
2004-11-23,29.56,,
2004-11-24,29.66,,
2004-11-26,29.65,,
2004-11-29,29.54,,
2004-11-30,29.49,,
2004-12-01,30.08,,
2004-12-02,30.04,,
2004-12-03,30.01,,
2004-12-06,30.03,,
2004-12-07,29.74,,
2004-12-08,29.84,,
2004-12-09,29.98,,
2004-12-10,30.01,,
2004-12-13,30.26,,
2004-12-14,30.33,,
2004-12-15,30.48,,
2004-12-16,30.31,,
2004-12-17,29.97,,
2004-12-20,29.98,,
2004-12-21,30.32,,
2004-12-22,30.54,,
2004-12-23,30.53,,
2004-12-27,30.39,,
2004-12-28,30.56,,
2004-12-29,30.53,,
2004-12-30,30.54,,
2004-12-31,30.55,,
2005-01-03,30.43,,
2005-01-04,30.16,,
2005-01-05,30.09,,
2005-01-06,30.25,,
2005-01-07,30.1,,
2005-01-10,30.14,,
2005-01-11,29.99,,
2005-01-12,29.92,,
2005-01-13,29.66,,
2005-01-14,29.77,,
2005-01-18,30.22,,
2005-01-19,29.92,,
2005-01-20,29.71,,
2005-01-21,29.53,,
2005-01-24,29.56,,
2005-01-25,29.61,,
2005-01-26,29.7,,
2005-01-27,29.58,,
2005-01-28,29.51,,
2005-01-31,29.88,,
2005-02-01,30.24,,
2005-02-02,30.19,,
2005-02-03,30.09,,
2005-02-04,30.46,,
2005-02-07,30.43,,
2005-02-08,30.32,,
2005-02-09,30.25,,
2005-02-10,30.36,,
2005-02-11,30.57,,
2005-02-14,30.54,,
2005-02-15,30.61,,
2005-02-16,30.42,,
2005-02-17,30.13,,
2005-02-18,29.81,,
2005-02-22,29.36,,
2005-02-23,29.6,,
2005-02-24,29.69,,
2005-02-25,29.96,,
2005-02-28,29.72,,
2005-03-01,29.98,,
2005-03-02,29.89,,
2005-03-03,29.82,,
2005-03-04,30.18,,
2005-03-07,30.25,,
2005-03-08,30.19,,
2005-03-09,29.82,,
2005-03-10,29.97,,
2005-03-11,29.66,,
2005-03-14,29.88,,
2005-03-15,29.65,,
2005-03-16,29.41,,
2005-03-17,29.29,,
2005-03-18,29.03,,
2005-03-21,28.75,,
2005-03-22,28.2,,
2005-03-23,28.23,,
2005-03-24,28.12,,
2005-03-28,28.3,,
2005-03-29,28.2,,
2005-03-30,28.5,,
2005-03-31,28.44,,
2005-04-01,28.03,,
2005-04-04,28.22,,
2005-04-05,28.27,,
2005-04-06,28.48,,
2005-04-07,28.55,,
2005-04-08,28.35,,
2005-04-11,28.39,,
2005-04-12,28.73,,
2005-04-13,28.34,,
2005-04-14,28.02,,
2005-04-15,27.71,,
2005-04-18,27.95,,
2005-04-19,28.03,,
2005-04-20,27.65,,
2005-04-21,27.85,,
2005-04-22,27.72,,
2005-04-25,28.08,,
2005-04-26,27.94,,
2005-04-27,28.3,,
2005-04-28,28.02,,
2005-04-29,28.46,,
2005-05-02,28.53,,
2005-05-03,28.56,,
2005-05-04,29.1,,
2005-05-05,28.96,,
2005-05-06,28.79,,
2005-05-09,29.03,,
2005-05-10,28.63,,
2005-05-11,28.79,,
2005-05-12,28.49,,
2005-05-13,28.23,,
2005-05-16,28.71,,
2005-05-17,28.91,,
2005-05-18,29.23,,
2005-05-19,29.27,,
2005-05-20,29.26,,
2005-05-23,29.25,,
2005-05-24,29.2,,
2005-05-25,29.07,,
2005-05-26,29.31,,
2005-05-27,29.35,,
2005-05-31,29.23,,
2005-06-01,29.52,,
2005-06-02,29.46,,
2005-06-03,29.26,,
2005-06-06,29.33,,
2005-06-07,29.32,,
2005-06-08,29.35,,
2005-06-09,29.43,,
2005-06-10,29.35,,
2005-06-13,29.36,,
2005-06-14,29.42,,
2005-06-15,29.52,,
2005-06-16,29.62,,
2005-06-17,29.59,,
2005-06-20,29.59,,
2005-06-21,29.63,,
2005-06-22,29.65,,
2005-06-23,29.34,,
2005-06-24,29.29,,
2005-06-27,29.28,,
2005-06-28,29.54,,
2005-06-29,29.65,,
2005-06-30,29.47,,
2005-07-01,29.51,,
2005-07-05,29.73,,
2005-07-06,29.54,,
2005-07-07,29.6,,
2005-07-08,29.86,,
2005-07-11,29.99,,
2005-07-12,30.05,,
2005-07-13,30.14,,
2005-07-14,30.28,,
2005-07-15,30.35,,
2005-07-18,30.04,,
2005-07-19,30.06,,
2005-07-20,30.15,,
2005-07-21,29.99,,
2005-07-22,30.16,,
2005-07-25,30.05,,
2005-07-26,30.08,,
2005-07-27,30.11,,
2005-07-28,30.2,,
2005-07-29,29.93,,
2005-08-01,29.93,,
2005-08-02,30.13,,
2005-08-03,30.19,,
2005-08-04,30.0,,
2005-08-05,29.64,,
2005-08-08,29.52,,
2005-08-09,29.68,,
2005-08-10,29.65,,
2005-08-11,29.82,,
2005-08-12,29.68,,
2005-08-15,29.84,,
2005-08-16,29.7,,
2005-08-17,29.69,,
2005-08-18,29.71,,
2005-08-19,29.75,,
2005-08-22,29.83,,
2005-08-23,29.66,,
2005-08-24,29.35,,
2005-08-25,29.45,,
2005-08-26,29.18,,
2005-08-29,29.35,,
2005-08-30,29.17,,
2005-08-31,29.4,,
2005-09-01,29.49,,
2005-09-02,29.46,,
2005-09-06,29.79,,
2005-09-07,29.81,,
2005-09-08,29.64,,
2005-09-09,29.86,,
2005-09-12,29.91,,
2005-09-13,29.74,,
2005-09-14,29.67,,
2005-09-15,29.69,,
2005-09-16,29.94,,
2005-09-19,29.7,,
2005-09-20,29.55,,
2005-09-21,29.07,,
2005-09-22,29.21,,
2005-09-23,29.28,,
2005-09-26,29.21,,
2005-09-27,29.22,,
2005-09-28,29.11,,
2005-09-29,29.57,,
2005-09-30,29.5,,
2005-10-03,29.45,,
2005-10-04,29.15,,
2005-10-05,29.01,,
2005-10-06,29.08,,
2005-10-07,29.11,,
2005-10-10,28.93,,
2005-10-11,28.76,,
2005-10-12,28.61,,
2005-10-13,28.73,,
2005-10-14,29.03,,
2005-10-17,29.09,,
2005-10-18,28.92,,
2005-10-19,29.49,,
2005-10-20,29.19,,
2005-10-21,29.33,,
2005-10-24,29.89,,
2005-10-25,29.77,,
2005-10-26,29.9,,
2005-10-27,29.79,,
2005-10-28,30.29,,
2005-10-31,30.42,,
2005-11-01,30.29,,
2005-11-02,30.6,,
2005-11-03,30.55,,
2005-11-04,30.67,,
2005-11-07,30.89,,
2005-11-08,30.77,,
2005-11-09,30.92,,
2005-11-10,31.48,,
2005-11-11,31.64,,
2005-11-14,31.65,,
2005-11-15,31.35,,
2005-11-16,31.23,,
2005-11-17,31.58,,
2005-11-18,31.73,,
2005-11-21,31.9,,
2005-11-22,32.14,,
2005-11-23,32.41,,
2005-11-25,32.45,,
2005-11-28,32.26,,
2005-11-29,32.25,,
2005-11-30,31.83,,
2005-12-01,32.08,,
2005-12-02,32.1,,
2005-12-05,32.04,,
2005-12-06,31.97,,
2005-12-07,31.71,,
2005-12-08,31.66,,
2005-12-09,31.89,,
2005-12-12,31.79,,
2005-12-13,32.13,,
2005-12-14,32.25,,
2005-12-15,32.11,,
2005-12-16,31.95,,
2005-12-19,31.74,,
2005-12-20,31.79,,
2005-12-21,31.94,,
2005-12-22,32.12,,
2005-12-23,32.17,,
2005-12-27,31.92,,
2005-12-28,31.86,,
2005-12-29,31.81,,
2005-12-30,31.69,,
2006-01-03,32.22,,
2006-01-04,32.17,,
2006-01-05,32.29,,
2006-01-06,32.46,,
2006-01-09,32.59,,
2006-01-10,32.59,,
2006-01-11,32.74,,
2006-01-12,32.52,,
2006-01-13,32.52,,
2006-01-17,32.22,,
2006-01-18,32.11,,
2006-01-19,32.01,,
2006-01-20,31.32,,
2006-01-23,31.45,,
2006-01-24,31.54,,
2006-01-25,31.6,,
2006-01-26,32.11,,
2006-01-27,32.18,,
2006-01-30,32.1,,
2006-01-31,31.97,,
2006-02-01,31.97,,
2006-02-02,31.72,,
2006-02-03,31.57,,
2006-02-06,31.65,,
2006-02-07,31.46,,
2006-02-08,31.68,,
2006-02-09,31.75,,
2006-02-10,31.89,,
2006-02-13,31.79,,
2006-02-14,32.2,,
2006-02-15,32.35,,
2006-02-16,32.56,,
2006-02-17,32.44,,
2006-02-21,32.35,,
2006-02-22,32.93,,
2006-02-23,32.82,,
2006-02-24,32.89,,
2006-02-27,32.93,,
2006-02-28,32.61,,
2006-03-01,32.78,,
2006-03-02,32.59,,
2006-03-03,32.51,,
2006-03-06,32.43,,
2006-03-07,32.53,,
2006-03-08,32.56,,
2006-03-09,32.36,,
2006-03-10,32.62,,
2006-03-13,32.63,,
2006-03-14,33.01,,
2006-03-15,33.06,,
2006-03-16,33.17,,
2006-03-17,33.08,,
2006-03-20,33.1,,
2006-03-21,32.8,,
2006-03-22,33.04,,
2006-03-23,32.88,,
2006-03-24,32.88,,
2006-03-27,32.88,,
2006-03-28,32.56,,
2006-03-29,32.71,,
2006-03-30,32.55,,
2006-03-31,32.52,,
2006-04-03,32.57,,
2006-04-04,32.92,,
2006-04-05,33.02,,
2006-04-06,32.92,,
2006-04-07,32.59,,
2006-04-10,32.64,,
2006-04-11,32.36,,
2006-04-12,32.42,,
2006-04-13,32.47,,
2006-04-17,32.46,,
2006-04-18,33.02,,
2006-04-19,33.08,,
2006-04-20,33.14,,
2006-04-21,33.11,,
2006-04-24,33.09,,
2006-04-25,32.89,,
2006-04-26,33.11,,
2006-04-27,33.61,,
2006-04-28,33.93,,
2006-05-01,33.42,,
2006-05-02,33.64,,
2006-05-03,33.61,,
2006-05-04,33.69,,
2006-05-05,34.16,,
2006-05-08,34.01,,
2006-05-09,34.07,,
2006-05-10,34.08,,
2006-05-11,33.55,,
2006-05-12,33.22,,
2006-05-15,33.42,,
2006-05-16,33.38,,
2006-05-17,32.71,,
2006-05-18,32.44,,
2006-05-19,32.58,,
2006-05-22,32.5,,
2006-05-23,32.35,,
2006-05-24,32.37,,
2006-05-25,32.67,,
2006-05-26,32.93,,
2006-05-30,32.44,,
2006-05-31,32.678825,68113274,2225861792.98
2006-06-01,33.095869,67163274,2222826920.71
2006-06-02,33.225624,66613274,2213267591.12
2006-06-05,32.693431,65613274,2145123055.11
2006-06-06,32.609993,65913274,2149431418.1
2006-06-07,32.720307,59263274,1939112501.53
2006-06-08,32.827697,59263274,1945476790.09
2006-06-09,32.733579,57213274,1872795236.35
2006-06-12,32.32432,56113274,1813823422.66
2006-06-13,31.705882,54463274,1726806141.35
2006-06-14,31.519707,48313274,1522820255.41
2006-06-15,32.213546,43463274,1400106189.2
2006-06-16,31.804278,46613274,1482501506.11
2006-06-19,31.606746,46013274,1454329848.81
2006-06-20,31.698888,46413274,1471249184.42
2006-06-21,31.939135,56413274,1801791165.98
2006-06-22,31.819437,60413274,1922316342.71
2006-06-23,31.6344,60413274,1911137698.07
2006-06-26,31.881368,61813274,1970691705.33
2006-06-27,31.570655,61813274,1951485521.21
2006-06-28,31.734118,61963274,1966349875.54
2006-06-29,32.42841,61763274,2002884779.63
2006-06-30,32.283489,62363274,2013304065.53
2006-07-03,32.662776,64513274,2107182606.17
2006-07-05,32.414836,65963274,2138188684.67
2006-07-06,32.509465,65963274,2144430737.46
2006-07-07,32.367515,65963274,2135067270.21
2006-07-10,32.538448,64413274,2095907955.24
2006-07-11,32.580247,63513274,2069278153.03
2006-07-12,32.232893,61613274,1985974084.0
2006-07-13,31.782264,61613274,1958209314.15
2006-07-14,31.643422,59763274,1891114494.44
2006-07-17,31.660616,57963274,1835152933.48
2006-07-18,31.724893,57963274,1838878666.07
2006-07-19,32.578723,58463274,1904658823.03
2006-07-20,32.477031,63613274,2065970286.7
2006-07-21,32.288739,64613274,2086281136.64
2006-07-24,32.678601,60913274,1990560547.68
2006-07-25,32.752666,60963274,1996709751.03
2006-07-26,32.723061,62513274,2045625651.47
2006-07-27,32.574659,62513274,2036348567.26
2006-07-28,33.176733,62513274,2073986196.1
2006-07-31,33.07687,64013274,2117358721.37
2006-08-01,32.995821,62513274,2062676801.53
2006-08-02,33.048809,62314719,2059427264.92
2006-08-03,33.181474,62314719,2067694198.94
2006-08-04,33.267267,64564719,2147891745.81
2006-08-07,33.140522,65914719,2184448181.01
2006-08-08,32.966629,66614719,2196062732.6
2006-08-09,32.565349,65564719,2135137988.57
2006-08-10,32.735759,64914719,2125032623.11
2006-08-11,32.629746,61364719,2002315204.94
2006-08-14,32.649042,63264719,2065532450.27
2006-08-15,33.206357,61764719,2050981295.19
2006-08-16,33.383791,63864719,2132046412.89
2006-08-17,33.482224,64364719,2155073944.67
2006-08-18,33.528372,64364719,2158044221.94
2006-08-21,33.401023,66314719,2214979421.47
2006-08-22,33.371446,61464719,2051166533.02
2006-08-23,33.334962,59764719,1992254658.91
2006-08-24,33.414847,59414719,1985333721.45
2006-08-25,33.247174,58614719,1948773760.95
2006-08-28,33.45394,58614719,1960893270.3
2006-08-29,33.364514,55614719,1855558098.36
2006-08-30,33.422492,52114719,1741803786.77
2006-08-31,33.452175,51464719,1721606772.16
2006-09-01,33.517994,52214719,1750132620.35
2006-09-05,33.624291,52214719,1755682898.03
2006-09-06,33.514228,57564719,1929237130.56
2006-09-07,33.265752,58464719,1944872872.08
2006-09-08,33.449941,59564719,1992436337.15
2006-09-11,33.499116,59564719,1995365456.75
2006-09-12,33.904154,59814719,2027967461.18
2006-09-13,34.138603,62064719,2118802771.22
2006-09-14,34.179786,62814719,2146993674.73
2006-09-15,34.151822,60864719,2078641060.01
2006-09-18,34.086853,62064719,2115590928.21
2006-09-19,34.141782,59064719,2016574744.43
2006-09-20,34.387623,60914719,2094712375.14
2006-09-21,34.213779,55364719,1894236235.35
2006-09-22,34.204674,54064719,1849266086.11
2006-09-25,34.551547,55564719,1919846984.27
2006-09-26,34.711134,55664719,1932185511.52
2006-09-27,34.602294,56914719,1969379826.74
2006-09-28,34.706324,57216265,1985766252.22
2006-09-29,34.639269,56966265,1973269760.23
2006-10-02,34.517947,56366265,1945647733.48
2006-10-03,34.878023,56366265,1965943890.03
2006-10-04,35.289454,58266265,2056184698.9
2006-10-05,35.300374,61616265,2175077195.85
2006-10-06,35.158318,64216265,2257735843.9
2006-10-09,35.259802,63566265,2241333897.84
2006-10-10,35.268757,63566265,2241903158.55
2006-10-11,35.178095,63916265,2248452456.14
2006-10-12,35.364383,63916265,2260359266.53
2006-10-13,35.448515,63916265,2265736686.28
2006-10-16,35.366437,63916265,2260490572.46
2006-10-17,35.310441,62916265,2221601092.04
2006-10-18,35.390914,63016265,2230203236.26
2006-10-19,35.127812,63016265,2213623483.25
2006-10-20,35.135428,67566265,2373969662.12
2006-10-23,35.367224,64816265,2292371350.67
2006-10-24,35.345493,63166265,2232642800.32
2006-10-25,35.451708,63416265,2248214895.16
2006-10-26,35.742621,63416265,2266663505.95
2006-10-27,35.411017,68216265,2415607309.65
2006-10-30,35.516614,69116265,2454775699.3
2006-10-31,35.471277,68066265,2414397309.11
2006-11-01,35.176579,70966265,2496350422.81
2006-11-02,35.151868,69466265,2441869009.82
2006-11-03,35.059619,69166265,2424942896.26
2006-11-06,35.525282,69166265,2457151081.73
2006-11-07,35.602315,70066265,2494521268.35
2006-11-08,35.708876,71466265,2551980013.84
2006-11-09,35.485818,71466265,2536038839.75
2006-11-10,35.693748,71466265,2550898869.17
2006-11-13,35.748782,68816265,2460097689.25
2006-11-14,35.937593,65016265,2336528063.37
2006-11-15,35.933023,66266265,2381147257.08
2006-11-16,36.158654,65916265,2383443402.7
2006-11-17,36.082049,68416265,2468598996.03
2006-11-20,36.185908,68016265,2461230290.26
2006-11-21,36.141894,66866265,2416673444.83
2006-11-22,36.18662,68766265,2488418667.42
2006-11-24,36.062216,68816265,2481667015.76
2006-11-27,35.477992,68416265,2427271687.95
2006-11-28,35.520484,64066265,2275664724.44
2006-11-29,35.774702,62816265,2247233138.46
2006-11-30,35.68454,62816265,2241569518.31
2006-12-01,35.531897,62816265,2231981030.66
2006-12-04,35.97124,62516265,2248787594.75
2006-12-05,36.133916,62316265,2251730659.31
2006-12-06,36.216914,62266265,2255091973.48
2006-12-07,36.093557,62266265,2247410998.64
2006-12-08,36.200961,62066265,2246858418.21
2006-12-11,36.429167,62066265,2261022321.9
2006-12-12,36.433253,63666265,2319569160.07
2006-12-13,36.47049,65266265,2380292642.99
2006-12-14,36.74852,65266265,2398438659.91
2006-12-15,36.615234,65916265,2413539457.21
2006-12-18,36.782567,65916265,2424569417.03
2006-12-19,36.753046,67916265,2496129590.71
2006-12-20,36.809913,66066265,2431893451.21
2006-12-21,36.699606,63566265,2332856874.65
2006-12-22,36.551424,60816265,2222921112.01
2006-12-26,36.802957,60816265,2238218366.02
2006-12-27,37.105996,62366265,2314162356.01
2006-12-28,36.993123,63068452,2333098984.35
2006-12-29,36.769447,62568452,2300607377.9
2007-01-03,36.884835,61318452,2261720993.75
2007-01-04,36.827875,60418452,2225083203.43
2007-01-05,36.523582,60418452,2206698265.59
2007-01-08,36.665396,59918452,2196933774.67
2007-01-09,36.606271,59918452,2193391107.67
2007-01-10,36.719738,57668452,2117570421.66
2007-01-11,36.903968,57268452,2113433093.99
2007-01-12,36.983698,57268452,2117999153.19
2007-01-16,37.078224,58518452,2169760299.15
2007-01-17,36.984198,60118452,2223432708.79
2007-01-18,36.87223,60118452,2216701372.51
2007-01-19,36.955358,60118452,2221698907.32
2007-01-22,36.927881,61568452,2273592467.3
2007-01-23,36.923395,61918452,2286239453.26
2007-01-24,37.264868,64368452,2398681863.78
2007-01-25,36.767876,64368452,2366691289.4
2007-01-26,36.814371,61518452,2264763139.4
2007-01-29,36.641579,60768452,2226652033.3
2007-01-30,36.829412,59718452,2199395457.69
2007-01-31,37.085465,59268452,2197998072.78
2007-02-01,37.320405,59568452,2223118758.43
2007-02-02,37.401146,62168452,2325171340.84
2007-02-05,37.36283,62168452,2322789332.31
2007-02-06,37.543298,61368452,2303974103.58
2007-02-07,37.698856,61468452,2317290349.53
2007-02-08,37.530782,62468452,2344489883.88
2007-02-09,37.167409,56218452,2089494222.42
2007-02-12,37.061588,53818452,1994597287.59
2007-02-13,37.40888,52168452,1951563357.58
2007-02-14,37.704558,51968452,1959447528.82
2007-02-15,37.724366,55918452,2109488158.94
2007-02-16,37.759816,56568452,2136014317.76
2007-02-20,37.930979,57368452,2176041547.6
2007-02-21,37.821056,57818452,2186754917.34
2007-02-22,37.730517,59818452,2256981138.01
2007-02-23,37.326598,59168452,2208557008.64
2007-02-26,37.047303,56968452,2110527518.02
2007-02-27,35.761216,53368452,1908520751.5
2007-02-28,35.976245,53268452,1916398862.21
2007-03-01,35.90846,49818452,1788903893.65
2007-03-02,35.542627,53918452,1916403445.32
2007-03-05,34.983072,53318452,1865243262.59
2007-03-06,35.710589,56768452,2027234872.03
2007-03-07,35.481541,61568452,2184543582.57
2007-03-08,35.808071,64868452,2322814121.52
2007-03-09,35.869056,67168452,2409268979.85
2007-03-12,35.858247,66768452,2394199643.64
2007-03-13,34.72986,73068452,2537657106.36
2007-03-14,34.951238,67818452,2370338871.57
2007-03-15,35.266805,72718452,2564547457.92
2007-03-16,34.885417,73268452,2556000536.69
2007-03-19,35.293827,78118452,2757099154.34
2007-03-20,35.546398,80418452,2858586310.94
2007-03-21,36.402751,78018452,2840086258.3
2007-03-22,36.174261,84768452,3066436067.76
2007-03-23,36.234236,85668452,3104130878.17
2007-03-26,36.100244,79468452,2868830480.88
2007-03-27,35.812638,78668452,2817324774.68
2007-03-28,35.397641,71468452,2529814637.24
2007-03-29,35.600337,66019686,2350323039.12
2007-03-30,35.553895,65419686,2325924623.23
2007-04-02,35.362105,65019686,2299232973.47
2007-04-03,35.797058,64319686,2302455520.94
2007-04-04,35.722515,66769686,2385181139.34
2007-04-05,35.784011,68519686,2451909228.43
2007-04-09,35.777484,67719686,2422840012.4
2007-04-10,35.858303,68969686,2473135871.47
2007-04-11,35.59448,73919686,2631132811.42
2007-04-12,35.605076,72919686,2596310988.01
2007-04-13,35.77843,67419686,2412170490.7
2007-04-16,36.533441,68819686,2514219915.15
2007-04-17,36.590862,78969686,2889568864.5
2007-04-18,36.958191,80369686,2970318198.33
2007-04-19,36.906711,83169686,3069519548.29
2007-04-20,37.163106,78869686,2931042500.18
2007-04-23,37.016489,81169686,3004616768.11
2007-04-24,36.87742,83019686,3061551842.78
2007-04-25,37.382386,83619686,3125903366.3
2007-04-26,37.305008,82169686,3065340761.44
2007-04-27,37.264172,82169686,3061985312.88
2007-04-30,37.012881,84669686,3133869040.16
2007-05-01,37.069133,84669686,3138631842.48
2007-05-02,37.297141,81169686,3027397228.99
2007-05-03,37.552471,77569686,2912933347.63
2007-05-04,37.654988,78169686,2943478597.88
2007-05-07,37.754634,73569686,2777596537.78
2007-05-08,37.670621,72069686,2714909836.88
2007-05-09,37.902376,73419686,2782780527.4
2007-05-10,37.380162,73419686,2744439750.45
2007-05-11,37.709118,74919686,2825155262.88
2007-05-14,37.499955,68019686,2550735178.44
2007-05-15,37.412246,56469686,2112657796.79
2007-05-16,37.817209,57619686,2179015682.76
2007-05-17,37.704356,57619686,2172513157.67
2007-05-18,37.83301,55669686,2106151781.26
2007-05-21,37.830974,56119686,2123062399.25
2007-05-22,37.8877,52319686,1982272577.13
2007-05-23,37.826125,47469686,1795594279.9
2007-05-24,37.484936,46569686,1745661704.77
2007-05-25,37.548288,45769686,1718573354.13
2007-05-29,37.711311,40919686,1543135002.72
2007-05-30,37.97935,43619686,1656647301.26
2007-05-31,37.855171,45369686,1717477219.72
2007-06-01,37.993956,52569686,1997330344.86
2007-06-04,37.941796,54169686,2055295188.5
2007-06-05,37.703693,58169686,2193212011.2
2007-06-06,37.417763,58169686,2176579544.24
2007-06-07,36.783681,57369686,2110268233.28
2007-06-08,37.205153,52769686,1963304223.45
2007-06-11,37.342431,54869686,2048967436.87
2007-06-12,36.920813,55519686,2049831958.02
2007-06-13,37.569477,58969686,2215460254.23
2007-06-14,37.499836,56969686,2136353877.43
2007-06-15,37.45473,58319686,2184348087.85
2007-06-18,37.435259,64519686,2415311127.35
2007-06-19,37.559653,66869686,2511602219.22
2007-06-20,36.934128,58169686,2148446620.99
2007-06-21,37.01023,55669686,2060347866.22
2007-06-22,36.369537,46269686,1682807044.18
2007-06-25,36.157506,53469686,1933330498.28
2007-06-26,36.093292,49619686,1790937794.8
2007-06-27,36.409776,59519686,2167098421.64
2007-06-28,36.354422,61921265,2251111815.57
2007-06-29,36.08552,64021265,2310240622.7
2007-07-02,36.517487,56921265,2078621529.0
2007-07-03,36.738429,57321265,2105893251.12
2007-07-05,36.557108,60821265,2223449568.61
2007-07-06,36.618368,59821265,2190557125.46
2007-07-09,36.51751,59921265,2188175377.65
2007-07-10,35.716596,58871265,2102681190.64
2007-07-11,35.873965,50471265,1810604405.62
2007-07-12,36.643278,50571265,1853096916.04
2007-07-13,36.714428,57971265,2128381848.72
2007-07-16,36.595648,64321265,2353878379.46
2007-07-17,36.635685,62071265,2274023324.7
2007-07-18,36.201716,71321265,2581952174.36
2007-07-19,36.097174,63671265,2298352744.41
2007-07-20,35.442121,60621265,2148546198.1
2007-07-23,35.431075,44171265,1565035412.46
2007-07-24,34.416919,34821265,1198440663.86
2007-07-25,34.708906,42521265,1475866609.19
2007-07-26,33.858826,52721265,1785080114.13
2007-07-27,33.454039,38071265,1273637602.1
2007-07-30,33.864342,51421265,1741347300.86
2007-07-31,33.270525,65671265,2184917481.55
2007-08-01,33.408244,82121265,2743527276.67
2007-08-02,33.504496,79621265,2667670331.36
2007-08-03,32.224197,81721265,2633402107.85
2007-08-06,33.733094,57371265,1935310283.42
2007-08-07,34.039873,71921265,2448190693.07
2007-08-08,34.785031,82471265,2868765489.27
2007-08-09,33.486613,94121265,3151802412.8
2007-08-10,33.445757,81121265,2713162081.47
2007-08-13,33.17804,84721265,2810885504.19
2007-08-14,32.389639,82521265,2672833980.76
2007-08-15,32.075154,64221265,2059906952.14
2007-08-16,33.19993,71421265,2371180964.22
2007-08-17,34.39844,104971265,3610847732.46
2007-08-20,34.122112,156971265,5356191137.23
2007-08-21,34.28341,161521265,5537499797.47
2007-08-22,34.566572,166121265,5742242586.6
2007-08-23,34.412955,159721265,5496480695.8
2007-08-24,34.600408,143621265,4969354391.95
2007-08-27,34.129235,144321265,4925574413.72
2007-08-28,33.027587,123471265,4077957891.4
2007-08-29,33.645339,104371265,3511606592.02
2007-08-30,33.273042,105871265,3522659039.41
2007-08-31,33.775729,105621265,3567435241.37
2007-09-04,34.167769,105771265,3613968183.19
2007-09-05,33.501639,105871265,3546860920.63
2007-09-06,33.434575,97821265,3270612396.86
2007-09-07,32.95092,98571265,3248013824.95
2007-09-10,32.920943,96121265,3164402673.39
2007-09-11,33.358096,83871265,2797785676.34
2007-09-12,33.295354,90521265,3013937605.62
2007-09-13,33.831218,89871265,3040454334.34
2007-09-14,33.816279,102971265,3482105026.35
2007-09-17,33.564097,98971265,3321881185.07
2007-09-18,35.052784,108671265,3809230408.67
2007-09-19,35.260816,149421265,5268715743.53
2007-09-20,34.652226,151421265,5247083933.93
2007-09-21,34.478084,137321265,4734574049.06
2007-09-24,34.054743,131521265,4478922913.31
2007-09-25,33.947257,115071265,3906353806.74
2007-09-26,34.152949,103921265,3549217626.69
2007-09-27,34.420232,103021265,3546015822.04
2007-09-28,34.276335,91021265,3119875342.28
2007-10-01,34.986736,82621265,2890648410.45
2007-10-02,35.279538,94571265,3336430532.89
2007-10-03,35.302928,101621265,3587528213.94
2007-10-04,35.38545,106423087,3765828806.41
2007-10-05,35.817003,104223087,3732958583.91
2007-10-08,35.521626,107873087,3831827424.11
2007-10-09,35.815275,104373087,3738150865.28
2007-10-10,35.472265,101873087,3613669187.14
2007-10-11,35.39225,98423087,3483414529.23
2007-10-12,35.377009,88573087,3133450872.23
2007-10-15,34.729824,83573087,2902478643.9
2007-10-16,34.088247,71873087,2450027510.09
2007-10-17,34.039511,53923087,1835515539.18
2007-10-18,33.675989,47123087,1586916554.12
2007-10-19,32.694118,60623087,1982018380.4
2007-10-22,33.007595,43673087,1441543584.85
2007-10-23,33.216516,50323087,1671557614.16
2007-10-24,32.958136,72123087,2377042515.8
2007-10-25,32.752338,76673087,2511222868.47
2007-10-26,33.583004,92773087,3115598970.12
2007-10-29,33.575129,107573087,3611780223.82
2007-10-30,33.394424,110323087,3684175959.53
2007-10-31,33.658865,109273087,3678008104.63
2007-11-01,32.133826,110873087,3562776521.64
2007-11-02,31.615802,87773087,2775016578.35
2007-11-05,31.173226,76223087,2376119523.51
2007-11-06,31.707414,84773087,2687935354.61
2007-11-07,30.122507,81023087,2440618522.75
2007-11-08,30.258898,75073087,2271628867.02
2007-11-09,30.300811,89573087,2714137206.8
2007-11-12,30.344927,103973087,3155055740.79
2007-11-13,31.834328,119073087,3790611721.4
2007-11-14,31.641794,156373087,4947924963.75
2007-11-15,30.673688,165623087,5080270836.31
2007-11-16,30.441802,147973087,4504567488.98
2007-11-19,29.530183,136723087,4037457769.5
2007-11-20,29.146983,95923087,2795868542.81
2007-11-21,28.502912,92423087,2634327111.33
2007-11-23,29.37699,110373087,3242429094.19
2007-11-26,28.191836,125473087,3537316700.02
2007-11-27,28.93056,112623087,3258249007.54
2007-11-28,30.407314,129173087,3927806671.71
2007-11-29,30.180522,156873087,4734511727.46
2007-11-30,31.051613,147023087,4565304031.89
2007-12-03,30.693237,153773087,4719793738.11
2007-12-04,30.125578,143573087,4325222226.6
2007-12-05,30.776796,151423087,4660317419.25
2007-12-06,31.58426,149473087,4720996801.55
2007-12-07,31.266686,164123087,5131585081.19
2007-12-10,31.904614,158323087,5051236911.92
2007-12-11,30.336586,164173087,4980451000.45
2007-12-12,30.053609,147673087,4438109260.62
2007-12-13,29.90838,140673087,4207304211.8
2007-12-14,29.360932,109873087,3225976244.93
2007-12-17,29.098015,115973087,3374586648.05
2007-12-18,29.126338,137323087,3999718658.4
2007-12-19,29.160739,148223087,4322294739.44
2007-12-20,28.972753,176323087,5108565209.27
2007-12-21,29.300389,151873087,4449940534.37
2007-12-24,29.817486,158273087,4719305585.22
2007-12-26,29.676709,172923087,5131788154.84
2007-12-27,29.033123,174823087,5075660223.06
2007-12-28,28.899997,181123087,5234456681.45
2007-12-31,29.096268,173623087,5051783810.38
2008-01-02,28.398626,177773087,5048511350.79
2008-01-03,28.215103,162523087,4585605580.3
2008-01-04,27.411373,157777404,4324895324.0
2008-01-07,27.530701,163927404,4513036348.79
2008-01-08,26.530793,167277404,4438002143.77
2008-01-09,26.985491,165977404,4478981744.85
2008-01-10,27.613586,161677404,4464492901.03
2008-01-11,27.558603,212077404,5844557019.43
2008-01-14,27.836546,246427404,6859687763.49
2008-01-15,26.80837,258727404,6936059847.18
2008-01-16,27.150823,235127404,6383902562.7
2008-01-17,25.883142,242277404,6270900340.2
2008-01-18,25.425689,230977404,5872759526.06
2008-01-22,25.991649,223577404,5811145442.14
2008-01-23,27.74579,266527404,7395013281.09
2008-01-24,27.906591,302927404,8453671254.12
2008-01-25,27.218891,318477404,8668601855.46
2008-01-28,28.127366,269477404,7579689459.97
2008-01-29,28.536689,250377404,7144942154.5
2008-01-30,28.213921,249577404,7041557185.74
2008-01-31,28.990861,227977404,6609261326.0
2008-02-01,29.547921,202127404,5972444577.56
2008-02-04,28.800699,202627404,5835810909.5
2008-02-05,27.486593,203677404,5598397860.51
2008-02-06,27.20959,202777404,5517489988.93
2008-02-07,27.663706,208427404,5765874522.12
2008-02-08,27.031027,212777404,5751591713.24
2008-02-11,26.520604,206777404,5483861643.02
2008-02-12,26.886165,193177404,5193799653.53
2008-02-13,27.112048,196577404,5329616011.49
2008-02-14,26.590628,187077404,4974505731.94
2008-02-15,26.758008,198577404,5313535731.21
2008-02-19,26.555285,195777404,5198924687.36
2008-02-20,26.970641,174077404,4694979186.28
2008-02-21,26.611477,196477404,5228553831.93
2008-02-22,27.028844,195827404,5292988337.11
2008-02-25,27.341769,199827404,5463634631.39
2008-02-26,27.397553,207827404,5693962371.96
2008-02-27,27.640853,204627404,5656075902.04
2008-02-28,26.807496,216977404,5816620842.12
2008-02-29,25.737125,211377404,5440246734.45
2008-03-03,25.421758,200477404,5096488142.48
2008-03-04,25.216056,196677404,4959428527.37
2008-03-05,25.084619,192027404,4816934317.41
2008-03-06,24.178421,198527404,4800079082.55
2008-03-07,24.259049,193927404,4704494324.86
2008-03-10,23.518816,234877404,5524038340.1
2008-03-11,25.257216,246927404,6236698659.8
2008-03-12,24.733782,280777404,6944686999.88
2008-03-13,24.822006,313327404,7777414774.99
2008-03-14,23.819873,290977404,6931044828.04
2008-03-17,23.453942,278727404,6537256235.41
2008-03-18,25.442335,282477404,7186884739.97
2008-03-19,24.929605,356377404,8884347985.13
2008-03-20,26.459006,334027404,8838033092.02
2008-03-24,26.644937,357677404,9530292026.81
2008-03-25,26.569788,358077404,9514040571.86
2008-03-26,25.650548,343427404,8809101042.73
2008-03-27,25.146853,311277404,7827646966.1
2008-03-28,24.645012,287927404,7095974309.78
2008-03-31,24.85339,269327404,6693698915.76
2008-04-01,26.711217,269577404,7200740565.4
2008-04-02,26.549673,302077404,8020056280.44
2008-04-03,26.651409,306865919,8178409009.42
2008-04-04,26.282103,304465919,8002004554.79
2008-04-07,26.541087,291065919,7725205890.83
2008-04-08,26.096521,296165919,7728900138.26
2008-04-09,25.644031,294265919,7546164458.34
2008-04-10,25.548939,292865919,7482413468.87
2008-04-11,25.086359,284565919,7138722902.13
2008-04-14,24.478696,275615919,6746718384.99
2008-04-15,24.74405,266215919,6587259900.61
2008-04-16,25.557749,270865919,6922723068.29
2008-04-17,25.920567,283215919,7341117211.93
2008-04-18,26.388954,291865919,7702036206.39
2008-04-21,25.94322,295915919,7677011927.34
2008-04-22,25.715988,295565919,7600769763.97
2008-04-23,25.521773,300515919,7669699165.04
2008-04-24,26.489629,303515919,8040024206.72
2008-04-25,26.948889,308715919,8319551134.5
2008-04-28,26.91127,307765919,8282371893.0
2008-04-29,26.739722,304465919,8141334113.94
2008-04-30,26.471284,299765919,7935188791.29
2008-05-01,27.527681,293765919,8086694413.95
2008-05-02,27.612855,302215919,8345044258.61
2008-05-05,27.214762,307365919,8364890304.19
2008-05-06,27.461478,303265919,8328130438.91
2008-05-07,26.472773,306115919,8103737154.96
2008-05-08,26.151191,292065919,7637871739.72
2008-05-09,25.899511,272415919,7055439048.87
2008-05-12,26.342148,277115919,7299828428.55
2008-05-13,25.974166,277865919,7217335473.77
2008-05-14,26.220764,266415919,6985629031.69
2008-05-15,26.543807,275415919,7310587011.5
2008-05-16,26.185611,277865919,7276088937.53
2008-05-19,26.04779,276415919,7200023701.79
2008-05-20,25.476477,285515919,7273939751.52
2008-05-21,24.821911,271565919,6740785170.08
2008-05-22,25.047251,256165919,6416252026.67
2008-05-23,24.583859,252315919,6202899055.41
2008-05-27,24.787521,242115919,6001453537.6
2008-05-28,24.641734,249315919,6143576440.63
2008-05-29,25.044556,247065919,6187656259.28
2008-05-30,24.862982,258715919,6432449110.73
2008-06-02,24.421734,255165919,6231594153.35
2008-06-03,24.27293,251865919,6113523758.81
2008-06-04,24.120853,252615919,6093311557.02
2008-06-05,24.608116,260465919,6409575589.91
2008-06-06,23.395256,280815919,6569760397.07
2008-06-09,22.857318,271865919,6214125883.32
2008-06-10,23.105153,246015919,5684235566.9
2008-06-11,22.359005,296265919,6624211224.97
2008-06-12,22.814011,294815919,6725933510.49
2008-06-13,23.282162,310365919,7225989747.88
2008-06-16,23.526693,317815919,7477157690.49
2008-06-17,22.83967,338815919,7738443783.15
2008-06-18,22.565079,346965919,7829313460.85
2008-06-19,22.762642,351615919,8003707349.27
2008-06-20,21.985626,346065919,7608475877.09
2008-06-23,21.386704,354765919,7587273831.48
2008-06-24,21.705048,370065919,8032298541.47
2008-06-25,21.790254,367115919,7999549059.71
2008-06-26,20.839103,376665919,7849380014.02
2008-06-27,20.558,374765919,7704437845.11
2008-06-30,20.120788,379115919,7628111133.48
2008-07-01,20.342242,372815919,7583911530.3
2008-07-02,20.052093,382165919,7663226707.31
2008-07-03,19.987009,370615919,7407503676.2
2008-07-07,19.357233,373419586,7228369881.52
2008-07-08,20.463267,363919586,7446983480.54
2008-07-09,19.408644,390219586,7573632995.87
2008-07-10,19.228619,394819586,7591835534.91
2008-07-11,18.736569,387319586,7257040107.22
2008-07-14,17.800214,386719586,6883691254.71
2008-07-15,17.277137,373319586,6449893668.64
2008-07-16,19.395165,396019586,7680865181.0
2008-07-17,20.64746,397919586,8216028705.63
2008-07-18,20.873529,437619586,9134664938.23
2008-07-21,20.700803,442819586,9166720845.5
2008-07-22,22.060878,421219586,9292474075.54
2008-07-23,22.475388,374519586,8417473144.9
2008-07-24,20.963262,339169586,7110100979.08
2008-07-25,20.838821,309019586,6439603852.5
2008-07-28,19.891771,312819586,6222535448.43
2008-07-29,21.379236,303969586,6498637490.55
2008-07-30,21.807313,332619586,7253539391.45
2008-07-31,21.552037,358219586,7720361609.55
2008-08-01,21.684508,372769586,8083324968.03
2008-08-04,21.413428,356269586,7628953004.18
2008-08-05,22.492452,359619586,8088726219.62
2008-08-06,22.284646,378869586,8442974460.59
2008-08-07,21.175644,372019586,7877754162.26
2008-08-08,21.922424,343269586,7525301346.39
2008-08-11,22.331003,346469586,7737013483.23
2008-08-12,21.179967,356269586,7545778190.82
2008-08-13,20.558871,331869586,6822864110.37
2008-08-14,21.082051,307819586,6489468345.33
2008-08-15,21.316703,310219586,6612858727.8
2008-08-18,20.558922,319819586,6575145888.16
2008-08-19,19.935493,310019586,6180393367.02
2008-08-20,20.26731,280469586,5684363904.95
2008-08-21,20.051779,282669586,5668028021.64
2008-08-22,20.672224,292619586,6049097498.48
2008-08-25,20.030154,315419586,6317902915.2
2008-08-26,20.17314,310219586,6258103288.2
2008-08-27,20.51347,329619586,6761641332.62
2008-08-28,21.442571,335719586,7198691093.66
2008-08-29,21.317748,359969586,7673740983.83
2008-09-02,21.702498,379569586,8237608005.74
2008-09-03,22.040483,376569586,8299775687.05
2008-09-04,21.009474,370819586,7790724346.12
2008-09-05,21.686248,349319586,7575431218.19
2008-09-08,22.694127,383619586,8705911643.93
2008-09-09,21.20209,413469586,8766419290.01
2008-09-10,21.052033,406969586,8567537307.96
2008-09-11,21.377223,368169586,7870443389.8
2008-09-12,21.14973,374469586,7919930454.71
2008-09-15,18.927654,399319586,7558183053.26
2008-09-16,20.101272,438519586,8814801289.56
2008-09-17,18.31079,430069586,7874913661.14
2008-09-18,20.452431,438469586,8967768837.49
2008-09-19,22.526116,520019586,11714021329.51
2008-09-22,20.617149,598319586,12335644274.46
2008-09-23,20.30387,611219586,12410123000.14
2008-09-24,20.003797,623419586,12470758621.29
2008-09-25,20.527327,616219586,12649341125.4
2008-09-26,21.161058,621119586,13143547463.53
2008-09-29,17.757837,629969586,11186897411.14
2008-09-30,20.093783,585219586,11759275114.86
2008-10-01,20.530403,592169586,12157480164.76
2008-10-02,19.665314,592383695,11649411425.43
2008-10-03,18.8865,583983695,11029408278.07
2008-10-06,18.100267,592983695,10733162949.79
2008-10-07,16.018579,563183695,9021402541.25
2008-10-08,15.542984,489133695,7602597211.83
2008-10-09,13.726606,498383695,6841116694.33
2008-10-10,14.678044,522833695,7674175947.81
2008-10-13,16.174095,543133695,8784696062.9
2008-10-14,17.209335,575683695,9907133726.23
2008-10-15,15.651319,559583695,8758223105.21
2008-10-16,15.909254,553933695,8812671856.29
2008-10-17,15.543396,560083695,8705602806.56
2008-10-20,15.979241,578033695,9236539727.7
2008-10-21,15.685927,578033695,9066994417.13
2008-10-22,14.59839,590333695,8617921420.0
2008-10-23,14.475563,579433695,8387629044.81
2008-10-24,13.919899,578383695,8051042810.16
2008-10-27,13.353085,575583695,7685818030.94
2008-10-28,15.016632,585683695,8794996273.01
2008-10-29,14.586843,582733695,8500245156.96
2008-10-30,14.778827,578833695,8554483075.19
2008-10-31,15.586124,584733695,9113731657.99
2008-11-03,15.631636,585633695,9154412662.71
2008-11-04,16.482461,576983695,9510111086.17
2008-11-05,15.053616,585683695,8816657234.39
2008-11-06,14.052281,576983695,8107937055.68
2008-11-07,14.355996,578133695,8299684789.06
2008-11-10,13.733179,585733695,8043985573.78
2008-11-11,13.405243,578083695,7749352469.68
2008-11-12,12.489909,569133695,7108428035.48
2008-11-13,13.373086,563783695,7539528085.88
2008-11-14,12.681844,559483695,7095285058.13
2008-11-17,11.926444,567033695,6762695559.14
2008-11-18,11.832819,584933695,6921414373.42
2008-11-19,10.471561,593633695,6216271373.45
2008-11-20,9.379116,598933695,5617468466.96
2008-11-21,9.694389,621333695,6023450327.74
2008-11-24,11.501944,629333695,7238560621.87
2008-11-25,11.790974,638683695,7530702762.98
2008-11-26,12.374022,642283695,7947632671.01
2008-11-28,12.725513,656183695,8350274305.68
2008-12-01,10.572829,653483695,6909171360.82
2008-12-02,11.406452,649383695,7407163730.37
2008-12-03,12.061124,640583695,7726159148.42
2008-12-04,11.837556,623333695,7378747320.9
2008-12-05,12.856397,622033695,7997111878.66
2008-12-08,13.73781,631983695,8682071731.48
2008-12-09,13.067885,633033695,8272411554.79
2008-12-10,12.980456,621533695,8067790664.29
2008-12-11,11.886035,622583695,7400051802.66
2008-12-12,12.128503,629483695,7634694640.1
2008-12-15,11.647832,635083695,7397348487.79
2008-12-16,12.954436,627133695,8124163521.87
2008-12-17,12.794485,628883695,8046243149.84
2008-12-18,12.410684,627833695,7791845533.87
2008-12-19,12.281081,619383695,7606701048.32
2008-12-22,11.787655,647433695,7631725187.76
2008-12-23,11.557291,650883695,7522452566.22
2008-12-24,11.774336,641083695,7548334843.19
2008-12-26,11.783187,639983695,7541047745.78
2008-12-29,11.677694,632333695,7384199640.57
2008-12-30,12.160707,632383695,7690232919.94
2008-12-31,12.508232,622933695,7791798967.12
2009-01-02,12.735397,621609651,7916445911.79
2009-01-05,12.423392,621709651,7723742483.62
2009-01-06,12.662968,636659651,8062000714.77
2009-01-07,12.021635,622009651,7477572707.64
2009-01-08,11.996785,617959651,7413529364.58
2009-01-09,11.587911,621209651,7198522383.14
2009-01-12,10.929576,575359651,6288436862.37
2009-01-13,11.076117,551359651,6106923935.57
2009-01-14,10.45166,559809651,5850940416.43
2009-01-15,9.923917,549609651,5454280527.95
2009-01-16,9.688106,535109651,5184198953.62
2009-01-20,8.073713,535109651,4320321516.13
2009-01-21,9.251093,544959651,5041472362.73
2009-01-22,8.713188,540509651,4709562079.83
2009-01-23,9.010353,524459651,4725566798.05
2009-01-26,8.82483,528859651,4667096564.72
2009-01-27,9.153679,535009651,4897306655.8
2009-01-28,10.340216,541809651,5602428913.92
2009-01-29,9.476981,542259651,5138984563.21
2009-01-30,9.244018,546609651,5052869213.83
2009-02-02,9.260266,534409651,4948775378.74
2009-02-03,9.028592,541059651,4885006953.92
2009-02-04,8.956604,543259651,4865761437.89
2009-02-05,9.081182,547059651,4967948464.43
2009-02-06,9.818632,517759651,5083691628.72
2009-02-09,9.948605,530459651,5277333327.69
2009-02-10,8.869697,524309651,4650467565.24
2009-02-11,9.329433,507209651,4731978464.41
2009-02-12,9.207529,499259651,4596947745.81
2009-02-13,8.822825,508959651,4490461873.14
2009-02-17,7.961057,517909651,4123108231.19
2009-02-18,7.94679,517309651,4110951401.33
2009-02-19,7.535321,520209651,3919946820.99
2009-02-20,7.427184,503609651,3740401489.18
2009-02-23,7.203158,487609651,3512329212.05
2009-02-24,8.05241,478209651,3850740231.99
2009-02-25,8.01637,479509651,3843926544.19
2009-02-26,8.177123,478659651,3914058957.42
2009-02-27,7.575899,484859651,3673247777.67
2009-03-02,7.0603,482509651,3406662906.57
2009-03-03,6.950041,488059651,3392034434.19
2009-03-04,6.898265,498859651,3441265940.25
2009-03-05,6.21331,503659651,3129393653.97
2009-03-06,6.12977,541859651,3321474987.4
2009-03-09,6.281038,539059651,3385854018.98
2009-03-10,7.258695,525409651,3813788365.97
2009-03-11,7.435175,537909651,3999452617.29
2009-03-12,8.181036,556759651,4554870538.71
2009-03-13,8.206942,600209651,4925885832.0
2009-03-16,8.057076,630109651,5076841553.09
2009-03-17,8.58594,621609651,5337103192.7
2009-03-18,9.45327,622609651,5885697091.64
2009-03-19,8.694316,551559651,4795433758.41
2009-03-20,8.148033,541159651,4409386652.86
2009-03-23,9.591449,529359651,5077326017.95
2009-03-24,8.964164,507659651,4550744560.96
2009-03-25,9.373194,499209651,4679189027.73
2009-03-26,9.469875,488709651,4628019438.98
2009-03-27,9.142824,483459651,4420186366.1
2009-03-30,8.284689,489509651,4055435112.09
2009-03-31,8.839711,481959651,4260383864.07
2009-04-01,9.070346,473009651,4290361391.37
2009-04-02,9.338322,496229503,4633951055.43
2009-04-03,9.73065,477979503,4651051013.55
2009-04-06,9.446447,479629503,4530794527.8
2009-04-07,9.145302,484679503,4432540439.15
2009-04-08,9.224959,477629503,4406112479.33
2009-04-09,10.652245,487579503,5193816372.49
2009-04-13,11.164227,482979503,5392092881.08
2009-04-14,10.308567,476679503,4913882649.86
2009-04-15,10.880511,445729503,4849764775.63
2009-04-16,10.949429,459079503,5026658417.68
2009-04-17,11.089981,468879503,5199864646.35
2009-04-20,9.82696,467779503,4596850559.3
2009-04-21,10.629946,476179503,5061762408.64
2009-04-22,10.224748,496279503,5074332821.26
2009-04-23,10.684182,488329503,5217401466.74
2009-04-24,10.945431,485229503,5311045848.04
2009-04-27,10.598789,480529503,5093030706.47
2009-04-28,10.405567,476729503,4960640971.14
2009-04-29,10.903181,466229503,5083384814.46
2009-04-30,10.81549,471279503,5097118979.14
2009-05-01,10.635676,469079503,4988977488.82
2009-05-04,11.711615,472979503,5539353896.02
2009-05-05,11.569389,484279503,5602818051.17
2009-05-06,12.510981,467129503,5844248162.1
2009-05-07,12.083665,479279503,5791453006.7
2009-05-08,13.086503,486779503,6370241476.46
2009-05-11,12.195844,491729503,5997056325.97
2009-05-12,11.975692,485729503,5816946823.26
2009-05-13,11.356552,489429503,5558231388.51
2009-05-14,11.807763,488979503,5773753960.2
2009-05-15,11.513027,493379503,5680291472.22
2009-05-18,12.341919,479779503,5921399624.87
2009-05-19,12.020365,479329503,5761715482.11
2009-05-20,11.728203,474779503,5568310504.69
2009-05-21,11.7566,460629503,5415436968.52
2009-05-22,11.614823,452929503,5260695925.72
2009-05-26,12.095325,452629503,5474700782.97
2009-05-27,11.63236,458629503,5334943619.05
2009-05-28,12.047886,438629503,5284558264.68
2009-05-29,12.25456,427979503,5244700643.46
2009-06-01,12.319636,437029503,5384044355.84
2009-06-02,12.171806,460279503,5602432714.77
2009-06-03,11.991462,492379503,5904350231.79
2009-06-04,12.466499,507429503,6325869269.23
2009-06-05,12.286763,523779503,6435554682.73
2009-06-08,12.424682,511729503,6358076270.19
2009-06-09,12.490667,497329503,6211977353.41
2009-06-10,12.297379,461029503,5669454535.11
2009-06-11,12.411332,448779503,5569951487.28
2009-06-12,12.497224,459579503,5743467856.37
2009-06-15,12.13103,453279503,5498747244.26
2009-06-16,11.932585,451479503,5387317471.5
2009-06-17,11.627755,452779503,5264809275.11
2009-06-18,11.915938,464129503,5530538189.74
2009-06-19,12.057466,453229503,5464799119.43
2009-06-22,11.317211,473729503,5361296728.4
2009-06-23,11.510984,501879503,5777127152.75
2009-06-24,11.639599,515729503,6002884464.87
2009-06-25,11.836178,518679503,6139182861.73
2009-06-26,11.911336,504079503,6004260106.65
2009-06-29,12.077298,497779503,6011831214.74
2009-06-30,11.945082,503929503,6019479484.17
2009-07-01,11.888462,482229503,5732967218.75
2009-07-02,11.412699,476788865,5441448020.04
2009-07-06,11.503587,465188865,5351340627.56
2009-07-07,11.2838,461838865,5211297163.16
2009-07-08,11.09633,463488865,5143025299.4
2009-07-09,11.246976,437888865,4924925452.77
2009-07-10,11.10351,438188865,4865434547.73
2009-07-13,11.825196,427938865,5060460899.11
2009-07-14,11.788289,466188865,5495569006.05
2009-07-15,12.270819,461438865,5662232637.56
2009-07-16,12.241335,476288865,5830411486.24
2009-07-17,12.146979,478988865,5818267918.7
2009-07-20,12.246474,472338865,5784485498.91
2009-07-21,12.149646,465738865,5658562262.08
2009-07-22,12.131624,440038865,5338385868.67
2009-07-23,12.491334,441938865,5520405863.77
2009-07-24,12.448519,454188865,5653978509.25
2009-07-27,12.633746,460038865,5812014175.57
2009-07-28,12.586946,475388865,5983693846.14
2009-07-29,12.557368,479988865,6027396575.86
2009-07-30,12.891499,480738865,6197444804.6
2009-07-31,13.00439,504838865,6565121693.58
2009-08-03,13.350537,498838865,6659766579.24
2009-08-04,13.626352,503338865,6858672422.32
2009-08-05,14.082719,524238865,7382708388.65
2009-08-06,13.987157,522138865,7303238238.38
2009-08-07,14.366076,501038865,7197962298.16
2009-08-10,14.272484,500438865,7142505876.2
2009-08-11,13.768203,496188865,6831628934.26
2009-08-12,14.047644,482838865,6782748595.35
2009-08-13,14.32448,485088865,6948645941.46
2009-08-14,14.253314,503938865,7182798700.34
2009-08-17,13.649441,507588865,6928304101.35
2009-08-18,13.911641,504988865,7025223765.29
2009-08-19,13.904455,499188865,6940949345.82
2009-08-20,14.264839,501238865,7150091529.98
2009-08-21,14.571464,491588865,7163169370.17
2009-08-24,14.437045,492988865,7117302183.79
2009-08-25,14.598738,492088865,7183876593.2
2009-08-26,14.580622,498438865,7267548917.34
2009-08-27,14.722972,507338865,7469536112.07
2009-08-28,14.74669,508288865,7495578521.77
2009-08-31,14.690299,507338865,7452959548.85
2009-09-01,13.917704,502738865,6996970707.25
2009-09-02,13.782751,487638865,6721004839.4
2009-09-03,14.098509,496838865,7004687148.37
2009-09-04,14.214886,501388865,7127185620.05
2009-09-08,14.306912,498838865,7136843991.52
2009-09-09,14.512914,488838865,7094476580.79
2009-09-10,14.646615,496638865,7274078340.09
2009-09-11,14.528442,500738865,7274955650.63
2009-09-14,14.739129,510888865,7530056667.9
2009-09-15,14.752458,510388865,7529490091.08
2009-09-16,15.254222,514488865,7848127345.09
2009-09-17,15.198597,518188865,7875743785.22
2009-09-18,15.142125,503388865,7622376951.96
2009-09-21,15.004236,516388865,7748020468.44
2009-09-22,15.340632,515938865,7914828062.07
2009-09-23,15.022189,524438865,7878219685.91
2009-09-24,14.756704,523038865,7718329812.78
2009-09-25,14.593097,509638865,7437209201.94
2009-09-28,15.09541,506738865,7649431102.79
2009-09-29,15.014977,507538865,7620684346.0
2009-09-30,14.941968,501788865,7497712991.52
2009-10-01,14.289387,501545427,7166776710.42
2009-10-02,14.280248,491845427,7023674684.68
2009-10-05,14.750726,488345427,7203449815.07
2009-10-06,14.932681,488795427,7299026137.78
2009-10-07,15.082917,481145427,7257076524.23
2009-10-08,15.114083,483245427,7303811617.59
2009-10-09,15.236438,500845427,7631100495.03
2009-10-12,15.374435,500645427,7697140793.03
2009-10-13,15.204527,507795427,7720789251.96
2009-10-14,15.726596,515545427,8107774526.97
2009-10-15,15.622168,530245427,8283583233.41
2009-10-16,15.211076,521145427,7927182712.24
2009-10-19,15.280433,504345427,7706616568.94
2009-10-20,15.177437,507845427,7707791789.01
2009-10-21,14.888883,507245427,7552317633.52
2009-10-22,15.32311,501645427,7686768168.53
2009-10-23,15.084562,499645427,7536932203.82
2009-10-26,14.705867,486245427,7150660810.24
2009-10-27,14.603897,478895427,6993739257.45
2009-10-28,14.13483,482845427,6824938069.8
2009-10-29,14.74732,469045427,6917163114.79
2009-10-30,14.046459,466295427,6549799461.98
2009-11-02,14.163807,460095427,6516703039.63
2009-11-03,14.224472,444945427,6329113642.58
2009-11-04,14.014436,440195427,6169090673.31
2009-11-05,14.378232,445345427,6403279956.79
2009-11-06,14.314667,455045427,6513823601.71
2009-11-09,14.833057,452495427,6711890392.08
2009-11-10,14.768592,456345427,6739579243.09
2009-11-11,14.974844,450095427,6740108779.27
2009-11-12,14.702458,451045427,6631476662.97
2009-11-13,14.661326,446245427,6542549869.15
2009-11-16,14.843241,437695427,6496818631.81
2009-11-17,14.85371,437945427,6505114398.54
2009-11-18,14.986492,441345427,6614219614.23
2009-11-19,14.683548,445895427,6547326708.85
2009-11-20,14.60288,449595427,6565387971.47
2009-11-23,14.816651,450595427,6676315036.81
2009-11-24,14.705746,448295427,6592518735.9
2009-11-25,14.676388,444745427,6527256501.21
2009-11-27,14.275192,440945427,6294580607.66
2009-11-30,14.667662,441595427,6477172662.29
2009-12-01,14.681963,443145427,6506244734.95
2009-12-02,14.665249,444045427,6512036720.13
2009-12-03,14.363808,437095427,6278354803.89
2009-12-04,14.61668,430395427,6290952115.04
2009-12-07,14.381958,440095427,6329433971.26
2009-12-08,14.257373,428945427,6115634938.92
2009-12-09,14.313506,418945427,5996577759.11
2009-12-10,14.28442,417745427,5967251283.94
2009-12-11,14.385721,405795427,5837659826.9
2009-12-14,14.470716,398845427,5771578825.81
2009-12-15,14.223567,404395427,5751945445.85
2009-12-16,14.320266,407795427,5839739017.47
2009-12-17,14.062328,429245427,6036189862.14
2009-12-18,14.204232,413545427,5874095087.59
2009-12-21,14.415631,443745427,6396870196.1
2009-12-22,14.458982,484445427,7004587868.86
2009-12-23,14.408149,479095427,6902878496.08
2009-12-24,14.532017,475945427,6916447237.34
2009-12-28,14.487108,476795427,6907387015.92
2009-12-29,14.429551,477695427,6892930362.04
2009-12-30,14.440685,475345427,6864313694.07
2009-12-31,14.387518,475995427,6848392940.47
2010-01-04,14.686348,474845427,6973745098.57
2010-01-05,14.935476,470045427,7020352060.48
2010-01-06,14.999685,471445427,7071532982.57
2010-01-07,15.314024,477995427,7320033537.36
2010-01-08,15.230516,478795427,7292301294.69
2010-01-11,15.234751,479645427,7307278450.96
2010-01-12,14.992225,469945427,7045527526.61
2010-01-13,15.168119,470395427,7135013871.13
2010-01-14,15.263968,469145427,7161020585.5
2010-01-15,14.953079,471045427,7043579426.42
2010-01-19,15.122884,459945427,6955701496.55
2010-01-20,15.10261,457695427,6912395689.12
2010-01-21,14.656343,449245427,6584295105.74
2010-01-22,14.179847,429345427,6088052298.11
2010-01-25,14.255565,390045427,5560318061.7
2010-01-26,14.016247,383195427,5370961917.46
2010-01-27,14.341833,380945427,5463455620.48
2010-01-28,14.286138,383395427,5477239941.56
2010-01-29,14.183949,411445427,5835921082.42
2010-02-01,14.411054,412745427,5948096569.64
2010-02-02,14.572022,426595427,6216357984.1
2010-02-03,14.379783,416395427,5987676006.67
2010-02-04,13.784628,413695427,5702637386.74
2010-02-05,13.951725,373945427,5217183703.95
2010-02-08,13.644356,395495427,5396280570.77
2010-02-09,13.795441,396945427,5476037245.29
2010-02-10,13.911067,395445427,5501067680.43
2010-02-11,13.944313,398945427,5563019950.23
2010-02-12,13.904441,395395427,5497752454.45
2010-02-16,14.24752,395445427,5634116818.85
2010-02-17,14.302877,409795427,5861253769.08
2010-02-18,14.382994,395995427,5695599843.09
2010-02-19,14.469348,400845427,5799972123.14
2010-02-22,14.634053,391995427,5736481690.45
2010-02-23,14.37329,389045427,5591862775.82
2010-02-24,14.623856,392145427,5734678421.29
2010-02-25,14.576481,400845427,5842915846.63
2010-02-26,14.681576,414195427,6081041840.7
2010-03-01,14.736159,413345427,6091124089.05
2010-03-02,14.778222,408545427,6037575100.95
2010-03-03,14.786748,411045427,6078025281.45
2010-03-04,14.92188,396795427,5920933621.72
2010-03-05,15.224789,399545427,6082994962.4
2010-03-08,15.250638,396045427,6039945301.14
2010-03-09,15.292484,393795427,6022110348.0
2010-03-10,15.465953,400295427,6190950344.53
2010-03-11,15.609156,406295427,6341928694.43
2010-03-12,15.545122,414695427,6446491095.89
2010-03-15,15.533713,421895427,6553602524.06
2010-03-16,15.730669,418245427,6579280530.28
2010-03-17,15.903357,422745427,6723071524.01
2010-03-18,15.830736,425995427,6743821114.9
2010-03-19,15.676859,416545427,6530123744.17
2010-03-22,15.76785,427295427,6737530065.62
2010-03-23,15.888559,426995427,6784341928.68
2010-03-24,15.915483,428045427,6812549649.34
2010-03-25,15.983684,431295427,6893689603.61
2010-03-26,16.00038,441295427,7060894606.65
2010-03-29,16.033136,457645427,7337491453.6
2010-03-30,15.919327,434845427,6922446433.32
2010-03-31,15.946492,428345427,6830607034.4
2010-04-01,16.09508,428845427,6902301249.39
2010-04-05,16.255825,433995427,7054953510.68
2010-04-06,16.425663,430345427,7068708817.5
2010-04-07,16.338954,436245427,7127793992.2
2010-04-08,16.474808,446395427,7354278797.8
2010-04-09,16.548336,458695427,7590645905.86
2010-04-12,16.623777,451545427,7506390516.01
2010-04-13,16.623562,453595427,7540371547.64
2010-04-14,17.062508,437995427,7473300675.77
2010-04-15,16.980045,461545427,7837062047.16
2010-04-16,16.3332,459245427,7500947480.32
2010-04-19,16.512902,404545427,6680218812.37
2010-04-20,16.7291,417595427,6985995622.62
2010-04-21,16.63879,437645427,7281890232.34
2010-04-22,16.734186,414595427,6937916938.87
2010-04-23,16.800003,406595427,6830804305.58
2010-04-26,16.509995,400195427,6607224510.3
2010-04-27,15.957561,404095427,6448377349.28
2010-04-28,16.165218,400045427,6466821581.58
2010-04-29,16.568797,423145427,7011010549.83
2010-04-30,16.158919,439495427,7101771030.55
2010-05-03,16.45609,429095427,7061232935.98
2010-05-04,16.009814,429545427,6876942272.52
2010-05-05,15.937934,437295427,6969585534.57
2010-05-06,15.28451,431495427,6595196098.98
2010-05-07,15.09652,422195427,6373681525.41
2010-05-10,15.938442,441145427,7031171018.44
2010-05-11,15.862185,449045427,7122841665.32
2010-05-12,16.041156,448045427,7187166541.86
2010-05-13,15.773971,448645427,7076920090.83
2010-05-14,15.345053,432145427,6631294667.89
2010-05-17,15.345304,417745427,6410430431.63
2010-05-18,14.917135,427695427,6379990488.03
2010-05-19,14.942757,420895427,6289338232.17
2010-05-20,14.239405,446495427,6357829071.28
2010-05-21,14.754485,455345427,6718387483.99
2010-05-24,14.329951,476345427,6826006826.91
2010-05-25,14.449631,464595427,6713232657.57
2010-05-26,14.357848,463895427,6660539964.0
2010-05-27,14.999136,461495427,6922032598.16
2010-05-28,14.677388,474445427,6963619668.48
2010-06-01,14.372251,453745427,6521343104.34
2010-06-02,14.809843,453645427,6718417437.06
2010-06-03,14.732264,456045427,6718581731.14
2010-06-04,14.149131,432995427,6126509103.15
2010-06-07,13.861986,425095427,5892666971.03
2010-06-08,14.144104,421895427,5967332621.05
2010-06-09,14.007914,431145427,6039448012.93
2010-06-10,14.475866,443195427,6415637620.11
2010-06-11,14.530008,446895427,6493394234.8
2010-06-14,14.43391,438095427,6323430140.72
2010-06-15,14.803619,437045427,6469854105.8
2010-06-16,14.807979,413795427,6127473837.35
2010-06-17,14.786714,420345427,6215527781.51
2010-06-18,14.840127,411845427,6111838239.21
2010-06-21,14.800544,423145427,6262782656.49
2010-06-22,14.577463,410345427,5981795244.59
2010-06-23,14.534341,402195427,5845645629.86
2010-06-24,14.233981,389295427,5541223572.8
2010-06-25,14.632964,397645427,5818731062.97
2010-06-28,14.504961,429545427,6230539821.93
2010-06-29,13.942981,432845427,6035155644.72
2010-06-30,13.792929,429795427,5928137754.19
2010-07-01,13.678234,419895427,5743427904.48
2010-07-02,13.530652,414895427,5613805581.59
2010-07-06,13.607476,407695427,5547705892.75
2010-07-07,14.212777,410595427,5835701176.83
2010-07-08,14.304034,407595427,5830259017.6
2010-07-09,14.528952,401095427,5827496394.25
2010-07-12,14.532312,408595427,5937836184.45
2010-07-13,14.90904,404795427,6035111018.7
2010-07-14,14.772759,411045427,6072274825.73
2010-07-15,14.758619,414445427,6116642352.51
2010-07-16,14.113914,407845427,5756295273.89
2010-07-19,14.117589,395495427,5583441990.61
2010-07-20,14.279992,396145427,5656953530.73
2010-07-21,14.024372,407045427,5708556662.53
2010-07-22,14.458526,398645427,5763825079.15
2010-07-23,14.561589,401945427,5852964142.96
2010-07-26,14.78754,402145427,5946741720.12
2010-07-27,14.803132,395495427,5854571141.87
2010-07-28,14.666103,404095427,5926505244.71
2010-07-29,14.715266,401445427,5907376291.74
2010-07-30,14.710768,401245427,5902628346.63
2010-08-02,15.088264,400095427,6036745457.07
2010-08-03,14.920259,403145427,6015034120.67
2010-08-04,14.964061,398545427,5963858164.54
2010-08-05,14.909392,391745427,5840686240.87
2010-08-06,14.786331,386695427,5717806713.1
2010-08-09,14.876029,383395427,5703401443.16
2010-08-10,14.722482,381745427,5620240289.85
2010-08-11,14.19475,377545427,5359162784.54
2010-08-12,14.108187,366345427,5168469760.12
2010-08-13,14.064237,370895427,5216361040.97
2010-08-16,14.035607,368995427,5179074625.61
2010-08-17,14.138815,374045427,5288559258.48
2010-08-18,14.195812,381645427,5417766875.13
2010-08-19,13.85541,384045427,5321106937.36
2010-08-20,13.822919,387545427,5357008919.63
2010-08-23,13.740474,377445427,5186278982.67
2010-08-24,13.505726,381195427,5148321082.49
2010-08-25,13.544127,382095427,5175148901.27
2010-08-26,13.425474,379445427,5094234870.84
2010-08-27,13.740509,379045427,5208277103.24
2010-08-30,13.438256,381645427,5128648925.88
2010-08-31,13.561432,384695427,5217020710.74
2010-09-01,14.083962,391695427,5516623496.75
2010-09-02,14.21745,402295427,5719614944.78
2010-09-03,14.522145,402095427,5839287908.94
2010-09-07,14.177815,414045427,5870259659.38
2010-09-08,14.342016,411545427,5902391200.64
2010-09-09,14.507203,413745427,6002288983.25
2010-09-10,14.518356,407845427,5921245175.36
2010-09-13,14.848969,394745427,5861562733.48
2010-09-14,14.702109,410445427,6034413439.92
2010-09-15,14.757995,399245427,5892062001.93
2010-09-16,14.705619,410895427,6042471675.5
2010-09-17,14.596185,403845427,5894602730.38
2010-09-20,14.892123,414745427,6176440015.64
2010-09-21,14.738833,420145427,6192453258.45
2010-09-22,14.501927,415995427,6032735392.42
2010-09-23,14.217669,398595427,5667097978.05
2010-09-24,14.610961,399795427,5841395310.65
2010-09-27,14.437943,382345427,5520281336.28
2010-09-28,14.48456,383895427,5560556378.47
2010-09-29,14.366734,373945427,5372374516.26
2010-09-30,14.351018,365745427,5248819364.69
2010-10-01,14.502112,374795427,5435325386.52
2010-10-04,14.396085,389545427,5607929030.28
2010-10-05,14.736512,382495427,5636648439.47
2010-10-06,14.733851,387395427,5707826362.93
2010-10-07,14.67047,377395427,5536568163.57
2010-10-08,14.68543,376045427,5522388782.56
2010-10-11,14.670489,376095427,5517503934.37
2010-10-12,14.855412,374695427,5566254829.65
2010-10-13,14.856355,387395427,5755284017.99
2010-10-14,14.586962,400795427,5846387765.56
2010-10-15,14.337825,392845427,5632549076.22
2010-10-18,14.672587,392445427,5758189672.49
2010-10-19,14.466599,390945427,5655650608.9
2010-10-20,14.628746,395695427,5788528060.81
2010-10-21,14.601344,390095427,5695917598.61
2010-10-22,14.611484,384295427,5615126328.45
2010-10-25,14.552089,389595427,5669427471.28
2010-10-26,14.570354,399495427,5820789920.17
2010-10-27,14.585374,406145427,5923782900.06
2010-10-28,14.579165,412845427,6018941596.19
2010-10-29,14.555137,414595427,6034493152.77
2010-11-01,14.552901,410495427,5973899112.41
2010-11-02,14.59074,407345427,5943471142.96
2010-11-03,14.740505,403995427,5955096749.36
2010-11-04,15.246833,409495427,6243508447.14
2010-11-05,15.575941,428695427,6677334470.29
2010-11-08,15.456616,464245427,7175663161.4
2010-11-09,15.121423,457195427,6913445329.73
2010-11-10,15.325582,459545427,7042801124.21
2010-11-11,15.182619,467945427,7104637086.07
2010-11-12,14.95317,481445427,7199135482.62
2010-11-15,15.014876,474945427,7131246873.29
2010-11-16,14.741054,470045427,6928964968.02
2010-11-17,14.658172,474795427,6959632824.12
2010-11-18,14.868046,473395427,7038465040.35
2010-11-19,14.848805,464595427,6898687116.84
2010-11-22,14.639813,460445427,6740835161.27
2010-11-23,14.403012,450945427,6494972506.96
2010-11-24,14.638241,449445427,6579090276.17
2010-11-26,14.474057,441045427,6383716804.59
2010-11-29,14.557529,430245427,6263310356.73
2010-11-30,14.456175,425245427,6147422265.25
2010-12-01,14.757992,421845427,6225591311.1
2010-12-02,15.14311,424195427,6423638174.65
2010-12-03,15.187811,442845427,6725852709.38
2010-12-06,15.154605,428745427,6497467515.63
2010-12-07,15.149578,424145427,6425624194.66
2010-12-08,15.426545,429095427,6619459995.28
2010-12-09,15.625812,431145427,6736997556.24
2010-12-10,15.763254,455245427,7176149121.34
2010-12-13,15.746202,460745427,7254990621.19
2010-12-14,15.599608,458545427,7153128905.21
2010-12-15,15.46861,464095427,7178911138.22
2010-12-16,15.505849,456745427,7082225598.72
2010-12-17,15.492914,437995427,6785825443.77
2010-12-20,15.551253,449745427,6994105013.75
2010-12-21,15.805914,449145427,7099154133.74
2010-12-22,15.979738,451995427,7222768303.94
2010-12-23,15.857162,463245427,7345757698.3
2010-12-27,16.007627,463245427,7415459962.06
2010-12-28,16.013075,463695427,7425189536.6
2010-12-29,15.967978,475245427,7588708630.28
2010-12-30,15.912524,472045427,7511434212.56
2010-12-31,15.945639,468495427,7470458727.35
2011-01-03,16.312028,466195427,7604592801.95
2011-01-04,16.275072,487545427,7934836893.85
2011-01-05,16.471117,488495427,8046065311.9
2011-01-06,16.368307,508945427,8330574822.55
2011-01-07,16.216704,505395427,8195848098.62
2011-01-10,16.168735,482945427,7808616594.19
2011-01-11,16.25011,478195427,7770728226.95
2011-01-12,16.521911,487045427,8046921301.29
2011-01-13,16.455708,500495427,8236006753.63
2011-01-14,16.738876,505995427,8469794649.11
2011-01-18,16.610365,507745427,8433836871.43
2011-01-19,16.24462,523995427,8512106842.13
2011-01-20,16.324956,518395427,8462782427.11
2011-01-21,16.461354,517145427,8512913885.19
2011-01-24,16.446904,520745427,8564650276.73
2011-01-25,16.41152,520395427,8540479796.69
2011-01-26,16.395215,516345427,8465594324.59
2011-01-27,16.540226,517045427,8552048031.52
2011-01-28,16.236316,509945427,8279635015.7
2011-01-31,16.395076,513345427,8416337325.02
2011-02-01,16.751811,517045427,8661447151.26
2011-02-02,16.605847,521245427,8655722054.79
2011-02-03,16.613879,518445427,8613389840.0
2011-02-04,16.607882,518945427,8618584502.98
2011-02-07,16.860857,508995427,8582098985.73
2011-02-08,16.974154,511195427,8677109989.15
2011-02-09,16.850822,521495427,8787626603.18
2011-02-10,16.852965,521495427,8788744315.16
2011-02-11,17.087465,524495427,8962297201.06
2011-02-14,17.099028,523995427,8959812651.34
2011-02-15,17.065283,523645427,8936157439.38
2011-02-16,17.163405,522445427,8966942361.76
2011-02-17,17.145391,519245427,8902665901.63
2011-02-18,17.18138,509145427,8747820819.23
2011-02-22,16.65086,511045427,8509345648.66
2011-02-23,16.582496,497545427,8250544979.77
2011-02-24,16.545286,485145427,8026870080.5
2011-02-25,16.780466,473795427,7950507832.52
2011-02-28,16.859713,472295427,7962765291.09
2011-03-01,16.492241,483995427,7982169068.34
2011-03-02,16.384782,484245427,7934255699.68
2011-03-03,16.735833,468895427,7847355742.86
2011-03-04,16.51505,465295427,7684377326.06
2011-03-07,16.404823,470895427,7724956091.02
2011-03-08,16.773014,492695427,8263987243.65
2011-03-09,16.760644,509245427,8535281301.77
2011-03-10,16.416913,510595427,8382400500.9
2011-03-11,16.553219,499445427,8267429463.69
2011-03-14,16.391192,502895427,8243055364.64
2011-03-15,16.190971,499995427,8095411427.43
2011-03-16,15.885667,509895427,8100029132.82
2011-03-17,16.104718,492395427,7929889584.21
2011-03-18,16.245529,483095427,7848140754.33
2011-03-21,16.3484,501995427,8206821842.54
2011-03-22,16.261752,492045427,8001520857.22
2011-03-23,16.213586,500045427,8107529521.9
2011-03-24,16.292974,491645427,8010366283.46
2011-03-25,16.3271,495695427,8093268670.62
2011-03-28,16.277414,492445427,8015737881.73
2011-03-29,16.33094,494095427,8069042602.75
2011-03-30,16.454453,493845427,8125956292.4
2011-03-31,16.381466,497845427,8155438141.51
2011-04-01,16.513509,491995427,8124571031.78
2011-04-04,16.510037,495945427,8188077157.15
2011-04-05,16.493279,516195427,8513755180.58
2011-04-06,16.684351,514295427,8580685538.43
2011-04-07,16.611002,522545427,8680003101.58
2011-04-08,16.46743,527545427,8687317293.44
2011-04-11,16.458384,524495427,8632347000.62
2011-04-12,16.39442,516195427,8462724640.72
2011-04-13,16.266677,503245427,8186130755.49
2011-04-14,16.130151,497045427,8017417881.61
2011-04-15,16.139656,481095427,7764714574.62
2011-04-18,15.920463,474745427,7558167215.9
2011-04-19,15.978734,469045427,7494752343.01
2011-04-20,16.019673,470495427,7537182809.59
2011-04-21,16.109246,466295427,7511667552.44
2011-04-25,16.087028,469945427,7560025119.3
2011-04-26,16.177784,476945427,7715920066.01
2011-04-27,16.28325,476245427,7754823457.6
2011-04-28,16.414522,477045427,7830472430.27
2011-04-29,16.381016,486295427,7966013032.25
2011-05-02,16.320342,485495427,7923451196.18
2011-05-03,16.383147,486645427,7972783754.13
2011-05-04,16.236636,497695427,8080899551.16
2011-05-05,16.05475,493445427,7922142944.93
2011-05-06,16.109469,488845427,7875040119.48
2011-05-09,16.079976,486095427,7816402618.47
2011-05-10,16.231327,486545427,7897277709.27
2011-05-11,16.016493,489145427,7834394229.82
2011-05-12,16.003629,472295427,7558440586.88
2011-05-13,15.769892,460495427,7261963323.91
2011-05-16,15.751555,450795427,7100728900.48
2011-05-17,15.864468,458995427,7281718181.58
2011-05-18,15.943008,481545427,7677282536.16
2011-05-19,15.952946,482295427,7694032897.96
2011-05-20,15.718644,469995427,7387690788.17
2011-05-23,15.509908,473495427,7343870430.52
2011-05-24,15.486722,468045427,7248489353.46
2011-05-25,15.494533,457595427,7090227228.53
2011-05-26,15.570786,458445427,7138355802.96
2011-05-27,15.699138,468945427,7362039180.98
2011-05-31,15.851088,464395427,7361172802.08
2011-06-01,15.300603,453495427,6938753390.04
2011-06-02,15.324967,421895427,6465533475.39
2011-06-03,15.222132,445545427,6782151119.8
2011-06-06,14.920087,453095427,6760222966.75
2011-06-07,14.890719,472545427,7036541079.34
2011-06-08,14.753826,482645427,7120866739.48
2011-06-09,14.929639,475695427,7101961235.72
2011-06-10,14.824267,476595427,7065177903.11
2011-06-13,14.979548,478645427,7169892038.6
2011-06-14,15.056383,493545427,7431009010.87
2011-06-15,14.727154,483395427,7119038828.45
2011-06-16,14.81222,456795427,6766154439.63
2011-06-17,14.895264,437445427,6515865039.08
2011-06-20,14.884897,439645427,6544076943.35
2011-06-21,15.089862,444195427,6702847706.55
2011-06-22,14.991663,459145427,6883353635.27
2011-06-23,14.846506,461745427,6855306415.62
2011-06-24,14.744218,462695427,6822082142.05
2011-06-27,14.911313,462295427,6893431809.08
2011-06-28,14.97708,464245427,6953041055.51
2011-06-29,15.293698,468895427,7171145192.28
2011-06-30,15.352302,476145427,7309928270.91
2011-07-01,15.625936,484945427,7577726409.63
2011-07-05,15.496225,484945427,7514823358.89
2011-07-06,15.412067,497195427,7662809172.19
2011-07-07,15.655119,488095427,7641191997.63
2011-07-08,15.451067,489145427,7557818560.48
2011-07-11,15.018221,484095427,7270252148.38
2011-07-12,14.975963,480595427,7197379114.66
2011-07-13,15.000721,486845427,7303032380.19
2011-07-14,14.886333,488845427,7277115652.21
2011-07-15,14.849405,479645427,7122449400.31
2011-07-18,14.645332,483645427,7083148019.52
2011-07-19,14.843672,451495427,6701850208.42
2011-07-20,15.002595,468745427,7032398030.44
2011-07-21,15.373309,469595427,7219235507.73
2011-07-22,15.332368,485295427,7440727906.2
2011-07-25,15.203529,496695427,7551523352.02
2011-07-26,15.177557,488195427,7409614003.19
2011-07-27,14.827108,484895427,7189596636.08
2011-07-28,14.834696,468945427,6956662953.85
2011-07-29,14.79674,462495427,6843424461.64
2011-08-01,14.747786,461795427,6810460171.13
2011-08-02,14.339385,464195427,6656276814.69
2011-08-03,14.420346,463145427,6678717525.94
2011-08-04,13.676468,449795427,6151612766.35
2011-08-05,13.440883,443795427,5965002522.26
2011-08-08,12.102505,427945427,5179211763.95
2011-08-09,13.093517,396595427,5192828943.79
2011-08-10,12.165376,424545427,5164754901.52
2011-08-11,12.925675,417345427,5394471188.49
2011-08-12,12.771654,424245427,5418315955.87
2011-08-15,13.187273,401595427,5295948689.7
2011-08-16,12.934491,404545427,5232589095.5
2011-08-17,13.012434,383795427,4994112711.77
2011-08-18,12.361851,386445427,4777180763.69
2011-08-19,12.129017,363945427,4414300418.1
2011-08-22,11.975114,353145427,4228956690.79
2011-08-23,12.363005,356595427,4408590960.61
2011-08-24,12.711281,360295427,4579816369.71
2011-08-25,12.653522,385245427,4874711413.78
2011-08-26,12.78106,386895427,4944933560.47
2011-08-29,13.313497,384445427,5118313166.5
2011-08-30,13.219662,386145427,5104711877.74
2011-08-31,13.382475,384095427,5140147551.01
2011-09-01,13.064742,385845427,5040970871.48
2011-09-02,12.542501,374095427,4692092216.05
2011-09-06,12.321213,365045427,4497802333.95
2011-09-07,12.915425,353845427,4570064165.76
2011-09-08,12.621663,362695427,4577819539.71
2011-09-09,12.225271,357345427,4368644853.8
2011-09-12,12.376396,355795427,4403465209.0
2011-09-13,12.45502,363245427,4524229115.76
2011-09-14,12.607951,364745427,4598692426.73
2011-09-15,12.931229,373245427,4826522210.46
2011-09-16,12.907197,382745427,4940170733.53
2011-09-19,12.554034,372045427,4670670905.35
2011-09-20,12.523121,357795427,4480715362.64
2011-09-21,11.906556,357795427,4260111198.29
2011-09-22,11.551214,353495427,4083301436.78
2011-09-23,11.684671,339995427,3972734810.88
2011-09-26,12.198785,335045427,4087147246.0
2011-09-27,12.248577,348095427,4263673780.88
2011-09-28,11.901026,356795427,4246231769.72
2011-09-29,12.239042,364195427,4457403000.24
2011-09-30,11.8104,365645427,4318418875.33
2011-10-03,11.277102,364445427,4109888286.58
2011-10-04,11.747382,354545427,4164980733.25
2011-10-05,11.889601,347095427,4126826297.87
2011-10-06,12.272889,349045427,4283795951.16
2011-10-07,11.824001,377795427,4467053678.29
2011-10-10,12.429425,378595427,4705723340.11
2011-10-11,12.421447,395045427,4907035874.6
2011-10-12,12.752725,383195427,4886785894.51
2011-10-13,12.450375,403645427,5025536754.01
2011-10-14,12.625614,374145427,4723815774.12
2011-10-17,12.206623,368495427,4498084812.64
2011-10-18,12.810813,370695427,4748909884.62
2011-10-19,12.59233,396945427,4998467974.69
2011-10-20,12.818465,383945427,4921590872.73
2011-10-21,13.120742,378345427,4964172836.21
2011-10-24,13.405804,390045427,5228872542.62
2011-10-25,12.994342,407795427,5299033322.67
2011-10-26,13.247109,406945427,5390850409.66
2011-10-27,14.063361,402895427,5666063711.97
2011-10-28,14.033566,443945427,6230137413.21
2011-10-31,13.494032,430045427,5803046613.7
2011-11-01,12.8599,422495427,5433248790.12
2011-11-02,13.226394,401445427,5309675474.43
2011-11-03,13.473367,397045427,5349538884.48
2011-11-04,13.285962,400845427,5325617115.85
2011-11-07,13.351434,402345427,5371888251.01
2011-11-08,13.610625,391045427,5322372656.76
2011-11-09,12.873899,400295427,5153362795.65
2011-11-10,12.945937,402445427,5210033273.08
2011-11-11,13.232593,381495427,5048173579.47
2011-11-14,12.967817,388795427,5041828014.84
2011-11-15,13.022359,404995427,5273996034.09
2011-11-16,12.699918,403895427,5129438656.48
2011-11-17,12.435343,397095427,4938017763.76
2011-11-18,12.507703,376945427,4714721363.82
2011-11-21,12.192907,357745427,4361956667.15
2011-11-22,12.080934,346295427,4183572164.69
2011-11-23,11.733274,352895427,4140618646.7
2011-11-25,11.785015,350995427,4136486314.67
2011-11-28,12.131802,352145427,4272158498.3
2011-11-29,12.062473,354195427,4272472645.98
2011-11-30,12.853679,348095427,4474306856.13
2011-12-01,12.73275,375245427,4777906027.9
2011-12-02,12.904776,377845427,4876010484.2
2011-12-05,13.17555,386295427,5089654736.34
2011-12-06,13.164929,381495427,5022360161.62
2011-12-07,13.321991,392095427,5223491630.8
2011-12-08,12.828766,412645427,5293731420.45
2011-12-09,13.121427,408345427,5358074655.26
2011-12-12,12.784819,433645427,5544078126.51
2011-12-13,12.599382,414495427,5222386018.45
2011-12-14,12.561871,400595427,5032227885.55
2011-12-15,12.5659,393745427,4947765854.75
2011-12-16,12.549639,396295427,4973364496.97
2011-12-19,12.257669,371845427,4557958338.35
2011-12-20,12.726313,368845427,4694042285.26
2011-12-21,12.800656,412795427,5284052357.27
2011-12-22,13.063947,397495427,5192859319.65
2011-12-23,13.159928,402995427,5303390954.46
2011-12-27,13.071331,400395427,5233700986.11
2011-12-28,12.867795,411045427,5289248336.67
2011-12-29,13.075116,409295427,5351585331.97
2011-12-30,12.994703,413495427,5373250222.12
2012-01-03,13.352316,419445427,5600567945.32
2012-01-04,13.293091,437395427,5814337149.18
2012-01-05,13.477355,434845427,5860566390.12
2012-01-06,13.401139,442195427,5925922268.5
2012-01-09,13.468363,445195427,5996053422.78
2012-01-10,13.734572,427595427,5872840094.77
2012-01-11,13.868757,438745427,6084853926.57
2012-01-12,13.928969,444195427,6187184380.92
2012-01-13,13.817078,447895427,6188606106.64
2012-01-17,13.709542,439845427,6030079423.91
2012-01-18,13.93782,434095427,6050343953.02
2012-01-19,14.058332,442595427,6222153674.72
2012-01-20,14.155046,463295427,6557968242.08
2012-01-23,14.194205,460545427,6537076234.59
2012-01-24,14.168038,476845427,6755964263.11
2012-01-25,14.202689,476595427,6768936408.43
2012-01-26,14.07874,481695427,6781664468.04
2012-01-27,14.129953,477345427,6744868660.35
2012-01-30,13.989515,475295427,6649152604.07
2012-01-31,14.047327,464395427,6523514597.18
2012-02-01,14.283815,473845427,6768320291.82
2012-02-02,14.351381,480595427,6897207946.12
2012-02-03,14.73528,485445427,7153174074.82
2012-02-06,14.664705,507995427,7449603284.34
2012-02-07,14.651648,493095427,7224660822.23
2012-02-08,14.765946,496195427,7326794760.64
2012-02-09,14.708448,494795427,7277672736.4
2012-02-10,14.561251,482045427,7019184216.97
2012-02-13,14.703313,483045427,7102367970.93
2012-02-14,14.548112,478745427,6964842129.56
2012-02-15,14.463868,456545427,6603412774.01
2012-02-16,14.695211,448795427,6595143479.89
2012-02-17,14.789259,461895427,6831090969.73
2012-02-21,14.772646,449345427,6638020772.55
2012-02-22,14.584511,452745427,6603070645.0
2012-02-23,14.72475,452795427,6667299440.69
2012-02-24,14.659489,444995427,6523405514.34
2012-02-27,14.785832,439345427,6496087497.02
2012-02-28,14.811662,439495427,6509657514.31
2012-02-29,14.74397,432895427,6382597260.53
2012-03-01,14.928931,430695427,6429822252.36
2012-03-02,14.864301,441745427,6566237014.29
2012-03-05,14.801889,441445427,6534226032.76
2012-03-06,14.438233,437545427,6317382724.68
2012-03-07,14.632757,413345427,6048383092.09
2012-03-08,14.7779,419745427,6202956090.56
2012-03-09,14.893787,414295427,6170427752.26
2012-03-12,14.84918,423145427,6283362618.65
2012-03-13,15.431437,432995427,6681741674.98
2012-03-14,15.43552,460695427,7111073666.65
2012-03-15,15.724598,460295427,7237960752.46
2012-03-16,15.720062,477245427,7502327510.49
2012-03-19,15.814608,488245427,7721409973.1
2012-03-20,15.871965,496995427,7888293911.96
2012-03-21,15.804089,490945427,7758945337.04
2012-03-22,15.591763,478495427,7460587347.44
2012-03-23,15.727144,470395427,7397976700.91
2012-03-26,15.977599,476245427,7609258231.44
2012-03-27,15.821142,493445427,7806870052.19
2012-03-28,15.883646,491695427,7809915893.84
2012-03-29,15.71479,485395427,7627887410.45
2012-03-30,15.798138,468095427,7395036228.08
2012-04-02,15.92242,464895427,7402260020.4
2012-04-03,15.829242,475995427,7534646780.97
2012-04-04,15.573704,465195427,7244816094.4
2012-04-05,15.540846,458945427,7132400177.47
2012-04-09,15.292453,459295427,7023753813.9
2012-04-10,14.967732,458345427,6860391599.05
2012-04-11,15.204314,454845427,6915612840.77
2012-04-12,15.501548,454445427,7044607547.51
2012-04-13,15.113663,474945427,7178165246.98
2012-04-16,15.250177,455445427,6945623256.31
2012-04-17,15.463144,454145427,7022516285.31
2012-04-18,15.334428,460195427,7056833663.74
2012-04-19,15.266534,449895427,6868343625.59
2012-04-20,15.188138,440945427,6697139928.16
2012-04-23,15.071756,433095427,6527508663.05
2012-04-24,15.242712,435445427,6637369405.95
2012-04-25,15.386488,450045427,6924618419.52
2012-04-26,15.516264,451695427,7008625604.04
2012-04-27,15.512546,448745427,6961184268.75
2012-04-30,15.423182,446845427,6891778317.41
2012-05-01,15.598793,439645427,6857937868.38
2012-05-02,15.459757,454395427,7024842677.58
2012-05-03,15.330808,443545427,6799909876.77
2012-05-04,15.081279,432945427,6529370863.77
2012-05-07,15.1841,420245427,6381048618.84
2012-05-08,15.079991,442395427,6671319069.46
2012-05-09,14.907992,427245427,6369371466.72
2012-05-10,14.991488,427395427,6407293248.96
2012-05-11,14.812954,430695427,6379871571.13
2012-05-14,14.506089,411245427,5965562759.05
2012-05-15,14.427446,387295427,5587683720.04
2012-05-16,14.220608,374745427,5329107882.23
2012-05-17,13.921827,357045427,4970724724.09
2012-05-18,13.778539,378145427,5210291423.53
2012-05-21,13.912753,389745427,5422431889.69
2012-05-22,14.009368,401395427,5623296299.41
2012-05-23,14.064517,404845427,5693955261.67
2012-05-24,14.078585,403545427,5681348692.2
2012-05-25,14.025079,395595427,5548257305.15
2012-05-29,14.222982,394345427,5608768031.79
2012-05-30,13.91276,407095427,5663821099.85
2012-05-31,14.013802,394345427,5526278637.07
2012-06-01,13.495089,397095427,5358838105.1
2012-06-04,13.365601,389245427,5202499006.81
2012-06-05,13.589378,402695427,5472380521.08
2012-06-06,13.996091,408695427,5720138356.12
2012-06-07,13.964445,419845427,5862908377.31
2012-06-08,14.136311,409295427,5785927511.1
2012-06-11,13.867621,418295427,5800762619.65
2012-06-12,14.097567,415595427,5858884314.61
2012-06-13,14.033544,411495427,5774739039.33
2012-06-14,14.210032,405145427,5757129280.38
2012-06-15,14.339867,419545427,6016225720.67
2012-06-18,14.258261,425995427,6073954172.71
2012-06-19,14.502499,426895427,6191050599.51
2012-06-20,14.534537,436745427,6347892681.74
2012-06-21,14.201642,434895427,6176229184.78
2012-06-22,14.329439,430495427,6168757797.55
2012-06-25,14.033283,439095427,6161950416.17
2012-06-26,14.11332,433795427,6122293706.78
2012-06-27,14.291944,433245427,6191919542.7
2012-06-28,14.27209,435245427,6211861709.48
2012-06-29,14.646474,421545427,6174154275.41
2012-07-02,14.726451,422645427,6224067343.06
2012-07-03,14.803398,430395427,6371315010.2
2012-07-05,14.585167,434095427,6331354341.89
2012-07-06,14.477703,428895427,6209420600.29
2012-07-09,14.451468,431595427,6237187428.44
2012-07-10,14.345763,420695427,6035196959.73
2012-07-11,14.463056,423445427,6124315004.56
2012-07-12,14.317412,431345427,6175750392.61
2012-07-13,14.714207,441545427,6496990718.07
2012-07-16,14.668719,443995427,6512844086.23
2012-07-17,14.78038,445545427,6585330892.53
2012-07-18,14.695799,446145427,6556463303.7
2012-07-19,14.591943,440945427,6434250663.54
2012-07-20,14.368664,436195427,6267545724.63
2012-07-23,14.258777,421445427,6009296414.35
2012-07-24,14.21224,416545427,5920043382.08
2012-07-25,14.261157,432995427,6175015927.12
2012-07-26,14.487459,434495427,6294734493.5
2012-07-27,14.776723,439195427,6489869382.74
2012-07-30,14.726118,439545427,6472798029.01
2012-07-31,14.670309,443045427,6499613521.09
2012-08-01,14.60678,431845427,6307870953.78
2012-08-02,14.477407,420795427,6092026721.18
2012-08-03,14.848136,412245427,6121076287.47
2012-08-06,14.870976,412495427,6134209693.48
2012-08-07,14.951489,423145427,6326654362.54
2012-08-08,14.947232,428695427,6407810180.13
2012-08-09,14.93718,428695427,6403500756.71
2012-08-10,14.94697,428545427,6405455445.95
2012-08-13,14.947945,428945427,6411852752.97
2012-08-14,14.939316,430645427,6433548034.69
2012-08-15,14.990451,432345427,6481052814.69
2012-08-16,15.090787,434995427,6564423165.38
2012-08-17,15.133936,434995427,6583192893.69
2012-08-20,15.176178,437395427,6637990643.12
2012-08-21,15.212809,437395427,6654013022.67
2012-08-22,15.189836,438045427,6653838070.97
2012-08-23,15.041494,443345427,6668577727.67
2012-08-24,15.134627,448595427,6789324625.13
2012-08-27,15.123484,444945427,6729124908.53
2012-08-28,15.102177,444945427,6719644778.13
2012-08-29,15.134458,446945427,6764276703.68
2012-08-30,15.052952,447645427,6738384957.03
2012-08-31,15.138881,451045427,6828323133.41
2012-09-04,15.155149,457245427,6929622561.7
2012-09-05,15.153689,459445427,6962293260.47
2012-09-06,15.523148,456145427,7080813089.49
2012-09-07,15.689379,459195427,7204490975.86
2012-09-10,15.549766,462445427,7190918337.58
2012-09-11,15.678927,464145427,7277302361.47
2012-09-12,15.753794,465495427,7333319140.2
2012-09-13,16.158716,460645427,7443438689.15
2012-09-14,16.292214,476495427,7763165303.24
2012-09-17,16.120421,499945427,8059330714.6
2012-09-18,16.048278,506795427,8133193898.4
2012-09-19,16.037561,522445427,8378750654.0
2012-09-20,15.946814,502945427,8020377324.55
2012-09-21,15.834763,518045427,8203126560.13
2012-09-24,15.834195,515545427,8163246611.92
2012-09-25,15.592164,518145427,8079008716.56
2012-09-26,15.487312,513095427,7946468907.06
2012-09-27,15.649624,506095427,7920203290.99
2012-09-28,15.590436,511245427,7970539017.54
2012-10-01,15.663387,508095427,7958495336.84
2012-10-02,15.70259,507395427,7967422303.29
2012-10-03,15.836092,505295427,8001904942.24
2012-10-04,16.068997,512595427,8236894489.59
2012-10-05,16.074492,528245427,8491276694.84
2012-10-08,16.054166,524945427,8427560825.02
2012-10-09,15.930795,523095427,8333325921.5
2012-10-10,15.942188,517995427,8257980359.26
2012-10-11,16.02458,521995427,8364757375.11
2012-10-12,15.806221,524395427,8288710181.84
2012-10-15,15.995701,516345427,8259307313.02
2012-10-16,16.100708,527395427,8491439537.3
2012-10-17,16.29504,529045427,8620816229.96
2012-10-18,16.322324,539695427,8809083579.32
2012-10-19,16.113303,535045427,8621348899.64
2012-10-22,16.109265,528045427,8506423497.84
2012-10-23,15.846488,521745427,8267832850.4
2012-10-24,15.846704,519195427,8227536068.13
2012-10-25,15.886442,512745427,8145700722.03
2012-10-26,15.79218,518845427,8193700233.88
2012-10-29,15.792109,517995427,8180240416.87
2012-10-30,15.792035,517995427,8180201976.29
2012-10-31,15.889214,517995427,8230540295.91
2012-11-01,16.099693,524945427,8451460215.33
2012-11-02,15.990138,540795427,8647393411.14
2012-11-05,15.966782,551645427,8808002297.84
2012-11-06,16.159427,553895427,8950632656.39
2012-11-07,15.608347,553895427,8645392069.24
2012-11-08,15.476708,539295427,8346518017.71
2012-11-09,15.513247,534295427,8288656798.78
2012-11-12,15.520092,541695427,8407162855.75
2012-11-13,15.415806,543445427,8377649263.11
2012-11-14,15.142446,543995427,8237421536.24
2012-11-15,15.185394,538145427,8171950329.2
2012-11-16,15.284014,531195427,8118798179.27
2012-11-19,15.569963,529945427,8251230909.36
2012-11-20,15.650529,537445427,8411305290.2
2012-11-21,15.659172,521745427,8170101348.67
2012-11-23,15.851373,514895427,8161799637.79
2012-11-26,15.781074,516545427,8151641415.92
2012-11-27,15.634009,514495427,8043626219.95
2012-11-28,15.710969,508895427,7995240246.23
2012-11-29,15.784437,517445427,8167584964.18
2012-11-30,15.758454,516995427,8147048604.58
2012-12-03,15.700659,515795427,8098328308.74
2012-12-04,15.653946,523545427,8195551755.65
2012-12-05,15.855646,524995427,8324141597.29
2012-12-06,15.90508,526495427,8373952062.2
2012-12-07,16.028381,531345427,8516607055.58
2012-12-10,15.983035,535495427,8558842137.58
2012-12-11,16.058348,515545427,8278807758.77
2012-12-12,16.14332,514545427,8306471304.15
2012-12-13,16.048979,513495427,8241077158.32
2012-12-14,16.00347,505745427,8093681740.6
2012-12-17,16.339329,502595427,8212072282.72
2012-12-18,16.575892,508245427,8424621163.96
2012-12-19,16.465213,524845427,8641691684.71
2012-12-20,16.694177,539095427,8999754340.81
2012-12-21,16.39925,542895427,8903077865.11
2012-12-24,16.381376,549845427,9007224808.4
2012-12-26,16.35736,553695427,9056995583.71
2012-12-27,16.305578,552195427,9003865507.49
2012-12-28,16.174467,557195427,9012338961.05
2012-12-31,16.398517,563295427,9237209576.47
2013-01-02,16.882431,569995427,9622908577.87
2013-01-03,16.853652,568895427,9587965419.93
2013-01-04,17.065201,566295427,9663945037.36
2013-01-07,17.009542,573495427,9754894556.74
2013-01-08,16.965766,578645427,9817162647.23
2013-01-09,16.93238,582795427,9868113793.79
2013-01-10,17.165379,595695427,10225338030.8
2013-01-11,17.108362,611795427,10466817771.73
2013-01-14,17.064578,623645427,10642246064.79
2013-01-15,17.131751,623145427,10675572538.56
2013-01-16,17.152705,618245427,10604581669.35
2013-01-17,17.134279,605745427,10379011308.91
2013-01-18,17.159427,606095427,10400250384.4
2013-01-22,17.313438,589695427,10209655216.63
2013-01-23,17.308225,596745427,10328604407.94
2013-01-24,17.39256,594395427,10338058389.43
2013-01-25,17.473983,581645427,10163662580.7
2013-01-28,17.395955,580795427,10103491352.74
2013-01-29,17.469685,581595427,10160288681.01
2013-01-30,17.402545,598195427,10410122923.75
2013-01-31,17.374266,598145427,10392337895.09
2013-02-01,17.61765,604345427,10647146342.97
2013-02-04,17.391587,612545427,10653136942.97
2013-02-05,17.589567,603245427,10610826004.27
2013-02-06,17.619806,614945427,10835218962.28
2013-02-07,17.552092,619295427,10869930284.61
2013-02-08,17.614779,612445427,10788090615.86
2013-02-11,17.678955,612895427,10835350920.42
2013-02-12,17.814698,607195427,10817002873.55
2013-02-13,17.775969,617145427,10970358052.74
2013-02-14,17.8312,618395427,11026732376.9
2013-02-15,17.77397,619345427,11008226812.89
2013-02-19,17.926661,617145427,11063356617.34
2013-02-20,17.67046,626645427,11073112845.8
2013-02-21,17.515806,623195427,10915770266.54
2013-02-22,17.732853,620995427,11012020893.65
2013-02-25,17.257314,627195427,10823708659.14
2013-02-26,17.343298,613295427,10636565293.37
2013-02-27,17.625856,610245427,10756097981.71
2013-02-28,17.590064,616995427,10852989273.54
2013-03-01,17.644478,607345427,10716292928.23
2013-03-04,17.794078,601845427,10709284735.19
2013-03-05,17.944531,603795427,10834825539.4
2013-03-06,18.069451,598395427,10812676851.94
2013-03-07,18.188922,601445427,10939643774.04
2013-03-08,18.250069,604445427,11031170962.13
2013-03-11,18.389853,603895427,11105548079.61
2013-03-12,18.275153,612495427,11193447560.39
2013-03-13,18.340077,620345427,11377183125.08
2013-03-14,18.451516,619745427,11435242373.39
2013-03-15,18.438694,624345427,11512113979.32
2013-03-18,18.263758,628295427,11475035890.32
2013-03-19,18.167389,637845427,11587985938.01
2013-03-20,18.274131,624495427,11412111028.89
2013-03-21,18.075918,628595427,11362439449.96
2013-03-22,18.170341,634345427,11526272731.12
2013-03-25,18.117426,638695427,11571517108.34
2013-03-26,18.240135,644545427,11756595853.94
2013-03-27,18.157073,640695427,11633153707.4
2013-03-28,18.199229,641645427,11677451975.91
2013-04-01,18.112591,640145427,11594692198.19
2013-04-02,18.22648,635145427,11576465641.62
2013-04-03,17.920445,641495427,11495883458.0
2013-04-04,18.082036,622495427,11255984554.09
2013-04-05,18.028463,629395427,11347032435.68
2013-04-08,18.216565,607695427,11070123417.48
2013-04-09,18.288325,604595427,11057037491.9
2013-04-10,18.506384,610495427,11298063005.53
2013-04-11,18.55979,623695427,11575656317.1
2013-04-12,18.482735,630495427,11653279856.19
2013-04-15,18.073723,624945427,11295090275.91
2013-04-16,18.364244,617245427,11335245591.29
2013-04-17,18.014118,620395427,11175876504.07
2013-04-18,17.828636,609095427,10859340772.98
2013-04-19,18.079855,602995427,10902069818.1
2013-04-22,18.096351,600145427,10860442121.24
2013-04-23,18.421347,595445427,10968907000.15
2013-04-24,18.546941,602695427,11178156344.24
2013-04-25,18.641732,611895427,11406790616.94
2013-04-26,18.562082,617945427,11470353825.56
2013-04-29,18.644613,620245427,11564236155.24
2013-04-30,18.703018,624345427,11677143875.44
2013-05-01,18.501013,622395427,11514945855.16
2013-05-02,18.654714,621295427,11590088213.78
2013-05-03,18.849187,626195427,11803274448.91
2013-05-06,19.043676,629295427,11984098481.68
2013-05-07,19.153911,634095427,12145407370.28
2013-05-08,19.300687,640495427,12362001603.37
2013-05-09,19.153164,650095427,12451384607.05
2013-05-10,19.242137,656145427,12625640328.82
2013-05-13,19.30865,650695427,12564050360.74
2013-05-14,19.637466,654945427,12861468299.35
2013-05-15,19.827303,653045427,12948129525.95
2013-05-16,19.685118,657645427,12945827873.34
2013-05-17,19.952675,656645427,13101832922.29
2013-05-20,19.990715,659645427,13186783489.11
2013-05-21,20.041278,667545427,13378463458.66
2013-05-22,19.830845,674995427,13385729697.59
2013-05-23,19.703272,681395427,13425719670.36
2013-05-24,19.730184,687645427,13567371015.14
2013-05-28,19.931048,696695427,13885870197.15
2013-05-29,19.938143,701745427,13991500468.22
2013-05-30,20.1524,701395427,14134800951.12
2013-05-31,19.837142,702745427,13940461153.76
2013-06-03,19.867995,711245427,14131020343.97
2013-06-04,19.68886,699895427,13780143155.51
2013-06-05,19.35804,700945427,13568929754.2
2013-06-06,19.639132,694195427,13633395346.48
2013-06-07,19.968938,701545427,14009117455.34
2013-06-10,19.985466,706195427,14113644472.75
2013-06-11,19.639027,713945427,14021193840.59
2013-06-12,19.453464,710295427,13817706512.12
2013-06-13,19.804275,711345427,14087680468.26
2013-06-14,19.557036,699145427,13673212227.53
2013-06-17,19.742948,695395427,13729155748.95
2013-06-18,19.865471,704095427,13987187132.49
2013-06-19,19.589098,707095427,13851361676.04
2013-06-20,19.169458,723495427,13869015327.48
2013-06-21,19.119365,725445427,13870055936.38
2013-06-24,18.774839,717195427,13465228992.66
2013-06-25,19.127546,719245427,13757400190.28
2013-06-26,19.317362,724345427,13992442978.48
2013-06-27,19.563062,740095427,14478533023.41
2013-06-28,19.430002,743495427,14446117911.75
2013-07-01,19.524595,749645427,14636523637.79
2013-07-02,19.545259,753945427,14736058755.89
2013-07-03,19.478339,765695427,14914475070.37
2013-07-05,19.820231,755645427,14977067170.65
2013-07-08,19.970572,762645427,15230465335.71
2013-07-09,20.138211,764095427,15387515010.2
2013-07-10,20.012742,788745427,15784958921.24
2013-07-11,20.197461,782545427,15805430351.93
2013-07-12,20.357443,788995427,16061929814.24
2013-07-15,20.434111,788945427,16121398769.3
2013-07-16,20.35356,791195427,16103643729.84
2013-07-17,20.446614,792495427,16203848209.49
2013-07-18,20.720241,799895427,16574025856.72
2013-07-19,20.72372,803895427,16659703542.77
2013-07-22,20.865718,803495427,16765509301.18
2013-07-23,20.81307,807045427,16797093180.86
2013-07-24,20.637503,816095427,16842171724.75
2013-07-25,20.657873,826395427,17071572009.34
2013-07-26,20.633502,822645427,16974056207.5
2013-07-29,20.479882,821445427,16823105498.27
2013-07-30,20.461711,818745427,16752932124.49
2013-07-31,20.473383,817245427,16731778277.25
2013-08-01,20.818906,814495427,16956903741.59
2013-08-02,20.815092,807195427,16801846901.58
2013-08-05,20.766719,810945427,16840675511.85
2013-08-06,20.589532,808145427,16639336245.72
2013-08-07,20.440713,801995427,16393358303.93
2013-08-08,20.490674,792245427,16233642502.12
2013-08-09,20.433478,779895427,15935975852.13
2013-08-12,20.339404,778645427,15837183652.47
2013-08-13,20.426168,774195427,15813845821.02
2013-08-14,20.354993,781195427,15901227714.86
2013-08-15,20.060031,776995427,15586551972.08
2013-08-16,20.026344,769195427,15404172070.76
2013-08-19,19.762217,764495427,15108124354.97
2013-08-20,19.936961,752995427,15012440786.5
2013-08-21,19.811914,754345427,14945027095.85
2013-08-22,20.033692,760795427,15241541420.44
2013-08-23,20.052518,763295427,15305995369.59
2013-08-26,19.937161,765845427,15268783890.81
2013-08-27,19.454144,775145427,15079790386.1
2013-08-28,19.48145,758395427,14774642489.61
2013-08-29,19.539162,762045427,14889728818.34
2013-08-30,19.445913,765695427,14889646826.65
2013-09-03,19.611626,761795427,14940046700.4
2013-09-04,19.761533,758845427,14995949278.41
2013-09-05,19.805056,763495427,15121069565.98
2013-09-06,19.801315,761895427,15086531495.13
2013-09-09,20.026798,758095427,15182224202.28
2013-09-10,20.264637,763645427,15474997030.65
2013-09-11,20.296775,766245427,15552310815.59
2013-09-12,20.151616,768145427,15479371417.25
2013-09-13,20.189625,767495427,15495444492.5
2013-09-16,20.411778,768195427,15680234426.57
2013-09-17,20.503325,774495427,15879731529.03
2013-09-18,20.706458,782045427,16193390744.21
2013-09-19,20.610127,782645427,16130421292.83
2013-09-20,20.433239,774295427,15821363892.83
2013-09-23,20.136672,779645427,15699464132.28
2013-09-24,20.006752,768195427,15369095293.47
2013-09-25,20.114201,758245427,15251500628.08
2013-09-26,20.130685,756645427,15231790386.05
2013-09-27,20.052321,754045427,15120361288.35
2013-09-30,19.905086,738945427,14708772425.97
2013-10-01,20.04909,733195427,14699901069.42
2013-10-02,20.045315,731595427,14665060598.8
2013-10-03,19.88536,730795427,14532129993.88
2013-10-04,20.058933,715045427,14343048264.28
2013-10-07,19.819097,712495427,14121016283.72
2013-10-08,19.561024,709795427,13884325675.4
2013-10-09,19.629051,694595427,13634249272.6
2013-10-10,20.202312,703595427,14214254552.38
2013-10-11,20.31885,715195427,14531948936.21
2013-10-14,20.408906,719595427,14686155533.18
2013-10-15,20.254926,724345427,14671562684.01
2013-10-16,20.690015,725095427,15002235619.8
2013-10-17,20.873596,738995427,15425491751.26
2013-10-18,20.924598,744395427,15576174706.18
2013-10-21,20.885544,746795427,15597228831.88
2013-10-22,20.917612,741895427,15518680738.31
2013-10-23,20.740847,744145427,15434206485.24
2013-10-24,20.766436,742495427,15418984129.31
2013-10-25,20.853016,745045427,15536444261.43
2013-10-28,20.809596,748895427,15584211023.29
2013-10-29,20.876375,749045427,15637353425.89
2013-10-30,20.784481,750195427,15592422852.16
2013-10-31,20.552152,746645427,15345170653.11
2013-11-01,20.605508,728545427,15012048838.52
2013-11-04,20.624255,722245427,14895773668.25
2013-11-05,20.530142,719345427,14768263899.14
2013-11-06,20.614684,713895427,14716728473.83
2013-11-07,20.384128,708995427,14452253245.59
2013-11-08,20.847975,705895427,14716490018.77
2013-11-11,20.868097,715895427,14939375134.9
2013-11-12,20.674755,712845427,14737904301.88
2013-11-13,20.847383,714345427,14892232374.54
2013-11-14,21.023472,717345427,15081091824.2
2013-11-15,21.128747,721895427,15252745911.81
2013-11-18,21.118391,724895427,15308624896.23
2013-11-19,21.155825,722295427,15280755709.07
2013-11-20,21.08108,728645427,15360632550.73
2013-11-21,21.385977,731945427,15653367761.73
2013-11-22,21.488566,741045427,15924003899.37
2013-11-25,21.507114,743945427,16000119442.95
2013-11-26,21.494526,744995427,16013323339.11
2013-11-27,21.568502,755795427,16301375126.68
2013-11-29,21.485747,754495427,16210897825.38
2013-12-02,21.440659,751945427,16122205207.59
2013-12-03,21.245165,749945427,15932714035.92
2013-12-04,21.294903,747845427,15925295912.4
2013-12-05,21.102099,749795427,15822257442.57
2013-12-06,21.399071,748395427,16014967065.63
2013-12-09,21.478297,743695427,15973311278.98
2013-12-10,21.409756,745395427,15958734531.15
2013-12-11,21.1041,748395427,15794212253.21
2013-12-12,21.106552,749895427,15827707049.03
2013-12-13,21.133951,750945427,15870443642.64
2013-12-16,21.251322,753345427,16009586453.33
2013-12-17,21.125993,752995427,15907776133.33
2013-12-18,21.621752,758295427,16395676032.68
2013-12-19,21.589369,750045427,16193007179.58
2013-12-20,21.586948,760695427,16421092734.88
2013-12-23,21.71349,758845427,16477182864.0
2013-12-24,21.760609,752695427,16379111143.48
2013-12-26,21.795482,752395427,16398821135.82
2013-12-27,21.785069,781145427,17017306758.12
2013-12-30,21.758766,781145427,16996760776.15
2013-12-31,21.845796,782345427,17090958302.74
2014-01-02,21.738042,782945427,17019700231.75
2014-01-03,21.87742,784895427,17171487264.88
2014-01-06,21.908958,784045427,17177618311.28
2014-01-07,21.918477,778795427,17070009290.03
2014-01-08,21.993706,773945427,17021927917.91
2014-01-09,22.066329,780245427,17217152605.13
2014-01-10,22.036906,781295427,17217334015.28
2014-01-13,21.714183,777595427,16884849204.2
2014-01-14,21.883672,777195427,17007889634.42
2014-01-15,22.143174,777195427,17209573407.91
2014-01-16,22.006908,788095427,17343543408.06
2014-01-17,21.92868,789695427,17316978682.71
2014-01-21,21.945882,795845427,17465530110.84
2014-01-22,21.968445,795195427,17469206825.96
2014-01-23,21.602089,792995427,17130357484.81
2014-01-24,21.107676,780445427,16473388993.12
2014-01-27,20.979105,768395427,16120248684.97
2014-01-28,21.241948,759195427,16126789944.23
2014-01-29,21.020049,758295427,15939407051.22
2014-01-30,21.297153,759795427,16181479663.56
2014-01-31,21.05409,756295427,15923111624.71
2014-02-03,20.533218,755245427,15507619159.97
2014-02-04,20.731158,751745427,15584553447.42
2014-02-05,20.716661,758445427,15712457083.71
2014-02-06,21.028297,759445427,15969844025.98
2014-02-07,21.292849,758795427,16156916361.89
2014-02-10,21.319155,761395427,16232306841.97
2014-02-11,21.527756,769045427,16555822227.26
2014-02-12,21.52344,770895427,16592321750.39
2014-02-13,21.604263,776145427,16768049874.03
2014-02-14,21.63587,778695427,16847752852.49
2014-02-18,21.672459,780995427,16926091696.05
2014-02-19,21.393143,788245427,16863047336.74
2014-02-20,21.445914,777795427,16680533702.95
2014-02-21,21.454758,778745427,16707794641.29
2014-02-24,21.634232,781345427,16903807850.9
2014-02-25,21.500561,779245427,16754213831.3
2014-02-26,21.476357,786695427,16895351564.89
2014-02-27,21.59596,788695427,17032635180.87
2014-02-28,21.709339,791845427,17190441175.11
2014-03-03,21.519384,797995427,17172370210.73
2014-03-04,21.947251,794295427,17432601327.67
2014-03-05,22.106865,798395427,17650019599.09
2014-03-06,22.260511,812545427,18087676191.15
2014-03-07,22.372368,824495427,18445915148.21
2014-03-10,22.382581,837695427,18749785379.97
2014-03-11,22.21905,839045427,18642792328.11
2014-03-12,22.197252,833545427,18502418151.09
2014-03-13,21.941174,827845427,18163900836.36
2014-03-14,21.817397,814795427,17776715508.2
2014-03-17,22.044429,814795427,17961699898.99
2014-03-18,22.151674,814545427,18043544373.43
2014-03-19,22.119857,814995427,18027582142.52
2014-03-20,22.485019,818545427,18405009802.39
2014-03-21,22.405094,845945427,18953487047.1
2014-03-24,22.354528,855545427,19125314370.95
2014-03-25,22.356242,860395427,19235208306.17
2014-03-26,22.147194,859295427,19030982857.19
2014-03-27,22.02674,851345427,18752364364.2
2014-03-28,22.113923,840345427,18583334235.28
2014-03-31,22.323124,837395427,18693282312.29
2014-04-01,22.409491,835395427,18720786344.67
2014-04-02,22.449809,835645427,18760080581.17
2014-04-03,22.424777,836495427,18758223614.95
2014-04-04,22.166485,837245427,18558788535.22
2014-04-07,21.837254,833945427,18211078102.62
2014-04-08,21.867444,827795427,18101770346.38
2014-04-09,22.054685,823245427,18156418230.8
2014-04-10,21.53588,825345427,17774539752.26
2014-04-11,21.287279,810595427,17255371083.96
2014-04-14,21.45571,808845427,17354353140.73
2014-04-15,21.64553,808745427,17505723366.53
2014-04-16,21.83161,819595427,17893087889.5
2014-04-17,21.849734,822045427,17961474200.08
2014-04-18,21.849734,821745427,17954919279.88
2014-04-21,21.841435,821745427,17948099037.29
2014-04-22,21.992234,820895427,18053323968.35
2014-04-23,22.046237,832595427,18355596229.79
2014-04-24,22.027975,836145427,18418590573.49
2014-04-25,21.84219,840595427,18360444939.58
2014-04-28,21.722197,839995427,18246546151.52
2014-04-29,21.928135,836845427,18350459128.62
2014-04-30,21.978268,837445427,18405600363.03
2014-05-01,21.992685,832895427,18317606791.69
2014-05-02,21.992553,832195427,18302102015.04
2014-05-05,21.900012,826995427,18111209592.45
2014-05-06,21.59535,829795427,17919722517.79
2014-05-07,21.890466,813495427,17807793661.05
2014-05-08,21.949979,811845427,17819990037.95
2014-05-09,21.927393,811345427,17790689959.51
2014-05-12,22.15421,813545427,18023456297.6
2014-05-13,22.127818,813545427,18001984744.09
2014-05-14,21.963284,810295427,17796748493.39
2014-05-15,21.721533,808645427,17565017987.77
2014-05-16,21.747196,802195427,17445501267.5
2014-05-19,21.868979,799795427,17490709613.58
2014-05-20,21.721728,803695427,17457653680.65
2014-05-21,21.889397,797845427,17464355522.52
2014-05-22,21.972472,794595427,17459225725.94
2014-05-23,22.026239,790845427,17419350095.67
2014-05-27,22.241225,790345427,17578250197.23
2014-05-28,22.190492,795045427,17642449507.99
2014-05-29,22.242889,805345427,17913209314.45
2014-05-30,22.290528,804795427,17939315330.75
2014-06-02,22.350651,809195427,18086044829.5
2014-06-03,22.372889,813595427,18202479820.93
2014-06-04,22.44672,818645427,18375904618.25
2014-06-05,22.656621,820895427,18598716200.31
2014-06-06,22.81378,824095427,18800732090.58
2014-06-09,22.896647,828245427,18964042863.91
2014-06-10,22.887057,830045427,18997296831.86
2014-06-11,22.737087,834145427,18966037455.73
2014-06-12,22.60717,836495427,18910794625.74
2014-06-13,22.610539,836345427,18910221061.65
2014-06-16,22.513914,838195427,18871060046.77
2014-06-17,22.723356,838845427,19061383262.66
2014-06-18,22.871509,842045427,19258849362.73
2014-06-19,22.837568,837195427,19119507267.59
2014-06-20,22.821796,834495427,19044684554.28
2014-06-23,22.883511,832395427,19048130031.22
2014-06-24,22.722441,832195427,18909511818.89
2014-06-25,22.747969,830395427,18889809322.75
2014-06-26,22.680429,828195427,18783827198.34
2014-06-27,22.734145,820995427,18664629080.84
2014-06-30,22.736219,819745427,18637911360.02
2014-07-01,22.877855,811395427,18562987185.17
2014-07-02,22.87195,807145427,18460990179.38
2014-07-03,23.046868,807145427,18602174459.02
2014-07-07,22.931187,810545427,18586768941.23
2014-07-08,22.735161,808595427,18383546822.58
2014-07-09,22.797444,808245427,18425929626.3
2014-07-10,22.655706,804795427,18233208561.41
2014-07-11,22.686787,804195427,18244610030.89
2014-07-14,22.824299,802395427,18314113380.76
2014-07-15,22.973801,803645427,18462790195.91
2014-07-16,22.947623,807045427,18519774054.13
2014-07-17,22.660646,809045427,18333492185.56
2014-07-18,22.902968,806295427,18466558021.1
2014-07-21,22.851515,806295427,18425072102.01
2014-07-22,22.927655,804595427,18447486110.39
2014-07-23,22.969776,804595427,18481376981.9
2014-07-24,23.028503,800945427,18444574229.51
2014-07-25,22.90056,799495427,18308892803.43
2014-07-28,22.911324,790895427,18120461568.72
2014-07-29,22.772535,792545427,18048268705.88
2014-07-30,22.872675,789295427,18053297653.81
2014-07-31,22.406689,791995427,17745995514.24
2014-08-01,22.210539,778445427,17289692247.39
2014-08-04,22.387486,773595427,17318856733.88
2014-08-05,22.166984,770845427,17087318330.47
2014-08-06,22.266793,769145427,17126401883.84
2014-08-07,22.155556,771195427,17086263289.81
2014-08-08,22.375697,768195427,17188907772.2
2014-08-11,22.409141,749345427,16792187577.67
2014-08-12,22.438732,760195427,17057821436.66
2014-08-13,22.562425,760495427,17158620944.65
2014-08-14,22.684279,763145427,17311403739.32
2014-08-15,22.589123,765195427,17285093361.74
2014-08-18,22.834321,758295427,17315161057.51
2014-08-19,22.868627,762995427,17448657542.11
2014-08-20,22.936474,769795427,17656392772.02
2014-08-21,23.191744,768495427,17822749415.72
2014-08-22,23.112702,777645427,17973487132.0
2014-08-25,23.303049,778795427,18148308125.48
2014-08-26,23.36455,786945427,18386625582.71
2014-08-27,23.331887,789845427,18428584420.3
2014-08-28,23.235767,791245427,18385193999.58
2014-08-29,23.357699,792345427,18507366129.33
2014-09-02,23.441909,802845427,18820229068.32
2014-09-03,23.417213,801645427,18772301421.82
2014-09-04,23.422875,803845427,18828371088.01
2014-09-05,23.464301,805645427,18903907057.47
2014-09-08,23.465074,808445427,18970232101.17
2014-09-09,23.233419,808995427,18795729652.88
2014-09-10,23.333601,800545427,18679607941.97
2014-09-11,23.409841,800545427,18740641292.67
2014-09-12,23.381491,799395427,18691057348.3
2014-09-15,23.388805,800195427,18715614947.04
2014-09-16,23.472231,799645427,18769461884.18
2014-09-17,23.5787,801845427,18906472471.84
2014-09-18,23.827094,805695427,19197380703.12
2014-09-19,23.644285,821595427,19426036433.55
2014-09-22,23.48114,824145427,19351874270.41
2014-09-23,23.320571,825745427,19256854808.99
2014-09-24,23.458227,824945427,19351756795.9
2014-09-25,23.072808,824295427,19018810261.25
2014-09-26,23.296534,811695427,18909690093.73
2014-09-29,23.206996,799395427,18551566240.17
2014-09-30,23.166629,805695427,18665246975.73
2014-10-01,22.897919,803095427,18389214068.64
2014-10-02,22.950461,795745427,18262724600.49
2014-10-03,23.282336,804445427,18729368713.97
2014-10-06,23.246914,809995427,18829893951.55
2014-10-07,22.821757,430695427,18703466551.04
2014-10-08,23.235539,811745427,18861342477.89
2014-10-09,22.758072,812095427,18481726521.46
2014-10-10,22.575736,805995427,18195940184.7
2014-10-13,22.377055,794945427,17788537503.85
2014-10-14,22.483688,796045427,17898037187.61
2014-10-15,22.036627,800295427,17635812100.95
2014-10-16,22.034166,785695427,17312143140.73
2014-10-17,22.320318,797445427,17799235767.71
2014-10-20,22.454918,796945427,17895343871.16
2014-10-21,22.874031,785695427,17972021621.05
2014-10-22,22.670529,793295427,17984427097.64
2014-10-23,22.89138,795895427,18219144692.62
2014-10-24,23.099161,757945427,17507903661.82
2014-10-27,23.13145,758545427,17546255679.3
2014-10-28,23.392627,766195427,17923323708.85
2014-10-29,23.440701,763795427,17903900091.17
2014-10-30,23.556963,767995427,18091639953.75
2014-10-31,23.848747,775245427,18488631868.38
2014-11-03,23.923219,772045427,18469811685.34
2014-11-04,23.947205,765945427,18342252093.22
2014-11-05,24.115287,764895427,18445673085.56
2014-11-06,24.140107,765395427,18476727458.93
2014-11-07,24.153209,761145427,18384104827.12
2014-11-10,24.27335,756695427,18367533026.26
2014-11-11,24.218177,755345427,18293089445.11
2014-11-12,24.161883,754495427,18230030274.66
2014-11-13,24.149556,755295427,18240048865.12
2014-11-14,24.065584,756795427,18212723641.91
2014-11-17,24.071476,755995427,18197925948.45
2014-11-18,24.130761,757845427,18287387098.63
2014-11-19,24.087007,758945427,18280723608.88
2014-11-20,24.100035,758945427,18290611624.66
2014-11-21,24.231886,758595427,18382198220.63
2014-11-24,24.377676,762995427,18600055297.36
2014-11-25,24.332481,777995427,18930558860.35
2014-11-26,24.381229,785445427,19150125024.55
2014-11-28,24.395251,784945427,19148940701.36
2014-12-01,24.222207,784445427,19000999409.77
2014-12-02,24.459509,784445427,19187150034.45
2014-12-03,24.567401,785845427,19306179798.19
2014-12-04,24.592789,785845427,19326130397.88
2014-12-05,24.834497,786995427,19544635301.32
2014-12-08,24.932111,791695427,19738638375.26
2014-12-09,24.871084,802745427,19965148637.55
2014-12-10,24.53819,807395427,19812022561.55
2014-12-11,24.622131,814795427,20061999720.86
2014-12-12,24.121204,813645427,19626107468.3
2014-12-15,23.920972,847795427,20280091054.6
2014-12-16,23.682748,850045427,20131412004.99
2014-12-17,24.223478,847245427,20523230712.23
2014-12-18,24.810968,847245427,21020978976.55
2014-12-19,24.691004,852495427,21048968174.8
2014-12-22,24.842216,851395427,21150548678.28
2014-12-23,24.987733,853995427,21339409548.5
2014-12-24,24.943657,857945427,21400296613.91
2014-12-26,24.942543,853695427,21293335256.7
2014-12-29,25.039083,856045427,21434592237.88
2014-12-30,25.009572,858095427,21460599476.21
2014-12-31,24.707092,859745427,21241809459.84
2015-01-02,24.726,859545427,21253119820.74
2015-01-05,24.209664,857845427,20768149841.2
2015-01-06,23.840578,854945427,20382392782.14
2015-01-07,24.104661,848345427,20449079205.31
2015-01-08,24.458864,847495427,20728775063.24
2015-01-09,24.132579,850195427,20517407913.57
2015-01-12,23.928388,847745427,20285181296.26
2015-01-13,23.849858,843145427,20108898924.19
2015-01-14,23.512587,842495427,19809247340.89
2015-01-15,23.213199,827195427,19201851783.99
2015-01-16,23.490065,823195427,19336914245.23
2015-01-20,23.400803,813945427,19046976457.48
2015-01-21,23.445647,815445427,19118645515.36
2015-01-22,24.019672,807595427,19398176950.53
2015-01-23,23.77709,789145427,18763581900.47
2015-01-26,23.889314,790045427,18873643209.74
2015-01-27,23.62866,786395427,18581470357.71
2015-01-28,23.16786,785495427,18198247991.87
2015-01-29,23.381754,771045427,18028394418.74
2015-01-30,23.004588,770595427,17727230081.04
2015-02-02,23.379268,772145427,18052194915.05
2015-02-03,23.773926,768445427,18268964627.73
2015-02-04,23.718792,773445427,18345191134.35
2015-02-05,23.959631,774295427,18551832800.21
2015-02-06,24.136104,771495427,18620894025.73
2015-02-09,24.03704,782145427,18800461174.89
2015-02-10,24.209615,778095427,18837391100.17
2015-02-11,24.202665,773595427,18723071171.04
2015-02-12,24.45767,771095427,18859197868.39
2015-02-13,24.433029,763745427,18660614165.76
2015-02-17,24.530014,768995427,18863468890.49
2015-02-18,24.371912,768695427,18734577213.67
2015-02-19,24.264478,763345427,18522178103.01
2015-02-20,24.461852,763145427,18667950855.24
2015-02-23,24.375474,761245427,18555718009.24
2015-02-24,24.498461,758045427,18570946095.91
2015-02-25,24.513377,759095427,18607992295.79
2015-02-26,24.44467,764845427,18696394231.54
2015-02-27,24.344965,764895427,18621352479.4
2015-03-02,24.543322,761045427,18678582775.81
2015-03-03,24.480474,765295427,18734794600.9
2015-03-04,24.304214,764745427,18586536671.21
2015-03-05,24.40716,764795427,18666484403.0
2015-03-06,24.225899,762545427,18473348475.04
2015-03-09,24.333788,771545427,18774623005.94
2015-03-10,23.821185,771495427,18377935187.44
2015-03-11,23.972632,768995427,18434844432.49
2015-03-12,24.497707,767795427,18809227404.95
2015-03-13,24.330305,769945427,18733006807.71
2015-03-16,24.618251,763995427,18808231175.97
2015-03-17,24.56739,760995427,18695671515.26
2015-03-18,24.699699,760845427,18792653386.85
2015-03-19,24.461001,749095427,18323623851.25
2015-03-20,24.681437,745945427,18411004875.81
2015-03-23,24.573665,742995427,18258120947.41
2015-03-24,24.362184,741695427,18069320255.72
2015-03-25,23.999459,744645427,17871087164.26
2015-03-26,23.961882,745195427,17856284933.92
2015-03-27,23.943453,745145427,17841354700.81
2015-03-30,24.269536,738595427,17925368346.34
2015-03-31,24.104717,748545427,18043475429.88
2015-04-01,24.073603,747795427,18002130359.64
2015-04-02,24.212548,747145427,18090294519.47
2015-04-06,24.234354,745045427,18055694481.72
2015-04-07,24.12871,746145427,18003526929.46
2015-04-08,24.213834,740845427,17938707994.85
2015-04-09,24.245178,744245427,18044362949.56
2015-04-10,24.245167,743845427,18034656882.57
2015-04-13,24.315646,741145427,18021430196.94
2015-04-14,24.323126,741395427,18033054193.67
2015-04-15,24.4291,735795427,17974819919.77
2015-04-16,24.455172,722795427,17676086287.13
2015-04-17,24.128401,722795427,17439897772.01
2015-04-20,24.247465,718695427,17426541984.18
2015-04-21,24.11559,713945427,17217215279.71
2015-04-22,24.284198,712095427,17292666392.39
2015-04-23,24.310017,712145427,17312267147.13
2015-04-24,24.247925,712145427,17268048622.48
2015-04-27,24.171821,713345427,17242857704.46
2015-04-28,24.317467,712695427,17330947187.06
2015-04-29,24.322873,710495427,17281289994.26
2015-04-30,24.145235,711545427,17180431532.17
2015-05-01,24.336865,717895427,17471324327.69
2015-05-04,24.573892,717095427,17621825818.29
2015-05-05,24.369908,720345427,17554751591.17
2015-05-06,24.240333,723795427,17545042206.14
2015-05-07,24.408918,726295427,17728085700.07
2015-05-08,24.751253,722245427,17876479641.96
2015-05-11,24.665749,720445427,17770326126.76
2015-05-12,24.575284,727145427,17869805595.2
2015-05-13,24.590319,717395427,17640982237.25
2015-05-14,24.809405,719595427,17852734318.4
2015-05-15,24.701668,715195427,17666520247.42
2015-05-18,24.841472,711345427,17670867500.15
2015-05-19,25.000844,711345427,17784236327.43
2015-05-20,24.910302,717845427,17881746722.17
2015-05-21,24.853871,721645427,17935682479.8
2015-05-22,24.832639,722045427,17930293660.21
2015-05-26,24.610167,722895427,17790577087.92
2015-05-27,24.836545,722295427,17939323101.24
2015-05-28,24.815495,733795427,18209496849.42
2015-05-29,24.584394,736345427,18102606007.92
2015-06-01,24.630402,734995427,18103232689.39
2015-06-02,24.669853,734395427,18117427419.83
2015-06-03,24.840395,735395427,18267513100.22
2015-06-04,24.644673,740945427,18260357446.64
2015-06-05,24.78434,743195427,18419608395.36
2015-06-08,24.635275,752945427,18549017755.63
2015-06-09,24.71395,755295427,18666333738.28
2015-06-10,25.068357,756545427,18965350587.86
2015-06-11,25.138645,774245427,19463480803.11
2015-06-12,25.041605,780195427,19537345829.86
2015-06-15,24.936747,788545427,19663758127.85
2015-06-16,25.068046,786845427,19724677736.63
2015-06-17,25.038001,783495427,19617159641.98
2015-06-18,25.266201,774495427,19568557042.95
2015-06-19,24.911944,775295427,19314116529.47
2015-06-22,25.108348,766595427,19247944492.64
2015-06-23,25.18177,762245427,19194689262.1
2015-06-24,24.963042,765145427,19100357758.28
2015-06-25,24.792392,776295427,19246220616.23
2015-06-26,24.902939,774395427,19284722203.5
2015-06-29,24.297741,775095427,18833068106.03
2015-06-30,24.400888,771895427,18834934013.41
2015-07-01,24.724857,769445427,19024428168.95
2015-07-02,24.634661,811245427,19984755976.03
2015-07-06,24.549221,830595427,20390471080.73
2015-07-07,24.581437,856595427,21056346513.44
2015-07-08,24.151984,852945427,20600324084.63
2015-07-09,24.336693,857695427,20873470702.3
2015-07-10,24.630661,861645427,21222896833.75
2015-07-13,24.913779,862095427,21478055284.72
2015-07-14,25.010967,828145427,20712717594.85
2015-07-15,25.194574,791795427,19948948264.06
2015-07-16,25.441532,804445427,20466323928.46
2015-07-17,25.384797,812095427,20614877829.08
2015-07-20,25.425677,806895427,20515862572.61
2015-07-21,25.397906,817595427,20765212080.93
2015-07-22,25.575726,818495427,20933614653.44
2015-07-23,25.369351,819595427,20792604155.13
2015-07-24,25.128371,819145427,20583789994.33
2015-07-27,24.943825,817045427,20380237979.81
2015-07-28,25.066471,817595427,20494231995.9
2015-07-29,25.265851,813095427,20543548059.32
2015-07-30,25.287304,808945427,20456049289.15
2015-07-31,25.168733,809845427,20382783538.42
2015-08-03,25.178952,810645427,20411202230.21
2015-08-04,25.146872,806195427,20273293595.55
2015-08-05,25.225856,806445427,20343275868.93
2015-08-06,25.149038,807195427,20300188236.15
2015-08-07,25.162285,806095427,20283202536.85
2015-08-10,25.43164,805045427,20473625708.05
2015-08-11,25.18981,802695427,20219745029.28
2015-08-12,24.989843,808595427,20206672602.99
2015-08-13,25.070531,802945427,20130268222.35
2015-08-14,25.24303,801745427,20238483962.17
2015-08-17,25.292774,803295427,20317569949.46
2015-08-18,25.27218,803195427,20298499619.06
2015-08-19,25.054783,805295427,20176502485.8
2015-08-20,24.522543,800145427,19621600417.44
2015-08-21,23.761258,794945427,18888903563.72
2015-08-24,22.642033,778395427,17624455261.05
2015-08-25,22.269527,765445427,17046107304.63
2015-08-26,23.121635,764445427,17675227768.37
2015-08-27,23.730662,758845427,18007904383.91
2015-08-28,23.645261,768695427,18176004128.66
2015-08-31,23.469872,772695427,18135062389.08
2015-09-01,22.651891,771195427,17469035079.71
2015-09-02,22.987762,767945427,17653346348.14
2015-09-03,23.093691,772645427,17843234816.82
2015-09-04,22.64906,770795427,17457791492.87
2015-09-08,23.234249,770345427,17898397555.07
2015-09-09,22.920093,770695427,17664411167.94
2015-09-10,23.027824,768895427,17705988937.5
2015-09-11,23.115014,769545427,17788053690.94
2015-09-14,23.049164,767245427,17684365631.87
2015-09-15,23.388083,761345427,17806409940.36
2015-09-16,23.540395,771845427,18169546521.33
2015-09-17,23.234731,773495427,17971957945.88
2015-09-18,22.676578,769545427,17450656809.56
2015-09-21,22.919395,745245427,17080573985.69
2015-09-22,22.615068,761845427,17229186371.47
2015-09-23,22.633659,776395427,17572669536.92
2015-09-24,22.471395,765695427,17206244344.14
2015-09-25,22.796897,755795427,17229790403.43
2015-09-28,22.270937,754745427,16808888107.28
2015-09-29,22.35709,757295427,16930921872.57
2015-09-30,22.656629,748595427,16960648673.55
2015-10-01,22.68856,741545427,16824597711.28
2015-10-02,22.688125,747595427,16961538677.96
2015-10-05,23.175532,740845427,17169486732.39
2015-10-06,23.070776,745145427,17191083429.32
2015-10-07,23.256576,745595427,17339996583.47
2015-10-08,23.375133,753195427,17606043414.48
2015-10-09,23.243273,752595427,17492781237.28
2015-10-12,23.278966,738095427,17182098247.31
2015-10-13,23.130435,738095427,17072468078.6
2015-10-14,22.910379,729295427,16708434961.46
2015-10-15,23.437038,730495427,17120649431.19
2015-10-16,23.538562,730945427,17205404041.82
2015-10-19,23.531836,730195427,17182839155.21
2015-10-20,23.655162,732445427,17326115265.98
2015-10-21,23.473201,732395427,17191665058.37
2015-10-22,23.884627,735345427,17563451321.1
2015-10-23,24.127753,740995427,17878554881.6
2015-10-26,24.048426,740895427,17817368611.07
2015-10-27,23.904341,735995427,17593485570.97
2015-10-28,24.484122,737795427,18064273446.03
2015-10-29,24.392763,760645427,18554243735.18
2015-10-30,24.06381,757545427,18229428984.28
2015-11-02,24.452454,762445427,18643661418.11
2015-11-03,24.441215,776345427,18974825716.84
2015-11-04,24.367528,788495427,19213684373.38
2015-11-05,24.47346,779445427,19075726158.77
2015-11-06,24.731973,768395427,19003934958.68
2015-11-09,24.443055,773945427,18917590541.81
2015-11-10,24.550953,774295427,19009690619.25
2015-11-11,24.499365,767545427,18804375833.8
2015-11-12,24.114269,767995427,18519648499.65
2015-11-13,23.908763,764245427,18272162819.73
2015-11-16,24.208394,766595427,18558044386.72
2015-11-17,24.152746,763095427,18430849839.05
2015-11-18,24.59403,771795427,18981559663.9
2015-11-19,24.627211,780645427,19225119790.21
2015-11-20,24.660629,786645427,19399170799.44
2015-11-23,24.56667,784845427,19281038623.86
2015-11-24,24.491652,785595427,19240529620.83
2015-11-25,24.502771,787395427,19293370054.85
2015-11-27,24.581109,780745427,19191588528.47
2015-11-30,24.516945,785445427,19256722106.02
2015-12-01,24.829637,787045427,19542052304.01
2015-12-02,24.528094,795645427,19515665865.18
2015-12-03,24.139288,809545427,19541850439.9
2015-12-04,24.778888,811245427,20101759774.3
2015-12-07,24.560577,825395427,20272187562.03
2015-12-08,24.241244,825195427,20003763618.4
2015-12-09,23.963289,826495427,19805548807.72
2015-12-10,23.976419,820395427,19670144415.39
2015-12-11,23.462343,819195427,19220244133.44
2015-12-14,23.502893,803095427,18875066051.23
2015-12-15,24.059525,799145427,19227059261.23
2015-12-16,24.454387,813945427,19904536765.74
2015-12-17,24.071792,825595427,19873561370.42
2015-12-18,23.319461,827695427,19301411079.2
2015-12-21,23.531753,811945427,19106499042.81
2015-12-22,23.738873,807645427,19172592258.66
2015-12-23,24.053299,807695427,19427739759.32
2015-12-24,24.033492,808845427,19439380155.94
2015-12-28,23.985158,810545427,19441059730.73
2015-12-29,24.247423,808845427,19612416884.04
2015-12-30,24.060746,813095427,19563682409.89
2015-12-31,23.842913,816345427,19464053026.25
2016-01-04,23.368563,808095427,18884029258.94
2016-01-05,23.446998,800395427,18766869788.41
2016-01-06,23.085641,802045427,18515733164.51
2016-01-07,22.435738,794195427,17818360708.47
2016-01-08,22.084973,778795427,17199676300.9
2016-01-11,22.162878,773045427,17132911451.91
2016-01-12,22.285903,766545427,17083157105.57
2016-01-13,21.706542,785345427,17047133193.31
2016-01-14,21.928389,775295427,17000979604.93
2016-01-15,21.413691,777295427,16644764364.44
2016-01-19,21.406221,781645427,16732074498.18
2016-01-20,20.956677,772745427,16194176011.76
2016-01-21,20.896341,770895427,16108893406.07
2016-01-22,21.302375,775645427,16523089449.06
2016-01-25,20.816573,768095427,15989114190.37
2016-01-26,21.18546,751895427,15929250324.91
2016-01-27,21.105168,758895427,16016615748.72
2016-01-28,21.124445,758595427,16024907202.53
2016-01-29,21.732834,760245427,16522287291.13
2016-02-01,21.607909,769145427,16619624566.87
2016-02-02,21.04717,776895427,16351450215.21
2016-02-03,21.052791,774695427,16309501023.92
2016-02-04,21.246723,759445427,16135726340.65
2016-02-05,20.959944,761545427,15961949189.94
2016-02-08,20.407917,755295427,15414006517.02
2016-02-09,20.378549,750745427,15299102506.35
2016-02-10,20.291206,733995427,14893652203.33
2016-02-11,19.695534,730945427,14396360826.22
2016-02-12,20.481179,719345427,14733042441.19
2016-02-16,20.842446,721395427,15035645142.47
2016-02-17,21.104459,737395427,15562331613.17
2016-02-18,20.976431,742245427,15569660248.78
2016-02-19,21.002597,736145427,15460965396.38
2016-02-22,21.315966,737245427,15715098656.9
2016-02-23,20.927866,732745427,15334797957.48
2016-02-24,20.886743,725795427,15159502718.94
2016-02-25,21.175053,724395427,15339111289.58
2016-02-26,21.315727,718995427,15325910435.69
2016-02-29,21.092925,727195427,15338678451.04
2016-03-01,21.837032,724745427,15826289398.04
2016-03-02,22.040879,737445427,16253945702.1
2016-03-03,22.186075,743795427,16501901281.05
2016-03-04,22.277077,757845427,16882581243.86
2016-03-07,22.272383,747895427,16657413149.94
2016-03-08,21.903763,746395427,16348868803.59
2016-03-09,21.93349,744045427,16319512909.04
2016-03-10,21.924299,737395427,16166877939.48
2016-03-11,22.507079,737595427,16601118606.5
2016-03-14,22.415973,735845427,16494691533.39
2016-03-15,22.38901,721995427,16164762876.52
2016-03-16,22.359223,717095427,16033696819.01
2016-03-17,22.622879,710595427,16075714229.48
2016-03-18,22.727929,716145427,16276502747.39
2016-03-21,22.685646,720895427,16353978199.93
2016-03-22,22.621733,715095427,16176697548.73
2016-03-23,22.450398,712795427,16002541224.4
2016-03-24,22.304711,721195427,16086055566.41
2016-03-28,22.371633,715495427,16006801306.96
2016-03-29,22.419316,710845427,15936668148.07
2016-03-30,22.554596,713645427,16095984582.63
2016-03-31,22.508013,711045427,16004219823.15
2016-04-01,22.691516,711495427,16144910144.62
2016-04-04,22.586218,712995427,16103870200.29
2016-04-05,22.26136,705695427,15709739779.82
2016-04-06,22.393475,710995427,15921658189.75
2016-04-07,21.962127,705945427,15504062858.57
2016-04-08,22.052251,703795427,15520273223.77
2016-04-11,22.127177,702345427,15540921425.82
2016-04-12,22.422866,700795427,15713841891.71
2016-04-13,22.927717,704795427,16159350181.9
2016-04-14,22.98932,711945427,16367141092.96
2016-04-15,22.923217,715445427,16400310584.57
2016-04-18,23.081055,710495427,16398984359.9
2016-04-19,23.336401,703045427,16406550128.75
2016-04-20,23.542265,705895427,16618377226.63
2016-04-21,23.31754,712945427,16624133558.07
2016-04-22,23.559387,712095427,16776531687.51
2016-04-25,23.491356,713545427,16762149887.15
2016-04-26,23.659904,713095427,16871769031.53
2016-04-27,23.682673,711745427,16856034490.18
2016-04-28,23.422661,718295427,16824390324.04
2016-04-29,23.2683,700345427,16295847761.51
2016-05-02,23.525534,705795427,16604214474.44
2016-05-03,23.21516,710495427,16494265165.37
2016-05-04,23.047088,707345427,16302252215.07
2016-05-05,23.032763,706645427,16275996593.36
2016-05-06,23.122722,705645427,16316443158.87
2016-05-09,23.077763,701945427,16199330479.22
2016-05-10,23.395387,697695427,16322854869.22
2016-05-11,23.135316,694895427,16076625624.68
2016-05-12,23.172235,703045427,16291133780.58
2016-05-13,22.879034,701645427,16052969410.69
2016-05-16,23.006262,699995427,16104278096.68
2016-05-17,22.849212,696595427,15916656647.42
2016-05-18,23.27596,698245427,16252332420.2
2016-05-19,23.0621,712995427,16443172122.27
2016-05-20,23.204801,715945427,16613371000.0
2016-05-23,23.185245,716245427,16606325943.87
2016-05-24,23.543521,715395427,16842927175.73
2016-05-25,23.786225,715395427,17016556809.39
2016-05-26,23.647602,716145427,16935121958.84
2016-05-27,23.81799,718095427,17103589582.8
2016-05-31,23.737168,720945427,17113202528.3
2016-06-01,23.809414,727445427,17320049236.17
2016-06-02,23.850551,727145427,17342819433.9
2016-06-03,23.522665,727995427,17124392902.32
2016-06-06,23.654391,718045427,16984927086.84
2016-06-07,23.585935,713295427,16823739540.19
2016-06-08,23.636338,712495427,16840782462.18
2016-06-09,23.459372,716395427,16806186993.26
2016-06-10,23.169644,712995427,16519849874.7
2016-06-13,22.997591,705645427,16228144877.89
2016-06-14,22.665271,700995427,15888251040.26
2016-06-15,22.684836,696795427,15806690064.61
2016-06-16,22.759282,693995427,15794837468.76
2016-06-17,22.612245,697395427,15769676058.16
2016-06-20,22.745744,693745427,15779755982.71
2016-06-21,22.868225,702345427,16061393568.96
2016-06-22,22.841956,706095427,16128600475.27
2016-06-23,23.322216,707945427,16510856514.79
2016-06-24,22.063691,722095427,15932090732.78
2016-06-27,21.450856,697545427,14962946738.18
2016-06-28,21.990859,686495427,15096624441.83
2016-06-29,22.500815,681845427,15342077594.7
2016-06-30,22.852258,658245427,15042394632.74
2016-07-01,22.746912,649645427,14777427299.22
2016-07-05,22.401735,646845427,14490459933.92
2016-07-06,22.482774,639995427,14388872426.2
2016-07-07,22.506554,637095427,14338822648.92
2016-07-08,22.918993,630345427,14446882529.07
2016-07-11,23.04897,632495427,14578367866.64
2016-07-12,23.331748,630545427,14711727150.54
2016-07-13,23.34209,640395427,14948167739.08
2016-07-14,23.55052,640195427,15076935422.17
2016-07-15,23.510012,643795427,15135638024.08
2016-07-18,23.595152,646595427,15256517210.05
2016-07-19,23.613214,655545427,15479534291.45
2016-07-20,23.644755,658395427,15567598683.64
2016-07-21,23.540011,657595427,15479803410.65
2016-07-22,23.678246,656995427,15556499133.94
2016-07-25,23.620683,655695427,15487973933.04
2016-07-26,23.655971,653845427,15467348528.84
2016-07-27,23.642068,646495427,15284488874.85
2016-07-28,23.700774,645395427,15296370968.77
2016-07-29,23.657967,645595427,15273475494.92
2016-08-01,23.602141,643595427,15190229736.43
2016-08-02,23.397616,643695427,15060938398.5
2016-08-03,23.635995,641995427,15174200736.94
2016-08-04,23.562817,637345427,15017653894.59
2016-08-05,24.018924,638495427,15335973231.72
2016-08-08,24.044301,651895427,15674370131.77
2016-08-09,24.068302,645395427,15533572044.01
2016-08-10,23.887493,651945427,15573341729.65
2016-08-11,23.92495,647945427,15502062131.15
2016-08-12,23.874453,649145427,15497992159.4
2016-08-15,24.01535,647495427,15549829248.38
2016-08-16,23.947225,649545427,15554810340.9
2016-08-17,24.035138,653045427,15696037224.97
2016-08-18,24.033282,660045427,15863058013.59
2016-08-19,24.003438,661995427,15890165997.54
2016-08-22,24.011854,659695427,15840510103.57
2016-08-23,24.038788,654495427,15733277111.04
2016-08-24,24.010195,652745427,15672544985.14
2016-08-25,24.077334,652445427,15709146740.68
2016-08-26,24.091857,652545427,15721031379.81
2016-08-29,24.328464,654995427,15935032974.06
2016-08-30,24.526268,661395427,16221561456.32
2016-08-31,24.558816,664895427,16329044693.55
2016-09-01,24.460314,666645427,16306356585.78
2016-09-02,24.578406,659595427,16211804051.43
2016-09-06,24.520996,659245427,16165354163.31
2016-09-07,24.528159,656995427,16114888298.02
2016-09-08,24.503785,656045427,16075596060.76
2016-09-09,24.049354,657245427,15806327875.54
2016-09-12,24.286451,661195427,16058090483.68
2016-09-13,23.886305,633295427,15127087834.78
2016-09-14,23.8057,628995427,14973676516.43
2016-09-15,23.97876,623545427,14951846119.97
2016-09-16,23.642796,601295427,14216304894.35
2016-09-19,19.293938,583145427,11251171972.65
2016-09-20,19.311951,597345427,11535905584.5
2016-09-21,19.439123,607595427,11811122017.74
2016-09-22,19.492451,615095427,11989717334.58
2016-09-23,19.357232,626145427,12120442095.65
2016-09-26,19.060852,621945427,11854809973.82
2016-09-27,19.224159,627645427,12065955487.37
2016-09-28,19.321193,634095427,12251479953.11
2016-09-29,19.034952,633145427,12051892621.53
2016-09-30,19.305748,623145427,12030288499.52
2016-10-03,19.223404,620195427,11922267353.41
2016-10-04,19.298512,619745427,11960164394.01
2016-10-05,19.590212,623195427,12208530546.14
2016-10-06,19.602897,631845427,12386000652.53
2016-10-07,19.616284,633095427,12418979395.12
2016-10-10,19.714336,637895427,12575684568.63
2016-10-11,19.505846,636045427,12406603846.53
2016-10-12,19.534477,639745427,12497092468.89
2016-10-13,19.323043,644195427,12447816109.91
2016-10-14,19.417927,637995427,12388548929.52
2016-10-17,19.339404,640545427,12387766866.97
2016-10-18,19.487135,640645427,12484343706.84
2016-10-19,19.651004,646145427,12697406589.93
2016-10-20,19.647401,653545427,12840469218.95
2016-10-21,19.6476,654245427,12854352591.63
2016-10-24,19.723226,652345427,12866356146.49
2016-10-25,19.678984,655795427,12905387868.26
2016-10-26,19.800288,654295427,12955238135.43
2016-10-27,19.843466,658745427,13071792427.39
2016-10-28,19.766102,661645427,13078151072.52
2016-10-31,19.745924,663295427,13097380783.94
2016-11-01,19.67028,664095427,13062943285.73
2016-11-02,19.528876,657995427,12849911405.3
2016-11-03,19.566374,656095427,12837408321.86
2016-11-04,19.474788,646495427,12590361581.17
2016-11-07,19.980151,649395427,12975018555.58
2016-11-08,20.012639,666595427,13340333708.3
2016-11-09,20.827143,672795427,14012406867.87
2016-11-10,21.597342,770845427,16648212114.63
2016-11-11,21.68094,832845427,18056871682.14
2016-11-14,22.176958,856895427,19003333476.82
2016-11-15,22.188713,890145427,19751181077.69
2016-11-16,21.875418,911495427,19939343092.21
2016-11-17,22.148523,895745427,19839438206.65
2016-11-18,22.169442,916245427,20312650276.42
2016-11-21,22.237761,923445427,20535359123.01
2016-11-22,22.260652,923345427,20554270863.28
2016-11-23,22.384159,924895427,20703006237.38
2016-11-25,22.439672,927495427,20812693128.84
2016-11-28,22.129797,922845427,20422382395.0
2016-11-29,22.184864,911595427,20223620749.54
2016-11-30,22.488573,933095427,20983984265.07
2016-12-01,22.861166,944195427,21585408479.0
2016-12-02,22.645839,959445427,21727446687.39
2016-12-05,22.908956,954895427,21875657065.55
2016-12-06,23.129579,952595427,22033130800.28
2016-12-07,23.497344,965145427,22678353697.86
2016-12-08,23.714792,970695427,23019840564.35
2016-12-09,23.744871,959545427,22784282165.98
2016-12-12,23.5282,970445427,22832834420.45
2016-12-13,23.580061,969195427,22853687097.89
2016-12-14,23.445833,959495427,22496169170.32
2016-12-15,23.683789,957545427,22678303887.56
2016-12-16,23.369453,965395427,22560763514.25
2016-12-19,23.39244,950645427,22237916204.06
2016-12-20,23.654822,946245427,22383267150.15
2016-12-21,23.597535,950595427,22431708590.57
2016-12-22,23.535022,951295427,22388758906.21
2016-12-23,23.577011,954395427,22501791675.43
2016-12-27,23.604921,957445427,22600423740.02
2016-12-28,23.37007,971895427,22713264498.63
2016-12-29,23.201084,971695427,22544387620.06
2016-12-30,23.255081,966545427,22477092547.79
2017-01-03,23.482525,964845427,22657006807.91
2017-01-04,23.699357,991095427,23488324589.86
2017-01-05,23.459181,990895427,23245595137.97
2017-01-06,23.550778,998045427,23504745969.11
2017-01-09,23.367509,997945427,23319498753.52
2017-01-10,23.457648,993695427,23309757502.75
2017-01-11,23.564869,997245427,23499957406.51
2017-01-12,23.393354,1000945427,23415470962.83
2017-01-13,23.521189,991295427,23316447359.18
2017-01-17,22.986312,986445427,22674742469.16
2017-01-18,23.166832,967495427,22413803729.54
2017-01-19,23.028113,968495427,22302622234.2
2017-01-20,23.135659,968695427,22411407247.2
2017-01-23,23.002707,956295427,21997383696.36
2017-01-24,23.281303,950395427,22126443765.6
2017-01-25,23.664002,941345427,22276000451.4
2017-01-26,23.733584,957745427,22730731671.01
2017-01-27,23.635138,970595427,22940157301.33
2017-01-30,23.469645,964145427,22628151366.86
2017-01-31,23.31006,969895427,22608320984.62
2017-02-01,23.335575,971745427,22676238694.49
2017-02-02,23.242948,965645427,22444446303.17
2017-02-03,23.702992,968495427,22956239462.05
2017-02-06,23.620814,966945427,22840037725.29
2017-02-07,23.565494,974845427,22972714116.95
2017-02-08,23.390772,970345427,22697128331.06
2017-02-09,23.712927,970095427,23003802426.64
2017-02-10,23.768956,980195427,23298222169.27
2017-02-13,24.034268,988645427,23761368703.94
2017-02-14,24.332344,1010495427,24587722510.23
2017-02-15,24.513078,1019845427,24999550153.6
2017-02-16,24.47868,1026245427,25121133814.08
2017-02-17,24.473931,1018845427,24935152730.76
2017-02-21,24.587226,1020595427,25093610564.82
2017-02-22,24.605935,1026845427,25266492078.69
2017-02-23,24.628702,1024945427,25243075229.08
2017-02-24,24.446283,1027245427,25112332091.87
2017-02-27,24.556613,1023845427,25142175991.41
2017-02-28,24.516267,1022045427,25056738861.09
2017-03-01,25.220258,1006345427,25380291559.28
2017-03-02,24.855232,1022495427,25414360996.6
2017-03-03,24.952716,1021495427,25489085342.29
2017-03-06,24.796923,1022345427,25351021228.0
2017-03-07,24.725267,1029095427,25444659328.3
2017-03-08,24.726609,1032095427,25520220224.46
2017-03-09,24.802163,1022895427,25370019339.85
2017-03-10,24.793436,1025995427,25437952314.13
2017-03-13,24.810313,1022245427,25362228528.16
2017-03-14,24.783048,1027995427,25476859715.28
2017-03-15,24.750159,1033145427,25570513400.34
2017-03-16,24.828534,1028995427,25548447723.43
2017-03-17,24.479327,1028045427,25165860264.02
2017-03-20,24.261706,1021195427,24775942771.93
2017-03-21,23.56613,1015345427,23927762271.03
2017-03-22,23.51916,995995427,23424975810.7
2017-03-23,23.570413,1003445427,23651622832.03
2017-03-24,23.548289,1004995427,23665922571.48
2017-03-27,23.434295,998595427,23401379673.66
2017-03-28,23.753936,994195427,23616054709.14
2017-03-29,23.633509,992345427,23452604382.34
2017-03-30,23.922295,990695427,23699708485.27
2017-03-31,23.750873,1000845427,23770952506.88
2017-04-03,23.681386,1000695427,23697854927.72
2017-04-04,23.648031,990895427,23432725531.34
2017-04-05,23.485506,978695427,22985157028.96
2017-04-06,23.617,964045427,22767861090.63
2017-04-07,23.536311,971495427,22865418630.34
2017-04-10,23.47555,976045427,22913203416.47
2017-04-11,23.413535,975045427,22829259980.03
2017-04-12,23.206791,973095427,22582422599.11
2017-04-13,22.916464,970845427,22248343959.85
2017-04-17,23.283319,959045427,22329760798.3
2017-04-18,23.090894,958895427,22141752570.79
2017-04-19,23.03064,959695427,22102399965.34
2017-04-20,23.387132,959195427,22432829673.98
2017-04-21,23.174607,974145427,22575437061.16
2017-04-24,23.681251,968145427,22926894767.72
2017-04-25,23.87687,973345427,23240442691.49
2017-04-26,23.886497,981895427,23454042648.63
2017-04-27,23.770822,979395427,23281034337.43
2017-04-28,23.549206,975295427,22967433080.37
2017-05-01,23.669874,968345427,22920613830.63
2017-05-02,23.662287,970495427,22964141448.97
2017-05-03,23.817852,964845427,22980545458.44
2017-05-04,23.875548,971895427,23204535740.94
2017-05-05,23.851138,966145427,23043668358.4
2017-05-08,23.832969,976745427,23278743936.28
2017-05-09,23.726162,971395427,23047484883.28
2017-05-10,23.792816,965495427,22971855194.55
2017-05-11,23.668797,967995427,22911287639.6
2017-05-12,23.562116,963295427,22697279015.06
2017-05-15,23.743323,953945427,22649834522.21
2017-05-16,23.782838,956745427,22754121641.05
2017-05-17,23.060942,954195427,22004644950.49
2017-05-18,23.133148,928145427,21470925322.75
2017-05-19,23.328826,926645427,21617549955.08
2017-05-22,23.39904,930095427,21763339864.3
2017-05-23,23.588738,930345427,21945674788.54
2017-05-24,23.580099,942295427,22219419395.66
2017-05-25,23.637931,939095427,22198272571.03
2017-05-26,23.623891,944095427,22303207514.29
2017-05-30,23.445796,943195427,22113967630.26
2017-05-31,23.267255,942395427,21926954590.28
2017-06-01,23.548023,938045427,22089115313.45
2017-06-02,23.460692,939445427,22040040268.38
2017-06-05,23.479455,932745427,21900354325.11
2017-06-06,23.38177,924095427,21606986851.98
2017-06-07,23.577725,923495427,21773921104.24
2017-06-08,23.84458,944795427,22528249768.38
2017-06-09,24.303012,949495427,23075598667.0
2017-06-12,24.344537,982445427,23917179173.22
2017-06-13,24.453604,996895427,24377685929.03
2017-06-14,24.500414,1001695427,24541952911.25
2017-06-15,24.409981,997495427,24348844101.41
2017-06-16,24.290834,994445427,24155908693.17
2017-06-19,24.528661,995945427,24429207900.38
2017-06-20,24.330054,997395427,24266685090.29
2017-06-21,24.140386,997895427,24089581230.65
2017-06-22,23.985802,993345427,23826186704.41
2017-06-23,23.876462,985345427,23526563126.16
2017-06-26,24.00366,963745427,23133417587.99
2017-06-27,24.126769,965795427,23301522898.84
2017-06-28,24.515693,962395427,23593791018.34
2017-06-29,24.6758,979645427,24173534775.05
2017-06-30,24.661564,984695427,24284129329.87
2017-07-03,25.005232,994145427,24858836779.56
2017-07-05,25.066083,1005895427,25213858190.45
2017-07-06,24.900423,1019795427,25393337897.94
2017-07-07,25.040473,1017595427,25481071295.14
2017-07-10,24.997872,1017895427,25445219226.14
2017-07-11,24.828072,1024495427,25436246010.57
2017-07-12,24.856396,1028145427,25555989744.86
2017-07-13,25.009716,1020545427,25523551361.26
2017-07-14,24.880413,1025445427,25513505265.17
2017-07-17,24.847807,1027295427,25526038393.04
2017-07-18,24.778874,1027545427,25461418247.42
2017-07-19,24.830142,1026545427,25489269134.56
2017-07-20,24.81631,1030895427,25583020793.0
2017-07-21,24.810797,1034745427,25672859171.62
2017-07-24,24.886781,1026295427,25541189905.86
2017-07-25,25.201173,1020395427,25715161794.27
2017-07-26,25.048467,1035545427,25938825363.63
2017-07-27,24.919497,1041745427,25959771659.2
2017-07-28,24.929937,1030695427,25695172568.26
2017-07-31,25.084472,1033995427,25937228869.16
2017-08-01,25.286926,1033445427,26132658228.57
2017-08-02,25.316197,1032095427,26128731142.24
2017-08-03,25.214563,1031145427,25999881286.52
2017-08-04,25.395556,1031395427,26192860565.96
2017-08-07,25.351321,1034095427,26215685391.94
2017-08-08,25.307986,1029545427,26055720751.1
2017-08-09,25.290582,1034495427,26162991809.69
2017-08-10,24.846657,1031395427,25626728055.99
2017-08-11,24.714677,1018195427,25164370788.47
2017-08-14,25.055706,1020845427,25578003252.74
2017-08-15,25.110472,1015645427,25503336346.79
2017-08-16,25.050299,1016895427,25473534716.53
2017-08-17,24.616042,1016395427,25019632411.8
2017-08-18,24.605162,1003045427,24680095142.82
2017-08-21,24.547508,1003095427,24623493408.41
2017-08-22,24.804356,998395427,24764555241.3
2017-08-23,24.74944,999695427,24741902436.2
2017-08-24,24.729968,1019645427,25215798299.13
2017-08-25,24.790205,1019645427,25277219066.07
2017-08-28,24.671224,1021145427,25192907583.99
2017-08-29,24.560959,1018995427,25027505294.22
2017-08-30,24.678848,1011995427,24974881741.08
2017-08-31,24.679487,1012645427,24991569386.97
2017-09-01,24.787321,1014395427,25144144936.63
2017-09-05,24.24294,1015045427,24607684947.55
2017-09-06,24.301784,1005845427,24443838195.85
2017-09-07,23.905612,1001495427,23941361513.88
2017-09-08,24.088281,988545427,23812360173.54
2017-09-11,24.505121,984145427,24116602387.05
2017-09-12,24.801169,991495427,24590246031.09
2017-09-13,24.855064,1001395427,24889747050.82
2017-09-14,24.77331,1012645427,25086579131.55
2017-09-15,24.7881,1012745427,25104034910.22
2017-09-18,25.039244,1010945427,25313309177.98
2017-09-19,25.238689,1013295427,25574247672.61
2017-09-20,25.394909,1031295427,26189653767.04
2017-09-21,25.445641,1038195427,26417548081.49
2017-09-22,25.442657,1039695427,26452614050.19
2017-09-25,25.403321,1045795427,26566677175.52
2017-09-26,25.380188,1046045427,26548829226.15
2017-09-27,25.709293,1044945427,26864807975.37
2017-09-28,25.74884,1058745427,27261466266.7
2017-09-29,25.835982,1058495427,27347268424.87
2017-10-02,26.064613,1061245427,27660951150.02
2017-10-03,26.142339,1066295427,27875456256.21
2017-10-04,26.058307,1077595427,28080312837.54
2017-10-05,26.333328,1081645427,28483323608.21
2017-10-06,26.346372,1083745427,28552759673.77
2017-10-09,26.248561,1081445427,28386386453.33
2017-10-10,26.356682,1081995427,28517809228.54
2017-10-11,26.319951,1082145427,28482015046.28
2017-10-12,26.131082,1082845427,28295922313.07
2017-10-13,26.12057,1079695427,28202260398.39
2017-10-16,26.291261,1078145427,28345802836.43
2017-10-17,26.146331,1083695427,28334659232.9
2017-10-18,26.293192,1083645427,28492497678.64
2017-10-19,26.331567,1096945427,28884292212.52
2017-10-20,26.636915,1098095427,29249874412.4
2017-10-23,26.599678,1097945427,29204995299.47
2017-10-24,26.796935,1096595427,29385396493.95
2017-10-25,26.664836,1104545427,29452522233.77
2017-10-26,26.812319,1098595427,29455891425.32
2017-10-27,26.785647,1098445427,29422570974.77
2017-10-30,26.663514,1096395427,29233755053.56
2017-10-31,26.590156,1098495427,29209164532.79
2017-11-01,26.651622,1097545427,29251365444.06
2017-11-02,26.894542,1100795427,29605388530.78
2017-11-03,26.789985,1103745427,29569323517.49
2017-11-06,26.754501,1106545427,29605070213.26
2017-11-07,26.400287,1106595427,29214437333.03
2017-11-08,26.241667,1094895427,28731881657.48
2017-11-09,26.154651,1092545427,28575144573.48
2017-11-10,26.084678,1093595427,28526084167.4
2017-11-13,26.132484,1098695427,28711641140.83
2017-11-14,26.118263,1107545427,28927162669.23
2017-11-15,26.167712,1102545427,28851091340.8
2017-11-16,26.187476,1110345427,29077144624.63
2017-11-17,26.152577,1134245427,29663441130.08
2017-11-20,26.281275,1131945427,29748969329.39
2017-11-21,26.348495,1136745427,29951531403.27
2017-11-22,26.244094,1129745427,29649144974.58
2017-11-24,26.206186,1127145427,29538182721.68
2017-11-27,26.197634,1125295427,29480077291.55
2017-11-28,26.87192,1127145427,30288561541.65
2017-11-29,27.352038,1138345427,31136067867.37
2017-11-30,27.516095,1155295427,31789218991.93
2017-12-01,27.579771,1146745427,31626976400.12
2017-12-04,28.006815,1155645427,32365947812.02
2017-12-05,27.844479,1173495427,32675368376.51
2017-12-06,27.750298,1178495427,32703599172.37
2017-12-07,27.834272,1185445427,32996010664.31
2017-12-08,27.99842,1189645427,33308192137.45
2017-12-11,27.931804,1193945427,33349049860.08
2017-12-12,28.2168,1192645427,33652637866.2
2017-12-13,27.863173,1203445427,33531808206.82
2017-12-14,27.678092,1185645427,32816403577.21
2017-12-15,27.837685,1167545427,32501761426.07
2017-12-18,28.066748,1176045427,33007770496.04
2017-12-19,27.95451,1176095427,32877171345.8
2017-12-20,27.886052,1182645427,32979311295.62
2017-12-21,28.122047,1170245427,32909697081.63
2017-12-22,28.06154,1169145427,32808020636.32
2017-12-26,27.967892,1164495427,32568482357.85
2017-12-27,27.9955,1170895427,32779802619.65
2017-12-28,28.117081,1170545427,32912320875.58
2017-12-29,27.923022,1175645427,32827573080.33
2018-01-02,27.906108,1173045427,32735132930.97
2018-01-03,28.055084,1178445427,33061385610.79
2018-01-04,28.335647,1189195427,33696622375.79
2018-01-05,28.419825,1190595427,33836513882.03
2018-01-08,28.384189,1172195427,33271816504.26
2018-01-09,28.58696,1143595427,32691916985.75
2018-01-10,28.828718,1148845427,33119741124.82
2018-01-11,28.963615,1152595427,33383330195.73
2018-01-12,29.234789,1152495427,33692960710.64
2018-01-16,29.141946,1155895427,33685042134.93
2018-01-17,29.384877,1163395427,34186231502.92
2018-01-18,29.342302,1165245427,34190982652.85
2018-01-19,29.541572,1164845427,34411365461.86
2018-01-22,29.785622,1155995427,34432042557.95
2018-01-23,29.798151,1155845427,34442056020.79
2018-01-24,29.999317,1142195427,34265082555.95
2018-01-25,29.942986,1150045427,34435794527.68
2018-01-26,30.185838,1157895427,34952043977.92
2018-01-29,30.049807,1162895427,34944783204.97
2018-01-30,29.688923,1167195427,34652774796.64
2018-01-31,29.723384,1163595427,34585993885.22
2018-02-01,30.037986,1161795427,34897994589.16
2018-02-02,29.378348,1175595427,34537051023.09
2018-02-05,27.916262,1174845427,32797292914.3
2018-02-06,28.388744,1181845427,33551106742.96
2018-02-07,28.436257,1174845427,33408206362.7
2018-02-08,27.160272,1166395427,31679617176.49
2018-02-09,27.682096,1156445427,32012833822.0
2018-02-12,28.062232,1158745427,32516982728.67
2018-02-13,28.18683,1157995427,32640220454.67
2018-02-14,28.840254,1150595427,33183464135.12
2018-02-15,29.019255,1153195427,33464872556.3
2018-02-16,28.987348,1148145427,33281690806.05
2018-02-20,28.925547,1144045427,33092139919.4
2018-02-21,28.908452,1148045427,33188216418.52
2018-02-22,28.68304,1142945427,32783149818.58
2018-02-23,29.103047,1141445427,33219540276.73
2018-02-26,29.54155,1144445427,33808692271.81
2018-02-27,29.267238,1155495427,33818159463.46
2018-02-28,28.894353,1151445427,33270270581.32
2018-03-01,28.372169,1148145427,32575375816.63
2018-03-02,28.461588,1146545427,32632504095.53
2018-03-05,28.84955,1149995427,33176850330.26
2018-03-06,28.964852,1147745427,33244275975.51
2018-03-07,28.914872,1155195427,33402327894.07
2018-03-08,28.99786,1152795427,33428600331.22
2018-03-09,29.714535,1150545427,34187922654.02
2018-03-12,29.596651,1161145427,34366015735.17
2018-03-13,29.273668,1164295427,34083197636.13
2018-03-14,28.929632,1165695427,33723140111.14
2018-03-15,28.954813,1161595427,33633778068.03
2018-03-16,28.904672,1153245427,33334180348.28
2018-03-19,28.658468,1137695427,32604608088.31
2018-03-20,28.717704,1141395427,32778256123.56
2018-03-21,28.707554,1143295427,32821214952.97
2018-03-22,27.647581,1152995427,31877534240.4
2018-03-23,26.822683,1140795427,30599193667.31
2018-03-26,27.693341,1129845427,31289194997.16
2018-03-27,27.145777,1142945427,31026141650.16
2018-03-28,27.198681,1147595427,31213081475.85
2018-03-29,27.548912,1157295427,31882229457.31
2018-04-02,26.964164,1163645427,31376725999.6
2018-04-03,27.336537,1160045427,31711625002.28
2018-04-04,27.63801,1167595427,32270013991.57
2018-04-05,27.846413,1175545427,32734723784.6
2018-04-06,27.168307,1172345427,31850640809.24
2018-04-09,27.307316,1169495427,31935780862.6
2018-04-10,27.732328,1167795427,32385685849.98
2018-04-11,27.384477,1174045427,32150620533.46
2018-04-12,27.882647,1176045427,32791259560.51
2018-04-13,27.453122,1184745427,32524960237.15
2018-04-16,27.582269,1188595427,32784158908.15
2018-04-17,27.561593,1187395427,32726509982.26
2018-04-18,27.460135,1182595427,32474229826.73
2018-04-19,27.877892,1165845427,32501313013.16
2018-04-20,27.891017,1165745427,32513824957.13
2018-04-23,27.860708,1158595427,32279288723.84
2018-04-24,27.67128,1162345427,32163585231.11
2018-04-25,27.653644,1182945427,32712751843.68
2018-04-26,27.664073,1181395427,32682209074.49
2018-04-27,27.708139,1176695427,32604040929.13
2018-04-30,27.445069,1169395427,32094138614.92
2018-05-01,27.468935,1163795427,31968221172.63
2018-05-02,27.141538,1166545427,31661837152.97
2018-05-03,26.92446,1162295427,31294176418.14
2018-05-04,27.270839,1161445427,31673591660.45
2018-05-07,27.455948,1161995427,31903686185.32
2018-05-08,27.639932,1161595427,32106418513.83
2018-05-09,28.052799,1159545427,32528494824.54
2018-05-10,28.275887,1169295427,33062865552.51
2018-05-11,28.255754,1168545427,33018132354.86
2018-05-14,28.238463,1171345427,33076994937.71
2018-05-15,28.19361,1166745427,32894765624.92
2018-05-16,28.221782,1164195427,32855669240.7
2018-05-17,28.199862,1160745427,32732860583.75
2018-05-18,27.943906,1167045427,32611808271.98
2018-05-21,28.153067,1166945427,32853092950.45
2018-05-22,28.321739,1170795427,33158962075.3
2018-05-23,28.153599,1176895427,33133842019.63
2018-05-24,27.954071,1180595427,33002448655.17
2018-05-25,27.838282,1175145427,32714029435.89
2018-05-29,26.903297,1171595427,31519780290.39
2018-05-30,27.428849,1159795427,31811854096.44
2018-05-31,27.19578,1169845427,31814859312.06
2018-06-01,27.496816,1166695427,32080409033.11
2018-06-04,27.575092,1166695427,32171734032.97
2018-06-05,27.459154,1162295427,31915649023.0
2018-06-06,27.96635,1156445427,32341557029.58
2018-06-07,28.03142,1165645427,32674696306.55
2018-06-08,28.102803,1170695427,32899823355.25
2018-06-11,28.024854,1175945427,32955698803.12
2018-06-12,27.931786,1179695427,32950999979.57
2018-06-13,27.843219,1180495427,32868793228.04
2018-06-14,27.58716,1181495427,32594103206.84
2018-06-15,27.460206,1175195427,32271108978.27
2018-06-18,27.439944,1155645427,31710845678.79
2018-06-19,27.34902,1149045427,31425266934.63
2018-06-20,27.264155,1138745427,31046931802.9
2018-06-21,27.215654,1137695427,30963125387.11
2018-06-22,27.072764,1137545427,30796498786.76
2018-06-25,26.793239,1119795427,30002946442.76
2018-06-26,26.694309,1117245427,29824094498.5
2018-06-27,26.357231,1113295427,29343385284.67
2018-06-28,26.589158,1111745427,29560375050.08
2018-06-29,26.556943,1118945427,29715769463.33
2018-07-02,26.732267,1114145427,29783632874.99
2018-07-03,26.451059,1119945427,29623742129.28
2018-07-05,26.530231,1114595427,29570473952.27
2018-07-06,26.662223,1116395427,29765583534.84
2018-07-09,27.280555,1107895427,30224001675.92
2018-07-10,27.181333,1121395427,30481022924.77
2018-07-11,27.040338,1108645427,29978147108.96
2018-07-12,27.091831,1110445427,30084000280.55
2018-07-13,26.96673,1118495427,30162164230.3
2018-07-16,27.453566,1111745427,30521376327.13
2018-07-17,27.495182,1120945427,30820598098.15
2018-07-18,27.914989,1121045427,31293970276.65
2018-07-19,27.513526,1136845427,31278626139.75
2018-07-20,27.567277,1131745427,31199139769.13
2018-07-23,27.930766,1135095427,31704084544.45
2018-07-24,28.022364,1142945427,32028032733.74
2018-07-25,28.093497,1144145427,32143046173.65
2018-07-26,28.059553,1144145427,32104209086.5
2018-07-27,28.127879,1140545427,32081123671.98
2018-07-30,28.140536,1134745427,31932344355.5
2018-07-31,27.950586,1137695427,31799254021.15
2018-08-01,27.948812,1113045427,31108297551.94
2018-08-02,27.959725,1118895427,31284008716.64
2018-08-03,28.125547,1138195427,32012368677.98
2018-08-06,28.245242,1136095427,32089289963.42
2018-08-07,28.381574,1134595427,32201604531.27
2018-08-08,28.454268,1145645427,32598502098.35
2018-08-09,28.314727,1149495427,32547648954.6
2018-08-10,27.986301,1151295427,32220500456.65
2018-08-13,27.702816,1129495427,31290203448.5
2018-08-14,27.940153,1118545427,31252330591.3
2018-08-15,27.752775,1120645427,31101020367.65
2018-08-16,28.098625,1115145427,31334053306.22
2018-08-17,28.158391,1116045427,31426043525.49
2018-08-20,28.26044,1111195427,31402871450.34
2018-08-21,28.366733,1110295427,31495453644.13
2018-08-22,28.292853,1114495427,31532255111.85
2018-08-23,28.148159,1124745427,31659513281.07
2018-08-24,28.231476,1122445427,31688291661.54
2018-08-27,28.60981,1119245427,32021399105.61
2018-08-28,28.580266,1124245427,32131233470.22
2018-08-29,28.57608,1127945427,32232258763.38
2018-08-30,28.355754,1125095427,31902929578.84
2018-08-31,28.333666,1120845427,31757660480.89
2018-09-04,28.483469,1119195427,31878567831.46
2018-09-05,28.493732,1115495427,31784627253.56
2018-09-06,28.342321,1124895427,31882147626.22
2018-09-07,28.313284,1124045427,31825417252.71
2018-09-10,28.291201,1128545427,31927905523.47
2018-09-11,28.323354,1124195427,31840984769.35
2018-09-12,28.072601,1123195427,31531017295.49
2018-09-13,28.035084,1119145427,31375336494.87
2018-09-14,28.222616,1107295427,31250774170.49
2018-09-17,28.123042,1111945427,31271288386.74
2018-09-18,28.23959,1110045427,31347227291.34
2018-09-19,28.733403,1110995427,31922679264.29
2018-09-20,28.965408,1135795427,32898778244.32
2018-09-21,28.732333,1147495427,32970220554.19
2018-09-24,28.428055,1144595427,32538621575.89
2018-09-25,28.319042,1135745427,32163222588.13
2018-09-26,27.958326,1134695427,31724185033.9
2018-09-27,27.871013,1133795427,31600026957.09
2018-09-28,27.577756,1137395427,31366813013.54
2018-10-01,27.673243,1126045427,31161328603.95
2018-10-02,27.685349,1121695427,31054529927.58
2018-10-03,27.910459,1110395427,30991646268.98
2018-10-04,28.132989,1130395427,31801401895.55
2018-10-05,28.015966,1136345427,31835814530.1
2018-10-08,28.177235,1137945427,32064155519.89
2018-10-09,28.081099,1141995427,32068486748.89
2018-10-10,27.231491,1147845427,31257542031.07
2018-10-11,26.435763,1132145427,29929128021.69
2018-10-12,26.461364,1129945427,29899897024.79
2018-10-15,26.326985,1090095427,28698925456.67
2018-10-16,26.7498,1096545427,29332370423.28
2018-10-17,26.992684,1078195427,29103388728.62
2018-10-18,26.574107,1102995427,29311118208.67
2018-10-19,26.665872,1096645427,29243006305.76
2018-10-22,26.118534,1098645427,28695007874.19
2018-10-23,25.903123,1098245427,28447986772.06
2018-10-24,25.207574,1096995427,27652593084.05
2018-10-25,25.619082,1088445427,27884972902.63
2018-10-26,25.273701,1083095427,27373829967.46
2018-10-29,25.491982,1093345427,27871542145.5
2018-10-30,25.90365,1113995427,28856548120.81
2018-10-31,26.274502,1100245427,28908401127.69
2018-11-01,26.393318,1095745427,28920357485.35
2018-11-02,26.408597,1106245427,29214389429.05
2018-11-05,26.78201,1089145427,29169504089.55
2018-11-06,26.915673,1090745427,29358147779.19
2018-11-07,27.276266,1093595427,29829199385.98
2018-11-08,27.384381,1108445427,30354092305.26
2018-11-09,27.122132,1092445427,29629448852.07
2018-11-12,26.582579,1083645427,28806090429.28
2018-11-13,26.739453,1080945427,28903888902.32
2018-11-14,26.372537,1086895427,28664189832.21
2018-11-15,26.752315,1085295427,29034164977.17
2018-11-16,26.778723,1083045427,29002573136.72
2018-11-19,26.769832,1073845427,28746661636.6
2018-11-20,26.214247,1064145427,27895770674.11
2018-11-21,26.230848,1082245427,28388214839.53
2018-11-23,25.994852,1076745427,27989837673.5
2018-11-26,26.540204,1079395427,28647374715.55
2018-11-27,26.559833,1085045427,28818625789.62
2018-11-28,27.041181,1085395427,29350373697.99
2018-11-29,26.826287,1090795427,29261991639.21
2018-11-30,27.005827,1090995427,29463234036.2
2018-12-03,27.133247,1088045427,29522204881.79
2018-12-04,25.941737,1078695427,27983232768.0
2018-12-06,25.585417,1067495427,27312315694.97
2018-12-07,25.119122,1068595427,26842178452.13
2018-12-10,24.769326,1063545427,26343303411.17
2018-12-11,24.520795,1053345427,25828867551.54
2018-12-12,24.629155,1042845427,25684401949.38
2018-12-13,24.489173,1036245427,25376793185.49
2018-12-14,24.239317,997845427,24187092116.12
2018-12-17,24.005048,988995427,23740883175.1
2018-12-18,23.890944,981745427,23454825147.68
2018-12-19,23.595246,975895427,23026492968.33
2018-12-20,23.415775,974045427,22808028205.64
2018-12-21,22.814221,967095427,22063528371.61
2018-12-24,22.279612,949245427,21148820019.6
2018-12-26,23.312905,943745427,22001447219.48
2018-12-27,23.575485,956345427,22546307461.79
2018-12-28,23.58618,967695427,22824238372.74
2018-12-31,23.818064,959745427,22859278418.54
2019-01-02,23.99347,961445427,23068412398.45
2019-01-03,23.473322,1002045427,23521335044.09
2019-01-04,24.241925,993245427,24078181452.94
2019-01-07,24.297216,996395427,24209634824.56
2019-01-08,24.29726,998895427,24270421607.85
2019-01-09,24.422623,974245427,23793628767.66
2019-01-10,24.452146,969345427,23702575588.61
2019-01-11,24.493992,960645427,23530041135.16
2019-01-14,24.671063,957445427,23621196287.92
2019-01-15,24.869976,956695427,23792992235.59
2019-01-16,25.419885,965345427,24538970049.15
2019-01-17,25.557582,945995427,24177356083.17
2019-01-18,25.992997,951145427,24723120315.81
2019-01-22,25.711398,945495427,24310008798.08
2019-01-23,25.720261,932095427,23973737793.16
2019-01-24,25.772507,924895427,23836874197.77
2019-01-25,25.994763,926145427,24074930434.8
2019-01-28,25.925564,933295427,24196210295.46
2019-01-29,25.850246,934045427,24145303931.91
2019-01-30,25.966536,949845427,24664195503.83
2019-01-31,25.914682,935945427,24254728247.4
2019-02-01,26.069486,942295427,24565157082.75
2019-02-04,26.170856,925145427,24211847297.05
2019-02-05,26.133427,922245427,24101433549.07
2019-02-06,26.062489,920345427,23986492256.02
2019-02-07,25.818775,909245427,23475602923.28
2019-02-08,25.679167,910045427,23369208598.74
2019-02-11,25.743331,904395427,23282151118.8
2019-02-12,26.146348,904895427,23659710998.23
2019-02-13,26.201708,910945427,23868326483.55
2019-02-14,25.900438,912045427,23622376017.11
2019-02-15,26.420782,898295427,23733667287.14
2019-02-19,26.476765,897645427,23766747059.51
2019-02-20,26.630739,895045427,23835720779.28
2019-02-21,26.51203,898945427,23832867961.46
2019-02-22,26.451282,902045427,23860258329.65
2019-02-25,26.562972,898595427,23869365269.35
2019-02-26,26.50025,897595427,23786503281.39
2019-02-27,26.599806,898145427,23890493937.81
2019-02-28,26.5385,902845427,23960163218.6
2019-03-01,26.684735,908795427,24250965427.84
2019-03-04,26.522,901645427,23913440252.81
2019-03-05,26.439471,884045427,23373693429.99
2019-03-06,26.250953,904745427,23750430054.98
2019-03-07,25.977489,905595427,23525095216.59
2019-03-08,25.978914,899845427,23377007193.06
2019-03-11,26.235174,895195427,23485607939.19
2019-03-12,26.281518,898645427,23617765958.34
2019-03-13,26.472711,905195427,23962977233.3
2019-03-14,26.587913,919995427,24460757920.71
2019-03-15,26.622984,925045427,24627469699.23
2019-03-18,26.895316,917645427,24680363408.84
2019-03-19,26.69039,924345427,24671139756.31
2019-03-20,26.134479,924595427,24163819843.81
2019-03-21,26.058428,908145427,23664841998.18
2019-03-22,25.33712,915945427,23207419037.81
2019-03-25,25.238052,906895427,22888274307.86
2019-03-26,25.523345,895895427,22866247635.8
2019-03-27,25.411702,890245427,22622651386.06
2019-03-28,25.62946,871845427,22344927146.81
2019-03-29,25.712885,860845427,22134819708.1
2019-04-01,26.333951,849995427,22383737647.21
2019-04-02,26.330888,863295427,22731335063.95
2019-04-03,26.414681,867195427,22906690860.62
2019-04-04,26.568651,867195427,23040212327.93
2019-04-05,26.591934,881045427,23428702107.77
2019-04-08,26.63166,886245427,23602186914.67
2019-04-09,26.400158,891295427,23530340381.19
2019-04-10,26.488919,892995427,23654483788.74
2019-04-11,26.636807,888195427,23658689789.87
2019-04-12,27.148497,897045427,24353435297.93
2019-04-15,26.984553,910895427,24580106228.83
2019-04-16,27.352623,917695427,25101377073.43
2019-04-17,27.40239,924545427,25334754357.37
2019-04-18,27.335678,921295427,25184235439.66
2019-04-22,27.265368,920595427,25100373041.59
2019-04-23,27.423947,919595427,25218936322.87
2019-04-24,27.385666,916645427,25102945860.02
2019-04-25,27.456328,916495427,25163598932.91
2019-04-26,27.717022,912195427,25283340637.11
2019-04-29,27.976055,912795427,25536415131.0
2019-04-30,28.022971,922345427,25846859417.45
2019-05-01,27.783346,918595427,25521654395.19
2019-05-02,27.827049,913695427,25425447843.75
2019-05-03,28.06792,939895427,26380909954.58
2019-05-06,27.885088,956645427,26676141622.35
2019-05-07,27.414131,936045427,25660872332.94
2019-05-08,27.335843,928845427,25390772608.16
2019-05-09,27.314635,941995427,25730261142.94
2019-05-10,27.458063,922295427,25324445717.2
2019-05-13,26.67059,912595427,24339458377.14
2019-05-14,26.886809,906845427,24382179533.66
2019-05-15,26.758731,900645427,24100128408.62
2019-05-16,27.05152,898695427,24311077232.2
2019-05-17,26.89129,901795427,24250441949.2
2019-05-20,26.927945,898245427,24187903887.2
2019-05-21,27.159936,900895427,24468262195.41
2019-05-22,27.024035,896395427,24224221398.2
2019-05-23,26.623792,895945427,23853464826.0
2019-05-24,26.832847,885995427,23773780168.38
2019-05-28,26.541263,885295427,23496858603.43
2019-05-29,26.514596,887445427,23530257121.72
2019-05-30,26.400003,886245427,23396882296.45
2019-05-31,26.014202,882345427,22953511909.5
2019-06-03,26.192096,875995427,22944156163.85
2019-06-04,26.898644,865745427,23287378146.54
2019-06-05,27.054655,866395427,23440029245.13
2019-06-06,27.16691,868045427,23582111672.96
2019-06-07,27.117821,873045427,23675089573.64
2019-06-10,27.357848,868395427,23757430291.44
2019-06-11,27.35865,873745427,23904495571.53
2019-06-12,27.099937,874895427,23709611145.91
2019-06-13,27.170735,880495427,23923708169.53
2019-06-14,27.24158,878745427,23938413448.88
2019-06-17,26.987441,882845427,23825738676.6
2019-06-18,27.341575,880845427,24083701479.87
2019-06-19,27.285263,880595427,24027277766.78
2019-06-20,27.422853,883445427,24226593674.69
2019-06-21,27.209932,877395427,23873869817.55
2019-06-24,27.118855,872145427,23651585255.92
2019-06-25,27.022882,868295427,23463845208.22
2019-06-26,26.979034,870395427,23482427949.91
2019-06-27,27.234081,871695427,23739824061.57
2019-06-28,27.617111,879895427,24300169501.31
2019-07-01,27.931125,884595427,24707745073.33
2019-07-02,27.879976,890945427,24839537468.96
2019-07-03,28.070619,887895427,24923774630.36
2019-07-05,28.177246,887445427,25005767707.18
2019-07-08,27.999528,894045427,25032850088.93
2019-07-09,28.097582,890145427,25010934327.97
2019-07-10,27.96992,886095427,24784018535.41
2019-07-11,28.136097,879295427,24739941270.85
2019-07-12,28.307878,885895427,25077819808.51
2019-07-15,28.158153,886245427,24955034221.68
2019-07-16,28.085063,892395427,25062982091.96
2019-07-17,27.837849,892845427,24854896247.59
2019-07-18,28.069898,890595427,24998922689.97
2019-07-19,27.933567,883945427,24691748470.01
2019-07-22,27.9917,887195427,24834108596.87
2019-07-23,28.309291,886845427,25105965654.37
2019-07-24,28.567485,889095427,25399220449.1
2019-07-25,28.398925,896495427,25459506081.88
2019-07-26,28.681835,890645427,25545345064.64
2019-07-29,28.457805,894795427,25463913382.63
2019-07-30,28.410762,913045427,25940316597.08
2019-07-31,28.289521,892345427,25244024683.34
2019-08-01,27.634419,891945427,24648394002.23
2019-08-02,27.588396,891845427,24604585238.41
2019-08-05,26.696888,882845427,23569225176.68
2019-08-06,27.097782,851695427,23079057277.61
2019-08-07,26.770538,844545427,22608935387.99
2019-08-08,27.233091,830295427,22611511044.58
2019-08-09,27.152394,805795427,21879275250.0
2019-08-12,26.644213,803095427,21397845739.65
2019-08-13,26.962097,792895427,21378123043.4
2019-08-14,26.006269,798345427,20761985809.9
2019-08-15,26.087419,782895427,20423720676.35
2019-08-16,26.570939,777195427,20650812109.95
2019-08-19,26.83614,775445427,20809961953.24
2019-08-20,26.464087,784795427,20768894515.29
2019-08-21,26.585781,778645427,20700896493.08
2019-08-22,26.751275,781345427,20901986696.12
2019-08-23,26.075391,785045427,20470366079.15
2019-08-26,26.358272,777895427,20503979352.33
2019-08-27,26.175703,779795427,20411693635.32
2019-08-28,26.413802,774995427,20470576141.4
2019-08-29,26.810769,778745427,20878763691.68
2019-08-30,26.918808,783095427,21079995579.98
2019-09-03,26.621824,786295427,20932618777.47
2019-09-04,26.913547,786495427,21167381854.04
2019-09-05,27.43774,778145427,21350552194.83
2019-09-06,27.442058,782145427,21463679832.38
2019-09-09,27.8661,785945427,21901234064.28
2019-09-10,27.977774,793645427,22204432191.79
2019-09-11,28.143691,799545427,22502159836.14
2019-09-12,28.277735,803945427,22733755562.67
2019-09-13,28.514392,798445427,22767185820.32
2019-09-16,28.380724,801895427,22758373087.49
2019-09-17,28.408037,811795427,23061514484.83
2019-09-18,28.531126,807195427,23030194484.39
2019-09-19,28.4196,807895427,22960065029.13
2019-09-20,28.093052,802895427,22555783137.46
2019-09-23,28.140901,799245427,22491486413.54
2019-09-24,27.87645,797295427,22225765878.91
2019-09-25,28.079883,795095427,22326186233.11
2019-09-26,27.970865,800295427,22384955093.93
2019-09-27,28.044874,824295427,23117261496.53
2019-09-30,28.017057,810295427,22702093451.57
2019-10-01,27.435521,804945427,22084096876.54
2019-10-02,26.861091,798095427,21437713768.72
2019-10-03,26.932889,787795427,21217606678.25
2019-10-04,27.452139,793295427,21777655948.51
2019-10-07,27.330898,818345427,22366115681.65
2019-10-08,26.778477,820545427,21972956616.24
2019-10-09,27.045798,818695427,22142271216.15
2019-10-10,27.323903,818345427,22360390875.87
2019-10-11,27.673341,820545427,22707233070.15
2019-10-14,27.706049,816895427,22632945110.71
2019-10-15,28.074333,815145427,22884663989.76
2019-10-16,28.009861,821395427,23007171392.6
2019-10-17,28.042055,822945427,23077080902.06
2019-10-18,28.106659,825445427,23200513167.45
2019-10-21,28.505581,828445427,23615318016.18
2019-10-22,28.425398,827795427,23530414626.88
2019-10-23,28.52727,828395427,23631859991.99
2019-10-24,28.5158,828095427,23613803800.9
2019-10-25,28.65848,827445427,23713327930.21
2019-10-28,28.801137,828245427,23854409761.07
2019-10-29,28.883504,823095427,23773879855.3
2019-10-30,28.84617,846595427,24421035358.35
2019-10-31,28.68883,825245427,23675325895.54
2019-11-01,29.108443,845995427,24625610016.96
2019-11-04,29.370164,849445427,24948351214.55
2019-11-05,29.493875,833745427,24590383704.38
2019-11-06,29.61501,831195427,24615860956.33
2019-11-07,29.837647,846995427,25272350798.56
2019-11-08,29.845055,840495427,25084631876.09
2019-11-11,29.766792,852345427,25371589116.23
2019-11-12,29.777733,853395427,25412181122.47
2019-11-13,29.607757,856845427,25369271561.17
2019-11-14,29.634343,858095427,25429094437.21
2019-11-15,29.768739,862295427,25669447514.32
2019-11-18,29.812437,863745427,25750356076.04
2019-11-19,29.861292,864695427,25820922643.51
2019-11-20,29.714209,860895427,25580826357.94
2019-11-21,29.685446,858645427,25489272345.01
2019-11-22,29.909598,859295427,25701180994.9
2019-11-25,30.108808,861995427,25953655156.09
2019-11-26,30.07367,872345427,26234628064.08
2019-11-27,30.18836,874445427,26398073126.25
2019-11-29,30.129477,879395427,26495724660.59
2019-12-02,29.93856,877445427,26269452636.31
2019-12-03,29.545069,882245427,26066001860.86
2019-12-04,29.836142,874145427,26081127188.26
2019-12-05,29.965574,872195427,26135836262.53
2019-12-06,30.369772,874145427,26547596951.6
2019-12-09,30.283181,884395427,26782306920.19
2019-12-10,30.28253,884395427,26781730681.27
2019-12-11,30.222668,886395427,26789234599.99
2019-12-12,30.828663,882945427,27220026672.27
2019-12-13,30.686496,886645427,27208041613.82
2019-12-16,30.809565,884945427,27264783620.44
2019-12-17,30.961113,864245427,26758000261.09
2019-12-18,30.814984,867245427,26724154070.69
2019-12-19,30.826754,855845427,26382936051.08
2019-12-20,30.688016,856095427,26271870386.66
2019-12-23,30.634431,833995427,25548975751.73
2019-12-24,30.664777,820845427,25171041791.49
2019-12-26,30.840621,821045427,25321550801.61
2019-12-27,30.798141,800895427,24666090194.21
2019-12-30,30.686612,803045427,24642743524.67
2019-12-31,30.77854,793295427,24416474703.65
2020-01-02,31.069952,793595427,24656972014.94
2020-01-03,30.753356,805645427,24776300510.98
2020-01-06,30.735809,826245427,25395321469.63
2020-01-07,30.543382,826395427,25240911206.38
2020-01-08,30.707611,823245427,25279900024.57
2020-01-09,30.943663,825445427,25542305152.34
2020-01-10,30.702186,829145427,25456576987.08
2020-01-13,30.925018,849745427,26278392755.93
2020-01-14,30.851295,846095427,26103139541.56
2020-01-15,30.682096,847845427,26013675061.98
2020-01-16,30.922836,846345427,26171401128.89
2020-01-17,31.055027,847195427,26309677128.71
2020-01-21,30.787451,848695427,26129168569.16
2020-01-22,30.868937,848895427,26204499461.36
2020-01-23,30.796951,848695427,26137231137.36
2020-01-24,30.380258,853445427,25927892424.24
2020-01-27,29.914278,843795427,25241530657.3
2020-01-28,30.254976,838245427,25361095461.82
2020-01-29,30.207203,836995427,25283290999.32
2020-01-30,30.588436,818945427,25050259806.36
2020-01-31,29.982652,818695427,24546659730.35
2020-02-03,30.163395,813045427,24524210228.83
2020-02-04,30.475357,811295427,24724517582.65
2020-02-05,31.073521,797345427,24776330170.88
2020-02-06,31.039847,825845427,25634115949.88
2020-02-07,30.930158,809895427,25050193227.87
2020-02-10,30.994514,810495427,25120911971.0
2020-02-11,31.119203,812745427,25291990115.54
2020-02-12,31.143701,812595427,25307228798.58
2020-02-13,31.138178,814195427,25352562061.64
2020-02-14,31.16577,813795427,25362561118.56
2020-02-18,30.891422,811495427,25068247827.31
2020-02-19,31.119354,808195427,25150519717.5
2020-02-20,31.079542,808595427,25130775451.39
2020-02-21,30.778332,805945427,24805656265.7
2020-02-24,29.774205,799745427,23811784690.84
2020-02-25,28.764188,798945427,22981016435.59
2020-02-26,28.570715,787345427,22495021969.95
2020-02-27,27.325444,770745427,21060960810.56
2020-02-28,26.633861,755945427,20133745565.4
2020-03-02,27.929718,745095427,20810305434.15
2020-03-03,26.889815,739095427,19874139657.05
2020-03-04,27.775481,737845427,20494011302.14
2020-03-05,26.43826,740095427,19566835231.69
2020-03-06,25.570522,730045427,18667642323.77
2020-03-09,22.793616,712045427,16230089955.6
2020-03-10,24.165446,676945427,16358688009.26
2020-03-11,22.834971,655845427,14976211047.6
2020-03-12,20.383454,651295427,13275650092.27
2020-03-13,23.077007,671045427,15485720343.19
2020-03-16,19.858567,640345427,12716342498.91
2020-03-17,21.002473,647745427,13604255620.77
2020-03-18,19.149746,666195427,12757473314.67
2020-03-19,19.582784,687395427,13461116322.04
2020-03-20,18.944245,689945427,13070495478.48
2020-03-23,17.639725,691645427,12200435137.2
2020-03-24,19.884279,706945427,14057099918.2
2020-03-25,20.411215,715545427,14605151562.56
2020-03-26,21.721027,732895427,15919241297.07
2020-03-27,21.003389,731345427,15360732686.93
2020-03-30,21.433982,712545427,15272685595.35
2020-03-31,20.795862,716895427,14908458203.97
2020-04-01,19.557299,717645427,14035206125.69
2020-04-02,20.041342,700645427,14041874536.75
2020-04-03,19.619115,680645427,13353660954.86
2020-04-06,21.079533,680595427,14346633587.07
2020-04-07,21.27941,695695427,14803987897.54
2020-04-08,22.213865,698895427,15525168344.03
2020-04-09,23.364822,716395427,16738451649.28
2020-04-13,22.530144,771295427,17377397056.33
2020-04-14,22.604157,768795427,17377972405.16
2020-04-15,21.62397,760995427,16455742595.65
2020-04-16,21.249189,751545427,15969730719.9
2020-04-17,22.429614,746045427,16733510704.03
2020-04-20,21.99127,746695427,16420781064.21
2020-04-21,21.288479,743545427,15828951401.07
2020-04-22,21.519852,724945427,15600718315.68
2020-04-23,21.42748,729445427,15630177158.73
2020-04-24,21.729467,728695427,15834163298.52
2020-04-27,22.514786,726545427,16358015137.57
2020-04-28,22.720356,742145427,16861808331.11
2020-04-29,23.406022,762745427,17852836050.79
2020-04-30,22.7806,771345427,17571711353.85
2020-05-01,22.036734,762695427,16807316307.38
2020-05-04,21.835268,754195427,16468059506.9
2020-05-05,21.819922,755145427,16477214395.19
2020-05-06,21.317288,748395427,15953761112.51
2020-05-07,21.812272,767845427,16748453322.48
2020-05-08,22.290415,741195427,16521553925.89
2020-05-11,21.85864,747095427,16330490003.36
2020-05-12,21.276814,742645427,15801128773.97
2020-05-13,20.639139,737295427,15217143063.18
2020-05-14,21.188695,731495427,15499433383.13
2020-05-15,21.034477,733845427,15436054910.63
2020-05-18,22.150797,727595427,16116818722.54
2020-05-19,21.595882,739545427,15971135488.65
2020-05-20,22.074892,740445427,16345252986.17
2020-05-21,21.996968,735795427,16185268615.97
2020-05-22,21.94441,735995427,16150985721.83
2020-05-26,23.050221,732745427,16889944392.6
2020-05-27,24.048653,746145427,17943792806.41
2020-05-28,23.67585,768295427,18190047305.04
2020-05-29,23.395948,762345427,17835793587.78
2020-06-01,23.66824,757595427,17930950627.61
2020-06-02,23.862266,760145427,18138792313.57
2020-06-03,24.774322,770595427,19090979624.81
2020-06-04,25.282388,778695427,19687279852.79
2020-06-05,26.258209,793095427,20825265103.08
2020-06-08,26.718358,820345427,21918282689.55
2020-06-09,26.159775,835245427,21849832348.2
2020-06-10,25.180739,822995427,20723633441.27
2020-06-11,23.126751,799695427,18494356906.25
2020-06-12,23.82623,706595427,16835505488.45
2020-06-15,24.154424,701995427,16956295214.22
2020-06-16,24.502106,714345427,17502967087.23
2020-06-17,24.167086,723295427,17479942701.22
2020-06-18,24.147862,724795427,17502259900.16
2020-06-19,23.985526,716195427,17178323709.58
2020-06-22,23.720352,709995427,16841341716.44
2020-06-23,23.819226,702695427,16737660896.37
2020-06-24,22.98499,705645427,16219253203.16
2020-06-25,23.605256,700495427,16535373952.67
2020-06-26,22.585159,709345427,16020679191.2
2020-06-29,22.815591,695195427,15861294642.09
2020-06-30,23.172804,696095427,16130482678.12
2020-07-01,22.935517,708695427,16254295835.74
2020-07-02,22.975065,714295427,16410984211.05
2020-07-06,23.422648,703295427,16473041502.48
2020-07-07,22.937723,706895427,16214571596.86
2020-07-08,23.179247,707395427,16396893536.47
2020-07-09,22.682886,716695427,16256720785.86
2020-07-10,23.469759,718345427,16859394084.58
2020-07-13,23.544416,730695427,17203796899.96
2020-07-14,23.708921,751245427,17811218506.32
2020-07-15,24.16047,754195427,18221716161.82
2020-07-16,24.152161,742445427,17931661670.18
2020-07-17,23.948596,727995427,17434468065.51
2020-07-20,23.859815,729395427,17403240188.01
2020-07-21,24.31379,726945427,17674798590.66
2020-07-22,24.292851,731095427,17760392438.53
2020-07-23,24.33606,726045427,17669084880.33
2020-07-24,24.251386,722345427,17517877523.93
2020-07-27,24.054819,718595427,17285683117.42
2020-07-28,23.988161,714645427,17143029750.88
2020-07-29,24.471012,715395427,17506450174.23
2020-07-30,24.026688,715095427,17181374819.93
2020-07-31,24.041626,726995427,17478152204.75
2020-08-03,24.090986,702095427,16914170989.6
2020-08-04,23.985156,705295427,16916620874.24
2020-08-05,24.335276,703745427,17125839199.97
2020-08-06,24.304524,708695427,17224505059.24
2020-08-07,24.834381,715045427,17757710514.92
2020-08-10,24.993384,726095427,18147582165.23
2020-08-11,25.317619,730645427,18498202319.11
2020-08-12,25.244636,738345427,18639261692.89
2020-08-13,25.096828,733495427,18408408556.56
2020-08-14,25.160088,733095427,18444745442.03
2020-08-17,24.774729,734845427,18205596218.87
2020-08-18,24.610829,724145427,17821819372.82
2020-08-19,24.593861,718695427,17675495217.67
2020-08-20,24.374149,715395427,17437154984.15
2020-08-21,24.309245,715745427,17399231282.84
2020-08-24,24.875182,709595427,17651315392.27
2020-08-25,24.94384,717345427,17893349707.28
2020-08-26,24.824596,725545427,18011372209.33
2020-08-27,25.258204,728395427,18397960142.59
2020-08-28,25.371948,739595427,18764976538.35
2020-08-31,25.067453,744245427,18656337065.46
2020-09-01,25.122143,740645427,18606600555.75
2020-09-02,25.498277,739095427,18845660250.17
2020-09-03,25.114855,740645427,18601202184.04
2020-09-04,25.308704,740395427,18738448895.98
2020-09-08,24.653991,744545427,18356016593.46
2020-09-09,24.883052,730295427,18171979408.94
2020-09-10,24.534342,725945427,17810593315.67
2020-09-11,24.719447,723395427,17881935272.17
2020-09-14,25.045632,721545427,18071561376.46
2020-09-15,24.707102,723945427,17886593696.92
2020-09-16,24.982816,719245427,17968776337.21
2020-09-17,24.736728,726445427,17969882680.74
2020-09-18,24.676619,725895427,17912644761.03
2020-09-21,23.930732,726645427,17389156948.94
2020-09-22,23.729307,732995427,17393473171.41
2020-09-23,23.209904,711645427,16517221752.25
2020-09-24,23.254682,701745427,16318866626.1
2020-09-25,23.502077,696195427,16362038671.24
2020-09-28,24.033926,685195427,16467935988.39
2020-09-29,23.764352,695245427,16522057295.08
2020-09-30,24.060878,692545427,16663250804.54
2020-10-01,24.116152,691845427,16684649169.3
2020-10-02,24.285624,687995427,16708398384.06
2020-10-05,24.69481,708045427,17485047626.08
2020-10-06,24.440126,701645427,17148302744.9
2020-10-07,24.864548,716745427,17821550773.08
2020-10-08,25.206302,718445427,18109352228.01
2020-10-09,25.222823,721845427,18206979111.32
2020-10-12,25.509426,723795427,18463605787.55
2020-10-13,25.034749,733295427,18357867297.95
2020-10-14,24.768203,729695427,18073244774.56
2020-10-15,24.971905,731895427,18276823316.15
2020-10-16,24.991709,731695427,18286319357.12
2020-10-19,24.599139,732395427,18016296867.31
2020-10-20,24.799626,729345427,18087494125.45
2020-10-21,24.695845,732045427,18078480501.67
2020-10-22,25.158357,732495427,18428381561.35
2020-10-23,25.247348,733595427,18521339263.99
2020-10-26,24.684541,740845427,18287429431.06
2020-10-27,24.217928,730945427,17701983867.2
2020-10-28,23.622249,729595427,17234684902.22
2020-10-29,23.786988,722245427,17180043638.1
2020-10-30,23.864264,718795427,17153524134.0
2020-11-02,24.328847,717895427,17465567799.59
2020-11-03,24.861183,727445427,18085153832.17
2020-11-04,24.546481,742895427,18235468459.16
2020-11-05,25.152492,738145427,18566196754.43
2020-11-06,24.951405,741595427,18503848081.56
2020-11-09,26.985468,737595427,19904358013.41
2020-11-10,27.18233,762595427,20729120486.9
2020-11-11,27.046502,759495427,20541694847.38
2020-11-12,26.601481,763895427,20320749476.19
2020-11-13,27.022192,757245427,20462431192.0
2020-11-16,27.63655,754845427,20861323557.14
2020-11-17,27.581146,758445427,20918793957.21
2020-11-18,27.331544,761295427,20807379430.24
2020-11-19,27.416887,773595427,21209578406.0
2020-11-20,27.177229,773595427,21024180388.42
2020-11-23,27.691053,771995427,21377366389.14
2020-11-24,28.667208,782895427,22443426092.25
2020-11-25,28.54898,787845427,22492183297.42
2020-11-27,28.431734,799895427,22742413742.46
2020-11-30,27.89069,801295427,22348682507.86
2020-12-01,28.332847,798445427,22622231748.63
2020-12-02,28.630931,792895427,22701334508.51
2020-12-03,28.651688,804145427,23040124145.17
2020-12-04,28.974245,799345427,23160430183.68
2020-12-07,28.770833,808495427,23261086532.06
2020-12-08,28.753664,808795427,23255831949.17
2020-12-09,28.699457,816595427,23435845020.29
2020-12-10,28.746906,820345427,23582392924.6
2020-12-11,28.472236,824695427,23480923141.04
2020-12-14,28.127893,828495427,23303831127.48
2020-12-15,28.599861,816995427,23365955583.22
2020-12-16,28.633773,824195427,23599824478.71
2020-12-17,28.738145,830295427,23861150503.48
2020-12-18,28.513964,830095427,23669311533.97
2020-12-21,28.712735,828395427,23785498459.63
2020-12-22,28.436028,830445427,23614569288.01
2020-12-23,28.890863,830045427,23980729038.24
2020-12-24,28.92029,835745427,24170000236.27
2020-12-28,29.067469,842945427,24502290468.85
2020-12-29,28.967839,836995427,24245948897.3
2020-12-30,29.090651,839195427,24412740963.15
2020-12-31,29.476461,839045427,24732089778.72
2021-01-04,29.079317,844095427,24545718780.02
2021-01-05,29.211256,851695427,24879093150.52
2021-01-06,30.481981,858745427,26176261805.44
2021-01-07,30.955126,911195427,28206169634.07
2021-01-08,30.896266,916795427,28325555425.61
2021-01-11,31.027454,932445427,28931407620.51
2021-01-12,31.356701,944145427,29605286075.68
2021-01-13,31.310106,953645427,29858739667.87
2021-01-14,31.467652,959645427,30197788705.51
2021-01-15,30.908556,979495427,30274789249.86
2021-01-19,31.041684,983895427,30541771151.78
2021-01-20,30.896315,1009145427,31178875367.96
2021-01-21,30.570941,1001695427,30622772080.91
2021-01-22,30.349927,998445427,30302745422.35
2021-01-25,30.118227,1003995427,30238561790.7
2021-01-26,29.8774,998095427,29820496319.32
2021-01-27,29.000543,992745427,28790156757.8
2021-01-28,29.560581,982195427,29034267329.71
2021-01-29,28.979329,1009945427,29267540595.5
2021-02-01,29.302272,977645427,28647232429.2
2021-02-02,30.021949,965845427,28996561982.16
2021-02-03,30.175472,973245427,29368140156.01
2021-02-04,30.868505,978545427,30206234289.59
2021-02-05,30.89469,965745427,29836405211.48
2021-02-08,31.271463,974845427,30484842849.5
2021-02-09,31.303977,973395427,30471148519.35
2021-02-10,31.284603,980495427,30674409878.58
2021-02-11,31.223913,976445427,30488446916.18
2021-02-12,31.522867,972245427,30647963196.11
2021-02-16,32.083777,985095427,31605582399.81
2021-02-17,32.199316,984995427,31716179024.98
2021-02-18,32.040552,990345427,31731214605.47
2021-02-19,32.41124,982795427,31853617998.52
2021-02-22,32.727386,984945427,32234689066.43
2021-02-23,32.891473,1025345427,33725121299.28
2021-02-24,33.552937,1048245427,35171713054.34
2021-02-25,32.94574,1054695427,34747721062.93
2021-02-26,32.299661,1064395427,34379611094.56
2021-03-01,33.312508,1065145427,35482665925.83
2021-03-02,33.213559,1076245427,35745941252.36
2021-03-03,33.465358,1068595427,35760928219.53
2021-03-04,33.081457,1086095427,35929619441.78
2021-03-05,33.71081,1075045427,36240652621.04
2021-03-08,34.144982,1082895427,36975444652.52
2021-03-09,33.858455,1088495427,36854773072.66
2021-03-10,34.505866,1099195427,37928689631.22
2021-03-11,34.410999,1099495427,37834735933.05
2021-03-12,34.785122,1082845427,37666909951.78
2021-03-15,34.593105,1106195427,38266734995.73
2021-03-16,34.206896,1106495427,37849773926.96
2021-03-17,34.429972,1095245427,37709269810.86
2021-03-18,34.626276,1100845427,38118177235.66
2021-03-19,34.212017,1104195427,37776752771.82
2021-03-22,33.619322,1089695427,36634821612.86
2021-03-23,33.146111,1088445427,36077733031.13
2021-03-24,33.290046,1093945427,36417493290.17
2021-03-25,33.813523,1104045427,37331665607.65
2021-03-26,34.387345,1110695427,38193867331.22
2021-03-29,34.069439,1117895427,38086069570.76
2021-03-30,34.320913,1116545427,38320858288.09
2021-03-31,34.017296,1121745427,38158746143.89
2021-04-01,34.452197,1129795427,38923934322.37
2021-04-05,34.731503,1130795427,39274224555.37
2021-04-06,34.696202,1122645427,38951532693.56
2021-04-07,34.837851,1116795427,38906753131.22
2021-04-08,34.835623,1117645427,38933874589.04
2021-04-09,35.134232,1107295427,38903974227.62
2021-04-12,35.286491,1113745427,39300168504.01
2021-04-13,34.961775,1109895427,38803913782.2
2021-04-14,35.193129,1107045427,38960392374.66
2021-04-15,35.160278,1110095427,39031263678.9
2021-04-16,35.390864,1111145427,39324396918.32
2021-04-19,35.290004,1120245427,39533465564.18
2021-04-20,34.650941,1124045427,38949232272.37
2021-04-21,35.130789,1116795427,39233904124.52
2021-04-22,34.742253,1118195427,38848628154.34
2021-04-23,35.382656,1115145427,39456807365.22
2021-04-26,35.500393,1117495427,39671526533.89
2021-04-27,35.823174,1115945427,39976707278.89
2021-04-28,35.925257,1124845427,40410360530.71
2021-04-29,36.582314,1129095427,41304924010.02
2021-04-30,36.245369,1136045427,41176386025.56
2021-05-03,36.438013,1138295427,41477223510.21
2021-05-04,36.690805,1144145427,41979617058.74
2021-05-05,37.03432,1143945427,42365240442.17
2021-05-06,37.567133,1151945427,43275287174.09
2021-05-07,37.770258,1160795427,43843542859.97
2021-05-10,37.729492,1161345427,43816972676.69
2021-05-11,37.100225,1156595427,42909950862.73
2021-05-12,36.620655,1151295427,42161192627.42
2021-05-13,37.314176,1155495427,43116360077.19
2021-05-14,37.889528,1171795427,44398776181.53
2021-05-17,37.939002,1185395427,44972719635.35
2021-05-18,37.430979,1187695427,44456603021.59
2021-05-19,37.19579,1186945427,44149373184.48
2021-05-20,37.229987,1187245427,44201131615.54
2021-05-21,37.56396,1181745427,44391037362.68
2021-05-24,37.74259,1182345427,44624778156.95
2021-05-25,37.382678,1174395427,43902045732.24
2021-05-26,37.507226,1170545427,43903911712.5
2021-05-27,37.952833,1171945427,44478648981.37
2021-05-28,37.973373,1177195427,44702081567.65
2021-06-01,38.222312,1180695427,45128908727.64
2021-06-02,38.269774,1182895427,45269140643.97
2021-06-03,38.38424,1191495427,45734646182.77
2021-06-04,38.454244,1198245427,46077621909.45
2021-06-07,38.212829,1199145427,45822738618.94
2021-06-08,38.137481,1195295427,45585556092.93
2021-06-09,37.740189,1200545427,45308810731.72
2021-06-10,37.319963,1191295427,44459101839.44
2021-06-11,37.54514,1183295427,44426993000.05
2021-06-14,37.164623,1185245427,44049199847.11
2021-06-15,37.250975,1179245427,43928042123.12
2021-06-16,37.201701,1184945427,44081985094.27
2021-06-17,36.114283,1194245427,43129317567.91
2021-06-18,35.23186,1169595427,41207022867.13
2021-06-21,35.914706,1129045427,40549335018.81
2021-06-22,35.951876,1144195427,41135971740.4
2021-06-23,36.050084,1135045427,40918482556.16
2021-06-24,36.485532,1130645427,41252200030.85
2021-06-25,36.941143,1135195427,41935416652.78
2021-06-28,36.643304,1140445427,41789688278.03
2021-06-29,36.529846,1113945427,40692254826.58
2021-06-30,36.701422,1111895427,40808142856.39
2021-07-01,36.987272,1110345427,41068647943.7
2021-07-02,36.936256,1114445427,41163441723.6
2021-07-06,36.364238,1109995427,40364138159.34
2021-07-07,36.395596,1099195427,40005872689.48
2021-07-08,35.681581,1094795427,39064031360.33
2021-07-09,36.704018,1087945427,39931968435.7
2021-07-12,37.056467,1091695427,40454375762.6
2021-07-13,36.662597,1096295427,40193037680.45
2021-07-14,36.481605,1094745427,39938070119.73
2021-07-15,36.623255,1088795427,39875232797.85
2021-07-16,36.133408,1074945427,38841441693.97
2021-07-19,35.124065,1070895427,37614200340.31
2021-07-20,35.971534,1063295427,38248367456.16
2021-07-21,36.584774,1069145427,39114444156.24
2021-07-22,36.206214,1085445427,39299869414.83
2021-07-23,36.252136,1082145427,39230082777.68
2021-07-26,36.451342,1081795427,39432894713.54
2021-07-27,36.468481,1087545427,39661129856.61
2021-07-28,36.395276,1086345427,39537841522.55
2021-07-29,36.794337,1092095427,40182927329.41
2021-07-30,36.538116,1089795427,39819071432.75
2021-08-02,36.506811,1076545427,39301239909.3
2021-08-03,36.91834,1071345427,39552295184.68
2021-08-04,36.639012,1070995427,39240214672.59
2021-08-05,37.099251,1055645427,39163654627.79
2021-08-06,37.847418,1054795427,39921283936.49
2021-08-09,37.964364,1070195427,40629288655.11
2021-08-10,38.346039,1075045427,41223734361.37
2021-08-11,38.792661,1081895427,41969602027.88
2021-08-12,38.851452,1095395427,42557702684.3
2021-08-13,38.569192,1102895427,42537785793.13
2021-08-16,38.502588,1105695427,42572135313.21
2021-08-17,38.180368,1110895427,42414396144.62
2021-08-18,37.739505,1106195427,41747267747.35
2021-08-19,37.453489,1108245427,41507658322.16
2021-08-20,37.684726,1098695427,41404036032.98
2021-08-23,37.983197,1098145427,41711074460.12
2021-08-24,38.237414,1101345427,42112600851.13
2021-08-25,38.701342,1109095427,42923481133.67
2021-08-26,38.493848,1119895427,43109084658.77
2021-08-27,38.997681,1120145427,43683074218.86
2021-08-30,38.430564,1124245427,43205386056.65
2021-08-31,38.407054,1130045427,43401715633.32
2021-09-01,38.170899,1126545427,43001251999.52
2021-09-02,38.295709,1125645427,43107389754.97
2021-09-03,38.077111,1125045427,42838479599.06
2021-09-07,37.862111,1107895427,41947259415.89
2021-09-08,37.734785,1094395427,41296776146.89
2021-09-09,37.834845,1085695427,41077118330.88
2021-09-10,37.589204,1085295427,40795391315.41
2021-09-13,38.015031,1080395427,41071265415.09
2021-09-14,37.483725,1079095427,40448516579.36
2021-09-15,37.836694,1077995427,40787783389.36
2021-09-16,37.751546,1083945427,40920615252.53
2021-09-17,37.56729,1081745427,40638243841.4
2021-09-20,36.575845,1065545427,38973224355.72
2021-09-21,36.522859,1052395427,38436490122.49
2021-09-22,37.099503,1058495427,39269653805.74
2021-09-23,38.023451,1066395427,40548033820.05
2021-09-24,38.230638,1078345427,41225833728.74
2021-09-27,38.730203,1080495427,41847807299.48
2021-09-28,38.11728,1090545427,41568625314.42
2021-09-29,38.147531,1084545427,41372730354.17
2021-09-30,37.532261,1089545427,40893103252.58
2021-10-01,38.128751,1076745427,41054957899.57
2021-10-04,37.847561,1086145427,41107955819.76
2021-10-05,38.544908,1094695427,42194934710.44
2021-10-06,38.605655,1090545427,42101219986.17
2021-10-07,38.836837,1096445427,42582472594.77
2021-10-08,39.021956,1103045427,43042989989.65
2021-10-11,38.627936,1104645427,42670172929.98
2021-10-12,38.508829,1107595427,42652202464.94
2021-10-13,38.262685,1110845427,42503928748.07
2021-10-14,38.919861,1108545427,43144434339.67
2021-10-15,39.50582,1110345427,43865106126.06
2021-10-18,39.508903,1128245427,44575738909.68
2021-10-19,39.898748,1121495427,44746263939.26
2021-10-20,40.216822,1129945427,45442814042.21
2021-10-21,40.074082,1138195427,45612137413.03
2021-10-22,40.603891,1123895427,45634527159.22
2021-10-25,40.540979,1127945427,45728011715.55
2021-10-26,40.606425,1128795427,45836347235.65
2021-10-27,39.920092,1133495427,45249241469.62
2021-10-28,40.424539,1119045427,45236895710.99
2021-10-29,40.26382,1126195427,45344929743.97
2021-11-01,40.298053,1125345427,45349229647.3
2021-11-02,40.365668,1129145427,45578709334.03
2021-11-03,40.524431,1137395427,46092302993.02
2021-11-04,39.989352,1143745427,45737638181.83
2021-11-05,40.018106,1132595427,45324323787.8
2021-11-08,40.228674,1133795427,45611086750.36
2021-11-09,40.009962,1136445427,45469138368.87
2021-11-10,39.939041,1137045427,45412503808.6
2021-11-11,40.06264,1137945427,45589097743.89
2021-11-12,40.137865,1140595427,45781065792.66
2021-11-15,40.146612,1138245427,45696697062.78
2021-11-16,40.081598,1138995427,45652756693.29
2021-11-17,39.637596,1136095427,45032091411.28
2021-11-18,39.448551,1129645427,44562875104.95
2021-11-19,39.010151,1126545427,43946707597.65
2021-11-22,39.571239,1111745427,43993144187.72
2021-11-23,40.184371,1116645427,44871693605.3
2021-11-24,40.094049,1117045427,44786874122.54
2021-11-26,38.782809,1117595427,43343489617.16
2021-11-29,38.909502,1108945427,43148514716.61
2021-11-30,37.975853,1106445427,42018208966.88
2021-12-01,37.563872,1083795427,40711553109.61
2021-12-02,38.643208,1079445427,41713233850.68
2021-12-03,38.048113,1081695427,41156469882.47
2021-12-06,38.58806,1079495427,41655634205.88
2021-12-07,39.281041,1087395427,42714024599.6
2021-12-08,39.102232,1112845427,43514740333.64
2021-12-09,39.006063,1116695427,43557892451.42
2021-12-10,39.060349,1110495427,43376339105.04
2021-12-13,38.612704,1111845427,42931358284.15
2021-12-14,38.853491,1111195427,43173821098.11
2021-12-15,38.980565,1110295427,43279943234.55
2021-12-16,39.457395,1121445427,44249315045.07
2021-12-17,38.572076,1120195427,43208263606.21
2021-12-20,37.657394,1106795427,41679030959.51
2021-12-21,38.414504,1099195427,42225046788.22
2021-12-22,38.60186,1107795427,42762963615.72
2021-12-23,38.812858,1118795427,43423648407.8
2021-12-27,39.195464,1130095427,44294614817.04
2021-12-28,39.213907,1135595427,44531133623.98
2021-12-29,39.187486,1144045427,44832263755.02
2021-12-30,39.095299,1145045427,44765893670.91
2021-12-31,39.046504,1145595427,44731496535.24
2022-01-03,39.531964,1128695427,44619547043.72
2022-01-04,40.55978,1157895427,46963983500.46
2022-01-05,40.080186,1165345427,46707261172.97
2022-01-06,40.702053,1169395427,47596795129.98
2022-01-07,41.168612,1179745427,48568481759.1
2022-01-10,41.045602,1187095427,48725046763.13
2022-01-11,41.38846,1186745427,49117565396.89
2022-01-12,41.404928,1198395427,49619475874.89
2022-01-13,41.235594,1201695427,49552624437.1
2022-01-14,40.825194,1201545427,49053325390.99
2022-01-18,39.889329,1211595427,48329729039.12
2022-01-19,39.2308,1207295427,47363165563.72
2022-01-20,38.986484,1196645427,46652997824.47
2022-01-21,38.200236,1194995427,45649107011.67
2022-01-24,38.291305,1191145427,45610512690.64
2022-01-25,38.470089,1201245427,46212018623.79
2022-01-26,38.57516,1213495427,46810780000.86
2022-01-27,38.220364,1214045427,46401258417.58
2022-01-28,38.718349,1212845427,46959372274.08
2022-01-31,39.065302,1215295427,47475883472.87
2022-02-01,39.624251,1226095427,48583113238.88
2022-02-02,39.884592,1223045427,48780668311.86
2022-02-03,39.434462,1218745427,48060569657.07
2022-02-04,40.094947,1215045427,48717182446.28
2022-02-07,40.230721,1220195427,49089341504.93
2022-02-08,40.786626,1222345427,49855346379.29
2022-02-09,41.030065,1248545427,51227900299.58
2022-02-10,40.692781,1248495427,50804751091.52
2022-02-11,40.104802,1255045427,50333347810.07
2022-02-14,39.663604,1250745427,49609070837.2
2022-02-15,40.209244,1246845427,50134712420.52
2022-02-16,40.211693,1247095427,50147818990.56
2022-02-17,39.245133,1235295427,48479333692.83
2022-02-18,39.198145,1230345427,48227258981.43
2022-02-22,39.034544,1222295427,47711744583.29
2022-02-23,38.343997,1223795427,46925208481.14
2022-02-24,37.899004,1217795427,46153233321.58
2022-02-25,39.096957,1212295427,47397062766.16
2022-02-28,38.534907,1205345427,46447873615.54
2022-03-01,37.115764,1202295427,44624112985.33
2022-03-02,38.063402,1193045427,45411367916.69
2022-03-03,37.963985,1192245427,45262387148.98
2022-03-04,37.227877,1186295427,44163259707.62
2022-03-07,35.868361,1177095427,42220484253.34
2022-03-08,35.671287,1164095427,41524782528.84
2022-03-09,36.965066,1168345427,43187965911.32
2022-03-10,36.673919,1175795427,43121026006.38
2022-03-11,36.411168,1159945427,42234967523.0
2022-03-14,36.867407,1152045427,42472927295.86
2022-03-15,37.349816,1156145427,43181819070.37
2022-03-16,38.428415,1174795427,45145525806.26
2022-03-17,38.905544,1175695427,45741070623.65
2022-03-18,39.018578,1179145427,46008577350.45
2022-03-21,38.817763,1175895427,45645630014.86
2022-03-22,39.43769,1185345427,46747285999.38
2022-03-23,38.712937,1190145427,46074025039.7
2022-03-24,39.004715,1194445427,46589003575.7
2022-03-25,39.513554,1197695427,47325203083.55
2022-03-28,39.395828,1207395427,47566342562.75
2022-03-29,39.488159,1207545427,47683746152.97
2022-03-30,39.218886,1207095427,47340938313.76
2022-03-31,38.312185,1204795427,46158345585.85
2022-04-01,38.232383,1197595427,45786926596.18
2022-04-04,38.050868,1184545427,45072982030.24
2022-04-05,37.796134,1142295427,43174350472.06
2022-04-06,37.548884,1133795427,42572752502.73
2022-04-07,37.515284,1122495427,42110734212.68
2022-04-08,37.89164,1117995427,42362680138.57
2022-04-11,37.710917,1115645427,42072012085.09
2022-04-12,37.315375,1112495427,41513183750.17
2022-04-13,37.285205,1114345427,41548597510.04
2022-04-14,36.896924,1112295427,41040280040.86
2022-04-18,37.122507,1110895427,41239223291.02
2022-04-19,37.610394,1116145427,41978669337.27
2022-04-20,37.867996,1117895427,42332459818.47
2022-04-21,37.287603,1084595427,40441963387.87
2022-04-22,36.171684,1081145427,39106850206.55
2022-04-25,36.230647,1072995427,38875318958.29
2022-04-26,35.30993,1072445427,37867973209.98
2022-04-27,35.275248,1066245427,37612072164.98
2022-04-28,35.741922,1071495427,38297305696.85
2022-04-29,34.536332,1091545427,37697975072.44
2022-05-02,34.544902,1064795427,36783253495.85
2022-05-03,34.98017,1055045427,36905668803.32
2022-05-04,36.033519,1050045427,37836831538.49
2022-05-05,34.994112,1054995427,36918628610.89
2022-05-06,34.744993,1045545427,36327468232.61
2022-05-09,33.896703,1035795427,35110049496.5
2022-05-10,33.626583,1024495427,34450281008.67
2022-05-11,33.290204,1028345427,34233829106.62
2022-05-12,33.064616,1025545427,33909265940.13
2022-05-13,33.517632,1020395427,34201238031.83
2022-05-16,33.257343,1012195427,33662930043.77
2022-05-17,34.152262,1007745427,34416786340.8
2022-05-18,33.200162,1003645427,33321190954.49
2022-05-19,32.970952,988695427,32598229383.53
2022-05-20,32.930773,980445427,32286825990.87
2022-05-23,33.998278,979795427,33311357586.6
2022-05-24,33.918744,990295427,33589577377.0
2022-05-25,34.191726,986645427,33735110277.85
2022-05-26,34.962096,985895427,34468971021.51
2022-05-27,35.588159,979795427,34869115317.67
2022-05-31,35.477088,976045427,34627249125.31
2022-06-01,34.886697,964095427,33634105426.03
2022-06-02,35.396429,967395427,34242343351.87
2022-06-03,34.861176,972745427,33911049175.24
2022-06-06,34.994191,970345427,33956452955.47
2022-06-07,35.233831,971995427,34247123065.72
2022-06-08,34.635256,973245427,33708604836.6
2022-06-09,33.741866,970295427,32739578096.19
2022-06-10,32.512168,962795427,31302566911.95
2022-06-13,31.555744,954395427,30116657665.25
2022-06-14,31.264237,968045427,30265201749.51
2022-06-15,31.65237,963895427,30509574520.89
2022-06-16,30.847309,965495427,29782935838.67
2022-06-17,30.942599,952695427,29478872769.08
2022-06-21,31.399942,943395427,29622561592.09
2022-06-22,31.319014,946745427,29651133250.91
2022-06-23,31.176735,939845427,29301312038.92
2022-06-24,32.358069,940995427,30448795158.93
2022-06-27,32.217438,936045427,30156985650.75
2022-06-28,31.919818,936395427,29889571696.34
2022-06-29,31.724748,934945427,29660907909.44
2022-06-30,31.450948,928995427,29217786817.01
2022-07-01,31.900321,925295427,29517220983.95
2022-07-05,31.77564,924945427,29390733147.96
2022-07-06,31.696194,912045427,28908368618.3
2022-07-07,32.158148,914745427,29416518682.84
2022-07-08,32.094916,919095427,29498290430.07
2022-07-11,31.828718,916795427,29180423196.76
2022-07-12,31.628111,911545427,28830459869.88
2022-07-13,31.335602,906695427,28411847262.29
2022-07-14,30.736269,899995427,27662501572.48
2022-07-15,31.811669,888245427,28256569299.88
2022-07-18,31.644216,893445427,28272380325.4
2022-07-19,32.613903,890245427,29034377854.65
2022-07-20,32.718633,891845427,29179963350.01
2022-07-21,32.927216,892995427,29403853733.02
2022-07-22,32.735631,887745427,29060906675.97
2022-07-25,32.949157,884245427,29135141056.45
2022-07-26,32.492882,886945427,28819412844.02
2022-07-27,32.995365,886595427,29253539629.23
2022-07-28,33.235964,894145427,29717784912.64
2022-07-29,33.71275,895995427,30206470113.46
2022-08-01,33.414177,900795427,30099337842.89
2022-08-02,33.058395,899545427,29737527709.59
2022-08-03,33.549097,898845427,30155452018.72
2022-08-04,33.444254,898195427,30039476002.57
2022-08-05,33.709169,889745427,29992579057.17
2022-08-08,33.651894,891145427,29988731740.09
2022-08-09,33.842142,890795427,30146425321.63
2022-08-10,34.624822,890795427,30843633513.09
2022-08-11,34.987037,889895427,31134804479.84
2022-08-12,35.557106,901795427,32065235309.11
2022-08-15,35.56376,903695427,32138807705.59
2022-08-16,35.807463,905495427,32423493875.19
2022-08-17,35.619519,919645427,32757327435.43
2022-08-18,35.666556,920345427,32825551928.17
2022-08-19,34.947312,945295427,33035534613.2
2022-08-22,34.186768,951695427,32535391055.4
2022-08-23,34.060607,950545427,32376153882.01
2022-08-24,34.239229,976345427,33429314278.24
2022-08-25,34.759849,993345427,34528536904.85
2022-08-26,33.707883,1008995427,34011099787.37
2022-08-29,33.453966,1007895427,33718099806.74
2022-08-30,33.315114,1009145427,33619795223.87
2022-08-31,33.033968,1005945427,33230369086.27
2022-09-01,33.170522,1004795427,33329589051.69
2022-09-02,32.895683,997995427,32829741591.96
2022-09-06,32.80786,987495427,32397611758.72
2022-09-07,33.470369,974495427,32616721996.07
2022-09-08,34.058201,974645427,33194669425.79
2022-09-09,34.345282,969995427,33314766535.82
2022-09-12,34.642537,968045427,33535549212.41
2022-09-13,33.342279,971545427,32393538287.08
2022-09-14,33.262962,965145427,32103595207.61
2022-09-15,33.375812,953895427,31837034082.1
2022-09-16,33.056038,941895427,31135330771.42
2022-09-19,33.249938,913295427,30367016616.42
2022-09-20,32.767159,910945427,29849093427.17
2022-09-21,32.078101,911795427,29248665579.66
2022-09-22,31.545266,915145427,28868506237.23
2022-09-23,31.05381,913545427,28369066197.94
2022-09-26,30.531405,918695427,28049062515.55
2022-09-27,30.4406,906945427,27607962974.82
2022-09-28,31.019851,898695427,27877398608.0
2022-09-29,30.646584,901295427,27621626169.83
2022-09-30,30.314421,895745427,27154003732.61
2022-10-03,31.171395,889145427,27715903740.6
2022-10-04,32.349646,890945427,28821768897.8
2022-10-05,32.097319,894095427,28698065922.22
2022-10-06,31.636289,890245427,28164061661.6
2022-10-07,30.8998,887145427,27412616055.69
2022-10-10,30.752036,883495427,27169283184.92
2022-10-11,30.354359,880345427,26722321143.66
2022-10-12,30.27154,875995427,26517731003.43
2022-10-13,31.525095,878695427,27700957157.0
2022-10-14,30.971642,893345427,27668375059.48
2022-10-17,31.767576,884895427,28110982816.06
2022-10-18,32.28886,883895427,28539975901.28
2022-10-19,31.774665,890595427,28298371737.66
2022-10-20,31.273446,895695427,28011482449.57
2022-10-21,32.184601,893295427,28750357283.15
2022-10-24,32.617739,900945427,29386802896.23
2022-10-25,33.002564,902095427,29771461950.85
2022-10-26,33.102023,906195427,29996901434.93
2022-10-27,33.349016,922795427,30774319039.97
2022-10-28,34.185682,925145427,31626726926.39
2022-10-31,33.940405,916445427,31104529373.93
2022-11-01,34.080713,920095427,31357507806.99
2022-11-02,33.643816,918945427,30916830462.53
2022-11-03,33.294797,918595427,30584448709.41
2022-11-04,33.925193,919395427,31190667425.25
2022-11-07,34.233923,921995427,31563520696.85
2022-11-08,34.433827,921495427,31730614428.35
2022-11-09,33.862277,925745427,31347848108.52
2022-11-10,35.599932,920745427,32778474918.17
2022-11-11,35.879433,920695427,33034029987.8
2022-11-14,35.327867,930395427,32868886056.61
2022-11-15,35.429879,932045427,33022256820.39
2022-11-16,35.270736,932195427,32879218863.43
2022-11-17,35.081856,931245427,32669817910.41
2022-11-18,35.351373,934795427,33046301532.11
2022-11-21,35.474485,937545427,33258941040.74
2022-11-22,35.840594,932445427,33419397532.74
2022-11-23,35.974433,933645427,33587364897.96
2022-11-25,36.12274,933295427,33713188437.91
2022-11-28,35.483978,932545427,33090421422.01
2022-11-29,35.722659,933795427,33357655655.79
2022-11-30,36.322981,927445427,33687582171.24
2022-12-01,36.079964,928995427,33518121931.31
2022-12-02,35.92525,923295427,33169618916.27
2022-12-05,35.029918,921445427,32278157753.55
2022-12-06,34.736939,921295427,32002982718.71
2022-12-07,34.582647,917295427,31722503689.56
2022-12-08,34.641018,922995427,31973501099.09
2022-12-09,34.542677,917395427,31689293880.07
2022-12-12,34.976829,923095427,32286950710.95
2022-12-13,35.079379,930445427,32639447447.89
2022-12-14,34.632053,937345427,32462196845.28
2022-12-15,33.946395,934045427,31707475250.37
2022-12-16,33.697144,928495427,31287643736.78
2022-12-19,33.410003,917945427,30668559387.16
2022-12-20,33.511926,919895427,30827467755.33
2022-12-21,34.081045,926845427,31587860678.13
2022-12-22,33.74929,928095427,31322561461.61
2022-12-23,33.956437,923345427,31353521215.5
2022-12-27,33.959409,921945427,31308721505.66
2022-12-28,33.817561,921345427,31157655100.01
2022-12-29,34.310581,916945427,31460930636.8
2022-12-30,34.213312,915945427,31337526422.24
2023-01-03,34.341462,915695427,31446319886.37
2023-01-04,34.884608,913645427,31872162506.66
2023-01-05,34.595724,925745427,32026833543.65
2023-01-06,35.381547,920445427,32566782764.93
2023-01-09,35.229339,924095427,32555271183.54
2023-01-10,35.457482,926595427,32854740689.42
2023-01-11,35.761417,930595427,33279410921.49
2023-01-12,35.844248,931245427,33379792092.9
2023-01-13,36.103494,929845427,33570668337.13
2023-01-17,35.858906,927395427,33255385547.35
2023-01-18,35.202213,933045427,32845263958.56
2023-01-19,34.780615,920045427,31999746080.51
2023-01-20,35.355365,924945427,32701783100.52
2023-01-23,35.75061,909045427,32498928654.59
2023-01-24,35.787607,910345427,32579084091.49
2023-01-25,36.05346,910945427,32842734896.46
2023-01-26,36.23223,913345427,33092541605.67
2023-01-27,36.249566,913995427,33131937670.66
2023-01-30,36.072946,916595427,33064297516.88
2023-01-31,36.554769,922495427,33721607382.69
2023-02-01,36.561414,921895427,33705800464.72
2023-02-02,36.638581,930095427,34077376969.7
2023-02-03,36.613019,946895427,34668700059.11
2023-02-06,36.564369,931545427,34061370790.04
2023-02-07,36.988788,937495427,34676819797.14
2023-02-08,36.781927,935795427,34420359105.22
2023-02-09,36.341955,940645427,34184894116.57
2023-02-10,36.487726,933895427,34075719992.82
2023-02-13,36.888583,930245427,34315435718.9
2023-02-14,36.693487,934995427,34308242110.51
2023-02-15,36.751792,942245427,34629207774.42
2023-02-16,36.361321,940795427,34208564745.22
2023-02-17,36.381475,940245427,34207515524.69
2023-02-21,35.650567,939795427,33504240182.79
2023-02-22,35.58087,942895427,33549039504.27
2023-02-23,35.634193,929945427,33137855080.07
2023-02-24,35.671356,928595427,33124258501.13
2023-02-27,35.655026,930245427,33167924947.86
2023-02-28,35.714734,938395427,33514542808.47
2023-03-01,35.587316,936995427,33345152627.41
2023-03-02,35.414597,933845427,33071759288.6
2023-03-03,35.98225,931245427,33508305591.93
2023-03-06,36.007841,935195427,33674368097.14
2023-03-07,35.096587,934845427,32809883441.38
2023-03-08,34.954963,932195427,32584856470.92
2023-03-09,33.533597,927245427,31093874379.5
2023-03-10,32.889447,922695427,30346942096.59
2023-03-13,31.608493,919245427,29055963021.2
2023-03-14,32.30718,908995427,29367078523.38
2023-03-15,31.392775,910045427,28568850977.93
2023-03-16,32.010184,894095427,28620158778.8
2023-03-17,30.964178,933095427,28892532978.22
2023-03-20,31.181189,931745427,29052930466.18
2023-03-21,31.970529,909195427,29067458993.73
2023-03-22,31.213702,939395427,29322009273.42
2023-03-23,31.008745,941395427,29191490560.48
2023-03-24,30.989697,935545427,28992269294.72
2023-03-27,31.422842,944945427,29692871312.69
2023-03-28,31.405194,947445427,29754707903.33
2023-03-29,31.874712,945795427,30146957274.2
2023-03-30,31.789823,941795427,29939509894.53
2023-03-31,32.156672,920495427,29600069248.72
2023-04-03,32.221371,918745427,29603237693.36
2023-04-04,31.897964,922995427,29441675267.47
2023-04-05,31.88105,925745427,29513736650.42
2023-04-06,31.978887,920145427,29425226488.49
2023-04-10,32.065119,920995427,29531828213.49
2023-04-11,32.336314,925945427,29941662247.72
2023-04-12,32.270886,937695427,30260262099.08
2023-04-13,32.547266,937745427,30521049753.09
2023-04-14,32.889043,935995427,30783993625.9
2023-04-17,33.26352,932795427,31028059358.48
2023-04-18,33.367128,953595427,31818740472.69
2023-04-19,33.452026,953895427,31909734713.46
2023-04-20,33.345727,954945427,31843349253.9
2023-04-21,33.214373,957145427,31790985690.57
2023-04-24,33.147745,974695427,32308955904.17
2023-04-25,32.565486,966695427,31480906773.65
2023-04-26,32.255358,969895427,31284324654.44
2023-04-27,32.771443,967195427,31696389620.75
2023-04-28,33.1742,969795427,32172187747.77
2023-05-01,33.081222,976295427,32297045305.86
2023-05-02,32.324919,976545427,31566751609.94
2023-05-03,31.94581,959895427,30664636610.91
2023-05-04,31.541586,950345427,29975401812.53
2023-05-05,32.310213,936345427,30253519910.36
2023-05-08,32.380991,924345427,29931220921.28
2023-05-09,32.26153,916095427,29554639795.65
2023-05-10,32.075592,915295427,29358642693.78
2023-05-11,32.024636,924095427,29593819425.77
2023-05-12,31.89455,903245427,28808606056.8
2023-05-15,32.15419,898345427,28885569762.16
2023-05-16,31.84537,900945427,28690940195.46
2023-05-17,32.509903,898695427,29216501200.2
2023-05-18,32.738125,896945427,29364311708.4
2023-05-19,32.591419,898645427,29288129550.56
2023-05-22,32.667293,895245427,29245244762.84
2023-05-23,32.269466,901245427,29082708490.94
2023-05-24,31.848855,898845427,28627197876.98
2023-05-25,31.861021,902645427,28759205084.3
2023-05-26,32.09752,901645427,28940582163.4
2023-05-30,32.098095,901445427,28934680526.94
2023-05-31,31.742233,900045427,28569451944.85
2023-06-01,32.103498,900195427,28899421947.1
2023-06-02,32.802034,899995427,29521680974.5
2023-06-05,32.618314,902195427,29428093743.98
2023-06-06,33.051158,901095427,29782247281.81
2023-06-07,33.164926,906295427,30057220438.3
2023-06-08,33.135834,906195427,30027541065.9
2023-06-09,33.160086,906745427,30067756279.07
2023-06-12,33.129387,910295427,30157529143.3
2023-06-13,33.33284,914545427,30484396800.8
2023-06-14,33.216202,923945427,30689958122.36
2023-06-15,33.639576,934545427,31437711512.33
2023-06-16,33.566156,936395427,31431195104.44
2023-06-20,33.18613,944495427,31344148473.48
2023-06-21,33.124226,964995427,31964726535.9
2023-06-22,32.878353,963545427,31679787025.82
2023-06-23,32.740471,967045427,31661522788.75
2023-06-26,32.676391,972245427,31769472105.17
2023-06-27,32.907699,979145427,32221422795.33
2023-06-28,32.848053,976345427,32071046477.36
2023-06-29,33.40455,970645427,32423973563.32
2023-06-30,33.707559,964295427,32504045377.0
2023-07-03,33.918831,965345427,32743388211.99
2023-07-05,33.82793,969245427,32787566537.64
2023-07-06,33.527718,970645427,32543526411.32
2023-07-07,33.580551,968995427,32539400211.83
2023-07-10,33.728911,968795427,32676415125.24
2023-07-11,34.13056,968795427,33065530762.33
2023-07-12,34.346136,966595427,33198818059.24
2023-07-13,34.472001,972395427,33520416253.28
2023-07-14,34.242305,979095427,33526483847.78
2023-07-17,34.585176,978245427,33832790526.62
2023-07-18,34.973096,987245427,34527029017.22
2023-07-19,35.129127,991095427,34816316830.44
2023-07-20,35.372674,991095427,35057695645.38
2023-07-21,35.251261,1001545427,35305739326.52
2023-07-24,35.608058,1005945427,35819762712.26
2023-07-25,35.347256,1014145427,35847258453.07
2023-07-26,35.580035,1013395427,36056645232.07
2023-07-27,35.122834,1013445427,35595075173.53
2023-07-28,35.178931,1017845427,35806713957.7
2023-07-31,35.33561,1017345427,35948521749.48
2023-08-01,35.326513,1018395427,35976359655.1
2023-08-02,35.014831,1013295427,35480368621.34
2023-08-03,35.047926,1000545427,35067041751.4
2023-08-04,34.908279,1013345427,35374144677.35
2023-08-07,35.385373,1003245427,35500213922.8
2023-08-08,35.076542,999545427,35060597023.61
2023-08-09,34.804843,997995427,34735073800.27
2023-08-10,34.845262,995545427,34690040961.71
2023-08-11,34.916663,993845427,34701765454.7
2023-08-14,34.852404,990145427,34508948728.58
2023-08-15,34.227948,991045427,33921451251.49
2023-08-16,34.15603,987295427,33722092638.32
2023-08-17,33.987404,982045427,33377174436.12
2023-08-18,33.944252,974595427,33081912950.02
2023-08-21,33.916623,975795427,33095685285.91
2023-08-22,33.621394,973945427,32745402835.82
2023-08-23,33.934459,969095427,32885729154.97
2023-08-24,33.853114,967345427,32747654607.65
2023-08-25,33.971009,961495427,32662970110.67
2023-08-28,34.171648,956095427,32671356404.41
2023-08-29,34.469992,958895427,33053117966.27
2023-08-30,34.520352,965145427,33317160154.87
2023-08-31,34.400308,970595427,33388781668.15
2023-09-01,34.675536,965095427,33465201486.66
2023-09-05,34.344928,958095427,32905718395.16
2023-09-06,34.287752,953245427,32684642755.98
2023-09-07,34.233085,952045427,32591451704.35
2023-09-08,34.313329,960045427,32942354884.68
2023-09-11,34.439804,953095427,32824419567.66
2023-09-12,34.730535,955045427,33169238827.84
2023-09-13,34.695887,954345427,33111861148.11
2023-09-14,35.006265,953445427,33376563399.87
2023-09-15,34.817263,936145427,32594021244.16
2023-09-18,34.771502,929945427,32335599396.76
2023-09-19,34.733099,931345427,32348512673.84
2023-09-20,34.50368,923695427,31870891526.31
2023-09-21,33.946992,922995427,31332918754.31
2023-09-22,33.695539,909495427,30645938655.97
2023-09-25,33.7465,906095427,30577549690.68
2023-09-26,33.294033,907895427,30227500327.33
2023-09-27,33.227322,906795427,30130383532.92
2023-09-28,33.465662,907245427,30361568911.78
2023-09-29,33.172626,912845427,30281479731.32
2023-10-02,32.894689,922395427,30341910523.9
2023-10-03,32.346341,922295427,29832881939.33
2023-10-04,32.613405,914995427,29841116846.44
2023-10-05,32.768548,919245427,30122337677.48
2023-10-06,33.034919,911895427,30124391255.6
2023-10-09,33.046419,915695427,30260454426.96
2023-10-10,33.300683,909095427,30273498988.45
2023-10-11,33.337713,911045427,30372171108.68
2023-10-12,33.128224,911795427,30206163408.53
2023-10-13,33.192802,904595427,30026056878.67
2023-10-16,33.533346,908545427,30466568459.76
2023-10-17,33.718265,912545427,30769448923.92
2023-10-18,33.145944,916395427,30374791337.07
2023-10-19,32.733771,913345427,29897239657.72
2023-10-20,32.228669,903545427,29120066708.86
2023-10-23,32.00013,899695427,28790370962.33
2023-10-24,32.21438,902895427,29086216040.26
2023-10-25,32.118834,898645427,28863443251.22
2023-10-26,32.051613,896995427,28750149959.26
2023-10-27,31.45995,890745427,28022806521.14
2023-10-30,32.002254,874245427,27977824597.95
2023-10-31,32.354602,865995427,28018937203.23
2023-11-01,32.55811,857395427,27915175015.91
2023-11-02,33.346007,858445427,28625726826.2
2023-11-03,33.79337,857045427,28962453617.39
2023-11-06,33.663278,865795427,29145512297.86
2023-11-07,33.621675,863095427,29018714052.95
2023-11-08,33.652858,878045427,29548738062.95
2023-11-09,33.523677,861295427,28873789469.4
2023-11-10,33.906529,851145427,28859387044.18
2023-11-13,33.853699,864645427,29271446091.4
2023-11-14,34.512286,868495427,29973762698.92
2023-11-15,34.708657,876795427,30432391393.64
2023-11-16,34.820649,874795427,30460944814.87
2023-11-17,35.011126,874095427,30603065024.44
2023-11-20,35.127913,873095427,30670020619.48
2023-11-21,35.11636,877095427,30800398836.0
2023-11-22,35.254339,881745427,31085352521.57
2023-11-24,35.370345,882095427,31200019600.24
2023-11-27,35.274421,881895427,31108350262.62
2023-11-28,35.239424,879695427,30999960544.26
2023-11-29,35.496642,884845427,31409041355.89
2023-11-30,35.874319,907795427,32566542336.58
2023-12-01,36.136942,893195427,32277351076.15
2023-12-04,36.136399,894545427,32325650559.6
2023-12-05,35.954198,900845427,32389175105.61
2023-12-06,35.778613,903445427,32324024055.81
2023-12-07,35.932192,902745427,32437621830.76
2023-12-08,36.110579,904145427,32649214899.92
2023-12-11,36.356045,896345427,32587574499.15
2023-12-12,36.614233,898845427,32910536272.97
2023-12-13,37.20445,908545427,33801933069.27
2023-12-14,37.555335,899595427,33784607988.88
2023-12-15,37.406875,900145427,33671627492.47
2023-12-18,37.276535,880495427,32821818491.93
2023-12-19,37.564384,886645427,33306289574.37
2023-12-20,36.921109,890545427,32879924454.41
2023-12-21,37.243544,891495427,33202449124.49
2023-12-22,37.327804,894795427,33400748702.46
2023-12-26,37.478963,902395427,33820845227.11
2023-12-27,37.5825,903995427,33974407811.28
2023-12-28,37.720122,905045427,34138423679.77
2023-12-29,37.617173,904845427,34037726885.84
2024-01-02,37.763895,906695427,34240351066.3
2024-01-03,37.457238,903095427,33827459969.02
2024-01-04,37.569559,917645427,34475533991.94
2024-01-05,37.766613,908795427,34322125266.02
2024-01-08,37.995228,910095427,34579282821.19
2024-01-09,37.733977,914495427,34507549813.77
2024-01-10,37.811235,911695427,34472329927.12
2024-01-11,37.655844,915545427,34475636039.38
2024-01-12,37.573566,927945427,34866219142.13
2024-01-16,37.33536,922645427,34447299595.58
2024-01-17,37.231164,922795427,34356748042.9
2024-01-18,37.319624,920395427,34348811698.48
2024-01-19,37.931611,917895427,34817251838.85
2024-01-22,38.093894,933595427,35564285303.08
2024-01-23,38.148541,935795427,35699230105.41
2024-01-24,38.325901,934245427,35805797403.75
2024-01-25,38.531062,938345427,36155446269.37
2024-01-26,38.644066,935695427,36159075739.76
2024-01-29,38.760259,941645427,36498420521.42
2024-01-30,39.231507,937795427,36791127702.01
2024-01-31,38.757217,936895427,36311459466.96
2024-02-01,38.801983,936595427,36341759803.25
2024-02-02,38.987623,925845427,36096512101.43
2024-02-05,38.751467,936395427,36286696307.89
2024-02-06,38.860672,934095427,36299575764.73
2024-02-07,39.128194,928795427,36342088032.3
2024-02-08,38.950354,922845427,35945156109.2
2024-02-09,39.075596,923895427,36101764715.88
2024-02-12,39.237283,935845427,36720032047.23
2024-02-13,38.738093,938245427,36345838370.43
2024-02-14,39.10916,932395427,36465202130.55
2024-02-15,39.755473,930095427,36976383326.79
2024-02-16,39.642985,935045427,37067992166.41
2024-02-20,39.4978,936645427,36995433891.34
2024-02-21,39.622651,932495427,36947940669.65
2024-02-22,40.148091,930445427,37355607529.95
2024-02-23,40.279101,933345427,37594314528.42
2024-02-26,40.096183,930795427,37321343578.09
2024-02-27,40.202588,925795427,37219371764.97
2024-02-28,40.351983,921145427,37170044183.38
2024-02-29,40.362826,921545427,37196177333.27
2024-03-01,40.278777,919595427,37040179334.54
2024-03-04,40.369664,916295427,36990538312.84
2024-03-05,40.42005,912895427,36899279051.66
2024-03-06,40.589058,913495427,37077919323.12
2024-03-07,40.537076,915545427,37113534901.15
2024-03-08,40.614513,916295427,37214892159.82
2024-03-11,40.694488,914045427,37196610562.74
2024-03-12,40.875699,913995427,37360202091.65
2024-03-13,41.111782,923695427,37974764703.04
2024-03-14,40.826801,916545427,37419618071.2
2024-03-15,40.806112,904645427,36915062756.19
2024-03-18,40.856603,902395427,36868811870.8
2024-03-19,41.05439,900445427,36967237937.91
2024-03-20,41.562963,901945427,37487524697.19
2024-03-21,41.915775,908395427,38076098324.92
2024-03-22,41.40807,911195427,37730844419.8
2024-03-25,41.288898,910295427,37585095119.2
2024-03-26,41.372121,910245427,37658783929.76
2024-03-27,41.886025,910695427,38145411748.01
2024-03-28,42.12595,912445427,38437630702.82
2024-04-01,41.863068,911295427,38149622284.96
2024-04-02,41.677055,917445427,38236423855.96
2024-04-03,41.64583,918045427,38232764170.12
2024-04-04,41.187159,921345427,37947600562.26
2024-04-05,41.555084,919845427,38224253650.85
2024-04-08,41.71955,924645427,38575791266.2
2024-04-09,41.509725,920095427,38192907928.72
2024-04-10,40.888941,923995427,37781194041.37
2024-04-11,40.650697,924995427,37601708571.9
2024-04-12,40.071426,927395427,37162056834.71
2024-04-15,39.867544,927145427,36963011080.6
2024-04-16,39.6191,928445427,36784172466.36
2024-04-17,39.699342,923995427,36682010503.18
2024-04-18,39.857626,923345427,36802356717.46
2024-04-19,40.393203,930045427,37567513874.46
2024-04-22,40.878908,930545427,38039681017.45
2024-04-23,41.15763,934045427,38443095800.18
2024-04-24,41.105777,933095427,38355612814.39
2024-04-25,40.900777,929795427,38029355412.8
2024-04-26,40.822249,930645427,37991039676.26
2024-04-29,40.752952,932245427,37991753561.64
2024-04-30,40.365424,932945427,37658737985.86
2024-05-01,40.359182,929595427,37517711236.27
2024-05-02,40.451767,923545427,37359044632.39
2024-05-03,40.584319,920395427,37353621937.07
2024-05-06,41.061598,925595427,38006427775.0
2024-05-07,41.193103,927895427,38222892033.21
2024-05-08,41.356911,931295427,38515502280.56
2024-05-09,41.657135,936695427,39020047693.24
2024-05-10,41.848162,936345427,39184334718.88
2024-05-13,41.676381,941295427,39229786907.17
2024-05-14,41.876251,943295427,39501676065.8
2024-05-15,42.176366,939045427,39605523573.98
2024-05-16,42.173784,939695427,39630511974.91
2024-05-17,42.429071,941095427,39929804908.46
2024-05-20,41.919432,943395427,39546600360.53
2024-05-21,42.158016,945295427,39851779676.32
2024-05-22,41.950583,946395427,39701840177.42
2024-05-23,41.318704,944445427,39023261403.43
2024-05-24,41.601165,937345427,38994661502.43
2024-05-28,41.144623,936245427,38521465402.29
2024-05-29,40.800432,930145427,37950335543.25
2024-05-30,41.053268,930445427,38197825059.63
2024-05-31,41.634298,929745427,38709298041.24
2024-06-03,41.390857,933895427,38654732313.19
2024-06-04,41.209248,933795427,38481007694.14
2024-06-05,41.3007,932445427,38510648485.56
2024-06-06,41.301731,926545427,38267929752.59
2024-06-07,41.467666,932345427,38662189035.09
2024-06-10,41.308201,940345427,38843977690.77
2024-06-11,40.810116,943095427,38487833920.75
2024-06-12,40.845424,929345427,37959507727.1
2024-06-13,40.766415,932745427,38024686994.88
2024-06-14,40.655035,929145427,37774439399.59
2024-06-17,40.984187,927545427,38014694798.91
2024-06-18,41.245418,931395427,38415793306.03
2024-06-20,41.474011,935595427,38802895145.65
2024-06-21,41.343644,923545427,38182733510.45
2024-06-24,41.574124,932995427,38788467192.45
2024-06-25,41.23121,947245427,39056075570.17
2024-06-26,41.036895,945845427,38814559619.92
2024-06-27,40.93636,943545427,38625315654.28
2024-06-28,41.101922,943895427,38795916348.39
2024-07-01,41.193491,945945427,38966794302.61
2024-07-02,41.658714,954295427,39754720157.12
2024-07-03,41.613704,960695427,39978094903.03
2024-07-05,41.522644,958795427,39811721141.37
2024-07-08,41.459275,957095427,39680482310.89
2024-07-09,41.731369,956695427,39924209720.23
2024-07-10,41.905747,957495427,40124561159.69
2024-07-11,42.259675,960645427,40596563214.07
2024-07-12,42.352814,966495427,40933800869.1
2024-07-15,42.955925,967095427,41542478818.77
2024-07-16,43.480243,975445427,42412603996.71
2024-07-17,43.850268,985595427,43218623236.61
2024-07-18,43.289041,989595427,42838637105.79
2024-07-19,42.855411,986895427,42293808879.43
2024-07-22,43.130077,991295427,42754648010.47
2024-07-23,43.16361,989945427,42729618528.88
2024-07-24,42.652321,993595427,42379151422.83
2024-07-25,42.774051,980095427,41922651537.87
2024-07-26,43.407845,983495427,42691417541.98
2024-07-29,43.319786,987045427,42758596816.23
2024-07-30,43.833837,985395427,43193662373.08
2024-07-31,43.759766,986245427,43157868901.79
2024-08-01,43.157539,981595427,42363242602.0
2024-08-02,42.112518,978695427,41215328414.78
2024-08-05,40.90027,971195427,39722155484.74
2024-08-06,41.498234,964795427,40037306191.83
2024-08-07,41.525696,960045427,39866554837.42
2024-08-08,42.199236,957845427,40420345666.12
2024-08-09,42.378519,966195427,40945931532.2
2024-08-12,42.17226,968745427,40854184501.25
2024-08-13,42.528829,972195427,41346333287.19
2024-08-14,43.074109,976645427,42068131411.1
2024-08-15,43.470502,978145427,42520472728.02
2024-08-16,43.742478,982545427,42978971565.97
2024-08-19,44.00765,987995427,43479357205.18
2024-08-20,43.86616,991595427,43497483421.63
2024-08-21,43.807984,991745427,43446367540.36
2024-08-22,44.017004,987645427,43473192285.24
2024-08-23,44.41692,987545427,43863726047.93
2024-08-26,44.555698,994995427,44332715278.78
2024-08-27,44.774347,998745427,44718174234.06
2024-08-28,44.909898,1001445427,44974811500.72
2024-08-29,45.290327,1002245427,45392022655.26
2024-08-30,45.726375,1004295427,45922789602.04
2024-09-03,45.406097,1011645427,45934869906.08
2024-09-04,45.445774,1008645427,45838672463.5
2024-09-05,44.97703,1009945427,45424345424.13
2024-09-06,44.286611,997695427,44184549007.97
2024-09-09,44.913374,984645427,44223748808.61
2024-09-10,44.478625,981195427,43642223887.08
2024-09-11,44.305177,972295427,43077721269.03
2024-09-12,44.359385,971845427,43110465238.02
2024-09-13,44.516995,962145427,42831823282.57
2024-09-16,45.063092,961095427,43309931534.92
2024-09-17,45.295147,960095427,43487663473.23
2024-09-18,45.170505,950645427,42941133973.56
2024-09-19,45.698771,948545427,43347360794.21
2024-09-20,45.564742,941495427,42898996236.9
2024-09-23,45.445838,930145427,42271238891.15
2024-09-24,45.028827,936545427,42171542479.65
2024-09-25,44.759854,933895427,41801022972.85
2024-09-26,45.002066,928645427,41790963180.75
2024-09-27,45.158353,929045427,41954161865.59
2024-09-30,45.309094,929495427,42114595429.82
2024-10-01,45.064683,933445427,42065422613.05
2024-10-02,45.107567,930445427,41970129375.69
2024-10-03,44.904641,930245427,41772336735.41
2024-10-04,45.67049,927495427,42359170286.99
2024-10-07,45.105407,933595427,42110201930.52
2024-10-08,45.360491,931195427,42239482072.42
2024-10-09,45.757406,934545427,42762374857.44
2024-10-10,45.610673,944945427,43099597289.42
2024-10-11,46.498698,940195427,43717862897.04
2024-10-14,46.768921,943995427,44149647575.52
2024-10-15,46.889447,941545427,44148544807.18
2024-10-16,47.467312,947295427,44965567338.98
2024-10-17,47.62023,949795427,45229476599.32
2024-10-18,47.629766,956895427,45576705079.93
2024-10-21,47.213428,951445427,44921000423.25
2024-10-22,47.158826,947245427,44670982073.97
2024-10-23,47.100281,949195427,44707371353.12
2024-10-24,47.135564,948445427,44705509650.98
2024-10-25,46.642932,949145427,44270925620.36
2024-10-28,47.177097,949495427,44794437603.83
2024-10-29,46.889962,958595427,44948503413.96
2024-10-30,47.087286,958095427,45114113735.18
2024-10-31,46.523742,960195427,44671884269.77
2024-11-01,46.575825,951095427,44298053787.46
2024-11-04,46.257548,952095427,44041599704.57
2024-11-05,46.714783,948845427,44325108634.76
2024-11-06,49.589895,949595427,47090337400.9
2024-11-07,48.788847,982695427,47944577127.56
2024-11-08,49.180391,972395427,47822787182.5
2024-11-11,49.873445,978195427,48785975557.48
2024-11-12,49.721275,988095427,49129364285.02
2024-11-13,49.752008,999595427,49731879289.0
2024-11-14,49.624408,1010095427,50125387116.34
2024-11-15,49.889039,1004545427,50115806181.92
2024-11-18,50.001538,1011895427,50596327996.95
2024-11-19,49.684769,1013395427,50350317755.51
2024-11-20,49.549572,1009495427,50020066803.19
2024-11-21,50.179972,1010445427,50704123002.08
2024-11-22,50.734508,1026295427,52068593247.76
2024-11-25,51.045289,1033745427,52767833859.94
2024-11-26,51.152226,1030345427,52704462301.42
2024-11-27,51.285327,1031195427,52885194595.66
2024-11-29,51.297354,1029295427,52800131616.72
2024-12-02,50.848707,1033845427,52569703644.53
2024-12-03,50.471611,1034945427,52235362910.16
2024-12-04,50.274252,1025895427,51576125283.34
2024-12-05,50.390266,1021595427,51478465799.62
2024-12-06,50.4213,1012495427,51051336098.93
2024-12-09,49.717694,1014445427,50435887740.86
2024-12-10,49.666925,1007395427,50034233198.84
2024-12-11,49.794839,1009045427,50245254144.29
2024-12-12,49.59469,1010945427,50137525200.9
2024-12-13,49.462869,1006395427,49779204823.73
2024-12-16,49.448473,997695427,49334515787.69
2024-12-17,49.108047,1000845427,49149564150.19
2024-12-18,47.62674,1003045427,47771783814.4
2024-12-19,47.818479,996745427,47662849998.18
2024-12-20,48.481144,997945427,48381535493.33
2024-12-23,48.413538,1001145427,48468992179.68
2024-12-24,48.994384,1003795427,49180338172.88
2024-12-26,49.097111,1005995427,49391468704.84
2024-12-27,48.714786,1007645427,49087231039.29
2024-12-30,48.263891,997195427,48128531299.31
2024-12-31,48.305729,998445427,48230634207.66
2025-01-02,48.207602,993595427,47898852850.99
2025-01-03,48.590815,989495427,48080389476.65
2025-01-06,48.413087,990945427,47974727611.38
2025-01-07,48.33846,989245427,47818600802.3
2025-01-08,48.484775,988995427,47951220854.93
2025-01-10,47.320703,989095427,46804690483.35
2025-01-13,47.645944,985745427,46966771106.56
2025-01-14,48.256666,989295427,47740099474.7
2025-01-15,49.5038,1002645427,49634758406.36
2025-01-16,49.798423,1013295427,50460513858.55
2025-01-17,50.209276,1017945427,51110302485.5
2025-01-21,50.629792,1017295427,51505456068.1
2025-01-22,50.421049,1022095427,51535123350.07
2025-01-23,50.722224,1015895427,51528475336.79
2025-01-24,50.832641,1018245427,51760103776.22
2025-01-27,51.413032,1021595427,52523318250.31
2025-01-28,51.308632,1031795427,52940011868.15
2025-01-29,51.295034,1044295427,53567169814.49
2025-01-30,51.78121,1050495427,54395924037.01
2025-01-31,51.466982,1044745427,53769894158.73
2025-02-03,51.25719,1047845427,53709612351.8
2025-02-04,51.117874,1042595427,53295262015.41
2025-02-05,51.667455,1053945427,54454678034.31
2025-02-06,52.100554,1053545427,54890300153.64
2025-02-07,51.801964,1056945427,54751848704.86
2025-02-10,51.402673,1053795427,54167901860.88
2025-02-11,51.544802,1048645427,54052220624.77
2025-02-12,51.331392,1043445427,53561506130.59
2025-02-13,51.70302,1043145427,53933768776.35
2025-02-14,51.786641,1049395427,54344663812.8
2025-02-18,52.19077,1048095427,54700906979.73
2025-02-19,52.175417,1050295427,54799601679.36
2025-02-20,51.367177,1057245427,54307713015.24
2025-02-21,50.761485,1057745427,53692728187.51
2025-02-24,50.991211,1050995427,53591529262.67
2025-02-25,50.940077,1053445427,53662590934.59
2025-02-26,50.833091,1047795427,53262680301.29
2025-02-27,51.124501,1051445427,53754622591.74
2025-02-28,52.191563,1055895427,55108832973.36
2025-03-03,51.747622,1052695427,54474485334.47
2025-03-04,49.920442,1046545427,52244009807.93
2025-03-05,50.233078,1042645427,52375289281.67
2025-03-06,49.395469,1040145427,51378470685.86
2025-03-07,49.133574,1036845427,50943921591.96
2025-03-10,48.012803,1034295427,49659422297.27
2025-03-11,47.60178,1032345427,49141479888.32
2025-03-12,47.696789,1042395427,49718914230.72
2025-03-13,47.433944,1041495427,49402235540.55
2025-03-14,48.532464,1044845427,50708923303.92
2025-03-17,49.102593,1054045427,51756363423.83
2025-03-18,49.039952,1057245427,51847265298.84
2025-03-19,49.551127,1035495427,51309965923.34
2025-03-20,49.646379,1041345427,51699029219.15
2025-03-21,49.453888,1044895427,51674140929.19
2025-03-24,50.158727,1047795427,52556085142.41
2025-03-25,50.404542,1048395427,52843891016.66
2025-03-26,50.281749,1040395427,52312902216.24
2025-03-27,50.166983,1042195427,52283799997.98
2025-03-28,49.194884,1042695427,51295280068.75
2025-03-31,49.819031,1040495427,51836473723.48
2025-04-01,49.740916,1045395427,51998925865.86
2025-04-02,50.187232,1043445427,52367637553.51
2025-04-03,47.67509,1039445427,49555654648.1
2025-04-04,44.181639,1044045427,46127637844.26
2025-04-07,44.117201,1022145427,45094195281.79
2025-04-08,43.937515,1030295427,45268620364.64
2025-04-09,47.278121,1019695427,48209283572.47
2025-04-10,45.91106,1022045427,46923189172.73
2025-04-11,46.677096,1006195427,46966280188.31
2025-04-14,47.15877,1012645427,47755112389.41
2025-04-15,47.26652,1029295427,48651213096.87
2025-04-16,46.529736,1027645427,47816070070.94
2025-04-17,46.658474,1023445427,47752402221.89
2025-04-21,45.659124,1018595427,46508174403.43
2025-04-22,47.157553,1007395427,47506302997.38
2025-04-23,47.715814,1007645427,48080621703.92
2025-04-24,48.249495,1008895427,48678694561.93
2025-04-25,48.048716,1008845427,48473727040.8
2025-04-28,48.204965,1008895427,48633768356.2
2025-04-29,48.670177,1014045427,49353770490.67
2025-04-30,48.780926,1020745427,49792907338.93
2025-05-01,48.743487,1006545427,49062534101.58
2025-05-02,49.791381,1000545427,49818538628.07
2025-05-05,49.426214,1003995427,49623692565.92
2025-05-06,49.170703,994645427,48907414973.27
2025-05-07,49.474248,994695427,49211808618.74
2025-05-08,49.826626,995495427,49602178667.35
2025-05-09,49.860948,993995427,49561554479.14
2025-05-12,50.872882,997945427,50768359451.96
2025-05-13,51.074394,1001145427,51132895696.86
2025-05-14,50.931803,998445427,50852626075.43
2025-05-15,51.25832,996795427,51094058714.39
2025-05-16,51.617336,999145427,51573225126.64
2025-05-19,51.61449,983795427,50778099455.88
2025-05-20,51.335169,982195427,50421168423.11
2025-05-21,50.285039,983595427,49460134707.96
2025-05-22,50.227042,983745427,49410623160.0
2025-05-23,50.03366,985045427,49285428164.58
2025-05-27,50.93156,984445427,50139341160.19
2025-05-28,50.57753,984545427,49795875623.91
2025-05-29,50.825237,978795427,49747509878.64
2025-05-30,50.935256,974395427,49631080667.64
2025-06-02,50.981372,971695427,49538365979.33
2025-06-03,51.072643,970095427,49545337074.1
2025-06-04,50.787177,964745427,48996696483.51
2025-06-05,50.6582,968445427,49059701830.03
2025-06-06,51.287959,962945427,49387505956.05
2025-06-09,51.012782,966695427,49313823276.05
2025-06-10,51.045968,969345427,49481175355.78
2025-06-11,50.974468,972495427,49572437190.04
2025-06-12,51.004607,962795427,49107002523.45
2025-06-13,49.965724,967995427,48366592032.7
2025-06-16,50.531792,957945427,48406699017.56
2025-06-17,50.227769,955745427,48004960895.23
2025-06-18,50.231196,956095427,48025816682.27
2025-06-20,50.368411,954345427,48068862753.62
2025-06-23,50.805347,955745427,48556978006.99
2025-06-24,51.565003,950595427,49017456464.27
2025-06-25,51.366732,952095427,48906030224.56
2025-06-26,51.75422,946395427,48979957594.26
2025-06-27,51.922977,951645427,49412263564.26
2025-06-30,52.377753,949845427,49750769519.28
2025-07-01,52.658673,956595427,50373045530.17
2025-07-02,52.60825,961745427,50595744163.17
2025-07-03,53.20796,960995427,51132606429.01
2025-07-07,52.702702,964345427,50823609978.09
2025-07-08,52.228646,973495427,50844347879.18
2025-07-09,52.38752,968095427,50716118620.18
2025-07-10,52.72362,973345427,51318294057.83
2025-07-11,52.19589,974995427,50890754273.37
2025-07-14,52.547329,973895427,51175602952.05
2025-07-15,51.686785,973945427,50340108191.88
2025-07-16,52.029222,971995427,50572166216.33
2025-07-17,52.506711,982545427,51590228698.24
2025-07-18,52.544571,981695427,51582765555.12
2025-07-21,52.392741,979795427,51334168309.09
2025-07-22,52.679638,982495427,51757503060.52
2025-07-23,53.057471,985045427,52264018691.89
2025-07-24,53.040688,990695427,52547166967.01
2025-07-25,53.424408,996145427,53218479283.26
2025-07-28,53.067821,1000045427,53070231495.46
2025-07-29,52.769558,999695427,52753486240.86
2025-07-30,52.66796,1001895427,52767788739.1
2025-07-31,52.350468,1009495427,52847558549.9
2025-08-01,51.433014,1009595427,51926536154.21
2025-08-04,51.893233,1002095427,52001971799.37
2025-08-05,51.690602,997795427,51576646679.12
2025-08-06,51.936846,996395427,51749636285.24
2025-08-07,51.348614,997345427,51212305223.83
2025-08-08,51.832194,998445427,51751616875.83
2025-08-11,51.809118,993445427,51469531201.97
2025-08-12,52.45155,994695427,52173316703.33
2025-08-13,52.743086,1004195427,52964365928.85
2025-08-14,53.030624,998595427,52956138337.26
2025-08-15,52.442639,997245427,52298182117.89
2025-08-18,52.504611,989745427,51966198730.4
2025-08-19,52.595862,981495427,51622597943.59
2025-08-20,52.864805,977395427,51669818691.07
2025-08-21,52.700491,984545427,51886027565.24
2025-08-22,53.569246,985595427,52797604173.41
2025-08-25,53.257414,995295427,53006860395.49
2025-08-26,53.662379,992095427,53238201025.24
2025-08-27,53.760972,995795427,53534930483.11
2025-08-28,53.856538,1002045427,53966697967.38
2025-08-29,53.980053,1013395427,54703139113.53
2025-09-02,53.600752,1010195427,54147234394.83
2025-09-03,53.515869,1011345427,54123029072.62
2025-09-04,54.05173,1014545427,54837935084.24
2025-09-05,53.076463,1021495427,54217364307.19
2025-09-08,53.086341,1011345427,53688627761.15
2025-09-09,53.332833,1001945427,53436588385.59
2025-09-10,53.158802,1003345427,53336640430.81
2025-09-11,54.047558,1008695427,54517524230.51
2025-09-12,53.787219,1016845427,54693287496.45
2025-09-15,53.672481,1022495427,54879866283.22
2025-09-16,53.567126,1020645427,54673042408.06
2025-09-17,54.083058,1016345427,54967068763.61
2025-09-18,54.117461,1026195427,55535090739.12
2025-09-19,54.236839,1028745427,55795899938.46
2025-09-22,53.982479,1002295427,54106392144.48
2025-09-23,53.743505,997995427,53635772671.23
2025-09-24,53.619214,991345427,53155162704.73
2025-09-25,53.473597,990245427,52951984773.55
2025-09-26,53.854211,988145427,53215792493.39
2025-09-29,54.109953,981095427,53087027413.35
2025-09-30,53.875329,1002695427,54020545531.56
2025-10-01,53.381678,1004995427,53648342187.36
2025-10-02,53.335268,1000695427,53372359247.28
2025-10-03,53.729583,1000595427,53761575266.29
2025-10-06,53.698852,1003745427,53899977324.95
2025-10-07,53.773426,1001295427,53843085411.74
2025-10-08,53.491524,995995427,53277313387.22
2025-10-09,53.319975,1000545427,53349056948.65
2025-10-10,52.169409,996945427,52010054175.57
2025-10-13,52.661251,989445427,52105433957.2
2025-10-14,53.253394,1005445427,53543381631.28
2025-10-15,53.210485,1012345427,53867391128.41
2025-10-16,51.750567,1005595427,52040133896.61
2025-10-17,52.185916,1000345427,52203942595.76
2025-10-20,52.786632,1002945427,52942111423.91
2025-10-21,52.716097,1012795427,53390622473.99
2025-10-22,52.41712,1013645427,53132374405.88
2025-10-23,52.546849,997945427,52438887167.21
2025-10-24,53.120089,997745427,53000325809.01
2025-10-27,53.316188,998595427,53241301453.95
2025-10-28,52.975215,1009045427,53454398620.61
2025-10-29,52.078068,1004645427,52319992939.02
2025-10-30,52.243321,1007595427,52640131688.09
2025-10-31,52.344646,1006145427,52666326645.93
2025-11-03,52.133007,1006745427,52484666543.57
2025-11-04,52.419417,1007395427,52807080891.92
2025-11-05,52.570031,998295427,52480421083.58
2025-11-06,52.40046,1004595427,52641262720.18
2025-11-07,52.778714,1002245427,52897225111.19
2025-11-10,52.95238,1004395427,53185128597.94
2025-11-11,53.173434,1002395427,53300807436.48
2025-11-12,53.661725,1007145427,54045161028.77
2025-11-13,52.959443,1009295427,53451723257.24
2025-11-14,52.452539,1005395427,52735542588.04
2025-11-17,51.44871,1006145427,51764883842.79
2025-11-18,51.355656,998595427,51283523218.56
2025-11-19,51.572424,1000595427,51603131946.04
2025-11-20,51.110732,998895427,51054276121.07
2025-11-21,51.668489,994345427,51376326063.39
2025-11-24,51.90884,986345427,51200047217.92
2025-11-25,52.529023,979445427,51449311091.4
2025-11-26,52.941961,981095427,51941115345.68
2025-11-28,53.317037,972795427,51866570146.84
2025-12-01,52.863542,973695427,51472988712.18
2025-12-02,52.848131,979745427,51777715133.77
2025-12-03,53.521698,976045427,52239608175.27
2025-12-04,53.64928,971545427,52122712548.79
2025-12-05,53.688791,976195427,52410751916.91
2025-12-08,53.477679,976495427,52220708509.12
2025-12-09,53.272254,977595427,52078712101.64
2025-12-10,53.875486,974345427,52493333753.01
2025-12-11,54.868374,979195427,53726860493.23
2025-12-12,54.935659,982995427,54001501137.64
2025-12-15,55.003629,985445427,54203074954.51
2025-12-16,54.639431,982795427,53699383300.45
2025-12-17,54.622495,976195427,53322229756.23
2025-12-18,54.530216,967895427,52779546596.15
2025-12-19,54.847316,971345427,53275689290.98
2025-12-22,55.338885,969245427,53636960761.23
2025-12-23,55.431133,969095427,53718057291.7
2025-12-24,55.723077,972795427,54207154431.43
2025-12-26,55.602272,979345427,54453830680.57
2025-12-29,55.326297,978945427,54161425460.4
2025-12-30,55.174012,965145427,53250945235.78
2025-12-31,54.760027,969795427,53106023489.79
2026-01-02,54.940759,970345427,53311514382.03
2026-01-05,56.124393,973745427,54650871370.99
2026-01-06,56.406067,986845427,55664068947.1
2026-01-07,55.597029,985995427,54818416385.11
2026-01-08,55.915955,985045427,55079755899.46
2026-01-09,55.725278,982595427,54755403676.22
2026-01-12,55.278877,982745427,54325064042.24
2026-01-13,54.258881,990695427,53754025049.08
2026-01-14,54.128183,991795427,53684084196.71
2026-01-15,54.362044,998545427,54282970302.7
2026-01-16,54.424967,1000295427,54441045413.93
2026-01-20,53.213795,1023245427,54450771961.8
2026-01-21,53.438988,1027495427,54908316200.41
2026-01-22,53.802483,1030045427,55419001875.1
2026-01-23,53.060633,1033995427,54864451488.7
2026-01-26,53.403051,1036845427,55370709518.55
2026-01-27,53.006041,1046295427,55459977855.41
2026-01-28,52.991247,1051095427,55698857450.79
2026-01-29,53.581831,1038795427,55660561437.22
2026-01-30,53.439784,1034545427,55285883940.06
2026-02-02,53.994615,1026195427,55409026736.58
2026-02-03,53.520055,1030445427,55149496407.82
2026-02-04,53.949335,1029295427,55529803341.36
2026-02-05,53.289851,1020695427,54392707573.9
2026-02-06,54.262304,1012945427,54964752401.51
2026-02-09,53.93711,1018695427,54945486930.57
2026-02-10,53.538536,1020345427,54627800411.96
2026-02-11,52.743318,1017395427,53660810309.89
2026-02-12,51.692353,1017245427,52583809202.94
2026-02-13,51.666341,1014695427,52425599967.76
2026-02-17,52.181137,1011495427,52780981594.99
2026-02-18,52.589065,1002095427,52699261715.88
2026-02-19,52.141832,1000695427,52178093156.94
2026-02-20,52.47753,996095427,52272627618.54
2026-02-23,50.730396,995845427,50519632392.24
2026-02-24,50.968331,980845427,49992054081.08
2026-02-25,51.824663,979095427,50741290157.85
2026-02-26,52.494264,979345427,51410017663.84
2026-02-27,51.453246,965545427,49680446533.77
2026-03-02,51.320121,958345427,49182403629.11
2026-03-03,51.22791,961045427,49232348821.81
2026-03-04,51.525305,953795427,49144600269.76
2026-03-05,51.270856,955395427,48983941671.95
2026-03-06,50.587291,951395427,48128516897.02
2026-03-09,50.324656,936795427,47143907697.69
2026-03-10,50.067505,928845427,46504972973.82
2026-03-11,49.654736,940645427,46707500435.92
2026-03-12,48.850819,931845427,45521412563.6
2026-03-13,48.876047,922695427,45097705476.19
2026-03-16,49.304964,937245427,46210851821.18
2026-03-17,49.560278,950645427,47114251879.65
2026-03-18,48.972938,964895427,47253763442.52
2026-03-19,48.985605,965245427,47283131516.05
2026-03-20,49.080714,961945427,47212967974.42
2026-03-23,49.249712,954595427,47013549659.11
2026-03-24,49.273711,976895427,48135262740.05
2026-03-25,49.325945,988745427,48770802945.24
2026-03-26,49.044199,986395427,48376973623.94
2026-03-27,47.820993,981695427,46945650010.66
2026-03-30,48.34669,974795427,47128132153.66
2026-03-31,49.383796,967745427,47790943098.95
2026-04-01,49.385419,976445427,48222166628.69
2026-04-02,49.541062,983295427,48713500192.29
2026-04-06,49.876987,984145427,49086208203.74
2026-04-07,49.886303,980945427,48935740624.7
2026-04-08,51.177371,983295427,50322474497.74
2026-04-09,51.324837,985645427,50588090666.6
2026-04-10,50.7784,988495427,50194215973.88
2026-04-13,51.655559,981395427,50694528941.03
2026-04-14,51.766288,989145427,51204386812.39
2026-04-15,52.159175,976295427,50922763830.34
2026-04-16,52.04864,978495427,50929355801.02
2026-04-17,52.440498,987245427,51771642027.83
2026-04-20,52.618081,994895427,52349488489.45
2026-04-21,52.288146,997745427,52170258849.71
2026-04-22,52.197493,998895427,52139837471.93
2026-04-23,51.783295,991595427,51348078407.14
2026-04-24,51.452946,991395427,51010215802.22
2026-04-27,51.789322,988395427,51188328626.93
2026-04-28,51.860093,999395427,51828739669.57
2026-04-29,51.905523,986195427,51188989374.77
2026-04-30,52.125419,987245427,51460581595.6
2026-05-01,51.931714,998345427,51845789592.51
2026-05-04,51.573503,1003445427,51751195258.81
2026-05-05,51.577519,1001545427,51657228417.87
2026-05-06,51.833825,993445427,51494076450.34
2026-05-07,51.538399,990395427,51043395083.54
2026-05-08,51.259672,982545427,50364956205.74
2026-05-11,51.172732,982495427,50276974933.36
2026-05-12,51.54945,977095427,50368731543.84
2026-05-13,50.999885,981595427,50061254263.35
2026-05-14,51.273454,978045427,50147767444.49
2026-05-15,51.115039,979195427,50051612541.48
2026-05-18,51.731181,975795427,50479049603.55
2026-05-19,51.100922,966395427,49383697491.54
2026-05-20,51.647443,958745427,49516749505.32
2026-05-21,51.75776,965845427,49989996269.01
2026-05-22,51.927681,962145427,49961980529.01
2026-05-26,51.852557,966545427,50117851903.96
2026-05-27,51.427323,970095427,49889411293.98
2026-05-28,51.281277,964695427,49470813258.68
2026-05-29,51.569917,958295427,49419215950.02
2026-06-01,51.435368,957695427,49259416336.39
2026-06-02,51.457213,948445427,48804357933.6
2026-06-03,50.832811,947895427,48184189408.85
2026-06-04,52.195848,937545427,48935978137.69
2026-06-05,52.287164,947195427,49526163042.62
2026-06-08,51.988156,949545427,49365115727.51
2026-06-09,52.48347,953445427,50040124211.92
2026-06-10,52.223157,955195427,49883321084.35
2026-06-11,52.634298,945645427,49773383630.91
2026-06-12,53.350268,947395427,50543799650.99
2026-06-15,53.540669,953295427,51040075286.06
2026-06-16,54.338729,955895427,51942142703.76
2026-06-17,54.056951,959995427,51894426013.67
2026-06-18,53.567055,961795427,51520548321.24
2026-06-22,53.667985,944395427,50683800052.86
2026-06-23,53.861241,946395427,50974032190.51
2026-06-24,53.697237,937945427,50365078081.77
2026-06-25,53.439011,946345427,50571763423.86
2026-06-26,53.636991,953295427,51131897816.14
2026-06-29,53.710503,952595427,51164379867.47
2026-06-30,53.630691,957545427,51353823061.32
2026-07-01,54.774505,963795427,52791417220.53
2026-07-02,55.64346,960645427,53453635192.47
2026-07-06,56.145402,962195427,54022848709.86
2026-07-07,56.050506,970495427,54396759772.91
2026-07-08,54.977302,973945427,53544892129.01
2026-07-09,55.542613,973645427,54078810726.45
2026-07-10,55.709069,970145427,54045898649.25
2026-07-13,56.047114,965895427,54135650992.43
2026-07-14,56.163437,966595427,54287321284.38
2026-07-15,56.53231,970195427,54847388977.02
2026-07-16,56.760772,987145427,56031136311.17
2026-07-17,56.246141,1000845427,56293692533.5
2026-07-20,56.030676,992195427,55593380832.39
2026-07-21,56.105912,984245427,55221987736.84
2026-07-22,56.034353,997045427,55868795600.39
2026-07-23,55.844669,996345427,55640580371.7
2026-07-24,56.326908,993645427,55968974910.01
2026-07-27,56.895836,988095427,56218515457.01
2026-07-28,57.566965,1017745427,58588515700.51
2026-07-29,56.663066,1026545427,58167211665.99
2026-07-30,56.996818,1010795427,57612123240.02
2026-07-31,56.931047,1016745427,57884381278.4
2026-08-03,57.360291,1022595427,58656370971.12
2026-08-04,57.867928,1022095427,59146544507.52
2026-08-05,58.017639,1024995427,59467814729.84
2026-08-06,57.802242,1020495427,58986923765.35
2026-08-07,57.630358,1020145427,58791346421.92
