date,nav,shares_outstanding,total_net_assets
2003-12-01,25.56,,
2003-12-02,25.51,,
2003-12-03,25.58,,
2003-12-04,25.62,,
2003-12-05,25.45,,
2003-12-08,25.66,,
2003-12-09,25.66,,
2003-12-10,25.61,,
2003-12-11,26.02,,
2003-12-12,26.06,,
2003-12-15,26.04,,
2003-12-16,26.24,,
2003-12-17,26.3,,
2003-12-18,26.56,,
2003-12-19,26.47,,
2003-12-22,26.66,,
2003-12-23,26.69,,
2003-12-24,26.58,,
2003-12-26,26.58,,
2003-12-29,26.85,,
2003-12-30,26.76,,
2003-12-31,26.84,,
2004-01-02,26.74,,
2004-01-05,27.05,,
2004-01-06,26.97,,
2004-01-07,27.02,,
2004-01-08,27.17,,
2004-01-09,26.89,,
2004-01-12,27.01,,
2004-01-13,26.92,,
2004-01-14,27.25,,
2004-01-15,27.32,,
2004-01-16,27.77,,
2004-01-20,27.39,,
2004-01-21,27.68,,
2004-01-22,27.54,,
2004-01-23,27.38,,
2004-01-26,27.75,,
2004-01-27,27.54,,
2004-01-28,27.11,,
2004-01-29,27.05,,
2004-01-30,26.95,,
2004-02-02,26.96,,
2004-02-03,26.88,,
2004-02-04,26.76,,
2004-02-05,26.99,,
2004-02-06,27.15,,
2004-02-09,27.02,,
2004-02-10,27.05,,
2004-02-11,27.39,,
2004-02-12,27.31,,
2004-02-13,27.13,,
2004-02-17,27.36,,
2004-02-18,27.21,,
2004-02-19,27.08,,
2004-02-20,27.01,,
2004-02-23,26.93,,
2004-02-24,26.79,,
2004-02-25,26.82,,
2004-02-26,26.8,,
2004-02-27,26.79,,
2004-03-01,27.0,,
2004-03-02,26.83,,
2004-03-03,26.9,,
2004-03-04,26.96,,
2004-03-05,26.97,,
2004-03-08,26.61,,
2004-03-09,26.41,,
2004-03-10,25.94,,
2004-03-11,25.58,,
2004-03-12,26.0,,
2004-03-15,25.7,,
2004-03-16,25.88,,
2004-03-17,26.28,,
2004-03-18,26.26,,
2004-03-19,25.87,,
2004-03-22,25.47,,
2004-03-23,25.45,,
2004-03-24,25.43,,
2004-03-25,25.9,,
2004-03-26,25.94,,
2004-03-29,26.27,,
2004-03-30,26.44,,
2004-03-31,26.48,,
2004-04-01,26.54,,
2004-04-02,26.91,,
2004-04-05,27.16,,
2004-04-06,27.21,,
2004-04-07,27.04,,
2004-04-08,26.99,,
2004-04-12,27.17,,
2004-04-13,26.8,,
2004-04-14,26.76,,
2004-04-15,26.83,,
2004-04-16,27.07,,
2004-04-19,26.98,,
2004-04-20,26.62,,
2004-04-21,26.83,,
2004-04-22,27.38,,
2004-04-23,27.27,,
2004-04-26,27.16,,
2004-04-27,27.22,,
2004-04-28,26.83,,
2004-04-29,26.6,,
2004-04-30,26.45,,
2004-05-03,26.7,,
2004-05-04,26.76,,
2004-05-05,26.77,,
2004-05-06,26.64,,
2004-05-07,26.26,,
2004-05-10,25.85,,
2004-05-11,26.04,,
2004-05-12,26.21,,
2004-05-13,26.18,,
2004-05-14,26.2,,
2004-05-17,25.89,,
2004-05-18,26.12,,
2004-05-19,26.09,,
2004-05-20,25.99,,
2004-05-21,26.23,,
2004-05-24,26.4,,
2004-05-25,26.8,,
2004-05-26,26.84,,
2004-05-27,26.84,,
2004-05-28,27.04,,
2004-06-01,27.03,,
2004-06-02,27.27,,
2004-06-03,27.07,,
2004-06-04,27.24,,
2004-06-07,27.72,,
2004-06-08,27.79,,
2004-06-09,27.55,,
2004-06-10,27.71,,
2004-06-14,27.57,,
2004-06-15,27.79,,
2004-06-16,27.87,,
2004-06-17,27.88,,
2004-06-18,28.0,,
2004-06-21,27.94,,
2004-06-22,28.16,,
2004-06-23,28.55,,
2004-06-24,28.47,,
2004-06-25,28.34,,
2004-06-28,28.29,,
2004-06-29,28.5,,
2004-06-30,28.64,,
2004-07-01,28.27,,
2004-07-02,27.99,,
2004-07-06,27.89,,
2004-07-07,28.01,,
2004-07-08,27.76,,
2004-07-09,28.03,,
2004-07-12,28.13,,
2004-07-13,28.18,,
2004-07-14,28.12,,
2004-07-15,28.24,,
2004-07-16,28.13,,
2004-07-19,27.99,,
2004-07-20,28.16,,
2004-07-21,27.8,,
2004-07-22,27.67,,
2004-07-23,27.46,,
2004-07-26,27.39,,
2004-07-27,27.7,,
2004-07-28,27.82,,
2004-07-29,27.92,,
2004-07-30,27.88,,
2004-08-02,27.98,,
2004-08-03,27.81,,
2004-08-04,27.82,,
2004-08-05,27.3,,
2004-08-06,26.73,,
2004-08-09,26.8,,
2004-08-10,27.21,,
2004-08-11,27.17,,
2004-08-12,26.76,,
2004-08-13,26.79,,
2004-08-16,27.28,,
2004-08-17,27.23,,
2004-08-18,27.55,,
2004-08-19,27.37,,
2004-08-20,27.57,,
2004-08-23,27.52,,
2004-08-24,27.65,,
2004-08-25,27.87,,
2004-08-26,27.89,,
2004-08-27,27.88,,
2004-08-30,27.71,,
2004-08-31,27.84,,
2004-09-01,27.92,,
2004-09-02,28.26,,
2004-09-03,28.14,,
2004-09-07,28.38,,
2004-09-08,28.34,,
2004-09-09,28.27,,
2004-09-10,28.38,,
2004-09-13,28.43,,
2004-09-14,28.44,,
2004-09-15,28.21,,
2004-09-16,28.38,,
2004-09-17,28.6,,
2004-09-20,28.47,,
2004-09-21,28.58,,
2004-09-22,28.15,,
2004-09-23,27.9,,
2004-09-24,28.01,,
2004-09-27,27.79,,
2004-09-28,28.02,,
2004-09-29,28.18,,
2004-09-30,28.36,,
2004-10-01,28.77,,
2004-10-04,28.82,,
2004-10-05,28.68,,
2004-10-06,28.94,,
2004-10-07,28.57,,
2004-10-08,28.35,,
2004-10-11,28.42,,
2004-10-12,28.38,,
2004-10-13,28.1,,
2004-10-14,27.97,,
2004-10-15,28.18,,
2004-10-18,28.18,,
2004-10-19,27.99,,
2004-10-20,27.93,,
2004-10-21,28.06,,
2004-10-22,27.77,,
2004-10-25,27.81,,
2004-10-26,28.24,,
2004-10-27,28.57,,
2004-10-28,28.58,,
2004-10-29,28.67,,
2004-11-01,28.78,,
2004-11-02,28.77,,
2004-11-03,29.09,,
2004-11-04,29.66,,
2004-11-05,29.86,,
2004-11-08,29.92,,
2004-11-09,30.03,,
2004-11-10,30.05,,
2004-11-11,30.42,,
2004-11-12,30.64,,
2004-11-15,30.51,,
2004-11-16,30.36,,
2004-11-17,30.56,,
2004-11-18,30.74,,
2004-11-19,30.36,,
2004-11-22,30.46,,
2004-11-23,30.43,,
2004-11-24,30.52,,
2004-11-26,30.48,,
2004-11-29,30.4,,
2004-11-30,30.44,,
2004-12-01,30.95,,
2004-12-02,30.89,,
2004-12-03,30.89,,
2004-12-06,30.78,,
2004-12-07,30.43,,
2004-12-08,30.58,,
2004-12-09,30.73,,
2004-12-10,30.84,,
2004-12-13,31.19,,
2004-12-14,31.24,,
2004-12-15,31.23,,
2004-12-16,31.07,,
2004-12-17,30.87,,
2004-12-20,30.92,,
2004-12-21,31.11,,
2004-12-22,31.22,,
2004-12-23,31.23,,
2004-12-27,31.02,,
2004-12-28,31.26,,
2004-12-29,31.16,,
2004-12-30,31.15,,
2004-12-31,31.08,,
2005-01-03,30.82,,
2005-01-04,30.38,,
2005-01-05,30.2,,
2005-01-06,30.33,,
2005-01-07,30.2,,
2005-01-10,30.25,,
2005-01-11,30.13,,
2005-01-12,30.19,,
2005-01-13,29.87,,
2005-01-14,30.08,,
2005-01-18,30.23,,
2005-01-19,29.97,,
2005-01-20,29.75,,
2005-01-21,29.49,,
2005-01-24,29.38,,
2005-01-25,29.67,,
2005-01-26,29.76,,
2005-01-27,29.82,,
2005-01-28,29.85,,
2005-01-31,30.18,,
2005-02-01,30.27,,
2005-02-02,30.29,,
2005-02-03,30.22,,
2005-02-04,30.43,,
2005-02-07,30.44,,
2005-02-08,30.58,,
2005-02-09,30.28,,
2005-02-10,30.39,,
2005-02-11,30.63,,
2005-02-14,30.58,,
2005-02-15,30.7,,
2005-02-16,30.73,,
2005-02-17,30.5,,
2005-02-18,30.48,,
2005-02-22,29.99,,
2005-02-23,30.08,,
2005-02-24,30.44,,
2005-02-25,30.71,,
2005-02-28,30.52,,
2005-03-01,30.67,,
2005-03-02,30.73,,
2005-03-03,30.81,,
2005-03-04,31.28,,
2005-03-07,31.41,,
2005-03-08,31.39,,
2005-03-09,31.07,,
2005-03-10,31.16,,
2005-03-11,30.99,,
2005-03-14,31.18,,
2005-03-15,31.01,,
2005-03-16,30.65,,
2005-03-17,30.68,,
2005-03-18,30.66,,
2005-03-21,30.64,,
2005-03-22,30.48,,
2005-03-23,30.35,,
2005-03-24,30.39,,
2005-03-28,30.41,,
2005-03-29,30.0,,
2005-03-30,30.48,,
2005-03-31,30.41,,
2005-04-01,30.16,,
2005-04-04,30.11,,
2005-04-05,30.26,,
2005-04-06,30.3,,
2005-04-07,30.53,,
2005-04-08,30.24,,
2005-04-11,30.28,,
2005-04-12,30.49,,
2005-04-13,30.01,,
2005-04-14,29.49,,
2005-04-15,28.99,,
2005-04-18,29.05,,
2005-04-19,29.19,,
2005-04-20,28.86,,
2005-04-21,29.59,,
2005-04-22,29.33,,
2005-04-25,29.63,,
2005-04-26,29.24,,
2005-04-27,29.32,,
2005-04-28,28.96,,
2005-04-29,29.35,,
2005-05-02,29.5,,
2005-05-03,29.3,,
2005-05-04,29.6,,
2005-05-05,29.47,,
2005-05-06,29.59,,
2005-05-09,29.78,,
2005-05-10,29.45,,
2005-05-11,29.68,,
2005-05-12,29.33,,
2005-05-13,29.16,,
2005-05-16,29.54,,
2005-05-17,29.77,,
2005-05-18,30.25,,
2005-05-19,30.24,,
2005-05-20,30.24,,
2005-05-23,30.44,,
2005-05-24,30.38,,
2005-05-25,30.13,,
2005-05-26,30.34,,
2005-05-27,30.33,,
2005-05-31,30.14,,
2005-06-01,30.37,,
2005-06-02,30.38,,
2005-06-03,30.2,,
2005-06-06,30.24,,
2005-06-07,30.32,,
2005-06-08,30.17,,
2005-06-09,30.2,,
2005-06-10,30.15,,
2005-06-13,30.16,,
2005-06-14,30.13,,
2005-06-15,30.14,,
2005-06-16,30.22,,
2005-06-17,30.39,,
2005-06-20,30.27,,
2005-06-21,30.2,,
2005-06-22,30.1,,
2005-06-23,29.53,,
2005-06-24,29.28,,
2005-06-27,29.25,,
2005-06-28,29.74,,
2005-06-29,29.6,,
2005-06-30,29.39,,
2005-07-01,29.45,,
2005-07-05,29.54,,
2005-07-06,29.26,,
2005-07-07,29.33,,
2005-07-08,29.78,,
2005-07-11,29.89,,
2005-07-12,29.74,,
2005-07-13,29.83,,
2005-07-14,30.07,,
2005-07-15,30.07,,
2005-07-18,29.97,,
2005-07-19,30.21,,
2005-07-20,30.56,,
2005-07-21,30.43,,
2005-07-22,30.54,,
2005-07-25,30.31,,
2005-07-26,30.39,,
2005-07-27,30.52,,
2005-07-28,30.72,,
2005-07-29,30.5,,
2005-08-01,30.49,,
2005-08-02,30.43,,
2005-08-03,30.41,,
2005-08-04,30.21,,
2005-08-05,30.02,,
2005-08-08,29.98,,
2005-08-09,30.2,,
2005-08-10,30.12,,
2005-08-11,30.43,,
2005-08-12,30.24,,
2005-08-15,30.35,,
2005-08-16,29.96,,
2005-08-17,30.08,,
2005-08-18,29.95,,
2005-08-19,30.06,,
2005-08-22,30.13,,
2005-08-23,29.98,,
2005-08-24,29.74,,
2005-08-25,29.8,,
2005-08-26,29.65,,
2005-08-29,29.77,,
2005-08-30,29.54,,
2005-08-31,29.83,,
2005-09-01,29.69,,
2005-09-02,29.73,,
2005-09-06,30.13,,
2005-09-07,30.22,,
2005-09-08,30.05,,
2005-09-09,30.21,,
2005-09-12,30.39,,
2005-09-13,30.27,,
2005-09-14,30.04,,
2005-09-15,30.05,,
2005-09-16,30.13,,
2005-09-19,29.71,,
2005-09-20,29.56,,
2005-09-21,29.39,,
2005-09-22,29.56,,
2005-09-23,29.75,,
2005-09-26,29.67,,
2005-09-27,29.84,,
2005-09-28,29.85,,
2005-09-29,30.0,,
2005-09-30,30.13,,
2005-10-03,30.01,,
2005-10-04,29.71,,
2005-10-05,29.33,,
2005-10-06,29.53,,
2005-10-07,29.78,,
2005-10-10,29.58,,
2005-10-11,29.45,,
2005-10-12,29.39,,
2005-10-13,29.36,,
2005-10-14,29.66,,
2005-10-17,29.67,,
2005-10-18,29.46,,
2005-10-19,29.86,,
2005-10-20,29.53,,
2005-10-21,29.31,,
2005-10-24,29.78,,
2005-10-25,29.67,,
2005-10-26,29.45,,
2005-10-27,29.15,,
2005-10-28,29.63,,
2005-10-31,29.71,,
2005-11-01,29.63,,
2005-11-02,29.93,,
2005-11-03,30.09,,
2005-11-04,30.08,,
2005-11-07,30.2,,
2005-11-08,30.05,,
2005-11-09,30.1,,
2005-11-10,30.45,,
2005-11-11,30.55,,
2005-11-14,30.6,,
2005-11-15,30.56,,
2005-11-16,30.68,,
2005-11-17,31.0,,
2005-11-18,31.28,,
2005-11-21,31.47,,
2005-11-22,31.62,,
2005-11-23,31.59,,
2005-11-25,31.63,,
2005-11-28,31.44,,
2005-11-29,31.51,,
2005-11-30,31.44,,
2005-12-01,31.82,,
2005-12-02,31.69,,
2005-12-05,31.53,,
2005-12-06,31.64,,
2005-12-07,31.43,,
2005-12-08,31.27,,
2005-12-09,31.47,,
2005-12-12,31.47,,
2005-12-13,31.48,,
2005-12-14,31.75,,
2005-12-15,31.81,,
2005-12-16,31.64,,
2005-12-19,31.33,,
2005-12-20,31.35,,
2005-12-21,31.51,,
2005-12-22,31.78,,
2005-12-23,31.82,,
2005-12-27,31.53,,
2005-12-28,31.62,,
2005-12-29,31.61,,
2005-12-30,31.43,,
2006-01-03,31.65,,
2006-01-04,31.74,,
2006-01-05,31.65,,
2006-01-06,31.83,,
2006-01-09,32.02,,
2006-01-10,31.96,,
2006-01-11,31.97,,
2006-01-12,31.73,,
2006-01-13,31.6,,
2006-01-17,31.43,,
2006-01-18,31.48,,
2006-01-19,31.65,,
2006-01-20,30.95,,
2006-01-23,31.01,,
2006-01-24,31.22,,
2006-01-25,31.17,,
2006-01-26,31.52,,
2006-01-27,31.61,,
2006-01-30,31.67,,
2006-01-31,31.54,,
2006-02-01,31.81,,
2006-02-02,31.5,,
2006-02-03,31.42,,
2006-02-06,31.53,,
2006-02-07,31.29,,
2006-02-08,31.51,,
2006-02-09,31.66,,
2006-02-10,31.9,,
2006-02-13,31.87,,
2006-02-14,32.27,,
2006-02-15,32.36,,
2006-02-16,32.43,,
2006-02-17,32.53,,
2006-02-21,32.4,,
2006-02-22,32.73,,
2006-02-23,32.62,,
2006-02-24,32.69,,
2006-02-27,32.9,,
2006-02-28,32.48,,
2006-03-01,32.73,,
2006-03-02,32.64,,
2006-03-03,32.76,,
2006-03-06,32.54,,
2006-03-07,32.58,,
2006-03-08,32.54,,
2006-03-09,32.5,,
2006-03-10,32.82,,
2006-03-13,32.82,,
2006-03-14,33.19,,
2006-03-15,33.62,,
2006-03-16,33.69,,
2006-03-17,33.77,,
2006-03-20,33.76,,
2006-03-21,33.57,,
2006-03-22,33.89,,
2006-03-23,33.69,,
2006-03-24,33.71,,
2006-03-27,33.68,,
2006-03-28,33.53,,
2006-03-29,33.78,,
2006-03-30,33.81,,
2006-03-31,33.79,,
2006-04-03,33.89,,
2006-04-04,34.13,,
2006-04-05,34.15,,
2006-04-06,34.15,,
2006-04-07,33.88,,
2006-04-10,33.87,,
2006-04-11,33.74,,
2006-04-12,33.97,,
2006-04-13,33.88,,
2006-04-17,33.69,,
2006-04-18,34.49,,
2006-04-19,34.77,,
2006-04-20,34.84,,
2006-04-21,34.88,,
2006-04-24,34.94,,
2006-04-25,34.58,,
2006-04-26,34.77,,
2006-04-27,34.65,,
2006-04-28,34.56,,
2006-05-01,34.63,,
2006-05-02,34.92,,
2006-05-03,34.96,,
2006-05-04,35.32,,
2006-05-05,35.68,,
2006-05-08,35.64,,
2006-05-09,35.71,,
2006-05-10,35.73,,
2006-05-11,35.44,,
2006-05-12,34.93,,
2006-05-15,34.97,,
2006-05-16,34.94,,
2006-05-17,34.22,,
2006-05-18,33.83,,
2006-05-19,34.0,,
2006-05-22,33.92,,
2006-05-23,33.8,,
2006-05-24,33.7,,
2006-05-25,33.94,,
2006-05-26,34.11,,
2006-05-30,33.69,,
2006-05-31,33.962259,31507053,1070050688.94
2006-06-01,34.308765,31507053,1080968064.86
2006-06-02,34.305468,31507053,1080864202.51
2006-06-05,33.591203,31507053,1058359821.07
2006-06-06,33.448232,31507053,1053855220.46
2006-06-07,33.150464,30757053,1019610568.9
2006-06-08,33.133327,30757053,1019083509.52
2006-06-09,32.893526,30757053,1011707913.97
2006-06-12,32.434869,29757053,965166130.22
2006-06-13,32.302393,29757053,961224011.79
2006-06-14,32.628463,30107053,982346879.2
2006-06-15,33.383947,30107053,1005092258.7
2006-06-16,33.24261,29357053,975905063.26
2006-06-19,32.965132,29857053,984241697.61
2006-06-20,32.957696,31857053,1049935067.32
2006-06-21,33.341439,32057053,1068828269.63
2006-06-22,33.168701,32057053,1063290796.77
2006-06-23,33.207958,32057053,1064549277.74
2006-06-26,33.323743,32507053,1083256665.82
2006-06-27,32.969728,32907053,1084936602.04
2006-06-28,33.105344,33257053,1100986187.26
2006-06-29,33.829377,33257053,1125065390.62
2006-06-30,33.825192,33257053,1124926186.46
2006-07-03,33.978751,31257053,1062075631.19
2006-07-05,33.707669,31257053,1053602407.54
2006-07-06,33.757781,31257053,1055168750.38
2006-07-07,33.23731,31257053,1038900373.28
2006-07-10,33.343714,31257053,1042226245.1
2006-07-11,33.437098,31257053,1045145140.79
2006-07-12,33.086431,31257053,1034184331.1
2006-07-13,32.483719,31257053,1015345336.13
2006-07-14,31.983869,32257053,1031705342.09
2006-07-17,31.873763,31757053,1012216768.31
2006-07-18,32.005922,31757053,1016413770.26
2006-07-19,32.671123,31407053,1026103677.92
2006-07-20,32.034994,31407053,1006124765.64
2006-07-21,31.71173,30507053,967431438.64
2006-07-24,32.239896,30207053,973872241.91
2006-07-25,32.133921,30207053,970671047.94
2006-07-26,31.677758,30157053,955307825.7
2006-07-27,31.653278,31007053,981474883.17
2006-07-28,32.041096,32357053,1036755455.77
2006-07-31,31.880308,32957053,1050681004.85
2006-08-01,31.677694,33307053,1055090629.65
2006-08-02,31.868607,33357895,1063069651.12
2006-08-03,32.145636,33357895,1072310750.44
2006-08-04,32.066823,34207895,1096938517.65
2006-08-07,31.898658,34307895,1094375811.65
2006-08-08,31.622482,34307895,1084900785.5
2006-08-09,31.17554,34207895,1066449611.56
2006-08-10,31.40129,34307895,1077312176.32
2006-08-11,31.229071,34307895,1071403687.61
2006-08-14,31.315832,34307895,1074380268.65
2006-08-15,31.874731,33307895,1061680183.48
2006-08-16,32.584219,32807895,1069019633.64
2006-08-17,32.65428,33857895,1105605168.02
2006-08-18,32.545608,34607895,1126334972.75
2006-08-21,32.255414,34607895,1116291983.77
2006-08-22,32.26448,34607895,1116605736.1
2006-08-23,32.077407,34807895,1116547011.28
2006-08-24,31.886546,34807895,1109903557.37
2006-08-25,31.861797,34807895,1109042094.77
2006-08-28,32.060985,34707895,1112769301.88
2006-08-29,32.090114,34407895,1104153287.36
2006-08-30,32.125033,33757895,1084473482.25
2006-08-31,32.226397,33357895,1075004752.22
2006-09-01,32.437107,33457895,1085277312.66
2006-09-05,32.527564,31457895,1023248684.82
2006-09-06,32.258145,31957895,1030902426.36
2006-09-07,32.06112,31807895,1019796750.12
2006-09-08,32.128495,31807895,1021939801.42
2006-09-11,32.188051,31807895,1023834145.51
2006-09-12,32.512324,31807895,1034148575.97
2006-09-13,32.868232,31507895,1035608806.34
2006-09-14,32.748231,32007895,1048201945.43
2006-09-15,32.732915,30007895,982245887.93
2006-09-18,32.808147,32957895,1081287471.46
2006-09-19,32.693091,32957895,1077495452.71
2006-09-20,32.844712,32757895,1075923619.99
2006-09-21,32.499035,32857895,1067849869.91
2006-09-22,32.406305,32757895,1061562324.2
2006-09-25,32.771104,31907895,1045656951.13
2006-09-26,33.257163,31507895,1047863195.22
2006-09-27,33.330193,32107895,1070162325.52
2006-09-28,33.49802,32859119,1100715434.2
2006-09-29,33.351436,32859119,1095898792.87
2006-10-02,33.457038,32859119,1099368782.75
2006-10-03,33.659281,33909119,1141356574.68
2006-10-04,34.083788,34109119,1162567990.18
2006-10-05,34.414693,35909119,1235801299.16
2006-10-06,34.264136,36109119,1237247759.76
2006-10-09,34.292196,36109119,1238260979.86
2006-10-10,34.385846,36109119,1241642597.4
2006-10-11,34.294161,36109119,1238331949.69
2006-10-12,34.621475,36109119,1250150972.6
2006-10-13,34.601724,35909119,1242517428.68
2006-10-16,34.862039,35909119,1251865114.43
2006-10-17,34.62373,34459119,1193103217.76
2006-10-18,34.546258,33609119,1161069281.11
2006-10-19,34.491069,33609119,1159214455.39
2006-10-20,34.278928,34309119,1176079836.3
2006-10-23,34.46592,33859119,1166985681.51
2006-10-24,34.521204,34259119,1182666039.5
2006-10-25,34.483894,33959119,1171042659.11
2006-10-26,34.489143,34659119,1195363301.6
2006-10-27,34.20054,34659119,1185360593.23
2006-10-30,34.375214,34259119,1177664535.2
2006-10-31,34.259749,34259119,1173708810.11
2006-11-01,34.05058,34009119,1158030210.78
2006-11-02,33.96132,33609119,1141410042.59
2006-11-03,33.860725,33309119,1127870923.17
2006-11-06,34.225578,33309119,1140023852.3
2006-11-07,34.559744,33309119,1151154632.62
2006-11-08,34.657083,32959119,1142266933.55
2006-11-09,34.384085,32759119,1126392347.86
2006-11-10,34.532272,32759119,1131246807.76
2006-11-13,34.730933,30159119,1047454336.5
2006-11-14,34.87865,30159119,1051909362.28
2006-11-15,35.162634,30509119,1072780992.13
2006-11-16,35.394494,30509119,1079854844.57
2006-11-17,35.399757,30509119,1080015388.84
2006-11-20,35.272312,30009119,1058491022.02
2006-11-21,35.460035,30009119,1064124406.93
2006-11-22,35.519071,30009119,1065896030.15
2006-11-24,35.388705,29759119,1053136690.73
2006-11-27,34.90011,30459119,1063026596.95
2006-11-28,34.820889,30659119,1067577784.99
2006-11-29,35.106873,30659119,1076345799.79
2006-11-30,35.118512,30659119,1076702650.31
2006-12-01,34.939104,30659119,1071202133.06
2006-12-04,35.318614,30659119,1082837597.13
2006-12-05,35.434281,30459119,1079296989.51
2006-12-06,35.366735,30009119,1061324572.31
2006-12-07,35.299744,31409119,1108733863.14
2006-12-08,35.281724,31409119,1108167881.83
2006-12-11,35.210412,31409119,1105928011.3
2006-12-12,35.158236,31409119,1104289224.89
2006-12-13,35.009299,30559119,1069853319.26
2006-12-14,35.325083,30559119,1079503418.96
2006-12-15,35.178436,27959119,983558076.64
2006-12-18,35.211207,30109119,1060178416.2
2006-12-19,35.292808,30109119,1062635366.02
2006-12-20,35.338925,30359119,1072858633.13
2006-12-21,35.231968,30359119,1069611506.77
2006-12-22,34.987395,30359119,1062186484.31
2006-12-26,35.132051,30359119,1066578116.43
2006-12-27,35.357851,30509119,1078736870.14
2006-12-28,35.243725,30511407,1075335631.72
2006-12-29,35.0534,30511407,1069528551.47
2007-01-03,35.202297,30511407,1074071618.19
2007-01-04,35.110597,30511407,1071273711.52
2007-01-05,34.898439,30711407,1071780177.23
2007-01-08,35.069938,30711407,1077047129.96
2007-01-09,35.096981,30711407,1077877657.98
2007-01-10,35.176585,29961407,1053939971.36
2007-01-11,35.483172,29961407,1063125744.25
2007-01-12,35.596873,30561407,1087890513.94
2007-01-16,35.818074,30561407,1094650735.04
2007-01-17,35.812562,30361407,1087319774.04
2007-01-18,35.754412,29861407,1067677035.86
2007-01-19,35.628487,29861407,1063916737.68
2007-01-22,35.231775,29861407,1052070363.39
2007-01-23,35.618417,29861407,1063616056.97
2007-01-24,35.639477,31711407,1130177948.7
2007-01-25,35.262725,31711407,1118230622.17
2007-01-26,35.118195,33211407,1166324682.27
2007-01-29,35.211486,33211407,1169423008.87
2007-01-30,35.294733,34461407,1216306169.72
2007-01-31,35.720303,35561407,1270264224.91
2007-02-01,36.162745,35561407,1285998096.51
2007-02-02,36.260938,33561407,1216968098.76
2007-02-05,36.248321,33561407,1216544668.28
2007-02-06,36.26326,34011407,1233364497.23
2007-02-07,36.25001,34311407,1243788833.68
2007-02-08,36.008817,34311407,1235513176.46
2007-02-09,35.823871,33461407,1198717129.51
2007-02-12,35.869702,33211407,1191283268.21
2007-02-13,36.145969,33211407,1200458471.81
2007-02-14,36.71829,32111407,1179075967.48
2007-02-15,36.773124,31311407,1151418267.7
2007-02-16,36.636081,31011407,1136136424.9
2007-02-20,36.771147,30411407,1118262327.6
2007-02-21,36.773296,30111407,1107295688.46
2007-02-22,36.612363,30111407,1102449763.48
2007-02-23,36.509939,30111407,1099365639.1
2007-02-26,36.351387,28761407,1045517040.1
2007-02-27,35.245305,30761407,1084195180.07
2007-02-28,35.360629,29161407,1031165687.53
2007-03-01,35.308776,27861407,983752189.36
2007-03-02,34.893544,28611407,998353393.7
2007-03-05,34.687418,30611407,1061830682.22
2007-03-06,35.051332,31111407,1090496267.18
2007-03-07,35.058148,31061407,1088955415.1
2007-03-08,35.316711,31061407,1096986730.82
2007-03-09,35.361582,32061407,1133742087.66
2007-03-12,35.592576,34211407,1217672117.52
2007-03-13,34.914304,34311407,1197958906.4
2007-03-14,35.14931,33761407,1186690155.78
2007-03-15,35.237948,33761407,1189682714.54
2007-03-16,35.168345,31461407,1106445625.51
2007-03-19,35.523369,34461407,1224185262.21
2007-03-20,35.625888,34461407,1227718228.91
2007-03-21,36.118893,34461407,1244707886.12
2007-03-22,36.085818,34311407,1238155186.76
2007-03-23,36.314377,34311407,1245997383.49
2007-03-26,36.15324,34311407,1240468526.99
2007-03-27,35.854235,34961407,1253514501.47
2007-03-28,35.505653,35611407,1264406267.68
2007-03-29,35.590803,34461996,1226530114.28
2007-03-30,35.585531,30111996,1071551380.78
2007-04-02,35.575982,30111996,1071263839.03
2007-04-03,35.872448,30111996,1080191013.62
2007-04-04,35.784173,30611996,1095424959.45
2007-04-05,35.785599,32111996,1149146996.02
2007-04-09,35.86792,31011996,1112335797.01
2007-04-10,35.895767,31011996,1113199394.26
2007-04-11,35.689811,30211996,1078260427.08
2007-04-12,36.048691,30211996,1089102915.67
2007-04-13,36.089058,31761996,1146260517.75
2007-04-16,36.34401,34111996,1239766712.24
2007-04-17,36.363851,35911996,1305898474.91
2007-04-18,36.531624,35911996,1311923550.34
2007-04-19,36.585246,35411996,1295556595.87
2007-04-20,36.929157,35511996,1311428066.45
2007-04-23,36.951125,34561996,1277104646.34
2007-04-24,36.899491,34561996,1275320051.18
2007-04-25,37.218918,34561996,1286360098.35
2007-04-26,37.214075,34561996,1286192724.16
2007-04-27,37.673209,34661996,1305828632.43
2007-04-30,37.308121,34661996,1293173929.71
2007-05-01,37.45483,34761996,1302004647.66
2007-05-02,37.771188,35161996,1328110377.11
2007-05-03,37.972879,35161996,1335202233.1
2007-05-04,37.984355,35161996,1335605754.56
2007-05-07,38.073321,35161996,1338733962.13
2007-05-08,38.030375,34461996,1310602622.73
2007-05-09,38.285271,34611996,1325129646.69
2007-05-10,37.805432,34611996,1308521472.97
2007-05-11,38.139714,35111996,1339161481.59
2007-05-14,38.023649,36261996,1378813422.95
2007-05-15,38.080707,34261996,1304721033.38
2007-05-16,38.313136,33661996,1289696628.13
2007-05-17,38.293006,30661996,1174140001.03
2007-05-18,38.398478,31061996,1192733354.9
2007-05-21,38.452921,34061996,1309783237.99
2007-05-22,38.392111,34061996,1307711933.97
2007-05-23,38.448548,34061996,1309634282.46
2007-05-24,38.239963,33611996,1285321493.17
2007-05-25,38.491662,33611996,1293781574.87
2007-05-29,38.57801,34411996,1327546328.96
2007-05-30,38.932353,35011996,1363099387.27
2007-05-31,39.152772,32261996,1263146576.78
2007-06-01,39.236623,33411996,1310973875.12
2007-06-04,39.309399,32211996,1266234214.49
2007-06-05,39.143962,38011996,1487940116.65
2007-06-06,38.778892,40111996,1555498766.24
2007-06-07,38.128141,40661996,1550366334.96
2007-06-08,38.715945,40661996,1574267592.81
2007-06-11,38.734383,40661996,1575017346.32
2007-06-12,38.327154,39011996,1495218769.57
2007-06-13,39.090795,40261996,1573873418.84
2007-06-14,39.365996,40261996,1584953578.68
2007-06-15,39.468183,37311996,1472636702.7
2007-06-18,39.307162,38311996,1505935833.77
2007-06-19,39.622117,39511996,1565548933.53
2007-06-20,39.290448,39761996,1562266623.19
2007-06-21,39.493632,39761996,1570345637.14
2007-06-22,39.104108,38411996,1502066833.59
2007-06-25,38.985701,38411996,1497518606.84
2007-06-26,38.787049,37661996,1460797694.26
2007-06-27,38.986425,37161996,1448813367.39
2007-06-28,39.007389,37162708,1449620193.18
2007-06-29,39.027893,37362708,1458187786.31
2007-07-02,39.47104,33562708,1360083260.24
2007-07-03,39.581643,35562708,1407630423.94
2007-07-05,39.582866,35562708,1407673921.67
2007-07-06,39.746734,35562708,1413501509.28
2007-07-09,40.026232,35812708,1433447761.65
2007-07-10,39.42711,34512708,1360736319.91
2007-07-11,39.790112,34362708,1367295985.32
2007-07-12,40.471543,34362708,1390711807.56
2007-07-13,40.756789,34562708,1408664999.78
2007-07-16,41.012846,36062708,1479034298.04
2007-07-17,41.281015,36062708,1488705184.19
2007-07-18,41.223002,37162708,1531958387.64
2007-07-19,41.524388,37162708,1543158718.31
2007-07-20,40.953782,37712708,1544478005.6
2007-07-23,41.218054,38012708,1566809836.14
2007-07-24,40.592336,37712708,1530846905.39
2007-07-25,40.623109,37812708,1536069742.54
2007-07-26,39.803258,37812708,1505068968.07
2007-07-27,39.276047,38012708,1492988907.63
2007-07-30,39.876324,38662708,1541726680.0
2007-07-31,39.399614,38412708,1513445869.15
2007-08-01,39.741833,39012708,1550436529.54
2007-08-02,40.059467,37612708,1506745029.38
2007-08-03,39.107305,41512708,1623450125.79
2007-08-06,39.768051,44062708,1752288025.61
2007-08-07,39.734679,45012708,1788565508.61
2007-08-08,39.889406,45712708,1823452768.82
2007-08-09,38.627816,45412708,1754193750.76
2007-08-10,38.696427,43112708,1668307769.06
2007-08-13,39.013652,42712708,1666378725.78
2007-08-14,38.236531,42462708,1623626640.9
2007-08-15,37.447498,42562708,1593866903.33
2007-08-16,37.204882,42062708,1564938093.13
2007-08-17,38.136391,42512708,1621281241.12
2007-08-20,38.499856,46212708,1779182603.2
2007-08-21,38.412973,44162708,1696420919.37
2007-08-22,39.147567,45062708,1764095377.21
2007-08-23,38.823904,44312708,1720392300.52
2007-08-24,39.364439,42312708,1665616004.73
2007-08-27,39.193885,42312708,1658399403.15
2007-08-28,38.150105,42462708,1619956778.31
2007-08-29,38.998574,42412708,1654035142.65
2007-08-30,38.812262,42412708,1646133126.23
2007-08-31,39.364045,42512708,1673472142.7
2007-09-04,39.590429,41312708,1635587848.66
2007-09-05,39.119112,41712708,1631764084.97
2007-09-06,39.457422,41712708,1645875923.56
2007-09-07,38.683755,42812708,1656156323.73
2007-09-10,38.666829,39862708,1541364514.06
2007-09-11,39.087909,39862708,1558149899.16
2007-09-12,39.148058,40262708,1576206838.83
2007-09-13,39.478002,39862708,1573700048.11
2007-09-14,39.53223,40862708,1615393970.46
2007-09-17,39.337797,40962708,1611382700.26
2007-09-18,40.624065,42112708,1710789369.48
2007-09-19,40.808672,41462708,1692038064.77
2007-09-20,40.572065,42212708,1712656720.6
2007-09-21,40.574883,43962708,1783781745.68
2007-09-24,40.273127,46812708,1885294118.44
2007-09-25,40.536683,47062708,1907766061.73
2007-09-26,40.728827,46312708,1886262268.55
2007-09-27,40.945585,47462708,1943388359.24
2007-09-28,40.918137,48012708,1964590566.1
2007-10-01,41.533638,48612708,2019062601.5
2007-10-02,41.347801,48812708,2018298123.82
2007-10-03,40.937345,49712708,2035106293.9
2007-10-04,41.106409,48914099,2010682960.92
2007-10-05,41.551282,49414099,2053219163.98
2007-10-08,41.464315,47414099,1965993134.85
2007-10-09,41.828663,47414099,1983268383.06
2007-10-10,41.484071,46864099,1944113621.54
2007-10-11,41.200567,46964099,1934947502.46
2007-10-12,41.281202,46964099,1938734479.65
2007-10-15,40.965557,45964099,1882944937.87
2007-10-16,40.765075,45214099,1843156146.06
2007-10-17,40.779103,44714099,1823400865.79
2007-10-18,40.977828,43814099,1795406621.29
2007-10-19,39.735068,43814099,1740956222.25
2007-10-22,39.931885,43814099,1749579577.18
2007-10-23,40.347135,44014099,1775842774.26
2007-10-24,40.4524,43714099,1768340236.74
2007-10-25,40.222723,43414099,1746233290.69
2007-10-26,40.283944,43714099,1760976317.09
2007-10-29,40.462523,43714099,1768782717.85
2007-10-30,40.233262,43714099,1758760780.6
2007-10-31,40.750108,43514099,1773204227.37
2007-11-01,39.900871,43664099,1742235567.92
2007-11-02,40.189403,43664099,1754834073.27
2007-11-05,40.187108,42764099,1718565481.98
2007-11-06,40.69672,42764099,1740358573.99
2007-11-07,39.673277,47514099,1885039988.06
2007-11-08,39.783245,42564099,1693337998.8
2007-11-09,38.972939,44414099,1730947949.68
2007-11-12,38.579696,44814099,1728914333.48
2007-11-13,39.486712,44814099,1769561441.26
2007-11-14,39.308267,45814099,1800872848.26
2007-11-15,38.803483,46014099,1785507287.51
2007-11-16,38.751492,43914099,1701736859.04
2007-11-19,38.158509,43814099,1671880685.52
2007-11-20,38.251131,43614099,1668288596.85
2007-11-21,37.672351,43114099,1624209478.43
2007-11-23,38.282178,45114099,1727065979.83
2007-11-26,37.679198,45114099,1699863088.88
2007-11-27,38.324895,45114099,1728993098.39
2007-11-28,39.411048,46414099,1829228278.74
2007-11-29,39.180207,49914099,1955644709.9
2007-11-30,39.41814,49914099,1967520943.7
2007-12-03,39.077032,49914099,1950494831.56
2007-12-04,38.890632,49914099,1941190848.46
2007-12-05,39.491013,49814099,1967209254.15
2007-12-06,40.146095,44964099,1805132985.47
2007-12-07,40.276607,45764099,1843222618.24
2007-12-10,40.511361,45714099,1851940345.42
2007-12-11,39.385226,44564099,1755167122.92
2007-12-12,39.63412,45064099,1786075899.49
2007-12-13,39.945673,43314099,1730210835.36
2007-12-14,39.388699,43314099,1706086002.58
2007-12-17,38.680418,43314099,1675407465.38
2007-12-18,38.88909,43914099,1707779361.86
2007-12-19,38.66017,44114099,1705458573.19
2007-12-20,38.928348,50764099,1976162513.7
2007-12-21,39.445338,44014099,1736151002.77
2007-12-24,39.849387,43914099,1749949942.75
2007-12-26,39.859293,43914099,1750384940.72
2007-12-27,39.342037,44414099,1747341121.76
2007-12-28,39.396298,42964099,1692626454.83
2007-12-31,39.110418,42514099,1662744188.43
2008-01-02,38.383651,41914099,1608816160.7
2008-01-03,38.585275,39264099,1515016071.68
2008-01-04,37.605381,39265525,1476595033.67
2008-01-07,37.320288,36765525,1372099980.55
2008-01-08,36.429818,36765525,1339361368.82
2008-01-09,36.686403,33815525,1240569971.94
2008-01-10,37.136201,34865525,1294773139.6
2008-01-11,36.393132,42015525,1529076531.53
2008-01-14,36.888047,41215525,1520360219.02
2008-01-15,36.026756,41965525,1511881737.96
2008-01-16,35.888458,41615525,1493517037.79
2008-01-17,34.595832,41615525,1439723711.18
2008-01-18,34.828354,41465525,1444175981.21
2008-01-22,34.811259,39165525,1363401223.89
2008-01-23,35.77062,38715525,1384878339.61
2008-01-24,35.988668,38465525,1384323020.45
2008-01-25,35.87986,38465525,1380137638.01
2008-01-28,36.407674,38465525,1400440300.3
2008-01-29,36.648254,39465525,1446342578.11
2008-01-30,36.750785,39815525,1463251803.53
2008-01-31,37.27332,40415525,1506420802.38
2008-02-01,37.834668,35915525,1358851976.8
2008-02-04,37.53842,35915525,1348212064.05
2008-02-05,36.439898,35915525,1308758061.79
2008-02-06,36.331023,36015525,1308480853.17
2008-02-07,36.411182,35365525,1287700549.89
2008-02-08,36.22041,33065525,1197646858.85
2008-02-11,36.551246,33865525,1237827148.4
2008-02-12,36.79274,33665525,1238646924.28
2008-02-13,37.492804,34665525,1299707745.46
2008-02-14,36.985147,35065525,1296903594.54
2008-02-15,36.809306,32765525,1206076240.65
2008-02-19,36.836134,32665525,1203271662.85
2008-02-20,37.04521,32565525,1206396706.15
2008-02-21,36.594501,32765525,1199038049.03
2008-02-22,36.823794,31965525,1177091919.86
2008-02-25,37.436075,31415525,1176073948.45
2008-02-26,37.578048,33915525,1274479221.89
2008-02-27,37.490578,37015525,1387733431.81
2008-02-28,37.306201,37115525,1384639254.07
2008-02-29,36.402278,37215525,1354729868.79
2008-03-03,36.61402,36865525,1349795080.38
2008-03-04,36.45749,36965525,1347670263.57
2008-03-05,36.823848,35515525,1307818290.71
2008-03-06,36.158754,35665525,1289620933.37
2008-03-07,35.582893,34665525,1233499653.06
2008-03-10,34.938744,34415525,1202435208.78
2008-03-11,36.19146,34765525,1258215100.21
2008-03-12,36.252723,35965525,1303848209.23
2008-03-13,36.454921,38165525,1391321191.32
2008-03-14,35.943927,37865525,1361035671.93
2008-03-17,35.889074,39565525,1419970069.44
2008-03-18,37.305651,35865525,1337986768.34
2008-03-19,36.350937,37715525,1370994678.51
2008-03-20,36.740839,34765525,1277314562.75
2008-03-24,37.345629,38765525,1447722910.99
2008-03-25,37.620712,39965525,1503531523.68
2008-03-26,37.354746,39915525,1491034313.94
2008-03-27,36.951157,39915525,1474924850.87
2008-03-28,36.864169,43615525,1607850081.09
2008-03-31,37.121473,43615525,1619072516.78
2008-04-01,38.332284,43615525,1671882705.05
2008-04-02,38.24434,53165525,2033280437.7
2008-04-03,38.192418,54616724,2085944746.11
2008-04-04,38.364659,56616724,2172081304.01
2008-04-07,38.244291,55866724,2136583236.23
2008-04-08,38.074983,55216724,2102375854.57
2008-04-09,37.668577,55916724,2106303395.93
2008-04-10,37.89165,50516724,1914162036.79
2008-04-11,36.430833,50016724,1822150898.97
2008-04-14,36.427745,50016724,1821996492.38
2008-04-15,36.55179,50016724,1828200804.07
2008-04-16,37.540204,51266724,1924563289.35
2008-04-17,37.236226,51266724,1908979302.64
2008-04-18,38.279083,51266724,1962443178.17
2008-04-21,38.082267,51466724,1959969504.65
2008-04-22,37.669674,50616724,1906715492.49
2008-04-23,37.674216,50266724,1893759435.01
2008-04-24,38.041707,49516724,1883700687.23
2008-04-25,38.380329,49716724,1908144238.58
2008-04-28,38.414062,45716724,1756165079.31
2008-04-29,38.282349,44166724,1690805929.67
2008-04-30,38.185673,43666724,1667443257.72
2008-05-01,38.791464,44716724,1734627167.07
2008-05-02,38.90953,45816724,1782707187.52
2008-05-05,38.729713,47416724,1836436125.14
2008-05-06,39.001874,44516724,1736235643.0
2008-05-07,38.31355,42516724,1628966617.54
2008-05-08,38.568712,41266724,1591604375.26
2008-05-09,38.267299,39916724,1527505214.3
2008-05-12,38.788215,39616724,1536662012.35
2008-05-13,39.089,39616724,1548578135.61
2008-05-14,39.195902,39866724,1562612190.52
2008-05-15,39.365523,40216724,1583152385.4
2008-05-16,39.269404,40516724,1591067604.42
2008-05-19,39.445247,40516724,1598192192.39
2008-05-20,39.013814,40866724,1594366765.17
2008-05-21,38.375627,41466724,1591311517.02
2008-05-22,38.294015,43016724,1647283076.07
2008-05-23,37.777035,43266724,1634488553.91
2008-05-27,38.097675,42266724,1610263933.12
2008-05-28,38.441021,42416724,1630542171.99
2008-05-29,38.650989,42616724,1647178528.55
2008-05-30,38.892651,41816724,1626363272.74
2008-06-02,38.480457,42066724,1618746770.21
2008-06-03,38.168843,42066724,1605638165.58
2008-06-04,38.126024,42866724,1634337733.16
2008-06-05,38.582084,42866724,1653887534.86
2008-06-06,37.17061,43466724,1615684656.2
2008-06-09,37.3336,43316724,1617169230.66
2008-06-10,37.27103,43516724,1621913140.19
2008-06-11,36.417084,44166724,1608423292.81
2008-06-12,36.59609,43266724,1583392934.44
2008-06-13,37.071405,42866724,1589129703.0
2008-06-16,36.971285,43716724,1616263455.85
2008-06-17,36.585866,43716724,1599414198.72
2008-06-18,36.259631,44316724,1606908075.68
2008-06-19,36.713513,41866724,1537074505.53
2008-06-20,35.941387,36966724,1328635350.67
2008-06-23,35.9706,39666724,1426835852.72
2008-06-24,35.467442,39816724,1412197364.5
2008-06-25,35.265515,38966724,1374181596.97
2008-06-26,33.912583,39466724,1338418559.48
2008-06-27,33.737267,38016724,1282580351.58
2008-06-30,34.024513,37666724,1281591945.65
2008-07-01,34.033524,37616724,1280229682.72
2008-07-02,32.966247,38066724,1254917039.03
2008-07-03,33.300603,38316724,1275970021.2
2008-07-07,33.290655,38518261,1282298123.07
2008-07-08,34.049852,38518261,1311541075.27
2008-07-09,33.253698,39868261,1325767115.63
2008-07-10,33.655619,44468261,1496606838.24
2008-07-11,33.276608,45468261,1513029500.39
2008-07-14,33.151777,45468261,1507353636.13
2008-07-15,32.552925,45818261,1491518416.56
2008-07-16,33.562797,44568261,1495835509.13
2008-07-17,34.086536,43418261,1479978137.01
2008-07-18,34.051973,44068261,1500611220.57
2008-07-21,34.082943,45618261,1554804604.24
2008-07-22,34.788482,46018261,1600905467.17
2008-07-23,35.130902,45818261,1609636820.4
2008-07-24,34.234287,45468261,1556573498.21
2008-07-25,34.48419,45218261,1559315092.65
2008-07-28,33.798595,45718261,1545212996.13
2008-07-29,34.712416,44268261,1536658281.98
2008-07-30,35.261167,45768261,1613842283.95
2008-07-31,34.500237,45768261,1579015838.0
2008-08-01,34.27264,41668261,1428081321.53
2008-08-04,34.049667,41318261,1406873018.1
2008-08-05,35.058332,45318261,1588782660.36
2008-08-06,35.124832,45318261,1591796309.88
2008-08-07,34.628358,45818261,1586611141.1
2008-08-08,35.744679,45818261,1637759010.4
2008-08-11,35.831198,46068261,1650680964.78
2008-08-12,35.435391,52118261,1846830979.58
2008-08-13,35.217492,52818261,1860126685.17
2008-08-14,35.414813,54318261,1923671056.4
2008-08-15,35.661531,52268261,1863966184.13
2008-08-18,35.228266,52018261,1832513114.94
2008-08-19,34.647076,51468261,1783224759.98
2008-08-20,34.615991,48568261,1681238505.96
2008-08-21,34.697911,48918261,1697361484.81
2008-08-22,35.238847,48918261,1723823107.89
2008-08-25,34.557751,50518261,1745797486.5
2008-08-26,34.606959,50318261,1741361978.94
2008-08-27,34.852793,49968261,1741533459.23
2008-08-28,35.690774,47968261,1712024357.18
2008-08-29,35.218565,46468261,1636545489.38
2008-09-02,35.161119,46468261,1633876053.99
2008-09-03,34.95489,48268261,1687211757.34
2008-09-04,33.681264,48718261,1640892619.62
2008-09-05,33.722036,46218261,1558573859.17
2008-09-08,34.457792,45218261,1558121416.16
2008-09-09,33.267579,48718261,1620738615.67
2008-09-10,33.528479,49668261,1665301254.46
2008-09-11,34.155983,51068261,1744286657.4
2008-09-12,34.063447,51068261,1739561020.68
2008-09-15,32.684178,51868261,1695271466.52
2008-09-16,33.03602,51768261,1710217280.06
2008-09-17,31.498746,48918261,1540863876.94
2008-09-18,32.625639,48518261,1582939281.0
2008-09-19,33.410737,45368261,1515787058.16
2008-09-22,32.348258,50468261,1632560325.49
2008-09-23,31.590287,50718261,1602204440.38
2008-09-24,31.151817,54418261,1695227713.89
2008-09-25,31.510628,54518261,1717904649.95
2008-09-26,31.467986,54368261,1710859686.87
2008-09-29,29.525338,53218261,1571287150.58
2008-09-30,30.659377,52318261,1604045309.73
2008-10-01,29.89279,54268261,1622229741.07
2008-10-02,27.907253,51969875,1450336427.89
2008-10-03,27.616651,47269875,1305435629.18
2008-10-06,26.949829,52869875,1424834088.41
2008-10-07,25.815755,53769875,1388109902.36
2008-10-08,25.680089,54219875,1392371205.43
2008-10-09,24.020124,53369875,1281951031.12
2008-10-10,24.234034,53569875,1298214190.41
2008-10-13,26.217609,53619875,1405784912.68
2008-10-14,25.789903,53719875,1385430363.35
2008-10-15,23.473507,52869875,1241041393.39
2008-10-16,24.510064,52869875,1295844043.42
2008-10-17,24.015633,53269875,1279309762.45
2008-10-20,24.903385,52369875,1304187158.4
2008-10-21,24.2582,51719875,1254631073.93
2008-10-22,22.971141,49369875,1134082379.76
2008-10-23,23.075371,45669875,1053849288.38
2008-10-24,22.123543,46619875,1031396823.86
2008-10-27,21.546405,52319875,1127305194.35
2008-10-28,23.694416,53019875,1256274974.72
2008-10-29,23.730061,53169875,1261724389.97
2008-10-30,24.470931,53569875,1310904703.65
2008-10-31,24.920084,54569875,1359885854.29
2008-11-03,24.822733,52169875,1294998862.46
2008-11-04,26.146935,50019875,1307866421.45
2008-11-05,24.847185,52419875,1302486318.74
2008-11-06,23.266232,52819875,1228919473.23
2008-11-07,23.869425,54219875,1294197238.19
2008-11-10,23.831316,53619875,1277832193.51
2008-11-11,23.228659,53419875,1240872059.18
2008-11-12,22.075864,50419875,1113062286.34
2008-11-13,23.398938,50619875,1184451295.63
2008-11-14,22.342105,50719875,1133188793.63
2008-11-17,21.897025,49269875,1078863669.46
2008-11-18,22.028837,56219875,1238458455.46
2008-11-19,20.542342,54319875,1115857440.03
2008-11-20,19.418308,52469875,1018876172.88
2008-11-21,20.713154,49769875,1030891081.62
2008-11-24,21.709381,50919875,1105438950.74
2008-11-25,21.991848,52969875,1164905415.99
2008-11-26,22.645475,55069875,1247083460.09
2008-11-28,23.201215,56169875,1303209360.55
2008-12-01,21.251218,56419875,1198991081.77
2008-12-02,22.189651,56319875,1249718356.63
2008-12-03,22.695796,53969875,1224889268.36
2008-12-04,22.09513,54219875,1197995174.85
2008-12-05,22.621423,54069875,1223137496.84
2008-12-08,23.575624,53569875,1262943243.87
2008-12-09,22.855849,53569875,1224384963.6
2008-12-10,23.164922,54419875,1260632137.17
2008-12-11,22.197877,54819875,1216884862.59
2008-12-12,22.265695,58019875,1291852848.26
2008-12-15,22.133441,58369875,1291926196.88
2008-12-16,23.33037,58469875,1364123797.42
2008-12-17,23.335595,59219875,1381930998.57
2008-12-18,22.696809,56869875,1290764662.33
2008-12-19,22.663377,52669875,1193677221.54
2008-12-22,22.357881,48969875,1094862649.64
2008-12-23,22.166523,49119875,1088816825.95
2008-12-24,22.319872,48619875,1085189388.23
2008-12-26,22.458202,48819875,1096406620.56
2008-12-29,22.195826,48269875,1071389739.71
2008-12-30,22.857662,48319875,1104479362.53
2008-12-31,23.325411,48219875,1124748419.37
2009-01-02,24.28972,50021694,1215012957.55
2009-01-05,24.204955,51821694,1254341783.33
2009-01-06,24.590764,52921694,1301384867.49
2009-01-07,23.654352,52921694,1251828372.87
2009-01-08,23.764495,52921694,1257657323.95
2009-01-09,23.35848,52621694,1229162771.38
2009-01-12,22.790462,52471694,1195854157.35
2009-01-13,22.31975,52471694,1171155090.07
2009-01-14,21.532351,51821694,1115842920.68
2009-01-15,21.655683,51471694,1114654684.46
2009-01-16,21.88782,49571694,1085016311.89
2009-01-20,20.831614,49571694,1032658380.67
2009-01-21,21.384412,52321694,1118868660.36
2009-01-22,21.282833,51271694,1091206892.07
2009-01-23,20.701474,48721694,1008610887.91
2009-01-26,20.897113,43521694,909477766.31
2009-01-27,21.289173,40771694,867995643.13
2009-01-28,21.892316,40471694,886019124.03
2009-01-29,21.07532,41771694,880351825.82
2009-01-30,20.573534,46271694,951972246.95
2009-02-02,20.08304,48871694,981492207.06
2009-02-03,20.52799,48971694,1005290453.84
2009-02-04,20.469453,49371694,1010611573.61
2009-02-05,20.71353,49871694,1033018853.09
2009-02-06,21.180531,50221694,1063722154.16
2009-02-09,21.589946,50221694,1084283651.45
2009-02-10,20.461976,51221694,1048097055.92
2009-02-11,20.594149,51221694,1054867179.44
2009-02-12,20.382349,51221694,1044018418.73
2009-02-13,20.364667,50821694,1034966869.61
2009-02-17,19.397183,50821694,985797683.0
2009-02-18,19.345679,50121694,969638210.82
2009-02-19,19.00958,49221694,935683712.31
2009-02-20,18.665203,47371694,884202293.67
2009-02-23,17.808123,47571694,847162593.77
2009-02-24,18.401019,47571694,875367633.33
2009-02-25,17.86814,46921694,838403390.99
2009-02-26,17.601977,47121694,829434970.03
2009-02-27,17.161218,45921694,788072222.67
2009-03-02,16.044082,44671694,716716300.33
2009-03-03,15.880657,42921694,681624699.07
2009-03-04,16.340438,41921694,685018828.12
2009-03-05,15.550886,44871694,697794615.14
2009-03-06,15.503107,49021694,759988582.16
2009-03-09,15.387109,49471694,761226345.53
2009-03-10,16.611376,49571694,823454036.05
2009-03-11,16.719337,52571694,878963865.38
2009-03-12,17.361341,52571694,912715127.37
2009-03-13,17.265001,52271694,902470835.91
2009-03-16,17.500636,51771694,906037555.36
2009-03-17,17.949037,51521694,924764815.43
2009-03-18,18.227331,51021694,929989328.05
2009-03-19,18.144315,50471694,915774331.16
2009-03-20,17.399032,45871694,798123089.94
2009-03-23,18.71787,50871694,952209751.13
2009-03-24,18.598903,53921694,1002884382.15
2009-03-25,18.669167,56571694,1056146390.78
2009-03-26,19.622766,54321694,1065941888.8
2009-03-27,19.218676,52321694,1005553683.17
2009-03-30,18.326049,48721694,892876163.59
2009-03-31,18.514487,48271694,893725665.26
2009-04-01,18.757453,48571694,911081264.53
2009-04-02,19.801536,50523462,1000442145.46
2009-04-03,19.932785,51273462,1022022879.34
2009-04-06,20.038757,53773462,1077553347.54
2009-04-07,19.400255,52773462,1023818602.03
2009-04-08,19.537802,51623462,1008608999.07
2009-04-09,20.559197,51123462,1051057317.0
2009-04-13,20.555902,46273462,951192742.62
2009-04-14,20.239111,44473462,900103331.54
2009-04-15,20.537926,43423462,891827843.06
2009-04-16,21.140893,42623462,901098061.22
2009-04-17,21.18371,44123462,934698634.44
2009-04-20,20.166075,46023462,928112564.22
2009-04-21,20.68646,48423462,1001710006.68
2009-04-22,20.940687,61323462,1284155430.71
2009-04-23,21.253671,61573462,1308662116.86
2009-04-24,21.638017,62023462,1342064754.59
2009-04-27,21.303217,62773462,1337276656.15
2009-04-28,21.039093,62523462,1315436930.01
2009-04-29,21.673501,61023462,1322592080.01
2009-04-30,21.779223,60723462,1322509824.28
2009-05-01,22.034432,60423462,1331396688.67
2009-05-04,22.739442,59873462,1361489138.49
2009-05-05,22.768848,57373462,1306327627.98
2009-05-06,23.129614,56823462,1314304744.29
2009-05-07,22.710971,57123462,1297329290.15
2009-05-08,23.473088,57223462,1343211382.44
2009-05-11,22.817286,57373462,1309106665.4
2009-05-12,22.575293,56373462,1272647422.19
2009-05-13,21.702932,55473462,1203936765.75
2009-05-14,21.893801,52973462,1159790428.96
2009-05-15,21.784926,51473462,1121345564.74
2009-05-18,22.47344,48623462,1092736439.48
2009-05-19,22.496019,48173462,1083711134.12
2009-05-20,22.500526,47823462,1076053045.27
2009-05-21,21.750124,52773462,1147829353.33
2009-05-22,21.710006,52773462,1145712152.69
2009-05-26,22.360886,51523462,1152110259.14
2009-05-27,21.838266,53223462,1162308144.47
2009-05-28,21.991674,52223462,1148481357.04
2009-05-29,22.390853,52423462,1173806024.61
2009-06-01,23.46866,53573462,1257297386.76
2009-06-02,23.58239,59673462,1407242846.48
2009-06-03,23.119566,62673462,1448983222.63
2009-06-04,23.546881,62773462,1478119251.66
2009-06-05,23.760338,60173462,1429741771.35
2009-06-08,23.720799,59473462,1410758011.15
2009-06-09,23.697051,62973462,1492285355.24
2009-06-10,23.558586,61773462,1455295404.72
2009-06-11,23.538102,61273462,1442260969.1
2009-06-12,23.584598,59823462,1410912321.89
2009-06-15,22.831344,58523462,1336169299.39
2009-06-16,22.500348,57773462,1299923015.8
2009-06-17,22.346462,55673462,1244104894.52
2009-06-18,22.348692,55423462,1238641859.12
2009-06-19,22.190174,48523462,1076744055.54
2009-06-22,21.401794,52373462,1120886044.05
2009-06-23,21.345711,50123462,1069920912.82
2009-06-24,21.408792,56023462,1199394645.41
2009-06-25,22.073292,55523462,1225585586.65
2009-06-26,22.022283,57323462,1262393503.55
2009-06-29,22.206151,57323462,1272933440.88
2009-06-30,21.931814,55873462,1225406396.09
2009-07-01,22.070578,54923462,1212192534.78
2009-07-02,21.310337,54274671,1156611532.71
2009-07-06,21.331257,52124671,1111884735.42
2009-07-07,20.630741,52124671,1075370572.72
2009-07-08,20.589114,49424671,1017610197.12
2009-07-09,20.698959,50924671,1054087695.34
2009-07-10,20.765969,50924671,1057500158.87
2009-07-13,21.286397,53224671,1132961469.11
2009-07-14,21.536661,53974671,1162434178.19
2009-07-15,22.247541,54024671,1201916059.05
2009-07-16,22.648609,57724671,1307383503.82
2009-07-17,22.376206,53524671,1197679078.02
2009-07-20,22.877649,54224671,1240532972.39
2009-07-21,22.828159,58374671,1332586282.38
2009-07-22,22.892026,62374671,1427882594.28
2009-07-23,23.433549,61374671,1438226342.17
2009-07-24,23.409454,62424671,1461327444.19
2009-07-27,23.560235,61224671,1442467633.15
2009-07-28,23.511773,62924671,1479470578.31
2009-07-29,23.370055,59924671,1400442884.16
2009-07-30,23.843828,57824671,1378761495.47
2009-07-31,23.936301,57524671,1376927829.22
2009-08-03,24.435164,57974671,1416620575.35
2009-08-04,24.564717,62374671,1532216154.21
2009-08-05,24.387829,63824671,1556545165.26
2009-08-06,24.506889,64124671,1571496177.47
2009-08-07,25.143765,64174671,1613592840.72
2009-08-10,24.860343,67024671,1666256333.11
2009-08-11,24.564812,65724671,1614514195.53
2009-08-12,25.006291,65374671,1634778018.09
2009-08-13,25.080812,65374671,1639649837.02
2009-08-14,24.695893,65924671,1628068643.31
2009-08-17,23.989647,65224671,1564716805.57
2009-08-18,24.329567,65024671,1582022094.74
2009-08-19,24.339981,64974671,1581482289.39
2009-08-20,24.643379,64924671,1599963256.33
2009-08-21,25.263611,66424671,1678127056.13
2009-08-24,25.290082,66574671,1683678890.6
2009-08-25,25.456102,66574671,1694731600.85
2009-08-26,25.222103,71124671,1793913780.49
2009-08-27,25.443752,72374671,1841483170.15
2009-08-28,25.33485,72674671,1841201914.21
2009-08-31,25.040331,72924671,1826057934.12
2009-09-01,24.593936,72974671,1794734374.45
2009-09-02,24.481404,73724671,1804883438.74
2009-09-03,24.846162,73024671,1814382811.57
2009-09-04,25.325633,73824671,1869656559.18
2009-09-08,25.599551,73824671,1889878459.47
2009-09-09,25.980343,75624671,1964754917.38
2009-09-10,26.233364,71974671,1888137715.11
2009-09-11,26.363172,71974671,1897480654.15
2009-09-14,26.624738,72774671,1937606513.36
2009-09-15,26.904046,73024671,1964659140.47
2009-09-16,27.246705,75574671,2059160734.83
2009-09-17,27.246826,77174671,2102764813.0
2009-09-18,27.115881,69974671,1897424839.49
2009-09-21,26.936434,78774671,2121908711.66
2009-09-22,27.164817,77824671,2114092939.27
2009-09-23,26.887614,79274671,2131506762.53
2009-09-24,26.514582,79274671,2101934775.01
2009-09-25,26.228097,79274671,2079223785.19
2009-09-28,26.646537,79374671,2115060077.04
2009-09-29,26.605268,78774671,2095821205.93
2009-09-30,26.390069,78174671,2063034948.46
2009-10-01,25.706853,76176000,1958245203.65
2009-10-02,25.370067,72276000,1833646971.77
2009-10-05,25.832644,70626000,1824456335.45
2009-10-06,26.10724,72676000,1897369797.71
2009-10-07,26.034654,74276000,1933749933.25
2009-10-08,26.369933,74276000,1958653176.96
2009-10-09,26.522926,76076000,2017758118.77
2009-10-12,26.499274,76226000,2019933683.37
2009-10-13,26.476643,76226000,2018208587.56
2009-10-14,27.177798,76176000,2070295917.48
2009-10-15,27.269857,76576000,2088216544.8
2009-10-16,27.083258,74726000,2023823530.73
2009-10-19,27.375508,74326000,2034711998.38
2009-10-20,27.196052,74026000,2013214958.02
2009-10-21,26.947016,73326000,1975916875.22
2009-10-22,27.199019,73326000,1994395232.24
2009-10-23,26.716949,73326000,1959047017.26
2009-10-26,26.452487,73676000,1948913434.98
2009-10-27,26.15882,73176000,1914197801.55
2009-10-28,25.597189,73226000,1874379758.46
2009-10-29,26.099929,70226000,1832893648.08
2009-10-30,25.325059,70276000,1779743823.77
2009-11-02,25.560817,70676000,1806536282.74
2009-11-03,25.972807,70676000,1835654129.66
2009-11-04,25.962324,70526000,1831018894.47
2009-11-05,26.62184,70526000,1877531921.31
2009-11-06,26.86691,71226000,1913622535.57
2009-11-09,27.510788,72626000,1997998456.2
2009-11-10,27.434152,73626000,2019866879.23
2009-11-11,27.575648,74026000,2041314932.05
2009-11-12,27.306757,74026000,2021410014.6
2009-11-13,27.503629,73576000,2023606976.87
2009-11-16,28.055596,74576000,2092274163.39
2009-11-17,28.047105,74576000,2091640937.87
2009-11-18,27.947142,74776000,2089775515.75
2009-11-19,27.533358,74776000,2058834365.19
2009-11-20,27.459745,74476000,2045091939.16
2009-11-23,27.853354,72226000,2011736364.05
2009-11-24,27.758125,72126000,2002082495.54
2009-11-25,27.956441,72126000,2016386246.15
2009-11-27,27.507947,72476000,1993665959.71
2009-11-30,27.542238,72226000,1989265648.23
2009-12-01,27.952883,71826000,2007743768.6
2009-12-02,27.913739,71126000,1985392576.15
2009-12-03,27.720657,71126000,1971659452.02
2009-12-04,28.137946,71126000,2001339527.53
2009-12-07,28.128967,71476000,2010546046.74
2009-12-08,27.767374,71476000,1984700820.73
2009-12-09,27.778718,71826000,1995234232.77
2009-12-10,27.894942,72326000,2017529585.93
2009-12-11,28.14213,73526000,2069178217.24
2009-12-14,28.493787,73526000,2095034215.17
2009-12-15,28.423485,73526000,2089865142.83
2009-12-16,28.335209,74476000,2110293015.32
2009-12-17,28.036877,73826000,2069850479.6
2009-12-18,27.823319,62326000,1734116189.36
2009-12-21,28.037892,69926000,1960577605.53
2009-12-22,28.076772,72076000,2023661427.05
2009-12-23,28.117079,70776000,1990014348.5
2009-12-24,28.23734,70776000,1998526001.23
2009-12-28,28.20427,70776000,1996185382.8
2009-12-29,28.253445,75076000,2121155605.75
2009-12-30,28.186705,74776000,2107689074.99
2009-12-31,27.822045,74776000,2080421261.92
2010-01-04,28.285914,74776000,2115107501.96
2010-01-05,28.386119,73026000,2072924710.86
2010-01-06,28.459284,74076000,2108149904.86
2010-01-07,28.779089,72926000,2098743829.82
2010-01-08,29.214985,72976000,2131992759.5
2010-01-11,29.557949,73376000,2168844083.35
2010-01-12,29.295787,77676000,2275579563.49
2010-01-13,29.442501,79326000,2335555849.5
2010-01-14,29.443298,75426000,2220790162.19
2010-01-15,29.089949,75426000,2194138501.44
2010-01-19,29.356525,74926000,2199567015.33
2010-01-20,28.963793,75626000,2190415823.23
2010-01-21,28.329385,78076000,2211845044.29
2010-01-22,27.860555,76326000,2126484724.71
2010-01-25,27.968994,75276000,2105394011.73
2010-01-26,27.932809,73876000,2063564167.68
2010-01-27,27.993754,72976000,2042872196.25
2010-01-28,27.643262,73176000,2022823362.87
2010-01-29,27.371307,74176000,2030294073.43
2010-02-01,27.784354,72176000,2005363519.1
2010-02-02,28.300549,74776000,2116201859.31
2010-02-03,28.216068,78176000,2205819298.92
2010-02-04,27.36208,78726000,2154107082.28
2010-02-05,27.228957,75626000,2059217073.52
2010-02-08,26.931831,77526000,2087917146.09
2010-02-09,27.425375,79276000,2174174021.75
2010-02-10,27.351085,80876000,2212046322.88
2010-02-11,27.795012,85976000,2389703959.81
2010-02-12,27.615047,83826000,2314858928.37
2010-02-16,28.223689,84326000,2379990803.3
2010-02-17,28.42573,86726000,2465249859.14
2010-02-18,28.718219,86826000,2493488085.86
2010-02-19,28.868852,87526000,2526775180.18
2010-02-22,28.874876,88076000,2543183535.05
2010-02-23,28.526947,88176000,2515392106.62
2010-02-24,28.795248,88976000,2562085988.45
2010-02-25,28.754937,88976000,2558499275.07
2010-02-26,28.854714,89726000,2589018028.26
2010-03-01,29.185244,83326000,2431889667.47
2010-03-02,29.267279,82926000,2427018373.03
2010-03-03,29.307251,84776000,2484551538.27
2010-03-04,29.432237,85476000,2515749859.86
2010-03-05,29.882039,85726000,2561667663.01
2010-03-08,29.741239,88126000,2620976452.3
2010-03-09,29.974076,87826000,2632503184.94
2010-03-10,30.081973,87826000,2641979350.58
2010-03-11,30.17669,89026000,2686509995.03
2010-03-12,30.347468,89026000,2701713663.22
2010-03-15,30.394531,89026000,2705903499.97
2010-03-16,30.697921,92826000,2849565171.43
2010-03-17,30.821739,93926000,2894962668.47
2010-03-18,31.021901,93926000,2913763089.0
2010-03-19,30.805531,88376000,2722469591.95
2010-03-22,30.892479,97326000,3006641380.45
2010-03-23,31.230836,96576000,3016149182.06
2010-03-24,31.030682,97176000,3015437565.41
2010-03-25,30.977732,96776000,2997900972.12
2010-03-26,31.072696,95876000,2979125789.18
2010-03-29,31.359418,95276000,2987799942.79
2010-03-30,31.427984,99676000,3132615745.25
2010-03-31,31.239552,100876000,3151321082.39
2010-04-01,31.428884,101376000,3186134544.66
2010-04-05,31.674528,101376000,3211036983.2
2010-04-06,31.671265,103776000,3286717182.17
2010-04-07,31.494001,106226000,3345481789.84
2010-04-08,31.601129,106726000,3372662113.4
2010-04-09,31.781199,107826000,3426839562.56
2010-04-12,31.860826,107826000,3435425465.59
2010-04-13,31.92817,107926000,3445879634.19
2010-04-14,32.315484,106776000,3450518113.0
2010-04-15,32.597322,108876000,3549066047.69
2010-04-16,32.082942,109026000,3497874818.52
2010-04-19,32.084807,107576000,3451555201.85
2010-04-20,32.336476,108326000,3502881070.77
2010-04-21,32.633957,106976000,3491050137.19
2010-04-22,32.898404,115926000,3813780336.77
2010-04-23,33.141959,121376000,4022638370.31
2010-04-26,33.200635,121126000,4021460130.07
2010-04-27,32.376331,122876000,3978274026.14
2010-04-28,32.624743,102776000,3353040622.36
2010-04-29,33.289232,102126000,3399696069.81
2010-04-30,32.576484,106026000,3453954291.4
2010-05-03,33.261708,106176000,3531595085.15
2010-05-04,32.168689,103576000,3331904161.73
2010-05-05,31.74417,98726000,3133974935.0
2010-05-06,30.693666,95176000,2921300313.94
2010-05-07,30.048134,88276000,2652529101.92
2010-05-10,31.750434,82226000,2610711223.88
2010-05-11,31.684542,86826000,2751042027.18
2010-05-12,32.349126,97326000,3148411070.86
2010-05-13,31.921143,102576000,3274343182.62
2010-05-14,31.23346,104976000,3278763724.33
2010-05-17,31.143074,101326000,3155603128.36
2010-05-18,30.73423,99226000,3049634746.52
2010-05-19,30.334301,95276000,2890130830.27
2010-05-20,28.959535,91926000,2662134171.8
2010-05-21,29.428847,84676000,2491917072.18
2010-05-24,28.977947,87376000,2531977122.35
2010-05-25,28.932612,89926000,2601794102.53
2010-05-26,29.019703,89226000,2589312053.69
2010-05-27,29.998613,91926000,2757652508.27
2010-05-28,29.56122,96526000,2853426303.11
2010-06-01,28.939189,92726000,2683415249.57
2010-06-02,29.672826,92626000,2748475212.68
2010-06-03,29.827115,89176000,2659862802.58
2010-06-04,28.452909,95226000,2709456758.12
2010-06-07,27.713022,93976000,2604358960.89
2010-06-08,28.008021,93376000,2615276998.71
2010-06-09,27.986967,96626000,2704268712.96
2010-06-10,29.007169,98076000,2844907093.26
2010-06-11,29.177091,99476000,2902420341.86
2010-06-14,29.148112,101276000,2952004181.8
2010-06-15,30.037776,116326000,3494174361.03
2010-06-16,29.965451,116776000,3499245515.04
2010-06-17,30.031371,118626000,3562501427.7
2010-06-18,29.990501,103426000,3101797590.81
2010-06-21,30.072827,112376000,3379464019.51
2010-06-22,29.326809,115976000,3401205981.33
2010-06-23,29.237178,112626000,3292866391.49
2010-06-24,28.71355,113926000,3271219901.95
2010-06-25,28.908276,108826000,3145972090.1
2010-06-28,28.730887,110976000,3188438885.35
2010-06-29,27.59779,106976000,2952301218.0
2010-06-30,27.439023,101476000,2784402327.26
2010-07-01,27.307694,99976000,2730113994.24
2010-07-02,27.033617,100176000,2708119625.82
2010-07-06,27.048483,99876000,2701494249.23
2010-07-07,28.010218,99226000,2779341865.79
2010-07-08,28.383659,99876000,2834846287.38
2010-07-09,28.617275,99176000,2838146844.35
2010-07-12,28.462099,100776000,2868296471.66
2010-07-13,29.005171,99526000,2886768665.44
2010-07-14,29.076671,102176000,2970937921.77
2010-07-15,29.046626,102976000,2991105376.95
2010-07-16,28.076057,97226000,2729722673.67
2010-07-19,28.242785,94276000,2662616792.65
2010-07-20,28.694057,93026000,2669293367.13
2010-07-21,28.604827,87676000,2507956775.25
2010-07-22,29.512742,90526000,2671670486.83
2010-07-23,30.082596,93126000,2801471799.72
2010-07-26,30.585,97676000,2987420468.63
2010-07-27,30.351363,103176000,3131532264.96
2010-07-28,30.283893,103426000,3132141967.05
2010-07-29,30.218407,105826000,3197893148.69
2010-07-30,30.279038,104426000,3161918821.73
2010-08-02,30.881049,105176000,3247945176.36
2010-08-03,30.732694,110176000,3386005247.67
2010-08-04,30.974906,112176000,3474641025.98
2010-08-05,31.007997,109176000,3385329085.01
2010-08-06,30.844269,117676000,3629630142.17
2010-08-09,31.040158,118776000,3686825809.31
2010-08-10,30.798077,122526000,3773565217.49
2010-08-11,29.649344,121126000,3591306479.29
2010-08-12,29.428551,105826000,3114305840.68
2010-08-13,29.365026,98676000,2897623344.56
2010-08-16,29.345328,97526000,2861932452.95
2010-08-17,29.894403,101926000,3047016955.68
2010-08-18,29.965872,100576000,3013847570.81
2010-08-19,29.347038,97576000,2863566594.88
2010-08-20,29.16629,94726000,2762805944.66
2010-08-23,28.828971,94076000,2712114232.11
2010-08-24,28.267062,93276000,2636638471.78
2010-08-25,28.216214,89726000,2531728058.84
2010-08-26,28.140591,89876000,2529163712.47
2010-08-27,28.761661,89826000,2583544967.66
2010-08-30,28.28736,91526000,2589028937.92
2010-08-31,28.206691,89776000,2532283922.8
2010-09-01,29.315601,87476000,2564411530.14
2010-09-02,29.716254,93626000,2782214011.41
2010-09-03,30.139848,92326000,2782691625.34
2010-09-07,29.842658,93376000,2786588029.57
2010-09-08,30.135847,92426000,2785335814.75
2010-09-09,30.148459,93226000,2810620231.82
2010-09-10,30.379116,93676000,2845794088.66
2010-09-13,30.704789,93426000,2868625658.33
2010-09-14,30.608502,92926000,2844325621.17
2010-09-15,30.617173,93076000,2849723996.69
2010-09-16,30.560014,92076000,2813843825.68
2010-09-17,30.685084,83926000,2575276335.61
2010-09-20,31.158665,93826000,2923492922.05
2010-09-21,31.215354,93976000,2933494092.28
2010-09-22,31.049549,95176000,2955171921.11
2010-09-23,30.604619,95526000,2923536835.04
2010-09-24,31.458594,95426000,3001967827.66
2010-09-27,31.21912,96676000,3018139641.0
2010-09-28,31.412878,96126000,3019594320.58
2010-09-29,31.41398,94426000,2966296496.63
2010-09-30,31.281817,93676000,2930355514.63
2010-10-01,31.32358,93326000,2923304468.81
2010-10-04,30.976547,96576000,2991591006.87
2010-10-05,31.826541,93076000,2962287153.58
2010-10-06,31.991474,94476000,3022426498.76
2010-10-07,31.930329,95626000,3053369676.11
2010-10-08,32.200104,94976000,3058237076.54
2010-10-11,32.127399,95076000,3054544573.89
2010-10-12,32.074047,94426000,3028623987.04
2010-10-13,32.560771,93926000,3058302972.81
2010-10-14,32.446804,99876000,3240656957.46
2010-10-15,32.237592,101876000,3284236957.2
2010-10-18,32.276278,99126000,3199418351.55
2010-10-19,31.78516,99126000,3150735749.54
2010-10-20,32.238624,95726000,3086074545.83
2010-10-21,32.484887,96176000,3124266536.96
2010-10-22,32.502981,94726000,3078877345.9
2010-10-25,32.574067,93576000,3048150929.75
2010-10-26,32.454834,93976000,3049975452.2
2010-10-27,32.236229,90976000,2932723180.94
2010-10-28,32.142092,87876000,2824518517.72
2010-10-29,32.17414,89126000,2867552359.26
2010-11-01,32.214618,88976000,2866327808.79
2010-11-02,32.494092,88676000,2881446061.86
2010-11-03,32.543434,89576000,2915110646.08
2010-11-04,33.242839,89976000,2991057680.0
2010-11-05,33.414709,92176000,3080034183.65
2010-11-08,33.303025,92576000,3083060842.27
2010-11-09,32.997605,93276000,3077884566.59
2010-11-10,32.982481,92426000,3048438763.79
2010-11-11,32.800636,92426000,3031631557.74
2010-11-12,32.430669,93426000,3029867703.03
2010-11-15,32.498315,93226000,3029687889.24
2010-11-16,31.998012,90126000,2883852837.52
2010-11-17,32.019612,89576000,2868188805.55
2010-11-18,32.607875,87476000,2852406448.95
2010-11-19,32.75594,90526000,2965264221.67
2010-11-22,32.670795,95926000,3133978665.49
2010-11-23,32.26998,97726000,3153616083.21
2010-11-24,32.968403,96526000,3182308096.26
2010-11-26,32.740061,97726000,3199555187.59
2010-11-29,32.712056,97326000,3183733606.52
2010-11-30,32.617007,97876000,3192422217.21
2010-12-01,33.457481,98926000,3309814783.75
2010-12-02,33.958174,99976000,3395002426.55
2010-12-03,34.044074,104826000,3568704128.22
2010-12-06,33.999887,108076000,3674571735.78
2010-12-07,34.134561,104926000,3581602996.24
2010-12-08,34.026792,111726000,3801677381.47
2010-12-09,34.100464,108426000,3697376857.54
2010-12-10,34.410291,107826000,3710324034.43
2010-12-13,34.424488,110126000,3791031133.82
2010-12-14,34.580326,110726000,3828941214.17
2010-12-15,34.432317,109276000,3762625840.42
2010-12-16,34.807205,112326000,3909754150.07
2010-12-17,34.516559,110476000,3813251415.35
2010-12-20,34.52666,107476000,3710787347.16
2010-12-21,34.782584,106726000,3712206105.15
2010-12-22,34.892073,108426000,3783207858.16
2010-12-23,34.812235,108726000,3784995067.27
2010-12-27,34.854958,107676000,3753042467.48
2010-12-28,34.87472,107026000,3732501743.73
2010-12-29,34.873617,106426000,3711459546.35
2010-12-30,34.821325,107426000,3740715686.6
2010-12-31,34.855014,107426000,3744334720.01
2011-01-03,35.135259,108076000,3797278261.6
2011-01-04,35.071188,108726000,3813149938.24
2011-01-05,35.258627,109526000,3861736330.42
2011-01-06,35.192861,108826000,3829898241.66
2011-01-07,35.260819,107726000,3798507038.02
2011-01-10,35.309782,107726000,3803781590.87
2011-01-11,35.412805,107726000,3814879784.83
2011-01-12,35.735531,106476000,3804976419.86
2011-01-13,35.772955,106926000,3825058954.66
2011-01-14,35.92198,106576000,3828420897.18
2011-01-18,36.16029,107326000,3880939245.53
2011-01-19,35.797842,105726000,3784762675.32
2011-01-20,35.613417,104876000,3734992736.56
2011-01-21,35.898367,107526000,3860007833.88
2011-01-24,36.242256,109476000,3967657254.8
2011-01-25,36.19042,110326000,3992744282.83
2011-01-26,36.390655,113226000,4120368321.46
2011-01-27,36.55354,113676000,4155260165.13
2011-01-28,35.85582,114376000,4101045324.4
2011-01-31,36.220279,115126000,4169895788.88
2011-02-01,36.740128,115376000,4238928982.13
2011-02-02,36.643509,117526000,4306565088.1
2011-02-03,36.637895,118826000,4353534561.3
2011-02-04,36.773185,118926000,4373287743.55
2011-02-07,37.127307,119126000,4422827582.71
2011-02-08,37.371672,120476000,4502389562.7
2011-02-09,37.375887,120776000,4514110081.58
2011-02-10,37.554746,120326000,4518812417.47
2011-02-11,37.834448,119826000,4533550604.0
2011-02-14,37.80606,119826000,4530148943.53
2011-02-15,37.6728,119626000,4506646420.3
2011-02-16,37.857489,119126000,4509811215.21
2011-02-17,37.928824,118826000,4506930469.1
2011-02-18,38.046897,120626000,4589445038.83
2011-02-22,36.943251,122476000,4524661601.55
2011-02-23,36.29123,122626000,4450248317.51
2011-02-24,36.474058,108476000,3956559906.93
2011-02-25,36.81856,105226000,3874269806.14
2011-02-28,37.016343,104476000,3867319476.92
2011-03-01,36.228345,104476000,3784992615.16
2011-03-02,36.397223,104726000,3811735614.55
2011-03-03,37.273368,103926000,3873672023.0
2011-03-04,36.856144,106676000,3931666001.49
2011-03-07,36.513664,107776000,3935296689.14
2011-03-08,37.067518,105476000,3909733569.7
2011-03-09,36.979603,104726000,3872725923.71
2011-03-10,36.246252,103426000,3748804810.23
2011-03-11,36.669872,101376000,3717444940.14
2011-03-14,36.3866,102526000,3730572580.13
2011-03-15,36.030495,101676000,3663436560.27
2011-03-16,35.345576,99926000,3531941985.42
2011-03-17,35.900434,100426000,3605336975.4
2011-03-18,36.008796,101176000,3643225915.03
2011-03-21,36.748688,100226000,3683174052.08
2011-03-22,36.467095,100126000,3651304379.76
2011-03-23,36.597031,102676000,3757636787.46
2011-03-24,36.958678,102376000,3783681663.31
2011-03-25,37.091287,105426000,3910385998.91
2011-03-28,37.072726,106076000,3932526506.17
2011-03-29,37.365848,106126000,3965487981.34
2011-03-30,37.522573,108526000,4072174787.01
2011-03-31,37.671622,109226000,4114720604.25
2011-04-01,38.001794,108476000,4122282573.4
2011-04-04,38.032244,109276000,4156011549.73
2011-04-05,37.882793,114776000,4348035500.01
2011-04-06,37.931159,116076000,4402897239.18
2011-04-07,37.764066,112976000,4266433137.86
2011-04-08,37.435085,110776000,4146908937.65
2011-04-11,37.390064,110926000,4147530245.81
2011-04-12,37.09311,108876000,4038549411.97
2011-04-13,37.011037,107526000,3979648755.1
2011-04-14,36.993116,105176000,3890787956.47
2011-04-15,37.135392,105126000,3903895175.1
2011-04-18,36.614467,103176000,3777734269.72
2011-04-19,36.940301,99376000,3670979304.17
2011-04-20,37.509485,99576000,3735044461.69
2011-04-21,37.63401,102726000,3865991326.99
2011-04-25,37.517173,107526000,4034071498.93
2011-04-26,38.221667,107776000,4119378364.86
2011-04-27,38.412054,109576000,4209039233.32
2011-04-28,38.543393,112676000,4342915378.96
2011-04-29,38.698853,116926000,4524902100.35
2011-05-02,38.638155,122776000,4743838085.34
2011-05-03,38.472278,122776000,4723472364.81
2011-05-04,37.939534,120376000,4567009392.66
2011-05-05,37.755754,114676000,4329678821.24
2011-05-06,38.058651,111176000,4231208550.47
2011-05-09,38.22673,112826000,4312969009.44
2011-05-10,38.519791,112826000,4346033928.38
2011-05-11,38.095749,115576000,4402954246.55
2011-05-12,38.132042,113876000,4342324454.36
2011-05-13,37.69249,110676000,4171654032.09
2011-05-16,37.548378,107226000,4026162326.15
2011-05-17,37.057164,105026000,3891965686.72
2011-05-18,37.515076,96626000,3624931771.95
2011-05-19,37.761183,101226000,3822413477.07
2011-05-20,37.388646,107126000,4005296070.87
2011-05-23,36.874764,105126000,3876496427.77
2011-05-24,36.660571,104126000,3817318585.88
2011-05-25,36.959246,102576000,3791131652.67
2011-05-26,37.090991,108376000,4019773197.55
2011-05-27,37.255174,112626000,4195901237.72
2011-05-31,37.63265,111676000,4202663843.34
2011-06-01,36.412473,112626000,4100991197.45
2011-06-02,36.579828,104026000,3805253169.21
2011-06-03,36.104883,109876000,3967060088.39
2011-06-06,35.842346,108526000,3889826450.74
2011-06-07,35.813901,106676000,3820483720.24
2011-06-08,35.511493,105726000,3754488123.12
2011-06-09,35.768244,106626000,3813824748.51
2011-06-10,35.205175,113626000,4000223225.05
2011-06-13,35.229563,113626000,4002994347.55
2011-06-14,35.885538,112626000,4041644588.64
2011-06-15,35.347736,116626000,4122465020.44
2011-06-16,35.480342,108376000,3845217519.92
2011-06-17,35.446829,108426000,3843357916.96
2011-06-20,35.746909,111026000,3968836360.75
2011-06-21,36.316223,112376000,4081071875.36
2011-06-22,36.113192,115576000,4173818264.73
2011-06-23,36.034979,113126000,4076492993.12
2011-06-24,35.612252,111776000,3980595060.16
2011-06-27,35.915934,108226000,3887037899.07
2011-06-28,36.468115,109626000,3997853559.46
2011-06-29,36.640682,108976000,3992954942.62
2011-06-30,37.25761,107526000,4006161778.83
2011-07-01,37.920192,111176000,4215815223.16
2011-07-05,37.690851,116126000,4376887784.76
2011-07-06,37.891075,113926000,4316778642.1
2011-07-07,38.279153,112426000,4303572039.61
2011-07-08,37.832027,115926000,4385715549.73
2011-07-11,37.128163,110776000,4112909436.72
2011-07-12,36.756406,109126000,4011079572.4
2011-07-13,36.896254,103126000,3804963089.46
2011-07-14,36.512757,103126000,3765414531.75
2011-07-15,36.548298,102176000,3734358933.1
2011-07-18,36.140683,101426000,3665604915.06
2011-07-19,36.604633,100176000,3666905762.3
2011-07-20,36.678774,101926000,3738520703.29
2011-07-21,37.22037,101426000,3775113213.57
2011-07-22,36.855813,101826000,3752879975.32
2011-07-25,36.81354,101176000,3724646723.56
2011-07-26,36.129159,101176000,3655403826.66
2011-07-27,35.149641,95576000,3359462115.33
2011-07-28,34.831475,87776000,3057367544.91
2011-07-29,34.670094,96376000,3341365021.27
2011-08-01,34.472731,97876000,3374053023.83
2011-08-02,33.290903,104926000,3493081311.8
2011-08-03,33.539307,102776000,3447035765.57
2011-08-04,31.730485,108326000,3437236510.33
2011-08-05,31.746641,108926000,3458034603.32
2011-08-08,29.538272,111976000,3307577533.52
2011-08-09,30.94505,112926000,3494500736.22
2011-08-10,29.461403,109276000,3219424308.38
2011-08-11,30.813474,108826000,3353307163.98
2011-08-12,31.384838,106976000,3357424473.14
2011-08-15,31.914017,108126000,3450735047.16
2011-08-16,31.43438,99376000,3123822962.91
2011-08-17,31.338022,94826000,2971659313.62
2011-08-18,29.564797,91976000,2719251735.41
2011-08-19,29.12233,92726000,2700397197.38
2011-08-22,29.228311,89976000,2629846486.77
2011-08-23,30.271193,92526000,2800872446.25
2011-08-24,30.884459,96176000,2970343766.26
2011-08-25,30.319351,99026000,3002404063.39
2011-08-26,30.925515,96776000,2992847600.81
2011-08-29,31.921373,96776000,3089222754.33
2011-08-30,32.192661,96826000,3117086602.83
2011-08-31,32.41473,94926000,3077000631.67
2011-09-01,31.87786,92276000,2941561379.25
2011-09-02,30.891202,88076000,2720773511.67
2011-09-06,30.540512,84826000,2590629465.29
2011-09-07,31.479728,85076000,2678169359.67
2011-09-08,31.007496,90076000,2793031254.68
2011-09-09,30.192751,89526000,2703036248.19
2011-09-12,30.235981,90876000,2747725038.13
2011-09-13,30.813802,89976000,2772502636.76
2011-09-14,31.340238,95926000,3006343693.44
2011-09-15,31.981869,94976000,3037509986.75
2011-09-16,31.961463,95526000,3053150718.81
2011-09-19,31.662633,94076000,2978693891.38
2011-09-20,31.431835,90076000,2831253969.46
2011-09-21,30.175426,90076000,2718081649.53
2011-09-22,29.033243,85826000,2491807150.11
2011-09-23,29.329006,83076000,2436536485.34
2011-09-26,30.05835,86526000,2600828783.8
2011-09-27,30.552553,86376000,2639007305.13
2011-09-28,29.810847,86876000,2589847145.82
2011-09-29,30.217746,85676000,2588935599.0
2011-09-30,29.23004,85826000,2508697422.53
2011-10-03,28.375546,80776000,2292063129.21
2011-10-04,29.144818,80876000,2357116272.06
2011-10-05,29.786007,82476000,2456630741.05
2011-10-06,30.429819,86726000,2639056452.84
2011-10-07,30.281717,88076000,2667092486.09
2011-10-10,31.371924,86426000,2711349869.3
2011-10-11,31.49732,92576000,2915895893.77
2011-10-12,31.89302,92076000,2936581679.93
2011-10-13,31.617389,97176000,3072451427.12
2011-10-14,32.174919,93826000,3018843932.21
2011-10-17,31.294507,95576000,2991003817.21
2011-10-18,32.197641,95076000,3061222886.88
2011-10-19,31.795199,94026000,2989575375.64
2011-10-20,32.006915,93126000,2980675966.37
2011-10-21,32.682672,91126000,2978241190.17
2011-10-24,33.269459,91826000,3055001352.93
2011-10-25,32.586802,99726000,3249751444.25
2011-10-26,32.827927,98876000,3245894070.8
2011-10-27,34.255313,99626000,3412719803.16
2011-10-28,34.264481,103226000,3536985314.35
2011-10-31,33.422407,103226000,3450061372.16
2011-11-01,32.430454,102726000,3331450815.0
2011-11-02,33.021157,93576000,3089987800.17
2011-11-03,33.839408,91626000,3100569603.7
2011-11-04,33.615339,94776000,3185927416.09
2011-11-07,33.663949,94576000,3183801621.12
2011-11-08,34.037786,93376000,3178312321.64
2011-11-09,32.759417,93876000,3075323043.78
2011-11-10,33.105646,89726000,2970437179.3
2011-11-11,33.897672,88226000,2990656047.12
2011-11-14,33.692686,90126000,3036587032.64
2011-11-15,33.887135,91326000,3094776447.49
2011-11-16,33.399474,89226000,2980101471.21
2011-11-17,32.799154,87226000,2860938979.88
2011-11-18,32.920491,84576000,2784283449.89
2011-11-21,32.175479,83726000,2693924165.02
2011-11-22,31.945291,80476000,2570829220.41
2011-11-23,31.209195,81326000,2538119025.81
2011-11-25,31.156466,78176000,2435687877.55
2011-11-28,32.227675,77226000,2488814406.4
2011-11-29,32.204567,79376000,2556269744.55
2011-11-30,33.835086,79426000,2687385577.36
2011-12-01,33.756327,85876000,2898858319.01
2011-12-02,33.703874,86276000,2907835438.13
2011-12-05,34.062718,87526000,2981373436.09
2011-12-06,34.092015,88276000,3009506755.88
2011-12-07,34.015182,88976000,3026534863.56
2011-12-08,33.231791,85476000,2840520571.62
2011-12-09,33.951489,84876000,2881666550.94
2011-12-12,33.354481,91026000,3036125001.67
2011-12-13,32.953348,87526000,2884274766.18
2011-12-14,32.546016,81926000,2666364927.89
2011-12-15,32.759484,81476000,2669111692.47
2011-12-16,32.684181,81376000,2659707878.1
2011-12-19,32.326605,85026000,2748601927.51
2011-12-20,33.440173,81476000,2724571561.09
2011-12-21,33.470977,87426000,2926233657.02
2011-12-22,33.761928,83726000,2826751142.36
2011-12-23,34.069145,84876000,2891652776.6
2011-12-27,34.027838,85276000,2901757882.17
2011-12-28,33.535415,84176000,2822877070.83
2011-12-29,33.952937,79426000,2696746007.48
2011-12-30,33.770426,80276000,2710954705.82
2012-01-03,34.46913,79626000,2744638925.53
2012-01-04,34.630278,87976000,3046633309.8
2012-01-05,34.632784,92926000,3218286060.46
2012-01-06,34.587953,93426000,3231414127.2
2012-01-09,34.847681,94726000,3300981402.1
2012-01-10,35.366608,99276000,3511055413.73
2012-01-11,35.465796,104476000,3705324478.98
2012-01-12,35.783597,102376000,3663381508.09
2012-01-13,35.510347,100876000,3582141803.59
2012-01-17,35.665942,100276000,3576437977.01
2012-01-18,36.006911,101876000,3668240073.34
2012-01-19,36.347707,102326000,3719315509.47
2012-01-20,36.200098,102926000,3725931239.32
2012-01-23,36.121411,100076000,3614886286.26
2012-01-24,36.149987,100476000,3632206050.44
2012-01-25,36.58198,100326000,3670123734.77
2012-01-26,36.505232,100676000,3675200767.48
2012-01-27,36.454019,101676000,3706498804.41
2012-01-30,36.323154,100926000,3665950664.39
2012-01-31,36.180011,100776000,3646076777.95
2012-02-01,36.602136,97876000,3582470686.64
2012-02-02,36.605406,100526000,3679795062.75
2012-02-03,37.257197,98576000,3672665438.53
2012-02-06,37.158122,102376000,3804099944.77
2012-02-07,37.141354,103476000,3843238699.49
2012-02-08,37.240619,100826000,3754822695.36
2012-02-09,37.286336,100376000,3742653266.99
2012-02-10,36.979714,99726000,3687838921.82
2012-02-13,37.420004,95426000,3570841283.07
2012-02-14,37.301346,101026000,3768405749.48
2012-02-15,36.814505,99076000,3647433936.76
2012-02-16,37.139766,100176000,3720513232.64
2012-02-17,37.297203,103126000,3846311355.35
2012-02-21,37.403203,101926000,3812358914.56
2012-02-22,37.367691,103326000,3861054078.07
2012-02-23,37.483556,103126000,3865529247.24
2012-02-24,37.476322,103176000,3866657002.48
2012-02-27,37.481974,103176000,3867240169.92
2012-02-28,37.442095,106426000,3984812374.25
2012-02-29,37.2378,104226000,3881146982.72
2012-03-01,37.354163,101176000,3779344816.19
2012-03-02,37.133531,99876000,3708748556.52
2012-03-05,36.897913,97926000,3613265002.34
2012-03-06,36.058702,96826000,3491419833.06
2012-03-07,36.403661,87826000,3197187924.29
2012-03-08,36.928488,91276000,3370684666.19
2012-03-09,36.993041,90476000,3346982420.85
2012-03-12,37.013293,93426000,3458003936.89
2012-03-13,37.780953,96476000,3644955182.1
2012-03-14,37.694089,101126000,3811852488.32
2012-03-15,38.158773,93826000,3580284997.22
2012-03-16,37.946481,92526000,3511036065.09
2012-03-19,37.977912,91826000,3487359732.88
2012-03-20,37.536829,89126000,3345507428.43
2012-03-21,37.531132,85076000,3192998555.78
2012-03-22,37.10383,86826000,3221577118.75
2012-03-23,37.143864,84576000,3141479424.02
2012-03-26,37.699311,84826000,3197881745.05
2012-03-27,37.606026,84126000,3163644546.09
2012-03-28,37.193635,82776000,3078740307.86
2012-03-29,37.255387,72026000,2683356491.04
2012-03-30,37.408341,74576000,2789764439.56
2012-04-02,37.653828,79526000,2994458339.51
2012-04-03,37.411895,86376000,3231489866.42
2012-04-04,37.132786,90776000,3370765754.56
2012-04-05,36.980296,87976000,3253378528.17
2012-04-09,36.392657,87476000,3183484092.39
2012-04-10,35.630371,85426000,3043760046.81
2012-04-11,36.018863,80426000,2896853053.34
2012-04-12,36.774888,81776000,3007303226.55
2012-04-13,36.343047,91326000,3319065138.8
2012-04-16,36.431728,88976000,3241549469.1
2012-04-17,37.002076,89076000,3295996927.49
2012-04-18,36.88338,92576000,3414515808.03
2012-04-19,36.479485,88326000,3222087007.88
2012-04-20,36.750163,80726000,2966693687.26
2012-04-23,36.385793,83076000,3022786098.46
2012-04-24,36.806409,85476000,3146064614.85
2012-04-25,36.913851,88426000,3264144209.26
2012-04-26,37.12926,88776000,3296187171.06
2012-04-27,37.344569,89926000,3358247735.78
2012-04-30,37.024432,91826000,3399805473.84
2012-05-01,37.094132,87926000,3261538644.8
2012-05-02,37.12887,85976000,3192191692.62
2012-05-03,36.807318,86226000,3173747815.35
2012-05-04,36.296832,80076000,2906505104.3
2012-05-07,36.233273,76676000,2778222452.64
2012-05-08,36.124035,81676000,2950466684.73
2012-05-09,35.716913,82526000,2947573990.0
2012-05-10,35.758381,79826000,2854448507.02
2012-05-11,35.685785,80826000,2884339280.18
2012-05-14,35.271661,81326000,2868503110.04
2012-05-15,35.073318,79276000,2780472330.3
2012-05-16,35.013489,77826000,2724959832.03
2012-05-17,34.27759,81476000,2792800889.92
2012-05-18,34.114186,81776000,2789721645.01
2012-05-21,34.884068,82326000,2871865769.67
2012-05-22,34.963178,87226000,3049698196.33
2012-05-23,35.20144,86826000,3056400242.49
2012-05-24,35.155274,91376000,3212348278.04
2012-05-25,34.939853,91376000,3192664046.5
2012-05-29,35.39412,90576000,3205857830.04
2012-05-30,34.791075,89176000,3102528940.97
2012-05-31,34.662419,86776000,3007866056.45
2012-06-01,33.704599,87226000,2939917390.91
2012-06-04,33.374113,87426000,2917765187.11
2012-06-05,33.442702,87276000,2918745297.67
2012-06-06,34.362147,89476000,3074587481.33
2012-06-07,34.560262,91526000,3163162513.25
2012-06-08,34.812177,94726000,3297618322.17
2012-06-11,34.361314,98076000,3370020271.98
2012-06-12,34.90947,94326000,3292870672.78
2012-06-13,34.546701,98226000,3393384244.56
2012-06-14,34.830347,94626000,3295856459.69
2012-06-15,34.961983,94626000,3308312613.64
2012-06-18,35.055796,91876000,3220786315.98
2012-06-19,35.491417,91526000,3248387439.72
2012-06-20,35.329061,94126000,3325383225.1
2012-06-21,34.632119,88226000,3055453309.0
2012-06-22,34.735986,83326000,2894410777.5
2012-06-25,34.111242,82426000,2811653230.24
2012-06-26,34.149701,77876000,2659442084.68
2012-06-27,34.515895,81276000,2805313887.08
2012-06-28,34.481476,91526000,3155951598.88
2012-06-29,35.633463,90826000,3236444909.99
2012-07-02,35.367984,99676000,3525339202.31
2012-07-03,35.728858,96526000,3448763770.16
2012-07-05,35.677418,99026000,3532992017.91
2012-07-06,35.204305,98876000,3480860817.26
2012-07-09,35.170378,95976000,3375512243.02
2012-07-10,34.610253,92226000,3191965239.15
2012-07-11,34.342762,79626000,2734576735.83
2012-07-12,34.207121,79426000,2716934815.78
2012-07-13,34.862065,78226000,2727119934.18
2012-07-16,34.642214,90476000,3134288958.94
2012-07-17,34.811166,87826000,3057325501.22
2012-07-18,35.4196,91276000,3232959372.27
2012-07-19,35.605562,103876000,3698563307.72
2012-07-20,35.156503,93176000,3275742300.64
2012-07-23,35.002267,90826000,3179115857.79
2012-07-24,34.590544,89776000,3105400720.13
2012-07-25,34.694064,82426000,2859692900.32
2012-07-26,35.247392,90126000,3176706469.18
2012-07-27,36.02024,89526000,3224748007.2
2012-07-30,35.921156,93776000,3368542289.36
2012-07-31,35.812741,96576000,3458651313.76
2012-08-01,35.588862,97326000,3463721593.53
2012-08-02,35.402902,96726000,3424381100.94
2012-08-03,36.165974,94576000,3420433145.3
2012-08-06,36.174765,95176000,3442969435.16
2012-08-07,36.518711,102476000,3742291380.63
2012-08-08,36.493034,105926000,3865561140.53
2012-08-09,36.502959,103276000,3769879593.3
2012-08-10,36.673835,104326000,3826034535.57
2012-08-13,36.599042,100826000,3690135000.96
2012-08-14,36.547856,98676000,3606396202.23
2012-08-15,36.621582,98326000,3600853653.21
2012-08-16,36.994976,97426000,3604272537.62
2012-08-17,37.191411,96876000,3602955126.69
2012-08-20,37.120302,95576000,3547809982.56
2012-08-21,37.00107,95226000,3523463905.35
2012-08-22,36.844328,94126000,3468009197.19
2012-08-23,36.549154,94126000,3440225710.58
2012-08-24,36.72408,93376000,3429147679.18
2012-08-27,36.604792,93326000,3416178817.73
2012-08-28,36.47234,95626000,3487703993.42
2012-08-29,36.487889,96026000,3503786032.42
2012-08-30,36.143006,96026000,3470668262.07
2012-08-31,36.342212,93926000,3413478584.93
2012-09-04,36.006526,93576000,3369346708.59
2012-09-05,35.858704,91126000,3267660289.84
2012-09-06,36.683964,90726000,3328189335.57
2012-09-07,37.002165,91776000,3395910692.59
2012-09-10,36.752137,93976000,3453818835.0
2012-09-11,36.955231,95726000,3537576425.9
2012-09-12,37.115872,99176000,3681003718.43
2012-09-13,37.516911,100076000,3754542388.54
2012-09-14,37.779216,98326000,3714679148.16
2012-09-17,37.583938,98876000,3716149495.34
2012-09-18,37.577167,96876000,3640325653.22
2012-09-19,37.667732,97176000,3660399568.0
2012-09-20,37.329306,93726000,3498726535.8
2012-09-21,37.003997,90976000,3366475647.5
2012-09-24,36.942908,86826000,3207604965.68
2012-09-25,36.470261,85576000,3120979073.27
2012-09-26,36.322968,85576000,3108374335.11
2012-09-27,36.647603,86426000,3167305701.69
2012-09-28,36.538142,88426000,3230921750.79
2012-10-01,36.696549,87476000,3210067353.19
2012-10-02,36.670991,89076000,3266505175.38
2012-10-03,36.816257,88526000,3259195951.38
2012-10-04,37.024917,87276000,3231386630.82
2012-10-05,37.142062,89326000,3317751829.94
2012-10-08,37.052652,91026000,3372754697.94
2012-10-09,36.624344,93176000,3412509858.33
2012-10-10,36.309721,91526000,3323283538.83
2012-10-11,36.413472,88826000,3234463031.32
2012-10-12,36.453156,89026000,3245278692.96
2012-10-15,36.686806,88376000,3242233199.69
2012-10-16,37.088031,88126000,3268419810.66
2012-10-17,37.311723,89576000,3342234915.99
2012-10-18,37.408506,91526000,3423850874.66
2012-10-19,36.786169,96176000,3537946629.32
2012-10-22,36.714111,92776000,3406188407.94
2012-10-23,36.323848,88276000,3206524006.89
2012-10-24,36.095544,85476000,3085302736.53
2012-10-25,36.297099,83376000,3026306942.64
2012-10-26,36.313855,80826000,2935103651.58
2012-10-29,36.313722,80826000,2935092866.54
2012-10-30,36.313558,80826000,2935079655.58
2012-10-31,36.483056,80826000,2948779449.52
2012-11-01,37.164562,84526000,3141371728.59
2012-11-02,36.851055,88776000,3271489247.9
2012-11-05,37.02381,90926000,3366426953.51
2012-11-06,37.434379,91976000,3443064451.8
2012-11-07,36.563717,94476000,3454393685.06
2012-11-08,36.16895,95326000,3447841355.32
2012-11-09,36.264782,94676000,3433404484.9
2012-11-12,36.397494,93126000,3389553009.56
2012-11-13,36.25674,91976000,3334749901.51
2012-11-14,35.410121,91976000,3256881283.54
2012-11-15,35.407869,88376000,3129205817.15
2012-11-16,35.516062,87826000,3119233634.93
2012-11-19,36.197846,89476000,3238838491.86
2012-11-20,36.223057,90626000,3282750726.53
2012-11-21,36.274007,91776000,3329083307.55
2012-11-23,36.743134,87126000,3201282298.79
2012-11-26,36.772819,87126000,3203868626.47
2012-11-27,36.678127,87376000,3204788051.4
2012-11-28,37.016315,92276000,3415717510.53
2012-11-29,37.216606,92776000,3452807854.81
2012-11-30,37.12105,91726000,3404965468.72
2012-12-03,36.772179,92326000,3395028168.05
2012-12-04,36.863155,92826000,3421859194.44
2012-12-05,37.245886,92026000,3427589902.61
2012-12-06,37.276714,95676000,3566486865.58
2012-12-07,37.491459,95926000,3596405735.82
2012-12-10,37.669227,95926000,3613458300.08
2012-12-11,37.752672,97126000,3666765998.4
2012-12-12,37.825485,95176000,3600078398.14
2012-12-13,37.668671,94926000,3575736294.64
2012-12-14,37.633478,93076000,3502773643.77
2012-12-17,37.953303,91426000,3469918653.44
2012-12-18,38.466467,93376000,3591844794.5
2012-12-19,38.241848,95976000,3670299556.01
2012-12-20,38.435116,99276000,3815684624.91
2012-12-21,37.923878,97026000,3679602201.76
2012-12-24,37.811408,100826000,3812373053.83
2012-12-26,37.686579,102376000,3858201255.66
2012-12-27,37.64824,102376000,3854276217.58
2012-12-28,37.220686,102626000,3819810118.65
2012-12-31,37.900586,102326000,3878215330.98
2013-01-02,38.82066,101076000,3923837013.06
2013-01-03,38.836589,106026000,4117688133.58
2013-01-04,39.117047,108126000,4229569814.95
2013-01-07,38.959978,111726000,4352842551.1
2013-01-08,38.657059,112276000,4340259907.93
2013-01-09,39.034587,111526000,4353371324.85
2013-01-10,39.250873,111326000,4369642651.67
2013-01-11,39.097483,112126000,4383844392.62
2013-01-14,39.228866,111976000,4392691549.28
2013-01-15,39.354208,111026000,4369340341.14
2013-01-16,39.201852,109726000,4301462374.94
2013-01-17,39.59271,108526000,4296838418.17
2013-01-18,39.934752,109476000,4371896936.52
2013-01-22,40.092967,113326000,4543575598.54
2013-01-23,40.121053,112976000,4532716048.91
2013-01-24,40.317939,112226000,4524721073.07
2013-01-25,40.477576,113076000,4577042398.6
2013-01-28,40.453663,113076000,4574338429.57
2013-01-29,40.579344,113076000,4588549865.35
2013-01-30,40.242501,113376000,4562533772.87
2013-01-31,40.057678,112176000,4493510080.28
2013-02-01,40.486845,112176000,4541652285.61
2013-02-04,40.101597,113676000,4558589104.88
2013-02-05,40.479767,113526000,4595506067.46
2013-02-06,40.515495,115026000,4660335370.94
2013-02-07,40.463439,117276000,4745390291.0
2013-02-08,40.602618,116726000,4739381215.43
2013-02-11,40.59972,117076000,4753252824.62
2013-02-12,40.774026,118326000,4824627364.89
2013-02-13,40.965741,117776000,4824781099.06
2013-02-14,41.014557,117776000,4830530519.98
2013-02-15,41.050734,121076000,4970258635.79
2013-02-19,41.390092,120876000,5003068758.74
2013-02-20,40.823665,122976000,5020331039.81
2013-02-21,40.520141,121776000,4934380656.92
2013-02-22,40.840288,116576000,4760997369.24
2013-02-25,39.985372,117076000,4681327376.87
2013-02-26,40.237397,116176000,4674619853.01
2013-02-27,41.010172,117626000,4823862508.22
2013-02-28,40.992381,119576000,4901705006.28
2013-03-01,40.885841,123076000,5032065757.19
2013-03-04,40.827907,121576000,4963693581.68
2013-03-05,41.390939,117376000,4858302867.84
2013-03-06,41.412236,122376000,5067863847.17
2013-03-07,41.437994,122576000,5079303596.2
2013-03-08,41.817954,122326000,5115423026.82
2013-03-11,41.951883,122326000,5131806062.45
2013-03-12,41.727553,121876000,5085587190.4
2013-03-13,41.919553,118476000,4966460993.2
2013-03-14,42.141326,121026000,5100196140.45
2013-03-15,41.974534,120826000,5071615016.04
2013-03-18,41.734376,122576000,5115632878.06
2013-03-19,41.670941,119376000,4974510270.34
2013-03-20,41.701133,118326000,4934328321.11
2013-03-21,41.307028,112926000,4664637474.67
2013-03-22,41.586723,114826000,4775237044.68
2013-03-25,41.239749,114826000,4735395437.79
2013-03-26,41.470352,111026000,4604287346.7
2013-03-27,41.459971,108426000,4495338851.13
2013-03-28,41.744405,108076000,4511568356.49
2013-04-01,41.260837,109126000,4502630095.64
2013-04-02,41.172064,104126000,4287082300.93
2013-04-03,40.883156,104376000,4267220243.52
2013-04-04,41.054908,103926000,4266672391.6
2013-04-05,40.964947,106026000,4343349482.7
2013-04-08,41.202711,105226000,4335596518.38
2013-04-09,41.341764,106476000,4401905688.81
2013-04-10,41.882687,109076000,4568395986.23
2013-04-11,42.001524,111176000,4669561408.88
2013-04-12,41.775205,110776000,4627690154.02
2013-04-15,40.470644,107776000,4361764162.03
2013-04-16,41.054899,98026000,4024447480.77
2013-04-17,40.372226,98576000,3979732590.94
2013-04-18,40.164316,97876000,3931122552.88
2013-04-19,40.396174,101876000,4115400578.95
2013-04-22,40.425243,102176000,4130489588.23
2013-04-23,40.729982,102826000,4188101116.2
2013-04-24,41.130308,103476000,4255999715.11
2013-04-25,41.320223,103026000,4257057325.12
2013-04-26,41.246595,105226000,4340214203.87
2013-04-29,41.439724,105476000,4370896373.06
2013-04-30,41.434528,106326000,4405567614.12
2013-05-01,40.923573,107576000,4402394301.61
2013-05-02,41.414587,104926000,4345466945.92
2013-05-03,42.135868,104926000,4421148128.4
2013-05-06,42.377923,108876000,4613938781.17
2013-05-07,42.783704,112726000,4822835851.16
2013-05-08,43.061666,114676000,4938139654.08
2013-05-09,43.048664,114826000,4943105857.76
2013-05-10,43.18325,114826000,4958559826.55
2013-05-13,43.031703,111276000,4788395771.88
2013-05-14,43.537707,110926000,4829463653.6
2013-05-15,43.732201,111626000,4881650684.31
2013-05-16,43.524981,111076000,4834580738.93
2013-05-17,44.170964,110576000,4884248526.72
2013-05-20,44.3011,111726000,4949584650.14
2013-05-21,44.345663,114876000,5094252438.34
2013-05-22,43.964713,116176000,5107644447.71
2013-05-23,43.817738,114576000,5020461205.61
2013-05-24,43.712942,114276000,4995340163.65
2013-05-28,43.943222,115176000,5061204565.65
2013-05-29,43.697936,118376000,5172786896.74
2013-05-30,43.936545,118526000,5207622913.65
2013-05-31,43.513883,118826000,5170580631.63
2013-06-03,43.741984,120076000,5252362419.49
2013-06-04,43.464469,112076000,4871323780.19
2013-06-05,42.746082,111976000,4786535268.19
2013-06-06,43.024674,110226000,4742437717.13
2013-06-07,43.77387,110926000,4855660271.93
2013-06-10,43.645912,115776000,5053149074.04
2013-06-11,43.266666,118276000,5117408153.4
2013-06-12,42.93885,116526000,5003492434.57
2013-06-13,43.545482,117226000,5104662631.36
2013-06-14,43.349747,116676000,5057875073.45
2013-06-17,43.609974,116826000,5094778865.34
2013-06-18,44.145902,117576000,5190498601.63
2013-06-19,43.522036,117926000,5132379645.83
2013-06-20,42.527313,119726000,5091625025.16
2013-06-21,42.313056,118276000,5004618954.88
2013-06-24,41.599717,119676000,4978487687.69
2013-06-25,42.052101,116426000,4895957905.37
2013-06-26,42.515267,117126000,4979643124.16
2013-06-27,42.911176,119676000,5135437893.92
2013-06-28,42.648412,117126000,4995237896.16
2013-07-01,43.036621,114976000,4948178547.58
2013-07-02,42.606979,121776000,5188507442.35
2013-07-03,42.648511,122276000,5214889384.9
2013-07-05,43.2853,119976000,5193197209.54
2013-07-08,43.410883,119976000,5208264102.38
2013-07-09,44.047261,119176000,5249376429.32
2013-07-10,44.020999,123076000,5417928482.2
2013-07-11,44.713312,123526000,5523256548.99
2013-07-12,44.473912,129426000,5756080567.56
2013-07-15,44.616834,131626000,5872735336.74
2013-07-16,44.377542,130276000,5781328601.58
2013-07-17,44.524082,130576000,5813776567.06
2013-07-18,44.931641,130176000,5849021333.83
2013-07-19,45.407606,129626000,5886006392.96
2013-07-22,45.417722,128976000,5857796168.33
2013-07-23,45.397654,128876000,5850668052.41
2013-07-24,45.074239,126126000,5685033480.25
2013-07-25,45.066781,127576000,5749439642.4
2013-07-26,44.951299,126876000,5703240955.72
2013-07-29,44.812447,126976000,5690105218.01
2013-07-30,45.003253,126276000,5682830809.96
2013-07-31,45.119082,125876000,5679409509.93
2013-08-01,45.924593,128726000,5911689094.81
2013-08-02,46.013751,131676000,6058906742.24
2013-08-05,45.852218,131676000,6037636722.54
2013-08-06,45.502646,132026000,6007532293.87
2013-08-07,45.41048,131976000,5993093555.27
2013-08-08,45.628972,132926000,6065276672.04
2013-08-09,45.502169,133376000,6068897267.81
2013-08-12,45.543321,133376000,6074385941.75
2013-08-13,45.7548,133676000,6116318690.15
2013-08-14,45.437282,133826000,6080689742.2
2013-08-15,44.916835,135076000,6067186403.38
2013-08-16,44.979266,134826000,6064374538.12
2013-08-19,44.77668,134426000,6019149979.92
2013-08-20,44.801708,134376000,6020274340.37
2013-08-21,44.526574,134526000,5989981829.17
2013-08-22,45.112531,134026000,6046252136.55
2013-08-23,45.153537,133676000,6035944249.21
2013-08-26,45.018677,133326000,6002160172.97
2013-08-27,44.115078,133526000,5890509857.74
2013-08-28,44.162175,128176000,5660530880.76
2013-08-29,44.283491,128576000,5693794088.9
2013-08-30,44.073564,128276000,5653580551.61
2013-09-03,44.322751,127626000,5656735398.52
2013-09-04,44.775272,128276000,5743592777.8
2013-09-05,44.908961,129526000,5816878087.05
2013-09-06,44.868977,128326000,5757856402.2
2013-09-09,45.424052,128676000,5844985291.81
2013-09-10,46.061464,130176000,5996097199.13
2013-09-11,46.283233,135576000,6274895588.99
2013-09-12,46.082941,138326000,6374468953.78
2013-09-13,46.201017,139626000,6450863267.88
2013-09-16,46.77264,138276000,6467533604.3
2013-09-17,47.011115,141176000,6636841238.0
2013-09-18,47.608509,144076000,6859243542.07
2013-09-19,47.767662,147176000,7030253365.18
2013-09-20,46.914993,147776000,6932910038.67
2013-09-23,46.812408,147326000,6896684810.48
2013-09-24,46.959149,146626000,6885432162.19
2013-09-25,46.782448,147826000,6915662123.59
2013-09-26,46.961304,148376000,6967930468.51
2013-09-27,46.672937,147726000,6894806240.26
2013-09-30,46.390435,146976000,6818280515.74
2013-10-01,46.713484,147876000,6907803166.57
2013-10-02,46.537024,148126000,6893343191.87
2013-10-03,46.010221,147026000,6764698726.38
2013-10-04,46.239985,148026000,6844720090.18
2013-10-07,45.977752,146826000,6750729440.57
2013-10-08,45.437942,147726000,6712365391.33
2013-10-09,45.373243,146076000,6627941839.67
2013-10-10,46.583014,146076000,6804660392.76
2013-10-11,46.841078,150226000,7036747825.87
2013-10-14,46.960464,152526000,7162691800.93
2013-10-15,46.515959,153576000,7143734914.35
2013-10-16,46.81842,150926000,7066116820.79
2013-10-17,47.209577,152826000,7214850744.28
2013-10-18,47.695991,153226000,7308265941.95
2013-10-21,47.829633,154526000,7390921823.19
2013-10-22,48.130128,154676000,7444575671.96
2013-10-23,48.15546,154676000,7448493972.51
2013-10-24,48.511959,154026000,7472103049.89
2013-10-25,48.755413,153726000,7494974572.23
2013-10-28,48.692244,154626000,7529086882.24
2013-10-29,48.814491,154976000,7565074575.99
2013-10-30,48.588818,153676000,7466935224.38
2013-10-31,48.603656,154076000,7488656878.67
2013-11-01,48.948758,154776000,7576093042.0
2013-11-04,49.134986,156626000,7695816319.16
2013-11-05,49.071135,156876000,7698083316.13
2013-11-06,49.243395,157876000,7774350220.77
2013-11-07,48.683563,158876000,7734649792.39
2013-11-08,49.351087,157976000,7796287244.87
2013-11-11,49.343634,158326000,7812380256.78
2013-11-12,49.352854,159626000,7877998644.88
2013-11-13,49.637501,164726000,8176586997.92
2013-11-14,49.867276,163976000,8177036386.56
2013-11-15,50.013264,165476000,8275994847.25
2013-11-18,50.089252,167176000,8373720709.34
2013-11-19,49.767632,168476000,8384651642.96
2013-11-20,49.514429,168326000,8334565768.91
2013-11-21,49.931268,167326000,8354799353.97
2013-11-22,50.334,168576000,8485104367.85
2013-11-25,50.16881,169076000,8482341645.94
2013-11-26,50.322983,168326000,8470666430.04
2013-11-27,50.55658,169526000,8570654780.11
2013-11-29,50.377777,170926000,8610871930.56
2013-12-02,50.145946,172076000,8628913775.85
2013-12-03,49.781612,173026000,8613513210.65
2013-12-04,49.581257,171576000,8506953801.17
2013-12-05,49.603329,172576000,8560344100.55
2013-12-06,50.316779,172276000,8668373351.07
2013-12-09,50.435016,172526000,8701351635.76
2013-12-10,50.321839,173776000,8744727933.92
2013-12-11,49.570134,176026000,8725632459.19
2013-12-12,49.589969,174426000,8649779848.48
2013-12-13,49.756252,174326000,8673808445.04
2013-12-16,50.267458,174026000,8747844718.17
2013-12-17,50.237841,175726000,8828094903.91
2013-12-18,51.066718,175376000,8955876733.26
2013-12-19,51.096448,176776000,9032625634.73
2013-12-20,51.230303,184576000,9455884487.15
2013-12-23,51.420642,187076000,9619568079.9
2013-12-24,51.692586,186926000,9662688379.51
2013-12-26,52.041455,188176000,9792952797.48
2013-12-27,51.995599,187176000,9732328216.48
2013-12-30,51.977893,188576000,9801783064.07
2013-12-31,52.221633,188926000,9866024171.53
2014-01-02,51.563522,188126000,9700439209.89
2014-01-03,51.711649,188526000,9748990289.89
2014-01-06,51.407391,187726000,9650503831.53
2014-01-07,51.672618,187726000,9700293878.8
2014-01-08,51.62944,187826000,9697351231.89
2014-01-09,51.818053,187076000,9693914122.87
2014-01-10,51.937445,187676000,9747411874.45
2014-01-13,51.335981,186376000,9567794716.41
2014-01-14,51.871569,185926000,9644273339.09
2014-01-15,52.221252,185926000,9709288422.28
2014-01-16,52.064078,186826000,9726923490.78
2014-01-17,51.836715,188676000,9780344073.06
2014-01-21,51.873772,188676000,9787335752.72
2014-01-22,52.018396,187576000,9757402669.12
2014-01-23,51.407272,187076000,9617066765.5
2014-01-24,49.809825,186676000,9298298934.08
2014-01-27,49.908974,179376000,8952472032.18
2014-01-28,50.334513,177326000,8925617870.89
2014-01-29,49.817263,174426000,8689425967.98
2014-01-30,50.253468,174876000,8788125509.16
2014-01-31,50.015503,177776000,8891555978.43
2014-02-03,48.678386,178526000,8690357590.57
2014-02-04,48.987009,176376000,8640132676.47
2014-02-05,48.945132,178226000,8723295180.45
2014-02-06,49.631485,175676000,8719060679.06
2014-02-07,50.462261,175476000,8854915770.86
2014-02-10,50.177281,176876000,8875156751.15
2014-02-11,50.739782,178426000,9053296354.2
2014-02-12,50.93829,179376000,9137106790.48
2014-02-13,51.055863,179376000,9158196477.26
2014-02-14,51.422642,181026000,9308835148.21
2014-02-18,51.320456,180176000,9246714491.2
2014-02-19,50.874734,180026000,9158774892.04
2014-02-20,51.369973,178626000,9176012808.15
2014-02-21,51.393564,177476000,9121124210.35
2014-02-24,51.800864,174426000,9035417495.94
2014-02-25,51.576752,171926000,8867384725.82
2014-02-26,51.623892,171926000,8875489233.43
2014-02-27,51.924559,173426000,9005068530.83
2014-02-28,52.079038,173426000,9031859214.11
2014-03-03,51.727918,174626000,9033039391.14
2014-03-04,52.503883,175826000,9231547680.97
2014-03-05,52.576212,174576000,9178544862.48
2014-03-06,52.874578,172626000,9127526888.02
2014-03-07,53.020601,173226000,9184546647.33
2014-03-10,52.741374,174276000,9191555711.72
2014-03-11,52.383463,174276000,9129180346.54
2014-03-12,52.288704,173276000,9060377485.4
2014-03-13,51.522606,174526000,8992034381.84
2014-03-14,51.337406,172226000,8841636160.08
2014-03-17,52.002298,173126000,9002949926.95
2014-03-18,52.257729,172976000,9039332871.9
2014-03-19,51.768455,174876000,9053060293.25
2014-03-20,51.857615,175276000,9089395332.05
2014-03-21,51.674728,174176000,9000497498.66
2014-03-24,51.491137,172626000,8888709029.31
2014-03-25,51.935885,166876000,8666852809.37
2014-03-26,51.434373,165676000,8521441103.97
2014-03-27,51.344812,163476000,8393644455.08
2014-03-28,51.743798,163476000,8458869162.06
2014-03-31,52.308897,168476000,8812793755.5
2014-04-01,52.696235,170076000,8962364937.6
2014-04-02,53.037307,173876000,9221914767.59
2014-04-03,53.110603,175326000,9311669536.63
2014-04-04,52.500254,174926000,9183659473.68
2014-04-07,51.778849,173826000,9000510123.96
2014-04-08,51.799321,174326000,9029968420.73
2014-04-09,52.467641,175676000,9217305290.23
2014-04-10,51.457403,173076000,8906041437.04
2014-04-11,50.923355,170376000,8676117540.69
2014-04-14,51.223605,171076000,8763129396.02
2014-04-15,51.529761,171226000,8823234798.03
2014-04-16,52.337244,172876000,9047853356.89
2014-04-17,52.730493,176126000,9287210889.7
2014-04-18,52.730493,176676000,9316212660.85
2014-04-21,52.899474,176676000,9346067500.99
2014-04-22,52.911686,178126000,9424946973.2
2014-04-23,53.123693,182426000,9691142899.08
2014-04-24,53.004399,181176000,9603125007.58
2014-04-25,52.492853,184926000,9707293355.65
2014-04-28,52.530727,182126000,9567211269.4
2014-04-29,52.67487,182776000,9627701972.78
2014-04-30,53.023519,184576000,9786869051.03
2014-05-01,52.884006,183026000,9679148014.63
2014-05-02,52.843997,182726000,9655972140.43
2014-05-05,52.894965,183076000,9683798592.28
2014-05-06,52.503669,183276000,9622662465.28
2014-05-07,52.971122,181826000,9631527276.3
2014-05-08,52.974757,183026000,9695757799.57
2014-05-09,53.001285,183026000,9700613130.09
2014-05-12,53.790709,182876000,9837029743.92
2014-05-13,53.912114,187676000,10118009886.07
2014-05-14,53.483077,188026000,10056208985.34
2014-05-15,52.96853,186926000,9901195490.18
2014-05-16,53.068989,186476000,9896092859.45
2014-05-19,53.29032,186726000,9950688343.4
2014-05-20,52.603274,186876000,9830289387.76
2014-05-21,53.092441,184476000,9794281196.87
2014-05-22,53.209218,185476000,9869032866.56
2014-05-23,53.550129,186276000,9975103859.21
2014-05-27,53.816959,185926000,10005971958.79
2014-05-28,53.881337,185726000,10007165253.06
2014-05-29,54.076818,191726000,10367931914.42
2014-05-30,54.094029,192726000,10425325795.11
2014-06-02,54.298838,193376000,10500092135.89
2014-06-03,54.21174,193276000,10477828323.04
2014-06-04,54.193687,194126000,10520403755.97
2014-06-05,54.775997,193776000,10614273594.94
2014-06-06,55.294337,193726000,10711950703.17
2014-06-09,55.600032,196126000,10904611781.56
2014-06-10,55.46357,199176000,11047012089.75
2014-06-11,55.033266,195676000,10768689337.18
2014-06-12,54.338816,196426000,10673556348.65
2014-06-13,54.536779,195826000,10679719282.94
2014-06-16,54.468939,194826000,10611965449.64
2014-06-17,54.598502,194926000,10642667605.82
2014-06-18,54.897117,197626000,10849097726.58
2014-06-19,55.01677,194926000,10724198923.75
2014-06-20,55.020689,193776000,10661689075.77
2014-06-23,54.690704,193826000,10600480423.05
2014-06-24,54.123876,193426000,10468964770.15
2014-06-25,54.219605,193976000,10517302188.87
2014-06-26,54.133048,194326000,10519458746.84
2014-06-27,54.281601,193226000,10488616699.6
2014-06-30,54.070605,195276000,10558691434.16
2014-07-01,54.38273,194176000,10559820912.36
2014-07-02,54.298353,191476000,10396831439.02
2014-07-03,54.749305,185926000,10179319269.62
2014-07-07,54.37653,185726000,10099135354.74
2014-07-08,53.989718,187276000,10110978515.67
2014-07-09,54.075795,185726000,10043281085.35
2014-07-10,53.775266,184876000,9941756078.22
2014-07-11,54.059877,184676000,9983561829.57
2014-07-14,54.3637,184176000,10012488845.43
2014-07-15,54.389738,182426000,9922102279.74
2014-07-16,54.664697,181576000,9925796984.28
2014-07-17,53.807604,182026000,9794382933.2
2014-07-18,54.261295,181576000,9852548901.99
2014-07-21,54.175584,180376000,9771975067.5
2014-07-22,54.430173,177976000,9687264412.08
2014-07-23,54.203484,179576000,9733644773.39
2014-07-24,53.945608,177976000,9601023523.65
2014-07-25,53.801583,172476000,9279481869.51
2014-07-28,53.520279,171376000,9172091341.44
2014-07-29,52.85783,171076000,9042706054.48
2014-07-30,52.874439,169576000,8966235898.33
2014-07-31,51.841535,169476000,8785895991.18
2014-08-01,51.777522,170426000,8824236027.15
2014-08-04,51.95642,171126000,8891094402.47
2014-08-05,51.680429,170976000,8836113107.7
2014-08-06,51.405863,171576000,8820012422.11
2014-08-07,51.4473,163626000,8418115968.55
2014-08-08,52.182922,158976000,8295832283.29
2014-08-11,52.403369,157476000,8252272977.32
2014-08-12,52.287255,157476000,8233987763.43
2014-08-13,52.752721,154276000,8138478715.26
2014-08-14,53.011168,153476000,8135942064.87
2014-08-15,52.875566,153476000,8115130385.35
2014-08-18,53.678046,153076000,8216820613.98
2014-08-19,53.834682,154176000,8300015904.6
2014-08-20,54.387426,154976000,8428745709.62
2014-08-21,54.358762,167176000,9087480372.95
2014-08-22,54.141586,168226000,9108022386.0
2014-08-25,54.333686,168226000,9140338607.33
2014-08-26,54.166279,168226000,9112176507.24
2014-08-27,54.157895,169026000,9154092329.97
2014-08-28,54.027472,169026000,9132047410.22
2014-08-29,54.042387,167526000,9053504927.53
2014-09-02,54.171017,166726000,9031716973.78
2014-09-03,54.129654,168526000,9122254021.99
2014-09-04,54.155159,167026000,9045319575.96
2014-09-05,54.334635,167476000,9099747314.39
2014-09-08,54.298616,166476000,9039416470.98
2014-09-09,54.088427,166526000,9007129446.52
2014-09-10,54.127579,165576000,8962227986.37
2014-09-11,54.190371,165576000,8972624920.15
2014-09-12,53.966595,165926000,8954461244.21
2014-09-15,53.963617,165276000,8918890742.61
2014-09-16,54.245521,165226000,8962770471.05
2014-09-17,54.481532,164926000,8985421099.25
2014-09-18,54.766218,165476000,9062494727.56
2014-09-19,54.434358,166426000,9059292442.1
2014-09-22,53.822889,165776000,8922543284.6
2014-09-23,53.35849,165426000,8826881640.7
2014-09-24,53.642008,163226000,8755770317.1
2014-09-25,52.846005,160726000,8493726958.19
2014-09-26,53.345157,160676000,8571286370.31
2014-09-29,53.21055,161126000,8573603037.16
2014-09-30,53.140576,163576000,8692522853.22
2014-10-01,52.149687,161376000,8415707810.52
2014-10-02,52.100559,161726000,8426014934.87
2014-10-03,52.812223,160526000,8477734881.02
2014-10-06,52.655787,162376000,8550036080.84
2014-10-07,51.380453,101176000,8394332892.24
2014-10-08,52.299968,156726000,8196764830.83
2014-10-09,51.075394,161676000,8257665342.52
2014-10-10,50.327204,163026000,8204642790.31
2014-10-13,49.545998,164076000,8129309205.69
2014-10-14,50.21322,164426000,8256358925.64
2014-10-15,50.117737,167076000,8373470989.75
2014-10-16,50.512153,167526000,8462098990.93
2014-10-17,51.48263,156476000,8055795970.13
2014-10-20,51.619872,156626000,8085014053.42
2014-10-21,52.776589,165876000,8754369443.69
2014-10-22,52.063397,165226000,8602226862.81
2014-10-23,53.238355,162126000,8631321524.44
2014-10-24,53.716086,164426000,8832321115.84
2014-10-27,53.700609,162526000,8727745127.49
2014-10-28,54.657279,164576000,8995276310.87
2014-10-29,54.440682,166076000,9041290633.49
2014-10-30,54.661462,165676000,9056092448.31
2014-10-31,55.233515,169226000,9346946795.22
2014-11-03,55.111843,168876000,9307067544.25
2014-11-04,55.116049,167326000,9222348095.83
2014-11-05,55.465027,167276000,9277967804.69
2014-11-06,56.056268,168576000,9449741460.03
2014-11-07,56.112723,171176000,9605151397.18
2014-11-10,56.389498,169676000,9567944409.54
2014-11-11,56.32271,168476000,9489024920.01
2014-11-12,56.398527,168626000,9510257968.94
2014-11-13,56.256801,168776000,9494797869.53
2014-11-14,56.29672,167476000,9428349523.34
2014-11-17,56.220282,168376000,9466146247.31
2014-11-18,56.637919,166076000,9406199107.73
2014-11-19,56.491016,166576000,9410047463.72
2014-11-20,56.61038,166976000,9452574840.49
2014-11-21,57.191674,167076000,9555356072.65
2014-11-24,57.353819,171276000,9823332786.73
2014-11-25,57.472888,174226000,10013271306.32
2014-11-26,57.396822,174776000,10031586881.19
2014-11-28,56.906851,172526000,9817911460.72
2014-12-01,56.183323,172476000,9690274739.06
2014-12-02,56.649013,173126000,9807417029.03
2014-12-03,57.406305,171626000,9852414504.24
2014-12-04,57.146327,172326000,9847797872.6
2014-12-05,57.253353,172176000,9857653253.03
2014-12-08,56.611498,172276000,9752802416.04
2014-12-09,56.683645,172076000,9753894897.05
2014-12-10,55.581437,169726000,9433614923.39
2014-12-11,55.838696,167976000,9379560731.33
2014-12-12,54.800164,167826000,9196892331.81
2014-12-15,54.684021,167626000,9166463670.73
2014-12-16,54.686691,165926000,9073943818.08
2014-12-17,55.209849,167576000,9251845630.75
2014-12-18,56.633283,168426000,9538517266.58
2014-12-19,56.582944,165576000,9368777490.97
2014-12-22,57.111076,165876000,9473356909.13
2014-12-23,57.365494,163976000,9406564263.8
2014-12-24,57.397098,163726000,9397397196.29
2014-12-26,57.406803,163576000,9390375217.36
2014-12-29,57.437742,163826000,9409795544.07
2014-12-30,57.166233,163526000,9348165432.85
2014-12-31,56.582654,163976000,9278197235.63
2015-01-02,56.523339,163976000,9268470998.29
2015-01-05,55.197106,163776000,9039961213.59
2015-01-06,54.576875,159026000,8679142139.5
2015-01-07,54.923838,159826000,8778257381.63
2015-01-08,56.040801,159026000,8911944484.58
2015-01-09,55.431597,158326000,8776263075.7
2015-01-12,55.051708,157626000,8677580462.15
2015-01-13,54.94127,158076000,8684896267.59
2015-01-14,54.63487,156226000,8535387219.5
2015-01-15,54.342976,155026000,8424574171.95
2015-01-16,54.728308,155376000,8503465652.0
2015-01-20,55.134001,155776000,8588554074.09
2015-01-21,55.537297,157126000,8726353342.04
2015-01-22,56.452754,158676000,8957697164.07
2015-01-23,55.985607,159176000,8911564967.6
2015-01-26,56.079378,156626000,8783488580.56
2015-01-27,55.331184,154926000,8572239034.28
2015-01-28,54.834069,153526000,8418455245.61
2015-01-29,55.474501,149976000,8319843745.86
2015-01-30,54.557455,150226000,8195948308.87
2015-02-02,55.384762,149426000,8275923483.13
2015-02-03,56.286788,151626000,8534540500.55
2015-02-04,55.846742,155426000,8680035743.46
2015-02-05,56.354005,152426000,8589815508.35
2015-02-06,56.22179,153426000,8625884405.19
2015-02-09,56.053477,151826000,8510375165.96
2015-02-10,56.384325,152276000,8585979404.15
2015-02-11,56.407338,150526000,8490770984.17
2015-02-12,56.919322,149776000,8525148370.23
2015-02-13,57.183695,149026000,8521857391.09
2015-02-17,57.270627,148176000,8486132401.1
2015-02-18,57.566635,147226000,8475305376.59
2015-02-19,57.648499,146926000,8470063383.66
2015-02-20,58.178643,146026000,8495594492.58
2015-02-23,57.937234,145026000,8402405261.59
2015-02-24,58.109536,143426000,8334418287.55
2015-02-25,58.056372,143876000,8352918557.02
2015-02-26,57.784107,143476000,8290632468.55
2015-02-27,57.521607,143926000,8278854756.28
2015-03-02,58.018231,141676000,8219790957.63
2015-03-03,57.643119,143276000,8258875516.13
2015-03-04,57.189451,143376000,8199594773.64
2015-03-05,57.257063,143026000,8189248627.71
2015-03-06,56.494912,143926000,8131086740.82
2015-03-09,56.976011,143326000,8166143803.33
2015-03-10,55.934786,142826000,7988941810.48
2015-03-11,55.89015,142676000,7974183061.74
2015-03-12,56.606958,139376000,7889651383.66
2015-03-13,56.109374,138926000,7795050909.52
2015-03-16,57.022635,138976000,7924777728.47
2015-03-17,56.790498,141276000,8023134436.01
2015-03-18,57.448506,141476000,8127584764.26
2015-03-19,57.063256,143626000,8195767164.76
2015-03-20,57.101526,144526000,8252655140.13
2015-03-23,56.644011,143226000,8112895182.76
2015-03-24,56.451867,143126000,8079729854.73
2015-03-25,55.500689,139876000,7763214432.95
2015-03-26,55.343497,138776000,7680349137.23
2015-03-27,55.577183,139276000,7740567699.31
2015-03-30,56.353663,138776000,7820536001.72
2015-03-31,55.824204,139076000,7763807011.61
2015-04-01,55.354971,138776000,7681941464.04
2015-04-02,55.432299,137876000,7642783617.39
2015-04-06,55.8432,138476000,7732943017.38
2015-04-07,55.773915,137926000,7692673040.26
2015-04-08,55.889996,139476000,7795313115.85
2015-04-09,56.189762,140076000,7870837142.66
2015-04-10,56.971889,140976000,8031669008.19
2015-04-13,56.420149,141826000,8001844084.37
2015-04-14,56.47812,141526000,7993122433.78
2015-04-15,56.59929,141676000,8018761069.57
2015-04-16,56.458419,142226000,8029855091.37
2015-04-17,55.795056,141576000,7899240866.61
2015-04-20,56.457549,140376000,7925284888.85
2015-04-21,56.3671,138976000,7833674125.21
2015-04-22,56.613961,138976000,7867981791.91
2015-04-23,56.546156,137426000,7770911983.79
2015-04-24,56.306026,136926000,7709758916.72
2015-04-27,56.286059,134976000,7597267042.87
2015-04-28,56.406482,132526000,7475325408.94
2015-04-29,56.126152,136176000,7643034808.26
2015-04-30,55.641103,137026000,7624277785.16
2015-05-01,56.322124,136976000,7714779233.29
2015-05-04,56.408936,139026000,7842308798.71
2015-05-05,55.680231,138376000,7704807675.64
2015-05-06,55.627541,139276000,7747581428.15
2015-05-07,55.917563,139526000,7801953941.64
2015-05-08,56.578365,140926000,7973362642.47
2015-05-11,56.526801,136526000,7717378082.21
2015-05-12,56.488217,140926000,7960658521.04
2015-05-13,56.598198,141376000,8001626848.67
2015-05-14,57.144134,139726000,7984521286.61
2015-05-15,57.097157,140176000,8003651096.29
2015-05-18,57.217441,139326000,7971877144.6
2015-05-19,57.065394,141176000,8056264087.58
2015-05-20,56.853713,143076000,8134401780.98
2015-05-21,57.149197,139926000,7996658535.24
2015-05-22,56.896479,141226000,8035262149.72
2015-05-26,56.275802,140476000,7905399537.58
2015-05-27,56.626871,139876000,7920740174.28
2015-05-28,56.384902,140676000,7932002434.14
2015-05-29,55.823889,138326000,7721895206.67
2015-06-01,56.050197,136926000,7674729217.23
2015-06-02,56.150181,136126000,7643499554.35
2015-06-03,56.433276,136626000,7710252760.21
2015-06-04,55.79877,137776000,7687731284.98
2015-06-05,55.86475,138226000,7721960997.98
2015-06-08,55.449209,137326000,7614618122.96
2015-06-09,55.444892,136876000,7589074972.36
2015-06-10,56.007477,135976000,7615672630.49
2015-06-11,56.274657,136526000,7682953825.42
2015-06-12,55.97329,136426000,7636212015.58
2015-06-15,55.515132,135476000,7520968004.01
2015-06-16,55.560089,136426000,7579840694.68
2015-06-17,55.684595,134626000,7496594304.44
2015-06-18,56.278183,134876000,7590576168.93
2015-06-19,55.758853,136076000,7587441647.28
2015-06-22,56.036388,135476000,7591585747.66
2015-06-23,55.91185,136626000,7639012364.43
2015-06-24,55.398118,138476000,7671309797.98
2015-06-25,54.978494,138726000,7626946616.09
2015-06-26,55.08729,134726000,7421690193.97
2015-06-29,54.032443,134326000,7257961955.78
2015-06-30,54.109157,133276000,7211452060.84
2015-07-01,54.318996,132376000,7190531461.03
2015-07-02,54.281587,132876000,7212720138.34
2015-07-06,53.98949,129976000,7017337974.28
2015-07-07,54.429191,131926000,7180625387.66
2015-07-08,53.467053,125076000,6687445119.61
2015-07-09,53.645023,124226000,6664106618.71
2015-07-10,54.188284,120976000,6555481823.83
2015-07-13,54.749919,122876000,6727451067.44
2015-07-14,54.90006,125276000,6877659938.05
2015-07-15,54.69941,129076000,7060381082.15
2015-07-16,54.960242,129976000,7143512351.62
2015-07-17,54.926543,131526000,7224268448.05
2015-07-20,54.951606,133126000,7315487556.62
2015-07-21,54.374196,130776000,7110839799.66
2015-07-22,54.0814,129626000,7010355534.3
2015-07-23,53.596578,129476000,6939470593.75
2015-07-24,52.89627,128576000,6801190850.04
2015-07-27,52.646949,123976000,6526958142.24
2015-07-28,53.628043,124576000,6680767050.29
2015-07-29,54.311471,128826000,6996729526.16
2015-07-30,54.270911,130276000,7070197162.57
2015-07-31,54.222725,129226000,7006985875.48
2015-08-03,53.991344,129976000,7017578887.87
2015-08-04,53.903848,126476000,6817543091.06
2015-08-05,54.19181,126476000,6853963342.98
2015-08-06,53.957985,127376000,6872952292.44
2015-08-07,53.696672,130176000,6990017932.99
2015-08-10,54.716246,130426000,7136421086.26
2015-08-11,54.068919,131076000,7087137624.7
2015-08-12,54.077574,129926000,7026082857.46
2015-08-13,54.042124,130226000,7037689621.4
2015-08-14,54.364153,129776000,7055162277.08
2015-08-17,54.615156,129176000,7054967351.09
2015-08-18,54.545526,129276000,7051427446.19
2015-08-19,54.06034,128376000,6940050152.78
2015-08-20,52.920561,128376000,6793729885.48
2015-08-21,51.482982,125026000,6436711250.42
2015-08-24,49.76319,124376000,6189346466.77
2015-08-25,48.983431,123126000,6031133904.08
2015-08-26,50.494402,121226000,6121234319.76
2015-08-27,51.694656,121476000,6279659975.8
2015-08-28,51.763965,120426000,6233727200.56
2015-08-31,51.298543,120476000,6180243224.19
2015-09-01,49.980677,120826000,6038965234.99
2015-09-02,51.039943,120776000,6164400182.08
2015-09-03,51.088537,123326000,6300544968.83
2015-09-04,50.377968,124126000,6253215692.62
2015-09-08,51.754909,114426000,5922107194.66
2015-09-09,51.21317,125226000,6413220388.76
2015-09-10,51.252524,122676000,6287454605.13
2015-09-11,51.50795,121326000,6249253580.78
2015-09-14,51.264564,120726000,6188965780.71
2015-09-15,52.117205,121226000,6317960239.72
2015-09-16,52.542177,122676000,6445664115.22
2015-09-17,52.278212,127126000,6645919934.8
2015-09-18,50.903868,128126000,6522109003.01
2015-09-21,51.111852,125076000,6392865950.69
2015-09-22,50.393929,118826000,5988109019.75
2015-09-23,50.038374,120926000,6050940358.63
2015-09-24,49.692071,121476000,6036394029.56
2015-09-25,49.824372,122526000,6104781032.05
2015-09-28,48.854922,122676000,5993326468.55
2015-09-29,49.158089,120926000,5944491091.37
2015-09-30,49.908344,123926000,6184941448.53
2015-10-01,49.802802,125376000,6244076132.76
2015-10-02,50.391627,125076000,6302783078.9
2015-10-05,51.828507,125026000,6479910896.1
2015-10-06,51.77869,125276000,6486627176.32
2015-10-07,52.461244,127526000,6690172547.57
2015-10-08,53.226079,130276000,6934080649.08
2015-10-09,53.370614,131476000,7016954820.5
2015-10-12,53.409811,140576000,7508137587.57
2015-10-13,52.818116,139576000,7372141323.75
2015-10-14,52.281127,140426000,7341629498.66
2015-10-15,52.794347,140526000,7418978405.05
2015-10-16,52.563793,134326000,7060684097.78
2015-10-19,52.583816,132226000,6952947714.71
2015-10-20,52.909593,131076000,6935177866.82
2015-10-21,52.969311,132426000,7014514018.88
2015-10-22,54.451823,132276000,7202669344.77
2015-10-23,54.639018,134376000,7342172658.25
2015-10-26,54.542827,134426000,7331974074.98
2015-10-27,53.944828,134126000,7235404000.56
2015-10-28,54.370391,132976000,7229957174.41
2015-10-29,54.340646,132576000,7204265515.56
2015-10-30,54.25905,129676000,7036096603.21
2015-11-02,54.906337,128876000,7076109139.54
2015-11-03,54.894727,132426000,7269489135.98
2015-11-04,54.782906,133526000,7314942320.95
2015-11-05,54.829895,133526000,7321216562.23
2015-11-06,54.857851,130476000,7157632963.86
2015-11-09,54.418114,126876000,6904352652.32
2015-11-10,54.427599,126876000,6905556008.29
2015-11-11,54.520135,120576000,6573819826.47
2015-11-12,53.757003,119876000,6444174491.24
2015-11-13,53.519536,120226000,6434439756.05
2015-11-16,54.190687,119726000,6488034250.18
2015-11-17,54.084796,116376000,6294172184.39
2015-11-18,54.834612,123476000,6770758604.1
2015-11-19,55.067873,123926000,6824341213.55
2015-11-20,55.354968,124626000,6898668294.29
2015-11-23,55.115031,125776000,6932148105.98
2015-11-24,54.980579,124976000,6871252874.71
2015-11-25,54.977621,128926000,7088044727.39
2015-11-27,55.082961,129176000,7115396568.17
2015-11-30,54.711826,130276000,7127637814.96
2015-12-01,54.996867,130076000,7153772531.05
2015-12-02,54.43016,129126000,7028348855.66
2015-12-03,53.782534,129626000,6971614774.46
2015-12-04,54.544214,128076000,6985804696.79
2015-12-07,54.301898,126826000,6886892496.18
2015-12-08,53.429545,123576000,6602609496.28
2015-12-09,53.266363,123276000,6566464121.8
2015-12-10,53.512938,120976000,6473781235.0
2015-12-11,52.633924,120326000,6333229480.61
2015-12-14,52.745243,116276000,6133005868.22
2015-12-15,52.782283,114826000,6060778444.74
2015-12-16,53.720325,116326000,6249070507.21
2015-12-17,52.875178,117226000,6198345629.58
2015-12-18,51.743421,118976000,6156225308.0
2015-12-21,52.156318,115026000,5999332658.87
2015-12-22,52.823888,116876000,6173844781.41
2015-12-23,53.483848,115626000,6184123369.08
2015-12-24,53.447663,116376000,6220025203.29
2015-12-28,53.331606,115726000,6171853440.54
2015-12-29,53.830338,114176000,6146132664.88
2015-12-30,53.415533,114426000,6112125744.81
2015-12-31,53.031633,112626000,5972740711.87
2016-01-04,52.307797,111826000,5849371750.36
2016-01-05,52.409935,110776000,5805762978.1
2016-01-06,51.64219,112126000,5790432178.48
2016-01-07,50.245952,114126000,5734369550.12
2016-01-08,49.750048,113926000,5667823922.53
2016-01-11,49.768133,115376000,5742048153.25
2016-01-12,50.142487,114976000,5765182598.23
2016-01-13,48.964428,115676000,5664009223.62
2016-01-14,49.56808,114426000,5671877138.4
2016-01-15,48.648807,111576000,5428039235.97
2016-01-19,48.650734,110576000,5379603545.17
2016-01-20,48.013199,111576000,5357120740.47
2016-01-21,48.238983,110776000,5343721527.65
2016-01-22,48.654329,111476000,5423790022.84
2016-01-25,48.019155,113076000,5429813934.25
2016-01-26,48.916896,110476000,5404142971.81
2016-01-27,48.384865,111776000,5408266665.84
2016-01-28,48.690225,111326000,5420487973.34
2016-01-29,50.026743,111676000,5586786559.86
2016-02-01,49.902049,113576000,5667675160.15
2016-02-02,48.891515,110576000,5406228169.98
2016-02-03,49.630199,106126000,5267054541.2
2016-02-04,50.51656,111276000,5621280685.44
2016-02-05,50.038064,111926000,5600560373.77
2016-02-08,49.620238,113126000,5613339008.9
2016-02-09,49.885751,113576000,5665824060.49
2016-02-10,49.685596,113226000,5625701284.73
2016-02-11,48.725028,111626000,5438980000.53
2016-02-12,49.654866,110176000,5470774482.11
2016-02-16,50.647122,110876000,5615550345.82
2016-02-17,51.449356,110826000,5701926335.12
2016-02-18,51.405366,115176000,5920664450.4
2016-02-19,51.309373,114826000,5891650089.99
2016-02-22,52.192808,114376000,5969604608.5
2016-02-23,51.672661,119926000,6196895488.15
2016-02-24,51.740294,116726000,6039437590.08
2016-02-25,52.389428,117026000,6130925195.5
2016-02-26,52.460508,116876000,6131374292.41
2016-02-29,52.110883,117976000,6147833506.69
2016-03-01,53.145326,119676000,6360219975.37
2016-03-02,53.201648,122076000,6494644347.87
2016-03-03,53.550074,120926000,6475596210.44
2016-03-04,53.761646,121476000,6530749695.08
2016-03-07,53.904914,121326000,6540067550.31
2016-03-08,53.208153,123176000,6553967439.41
2016-03-09,53.344591,121176000,6464084126.27
2016-03-10,53.287984,121776000,6489197548.53
2016-03-11,54.059757,121976000,6593992940.73
2016-03-14,54.089415,122826000,6643586447.62
2016-03-15,54.018454,121426000,6559244847.78
2016-03-16,54.406157,122476000,6663448498.26
2016-03-17,55.484724,114926000,6376637410.4
2016-03-18,55.675089,117776000,6557189254.07
2016-03-21,55.800982,119676000,6678038286.45
2016-03-22,55.620407,120326000,6692581033.11
2016-03-23,55.267906,119276000,6592134771.47
2016-03-24,55.100141,120376000,6632734604.9
2016-03-28,55.154045,118126000,6515126685.9
2016-03-29,55.472698,117676000,6527805179.76
2016-03-30,55.715443,117726000,6559156216.34
2016-03-31,55.501487,119876000,6653296233.58
2016-04-01,55.593763,119576000,6647679804.24
2016-04-04,55.092536,118276000,6516124770.52
2016-04-05,54.777645,117276000,6424103039.51
2016-04-06,54.910991,120076000,6593492148.95
2016-04-07,54.507368,120076000,6545026692.73
2016-04-08,54.820303,119726000,6563415596.5
2016-04-11,54.718498,119926000,6562170594.72
2016-04-12,55.173154,120376000,6641523608.76
2016-04-13,55.973842,120576000,6749101955.86
2016-04-14,55.992903,121626000,6810192841.81
2016-04-15,56.021224,124476000,6973297919.34
2016-04-18,56.207645,125576000,7058331212.24
2016-04-19,56.499607,125526000,7092169703.9
2016-04-20,56.43072,127676000,7204848560.79
2016-04-21,56.255812,127176000,7154389128.72
2016-04-22,56.460707,128776000,7270784019.13
2016-04-25,56.104782,127326000,7143597442.3
2016-04-26,56.622249,127176000,7200991080.23
2016-04-27,57.033786,127376000,7264735573.26
2016-04-28,56.469012,127376000,7192796914.75
2016-04-29,56.180866,123926000,6962269965.65
2016-05-02,56.421941,123626000,6975218918.75
2016-05-03,55.97372,123726000,6925404422.23
2016-05-04,55.285197,122376000,6765581326.34
2016-05-05,55.239789,116326000,6425823747.38
2016-05-06,55.618114,116526000,6480956306.43
2016-05-09,55.366204,116476000,6448833993.97
2016-05-10,56.310438,117076000,6592600864.71
2016-05-11,55.877459,123726000,6913494538.86
2016-05-12,55.757427,123276000,6873552523.77
2016-05-13,55.086062,121526000,6694388798.6
2016-05-16,55.715603,121026000,6743036579.72
2016-05-17,55.459288,121476000,6736972514.82
2016-05-18,55.302074,121076000,6695753860.47
2016-05-19,54.77023,118876000,6510865853.11
2016-05-20,55.047993,117376000,6461313193.63
2016-05-23,54.926328,115826000,6361896901.26
2016-05-24,55.50818,115926000,6434841274.61
2016-05-25,55.885021,117476000,6565148689.72
2016-05-26,55.79726,119876000,6688752391.14
2016-05-27,55.939242,121376000,6789681456.05
2016-05-31,55.926716,121976000,6821717151.23
2016-06-01,55.95583,122826000,6872830828.87
2016-06-02,56.057581,120226000,6739578762.28
2016-06-03,56.049977,120826000,6772294540.0
2016-06-06,56.489856,120776000,6822618894.8
2016-06-07,56.732497,122876000,6971062331.65
2016-06-08,57.130363,121876000,6962820108.4
2016-06-09,57.121834,122326000,6987485427.63
2016-06-10,56.525272,122076000,6900379155.01
2016-06-13,55.887711,123126000,6881230319.11
2016-06-14,55.880335,122476000,6843999876.78
2016-06-15,55.884559,119876000,6699217339.27
2016-06-16,55.995172,119676000,6701278187.61
2016-06-17,55.720165,119926000,6682296457.16
2016-06-20,56.244425,117876000,6629867814.67
2016-06-21,56.193719,119376000,6708181392.92
2016-06-22,56.02771,118676000,6649144496.95
2016-06-23,56.67398,118126000,6694670608.33
2016-06-24,54.373464,119426000,6493605342.63
2016-06-27,53.107021,115026000,6108688220.86
2016-06-28,53.987908,117176000,6326087095.33
2016-06-29,54.944265,116576000,6405182681.49
2016-06-30,56.020634,117376000,6575477883.47
2016-07-01,56.24053,119626000,6727829659.1
2016-07-05,55.710352,118426000,6597554131.87
2016-07-06,55.97607,119976000,6715784945.63
2016-07-07,56.114425,114826000,6443395007.08
2016-07-08,57.214659,117326000,6712767035.33
2016-07-11,57.554728,120376000,6928207925.79
2016-07-12,58.098615,122876000,7138925397.38
2016-07-13,58.252643,123026000,7166589612.2
2016-07-14,58.67761,122876000,7210069945.49
2016-07-15,58.693179,123976000,7276545610.32
2016-07-18,58.630472,123926000,7265839868.99
2016-07-19,58.645133,124376000,7294047012.47
2016-07-20,58.798326,123976000,7289581238.45
2016-07-21,58.18958,123326000,7176288185.88
2016-07-22,58.291349,123976000,7226728235.46
2016-07-25,57.990329,123126000,7140117201.06
2016-07-26,58.464615,121226000,7087431366.85
2016-07-27,58.198012,118676000,6906707242.72
2016-07-28,58.227478,117226000,6825774365.85
2016-07-29,58.066931,117126000,6801147382.36
2016-08-01,57.992171,118876000,6893877273.88
2016-08-02,57.448213,118576000,6811979338.32
2016-08-03,57.705472,119276000,6882877915.4
2016-08-04,57.731885,121276000,7001492143.38
2016-08-05,58.340241,122226000,7130694277.52
2016-08-08,58.341607,124276000,7250461610.69
2016-08-09,58.365295,128226000,7483948321.26
2016-08-10,58.354459,128226000,7482558860.02
2016-08-11,58.733116,128626000,7554605762.8
2016-08-12,58.547508,130926000,7665390973.99
2016-08-15,58.920014,131226000,7731837716.37
2016-08-16,58.665192,127776000,7496003584.08
2016-08-17,58.890232,128776000,7583648458.32
2016-08-18,59.011602,129076000,7616981518.73
2016-08-19,59.034903,127226000,7510774548.83
2016-08-22,58.979681,129476000,7636453224.42
2016-08-23,59.01677,129776000,7658960331.7
2016-08-24,58.869413,130226000,7666328200.78
2016-08-25,58.826919,131176000,7716679971.44
2016-08-26,58.65521,130326000,7644298916.15
2016-08-29,58.990426,130426000,7693885248.4
2016-08-30,58.912218,131776000,7763216466.17
2016-08-31,58.623951,131876000,7731092176.95
2016-09-01,58.660299,130676000,7665493266.19
2016-09-02,58.906855,130376000,7680040179.81
2016-09-06,58.717903,129576000,7608431056.87
2016-09-07,58.814627,131576000,7738593352.64
2016-09-08,58.770072,132326000,7776808539.31
2016-09-09,57.129355,132776000,7585407184.23
2016-09-12,57.879518,130776000,7569251910.31
2016-09-13,57.008187,127376000,7261474850.6
2016-09-14,56.946394,128626000,7324786930.85
2016-09-15,57.402789,128276000,7363400207.94
2016-09-16,56.639274,128176000,7259795567.78
2016-09-19,56.859924,124276000,7066323954.69
2016-09-20,56.908993,126476000,7197621791.37
2016-09-21,57.664378,125526000,7238378713.96
2016-09-22,58.078695,125776000,7304905923.26
2016-09-23,57.688701,127226000,7339502613.12
2016-09-26,57.432074,125676000,7217833294.84
2016-09-27,57.880236,123426000,7143926047.61
2016-09-28,58.315156,124876000,7282163437.82
2016-09-29,57.87095,125326000,7252734647.77
2016-09-30,58.389217,125176000,7308928633.43
2016-10-03,58.412381,125626000,7338113774.65
2016-10-04,57.951218,125826000,7291769929.06
2016-10-05,58.324174,125226000,7303702968.67
2016-10-06,58.315359,125476000,7317177972.59
2016-10-07,57.592952,125826000,7246690790.21
2016-10-10,57.607661,124226000,7156369333.88
2016-10-11,57.000766,124626000,7103777441.51
2016-10-12,57.106421,126426000,7219736420.87
2016-10-13,57.117749,127326000,7272574498.6
2016-10-14,57.214535,126676000,7247708450.06
2016-10-17,57.092598,124726000,7120931345.24
2016-10-18,57.195237,126776000,7250983387.58
2016-10-19,57.387188,127026000,7289664955.02
2016-10-20,57.069079,128176000,7314886244.37
2016-10-21,56.991678,128076000,7299266142.37
2016-10-24,57.138171,128776000,7358025094.12
2016-10-25,56.935232,129826000,7391673388.2
2016-10-26,57.165971,129726000,7415912800.87
2016-10-27,56.745111,131526000,7463457474.01
2016-10-28,57.07375,130926000,7472437829.81
2016-10-31,57.208954,130326000,7455814128.65
2016-11-01,56.71664,129526000,7346279495.93
2016-11-02,56.524266,127176000,7188530065.3
2016-11-03,56.393549,125726000,7090135334.29
2016-11-04,56.475327,121826000,6880163224.37
2016-11-07,57.854657,122026000,7059772410.03
2016-11-08,58.230988,124626000,7257095142.85
2016-11-09,59.70467,127926000,7637779613.6
2016-11-10,60.907483,135876000,8275865092.74
2016-11-11,61.05302,148976000,9095434675.12
2016-11-14,61.334741,153626000,9422610865.78
2016-11-15,61.528065,155126000,9544602555.26
2016-11-16,61.159178,156426000,9566885642.41
2016-11-17,61.289504,156326000,9581142985.83
2016-11-18,61.293859,156176000,9572629709.36
2016-11-21,61.608711,158276000,9751180353.26
2016-11-22,61.90082,159326000,9862409999.36
2016-11-23,62.400271,157726000,9842145187.2
2016-11-25,62.70905,158026000,9909660331.14
2016-11-28,62.258547,157626000,9813565739.75
2016-11-29,62.336974,159026000,9913199644.43
2016-11-30,62.363421,158126000,9861278247.25
2016-12-01,62.83564,160276000,10071044969.27
2016-12-02,62.793258,161176000,10120766072.74
2016-12-05,62.743879,162126000,10172414157.62
2016-12-06,62.898537,165326000,10398763457.34
2016-12-07,64.032503,165526000,10599044025.87
2016-12-08,63.704524,166426000,10602089133.71
2016-12-09,63.982893,164276000,10510853785.03
2016-12-12,63.736604,164326000,10473581156.83
2016-12-13,63.658564,164026000,10441659606.4
2016-12-14,63.028802,163826000,10325756546.73
2016-12-15,63.075532,161126000,10163108229.54
2016-12-16,62.529406,161476000,10096998289.34
2016-12-19,62.897825,161626000,10165923802.71
2016-12-20,63.280303,161326000,10208758131.21
2016-12-21,63.030097,163126000,10281847669.39
2016-12-22,62.953789,165076000,10392159713.25
2016-12-23,62.993173,161926000,10200232507.54
2016-12-27,63.093507,164876000,10402605132.56
2016-12-28,62.475863,164526000,10278903815.61
2016-12-29,62.452507,163576000,10215731211.63
2016-12-30,62.204041,163526000,10171978009.28
2017-01-03,62.642306,163676000,10253042121.09
2017-01-04,62.990834,164876000,10385676727.17
2017-01-05,62.760003,165476000,10385274307.71
2017-01-06,63.105923,169326000,10685473588.34
2017-01-09,62.661349,171326000,10735518358.94
2017-01-10,62.880829,171326000,10773120894.87
2017-01-11,63.248009,171826000,10867652392.84
2017-01-12,63.01439,171076000,10780249805.68
2017-01-13,63.23943,167826000,10613220613.16
2017-01-17,62.721179,167626000,10513700389.05
2017-01-18,62.982095,164676000,10371639475.03
2017-01-19,63.404617,166926000,10583879054.48
2017-01-20,63.438652,168076000,10662514803.35
2017-01-23,63.064781,167876000,10587063207.33
2017-01-24,63.725116,164976000,10513114669.51
2017-01-25,64.401894,164826000,10615106576.92
2017-01-26,64.573997,166176000,10730648497.49
2017-01-27,64.472132,166876000,10758851581.77
2017-01-30,63.975572,166376000,10643999776.39
2017-01-31,63.391475,165676000,10502446022.91
2017-02-01,63.320129,161876000,10250009198.74
2017-02-02,63.139358,161576000,10201804962.85
2017-02-03,63.644405,162576000,10347052776.68
2017-02-06,63.674691,165676000,10549368095.05
2017-02-07,63.797174,167476000,10684495593.74
2017-02-08,63.751156,169076000,10778790460.61
2017-02-09,64.24538,168976000,10855927280.46
2017-02-10,64.731798,169576000,10976959395.29
2017-02-13,65.3653,169426000,11074581372.11
2017-02-14,65.386629,174776000,11428013462.23
2017-02-15,65.742585,173826000,11427770654.24
2017-02-16,65.769093,173976000,11442243763.92
2017-02-17,65.894412,174376000,11490404015.31
2017-02-21,66.209,172576000,11426084340.21
2017-02-22,66.054182,172226000,11376247512.79
2017-02-23,65.584248,170676000,11193657111.65
2017-02-24,65.913752,166176000,10953283724.26
2017-02-27,66.158176,165926000,10977361530.41
2017-02-28,65.844134,169476000,11159000434.44
2017-03-01,66.945053,167776000,11231773142.93
2017-03-02,66.285167,169676000,11247002005.88
2017-03-03,66.347376,168676000,11191209967.81
2017-03-06,66.154842,168726000,11162041911.45
2017-03-07,65.94574,167976000,11077301638.67
2017-03-08,65.716244,169076000,11111039687.6
2017-03-09,65.4098,170876000,11176965026.95
2017-03-10,65.814765,171476000,11285652647.28
2017-03-13,65.79951,171976000,11315936601.59
2017-03-14,65.206149,170576000,11122604104.03
2017-03-15,65.944508,170426000,11238658694.74
2017-03-16,65.694139,170026000,11169711630.75
2017-03-17,65.683344,168976000,11098908782.35
2017-03-20,65.565127,164776000,10803559360.89
2017-03-21,64.556691,166326000,10737456136.04
2017-03-22,64.803518,164426000,10655383236.16
2017-03-23,64.696539,164276000,10628088691.89
2017-03-24,64.487877,161676000,10426142050.62
2017-03-27,64.271154,161526000,10381462418.29
2017-03-28,64.983585,160076000,10402312417.86
2017-03-29,64.956576,159526000,10362262803.43
2017-03-30,65.296611,160776000,10498127923.43
2017-03-31,65.098451,163826000,10664818880.15
2017-04-03,64.93636,165126000,10722681433.84
2017-04-04,65.064914,164076000,10675590782.68
2017-04-05,64.871855,162876000,10566068328.5
2017-04-06,65.083087,163226000,10623251945.37
2017-04-07,65.141425,164126000,10691401478.56
2017-04-10,65.294485,164176000,10719787335.05
2017-04-11,65.395247,164726000,10772297413.8
2017-04-12,64.503574,165376000,10667343123.92
2017-04-13,64.05715,163476000,10471806622.12
2017-04-17,64.734848,164376000,10640855319.95
2017-04-18,64.521981,163876000,10573604237.08
2017-04-19,64.58016,163776000,10576680276.67
2017-04-20,65.311968,164676000,10755313636.98
2017-04-21,65.421497,165026000,10796248033.73
2017-04-24,66.315727,164826000,10930555977.62
2017-04-25,66.696684,166276000,11090057749.22
2017-04-26,66.614167,167976000,11189581334.04
2017-04-27,66.61632,168876000,11249897710.3
2017-04-28,66.32523,168676000,11187474486.27
2017-05-01,66.110357,169326000,11194202379.92
2017-05-02,66.503016,168926000,11234088559.72
2017-05-03,66.538628,167126000,11120334812.69
2017-05-04,66.558389,167076000,11120309443.3
2017-05-05,66.937579,167526000,11213784904.1
2017-05-08,66.745508,169426000,11308424482.49
2017-05-09,66.89385,169426000,11333557460.84
2017-05-10,66.691665,169426000,11299302029.39
2017-05-11,66.682422,169126000,11277731350.8
2017-05-12,66.284039,169276000,11220297045.79
2017-05-15,66.59258,168026000,11189284777.9
2017-05-16,66.521763,168976000,11240581396.97
2017-05-17,65.226549,168976000,11021721264.59
2017-05-18,65.324216,167876000,10966368152.9
2017-05-19,66.197774,165976000,10987241815.18
2017-05-22,66.662542,164926000,10994386411.7
2017-05-23,66.794502,164726000,11002791059.59
2017-05-24,66.87958,166076000,11107093129.53
2017-05-25,67.34013,166476000,11210515440.37
2017-05-26,67.435256,166676000,11239838674.95
2017-05-30,67.377819,166976000,11250478680.66
2017-05-31,67.502634,167076000,11278070048.21
2017-06-01,67.960616,167176000,11361383939.13
2017-06-02,68.26696,164576000,11235103282.22
2017-06-05,67.944053,164776000,11195549268.2
2017-06-06,67.512201,157476000,10631551422.26
2017-06-07,67.430161,157476000,10618632013.4
2017-06-08,67.66016,157126000,10631170231.79
2017-06-09,67.915228,155576000,10565979465.03
2017-06-12,68.158104,155426000,10593541510.19
2017-06-13,68.445808,154626000,10583501488.26
2017-06-14,68.347418,153926000,10520444610.65
2017-06-15,68.768703,154176000,10602483609.41
2017-06-16,68.700032,156726000,10767081186.96
2017-06-19,69.116486,157776000,10904922675.09
2017-06-20,68.34625,158226000,10814153708.42
2017-06-21,67.889311,158276000,10745248629.05
2017-06-22,67.768935,157476000,10671980879.04
2017-06-23,68.045024,159176000,10831134786.89
2017-06-26,68.027627,157676000,10726324104.05
2017-06-27,67.49604,157976000,10662754435.48
2017-06-28,68.156296,159576000,10876109080.64
2017-06-29,67.581469,160076000,10818171222.82
2017-06-30,68.134491,159126000,10841968997.37
2017-07-03,68.518728,159326000,10916814811.44
2017-07-05,68.742134,160576000,11038336931.3
2017-07-06,68.150159,161426000,11001207536.03
2017-07-07,68.687052,160876000,11050098233.25
2017-07-10,68.833802,160426000,11042731536.59
2017-07-11,68.777997,160876000,11064729108.2
2017-07-12,69.159918,160676000,11112338997.64
2017-07-13,69.106035,161276000,11145144896.6
2017-07-14,69.44102,160776000,11164449483.68
2017-07-17,69.371515,161176000,11181023305.38
2017-07-18,69.198047,160226000,11087326210.96
2017-07-19,69.290398,160076000,11091729746.52
2017-07-20,68.878666,158676000,10929391234.1
2017-07-21,68.797265,156826000,10789199888.29
2017-07-24,68.570782,158026000,10835966420.67
2017-07-25,68.550008,157826000,10818973607.0
2017-07-26,68.627245,157926000,10838026335.57
2017-07-27,68.222133,157676000,10756993047.04
2017-07-28,68.409957,154976000,10601901528.61
2017-07-31,68.29631,153976000,10515992561.77
2017-08-01,68.114227,154676000,10535636146.89
2017-08-02,68.422056,157326000,10764568413.32
2017-08-03,68.740076,164926000,11337025765.37
2017-08-04,68.903841,169276000,11663766584.29
2017-08-07,68.858876,172626000,11886832245.75
2017-08-08,68.65895,173076000,11883216460.17
2017-08-09,68.690608,173076000,11888695583.77
2017-08-10,67.794942,173926000,11791303061.81
2017-08-11,67.875256,176076000,11951203516.9
2017-08-14,68.571288,175476000,12032615253.48
2017-08-15,68.429027,175176000,11987123229.98
2017-08-16,68.57087,176376000,12094255799.23
2017-08-17,67.393323,176276000,11879825415.84
2017-08-18,67.173961,174476000,11720244020.8
2017-08-21,67.245841,173576000,11672264073.55
2017-08-22,68.020741,171626000,11674127653.26
2017-08-23,67.435545,172076000,11604038923.67
2017-08-24,67.18513,171876000,11547511466.84
2017-08-25,67.470916,170276000,11488677701.69
2017-08-28,67.475315,169676000,11448941464.15
2017-08-29,67.961212,169376000,11510998200.38
2017-08-30,68.235265,169326000,11554004554.4
2017-08-31,68.472153,169526000,11607810291.91
2017-09-01,68.523915,170526000,11685109172.28
2017-09-05,67.806447,168726000,11440710660.75
2017-09-06,67.87143,164126000,11139466287.33
2017-09-07,68.019382,158926000,10810048331.35
2017-09-08,68.259056,154276000,10530734136.98
2017-09-11,68.863817,150526000,10365794955.87
2017-09-12,69.213099,153726000,10639852864.46
2017-09-13,69.096589,155626000,10753225824.39
2017-09-14,69.412049,157226000,10913378872.23
2017-09-15,69.41334,156526000,10864992472.07
2017-09-18,69.785141,150376000,10494010382.87
2017-09-19,69.874091,150576000,10521361189.9
2017-09-20,70.352029,152576000,10734031140.9
2017-09-21,70.553844,153476000,10828321729.07
2017-09-22,70.757503,154176000,10909108858.79
2017-09-25,70.736728,154326000,10916516218.57
2017-09-26,70.743195,153726000,10875068331.19
2017-09-27,70.826191,152826000,10824083440.7
2017-09-28,70.781655,154276000,10919910636.07
2017-09-29,70.993541,154526000,10970347976.83
2017-10-02,71.47375,155726000,11130321224.41
2017-10-03,71.799097,160726000,11539981729.42
2017-10-04,71.790422,166326000,11940613672.35
2017-10-05,71.964952,169126000,12171144527.42
2017-10-06,71.937739,174326000,12540618247.39
2017-10-09,71.739698,174576000,12524029472.97
2017-10-10,71.82227,174876000,12559991254.6
2017-10-11,71.826067,176576000,12682759527.1
2017-10-12,72.204559,177876000,12843458215.58
2017-10-13,72.022825,181126000,13045206190.56
2017-10-16,72.122096,181176000,13066792787.04
2017-10-17,71.948504,181826000,13082108665.74
2017-10-18,72.002274,183326000,13199888792.11
2017-10-19,72.162558,182826000,13193191760.62
2017-10-20,72.951634,183076000,13355693342.18
2017-10-23,72.487573,182426000,13223617906.51
2017-10-24,72.906376,181726000,13248984145.92
2017-10-25,72.176167,180376000,13018848277.17
2017-10-26,72.319098,177826000,12860215993.99
2017-10-27,72.306172,178476000,12904916429.37
2017-10-30,71.804049,178026000,12782987710.42
2017-10-31,71.53101,176626000,12634236238.56
2017-11-01,71.480217,175776000,12564506685.56
2017-11-02,71.906689,174426000,12542396061.05
2017-11-03,71.818675,173976000,12494725715.87
2017-11-06,71.831919,174226000,12514987846.78
2017-11-07,71.997305,174026000,12529403057.05
2017-11-08,71.861241,173076000,12437456100.54
2017-11-09,70.965432,174526000,12385312898.78
2017-11-10,71.048685,172426000,12250640571.06
2017-11-13,70.813526,171476000,12142820143.04
2017-11-14,70.615425,171826000,12133565991.74
2017-11-15,70.207887,173376000,12172362586.57
2017-11-16,70.877266,174676000,12380557302.31
2017-11-17,70.506641,174676000,12315818091.98
2017-11-20,70.822413,174126000,12332023545.13
2017-11-21,71.295704,174026000,12407306144.43
2017-11-22,71.406953,172776000,12337407646.96
2017-11-24,71.390826,173126000,12359608066.35
2017-11-27,71.525104,172776000,12357821339.88
2017-11-28,72.590255,172776000,12541853911.93
2017-11-29,73.261055,174376000,12774969768.16
2017-11-30,74.444034,176876000,13167362990.99
2017-12-01,73.61128,181126000,13332916636.44
2017-12-04,74.224436,177526000,13176767300.39
2017-12-05,73.567908,174376000,12828477507.92
2017-12-06,73.672696,170126000,12533641122.96
2017-12-07,74.35738,165426000,12300643995.42
2017-12-08,74.676363,167726000,12525167696.94
2017-12-11,74.526289,167726000,12499996348.05
2017-12-12,74.593038,167476000,12492543583.16
2017-12-13,74.887815,165976000,12429579999.88
2017-12-14,74.404612,166376000,12379141686.81
2017-12-15,74.516324,165126000,12304582519.99
2017-12-18,75.038953,166776000,12514696426.89
2017-12-19,75.075463,166726000,12517031694.92
2017-12-20,75.325824,167026000,12581371140.18
2017-12-21,75.371425,165826000,12498541931.61
2017-12-22,75.395661,165726000,12495021366.01
2017-12-26,75.462891,165826000,12513709416.16
2017-12-27,75.661791,165826000,12546692076.88
2017-12-28,75.806269,165776000,12566860070.49
2017-12-29,75.577746,165776000,12528976477.71
2018-01-02,76.121328,164876000,12550580092.98
2018-01-03,76.528294,170376000,13038584699.95
2018-01-04,77.0787,176476000,13602540704.39
2018-01-05,77.647352,181576000,14098895665.47
2018-01-08,77.961128,187676000,14631432581.55
2018-01-09,78.417359,188876000,14811157077.32
2018-01-10,78.428832,188926000,14817245548.19
2018-01-11,79.443088,192226000,15271026989.0
2018-01-12,80.154701,193426000,15504003102.75
2018-01-16,79.44247,194976000,15489375050.64
2018-01-17,79.880275,195726000,15634646746.23
2018-01-18,79.452966,197626000,15701971824.51
2018-01-19,79.688493,197726000,15756487021.84
2018-01-22,79.678385,197576000,15742536664.32
2018-01-23,79.720083,195576000,15591335044.58
2018-01-24,79.600295,196726000,15659447666.46
2018-01-25,79.748752,193526000,15433457027.68
2018-01-26,80.67502,193326000,15596578906.11
2018-01-29,80.131452,192476000,15423381311.78
2018-01-30,79.465545,191426000,15211771456.81
2018-01-31,79.751717,188226000,15011346769.7
2018-02-01,79.632453,188626000,15020750998.92
2018-02-02,78.018259,187776000,14649956627.12
2018-02-05,74.567084,185976000,13867687929.74
2018-02-06,75.786979,186476000,14132452735.89
2018-02-07,75.97055,182576000,13870399117.51
2018-02-08,73.027415,180876000,13208906790.08
2018-02-09,73.799332,176626000,13034880890.71
2018-02-12,74.988726,174826000,13109979031.62
2018-02-13,75.178351,174026000,13082987631.19
2018-02-14,76.095748,173126000,13174152478.05
2018-02-15,77.246312,172726000,13342446497.49
2018-02-16,77.293448,172876000,13362182063.4
2018-02-20,76.518278,171226000,13101918588.23
2018-02-21,76.525571,169976000,13007510418.35
2018-02-22,77.012693,168326000,12963238638.5
2018-02-23,77.666349,168326000,13073265874.15
2018-02-26,78.734566,168376000,13257011292.25
2018-02-27,77.785559,168776000,13128335476.44
2018-02-28,76.668358,169576000,13001113401.85
2018-03-01,75.183255,169776000,12764312257.3
2018-03-02,75.122499,162326000,12194334804.48
2018-03-05,76.020951,158776000,12070302534.8
2018-03-06,76.369703,165976000,12675537848.47
2018-03-07,76.370418,162426000,12404541500.08
2018-03-08,76.752104,162526000,12474212489.74
2018-03-09,78.427223,163226000,12801361968.44
2018-03-12,77.479765,167026000,12941135175.83
2018-03-13,77.114627,165526000,12764475777.22
2018-03-14,76.252069,167926000,12804704869.22
2018-03-15,76.493018,169626000,12975204600.98
2018-03-16,76.617873,169126000,12958074387.93
2018-03-19,75.989098,165526000,12578171353.21
2018-03-20,76.245354,161626000,12323231603.53
2018-03-21,76.335529,162526000,12406508241.43
2018-03-22,73.839191,166626000,12303528961.71
2018-03-23,72.814179,170326000,12402147905.39
2018-03-26,74.485412,169476000,12623489727.91
2018-03-27,73.468914,171926000,12631216503.37
2018-03-28,73.201031,170976000,12515619490.68
2018-03-29,74.304702,171726000,12760049281.54
2018-04-02,72.771975,171076000,12449538323.51
2018-04-03,73.776077,173026000,12765179486.72
2018-04-04,74.089635,174526000,12930567659.94
2018-04-05,74.831312,178976000,13393008881.0
2018-04-06,72.790406,179876000,13093247105.58
2018-04-09,72.540354,178676000,12961220342.15
2018-04-10,73.657182,177676000,13087113526.58
2018-04-11,73.102804,176326000,12889925023.41
2018-04-12,74.169969,174676000,12955713482.28
2018-04-13,73.992401,175726000,13002388647.94
2018-04-16,74.728897,176476000,13187856745.65
2018-04-17,75.354926,176876000,13328477965.38
2018-04-18,76.120186,177976000,13547566225.94
2018-04-19,75.899231,181226000,13754914076.2
2018-04-20,75.589795,184826000,13970959432.03
2018-04-23,75.53091,184526000,13937416723.94
2018-04-24,73.413031,175476000,12882224941.54
2018-04-25,73.613396,170376000,12541956000.75
2018-04-26,73.303179,173176000,12694351400.14
2018-04-27,73.218056,172876000,12657644707.56
2018-04-30,72.227566,171376000,12378071277.3
2018-05-01,71.898692,167126000,12016140833.5
2018-05-02,71.261333,169276000,12062833409.4
2018-05-03,71.432388,168926000,12066787529.02
2018-05-04,72.242185,168526000,12174686515.19
2018-05-07,72.74177,165726000,12055202492.83
2018-05-08,73.262071,166226000,12178061090.23
2018-05-09,74.071544,166126000,12305209284.49
2018-05-10,74.575225,169826000,12664812150.67
2018-05-11,74.740809,170726000,12760199442.03
2018-05-14,74.600761,170526000,12721369371.59
2018-05-15,74.328104,170176000,12648859395.67
2018-05-16,74.602949,169676000,12658329961.99
2018-05-17,74.898139,169676000,12708416655.36
2018-05-18,75.327645,168426000,12687133995.18
2018-05-21,76.479047,168476000,12884883854.14
2018-05-22,75.529149,170976000,12913671726.95
2018-05-23,75.419073,172826000,13034376711.13
2018-05-24,75.874011,173076000,13131970372.0
2018-05-25,75.73202,172776000,13084675490.13
2018-05-29,74.500094,172276000,12834578262.86
2018-05-30,75.450808,169726000,12805963796.2
2018-05-31,74.38357,172576000,12836818947.93
2018-06-01,75.240868,171426000,12898241079.21
2018-06-04,75.142054,171576000,12892573138.28
2018-06-05,75.281492,171326000,12897676890.94
2018-06-06,75.951243,171976000,13061790901.98
2018-06-07,76.116325,171376000,13044511348.9
2018-06-08,76.439892,170976000,13069387048.8
2018-06-11,76.556075,170976000,13089251395.93
2018-06-12,76.500436,170126000,13014713127.71
2018-06-13,75.879201,171076000,12981110180.53
2018-06-14,75.579801,172176000,13013027775.15
2018-06-15,75.120032,169126000,12704750517.15
2018-06-18,74.83547,167726000,12551854050.14
2018-06-19,73.237348,167276000,12250850613.43
2018-06-20,73.24976,161726000,11846390765.26
2018-06-21,72.38308,163926000,11865468783.48
2018-06-22,72.59103,163676000,11881409454.97
2018-06-25,71.690899,164226000,11773509585.17
2018-06-26,71.924221,167726000,12063561929.86
2018-06-27,71.360544,168576000,12029675079.26
2018-06-28,71.486536,163926000,11718501831.86
2018-06-29,71.632557,163426000,11706622301.69
2018-07-02,71.771162,164026000,11772336682.91
2018-07-03,71.502389,162326000,11606696804.06
2018-07-05,71.873677,162876000,11706496953.63
2018-07-06,72.150589,163976000,11830965057.5
2018-07-09,73.453697,164376000,12074024859.84
2018-07-10,73.713083,168376000,12411513991.33
2018-07-11,72.522844,167426000,12142209756.07
2018-07-12,73.335225,164676000,12076551489.29
2018-07-13,73.769073,166076000,12251272549.86
2018-07-16,73.444732,171576000,12601353253.36
2018-07-17,73.722573,170576000,12575301680.8
2018-07-18,74.551518,170826000,12735337581.24
2018-07-19,74.515164,172676000,12866980380.24
2018-07-20,74.433187,169676000,12629525519.34
2018-07-23,73.973713,169276000,12521974158.81
2018-07-24,74.349256,167976000,12488890583.68
2018-07-25,75.346781,168726000,12712961032.25
2018-07-26,75.981085,172226000,13085918317.6
2018-07-27,75.979766,174226000,13237650698.26
2018-07-30,75.270501,173076000,13027517305.64
2018-07-31,76.864762,174526000,13414899385.48
2018-08-01,75.88021,174326000,13227893550.97
2018-08-02,75.765234,172226000,13048743223.08
2018-08-03,75.835904,172026000,13045747227.99
2018-08-06,75.930521,169426000,12864604487.57
2018-08-07,76.462613,167926000,12840060777.07
2018-08-08,76.148391,169826000,12931976579.2
2018-08-09,75.743437,170726000,12931374055.86
2018-08-10,75.136266,168226000,12639873413.22
2018-08-13,74.7494,166126000,12417818817.34
2018-08-14,75.238031,167226000,12581754990.83
2018-08-15,74.873804,166776000,12487153517.52
2018-08-16,75.788104,167876000,12723003726.04
2018-08-17,76.269591,167876000,12803833817.91
2018-08-20,76.756645,166176000,12755112225.84
2018-08-21,77.343609,165376000,12790776643.47
2018-08-22,76.625706,168026000,12875110811.89
2018-08-23,76.36798,166926000,12747801354.53
2018-08-24,76.698822,166426000,12764678168.0
2018-08-27,77.636659,167476000,13002277161.32
2018-08-28,77.548261,170526000,13223994793.96
2018-08-29,77.60617,170326000,13218348537.88
2018-08-30,77.038985,171676000,13225744872.21
2018-08-31,77.0833,170426000,13136998486.41
2018-09-04,77.07918,169926000,13097756684.07
2018-09-05,77.543775,168526000,13068142189.0
2018-09-06,77.816924,173176000,13476023706.96
2018-09-07,77.580541,171026000,13268289598.14
2018-09-10,77.993409,169126000,13190713310.69
2018-09-11,77.943315,170326000,13275773063.86
2018-09-12,78.228934,169826000,13285306997.37
2018-09-13,78.624684,170426000,13399690360.98
2018-09-14,79.063344,170426000,13474449453.83
2018-09-17,79.084327,171176000,13537338694.26
2018-09-18,79.787914,171326000,13669744096.6
2018-09-19,79.753799,172776000,13779542401.99
2018-09-20,79.843549,173326000,13838962940.09
2018-09-21,79.713063,170576000,13597135360.7
2018-09-24,78.665859,168076000,13221842922.07
2018-09-25,78.406659,166376000,13044986281.2
2018-09-26,78.290601,163676000,12814292480.41
2018-09-27,78.407787,163326000,12806030292.13
2018-09-28,78.370495,165276000,12952761944.86
2018-10-01,79.075193,164926000,13041555255.24
2018-10-02,79.224994,163426000,12947423866.87
2018-10-03,79.578466,167076000,13295651702.51
2018-10-04,79.359493,168776000,13393977752.7
2018-10-05,78.972181,167626000,13237790853.67
2018-10-08,79.121065,165926000,13128241841.46
2018-10-09,77.935844,166326000,12962757161.94
2018-10-10,75.231092,165576000,12456463345.26
2018-10-11,73.522583,162926000,11978740292.46
2018-10-12,73.924563,157976000,11678306817.62
2018-10-15,74.083705,153826000,11395999940.59
2018-10-16,75.310398,157876000,11889704345.22
2018-10-17,74.805717,160926000,12038184734.27
2018-10-18,73.468086,160776000,11811904984.14
2018-10-19,73.187784,159326000,11660716918.89
2018-10-22,72.918486,157726000,11501141117.49
2018-10-23,71.757949,159976000,11479549597.62
2018-10-24,69.301922,160276000,11107434891.59
2018-10-25,69.814747,161526000,11276896747.06
2018-10-26,69.135954,162226000,11215649232.1
2018-10-29,67.976034,160276000,10894926895.52
2018-10-30,69.337684,158176000,10967557454.43
2018-10-31,69.906319,158276000,11064492499.19
2018-11-01,71.124413,159476000,11342636909.16
2018-11-02,70.927093,162076000,11495579586.18
2018-11-05,71.300208,162276000,11570312559.94
2018-11-06,72.091769,161676000,11655508920.77
2018-11-07,73.301936,164426000,12052744197.7
2018-11-08,73.164256,168676000,12341054060.82
2018-11-09,72.437557,161776000,11718658214.03
2018-11-12,70.999177,158726000,11269415404.21
2018-11-13,71.314807,157476000,11230370546.97
2018-11-14,71.05576,160676000,11416955369.5
2018-11-15,71.990851,164026000,11808371321.29
2018-11-16,71.985833,159426000,11476413361.2
2018-11-19,70.862303,160226000,11353983373.31
2018-11-20,69.382039,159676000,11078646455.12
2018-11-21,69.862067,160226000,11193719478.74
2018-11-23,69.712367,160026000,11155791262.03
2018-11-26,70.291168,159476000,11209754348.3
2018-11-27,70.113575,156726000,10988620162.94
2018-11-28,71.785966,156576000,11239959450.25
2018-11-29,71.808503,161976000,11631254125.95
2018-11-30,72.578148,163976000,11901074404.53
2018-12-03,73.421385,158026000,11602487727.51
2018-12-04,70.239078,158026000,11099600586.9
2018-12-06,69.857066,157676000,11014782694.25
2018-12-07,68.040477,156326000,10636495673.46
2018-12-10,68.214608,156876000,10701234885.22
2018-12-11,67.808656,156326000,10600255979.29
2018-12-12,68.173731,156876000,10694822258.19
2018-12-13,68.025303,156726000,10661333571.64
2018-12-14,67.059417,157676000,10573660626.43
2018-12-17,65.910165,157326000,10369382687.55
2018-12-18,66.290347,156276000,10359590209.81
2018-12-19,65.032557,154376000,10039465985.15
2018-12-20,63.864722,153526000,9804895327.84
2018-12-21,62.247363,151726000,9444543408.69
2018-12-24,60.29446,148526000,8955294991.67
2018-12-26,63.18472,148526000,9384573794.22
2018-12-27,63.969201,153726000,9833729419.29
2018-12-28,63.78155,153926000,9817638826.82
2018-12-31,64.434879,159676000,10288703667.54
2019-01-02,64.723116,150376000,9732803329.66
2019-01-03,62.814974,150476000,9452146021.82
2019-01-04,65.228033,148876000,9710888609.01
2019-01-07,65.667246,152176000,9992978878.79
2019-01-08,66.591703,152326000,10143647737.67
2019-01-09,67.009637,147126000,9858859811.0
2019-01-10,67.975525,146376000,9949985414.54
2019-01-11,67.891683,146376000,9937712959.51
2019-01-14,67.872574,147276000,9996001152.35
2019-01-15,67.655066,148676000,10058684610.79
2019-01-16,67.734489,145826000,9877449639.46
2019-01-17,68.857549,141726000,9758905052.04
2019-01-18,70.149426,142326000,9984087269.16
2019-01-22,68.701302,142626000,9798591891.14
2019-01-23,68.82579,140326000,9658047813.2
2019-01-24,69.210502,141326000,9781243466.85
2019-01-25,70.097459,140926000,9878554543.33
2019-01-28,69.398685,141376000,9811308548.84
2019-01-29,70.345724,140126000,9857264918.07
2019-01-30,71.441075,140826000,10060760794.82
2019-01-31,71.765064,143276000,10282211304.75
2019-02-01,71.914422,143076000,10289227906.47
2019-02-04,72.844203,142226000,10360339612.87
2019-02-05,73.481934,140976000,10359189123.75
2019-02-06,73.468063,139626000,10258051735.19
2019-02-07,72.962533,139476000,10176522203.04
2019-02-08,73.050945,136276000,9955090585.75
2019-02-11,73.457072,136976000,10061855935.42
2019-02-12,74.598137,137726000,10274103029.83
2019-02-13,75.069003,138776000,10417776022.68
2019-02-14,74.687536,142526000,10644915739.76
2019-02-15,75.685362,137676000,10420057918.22
2019-02-19,75.632072,138376000,10465663568.08
2019-02-20,75.999519,137926000,10482309595.23
2019-02-21,75.717131,145376000,11007453637.54
2019-02-22,76.205993,142776000,10880386900.88
2019-02-25,76.517176,144676000,11070198986.34
2019-02-26,76.292259,139376000,10633309952.93
2019-02-27,76.594692,139076000,10652483331.27
2019-02-28,76.338241,142876000,10906902497.01
2019-03-01,76.403988,139176000,10633601401.7
2019-03-04,76.043967,139126000,10579692988.56
2019-03-05,75.560005,135826000,10263013236.45
2019-03-06,74.853869,136726000,10234470141.22
2019-03-07,74.440322,135276000,10069989065.06
2019-03-08,74.263961,142876000,10610537705.18
2019-03-11,74.924523,139626000,10461411444.67
2019-03-12,74.244245,141426000,10500066649.99
2019-03-13,74.921624,143876000,10779423516.16
2019-03-14,74.666315,146276000,10921889947.69
2019-03-15,74.061982,145276000,10759428515.36
2019-03-18,74.704713,136276000,10180459463.7
2019-03-19,74.396945,138176000,10279872278.78
2019-03-20,73.928118,138876000,10266841350.22
2019-03-21,74.627334,137976000,10296781032.53
2019-03-22,72.934488,138976000,10136143400.54
2019-03-25,73.111119,135726000,9923079770.06
2019-03-26,73.625562,134926000,9934002538.78
2019-03-27,73.702109,135976000,10021717995.96
2019-03-28,74.284811,136476000,10138093913.04
2019-03-29,75.034019,136476000,10240342764.68
2019-04-01,76.585756,136626000,10463605552.85
2019-04-02,76.537532,138426000,10594784405.54
2019-04-03,76.334734,139026000,10612512745.85
2019-04-04,76.794347,139626000,10722487480.73
2019-04-05,77.021282,141126000,10869705503.99
2019-04-08,76.682246,140426000,10768181136.27
2019-04-09,75.620813,139626000,10558631622.82
2019-04-10,75.609502,138776000,10492784279.01
2019-04-11,76.286256,138476000,10563815614.54
2019-04-12,77.263526,135476000,10467353510.19
2019-04-15,76.86495,137426000,10563242628.51
2019-04-16,77.316143,137526000,10632979869.51
2019-04-17,77.429391,137476000,10644682918.4
2019-04-18,78.306648,142226000,11137241353.91
2019-04-22,78.057256,138076000,10777833671.3
2019-04-23,78.75323,138276000,10889681676.66
2019-04-24,78.508844,137476000,10793081772.84
2019-04-25,76.951553,139726000,10752132712.86
2019-04-26,77.504012,137076000,10623939887.03
2019-04-29,77.71506,139276000,10823842642.67
2019-04-30,78.104314,138976000,10854625075.45
2019-05-01,77.526604,138076000,10704563427.52
2019-05-02,77.443236,136276000,10553654463.85
2019-05-03,78.400788,133026000,10429343230.42
2019-05-06,77.645155,133976000,10402587242.18
2019-05-07,76.06208,133576000,10160068410.74
2019-05-08,76.06965,130776000,9948084491.11
2019-05-09,75.958315,133576000,10146207943.14
2019-05-10,76.250746,135826000,10356833763.42
2019-05-13,74.091707,135826000,10063580201.66
2019-05-14,74.880073,133576000,10002180666.38
2019-05-15,74.971303,130476000,9781955668.62
2019-05-16,75.654921,133626000,10109464440.37
2019-05-17,74.84466,130976000,9802854206.16
2019-05-20,74.637732,129126000,9637671818.12
2019-05-21,75.517629,128726000,9721082276.95
2019-05-22,74.903066,132226000,9904132760.09
2019-05-23,73.770878,134476000,9920412655.49
2019-05-24,73.803826,129676000,9570584945.65
2019-05-28,73.106529,128576000,9399745032.78
2019-05-29,72.777061,127776000,9299161699.33
2019-05-30,73.088712,131826000,9634992551.69
2019-05-31,72.053049,132476000,9545299657.53
2019-06-03,72.565022,130376000,9460737356.27
2019-06-04,74.282509,131976000,9803508443.34
2019-06-05,75.074653,135626000,10182074835.75
2019-06-06,75.092458,135326000,10161961993.2
2019-06-07,75.736638,135026000,10226415284.33
2019-06-10,75.831171,135576000,10280886907.14
2019-06-11,75.152551,136476000,10256519561.24
2019-06-12,75.30354,131876000,9930729596.24
2019-06-13,75.708953,133076000,10075044687.66
2019-06-14,75.413539,131676000,9930153165.7
2019-06-17,75.170148,131926000,9916896912.36
2019-06-18,76.587936,131976000,10107769433.88
2019-06-19,76.574097,132226000,10125086559.51
2019-06-20,77.806391,131526000,10233563348.61
2019-06-21,77.086014,132176000,10188921035.5
2019-06-24,76.907738,133576000,10273027968.61
2019-06-25,76.346315,134076000,10236208582.13
2019-06-26,76.499999,135476000,10363913824.42
2019-06-27,76.590555,136176000,10429795451.64
2019-06-28,77.340231,135376000,10470011083.68
2019-07-01,77.525792,135576000,10510636780.29
2019-07-02,77.422686,136426000,10562467373.37
2019-07-03,77.837449,135176000,10521754964.63
2019-07-05,77.433901,136576000,10575612479.94
2019-07-08,76.864895,135826000,10440251241.84
2019-07-09,76.711079,135826000,10419358963.58
2019-07-10,76.488435,136776000,10461782172.76
2019-07-11,77.031535,134026000,10324228472.43
2019-07-12,78.396943,131976000,10346514978.67
2019-07-15,78.076096,135226000,10557918099.27
2019-07-16,78.583398,135126000,10618660272.49
2019-07-17,76.8763,134376000,10330329655.97
2019-07-18,77.067341,132526000,10213426438.3
2019-07-19,77.44077,131326000,10169986552.71
2019-07-22,77.523206,131326000,10180812504.03
2019-07-23,78.469026,131376000,10308946701.32
2019-07-24,78.810459,134326000,10586293722.86
2019-07-25,78.647982,135376000,10647049263.21
2019-07-26,78.514745,134326000,10546571584.34
2019-07-29,78.37544,133976000,10500427999.88
2019-07-30,78.676278,134426000,10576137294.01
2019-07-31,77.849498,134426000,10464996592.76
2019-08-01,76.318669,131926000,10068416694.72
2019-08-02,75.832778,131126000,9943648857.09
2019-08-05,73.739027,130926000,9654355842.49
2019-08-06,74.840999,130326000,9753728096.13
2019-08-07,74.756787,129976000,9716588191.27
2019-08-08,76.035274,128226000,9749699014.08
2019-08-09,75.407121,128226000,9669153533.07
2019-08-12,74.380174,129726000,9649042449.39
2019-08-13,75.234836,129376000,9733582124.1
2019-08-14,72.985394,129826000,9475401698.15
2019-08-15,72.893346,136076000,9919034978.08
2019-08-16,74.292475,128826000,9570802440.34
2019-08-19,75.039346,129276000,9700786473.47
2019-08-20,74.527774,129326000,9638378882.49
2019-08-21,75.030184,129426000,9710856657.68
2019-08-22,75.136657,129126000,9702095941.12
2019-08-23,73.113268,127276000,9305564250.34
2019-08-26,73.650346,119526000,8803131268.18
2019-08-27,73.335257,117126000,8589465369.74
2019-08-28,74.108168,118326000,8768923030.65
2019-08-29,75.446333,127126000,9591190498.36
2019-08-30,75.795019,129676000,9828794876.34
2019-09-03,74.730304,126976000,9488955140.46
2019-09-04,75.699614,128376000,9718013619.06
2019-09-05,77.04348,127026000,9786525130.82
2019-09-06,77.182636,128926000,9950848574.29
2019-09-09,77.39955,128926000,9978814370.2
2019-09-10,78.169707,129626000,10132826503.31
2019-09-11,78.918011,128826000,10166691668.25
2019-09-12,78.979521,125626000,9921881333.8
2019-09-13,79.39669,126026000,10006047233.23
2019-09-16,79.277363,126676000,10042539197.06
2019-09-17,79.244427,126676000,10038366995.99
2019-09-18,79.133466,126676000,10024310913.17
2019-09-19,78.744154,126976000,9998617672.93
2019-09-20,77.815092,127826000,9946791973.46
2019-09-23,77.67863,127476000,9902160990.27
2019-09-24,77.182234,130476000,10070429122.16
2019-09-25,77.731976,129826000,10091631572.26
2019-09-26,77.795407,131026000,10193221019.35
2019-09-27,77.493318,130026000,10076146116.17
2019-09-30,77.65727,126326000,9810132320.25
2019-10-01,75.798415,126226000,9567730776.38
2019-10-02,74.308896,124326000,9238527763.17
2019-10-03,74.831937,123126000,9213757097.2
2019-10-04,75.649936,123676000,9356081458.13
2019-10-07,75.241489,123326000,9279231817.57
2019-10-08,74.068361,121876000,9027155570.34
2019-10-09,74.698122,122026000,9115112977.51
2019-10-10,75.349322,123776000,9326437648.32
2019-10-11,76.830207,122326000,9398331934.13
2019-10-14,76.648299,127176000,9747824061.5
2019-10-15,77.252204,126676000,9786000170.25
2019-10-16,77.219128,127626000,9855168480.86
2019-10-17,77.583241,128026000,9932672030.77
2019-10-18,76.927135,128126000,9856366131.47
2019-10-21,77.394281,129026000,9985874523.74
2019-10-22,78.017038,129176000,10077928947.84
2019-10-23,78.0027,131526000,10259383108.22
2019-10-24,78.10189,129276000,10096699980.63
2019-10-25,78.597458,129076000,10145045487.98
2019-10-28,78.797151,129176000,10178700737.48
2019-10-29,79.104182,129926000,10277689988.04
2019-10-30,79.369554,129226000,10256609954.1
2019-10-31,78.487589,127926000,10040603316.25
2019-11-01,80.215357,126776000,10169382122.67
2019-11-04,81.177286,132176000,10729688972.6
2019-11-05,81.339669,134976000,10978903139.73
2019-11-06,81.378167,133576000,10870170058.53
2019-11-07,81.612898,135626000,11068830915.74
2019-11-08,81.753302,136776000,11181889576.6
2019-11-11,81.813121,138426000,11325063103.79
2019-11-12,81.786571,138876000,11358191776.57
2019-11-13,81.467577,138276000,11265010701.06
2019-11-14,81.719477,138676000,11332530127.46
2019-11-15,82.30018,138476000,11396599759.68
2019-11-18,82.030107,136276000,11178734883.0
2019-11-19,81.933846,136876000,11214777144.89
2019-11-20,81.32565,135426000,11013607451.71
2019-11-21,81.232118,137776000,11191836282.22
2019-11-22,81.672691,134076000,10950347700.69
2019-11-25,82.25462,134076000,11028370370.48
2019-11-26,82.496678,134576000,11102072935.99
2019-11-27,82.385801,137026000,11288996745.47
2019-11-29,81.974001,136976000,11228470820.51
2019-12-02,80.661668,133226000,10746231349.42
2019-12-03,79.779386,131776000,10513008409.87
2019-12-04,80.038027,128876000,10314980827.15
2019-12-05,80.09304,129176000,10346098566.05
2019-12-06,81.099817,133226000,10804604192.05
2019-12-09,80.819964,132776000,10730951594.59
2019-12-10,80.682011,131076000,10575475260.42
2019-12-11,81.22596,130026000,10561486613.21
2019-12-12,81.92481,130226000,10668740286.7
2019-12-13,81.707725,131226000,10722177878.79
2019-12-16,81.682016,131226000,10718804251.99
2019-12-17,81.621519,129826000,10596595351.25
2019-12-18,81.215124,129076000,10482923283.25
2019-12-19,81.473527,135726000,11058075926.72
2019-12-20,81.540669,128976000,10516789367.45
2019-12-23,82.056281,128826000,10570982435.67
2019-12-24,81.776644,129026000,10551313266.06
2019-12-26,81.967261,129026000,10575907833.08
2019-12-27,81.936022,129976000,10649716362.59
2019-12-30,81.48964,129776000,10575399525.84
2019-12-31,81.517078,129526000,10558581077.53
2020-01-02,82.988693,128626000,10674503579.93
2020-01-03,82.891017,133376000,11055672290.64
2020-01-06,82.868489,141826000,11752906283.61
2020-01-07,82.775548,144026000,11921831055.66
2020-01-08,82.966591,146276000,12136021124.97
2020-01-09,83.346912,150026000,12504203894.59
2020-01-10,82.751833,150876000,12485265611.54
2020-01-13,83.485665,150776000,12587634581.81
2020-01-14,83.484621,151326000,12633393738.81
2020-01-15,83.556141,151676000,12673461245.38
2020-01-16,84.403773,154026000,13000375497.36
2020-01-17,84.420104,153426000,12952238836.69
2020-01-21,83.504231,153976000,12857647481.36
2020-01-22,83.020143,153976000,12783109467.36
2020-01-23,83.954359,153226000,12863990664.41
2020-01-24,83.55424,153626000,12836103739.64
2020-01-27,81.997554,152026000,12465760092.39
2020-01-28,82.510184,147876000,12201275946.66
2020-01-29,82.96584,147226000,12214728791.4
2020-01-30,83.042719,146826000,12192830221.61
2020-01-31,81.142516,144376000,11715031899.35
2020-02-03,81.108871,142976000,11596621915.1
2020-02-04,82.599409,141176000,11661054175.13
2020-02-05,83.972475,140376000,11787720187.97
2020-02-06,84.243197,144026000,12133210620.72
2020-02-07,83.656941,144026000,12048774650.1
2020-02-10,84.130804,142326000,11974000785.95
2020-02-11,84.427909,140976000,11902308898.06
2020-02-12,85.200556,141426000,12049573821.25
2020-02-13,84.704895,142326000,12055708885.55
2020-02-14,84.659935,141526000,11981581923.49
2020-02-18,84.185532,141226000,11889185899.62
2020-02-19,84.147537,142476000,11989004447.93
2020-02-20,84.016033,141926000,11924059551.52
2020-02-21,83.652582,142426000,11914302668.61
2020-02-24,81.193655,149526000,12140562439.43
2020-02-25,77.930281,139076000,10838231729.97
2020-02-26,77.313542,136276000,10535980303.65
2020-02-27,74.449632,134076000,9981908855.72
2020-02-28,73.5912,130676000,9616603610.67
2020-03-02,75.609608,126126000,9536337402.8
2020-03-03,73.785014,123976000,9147570869.42
2020-03-04,76.866206,124476000,9567997798.25
2020-03-05,73.075652,130226000,9516349920.43
2020-03-06,72.430942,130126000,9425148708.96
2020-03-09,65.785463,131526000,8652498814.71
2020-03-10,69.20718,131076000,9071400285.94
2020-03-11,65.101445,133326000,8679715293.08
2020-03-12,58.416579,132026000,7712507209.42
2020-03-13,62.983858,130926000,8246224616.79
2020-03-16,55.795549,130376000,7274400489.7
2020-03-17,58.130004,131376000,7636887363.09
2020-03-18,53.984509,134276000,7248823882.52
2020-03-19,54.160704,131976000,7147913075.81
2020-03-20,51.438313,131326000,6755187921.52
2020-03-23,48.753412,127476000,6214889973.74
2020-03-24,54.957965,124576000,6846443503.95
2020-03-25,57.86175,123876000,7167682087.51
2020-03-26,61.567495,123276000,7589794507.28
2020-03-27,58.903582,120526000,7099413139.92
2020-03-30,59.809142,116276000,6954367790.23
2020-03-31,59.054277,116826000,6899074935.04
2020-04-01,56.352879,116276000,6552487317.6
2020-04-02,57.174115,116076000,6636542584.0
2020-04-03,56.28871,116326000,6547840529.87
2020-04-06,60.22877,116426000,7012194812.69
2020-04-07,60.118597,121826000,7324008139.32
2020-04-08,62.314526,121976000,7600876638.19
2020-04-09,63.200971,122626000,7750082243.63
2020-04-13,61.398477,125026000,7676406024.37
2020-04-14,62.55609,121626000,7608447004.79
2020-04-15,60.795882,120676000,7336603885.71
2020-04-16,60.284327,118526000,7145260180.87
2020-04-17,63.134631,116726000,7369452983.37
2020-04-20,61.433481,118926000,7306038105.19
2020-04-21,59.950617,118926000,7129687055.43
2020-04-22,60.636504,118426000,7180938588.12
2020-04-23,61.100697,118526000,7242021233.49
2020-04-24,61.568033,118776000,7312804648.99
2020-04-27,63.124812,118726000,7494556408.69
2020-04-28,64.285186,121326000,7799464511.48
2020-04-29,65.533341,120976000,7927961429.58
2020-04-30,64.1962,119676000,7682744410.5
2020-05-01,62.286101,117126000,7295321888.94
2020-05-04,61.458015,117676000,7232133349.12
2020-05-05,61.719791,119026000,7346259819.69
2020-05-06,60.877447,118876000,7236867445.22
2020-05-07,61.584867,117626000,7243981585.02
2020-05-08,63.122904,117626000,7424894679.52
2020-05-11,62.339459,117326000,7314039382.59
2020-05-12,60.570155,117326000,7106454045.56
2020-05-13,59.027896,113926000,6724812131.83
2020-05-14,59.656493,110576000,6596576323.6
2020-05-15,59.476845,110726000,6585633180.16
2020-05-18,63.4011,109776000,6959919156.81
2020-05-19,62.589454,113076000,7077365144.95
2020-05-20,63.718724,114176000,7275149083.29
2020-05-21,63.862747,112226000,7167060635.35
2020-05-22,63.815313,112176000,7158546500.64
2020-05-26,66.515596,112176000,7461453515.89
2020-05-27,68.734206,116126000,7981828426.3
2020-05-28,68.097965,121426000,8268863482.38
2020-05-29,67.70374,124876000,8454572286.32
2020-06-01,67.846957,120676000,8187499429.25
2020-06-02,68.717182,119026000,8179131317.22
2020-06-03,71.39791,118876000,8487497980.91
2020-06-04,72.157134,122526000,8841125045.6
2020-06-05,74.830831,126826000,9490495023.86
2020-06-08,76.303081,131776000,10054914768.99
2020-06-09,74.391256,138376000,10293964380.04
2020-06-10,72.622288,136526000,9914830483.3
2020-06-11,67.520101,136076000,9187865292.52
2020-06-12,68.835725,132876000,9146615758.73
2020-06-15,69.471995,132326000,9192951150.42
2020-06-16,70.815202,134376000,9515863620.8
2020-06-17,70.345078,134476000,9459724716.28
2020-06-18,70.113234,133976000,9393490617.71
2020-06-19,69.232921,133926000,9272088129.45
2020-06-22,69.06091,130876000,9038415704.5
2020-06-23,69.061283,133226000,9200758500.53
2020-06-24,66.638581,133126000,8871327793.83
2020-06-25,67.382608,129676000,8737907030.66
2020-06-26,66.169882,130176000,8613730551.88
2020-06-29,68.297004,127476000,8706228926.72
2020-06-30,68.742907,132326000,9096473954.04
2020-07-01,68.419783,135876000,9296606411.54
2020-07-02,68.963398,136226000,9394607837.97
2020-07-06,69.983729,137426000,9617583965.16
2020-07-07,68.630302,138826000,9527670373.53
2020-07-08,68.607842,138876000,9527982606.59
2020-07-09,67.143331,139626000,9374954716.46
2020-07-10,68.006455,135826000,9237044741.06
2020-07-13,68.289962,135226000,9234578409.6
2020-07-14,69.775591,135426000,9449429219.28
2020-07-15,71.55446,135076000,9665290232.94
2020-07-16,71.557094,139126000,9955452326.41
2020-07-17,71.964885,141276000,10166911022.7
2020-07-20,71.133907,141526000,10067297281.94
2020-07-21,72.06192,138176000,9957227859.16
2020-07-22,72.65375,137676000,10002677716.39
2020-07-23,72.405663,138676000,10040927767.83
2020-07-24,71.826951,137576000,9881664559.72
2020-07-27,72.114548,138726000,10004162827.77
2020-07-28,71.639243,138676000,9934643648.79
2020-07-29,72.706688,138926000,10100849328.68
2020-07-30,72.00726,139526000,10046884927.23
2020-07-31,71.717545,138576000,9938330481.37
2020-08-03,72.003854,137826000,9924003133.0
2020-08-04,72.199157,137026000,9893161681.68
2020-08-05,73.617427,136526000,10050692836.26
2020-08-06,73.85886,136826000,10105812382.32
2020-08-07,75.137075,137126000,10303246501.78
2020-08-10,76.961497,139126000,10707345184.34
2020-08-11,77.367515,144276000,11162275539.44
2020-08-12,77.644458,148826000,11555514083.47
2020-08-13,77.206451,145926000,11266428497.41
2020-08-14,77.529576,143226000,11104251100.88
2020-08-17,77.146108,144376000,11138046466.02
2020-08-18,76.73134,142976000,10970740106.25
2020-08-19,76.516952,142776000,10924784394.01
2020-08-20,76.159598,142076000,10820451074.93
2020-08-21,76.433469,143076000,10935795027.38
2020-08-24,77.802283,141426000,11003265714.81
2020-08-25,77.729629,143526000,11156222784.75
2020-08-26,77.767711,145076000,11282228467.06
2020-08-27,78.029381,145326000,11339697818.35
2020-08-28,78.783821,146026000,11504486197.75
2020-08-31,77.879467,147276000,11469776382.85
2020-09-01,78.62179,147976000,11634138042.87
2020-09-02,79.897121,148126000,11834840994.98
2020-09-03,77.685151,150526000,11693635078.31
2020-09-04,77.847676,150326000,11702529770.75
2020-09-08,76.351819,151726000,11584556038.84
2020-09-09,77.544659,150976000,11707382382.79
2020-09-10,76.565138,150776000,11544185317.28
2020-09-11,77.624622,151626000,11769911009.4
2020-09-14,78.641289,152226000,11971248784.59
2020-09-15,78.704154,153076000,12047717097.72
2020-09-16,79.477685,151976000,12078700646.12
2020-09-17,79.663769,153826000,12254359006.29
2020-09-18,78.801871,158626000,12500025554.74
2020-09-21,75.842251,161076000,12216366461.27
2020-09-22,76.622683,158876000,12173505433.63
2020-09-23,75.27285,159526000,12007976657.24
2020-09-24,75.336046,155176000,11690346221.06
2020-09-25,76.466446,155076000,11858110551.04
2020-09-28,77.847259,156176000,12157873513.42
2020-09-29,77.175648,158476000,12230487990.24
2020-09-30,76.976811,158076000,12168186327.89
2020-10-01,76.748002,158226000,12143529291.91
2020-10-02,77.584891,159626000,12384565740.84
2020-10-05,78.850296,161176000,12708775260.18
2020-10-06,77.900365,162876000,12688099819.28
2020-10-07,79.627103,162326000,12925549087.19
2020-10-08,80.376708,163176000,13115549659.21
2020-10-09,80.693547,163476000,13191458365.67
2020-10-12,81.161546,164476000,13349126495.07
2020-10-13,80.297968,165076000,13255267374.88
2020-10-14,80.729996,164126000,13249891272.97
2020-10-15,81.008706,164926000,13360441800.11
2020-10-16,81.579566,163676000,13352617118.26
2020-10-19,80.570354,163026000,13135062539.6
2020-10-20,81.005324,162976000,13201923657.8
2020-10-21,80.204202,163376000,13103441675.33
2020-10-22,80.806309,165076000,13339182306.59
2020-10-23,81.147489,165976000,13468535700.28
2020-10-26,79.125464,167676000,13267441227.63
2020-10-27,77.403225,166426000,12881909107.7
2020-10-28,74.845463,165326000,12373900978.06
2020-10-29,75.935279,162376000,12330066932.69
2020-10-30,75.86741,161626000,12262146087.85
2020-11-02,77.939089,159026000,12394341592.02
2020-11-03,80.202947,157676000,12646079940.84
2020-11-04,79.409873,161326000,12810877166.13
2020-11-05,81.247951,159526000,12961160584.48
2020-11-06,81.356826,160526000,13059885794.77
2020-11-09,84.0779,160976000,13534524082.77
2020-11-10,85.584489,166026000,14209250311.31
2020-11-11,84.835986,168776000,14318278353.98
2020-11-12,83.929413,168776000,14165270670.02
2020-11-13,85.730155,168376000,14434900522.15
2020-11-16,87.851132,168526000,14805199829.85
2020-11-17,87.604459,170376000,14925697271.04
2020-11-18,87.209811,173226000,15107006665.54
2020-11-19,87.464976,176476000,15435469153.77
2020-11-20,86.671422,176176000,15269424486.59
2020-11-23,88.088558,176576000,15554325142.16
2020-11-24,89.667148,180426000,16178284762.47
2020-11-25,88.971725,179976000,16012775256.53
2020-11-27,88.814023,179626000,15953307616.67
2020-11-30,87.955474,179426000,15781498885.73
2020-12-01,87.809707,179426000,15755344524.14
2020-12-02,87.911506,179126000,15747236373.81
2020-12-03,88.160061,177526000,15650703061.99
2020-12-04,89.231087,179726000,16037146297.7
2020-12-07,88.799932,177926000,15799816702.09
2020-12-08,89.178775,178426000,15911812028.9
2020-12-09,89.392288,178826000,15985665369.36
2020-12-10,88.560946,181826000,16102682617.19
2020-12-11,88.771625,184876000,16411742918.06
2020-12-14,87.638797,186676000,16360060073.92
2020-12-15,88.839601,186676000,16584221276.06
2020-12-16,88.295488,189026000,16690142889.56
2020-12-17,88.81955,189276000,16811409159.12
2020-12-18,88.850655,188676000,16763986093.39
2020-12-21,87.973583,187326000,16479739484.81
2020-12-22,87.503128,186526000,16321608534.03
2020-12-23,87.902861,183076000,16092904180.05
2020-12-24,87.964489,182776000,16077797429.12
2020-12-28,88.082803,182776000,16099422333.54
2020-12-29,87.489263,182676000,15982188629.69
2020-12-30,88.088277,182126000,16043165473.97
2020-12-31,88.629332,182526000,16177157365.69
2021-01-04,86.372628,183726000,15868897398.73
2021-01-05,87.251563,182526000,15925678784.27
2021-01-06,89.312291,181926000,16248227789.2
2021-01-07,89.803289,184476000,16566551566.12
2021-01-08,89.603635,185326000,16605883294.99
2021-01-11,89.551028,187126000,16757325572.04
2021-01-12,90.474496,184426000,16685849315.87
2021-01-13,89.695759,186126000,16694712899.13
2021-01-14,89.967018,184776000,16623745744.69
2021-01-15,88.821143,184926000,16425338752.26
2021-01-19,89.122061,184726000,16463161841.95
2021-01-20,89.688978,184276000,16527526130.25
2021-01-21,88.962107,183376000,16313515377.06
2021-01-22,88.521388,183976000,16285810921.09
2021-01-25,87.913117,182826000,16072803550.9
2021-01-26,87.111585,181776000,15834795509.88
2021-01-27,85.339349,181626000,15499844678.62
2021-01-28,86.626726,179376000,15538755618.71
2021-01-29,84.81569,180926000,15345363538.49
2021-02-01,85.63259,180226000,15433219177.13
2021-02-02,87.47764,180026000,15748249535.2
2021-02-03,87.525498,180176000,15769994096.92
2021-02-04,88.49554,182576000,16157161660.75
2021-02-05,88.965887,181776000,16171863161.85
2021-02-08,89.773089,182126000,16350013613.09
2021-02-09,89.967506,182926000,16457396008.78
2021-02-10,89.820382,183126000,16448447275.88
2021-02-11,89.681557,181376000,16266082073.02
2021-02-12,90.282117,178926000,16153818037.03
2021-02-16,90.239542,179226000,16173272239.29
2021-02-17,89.962455,178126000,16024652188.57
2021-02-18,89.526902,179026000,16027643188.67
2021-02-19,90.984327,178476000,16238518747.31
2021-02-22,91.260151,178826000,16319687730.28
2021-02-23,91.515153,178976000,16379015986.41
2021-02-24,93.281022,180276000,16816329549.82
2021-02-25,91.544432,183876000,16832824055.89
2021-02-26,90.642426,184626000,16734948526.07
2021-03-01,92.910459,186226000,17302343160.81
2021-03-02,92.664481,187076000,17335300409.71
2021-03-03,92.732853,186726000,17315634627.81
2021-03-04,91.255538,189376000,17281608842.28
2021-03-05,93.439218,190026000,17755880817.99
2021-03-08,94.420996,191676000,18098238784.54
2021-03-09,94.056757,194026000,18249456402.27
2021-03-10,95.411035,194676000,18574238586.92
2021-03-11,95.502855,193926000,18520486626.9
2021-03-12,96.779213,197276000,19092216088.26
2021-03-15,97.579881,198326000,19352627550.28
2021-03-16,96.185356,199076000,19148196030.01
2021-03-17,97.260822,195776000,19041334683.78
2021-03-18,97.211178,198126000,19260061940.62
2021-03-19,96.5103,199976000,19299743768.96
2021-03-22,96.118918,198426000,19072492513.75
2021-03-23,94.427109,199076000,18798171240.61
2021-03-24,95.114978,196776000,18716344950.41
2021-03-25,96.59991,196976000,19027863852.59
2021-03-26,98.303359,199226000,19584584904.32
2021-03-29,98.310562,200126000,19674499514.09
2021-03-30,98.70269,201826000,19920769111.84
2021-03-31,98.381564,204376000,20106830495.58
2021-04-01,98.773375,204476000,20196784554.07
2021-04-05,100.02334,203826000,20387357278.47
2021-04-06,99.758222,204526000,20403150149.49
2021-04-07,99.315768,203076000,20168648818.42
2021-04-08,99.530265,201726000,20077842322.93
2021-04-09,100.51427,202926000,20396958843.5
2021-04-12,100.855757,203626000,20536854351.52
2021-04-13,100.39907,203776000,20458920940.38
2021-04-14,100.506585,203976000,20500931231.13
2021-04-15,100.893293,203976000,20579810335.02
2021-04-16,101.101069,203776000,20601971451.04
2021-04-19,100.692238,203626000,20503557561.15
2021-04-20,99.593884,205526000,20469132561.46
2021-04-21,100.943832,203026000,20494222394.97
2021-04-22,100.467308,204426000,20538129953.92
2021-04-23,101.560559,204326000,20751462772.12
2021-04-26,101.268475,204926000,20752543465.83
2021-04-27,102.147868,207276000,21172801429.88
2021-04-28,101.874423,206476000,21034623390.76
2021-04-29,102.582358,203576000,20883306180.17
2021-04-30,101.903208,204326000,20821474919.18
2021-05-03,102.951505,203026000,20901832294.36
2021-05-04,103.375678,203476000,21034469501.06
2021-05-05,103.511108,203376000,21051675004.62
2021-05-06,104.238902,203976000,21262234328.55
2021-05-07,105.333997,202026000,21280206118.93
2021-05-10,105.416636,198476000,20922672169.18
2021-05-11,103.903043,201676000,20954750146.84
2021-05-12,101.366315,198026000,20073165954.47
2021-05-13,103.329703,195426000,20193310552.73
2021-05-14,104.71664,196926000,20621428989.7
2021-05-17,104.421105,197976000,20672872780.09
2021-05-18,102.883474,199076000,20481630460.03
2021-05-19,102.285082,198576000,20311362451.05
2021-05-20,102.560564,197926000,20299402254.99
2021-05-21,103.026971,197476000,20345354034.21
2021-05-24,103.641461,197476000,20466701246.87
2021-05-25,103.341072,198926000,20557226164.4
2021-05-26,103.695186,199176000,20653592456.43
2021-05-27,105.150636,199076000,20932967967.62
2021-05-28,105.087476,200126000,21030736311.12
2021-06-01,105.53212,199926000,21098614594.83
2021-06-02,105.221432,200226000,21068066413.62
2021-06-03,104.977807,200526000,21050779697.45
2021-06-04,105.329802,200426000,21110830800.67
2021-06-07,104.608994,200726000,20997745026.14
2021-06-08,104.87617,199576000,20930766458.08
2021-06-09,103.800755,199176000,20674619133.77
2021-06-10,103.310856,198826000,20540884246.28
2021-06-11,103.508326,198326000,20528392310.57
2021-06-14,103.011641,197526000,20347477372.22
2021-06-15,103.492948,196576000,20344229695.45
2021-06-16,102.482385,196426000,20130204921.95
2021-06-17,100.895203,196026000,19778083157.66
2021-06-18,99.641331,193076000,19238349585.78
2021-06-21,101.492063,190776000,19362249826.04
2021-06-22,101.622395,191476000,19458249717.58
2021-06-23,101.346892,194326000,19694336070.47
2021-06-24,102.124265,193726000,19784125435.19
2021-06-25,102.355511,193576000,19813570357.63
2021-06-28,101.81943,192426000,19592705639.91
2021-06-29,101.591724,191326000,19437138129.47
2021-06-30,102.444195,188676000,19328760874.54
2021-07-01,103.083873,189226000,19506149008.0
2021-07-02,103.269936,189276000,19546520407.78
2021-07-06,102.309795,190726000,19513137894.37
2021-07-07,103.334053,188776000,19506989100.13
2021-07-08,101.861215,189926000,19346093058.04
2021-07-09,103.508238,188476000,19508818653.86
2021-07-12,103.616311,190576000,19746781999.61
2021-07-13,102.615674,189976000,19494515307.83
2021-07-14,102.579629,189976000,19487667562.69
2021-07-15,102.810954,188626000,19392819062.03
2021-07-16,101.928974,188276000,19190779428.55
2021-07-19,99.771343,184926000,18450315441.47
2021-07-20,102.50004,182526000,18708922278.48
2021-07-21,103.524923,185276000,19180683674.45
2021-07-22,103.168706,188076000,19403557554.68
2021-07-23,103.596351,187926000,19468447787.32
2021-07-26,103.585621,189126000,19590734138.88
2021-07-27,103.034258,189326000,19507063910.7
2021-07-28,102.732644,189726000,19491053630.45
2021-07-29,103.526384,189076000,19574354517.05
2021-07-30,103.346603,189876000,19623039581.21
2021-08-02,102.597212,189326000,19424319689.54
2021-08-03,104.007972,187326000,19483397292.93
2021-08-04,102.58675,188026000,19288976164.08
2021-08-05,103.096011,187276000,19307408476.31
2021-08-06,103.535138,185926000,19249874090.79
2021-08-09,103.120553,186176000,19198572054.88
2021-08-10,104.163379,186176000,19392721174.42
2021-08-11,105.519174,185376000,19560722432.26
2021-08-12,105.322504,188026000,19803369174.96
2021-08-13,104.991876,187626000,19699205656.12
2021-08-16,105.351699,187426000,19745647482.94
2021-08-17,104.23909,186976000,19490208171.31
2021-08-18,103.093547,185426000,19116224074.16
2021-08-19,102.33848,184076000,18838058101.15
2021-08-20,102.631088,188076000,19302444437.71
2021-08-23,103.459654,182776000,18909941742.74
2021-08-24,104.010222,182926000,19026173830.62
2021-08-25,104.637034,183326000,19182688917.21
2021-08-26,104.194454,184776000,19252634460.44
2021-08-27,104.92319,184776000,19387287392.21
2021-08-30,104.793143,185726000,19462811217.14
2021-08-31,104.519645,185376000,19375433656.37
2021-09-01,104.142222,183676000,19128426699.29
2021-09-02,105.226076,182676000,19222278617.26
2021-09-03,104.576098,181076000,18936221580.49
2021-09-07,102.72688,180276000,18519190929.51
2021-09-08,102.906849,175876000,18098845017.56
2021-09-09,102.419517,175076000,17931199379.17
2021-09-10,101.944005,174876000,17827559794.83
2021-09-13,102.218529,175026000,17890900300.73
2021-09-14,100.963121,175826000,17751941786.91
2021-09-15,102.092649,176326000,18001588430.94
2021-09-16,101.418097,176226000,17872505637.82
2021-09-17,100.355369,173476000,17409248043.06
2021-09-20,98.880758,169526000,16762859378.03
2021-09-21,98.186737,171726000,16861215566.92
2021-09-22,99.132155,172926000,17142526951.41
2021-09-23,100.663696,174826000,17598631340.45
2021-09-24,100.832129,175426000,17688577070.32
2021-09-27,100.94037,175926000,17758035507.08
2021-09-28,99.781308,176976000,17658896729.07
2021-09-29,99.879423,175476000,17526441635.01
2021-09-30,97.773873,175926000,17200966328.77
2021-10-01,99.152819,177626000,17612118560.74
2021-10-04,98.624838,178026000,17557785394.16
2021-10-05,99.711146,176976000,17646479861.23
2021-10-06,100.164729,177276000,17756802577.02
2021-10-07,100.942833,173726000,17536394552.75
2021-10-08,100.918286,172376000,17395890513.45
2021-10-11,100.152164,172226000,17248806572.94
2021-10-12,99.823504,172476000,17217158648.7
2021-10-13,100.005779,174126000,17413606267.67
2021-10-14,101.895597,174676000,17798715331.81
2021-10-15,102.877194,175376000,18042190750.58
2021-10-18,102.970841,177376000,18264555857.48
2021-10-19,103.557756,176676000,18296170033.98
2021-10-20,104.204738,176326000,18374004651.64
2021-10-21,104.435361,175026000,18278903471.83
2021-10-22,104.768143,174876000,18321433697.32
2021-10-25,105.005199,175476000,18425892254.69
2021-10-26,104.420065,174376000,18208353317.31
2021-10-27,103.153332,173226000,17868839011.74
2021-10-28,104.488109,171576000,17927651847.13
2021-10-29,104.488184,170676000,17833625281.06
2021-11-01,104.806944,170076000,17825145775.47
2021-11-02,105.124137,169426000,17810762116.68
2021-11-03,104.92215,169926000,17829001337.3
2021-11-04,105.370776,169576000,17868354698.67
2021-11-05,106.415411,170376000,18130632138.3
2021-11-08,106.832641,173276000,18511532713.01
2021-11-09,107.104854,173226000,18553345361.26
2021-11-10,106.479461,174176000,18546166611.63
2021-11-11,106.03459,172726000,18314930550.36
2021-11-12,106.901971,172476000,18438024357.03
2021-11-15,107.071084,171276000,18338706993.28
2021-11-16,107.065161,170426000,18246687133.16
2021-11-17,106.463398,170576000,18160100505.25
2021-11-18,106.251837,170026000,18065574791.32
2021-11-19,105.717407,169326000,17900705667.65
2021-11-22,106.016215,170376000,18062618695.59
2021-11-23,106.201574,170026000,18057028829.37
2021-11-24,106.068821,168426000,17864747167.98
2021-11-26,103.179714,167226000,17254330813.36
2021-11-29,103.43213,165726000,17141393254.85
2021-11-30,100.823363,165926000,16729217344.35
2021-12-01,99.380728,164126000,16310961309.77
2021-12-02,102.262834,163126000,16681727065.46
2021-12-03,102.216592,164826000,16847951995.21
2021-12-06,103.890563,165476000,17191394885.5
2021-12-07,104.963757,165376000,17358486245.32
2021-12-08,105.249726,165726000,17442616169.76
2021-12-09,104.92516,166626000,17483259764.96
2021-12-10,105.340617,166426000,17531417558.11
2021-12-13,104.24209,167176000,17426775692.28
2021-12-14,103.23579,163276000,16855926806.09
2021-12-15,104.154848,163876000,17068479804.3
2021-12-16,104.225448,168226000,17533430252.84
2021-12-17,102.48647,168576000,17276759208.08
2021-12-20,100.41528,167026000,16771962579.82
2021-12-21,102.383914,167526000,17151967597.75
2021-12-22,102.724375,168126000,17270638216.85
2021-12-23,103.917587,167976000,17455660570.15
2021-12-27,105.008775,166576000,17491941669.16
2021-12-28,105.544716,164876000,17401790674.78
2021-12-29,105.718355,165326000,17477992696.82
2021-12-30,105.325174,165326000,17412989794.83
2021-12-31,105.792315,165326000,17490220312.87
2022-01-03,104.920854,165776000,17393359417.23
2022-01-04,107.05407,164376000,17597119739.6
2022-01-05,106.027594,166176000,17619241542.77
2022-01-06,106.506916,170876000,18199475822.5
2022-01-07,106.477757,171876000,18300971044.75
2022-01-10,105.252441,173526000,18264035014.44
2022-01-11,105.918702,174126000,18443199905.94
2022-01-12,106.231183,174526000,18540103512.13
2022-01-13,106.437069,175026000,18629254465.19
2022-01-14,105.828021,175076000,18527946607.56
2022-01-18,104.570933,175126000,18313089137.94
2022-01-19,103.439421,173126000,17908053163.57
2022-01-20,102.160143,172126000,17584416726.93
2022-01-21,101.172619,170676000,17267737895.53
2022-01-24,101.712466,168826000,17171708755.62
2022-01-25,100.763961,168926000,17021652834.27
2022-01-26,99.932463,167126000,16701312846.0
2022-01-27,99.007918,167526000,16586400538.74
2022-01-28,99.685614,168026000,16749774975.9
2022-01-31,100.784604,167376000,16868923957.96
2022-02-01,102.22058,166476000,17017273253.96
2022-02-02,102.903362,166526000,17136085290.39
2022-02-03,101.193644,167826000,16982924478.09
2022-02-04,100.112964,167626000,16781535622.91
2022-02-07,100.185602,165026000,16533229212.84
2022-02-08,101.192151,165076000,16704395521.17
2022-02-09,102.575628,167226000,17153312007.58
2022-02-10,100.893941,166376000,16786330376.71
2022-02-11,99.383942,163926000,16291612153.87
2022-02-14,98.988615,163226000,16157515628.61
2022-02-15,100.485463,164026000,16482228478.81
2022-02-16,101.007598,164526000,16618376142.5
2022-02-17,99.169976,165126000,16375541486.63
2022-02-18,98.303657,163326000,16055543059.53
2022-02-22,97.398302,163226000,15897935225.15
2022-02-23,95.571118,162726000,15551905728.83
2022-02-24,96.81064,162976000,15777810810.68
2022-02-25,99.177192,163326000,16198214030.81
2022-02-28,99.894595,162626000,16245458396.49
2022-03-01,98.371666,162976000,16032220578.43
2022-03-02,100.524967,160726000,16156975793.56
2022-03-03,100.613093,163226000,16422672718.81
2022-03-04,100.391366,164226000,16486872448.35
2022-03-07,97.69648,162226000,15848909116.19
2022-03-08,97.076418,162876000,15811418727.62
2022-03-09,98.839643,162726000,16083779781.24
2022-03-10,98.73984,160026000,15800941704.01
2022-03-11,97.950106,158776000,15552126090.46
2022-03-14,98.269121,158876000,15612604896.39
2022-03-15,99.794014,159776000,15944688312.46
2022-03-16,101.117873,159126000,16090482613.78
2022-03-17,102.472496,161026000,16500736166.34
2022-03-18,102.886273,161626000,16629096688.55
2022-03-21,102.718928,156176000,16042231350.71
2022-03-22,103.262409,158526000,16369776726.02
2022-03-23,102.317758,159176000,16286531475.38
2022-03-24,103.080333,157226000,16206908368.31
2022-03-25,103.726904,157226000,16308566222.65
2022-03-28,103.758138,157126000,16303101180.99
2022-03-29,104.689425,157026000,16438961642.55
2022-03-30,104.555643,158076000,16527737782.01
2022-03-31,102.920646,157076000,16166363330.94
2022-04-01,102.200424,156926000,16037903720.2
2022-04-04,102.023907,156076000,15923483350.89
2022-04-05,100.601517,156176000,15711542625.21
2022-04-06,99.832073,152226000,15197037244.13
2022-04-07,100.149611,151876000,15210322397.42
2022-04-08,99.54301,151426000,15073399910.8
2022-04-11,99.250112,152076000,15093560004.02
2022-04-12,99.110158,151976000,15062365356.37
2022-04-13,100.067853,150126000,15022786521.29
2022-04-14,99.970757,149776000,14973220072.86
2022-04-18,99.588714,150626000,15000649725.99
2022-04-19,101.387576,150576000,15266535620.36
2022-04-20,101.938839,151826000,15476966181.81
2022-04-21,100.919439,152376000,15377700525.95
2022-04-22,98.429815,152026000,14963891033.81
2022-04-25,98.431013,151526000,14914857753.39
2022-04-26,96.278761,151526000,14588735557.92
2022-04-27,96.619677,151726000,14659717149.6
2022-04-28,97.731243,151526000,14808824299.53
2022-04-29,95.169264,151626000,14430134893.04
2022-05-02,95.329742,152676000,14554563676.04
2022-05-03,95.996042,152826000,14670691159.03
2022-05-04,98.751313,153026000,15111518467.69
2022-05-05,96.132098,153176000,14725130250.14
2022-05-06,95.512229,148876000,14219478688.1
2022-05-09,93.215566,146226000,13630539455.78
2022-05-10,92.615898,146676000,13584529539.16
2022-05-11,91.757341,146976000,13486126956.94
2022-05-12,91.936014,147826000,13590533264.39
2022-05-13,93.116687,147326000,13718509157.22
2022-05-16,92.962609,146426000,13612143039.8
2022-05-17,95.078226,146376000,13917170539.27
2022-05-18,91.513409,146126000,13372488459.93
2022-05-19,90.723759,149376000,13551952234.44
2022-05-20,89.752339,145226000,13034373205.72
2022-05-23,91.216199,146326000,13347301629.53
2022-05-24,91.107843,147126000,13404332547.27
2022-05-25,91.693522,147376000,13513424591.57
2022-05-26,93.528583,146326000,13685663509.27
2022-05-27,95.489745,152776000,14588541362.62
2022-05-31,94.706616,145126000,13744392403.26
2022-06-01,94.119992,145876000,13729847998.57
2022-06-02,95.923249,145376000,13944938915.29
2022-06-03,95.578189,146526000,14004690447.61
2022-06-06,95.966798,146576000,14066430103.87
2022-06-07,97.267635,146926000,14291145258.1
2022-06-08,95.489382,147026000,14039422547.02
2022-06-09,93.61272,147576000,13814991355.05
2022-06-10,90.845209,147226000,13374777367.98
2022-06-13,88.096344,148026000,13040550065.32
2022-06-14,87.879674,150726000,13245752355.99
2022-06-15,88.765558,150376000,13348210196.88
2022-06-16,85.769345,150426000,12901940117.19
2022-06-17,85.575484,150026000,12838548189.81
2022-06-21,86.722048,147326000,12776413066.51
2022-06-22,86.26314,147376000,12713117114.88
2022-06-23,85.808411,147176000,12628939292.65
2022-06-24,88.81569,147176000,13071538605.78
2022-06-27,88.597228,147626000,13079255100.3
2022-06-28,87.57884,146726000,12850093568.92
2022-06-29,87.06006,146476000,12752209994.91
2022-06-30,87.316927,146426000,12785469011.36
2022-07-01,88.107192,144476000,12729375397.53
2022-07-05,86.761195,143976000,12491531378.93
2022-07-06,87.288715,139626000,12187775722.91
2022-07-07,88.324545,138176000,12204333910.92
2022-07-08,87.917128,139226000,12240351645.62
2022-07-11,87.328616,138826000,12123484043.0
2022-07-12,87.047646,137476000,11966963800.57
2022-07-13,86.002707,137976000,11866311117.76
2022-07-14,85.502859,137776000,11780241920.12
2022-07-15,86.855458,137376000,11931855338.12
2022-07-18,86.335241,138276000,11938091795.53
2022-07-19,89.449029,138376000,12377598859.59
2022-07-20,90.109195,138776000,12504993713.41
2022-07-21,90.72514,138176000,12536036987.11
2022-07-22,90.445698,137776000,12461246531.37
2022-07-25,90.870613,135676000,12328961271.19
2022-07-26,90.39675,136126000,12305348025.82
2022-07-27,91.822524,137376000,12614211026.29
2022-07-28,93.725518,137076000,12847519100.55
2022-07-29,95.602695,136476000,13047473426.06
2022-08-01,95.722463,138376000,13245691513.02
2022-08-02,94.714574,138176000,13087281031.4
2022-08-03,95.637499,141026000,13487373960.72
2022-08-04,95.938415,141276000,13553795553.72
2022-08-05,96.15204,141026000,13559937560.33
2022-08-08,96.079186,141026000,13549663256.9
2022-08-09,95.723553,142226000,13614378071.84
2022-08-10,97.847229,141726000,13867496350.72
2022-08-11,98.347799,141976000,13963027155.98
2022-08-12,99.837031,144526000,14429046760.82
2022-08-15,100.070248,145126000,14522794823.22
2022-08-16,100.520417,144876000,14562996005.56
2022-08-17,99.742269,144426000,14405376919.77
2022-08-18,100.109144,143476000,14363259519.21
2022-08-19,98.871172,143126000,14151035416.09
2022-08-22,96.954372,140426000,13614914646.77
2022-08-23,97.134524,140376000,13635355907.32
2022-08-24,97.451382,138226000,13470314675.0
2022-08-25,98.938998,138226000,13675941869.22
2022-08-26,95.485799,139776000,13346622971.86
2022-08-29,95.066747,139576000,13269036231.6
2022-08-30,93.704879,138626000,12989932532.78
2022-08-31,92.919962,139526000,12964750627.48
2022-09-01,93.07185,141626000,13181393868.65
2022-09-02,92.158701,140526000,12950693654.92
2022-09-06,92.302741,140076000,12929398689.94
2022-09-07,93.802813,139276000,13064480633.63
2022-09-08,94.072181,136976000,12885631110.28
2022-09-09,95.285595,137476000,13099482508.79
2022-09-12,95.860591,139626000,13384630893.18
2022-09-13,92.241037,138526000,12777781849.83
2022-09-14,92.074738,136526000,12570595668.11
2022-09-15,91.095717,136276000,12414159990.65
2022-09-16,89.226215,144926000,12931198447.86
2022-09-19,89.983568,138326000,12447067031.48
2022-09-20,88.872694,139876000,12431156876.98
2022-09-21,87.682988,140026000,12277898071.06
2022-09-22,86.377385,139676000,12064847646.13
2022-09-23,84.770652,139526000,11827709962.04
2022-09-26,83.811861,139276000,11672980702.36
2022-09-27,83.552515,137676000,11503176083.74
2022-09-28,85.423187,135476000,11572791707.08
2022-09-29,83.884563,134576000,11288848989.12
2022-09-30,82.793169,134776000,11158532176.28
2022-10-03,85.320969,134126000,11443760278.83
2022-10-04,88.297763,134276000,11856270433.1
2022-10-05,87.788655,135276000,11875698141.06
2022-10-06,86.840312,134476000,11677937795.76
2022-10-07,85.170773,134676000,11470458964.57
2022-10-10,85.448948,134526000,11495105223.66
2022-10-11,85.45927,134026000,11453764075.57
2022-10-12,84.763318,133126000,11284201506.33
2022-10-13,86.628654,134426000,11645143401.99
2022-10-14,84.694251,135326000,11461334210.38
2022-10-17,86.602671,135176000,11706602630.73
2022-10-18,88.646386,135276000,11991728488.78
2022-10-19,88.035088,134526000,11843008223.1
2022-10-20,86.353917,133976000,11569352429.4
2022-10-21,88.66242,133126000,11803273278.64
2022-10-24,89.859854,133476000,11994133829.26
2022-10-25,91.070895,133676000,12173992976.64
2022-10-26,91.390036,133676000,12216654472.3
2022-10-27,92.439345,136026000,12574154385.14
2022-10-28,94.63886,135976000,12868613653.38
2022-10-31,94.318496,135326000,12763744755.84
2022-11-01,94.262562,136476000,12864577441.96
2022-11-02,92.601311,136026000,12596185976.68
2022-11-03,93.576605,137226000,12841143205.53
2022-11-04,95.062719,137526000,13073595439.08
2022-11-07,96.074908,137376000,13198386507.29
2022-11-08,96.899204,137426000,13316470049.21
2022-11-09,95.54701,137026000,13092424621.54
2022-11-10,99.639595,136726000,13623323316.94
2022-11-11,99.53619,139576000,13892863196.52
2022-11-14,98.868515,141376000,13977635149.79
2022-11-15,99.631882,142926000,14239986337.44
2022-11-16,98.85873,143076000,14144311640.12
2022-11-17,98.688812,140226000,13838737388.59
2022-11-18,99.391701,140076000,13922391978.82
2022-11-21,99.761238,141176000,14083892491.82
2022-11-22,100.512391,142026000,14275372870.61
2022-11-23,100.906776,143276000,14457519177.93
2022-11-25,101.289057,142326000,14416066380.11
2022-11-28,99.463383,142226000,14146279172.28
2022-11-29,100.088327,139526000,13964923879.93
2022-11-30,101.71016,143676000,14613308992.33
2022-12-01,101.723306,137226000,13959082443.28
2022-12-02,102.352876,135976000,13917534654.02
2022-12-05,100.613163,139776000,14063305494.34
2022-12-06,99.463728,138026000,13728580551.88
2022-12-07,99.327657,139426000,13848857855.2
2022-12-08,99.893809,137676000,13752979991.37
2022-12-09,99.093296,136576000,13533765955.69
2022-12-12,100.782251,136776000,13784593168.95
2022-12-13,101.140367,138376000,13995399410.01
2022-12-14,100.956789,140476000,14182005874.21
2022-12-15,98.52458,140826000,13874822501.46
2022-12-16,98.086517,139276000,13661097740.15
2022-12-19,97.118714,135676000,13176678695.88
2022-12-20,97.256788,135326000,13161372103.27
2022-12-21,99.057947,137626000,13632949068.45
2022-12-22,97.815411,139576000,13652683818.56
2022-12-23,98.372114,137076000,13484455902.41
2022-12-27,98.693718,137526000,13572952319.55
2022-12-28,97.395925,137526000,13394471932.37
2022-12-29,98.61327,137076000,13517512565.05
2022-12-30,98.22751,136526000,13410608984.42
2023-01-03,98.429372,137776000,13561205131.34
2023-01-04,99.327771,135976000,13506192955.75
2023-01-05,98.249957,139076000,13664210961.72
2023-01-06,100.892838,140776000,14203290176.76
2023-01-09,100.471853,146176000,14686573596.49
2023-01-10,101.01468,147726000,14922494661.77
2023-01-11,101.981458,147076000,14999024976.54
2023-01-12,102.562676,145576000,14930664117.94
2023-01-13,102.435253,145876000,14942844953.59
2023-01-17,101.572495,145476000,14776360291.3
2023-01-18,99.698367,145076000,14463840327.11
2023-01-19,97.654663,142826000,13947624888.43
2023-01-20,99.024352,142076000,14068983863.75
2023-01-23,100.107577,139076000,13922561443.08
2023-01-24,100.75456,139976000,14103220249.07
2023-01-25,100.22027,139326000,13963289347.91
2023-01-26,100.777616,139876000,14096369814.25
2023-01-27,101.131286,138626000,14019425673.39
2023-01-30,100.151914,136276000,13648302197.71
2023-01-31,101.867677,138426000,14101135034.47
2023-02-01,102.600162,138726000,14233310016.04
2023-02-02,103.405672,139726000,14448460940.34
2023-02-03,102.868809,139076000,14306582507.91
2023-02-06,102.654582,140826000,14456434112.38
2023-02-07,102.912052,140176000,14425799861.33
2023-02-08,102.306745,138976000,14218182262.42
2023-02-09,101.414896,138326000,14028316860.63
2023-02-10,102.164742,139226000,14223988386.52
2023-02-13,103.069114,139326000,14360207441.96
2023-02-14,102.780935,138426000,14227553691.84
2023-02-15,103.42621,137976000,14270334725.62
2023-02-16,102.342338,138276000,14151489189.54
2023-02-17,103.035279,139376000,14360645018.23
2023-02-21,100.675813,140026000,14097231367.08
2023-02-22,100.417749,138076000,13865281070.05
2023-02-23,100.885295,137676000,13889483868.65
2023-02-24,100.310066,139176000,13960753800.84
2023-02-27,101.184638,138176000,13981288503.67
2023-02-28,100.954334,138476000,13979752419.59
2023-03-01,101.333714,141526000,14341355228.06
2023-03-02,102.557287,140326000,14391453872.35
2023-03-03,103.656516,140676000,14581984008.13
2023-03-06,103.455729,142826000,14776167920.48
2023-03-07,102.147456,143226000,14630171581.68
2023-03-08,102.380685,143576000,14699409206.18
2023-03-09,100.897738,142976000,14425954979.07
2023-03-10,99.066488,142326000,14099736917.95
2023-03-13,98.462156,141626000,13944801263.56
2023-03-14,99.505237,139526000,13883567699.73
2023-03-15,97.00826,142026000,13777695116.17
2023-03-16,98.240448,135176000,13279750781.44
2023-03-17,96.650562,136526000,13195314623.06
2023-03-20,97.561107,133076000,12983041813.9
2023-03-21,98.662463,139226000,13736380100.04
2023-03-22,96.781508,141776000,13721295076.54
2023-03-23,96.563195,139926000,13511701562.97
2023-03-24,96.901259,137726000,13345822764.18
2023-03-27,97.69934,137026000,13387349705.19
2023-03-28,98.231048,137476000,13504411573.23
2023-03-29,99.625308,136726000,13621369798.02
2023-03-30,99.875868,135976000,13580720963.78
2023-03-31,101.194544,136676000,13830865562.97
2023-04-03,101.385242,137226000,13912691268.31
2023-04-04,99.100936,136976000,13574449788.09
2023-04-05,97.812181,137676000,13466389772.14
2023-04-06,97.787225,135826000,13282047563.57
2023-04-10,98.664111,134626000,13282754574.77
2023-04-11,99.245818,134976000,13395803594.56
2023-04-12,99.575557,134926000,13435331626.3
2023-04-13,99.96126,134426000,13437392325.22
2023-04-14,99.839851,132026000,13181456104.02
2023-04-17,100.627917,132676000,13350909515.33
2023-04-18,101.094214,133426000,13488596649.52
2023-04-19,101.023207,133126000,13448815410.52
2023-04-20,100.837765,134726000,13585468736.57
2023-04-21,100.613688,136426000,13726323036.96
2023-04-24,100.840985,134926000,13606070772.67
2023-04-25,98.990418,133926000,13257390666.53
2023-04-26,97.145598,133776000,12995749578.4
2023-04-27,99.07624,130176000,12897348569.42
2023-04-28,99.989868,132326000,13231259217.2
2023-05-01,100.539573,132776000,13349242304.77
2023-05-02,99.485944,133276000,13259088736.75
2023-05-03,99.10388,132826000,13163571932.36
2023-05-04,98.034709,133476000,13085280858.26
2023-05-05,99.525148,133026000,13239432370.22
2023-05-08,99.157128,131926000,13081403286.57
2023-05-09,99.333187,131376000,13049996769.64
2023-05-10,99.021927,132826000,13152686516.27
2023-05-11,98.422586,132576000,13048472730.26
2023-05-12,98.480036,129876000,12790193140.62
2023-05-15,98.978858,131726000,13038089046.54
2023-05-16,97.634822,132076000,12895216725.37
2023-05-17,99.293776,132126000,13119289422.94
2023-05-18,100.029416,133576000,13361529239.51
2023-05-19,99.758972,131976000,13165790117.39
2023-05-22,99.764128,132126000,13181435239.34
2023-05-23,98.534822,130526000,12861356234.99
2023-05-24,97.289503,129376000,12586926697.19
2023-05-25,97.591432,129776000,12665025621.05
2023-05-26,98.357032,131426000,12926671314.35
2023-05-30,98.167072,131426000,12901705615.37
2023-05-31,96.818591,129326000,12521161064.78
2023-06-01,98.063803,128226000,12574329223.61
2023-06-02,100.971718,130176000,13144094415.33
2023-06-05,100.253611,135776000,13612034263.94
2023-06-06,100.86009,137126000,13830540733.57
2023-06-07,102.459067,137076000,14044679000.18
2023-06-08,102.661338,135326000,13892748278.42
2023-06-09,102.398646,135176000,13841839427.43
2023-06-12,103.110792,135826000,14005126468.55
2023-06-13,104.303581,137426000,14334023920.18
2023-06-14,104.007575,140576000,14620968920.56
2023-06-15,105.579535,141126000,14900017408.92
2023-06-16,105.428391,141726000,14941944175.05
2023-06-20,104.215929,141326000,14728420323.28
2023-06-21,104.805814,139326000,14602174815.04
2023-06-22,104.064076,140176000,14587285944.06
2023-06-23,103.284069,137476000,14199080660.81
2023-06-26,104.103022,136776000,14238794989.52
2023-06-27,105.409493,137376000,14480734564.51
2023-06-28,105.368774,137726000,14512019791.57
2023-06-29,106.380481,137676000,14646039062.82
2023-06-30,107.30944,138476000,14859782034.3
2023-07-03,107.381958,138776000,14902038641.58
2023-07-05,106.734973,139926000,14934997812.07
2023-07-06,105.95552,139826000,14815336542.44
2023-07-07,106.201432,139276000,14791310681.94
2023-07-10,107.680852,139576000,15029662578.84
2023-07-11,108.973675,140326000,15291839952.83
2023-07-12,108.753327,141226000,15358797423.41
2023-07-13,108.91938,142676000,15540181436.53
2023-07-14,108.560231,143426000,15570359674.79
2023-07-17,109.016502,144376000,15739366517.53
2023-07-18,109.633066,145826000,15987351416.9
2023-07-19,109.600286,146876000,16097651550.85
2023-07-20,110.047522,145026000,15959751957.93
2023-07-21,109.540947,145376000,15924624764.2
2023-07-24,109.800955,144476000,15863602835.38
2023-07-25,109.65822,144826000,15881361392.5
2023-07-26,110.392086,145276000,16037320646.75
2023-07-27,109.489798,145726000,15955510274.82
2023-07-28,110.167016,146676000,16158857182.61
2023-07-31,110.419536,146476000,16173811943.34
2023-08-01,110.768062,146776000,16258093098.29
2023-08-02,109.570779,145326000,15923482974.74
2023-08-03,108.913481,146126000,15915091251.58
2023-08-04,108.213155,146026000,15801934215.79
2023-08-07,109.573546,147476000,16159468212.35
2023-08-08,109.072102,148376000,16183682182.28
2023-08-09,108.988944,148126000,16144096382.25
2023-08-10,108.717379,147626000,16049511823.3
2023-08-11,108.876945,152876000,16644671846.15
2023-08-14,108.912623,146576000,15963976583.5
2023-08-15,107.525914,145976000,15696202794.69
2023-08-16,106.936297,145826000,15594092509.85
2023-08-17,106.073814,145226000,15404675667.74
2023-08-18,106.226948,145176000,15421603335.91
2023-08-21,106.081356,145226000,15405771049.41
2023-08-22,105.865771,145076000,15358582556.17
2023-08-23,106.918032,146476000,15660925594.77
2023-08-24,105.627332,144326000,15244770371.15
2023-08-25,106.559616,144126000,15358011165.9
2023-08-28,107.382959,143776000,15439092284.48
2023-08-29,108.215032,144776000,15666939435.55
2023-08-30,108.731759,144376000,15698256468.56
2023-08-31,108.211493,143976000,15579857879.48
2023-09-01,108.77898,142676000,15520149679.15
2023-09-05,106.948444,143676000,15365924639.68
2023-09-06,106.437114,143226000,15244562131.02
2023-09-07,106.126925,143676000,15247892022.63
2023-09-08,105.644693,143676000,15178606881.58
2023-09-11,105.637106,143126000,15119416406.67
2023-09-12,105.245618,142826000,15031810669.69
2023-09-13,104.54642,142676000,14916265084.09
2023-09-14,105.583235,142326000,15027239570.47
2023-09-15,105.020194,141976000,14910347000.73
2023-09-18,104.711929,143576000,15034119945.81
2023-09-19,104.225132,143426000,14948593819.96
2023-09-20,103.818753,143726000,14921454107.62
2023-09-21,102.130826,144476000,14755453237.49
2023-09-22,101.790782,144376000,14696145906.27
2023-09-25,102.262958,146876000,15019974242.02
2023-09-26,100.709415,147326000,14837115299.83
2023-09-27,101.477421,144176000,14630608704.29
2023-09-28,101.934671,142676000,14543631063.55
2023-09-29,101.337687,142476000,14438188297.26
2023-10-02,100.410854,142226000,14281034121.09
2023-10-03,99.668804,142626000,14215362778.58
2023-10-04,100.050565,142576000,14264809298.12
2023-10-05,99.424524,143276000,14245148044.03
2023-10-06,100.746931,138426000,13945994716.14
2023-10-09,102.365726,140626000,14395282549.02
2023-10-10,102.953045,141276000,14544794371.35
2023-10-11,103.597519,141126000,14620303413.27
2023-10-12,102.631572,142276000,14602009542.21
2023-10-13,101.753636,142426000,14492363342.18
2023-10-16,102.822221,141826000,14582864267.28
2023-10-17,103.145038,141726000,14618333640.65
2023-10-18,100.638263,142076000,14298281827.84
2023-10-19,99.731235,141326000,14094616508.92
2023-10-20,98.726615,139776000,13799611303.82
2023-10-23,98.267548,142626000,14015507253.47
2023-10-24,98.972178,142076000,14061571213.69
2023-10-25,97.722416,141926000,13869351668.85
2023-10-26,97.295862,139526000,13575302477.02
2023-10-27,96.445133,141276000,13625382569.18
2023-10-30,97.627621,141126000,13777795619.59
2023-10-31,98.373839,141476000,13917537204.06
2023-11-01,98.695771,140726000,13889061090.95
2023-11-02,100.731048,140326000,14135185092.37
2023-11-03,101.568684,139676000,14186707468.99
2023-11-06,101.305409,138626000,14043563608.51
2023-11-07,101.048645,138176000,13962497591.2
2023-11-08,101.323562,137626000,13944756539.84
2023-11-09,101.105004,137326000,13884345810.8
2023-11-10,102.511825,140376000,14390199976.14
2023-11-13,102.615272,135926000,13948083461.44
2023-11-14,104.719908,136576000,14302226210.16
2023-11-15,104.927957,136426000,14314901490.53
2023-11-16,104.942314,136826000,14358837015.74
2023-11-17,105.557313,136426000,14400762047.99
2023-11-20,105.90495,136076000,14411122020.49
2023-11-21,105.848707,137876000,14593996344.74
2023-11-22,106.063423,137626000,14597084660.21
2023-11-24,106.381279,138626000,14747211125.28
2023-11-27,105.765235,139676000,14772865007.87
2023-11-28,105.509017,135876000,14336143258.71
2023-11-29,105.864504,135976000,14395031858.41
2023-11-30,107.041903,136626000,14624706996.71
2023-12-01,108.716694,134976000,14674144509.77
2023-12-04,108.938893,135226000,14731370688.09
2023-12-05,108.002883,138726000,14982807958.13
2023-12-06,108.514208,137326000,14901822166.46
2023-12-07,108.631313,137326000,14917903741.4
2023-12-08,108.99951,136976000,14930316827.93
2023-12-11,109.980568,136876000,15053700210.52
2023-12-12,110.485828,136326000,15062090971.5
2023-12-13,111.746513,137326000,15345701586.7
2023-12-14,113.180389,138176000,15638813457.75
2023-12-15,112.964736,138826000,15682442422.59
2023-12-18,112.431997,135576000,15243080358.3
2023-12-19,113.250572,141126000,15982600166.24
2023-12-20,111.405129,141476000,15761152065.91
2023-12-21,112.589931,137926000,15529078878.61
2023-12-22,113.081546,137726000,15574269057.28
2023-12-26,113.902554,138126000,15732904122.67
2023-12-27,114.104803,137126000,15646735181.07
2023-12-28,114.137188,136326000,15559866340.46
2023-12-29,113.913383,135226000,15404051076.74
2024-01-02,112.832748,134626000,15190221593.46
2024-01-03,111.130686,136726000,15194454154.2
2024-01-04,111.236925,137926000,15342464129.64
2024-01-05,111.464505,139026000,15496464274.2
2024-01-08,112.113884,138476000,15525082239.38
2024-01-09,111.841977,136376000,15252561416.72
2024-01-10,112.37742,137226000,15421103772.83
2024-01-11,112.153302,135926000,15244549708.79
2024-01-12,112.102766,135826000,15226470251.44
2024-01-16,111.00469,136626000,15166126766.26
2024-01-17,110.260155,138676000,15290437236.35
2024-01-18,111.748932,138726000,15502482279.02
2024-01-19,112.454019,138126000,15532823772.48
2024-01-22,113.287097,136776000,15494956007.21
2024-01-23,113.220836,138026000,15627419067.76
2024-01-24,112.493523,136676000,15375164735.04
2024-01-25,113.589102,136776000,15536263034.65
2024-01-26,113.425526,138626000,15723726927.69
2024-01-29,114.145533,138526000,15812124052.31
2024-01-30,114.200227,138276000,15791150531.23
2024-01-31,112.900729,138176000,15600171151.69
2024-02-01,114.83072,137926000,15838141841.12
2024-02-02,115.576775,137376000,15877474981.52
2024-02-05,114.954847,138026000,15866757723.32
2024-02-06,115.978222,137326000,15926825339.7
2024-02-07,116.723969,138476000,16163468359.37
2024-02-08,116.794763,138976000,16231668958.06
2024-02-09,116.932421,139226000,16280033221.83
2024-02-12,117.085032,138176000,16178341336.19
2024-02-13,115.903839,139676000,16188984684.43
2024-02-14,117.849797,140076000,16507928159.0
2024-02-15,118.701595,140126000,16633179725.79
2024-02-16,118.032037,138976000,16403620326.48
2024-02-20,117.617113,139676000,16428287911.59
2024-02-21,118.110735,138426000,16349596540.96
2024-02-22,119.585415,137576000,16452083012.42
2024-02-23,120.194347,138176000,16607974044.87
2024-02-26,120.057811,137876000,16553090730.29
2024-02-27,120.196979,137826000,16566268761.08
2024-02-28,120.589654,139126000,16777156184.92
2024-02-29,121.055958,138176000,16727027988.31
2024-03-01,121.486574,138426000,16816900500.71
2024-03-04,121.952645,139776000,17046052945.84
2024-03-05,120.948856,144026000,17419779912.53
2024-03-06,121.548554,142226000,17287364650.26
2024-03-07,122.585139,141676000,17367372114.73
2024-03-08,122.283099,140626000,17196183051.7
2024-03-11,121.640293,138976000,16905081331.91
2024-03-12,122.192621,139176000,17006280152.04
2024-03-13,122.489078,142276000,17427256022.04
2024-03-14,121.973754,141076000,17207569362.98
2024-03-15,122.072333,142726000,17422895781.48
2024-03-18,121.898864,141276000,17221383940.68
2024-03-19,122.904799,140376000,17252884014.1
2024-03-20,124.39598,140826000,17518188332.99
2024-03-21,125.640071,142026000,17844156702.01
2024-03-22,125.219005,143426000,17959660949.66
2024-03-25,124.361461,143876000,17892629502.38
2024-03-26,123.908418,145476000,18025700960.55
2024-03-27,125.915507,145376000,18305092734.34
2024-03-28,125.999035,144876000,18254236183.46
2024-04-01,125.009122,143926000,17992062934.66
2024-04-02,124.358923,144976000,18029059283.79
2024-04-03,124.995865,146576000,18321393931.45
2024-04-04,123.925318,147976000,18337972837.38
2024-04-05,125.692695,147826000,18580648313.27
2024-04-08,125.42367,147976000,18559692995.85
2024-04-09,125.143907,147176000,18418179594.13
2024-04-10,124.095607,146226000,18146004281.51
2024-04-11,124.237502,147426000,18315837967.62
2024-04-12,122.919274,146926000,18060037271.61
2024-04-15,122.026966,147876000,18044859689.89
2024-04-16,121.78985,148026000,18028064347.48
2024-04-17,121.100898,146476000,17738375152.28
2024-04-18,120.675648,147026000,17742457793.35
2024-04-19,120.467117,149426000,18000919391.57
2024-04-22,121.367821,151676000,18408585689.64
2024-04-23,123.071082,151576000,18654622261.53
2024-04-24,122.106005,150126000,18331286180.5
2024-04-25,122.455294,148326000,18163303870.84
2024-04-26,122.665205,146676000,17992041628.91
2024-04-29,123.51343,146876000,18141158577.06
2024-04-30,121.486945,146976000,17855665195.59
2024-05-01,121.232276,147776000,17915220892.0
2024-05-02,121.928858,148676000,18127894944.96
2024-05-03,122.797668,149476000,18355304160.48
2024-05-06,124.031202,148826000,18459067704.78
2024-05-07,124.33737,147976000,18398946634.07
2024-05-08,124.371497,147426000,18335592281.47
2024-05-09,125.540922,147376000,18501718936.33
2024-05-10,125.686042,151626000,19057271762.06
2024-05-13,125.119239,147676000,18477108764.52
2024-05-14,125.124982,148326000,18559288033.54
2024-05-15,125.911626,149526000,18827061738.09
2024-05-16,125.157615,149526000,18714317469.14
2024-05-17,125.310967,148676000,18630733277.42
2024-05-20,125.524342,148376000,18624799735.94
2024-05-21,125.106897,147826000,18494052089.73
2024-05-22,125.298701,147226000,18447226491.98
2024-05-23,123.801116,148076000,18331974024.56
2024-05-24,124.490882,147276000,18334519160.07
2024-05-28,122.919996,148276000,18226085361.21
2024-05-29,121.170155,148526000,17996918372.02
2024-05-30,122.024535,145376000,17739438834.15
2024-05-31,123.480358,150176000,18543786294.96
2024-06-03,121.979379,150876000,18403760739.71
2024-06-04,121.707235,147426000,17942810841.41
2024-06-05,122.928761,148226000,18221238497.28
2024-06-06,122.193979,149126000,18222299310.38
2024-06-07,122.334058,149676000,18310472536.55
2024-06-10,122.691602,149626000,18357853609.62
2024-06-11,122.029512,150576000,18374715731.29
2024-06-12,123.159171,147476000,18163021931.97
2024-06-13,122.368063,149826000,18333917438.03
2024-06-14,121.130798,148976000,18045581718.14
2024-06-17,122.432786,144976000,17749815607.38
2024-06-18,123.110658,147126000,18112778600.25
2024-06-20,123.178249,150226000,18504575580.35
2024-06-21,123.010968,149376000,18374886319.14
2024-06-24,123.049471,149726000,18423705059.38
2024-06-25,122.014444,149876000,18287036767.32
2024-06-26,121.71983,151376000,18425460971.22
2024-06-27,121.775741,148826000,18123396409.41
2024-06-28,121.898463,148576000,18111185991.61
2024-07-01,120.558568,148076000,17851830480.24
2024-07-02,121.223709,147576000,17889710025.55
2024-07-03,121.710524,149626000,18211058935.59
2024-07-05,121.233476,149726000,18151803460.05
2024-07-08,121.389047,149326000,18126540784.88
2024-07-09,120.838199,147776000,17856985733.78
2024-07-10,121.92407,147926000,18035740011.85
2024-07-11,123.476169,147176000,18172728587.19
2024-07-12,124.130787,150476000,18678704370.21
2024-07-15,125.00102,152576000,19072155577.43
2024-07-16,128.170358,153976000,19735158991.02
2024-07-17,126.509506,159126000,20130951587.89
2024-07-18,125.581747,158626000,19920530128.49
2024-07-19,124.830276,157826000,19701463089.63
2024-07-22,126.189343,155076000,19568938503.95
2024-07-23,125.927039,154526000,19459001651.34
2024-07-24,123.199219,154676000,19055962337.75
2024-07-25,124.134339,154526000,19181982901.42
2024-07-26,126.278132,152976000,19317523498.95
2024-07-29,126.079618,155726000,19633874550.28
2024-07-30,126.429545,154376000,19517687408.06
2024-07-31,127.85842,153626000,19642377600.7
2024-08-01,125.522719,153076000,19214515668.66
2024-08-02,122.77395,151926000,18652555074.92
2024-08-05,120.66962,150926000,18212183024.4
2024-08-06,122.089288,151726000,18524119327.11
2024-08-07,121.444524,150226000,18244125053.47
2024-08-08,124.242726,149726000,18602366335.11
2024-08-09,124.266303,151376000,18810935863.68
2024-08-12,123.659083,151176000,18694285468.98
2024-08-13,124.982383,151126000,18888087575.07
2024-08-14,125.50888,150676000,18911175981.77
2024-08-15,127.169083,151076000,19212196432.2
2024-08-16,126.987848,150826000,19153069087.89
2024-08-19,127.774921,154926000,19795657473.45
2024-08-20,127.40998,150426000,19165773706.75
2024-08-21,128.192102,150626000,19309063490.02
2024-08-22,127.963726,150276000,19229876823.24
2024-08-23,129.300709,150976000,19521303842.84
2024-08-26,129.148444,152126000,19646836124.04
2024-08-27,129.167761,149926000,19365605791.44
2024-08-28,129.117959,149726000,19332315579.36
2024-08-29,130.02287,149826000,19480806517.19
2024-08-30,131.506254,151176000,19880589504.45
2024-09-03,128.563284,149476000,19217125416.39
2024-09-04,128.713083,149426000,19233081208.74
2024-09-05,127.190036,149776000,19050014779.9
2024-09-06,125.838709,149126000,18765823270.93
2024-09-09,127.814034,149526000,19111521195.8
2024-09-10,128.036372,149376000,19125561129.11
2024-09-11,128.309657,147876000,18973918819.27
2024-09-12,129.240808,147826000,19105151675.88
2024-09-13,130.54245,147576000,19264932563.2
2024-09-16,131.23776,148276000,19459410090.26
2024-09-17,131.9183,147726000,19487762777.56
2024-09-18,131.804172,149876000,19754282044.94
2024-09-19,134.110766,149076000,19992696596.96
2024-09-20,133.186013,148426000,19768267218.27
2024-09-23,133.632968,149776000,20015011349.79
2024-09-24,134.570534,148176000,19940123386.74
2024-09-25,133.960818,146776000,19662233019.19
2024-09-26,134.634739,145226000,19552464656.16
2024-09-27,134.83701,145076000,19561614031.83
2024-09-30,135.508716,144776000,19618409810.45
2024-10-01,135.494665,144176000,19535078820.4
2024-10-02,135.233602,146076000,19754383579.26
2024-10-03,134.569808,146426000,19704518700.07
2024-10-04,135.550074,147176000,19949717653.67
2024-10-07,135.159405,147776000,19973316278.17
2024-10-08,135.451738,149676000,20273874319.83
2024-10-09,136.69835,147926000,20221240123.53
2024-10-10,135.962226,147626000,20071559633.79
2024-10-11,138.404795,147976000,20480587934.0
2024-10-14,139.194117,146376000,20374678075.22
2024-10-15,138.159899,146676000,20264741331.09
2024-10-16,139.219486,147726000,20566337736.69
2024-10-17,138.871269,148126000,20570445597.37
2024-10-18,139.233649,149176000,20770318818.41
2024-10-21,138.766799,146576000,20339882358.62
2024-10-22,137.121677,147026000,20160451700.49
2024-10-23,136.716516,147626000,20182912400.12
2024-10-24,135.748931,146276000,19856810622.33
2024-10-25,135.417471,145926000,19760929888.05
2024-10-28,135.781451,145626000,19773309640.31
2024-10-29,135.596309,146176000,19820926089.32
2024-10-30,135.341361,143226000,19384401833.42
2024-10-31,133.813324,148226000,19834613760.67
2024-11-01,134.042462,153426000,20565598797.93
2024-11-04,133.860531,151326000,20256578643.43
2024-11-05,136.090223,149826000,20389853768.11
2024-11-06,141.442367,149626000,21163455560.27
2024-11-07,140.600479,154026000,21656129413.89
2024-11-08,142.029854,152776000,21698752953.53
2024-11-11,143.159806,152026000,21764012723.71
2024-11-12,141.921294,151976000,21568630618.07
2024-11-13,142.235126,153926000,21893684058.33
2024-11-14,139.836895,153526000,21468599115.36
2024-11-15,139.076844,153276000,21317142382.21
2024-11-18,138.89473,157826000,21921199647.64
2024-11-19,138.807501,153426000,21296679695.62
2024-11-20,138.939965,153526000,21330897043.49
2024-11-21,140.647312,153476000,21585986799.64
2024-11-22,142.567755,154876000,22080323576.07
2024-11-25,143.515733,154026000,22105154367.27
2024-11-26,143.735326,154726000,22239592110.65
2024-11-27,143.218592,155076000,22209766326.72
2024-11-29,143.850302,155826000,22415617225.51
2024-12-02,142.929956,156026000,22300789275.8
2024-12-03,142.000572,156276000,22191281324.16
2024-12-04,142.62884,156276000,22289464567.81
2024-12-05,140.909675,156676000,22077164244.29
2024-12-06,140.571461,157576000,22150688567.37
2024-12-09,139.287711,157176000,21892685196.92
2024-12-10,138.977665,157626000,21906493403.01
2024-12-11,138.706644,157426000,21836032202.44
2024-12-12,137.766271,157626000,21715546160.05
2024-12-13,137.418799,157026000,21578324335.56
2024-12-16,137.523992,156676000,21546708992.37
2024-12-17,136.285131,157026000,21400308982.54
2024-12-18,132.43604,156526000,20729683599.49
2024-12-19,132.29779,154176000,20397144074.46
2024-12-20,133.844757,156026000,20883262095.72
2024-12-23,133.124043,156226000,20797436736.62
2024-12-24,134.189568,160126000,21487238778.99
2024-12-26,134.275688,160026000,21487601212.93
2024-12-27,133.196642,158226000,21075171861.52
2024-12-30,131.897226,157026000,20711293746.72
2024-12-31,131.746414,156876000,20667850473.53
2025-01-02,131.264816,155076000,20356022675.91
2025-01-03,132.721086,152526000,20243416373.31
2025-01-06,132.439909,153476000,20326347458.15
2025-01-07,132.30465,153726000,20338664663.84
2025-01-08,132.848617,153726000,20422286425.86
2025-01-10,131.378294,154226000,20261948801.59
2025-01-13,132.895768,152876000,20316573503.04
2025-01-14,134.432501,154126000,20719543652.8
2025-01-15,135.337393,154326000,20886078578.25
2025-01-16,136.940229,154176000,21112896798.34
2025-01-17,137.721866,153976000,21205861988.07
2025-01-21,140.543705,154626000,21731710966.47
2025-01-22,140.309666,156926000,22018234675.6
2025-01-23,141.650748,157326000,22285345535.07
2025-01-24,141.051816,156776000,22113539456.65
2025-01-27,139.194891,156476000,21780659782.61
2025-01-28,138.303928,157526000,21786464520.88
2025-01-29,137.778517,159576000,21986144676.25
2025-01-30,139.355645,160276000,22335365384.4
2025-01-31,138.366558,160726000,22239103357.32
2025-02-03,136.935644,160176000,21933803736.36
2025-02-04,137.028281,159626000,21873276369.02
2025-02-05,137.157531,159576000,21887050155.01
2025-02-06,137.730013,160176000,22061042635.67
2025-02-07,137.289745,160026000,21969928764.34
2025-02-10,138.542102,160126000,22184192580.06
2025-02-11,138.573967,159126000,22050721070.73
2025-02-12,137.776522,157576000,21710273201.46
2025-02-13,137.906351,157026000,21654882599.52
2025-02-14,137.542518,158026000,21735293979.06
2025-02-18,138.649769,159176000,22069715629.57
2025-02-19,138.766746,158726000,22025890461.69
2025-02-20,137.829519,160126000,22070089602.9
2025-02-21,134.794142,160126000,21584046840.74
2025-02-24,134.211141,158626000,21289376489.68
2025-02-25,134.920619,158026000,21320965758.16
2025-02-26,135.004832,157876000,21314022799.73
2025-02-27,134.503863,157376000,21167679922.41
2025-02-28,136.375849,156626000,21360003731.04
2025-03-03,134.42699,156476000,21034597694.88
2025-03-04,131.800076,155676000,20518108586.2
2025-03-05,133.894152,155476000,20817327183.88
2025-03-06,132.665493,154726000,20526801024.61
2025-03-07,134.261677,155726000,20908033969.16
2025-03-10,132.152125,157626000,20830610841.89
2025-03-11,130.116469,154776000,20138906546.86
2025-03-12,130.125425,154026000,20042698675.86
2025-03-13,128.756086,154026000,19831784964.59
2025-03-14,131.164657,154426000,20255233393.54
2025-03-17,132.932482,154626000,20554817948.72
2025-03-18,131.905058,153176000,20204689192.48
2025-03-19,133.609077,152576000,20385538497.29
2025-03-20,132.997756,151526000,20152617919.29
2025-03-21,132.277209,150276000,19878089809.38
2025-03-24,134.346437,148526000,19953938906.03
2025-03-25,134.488173,151276000,20344832792.43
2025-03-26,133.61006,151276000,20211995394.49
2025-03-27,132.923576,151726000,20167962457.19
2025-03-28,130.21595,153026000,19926425951.98
2025-03-31,131.072435,152726000,20018168707.42
2025-04-01,131.858985,152226000,20072365813.55
2025-04-02,133.09163,151176000,20120260263.19
2025-04-03,125.89669,151676000,19095506391.7
2025-04-04,117.980261,151176000,17835783879.97
2025-04-07,117.45731,150926000,17727361916.13
2025-04-08,116.407161,149476000,17400076815.04
2025-04-09,126.851925,148976000,18897892433.81
2025-04-10,123.538686,148976000,18404299264.69
2025-04-11,125.692341,146476000,18410911335.86
2025-04-14,127.001263,145976000,18539136337.24
2025-04-15,126.328719,146976000,18567289778.67
2025-04-16,124.5864,146926000,18304981349.83
2025-04-17,125.301414,146376000,18341119766.16
2025-04-21,122.49266,145526000,17825866892.47
2025-04-22,124.657266,147626000,18402653497.54
2025-04-23,126.209323,148526000,18745365835.08
2025-04-24,129.022352,147826000,19072858141.86
2025-04-25,129.048221,147826000,19076682351.21
2025-04-28,129.448048,147676000,19116369946.86
2025-04-29,130.271539,147626000,19231466181.08
2025-04-30,131.317904,147576000,19379371018.89
2025-05-01,132.233446,146226000,19335967925.85
2025-05-02,134.645169,145576000,19601105098.17
2025-05-05,134.611233,145176000,19542320301.13
2025-05-06,133.46202,145076000,19362136024.1
2025-05-07,134.14535,144676000,19407612625.58
2025-05-08,135.936928,144976000,19707592003.6
2025-05-09,136.089898,144926000,19722964616.12
2025-05-12,140.263856,144576000,20278787314.41
2025-05-13,141.275035,144626000,20432043149.61
2025-05-14,140.611635,145626000,20476709909.46
2025-05-15,142.179937,145976000,20754858470.54
2025-05-16,143.689935,146276000,21018388860.35
2025-05-19,144.282615,145226000,20953587009.2
2025-05-20,143.755094,145276000,20884164975.02
2025-05-21,141.335843,145276000,20532705879.52
2025-05-22,141.329588,146026000,20637794411.13
2025-05-23,140.812964,146776000,20667963626.22
2025-05-27,143.337016,147176000,21095768702.72
2025-05-28,142.59198,147426000,21021765314.86
2025-05-29,142.709039,147426000,21039022768.14
2025-05-30,142.903666,148776000,21260635790.76
2025-06-02,142.600517,149876000,21372395067.59
2025-06-03,143.695478,146726000,21083862733.54
2025-06-04,143.822175,147076000,21152790165.72
2025-06-05,143.691897,148076000,21277321385.37
2025-06-06,144.931848,146976000,21301503343.17
2025-06-09,144.802293,147326000,21333142567.17
2025-06-10,144.167793,148276000,21376623602.39
2025-06-11,144.205741,147976000,21338988734.65
2025-06-12,143.867725,146426000,21065975552.56
2025-06-13,142.646855,146526000,20901473082.38
2025-06-16,143.666124,146626000,21065189060.58
2025-06-17,142.583001,146676000,20913504252.16
2025-06-18,142.22832,144826000,20598358718.05
2025-06-20,142.420788,143626000,20455328152.56
2025-06-23,143.844441,143176000,20595071664.15
2025-06-24,145.076467,150426000,21823272571.44
2025-06-25,143.731082,149626000,21505906838.67
2025-06-26,145.318249,148876000,21634399646.84
2025-06-27,146.783827,149076000,21881945728.45
2025-06-30,147.553112,148876000,21967117049.09
2025-07-01,147.988888,149326000,22098588669.39
2025-07-02,148.142088,148876000,22054801426.41
2025-07-03,149.366846,149376000,22311821954.87
2025-07-07,148.870936,149326000,22230301410.49
2025-07-08,148.879065,147826000,22008196596.46
2025-07-09,149.91971,147926000,22177022990.22
2025-07-10,150.703956,148276000,22345779764.4
2025-07-11,150.240488,148026000,22239498416.0
2025-07-14,151.056761,148326000,22405645126.79
2025-07-15,149.902636,148476000,22256943821.3
2025-07-16,150.429224,148776000,22380258194.81
2025-07-17,151.744579,149076000,22621474907.35
2025-07-18,151.455124,148826000,22540460340.8
2025-07-21,150.587136,149226000,22471515929.91
2025-07-22,151.039315,150426000,22720239961.84
2025-07-23,153.678889,151226000,23240243606.74
2025-07-24,153.42911,150876000,23148770357.79
2025-07-25,154.932703,150976000,23391119810.95
2025-07-28,154.477695,151276000,23368767844.42
2025-07-29,152.71862,151926000,23201929075.02
2025-07-30,151.975646,151476000,23020662978.67
2025-07-31,151.979389,151926000,23089620708.66
2025-08-01,149.765394,153076000,22925487417.78
2025-08-04,151.127461,153526000,23201994587.09
2025-08-05,150.799228,154726000,23332561417.91
2025-08-06,150.892628,154876000,23369646713.82
2025-08-07,150.716014,154476000,23282007020.13
2025-08-08,150.705078,153526000,23137147769.53
2025-08-11,150.279722,151576000,22778799217.31
2025-08-12,151.90973,153476000,23314497735.8
2025-08-13,152.508924,154276000,23528466731.97
2025-08-14,151.170037,154476000,23352142709.67
2025-08-15,150.41288,154526000,23242700686.74
2025-08-18,151.065006,154076000,23275491916.0
2025-08-19,151.349341,153826000,23281463717.89
2025-08-20,151.206473,153276000,23176323366.31
2025-08-21,150.696695,152526000,22985164140.68
2025-08-22,153.14992,152926000,23420604666.22
2025-08-25,151.602035,154126000,23365815175.21
2025-08-26,153.164371,153426000,23499396856.94
2025-08-27,153.138951,153326000,23480182804.24
2025-08-28,153.396882,153326000,23519730301.47
2025-08-29,151.978591,153326000,23302269480.85
2025-09-02,150.57965,152476000,22959782771.86
2025-09-03,149.856996,153426000,22991959477.5
2025-09-04,151.483748,153576000,23264268027.99
2025-09-05,150.897827,153326000,23136560263.29
2025-09-08,151.220105,153276000,23178412844.73
2025-09-09,150.241953,153276000,23028485573.71
2025-09-10,151.334145,153676000,23256426057.32
2025-09-11,152.787236,153876000,23510288679.17
2025-09-12,151.569118,155276000,23535046302.82
2025-09-15,152.251171,155526000,23679015602.61
2025-09-16,151.82225,155176000,23559169518.57
2025-09-17,151.134056,153826000,23248347367.42
2025-09-18,152.728123,153626000,23463010655.79
2025-09-19,153.047969,154376000,23626933286.87
2025-09-22,152.997285,154476000,23634408604.22
2025-09-23,153.018695,154376000,23622414067.27
2025-09-24,152.242961,154426000,23510271472.09
2025-09-25,151.239119,154326000,23340128202.98
2025-09-26,152.554614,154426000,23558398882.9
2025-09-29,153.040517,154976000,23717607198.74
2025-09-30,154.290036,154676000,23864965599.03
2025-10-01,153.793735,155026000,23842027620.34
2025-10-02,154.168427,155176000,23923239882.08
2025-10-03,154.380998,155176000,23956225795.19
2025-10-06,155.108833,155326000,24092434566.1
2025-10-07,154.228825,155026000,23909477804.91
2025-10-08,155.539165,154476000,24027068124.07
2025-10-09,153.301469,154726000,23719723146.1
2025-10-10,149.904275,154276000,23126631902.43
2025-10-13,151.468968,152876000,23155969934.77
2025-10-14,153.246028,153226000,23481275849.15
2025-10-15,152.524943,153926000,23477554312.77
2025-10-16,151.621283,153426000,23262646954.82
2025-10-17,151.691909,153626000,23303821205.26
2025-10-20,153.517001,153276000,23530471859.56
2025-10-21,154.868294,153876000,23830513600.15
2025-10-22,152.834151,156776000,23960726827.35
2025-10-23,154.776484,156126000,24164633272.93
2025-10-24,154.869416,156876000,24295294489.37
2025-10-27,155.792637,157076000,24471284202.23
2025-10-28,154.660291,156876000,24262487797.71
2025-10-29,155.056671,156726000,24301411786.11
2025-10-30,154.673469,156676000,24233620462.29
2025-10-31,155.007499,156826000,24309206077.21
2025-11-03,154.353646,155826000,24052311190.79
2025-11-04,152.578651,156176000,23829123320.59
2025-11-05,153.184722,156076000,23908458659.57
2025-11-06,152.564873,156126000,23819343375.14
2025-11-07,153.312116,156426000,23982001021.34
2025-11-10,154.210589,155926000,24045440249.88
2025-11-11,154.219735,155826000,24031444429.3
2025-11-12,154.373134,156326000,24132534615.21
2025-11-13,152.021569,157126000,23886541111.54
2025-11-14,152.051223,156276000,23761956955.98
2025-11-17,150.536388,156376000,23540278194.65
2025-11-18,149.818713,155626000,23315687028.77
2025-11-19,150.354449,154926000,23293813421.21
2025-11-20,147.792676,155576000,22992993293.31
2025-11-21,149.604953,156626000,23432025378.23
2025-11-24,150.033645,156826000,23529176431.14
2025-11-25,151.914467,157326000,23900095504.13
2025-11-26,152.798707,157926000,24130888532.59
2025-11-28,153.675878,157826000,24254049133.89
2025-12-01,151.424298,159726000,24186397421.14
2025-12-02,152.744507,159976000,24435455267.49
2025-12-03,154.190132,160526000,24751525182.14
2025-12-04,154.975956,160826000,24924163065.36
2025-12-05,154.590413,161326000,24939452919.01
2025-12-08,154.372096,160926000,24842483913.73
2025-12-09,153.243759,161376000,24729864878.0
2025-12-10,156.056161,161626000,25222733058.7
2025-12-11,157.708494,163226000,25742126713.31
2025-12-12,156.728589,163326000,25597853473.03
2025-12-15,156.97601,162776000,25551927032.01
2025-12-16,156.071388,163076000,25451497709.07
2025-12-17,153.517377,164176000,25203868951.65
2025-12-18,154.493481,163476000,25255976328.07
2025-12-19,155.872422,164126000,25582717131.03
2025-12-22,157.080963,164326000,25812486262.43
2025-12-23,156.999423,165026000,25908986808.04
2025-12-24,157.498975,165026000,25991425834.95
2025-12-26,157.181664,164426000,25844752284.7
2025-12-29,156.838586,164426000,25788341383.8
2025-12-30,156.410424,164426000,25717940408.52
2025-12-31,155.077742,164776000,25553089964.85
2026-01-02,157.998049,164776000,26034286466.22
2026-01-05,159.80142,165776000,26491240280.42
2026-01-06,162.011977,169626000,27481443557.02
2026-01-07,158.938477,169576000,26952151214.62
2026-01-08,160.179487,169776000,27194632526.22
2026-01-09,161.95886,170476000,27610098642.04
2026-01-12,163.17969,169926000,27728471993.05
2026-01-13,164.017313,169926000,27870805979.52
2026-01-14,164.247543,170026000,27926352684.32
2026-01-15,165.773563,169726000,28136083675.14
2026-01-16,166.860194,169676000,28312170230.0
2026-01-20,163.572408,168526000,27566203694.41
2026-01-21,166.36673,167626000,27887389448.35
2026-01-22,165.515233,167726000,27761207963.42
2026-01-23,164.195152,167376000,27482327713.25
2026-01-26,164.362926,167026000,27452882004.02
2026-01-27,165.048647,166776000,27526153166.18
2026-01-28,164.190894,166826000,27391310140.3
2026-01-29,165.868342,166576000,27629684981.91
2026-01-30,165.410242,169176000,27983443185.16
2026-02-02,167.491545,168076000,28151308908.6
2026-02-03,168.988612,170426000,28800053208.96
2026-02-04,169.392877,172126000,29156918422.23
2026-02-05,168.363112,172176000,28988087094.11
2026-02-06,173.169569,172776000,29919545404.06
2026-02-09,173.745786,173626000,30166785893.47
2026-02-10,173.949775,174176000,30297876041.41
2026-02-11,174.846136,174276000,30471485165.56
2026-02-12,172.751625,174126000,30080549402.23
2026-02-13,174.213815,174676000,30430972324.27
2026-02-17,175.037918,176726000,30933751131.54
2026-02-18,175.049816,177626000,31093398665.39
2026-02-19,176.400806,177626000,31333369614.96
2026-02-20,177.23378,178126000,31569944220.92
2026-02-23,174.815347,178076000,31130417776.24
2026-02-24,176.963604,177426000,31397944406.84
2026-02-25,175.57256,178626000,31361824098.11
2026-02-26,176.689026,179576000,31729108610.57
2026-02-27,177.170173,178626000,31647199302.21
2026-03-02,178.935978,178026000,31855256386.06
2026-03-03,175.421843,177926000,31212106838.31
2026-03-04,175.988503,176826000,31119342964.21
2026-03-05,172.107249,175476000,30200691592.29
2026-03-06,169.959827,173926000,29560432900.27
2026-03-09,170.93593,174476000,29824217278.61
2026-03-10,169.973983,173276000,29452411799.56
2026-03-11,169.516966,173176000,29356270126.47
2026-03-12,165.244213,173326000,28641118474.2
2026-03-13,164.64049,173076000,28495317533.03
2026-03-16,166.048777,172076000,28573009309.3
2026-03-17,166.463435,172126000,28652685168.29
2026-03-18,165.180553,171976000,28407090830.91
2026-03-19,164.076377,172426000,28291033352.68
2026-03-20,161.620797,171126000,27657520518.66
2026-03-23,163.041969,171026000,27884415710.22
2026-03-24,163.973463,173726000,28486453769.2
2026-03-25,165.085283,174326000,28778657098.93
2026-03-26,161.260588,172676000,27845833216.69
2026-03-27,159.217716,173826000,27676178634.48
2026-03-30,156.653834,174726000,27371497742.12
2026-03-31,161.750683,175176000,28334837604.44
2026-04-01,164.422346,173526000,28531551974.35
2026-04-02,163.789368,173726000,28454471827.13
2026-04-06,164.607717,172526000,28399110920.12
2026-04-07,164.260389,173176000,28445957116.52
2026-04-08,170.425379,173076000,29496542845.72
2026-04-09,172.201274,176026000,30311901416.01
2026-04-10,171.4761,177476000,30432892360.09
2026-04-13,172.784239,176676000,30526828225.74
2026-04-14,173.362904,177376000,30750418455.87
2026-04-15,171.206342,175626000,30068284982.99
2026-04-16,170.370757,176126000,30006719934.26
2026-04-17,173.46816,176076000,30543579820.34
2026-04-20,173.801219,176976000,30758644610.01
2026-04-21,171.390701,176976000,30332040651.57
2026-04-22,171.050269,177526000,30365870005.1
2026-04-23,174.04966,174076000,30297868673.7
2026-04-24,172.508402,175676000,30305585981.14
2026-04-27,172.458457,173526000,29926026229.09
2026-04-28,170.945996,173076000,29586649219.79
2026-04-29,169.880255,173126000,29410689033.47
2026-04-30,174.568222,172376000,30091371892.36
2026-05-01,172.941539,174076000,30104971289.93
2026-05-04,170.931295,174976000,29908874298.4
2026-05-05,172.407372,175376000,30236115223.93
2026-05-06,176.886027,175876000,31110006949.82
2026-05-07,174.019978,178176000,31006183586.96
2026-05-08,173.268755,176776000,30629757479.32
2026-05-11,175.025653,178276000,31202873261.82
2026-05-12,174.324403,177876000,31008127521.84
2026-05-13,173.600014,177426000,30801156055.76
2026-05-14,174.47743,175926000,30695116380.64
2026-05-15,171.355297,174426000,29888818973.22
2026-05-18,170.68769,171876000,29337117450.46
2026-05-19,168.689311,173426000,29255112468.68
2026-05-20,170.713676,172926000,29520833169.0
2026-05-21,170.512,173376000,29562688540.52
2026-05-22,171.741281,174026000,29887448212.85
2026-05-26,174.281361,174326000,30381772484.19
2026-05-27,174.320787,175576000,30606546585.14
2026-05-28,173.852904,175276000,30472241600.28
2026-05-29,173.138783,174526000,30217219296.29
2026-06-01,172.396269,174576000,30096251099.75
2026-06-02,174.120533,174476000,30379854089.49
2026-06-03,173.947718,174776000,30401886330.65
2026-06-04,176.101119,175026000,30822274398.35
2026-06-05,174.200552,175976000,30655116347.39
2026-06-08,173.620044,175776000,30518236939.08
2026-06-09,175.626662,175576000,30835826823.41
2026-06-10,169.633701,175926000,29842978502.39
2026-06-11,175.148459,175076000,30664291689.72
2026-06-12,176.219183,176326000,31072023667.24
2026-06-15,178.622799,177426000,31692328795.64
2026-06-16,179.825946,179276000,32238476324.88
2026-06-17,179.60477,181026000,32513133040.71
2026-06-18,180.890541,181626000,32854425409.57
2026-06-22,181.819388,180676000,32850399708.6
2026-06-23,178.129315,181826000,32388540877.68
2026-06-24,180.235219,179976000,32438013756.96
2026-06-25,184.173732,180426000,33229729794.1
2026-06-26,181.34675,181676000,32946352175.35
2026-06-29,182.810672,180376000,32974657729.52
2026-06-30,185.315534,183276000,33963889827.86
2026-07-01,183.356659,182576000,33476525291.55
2026-07-02,183.948465,185076000,34044446016.9
2026-07-06,185.516958,185776000,34464598376.67
2026-07-07,182.427315,185626000,33863252790.59
2026-07-08,180.450887,185276000,33433218530.52
2026-07-09,181.121905,185726000,33639046926.39
2026-07-10,181.933288,185326000,33716968479.13
2026-07-13,180.318605,185576000,33462805417.27
2026-07-14,180.384831,185776000,33511172316.96
2026-07-15,180.065531,186126000,33514876979.56
2026-07-16,180.168022,185426000,33407835648.95
2026-07-17,179.447036,184726000,33148533080.43
2026-07-20,178.080049,183576000,32691223049.76
2026-07-21,178.685767,182376000,32587995470.66
2026-07-22,178.812956,182326000,32602251051.55
2026-07-23,181.981518,182376000,33189061379.69
2026-07-24,182.618487,182976000,33414800250.92
2026-07-27,183.199362,182376000,33411166791.89
2026-07-28,182.460711,180976000,33021009569.56
2026-07-29,176.553505,181676000,32075534664.64
2026-07-30,178.320107,181876000,32432147832.46
2026-07-31,179.727834,182926000,32876893793.1
2026-08-03,183.077297,184526000,33782521291.25
2026-08-04,186.367136,183576000,34212533382.79
2026-08-05,186.338971,187676000,34971352676.93
2026-08-06,184.785791,186676000,34495072296.24
2026-08-07,185.171021,188026000,34816966485.1
2026-08-10,184.621267,187226000,34565901255.84
2026-08-11,185.726396,186526000,34642801802.97
2026-08-12,185.881775,188176000,34978488916.7
