date,nav,shares_outstanding,total_net_assets
2003-12-01,20.14,,
2003-12-02,20.03,,
2003-12-03,19.91,,
2003-12-04,20.14,,
2003-12-05,19.84,,
2003-12-08,19.92,,
2003-12-09,19.45,,
2003-12-10,19.59,,
2003-12-11,19.91,,
2003-12-12,19.92,,
2003-12-15,19.7,,
2003-12-16,19.8,,
2003-12-17,19.75,,
2003-12-18,20.13,,
2003-12-19,19.88,,
2003-12-22,19.95,,
2003-12-23,20.12,,
2003-12-24,20.06,,
2003-12-26,20.1,,
2003-12-29,20.45,,
2003-12-30,20.46,,
2003-12-31,20.47,,
2004-01-02,20.48,,
2004-01-05,21.03,,
2004-01-06,21.16,,
2004-01-07,21.31,,
2004-01-08,21.71,,
2004-01-09,21.4,,
2004-01-12,21.69,,
2004-01-13,21.46,,
2004-01-14,21.68,,
2004-01-15,21.73,,
2004-01-16,22.06,,
2004-01-20,22.1,,
2004-01-21,21.98,,
2004-01-22,21.7,,
2004-01-23,21.7,,
2004-01-26,22.1,,
2004-01-27,21.68,,
2004-01-28,21.35,,
2004-01-29,21.28,,
2004-01-30,21.24,,
2004-02-02,21.26,,
2004-02-03,21.31,,
2004-02-04,20.74,,
2004-02-05,20.76,,
2004-02-06,21.2,,
2004-02-09,21.1,,
2004-02-10,21.23,,
2004-02-11,21.44,,
2004-02-12,21.25,,
2004-02-13,21.08,,
2004-02-17,21.39,,
2004-02-18,21.3,,
2004-02-19,21.0,,
2004-02-20,20.87,,
2004-02-23,20.6,,
2004-02-24,20.62,,
2004-02-25,20.75,,
2004-02-26,20.82,,
2004-02-27,20.74,,
2004-03-01,20.99,,
2004-03-02,20.9,,
2004-03-03,20.79,,
2004-03-04,20.97,,
2004-03-05,20.82,,
2004-03-08,20.39,,
2004-03-09,20.3,,
2004-03-10,20.0,,
2004-03-11,19.77,,
2004-03-12,20.17,,
2004-03-15,19.77,,
2004-03-16,19.86,,
2004-03-17,20.14,,
2004-03-18,19.99,,
2004-03-19,19.7,,
2004-03-22,19.45,,
2004-03-23,19.38,,
2004-03-24,19.52,,
2004-03-25,20.11,,
2004-03-26,19.99,,
2004-03-29,20.3,,
2004-03-30,20.31,,
2004-03-31,20.22,,
2004-04-01,20.4,,
2004-04-02,20.88,,
2004-04-05,21.09,,
2004-04-06,20.88,,
2004-04-07,20.69,,
2004-04-08,20.74,,
2004-04-12,20.81,,
2004-04-13,20.56,,
2004-04-14,20.52,,
2004-04-15,20.26,,
2004-04-16,20.1,,
2004-04-19,20.31,,
2004-04-20,19.9,,
2004-04-21,20.15,,
2004-04-22,20.47,,
2004-04-23,20.77,,
2004-04-26,20.55,,
2004-04-27,20.43,,
2004-04-28,20.09,,
2004-04-29,19.78,,
2004-04-30,19.41,,
2004-05-03,19.54,,
2004-05-04,19.69,,
2004-05-05,19.76,,
2004-05-06,19.66,,
2004-05-07,19.61,,
2004-05-10,19.52,,
2004-05-11,19.81,,
2004-05-12,19.71,,
2004-05-13,19.75,,
2004-05-14,19.49,,
2004-05-17,19.23,,
2004-05-18,19.42,,
2004-05-19,19.48,,
2004-05-20,19.49,,
2004-05-21,19.57,,
2004-05-24,19.59,,
2004-05-25,19.93,,
2004-05-26,19.95,,
2004-05-27,19.95,,
2004-05-28,20.08,,
2004-06-01,20.02,,
2004-06-02,19.98,,
2004-06-03,19.73,,
2004-06-04,19.93,,
2004-06-07,20.42,,
2004-06-08,20.52,,
2004-06-09,20.28,,
2004-06-10,20.42,,
2004-06-14,20.15,,
2004-06-15,20.38,,
2004-06-16,20.3,,
2004-06-17,20.12,,
2004-06-18,20.17,,
2004-06-21,20.03,,
2004-06-22,20.25,,
2004-06-23,20.53,,
2004-06-24,20.41,,
2004-06-25,20.4,,
2004-06-28,20.35,,
2004-06-29,20.56,,
2004-06-30,20.65,,
2004-07-01,20.3,,
2004-07-02,20.11,,
2004-07-06,19.66,,
2004-07-07,19.78,,
2004-07-08,19.48,,
2004-07-09,19.65,,
2004-07-12,19.59,,
2004-07-13,19.51,,
2004-07-14,19.22,,
2004-07-15,19.12,,
2004-07-16,18.86,,
2004-07-19,18.94,,
2004-07-20,19.28,,
2004-07-21,18.94,,
2004-07-22,19.22,,
2004-07-23,18.86,,
2004-07-26,18.94,,
2004-07-27,19.15,,
2004-07-28,19.15,,
2004-07-29,19.37,,
2004-07-30,19.43,,
2004-08-02,19.52,,
2004-08-03,19.17,,
2004-08-04,19.22,,
2004-08-05,18.92,,
2004-08-06,18.44,,
2004-08-09,18.45,,
2004-08-10,18.77,,
2004-08-11,18.34,,
2004-08-12,17.92,,
2004-08-13,18.04,,
2004-08-16,18.21,,
2004-08-17,18.32,,
2004-08-18,18.67,,
2004-08-19,18.57,,
2004-08-20,18.66,,
2004-08-23,18.75,,
2004-08-24,18.65,,
2004-08-25,18.85,,
2004-08-26,18.76,,
2004-08-27,18.86,,
2004-08-30,18.63,,
2004-08-31,18.61,,
2004-09-01,18.71,,
2004-09-02,18.91,,
2004-09-03,18.54,,
2004-09-07,18.63,,
2004-09-08,18.61,,
2004-09-09,18.89,,
2004-09-10,19.22,,
2004-09-13,19.34,,
2004-09-14,19.38,,
2004-09-15,19.11,,
2004-09-16,19.16,,
2004-09-17,19.24,,
2004-09-20,19.31,,
2004-09-21,19.42,,
2004-09-22,19.1,,
2004-09-23,19.12,,
2004-09-24,18.99,,
2004-09-27,18.82,,
2004-09-28,18.84,,
2004-09-29,19.06,,
2004-09-30,19.1,,
2004-10-01,19.64,,
2004-10-04,19.78,,
2004-10-05,19.88,,
2004-10-06,20.04,,
2004-10-07,19.84,,
2004-10-08,19.52,,
2004-10-11,19.58,,
2004-10-12,19.51,,
2004-10-13,19.51,,
2004-10-14,19.36,,
2004-10-15,19.44,,
2004-10-18,19.66,,
2004-10-19,19.63,,
2004-10-20,19.69,,
2004-10-21,19.84,,
2004-10-22,19.43,,
2004-10-25,19.4,,
2004-10-26,19.48,,
2004-10-27,19.89,,
2004-10-28,19.97,,
2004-10-29,20.0,,
2004-11-01,20.09,,
2004-11-02,20.16,,
2004-11-03,20.25,,
2004-11-04,20.48,,
2004-11-05,20.65,,
2004-11-08,20.69,,
2004-11-09,20.68,,
2004-11-10,20.48,,
2004-11-11,20.76,,
2004-11-12,21.07,,
2004-11-15,21.16,,
2004-11-16,21.01,,
2004-11-17,21.27,,
2004-11-18,21.34,,
2004-11-19,20.98,,
2004-11-22,21.06,,
2004-11-23,20.97,,
2004-11-24,21.11,,
2004-11-26,21.06,,
2004-11-29,21.1,,
2004-11-30,20.95,,
2004-12-01,21.45,,
2004-12-02,21.45,,
2004-12-03,21.61,,
2004-12-06,21.73,,
2004-12-07,21.39,,
2004-12-08,21.39,,
2004-12-09,21.38,,
2004-12-10,21.29,,
2004-12-13,21.52,,
2004-12-14,21.6,,
2004-12-15,21.56,,
2004-12-16,21.46,,
2004-12-17,20.86,,
2004-12-20,20.84,,
2004-12-21,21.07,,
2004-12-22,21.12,,
2004-12-23,21.13,,
2004-12-27,21.03,,
2004-12-28,21.12,,
2004-12-29,21.13,,
2004-12-30,21.13,,
2004-12-31,21.12,,
2005-01-03,20.96,,
2005-01-04,20.56,,
2005-01-05,20.48,,
2005-01-06,20.45,,
2005-01-07,20.48,,
2005-01-10,20.49,,
2005-01-11,20.28,,
2005-01-12,20.37,,
2005-01-13,20.15,,
2005-01-14,20.24,,
2005-01-18,20.44,,
2005-01-19,20.04,,
2005-01-20,19.87,,
2005-01-21,19.72,,
2005-01-24,19.53,,
2005-01-25,19.61,,
2005-01-26,19.78,,
2005-01-27,19.8,,
2005-01-28,19.77,,
2005-01-31,19.94,,
2005-02-01,20.03,,
2005-02-02,20.06,,
2005-02-03,19.91,,
2005-02-04,20.27,,
2005-02-07,20.22,,
2005-02-08,20.27,,
2005-02-09,19.99,,
2005-02-10,19.97,,
2005-02-11,20.16,,
2005-02-14,20.21,,
2005-02-15,20.32,,
2005-02-16,20.23,,
2005-02-17,19.95,,
2005-02-18,19.92,,
2005-02-22,19.73,,
2005-02-23,19.72,,
2005-02-24,19.91,,
2005-02-25,20.04,,
2005-02-28,19.98,,
2005-03-01,20.19,,
2005-03-02,20.13,,
2005-03-03,20.01,,
2005-03-04,20.08,,
2005-03-07,20.3,,
2005-03-08,20.11,,
2005-03-09,20.06,,
2005-03-10,20.15,,
2005-03-11,19.88,,
2005-03-14,19.97,,
2005-03-15,19.78,,
2005-03-16,19.57,,
2005-03-17,19.56,,
2005-03-18,19.46,,
2005-03-21,19.47,,
2005-03-22,19.25,,
2005-03-23,19.38,,
2005-03-24,19.36,,
2005-03-28,19.38,,
2005-03-29,19.27,,
2005-03-30,19.57,,
2005-03-31,19.53,,
2005-04-01,19.39,,
2005-04-04,19.47,,
2005-04-05,19.52,,
2005-04-06,19.5,,
2005-04-07,19.72,,
2005-04-08,19.58,,
2005-04-11,19.49,,
2005-04-12,19.58,,
2005-04-13,19.28,,
2005-04-14,19.05,,
2005-04-15,18.47,,
2005-04-18,18.5,,
2005-04-19,18.68,,
2005-04-20,18.5,,
2005-04-21,19.05,,
2005-04-22,18.83,,
2005-04-25,18.98,,
2005-04-26,18.78,,
2005-04-27,18.91,,
2005-04-28,18.71,,
2005-04-29,18.9,,
2005-05-02,18.89,,
2005-05-03,18.94,,
2005-05-04,19.15,,
2005-05-05,19.09,,
2005-05-06,19.16,,
2005-05-09,19.23,,
2005-05-10,19.04,,
2005-05-11,19.14,,
2005-05-12,19.12,,
2005-05-13,19.36,,
2005-05-16,19.53,,
2005-05-17,19.63,,
2005-05-18,19.88,,
2005-05-19,20.02,,
2005-05-20,20.06,,
2005-05-23,20.12,,
2005-05-24,20.18,,
2005-05-25,20.12,,
2005-05-26,20.34,,
2005-05-27,20.32,,
2005-05-31,20.18,,
2005-06-01,20.37,,
2005-06-02,20.47,,
2005-06-03,20.24,,
2005-06-06,20.21,,
2005-06-07,20.14,,
2005-06-08,20.16,,
2005-06-09,20.29,,
2005-06-10,20.14,,
2005-06-13,20.25,,
2005-06-14,20.16,,
2005-06-15,20.24,,
2005-06-16,20.28,,
2005-06-17,20.29,,
2005-06-20,20.29,,
2005-06-21,20.35,,
2005-06-22,20.39,,
2005-06-23,20.23,,
2005-06-24,19.96,,
2005-06-27,19.84,,
2005-06-28,20.05,,
2005-06-29,20.08,,
2005-06-30,19.93,,
2005-07-01,19.94,,
2005-07-05,20.12,,
2005-07-06,20.05,,
2005-07-07,20.11,,
2005-07-08,20.44,,
2005-07-11,20.64,,
2005-07-12,20.76,,
2005-07-13,20.88,,
2005-07-14,21.03,,
2005-07-15,21.04,,
2005-07-18,20.9,,
2005-07-19,21.21,,
2005-07-20,21.18,,
2005-07-21,21.03,,
2005-07-22,20.98,,
2005-07-25,20.9,,
2005-07-26,20.99,,
2005-07-27,21.14,,
2005-07-28,21.16,,
2005-07-29,21.03,,
2005-08-01,21.06,,
2005-08-02,21.28,,
2005-08-03,21.4,,
2005-08-04,21.2,,
2005-08-05,21.14,,
2005-08-08,21.01,,
2005-08-09,21.15,,
2005-08-10,20.91,,
2005-08-11,21.07,,
2005-08-12,20.82,,
2005-08-15,20.94,,
2005-08-16,20.68,,
2005-08-17,20.89,,
2005-08-18,20.76,,
2005-08-19,20.76,,
2005-08-22,20.82,,
2005-08-23,20.8,,
2005-08-24,20.67,,
2005-08-25,20.69,,
2005-08-26,20.62,,
2005-08-29,20.74,,
2005-08-30,20.71,,
2005-08-31,20.88,,
2005-09-01,20.8,,
2005-09-02,20.73,,
2005-09-06,21.0,,
2005-09-07,20.99,,
2005-09-08,21.01,,
2005-09-09,21.08,,
2005-09-12,21.09,,
2005-09-13,21.09,,
2005-09-14,20.91,,
2005-09-15,20.84,,
2005-09-16,21.0,,
2005-09-19,20.84,,
2005-09-20,20.7,,
2005-09-21,20.47,,
2005-09-22,20.53,,
2005-09-23,20.58,,
2005-09-26,20.54,,
2005-09-27,20.45,,
2005-09-28,20.57,,
2005-09-29,20.77,,
2005-09-30,20.89,,
2005-10-03,20.89,,
2005-10-04,20.68,,
2005-10-05,20.38,,
2005-10-06,20.19,,
2005-10-07,20.21,,
2005-10-10,20.05,,
2005-10-11,19.93,,
2005-10-12,19.82,,
2005-10-13,19.92,,
2005-10-14,20.0,,
2005-10-17,19.99,,
2005-10-18,19.93,,
2005-10-19,20.19,,
2005-10-20,20.04,,
2005-10-21,20.16,,
2005-10-24,20.42,,
2005-10-25,20.32,,
2005-10-26,20.25,,
2005-10-27,20.01,,
2005-10-28,20.22,,
2005-10-31,20.45,,
2005-11-01,20.36,,
2005-11-02,20.61,,
2005-11-03,20.77,,
2005-11-04,20.88,,
2005-11-07,20.94,,
2005-11-08,20.91,,
2005-11-09,20.94,,
2005-11-10,21.08,,
2005-11-11,21.12,,
2005-11-14,21.14,,
2005-11-15,21.08,,
2005-11-16,21.16,,
2005-11-17,21.46,,
2005-11-18,21.52,,
2005-11-21,21.54,,
2005-11-22,21.68,,
2005-11-23,21.79,,
2005-11-25,21.86,,
2005-11-28,21.79,,
2005-11-29,21.76,,
2005-11-30,21.72,,
2005-12-01,22.05,,
2005-12-02,22.05,,
2005-12-05,21.89,,
2005-12-06,21.95,,
2005-12-07,21.88,,
2005-12-08,21.72,,
2005-12-09,21.84,,
2005-12-12,21.87,,
2005-12-13,21.85,,
2005-12-14,21.81,,
2005-12-15,21.78,,
2005-12-16,21.54,,
2005-12-19,21.28,,
2005-12-20,21.24,,
2005-12-21,21.25,,
2005-12-22,21.35,,
2005-12-23,21.36,,
2005-12-27,21.2,,
2005-12-28,21.18,,
2005-12-29,21.04,,
2005-12-30,20.92,,
2006-01-03,21.29,,
2006-01-04,21.52,,
2006-01-05,21.68,,
2006-01-06,22.0,,
2006-01-09,22.06,,
2006-01-10,22.06,,
2006-01-11,22.3,,
2006-01-12,22.14,,
2006-01-13,22.15,,
2006-01-17,21.92,,
2006-01-18,21.68,,
2006-01-19,21.85,,
2006-01-20,21.26,,
2006-01-23,21.2,,
2006-01-24,21.26,,
2006-01-25,21.33,,
2006-01-26,21.49,,
2006-01-27,21.71,,
2006-01-30,21.78,,
2006-01-31,21.63,,
2006-02-01,21.76,,
2006-02-02,21.45,,
2006-02-03,21.29,,
2006-02-06,21.2,,
2006-02-07,21.2,,
2006-02-08,21.6,,
2006-02-09,21.49,,
2006-02-10,21.61,,
2006-02-13,21.45,,
2006-02-14,21.76,,
2006-02-15,21.84,,
2006-02-16,22.08,,
2006-02-17,21.91,,
2006-02-21,21.67,,
2006-02-22,21.8,,
2006-02-23,21.69,,
2006-02-24,21.68,,
2006-02-27,21.88,,
2006-02-28,21.68,,
2006-03-01,22.11,,
2006-03-02,22.09,,
2006-03-03,21.96,,
2006-03-06,21.91,,
2006-03-07,21.76,,
2006-03-08,21.78,,
2006-03-09,21.63,,
2006-03-10,21.74,,
2006-03-13,21.79,,
2006-03-14,22.05,,
2006-03-15,22.19,,
2006-03-16,22.04,,
2006-03-17,22.09,,
2006-03-20,22.14,,
2006-03-21,22.04,,
2006-03-22,22.07,,
2006-03-23,22.0,,
2006-03-24,22.07,,
2006-03-27,22.09,,
2006-03-28,21.89,,
2006-03-29,22.22,,
2006-03-30,22.24,,
2006-03-31,22.14,,
2006-04-03,22.25,,
2006-04-04,22.34,,
2006-04-05,22.52,,
2006-04-06,22.52,,
2006-04-07,22.3,,
2006-04-10,22.25,,
2006-04-11,22.06,,
2006-04-12,22.04,,
2006-04-13,22.09,,
2006-04-17,21.87,,
2006-04-18,22.29,,
2006-04-19,22.26,,
2006-04-20,22.26,,
2006-04-21,22.08,,
2006-04-24,22.0,,
2006-04-25,21.99,,
2006-04-26,22.1,,
2006-04-27,22.28,,
2006-04-28,21.85,,
2006-05-01,21.72,,
2006-05-02,21.75,,
2006-05-03,21.69,,
2006-05-04,21.8,,
2006-05-05,21.91,,
2006-05-08,21.95,,
2006-05-09,21.85,,
2006-05-10,21.62,,
2006-05-11,21.15,,
2006-05-12,20.97,,
2006-05-15,20.97,,
2006-05-16,20.79,,
2006-05-17,20.53,,
2006-05-18,20.43,,
2006-05-19,20.58,,
2006-05-22,20.42,,
2006-05-23,20.29,,
2006-05-24,20.46,,
2006-05-25,20.65,,
2006-05-26,20.77,,
2006-05-30,20.35,,
2006-05-31,20.432066,73403546,1499786112.17
2006-06-01,20.797397,73403546,1526602696.64
2006-06-02,20.730841,73403546,1521717235.68
2006-06-05,20.375232,73903546,1505801893.14
2006-06-06,20.375196,73903546,1505799206.73
2006-06-07,20.146303,73903546,1488883213.58
2006-06-08,20.027243,73503546,1472073359.43
2006-06-09,19.941714,73503546,1465786711.32
2006-06-12,19.590055,73003546,1430143467.83
2006-06-13,19.566574,73003546,1428429301.08
2006-06-14,19.739009,73503546,1450887171.02
2006-06-15,20.240857,71503546,1447293083.24
2006-06-16,20.179371,71503546,1442896599.52
2006-06-19,20.087817,73153546,1469495037.09
2006-06-20,20.060811,73153546,1467519479.35
2006-06-21,20.3361,73153546,1487657813.38
2006-06-22,20.092665,73153546,1469849667.78
2006-06-23,20.011068,73153546,1463880557.1
2006-06-26,20.071761,73153546,1468320496.02
2006-06-27,19.812417,72903546,1444395430.27
2006-06-28,19.924827,72903546,1452590511.05
2006-06-29,20.42355,72903546,1488949244.05
2006-06-30,20.284253,72903546,1478793988.37
2006-07-03,20.493035,72903546,1494014920.4
2006-07-05,20.181198,72903546,1471280864.58
2006-07-06,20.200195,72903546,1472665867.91
2006-07-07,19.967663,72903546,1455713403.34
2006-07-10,19.750209,72903546,1439860280.11
2006-07-11,19.835547,72903546,1446081712.45
2006-07-12,19.454336,72753546,1415371930.09
2006-07-13,19.132771,72753546,1391976917.49
2006-07-14,19.081997,72103546,1375879612.78
2006-07-17,19.154532,72103546,1381109713.9
2006-07-18,19.21956,72103546,1385798441.83
2006-07-19,19.470307,72053546,1402904654.64
2006-07-20,19.231641,72053546,1385707906.59
2006-07-21,18.996403,72153546,1370657854.21
2006-07-24,19.318957,72153546,1393931271.94
2006-07-25,19.485148,72153546,1405922509.18
2006-07-26,19.535846,72153546,1409580581.76
2006-07-27,19.489313,72153546,1406223072.99
2006-07-28,19.853647,71853546,1426554964.67
2006-07-31,19.801101,71853546,1422779305.62
2006-08-01,19.518707,71853546,1402488300.63
2006-08-02,19.738251,71853546,1418263328.41
2006-08-03,19.816564,71853546,1423890416.54
2006-08-04,19.763225,71903546,1421045925.72
2006-08-07,19.661578,71953546,1414720257.45
2006-08-08,19.614029,72203546,1416202464.67
2006-08-09,19.746199,72303546,1427720190.85
2006-08-10,19.838871,73003546,1448307923.7
2006-08-11,19.705223,73153546,1441506967.42
2006-08-14,19.86711,73453546,1459309699.62
2006-08-15,20.337325,73453546,1493848662.62
2006-08-16,20.688238,73753546,1525830937.56
2006-08-17,20.745998,74953546,1554986115.51
2006-08-18,20.864677,75203546,1569097673.68
2006-08-21,20.703237,75203546,1556956804.0
2006-08-22,20.704651,75203546,1557063204.76
2006-08-23,20.620034,75203546,1550699674.42
2006-08-24,20.694178,74203546,1535581360.05
2006-08-25,20.74058,74203546,1539024590.09
2006-08-28,20.936299,74203546,1553547632.0
2006-08-29,21.0963,74203546,1565420248.65
2006-08-30,21.25998,73603546,1564809909.76
2006-08-31,21.191104,73803546,1563978609.34
2006-09-01,21.283914,73903546,1572956693.26
2006-09-05,21.375078,75753546,1619237932.03
2006-09-06,21.031885,76603546,1611116996.48
2006-09-07,20.902614,76603546,1601214348.33
2006-09-08,21.086218,76603546,1615279033.64
2006-09-11,21.251022,76603546,1627903611.09
2006-09-12,21.622854,76603546,1656387289.01
2006-09-13,21.633852,76603546,1657229794.49
2006-09-14,21.708417,74603546,1619524902.28
2006-09-15,21.711657,75003546,1628451284.25
2006-09-18,21.693117,76603546,1661769714.7
2006-09-19,21.564292,77003546,1660526916.9
2006-09-20,21.917474,77003546,1687723200.06
2006-09-21,21.737126,80003546,1739047181.12
2006-09-22,21.645784,80153546,1734986323.62
2006-09-25,21.982818,80903546,1778487948.98
2006-09-26,22.124267,80903546,1789931665.54
2006-09-27,21.964718,81903546,1798988252.5
2006-09-28,22.060717,81503621,1798028296.8
2006-09-29,21.994174,82403621,1812399582.61
2006-10-02,21.875978,82653621,1808128754.12
2006-10-03,21.946355,80653621,1770052965.68
2006-10-04,22.340549,80653621,1801846176.63
2006-10-05,22.298389,82903621,1848617218.54
2006-10-06,22.27267,82453621,1836462300.75
2006-10-09,22.339249,82453621,1841951935.74
2006-10-10,22.371434,82653621,1849080047.91
2006-10-11,22.356097,81603621,1824338464.87
2006-10-12,22.706277,81603621,1852914390.41
2006-10-13,22.849079,82003621,1873707243.95
2006-10-16,22.8265,82203621,1876420944.89
2006-10-17,22.632846,82403621,1865028477.25
2006-10-18,22.550623,82753621,1866145697.68
2006-10-19,22.607691,82753621,1870868268.14
2006-10-20,22.758654,83053621,1890188607.21
2006-10-23,22.912269,82653621,1893781988.6
2006-10-24,22.76454,82853621,1886124562.08
2006-10-25,22.923847,83103621,1905054700.36
2006-10-26,23.046615,83003621,1912952493.81
2006-10-27,22.738973,84003621,1910156067.83
2006-10-30,22.832448,85403621,1949973708.1
2006-10-31,22.883135,85403621,1954302600.99
2006-11-01,22.687875,86253621,1956911350.87
2006-11-02,22.699365,87353621,1982871731.59
2006-11-03,22.605792,87353621,1974697801.49
2006-11-06,22.905999,87353621,2000921911.89
2006-11-07,22.991317,87653621,2015272186.12
2006-11-08,23.026722,88403621,2035645563.9
2006-11-09,23.041732,88503621,2039276724.57
2006-11-10,23.080329,88503621,2042692732.33
2006-11-13,23.270107,88903621,2068796794.49
2006-11-14,23.496371,88903621,2088912479.07
2006-11-15,23.479011,88903621,2087369108.83
2006-11-16,23.600825,88903621,2098198824.03
2006-11-17,23.617308,87653621,2070142543.26
2006-11-20,23.642822,86903621,2054646836.25
2006-11-21,23.62883,87553621,2068789615.57
2006-11-22,23.783353,87553621,2082318683.31
2006-11-24,23.724634,87553621,2077177656.64
2006-11-27,23.206269,87553621,2031792882.29
2006-11-28,23.303939,86853621,2024031476.55
2006-11-29,23.46127,87453621,2051772976.34
2006-11-30,23.489565,86703621,2036630320.47
2006-12-01,23.297484,86153621,2007162641.19
2006-12-04,23.596983,85603621,2019987147.54
2006-12-05,23.639906,85603621,2023661572.46
2006-12-06,23.55683,85253621,2008305055.47
2006-12-07,23.361465,85253621,1991649518.74
2006-12-08,23.446741,85253621,1998919564.09
2006-12-11,23.519121,85253621,2005090255.86
2006-12-12,23.452005,85253621,1999368363.73
2006-12-13,23.466651,84853621,1991230339.37
2006-12-14,23.674732,84853621,2008886749.43
2006-12-15,23.580982,82553621,1946695415.38
2006-12-18,23.434103,86553621,2028306477.58
2006-12-19,23.351552,86553621,2021161383.54
2006-12-20,23.327767,86553621,2019102728.7
2006-12-21,23.211212,86553621,2009014489.53
2006-12-22,23.030162,86553621,1993343947.19
2006-12-26,23.148731,86553621,2003606486.53
2006-12-27,23.32738,86553621,2019745544.65
2006-12-28,23.303087,86703876,2020467989.77
2006-12-29,23.275933,86703876,2018113623.92
2007-01-03,23.32493,86303876,2013031851.37
2007-01-04,23.669908,86303876,2042804835.54
2007-01-05,23.485626,86303876,2026900520.33
2007-01-08,23.550838,86303876,2032528600.76
2007-01-09,23.587862,86303876,2035723874.21
2007-01-10,23.734255,86703876,2057851912.32
2007-01-11,23.924814,86203876,2062411657.53
2007-01-12,24.032748,86203876,2071715999.64
2007-01-16,23.957722,86803876,2079623092.21
2007-01-17,23.675825,87903876,2081196825.35
2007-01-18,23.375748,88153876,2060662760.0
2007-01-19,23.368425,88153876,2060017268.05
2007-01-22,23.194082,87753876,2035370585.16
2007-01-23,23.172985,86253876,1998759784.58
2007-01-24,23.611392,86253876,2036574084.93
2007-01-25,23.377435,86553876,2023407652.75
2007-01-26,23.391776,86553876,2024648906.16
2007-01-29,23.418663,86553876,2026976021.81
2007-01-30,23.562298,84653876,1994639862.79
2007-01-31,23.704343,84953876,2013775809.85
2007-02-01,23.621308,84603876,1998454208.33
2007-02-02,23.696756,84303876,1997728404.0
2007-02-05,23.675124,84303876,1995904715.49
2007-02-06,23.615023,84303876,1990838009.39
2007-02-07,23.759139,84303876,2002987490.84
2007-02-08,23.78246,84953876,2020412177.69
2007-02-09,23.498439,84953876,1996283436.7
2007-02-12,23.415871,84953876,1989269026.01
2007-02-13,23.51914,84953876,1998042109.25
2007-02-14,23.823797,84953876,2023923926.03
2007-02-15,23.908855,84953876,2031149881.38
2007-02-16,23.862667,84953876,2027226079.59
2007-02-20,23.944572,84653876,2027000840.54
2007-02-21,23.906676,85453876,2042918137.39
2007-02-22,23.990778,85453876,2050104926.47
2007-02-23,23.932317,85453876,2045109229.46
2007-02-26,23.87408,85453876,2040132703.53
2007-02-27,22.932003,85453876,1959628539.09
2007-02-28,23.099819,85453876,1973969061.41
2007-03-01,23.040551,85453876,1968904416.68
2007-03-02,22.71286,85453876,1940901910.35
2007-03-05,22.562317,85453876,1928037446.74
2007-03-06,22.933816,85453876,1959783466.08
2007-03-07,22.788968,86003876,1959939606.4
2007-03-08,22.933271,86003876,1972350231.65
2007-03-09,22.925361,86003876,1971669945.45
2007-03-12,23.107425,86003876,1987328136.55
2007-03-13,22.713076,86003876,1953412597.47
2007-03-14,22.975816,86003876,1976009257.88
2007-03-15,22.945903,86003876,1973436630.99
2007-03-16,22.925617,82253876,1885720841.9
2007-03-19,23.113773,87053876,2012143499.81
2007-03-20,23.213918,87853876,2039432648.55
2007-03-21,23.66571,87853876,2079124393.54
2007-03-22,23.590641,87853876,2072529288.27
2007-03-23,23.531941,87153876,2050899865.87
2007-03-26,23.632883,86403876,2041972671.71
2007-03-27,23.524554,86403876,2032612671.52
2007-03-28,23.298192,86403876,2013054105.42
2007-03-29,23.314649,86403876,2014476044.8
2007-03-30,23.342545,85903876,2005215126.87
2007-04-02,23.413681,86353876,2021862129.28
2007-04-03,23.650682,86353876,2042328068.88
2007-04-04,23.742072,86353876,2050219952.24
2007-04-05,23.858971,87103876,2078208854.16
2007-04-09,23.82806,87103876,2075516354.7
2007-04-10,23.873068,87153876,2080630432.09
2007-04-11,23.647755,87453876,2068087853.37
2007-04-12,23.80758,87453876,2082065138.9
2007-04-13,23.858843,85403876,2037637709.11
2007-04-16,24.058129,85403876,2054657447.97
2007-04-17,24.109403,85403876,2059036445.87
2007-04-18,24.060068,85403876,2054823060.61
2007-04-19,24.059377,85403876,2054764068.42
2007-04-20,24.25866,85403876,2071783594.6
2007-04-23,24.162916,85403876,2063606710.37
2007-04-24,24.293554,85403876,2074763653.64
2007-04-25,24.510713,87403876,2142331294.4
2007-04-26,24.553683,87403876,2146087099.06
2007-04-27,24.607055,87403876,2150752012.24
2007-04-30,24.414227,87403876,2133898083.98
2007-05-01,24.52375,86903876,2131208910.56
2007-05-02,24.710329,86903876,2147423354.22
2007-05-03,24.892243,86903876,2163232419.32
2007-05-04,24.960229,86903876,2169140617.01
2007-05-07,24.994615,86903876,2172128911.69
2007-05-08,25.076523,86903876,2179247063.64
2007-05-09,25.120275,87503876,2198121466.34
2007-05-10,24.846334,87503876,2174150487.32
2007-05-11,25.180585,87503876,2203398778.17
2007-05-14,25.099134,87403876,2193761599.29
2007-05-15,24.982829,87403876,2183596071.34
2007-05-16,25.247711,87403876,2206747771.64
2007-05-17,25.171139,87403876,2200055128.47
2007-05-18,25.319847,87403876,2213052773.14
2007-05-21,25.422845,87403876,2222055171.85
2007-05-22,25.468845,87453876,2227349221.79
2007-05-23,25.307174,86853876,2198026163.19
2007-05-24,24.949133,86853876,2166928870.91
2007-05-25,25.171091,87953876,2213895058.94
2007-05-29,25.306651,88953876,2251124737.14
2007-05-30,25.553339,89353876,2283289884.6
2007-05-31,25.648284,89353876,2291773585.61
2007-06-01,25.629805,89353876,2290122459.6
2007-06-04,25.720055,89853876,2311046676.18
2007-06-05,25.651965,91103876,2336993436.75
2007-06-06,25.437181,87003876,2213133321.58
2007-06-07,24.99641,87003876,2174784553.28
2007-06-08,25.379891,87003876,2208148912.53
2007-06-11,25.324825,87003876,2203357951.88
2007-06-12,25.071174,87353876,2190064252.86
2007-06-13,25.415199,88053876,2237906772.93
2007-06-14,25.597747,88053876,2253980882.73
2007-06-15,25.759903,88353876,2275987258.84
2007-06-18,25.808802,88703876,2289340749.06
2007-06-19,25.822309,88703876,2290538923.57
2007-06-20,25.54286,88253876,2254256371.45
2007-06-21,25.798525,89603876,2311647839.57
2007-06-22,25.469558,89603876,2282171152.01
2007-06-25,25.415508,89603876,2277328025.19
2007-06-26,25.362681,89803876,2277667083.2
2007-06-27,25.639931,88553876,2270515309.39
2007-06-28,25.674422,89303890,2292825731.08
2007-06-29,25.626206,89303890,2288519923.77
2007-07-02,25.85596,88903890,2298695463.72
2007-07-03,26.021824,88903890,2313441395.46
2007-07-05,26.141287,88903890,2324062125.03
2007-07-06,26.227035,89753890,2353978401.96
2007-07-09,26.212084,89753890,2352636506.43
2007-07-10,25.960452,89753890,2330051582.26
2007-07-11,26.105523,92153890,2405725518.3
2007-07-12,26.639142,92153890,2454900555.87
2007-07-13,26.625028,92153890,2453599889.17
2007-07-16,26.702425,92153890,2460732371.04
2007-07-17,26.819747,91803890,2462157114.95
2007-07-18,26.631025,91753890,2443500152.55
2007-07-19,26.926198,91503890,2463851880.29
2007-07-20,26.6607,91503890,2439557744.83
2007-07-23,26.792487,91503890,2451616770.29
2007-07-24,26.430508,92453890,2443603287.25
2007-07-25,26.479028,92403890,2446765198.21
2007-07-26,26.097657,91953890,2399781121.74
2007-07-27,25.678088,92553890,2376606943.02
2007-07-30,25.836269,91303890,2358951857.54
2007-07-31,25.441601,93203890,2371256179.29
2007-08-01,25.745412,93553890,2408583425.83
2007-08-02,25.955538,94053890,2441219314.17
2007-08-03,25.359536,95153890,2413058492.77
2007-08-06,25.73395,92653890,2384350529.98
2007-08-07,25.737508,93053890,2394975200.53
2007-08-08,26.095807,92203890,2406134939.08
2007-08-09,25.391969,92203890,2341238361.67
2007-08-10,25.342187,94553890,2396202332.27
2007-08-13,25.490333,94553890,2410210145.61
2007-08-14,25.057432,94553890,2369277657.29
2007-08-15,24.658601,95503890,2354992320.29
2007-08-16,24.465705,95503890,2336570044.82
2007-08-17,24.970454,95303890,2379781427.23
2007-08-20,24.951625,96303890,2402938584.46
2007-08-21,25.078083,96603890,2422640353.29
2007-08-22,25.36805,97153890,2464604712.61
2007-08-23,25.432432,93653890,2381846142.52
2007-08-24,25.792993,93653890,2415614152.87
2007-08-27,25.641231,94053890,2411657518.74
2007-08-28,25.06675,94053890,2357625354.34
2007-08-29,25.749677,93853890,2416707308.61
2007-08-30,25.790575,94653890,2441178214.03
2007-08-31,26.050149,95953890,2499613158.5
2007-09-04,26.439165,94803890,2506535693.39
2007-09-05,26.176943,97453890,2551044898.56
2007-09-06,26.253932,97453890,2558547814.62
2007-09-07,25.712941,97903890,2517396972.44
2007-09-10,25.726522,96953890,2494286378.26
2007-09-11,26.105641,96353890,2515380080.11
2007-09-12,25.969925,96353890,2502303277.73
2007-09-13,26.040142,96353890,2509069002.36
2007-09-14,25.952409,97803890,2538246548.11
2007-09-17,25.830815,97453890,2517313378.56
2007-09-18,26.348402,97453890,2567754223.31
2007-09-19,26.478771,97003890,2568543778.01
2007-09-20,26.507359,97003890,2571316956.2
2007-09-21,26.683379,94003890,2508341431.47
2007-09-24,26.71499,98103890,2620844463.12
2007-09-25,26.9623,96703890,2607359327.22
2007-09-26,27.042743,98203890,2655702538.31
2007-09-27,27.076405,100453890,2719930211.41
2007-09-28,26.997885,101353890,2736340674.63
2007-10-01,27.323928,101003890,2759823047.32
2007-10-02,27.356897,101353890,2772727935.72
2007-10-03,27.103791,101953890,2763336923.97
2007-10-04,27.109255,100453949,2723231685.13
2007-10-05,27.420914,101953949,2795670437.36
2007-10-08,27.552769,100653949,2773294982.48
2007-10-09,27.68832,100653949,2786938724.41
2007-10-10,27.726514,100903949,2797714753.05
2007-10-11,27.421969,100703949,2761500590.15
2007-10-12,27.711088,102703949,2846038149.47
2007-10-15,27.50798,102703949,2825178139.21
2007-10-16,27.40884,102703949,2814996152.62
2007-10-17,27.76806,101703949,2824121390.95
2007-10-18,27.781413,102203949,2839370107.12
2007-10-19,27.130175,101303949,2748393861.61
2007-10-22,27.332605,103053949,2816732920.6
2007-10-23,27.705725,103053949,2855184420.73
2007-10-24,27.414669,105503949,2892355874.35
2007-10-25,27.310498,104903949,2864979082.74
2007-10-26,27.885833,104703949,2919756844.8
2007-10-29,27.999369,104703949,2931644456.89
2007-10-30,28.072452,104703949,2939296556.17
2007-10-31,28.512319,103103949,2939732710.62
2007-11-01,27.976139,103103949,2884450435.94
2007-11-02,28.172583,104853949,2954006623.58
2007-11-05,28.050391,104853949,2941194305.31
2007-11-06,28.273244,104853949,2964561303.79
2007-11-07,27.535016,105303949,2899545969.87
2007-11-08,26.683208,105303949,2809847180.9
2007-11-09,25.960509,105103949,2728552046.94
2007-11-12,25.591205,107103949,2740919078.18
2007-11-13,26.542137,106553949,2828169551.8
2007-11-14,26.175635,106853949,2796969953.07
2007-11-15,25.995735,106603949,2771248026.4
2007-11-16,26.31522,105603949,2778991200.34
2007-11-19,25.841107,105103949,2716002412.16
2007-11-20,25.950527,105103949,2727502913.68
2007-11-21,25.570063,104953949,2683679057.17
2007-11-23,25.878051,104953949,2716003649.45
2007-11-26,25.212664,104953949,2646168599.66
2007-11-27,25.556798,103303949,2640118147.68
2007-11-28,26.311188,104203949,2741729654.28
2007-11-29,26.446218,104203949,2755800369.17
2007-11-30,26.267617,104203949,2737189396.0
2007-12-03,26.082976,106153949,2768810901.31
2007-12-04,25.988984,106153949,2758833290.49
2007-12-05,26.592944,109503949,2912032426.07
2007-12-06,26.942674,111253949,2997478823.69
2007-12-07,26.901031,111953949,3011676636.67
2007-12-10,27.027382,111953949,3025822133.56
2007-12-11,26.644972,110703949,2949703674.54
2007-12-12,27.031686,112453949,3039819874.34
2007-12-13,27.055594,112453949,3042508440.57
2007-12-14,26.738959,112453949,3006901545.26
2007-12-17,26.173705,112453949,2943336440.21
2007-12-18,26.319425,112453949,2959723302.94
2007-12-19,26.32537,112453949,2960391833.98
2007-12-20,26.711292,113503949,3031837094.72
2007-12-21,27.018235,114253949,3086940001.33
2007-12-24,27.222886,114253949,3110322255.32
2007-12-26,27.33194,114653949,3133714852.52
2007-12-27,26.914687,114753949,3088566564.48
2007-12-28,26.953623,113053949,3047213555.94
2007-12-31,26.618595,113053949,3009337337.38
2008-01-02,26.107816,113053949,2951591650.27
2008-01-03,26.079069,111953949,2919654722.65
2008-01-04,25.043011,111954209,2803670496.38
2008-01-07,24.954527,111954209,2793764289.21
2008-01-08,24.202644,112704209,2727739812.63
2008-01-09,24.636127,111254209,2740872780.83
2008-01-10,24.774643,110954209,2748850967.51
2008-01-11,24.239552,110954209,2689480266.52
2008-01-14,24.788048,110554209,2740423062.8
2008-01-15,24.215078,110554209,2677078836.7
2008-01-16,23.795644,110704209,2634277965.1
2008-01-17,23.397364,110704209,2590186694.73
2008-01-18,23.246067,110704209,2573437457.26
2008-01-22,22.607716,110854209,2506160464.97
2008-01-23,22.623412,110204209,2493195221.85
2008-01-24,23.160134,110204209,2552344252.41
2008-01-25,22.792802,104254209,2376245594.95
2008-01-28,22.980873,104254209,2395852709.98
2008-01-29,23.136134,103254209,2388903214.82
2008-01-30,23.085897,103054209,2379098831.92
2008-01-31,23.435357,103054209,2415112150.94
2008-02-01,23.594919,103054209,2431555714.27
2008-02-04,23.267625,102054209,2374559043.81
2008-02-05,22.519379,102054209,2298197419.53
2008-02-06,22.245786,101654209,2261377811.16
2008-02-07,22.245721,101654209,2261371132.89
2008-02-08,22.421804,98304209,2204157670.43
2008-02-11,22.679008,97704209,2215834569.32
2008-02-12,22.715016,97504209,2214809692.88
2008-02-13,23.29859,97804209,2278700178.63
2008-02-14,22.824022,98104209,2239132608.22
2008-02-15,22.717658,100604209,2285491985.52
2008-02-19,22.325706,100604209,2246059969.78
2008-02-20,22.518752,101254209,2280118429.74
2008-02-21,22.332466,101254209,2261256199.64
2008-02-22,22.451244,101254209,2273282915.3
2008-02-25,22.619776,101254209,2290347559.79
2008-02-26,22.820878,101254209,2310709946.21
2008-02-27,22.922484,101304209,2322144114.03
2008-02-28,22.816498,101304209,2311407270.64
2008-02-29,22.227454,101304209,2251734684.87
2008-03-03,22.117172,101304209,2240562588.13
2008-03-04,22.162376,100304209,2222979576.54
2008-03-05,22.366005,100304209,2243404394.2
2008-03-06,21.959313,100304209,2202611473.39
2008-03-07,21.959468,100304209,2202627091.99
2008-03-10,21.71995,100304209,2178602371.04
2008-03-11,22.481884,100304209,2255027596.7
2008-03-12,22.296149,105354209,2348993155.58
2008-03-13,22.351395,104354209,2332462119.63
2008-03-14,21.893912,104354209,2284721860.62
2008-03-17,21.866623,105804209,2313580728.03
2008-03-18,22.748627,106054209,2412587659.79
2008-03-19,22.128441,108354209,2397709687.45
2008-03-20,22.545472,107504209,2423733156.11
2008-03-24,23.171332,107904209,2500284217.9
2008-03-25,23.192441,111904209,2595331804.83
2008-03-26,22.944018,111604209,2560648985.33
2008-03-27,22.479629,111604209,2508821251.06
2008-03-28,22.384348,114104209,2554148353.29
2008-03-31,22.579603,114104209,2576427727.7
2008-04-01,23.361195,116354209,2718173335.01
2008-04-02,23.237674,117354209,2727038862.94
2008-04-03,23.293679,118354215,2756905113.44
2008-04-04,23.283218,121354215,2825516689.97
2008-04-07,23.260767,120854215,2811161737.63
2008-04-08,23.061334,120854215,2787059452.59
2008-04-09,22.93925,121054215,2776892908.69
2008-04-10,23.221323,118554215,2752985731.76
2008-04-11,22.605862,118554215,2680020228.84
2008-04-14,22.495356,118554215,2666919263.71
2008-04-15,22.508886,118454215,2666272428.93
2008-04-16,23.134701,118204215,2734619137.91
2008-04-17,23.147003,118304215,2738387964.41
2008-04-18,23.816224,118454215,2821132107.59
2008-04-21,23.976889,118454215,2840163616.66
2008-04-22,23.737195,118704215,2817705123.05
2008-04-23,24.106878,122154215,2944756716.96
2008-04-24,24.341091,123154215,2997707939.59
2008-04-25,24.130384,119154215,2875237003.59
2008-04-28,24.058559,121554215,2924419233.43
2008-04-29,24.212063,127804215,3094403690.57
2008-04-30,24.060482,128154215,3083452127.96
2008-05-01,24.818563,128254215,3183085291.37
2008-05-02,24.818578,136304215,3382876800.05
2008-05-05,24.673232,136854215,3376635740.08
2008-05-06,24.865848,137104215,3409212522.72
2008-05-07,24.495843,136604215,3346235367.86
2008-05-08,24.62422,132254215,3256656870.26
2008-05-09,24.520854,132554215,3250342564.93
2008-05-12,24.830432,132254215,3283929288.21
2008-05-13,24.863326,132254215,3288279676.78
2008-05-14,24.986739,132204215,3303352214.41
2008-05-15,25.444868,134454215,3421169726.7
2008-05-16,25.446225,134454215,3421352236.68
2008-05-19,25.374464,134454215,3411703695.85
2008-05-20,24.959437,134604215,3359645449.97
2008-05-21,24.50762,134804215,3303730516.27
2008-05-22,24.621855,135454215,3335134014.05
2008-05-23,24.449112,134404215,3286063682.64
2008-05-27,24.849222,134204215,3334870364.62
2008-05-28,24.98971,134204215,3353724372.5
2008-05-29,25.206084,133904215,3375200834.44
2008-05-30,25.319479,133504215,3380257178.37
2008-06-02,24.970004,135754215,3389783283.27
2008-06-03,24.81985,135854215,3371881198.04
2008-06-04,24.986845,136854215,3419555000.03
2008-06-05,25.450756,136204215,3466500308.68
2008-06-06,24.736171,136204215,3369170747.08
2008-06-09,24.640982,136604215,3366062000.41
2008-06-10,24.542181,136604215,3352565341.86
2008-06-11,23.949843,136604215,3271649502.77
2008-06-12,24.087355,136604215,3290434279.75
2008-06-13,24.542457,136304215,3345240324.5
2008-06-16,24.576101,136304215,3349826165.85
2008-06-17,24.377882,136304215,3322808075.61
2008-06-18,24.075147,137204215,3303211667.96
2008-06-19,24.338152,135954215,3308874407.86
2008-06-20,23.667967,130254215,3082852421.15
2008-06-23,23.537604,133654215,3145899997.28
2008-06-24,23.474934,133654215,3137523851.87
2008-06-25,23.810977,131504215,3131243835.82
2008-06-26,23.000266,129754215,2984381444.03
2008-06-27,22.874345,129154215,2954318064.02
2008-06-30,22.805448,131104215,2989890358.89
2008-07-01,22.826047,131954215,3011993131.76
2008-07-02,22.444558,134304215,3014398700.87
2008-07-03,22.43226,133904215,3003774187.93
2008-07-07,22.574536,134154397,3028473199.68
2008-07-08,22.827273,132954397,3034986265.16
2008-07-09,22.1243,133954397,2963647263.94
2008-07-10,22.410086,133954397,3001929542.71
2008-07-11,22.213571,134554397,2988933699.88
2008-07-14,22.004979,133604397,2939961908.43
2008-07-15,22.041101,133854397,2950298263.4
2008-07-16,22.466376,134254397,3016209750.32
2008-07-17,22.66841,133154397,3018398492.39
2008-07-18,22.415317,145004397,3250319529.84
2008-07-21,22.266274,153804397,3424650778.47
2008-07-22,22.220495,154404397,3430942146.77
2008-07-23,22.60591,140154397,3168317739.63
2008-07-24,22.117948,140204397,3101033585.63
2008-07-25,22.387852,140354397,3142233413.19
2008-07-28,21.906851,140454397,3076913548.7
2008-07-29,22.324682,140704397,3141180876.68
2008-07-30,22.444291,141004397,3164743669.07
2008-07-31,22.306241,140604397,3136355534.17
2008-08-01,22.159463,140354397,3110178056.07
2008-08-04,22.057727,140354397,3095898939.39
2008-08-05,22.681453,140154397,3178905402.44
2008-08-06,22.892421,140504397,3216485740.97
2008-08-07,22.836446,141404397,3229173813.98
2008-08-08,23.383227,141404397,3306491168.51
2008-08-11,23.563318,142704397,3362589015.24
2008-08-12,23.528507,143404397,3374091298.4
2008-08-13,23.46384,143604397,3369510557.97
2008-08-14,23.613091,143804397,3395666305.15
2008-08-15,23.685358,143504397,3398953027.48
2008-08-18,23.383579,142254397,3326416923.12
2008-08-19,23.058184,143904397,3318174003.76
2008-08-20,23.116688,144404397,3338151387.72
2008-08-21,23.073466,142004397,3276533590.43
2008-08-22,23.422711,141004397,3302705222.36
2008-08-25,22.989818,141004397,3241665415.83
2008-08-26,22.91031,141154397,3233891052.87
2008-08-27,23.128536,140904397,3258912374.38
2008-08-28,23.382911,140904397,3294754957.66
2008-08-29,22.864699,138554397,3168004643.66
2008-09-02,22.648855,137904397,3123376625.39
2008-09-03,22.3213,137204397,3062580554.15
2008-09-04,21.587842,136104397,2938200191.53
2008-09-05,21.531467,133904397,2883158045.34
2008-09-08,21.727489,133904397,2909406280.59
2008-09-09,21.315651,130604397,2783917755.66
2008-09-10,21.344659,130304397,2781302941.36
2008-09-11,21.57365,131854397,2844580577.37
2008-09-12,21.585359,131304397,2834252605.9
2008-09-15,20.768188,132104397,2743568985.31
2008-09-16,20.835841,130204397,2712918065.72
2008-09-17,19.824757,112104397,2222442383.48
2008-09-18,20.5844,110704397,2278783552.44
2008-09-19,21.156899,105854397,2239550788.73
2008-09-22,20.355751,112804397,2296218162.05
2008-09-23,20.153755,113654397,2290562815.89
2008-09-24,20.295817,113654397,2306708855.38
2008-09-25,20.743206,113804397,2360668032.99
2008-09-26,20.78352,113704397,2363177561.8
2008-09-29,18.926007,122554397,2319465391.32
2008-09-30,19.834168,118154397,2343494162.03
2008-10-01,19.472106,122854397,2392233792.15
2008-10-02,18.723483,123054582,2304010333.18
2008-10-03,18.5965,127604582,2372998642.23
2008-10-06,17.831232,127254582,2269105931.25
2008-10-07,16.802491,127004582,2133993335.18
2008-10-08,16.616164,121904582,2025586571.13
2008-10-09,15.944257,120254582,1917369920.83
2008-10-10,15.802363,120354582,1901886784.64
2008-10-13,17.753378,119804582,2126936008.61
2008-10-14,17.216192,120304582,2071186815.02
2008-10-15,15.876467,121104582,1922712913.44
2008-10-16,16.589756,127604582,2116928851.1
2008-10-17,16.532128,127104582,2101309170.98
2008-10-20,17.165036,145404582,2495874839.48
2008-10-21,16.266245,146054582,2375759608.07
2008-10-22,15.440147,145404582,2245068140.63
2008-10-23,15.543435,138654582,2155168430.86
2008-10-24,15.118427,137004582,2071293784.74
2008-10-27,14.850269,136904582,2033069907.47
2008-10-28,16.551063,136054582,2251847962.24
2008-10-29,16.278495,135854582,2211508188.16
2008-10-30,16.600532,134404582,2231187587.99
2008-10-31,16.583644,136754582,2267889300.48
2008-11-03,16.645524,137604582,2290500381.49
2008-11-04,17.28981,130204582,2251212513.19
2008-11-05,16.321012,136604582,2229525004.68
2008-11-06,15.468267,136404582,2109942502.63
2008-11-07,15.876304,128004582,2032239650.35
2008-11-10,15.659817,127854582,2002179331.79
2008-11-11,15.33524,132604582,2033523041.94
2008-11-12,14.585616,125054582,1823998162.06
2008-11-13,15.541025,125154582,1945030443.84
2008-11-14,14.826574,125254582,1857096389.87
2008-11-17,14.398844,127254582,1832318896.97
2008-11-18,14.592339,138854582,2026213184.9
2008-11-19,13.744017,138854582,1908419696.78
2008-11-20,13.133048,137854582,1810450794.3
2008-11-21,13.85719,139054582,1926905719.81
2008-11-24,14.7362,139154582,2050609755.57
2008-11-25,14.610747,139154582,2033152406.58
2008-11-26,15.250635,141104582,2151934414.94
2008-11-28,15.249807,141004582,2150292608.96
2008-12-01,14.140815,140904582,1992505615.23
2008-12-02,14.661265,140954582,2066572480.71
2008-12-03,15.078469,140504582,2118593960.41
2008-12-04,14.483131,140504582,2034946278.21
2008-12-05,14.976001,140504582,2104196744.58
2008-12-08,15.742239,139654582,2198475861.91
2008-12-09,15.592254,139654582,2177529780.52
2008-12-10,15.600516,138154582,2155282772.56
2008-12-11,15.151761,139354582,2111467301.68
2008-12-12,15.457701,147654582,2282400404.26
2008-12-15,15.151409,149004582,2257629365.68
2008-12-16,15.866555,138754582,2201557200.51
2008-12-17,15.658429,133854582,2095952407.13
2008-12-18,15.306215,133704582,2046511028.75
2008-12-19,15.369439,132454582,2035752604.1
2008-12-22,15.093641,119254582,1799985882.97
2008-12-23,14.941662,119154582,1780367510.99
2008-12-24,14.974112,119304582,1786480199.24
2008-12-26,15.023806,119254582,1791657721.57
2008-12-29,14.949198,119154582,1781265495.43
2008-12-30,15.258601,119104582,1817369259.65
2008-12-31,15.412821,119204582,1837278883.09
2009-01-02,16.030258,119704840,1918899412.51
2009-01-05,15.915464,120204840,1913115809.23
2009-01-06,16.302653,121604840,1982481565.91
2009-01-07,15.780185,121704840,1920524831.42
2009-01-08,15.920234,121704840,1937569508.85
2009-01-09,15.551272,121554840,1890332387.6
2009-01-12,15.30324,121504840,1859417690.37
2009-01-13,15.275863,121504840,1856091258.14
2009-01-14,14.763146,121404840,1792317342.84
2009-01-15,14.852758,121404840,1803196718.51
2009-01-16,14.988866,120154840,1800984813.05
2009-01-20,14.30905,119704840,1712862495.66
2009-01-21,15.028995,125604840,1887714507.04
2009-01-22,14.706977,124604840,1832560504.62
2009-01-23,14.954223,124604840,1863368619.42
2009-01-26,15.13779,123354840,1867319601.86
2009-01-27,15.194637,114704840,1742898398.77
2009-01-28,15.645016,114704840,1794559054.98
2009-01-29,15.120995,114704840,1734451295.43
2009-01-30,14.740473,114704840,1690803617.93
2009-02-02,14.967728,114704840,1716870865.46
2009-02-03,15.240704,115704840,1763423164.45
2009-02-04,15.218898,115704840,1760900130.85
2009-02-05,15.534026,115704840,1797362048.08
2009-02-06,16.049775,113704840,1824937060.81
2009-02-09,16.061454,113704840,1826265076.12
2009-02-10,15.350348,115704840,1776109545.52
2009-02-11,15.416009,115454840,1779852812.77
2009-02-12,15.485264,115454840,1787848652.01
2009-02-13,15.459836,115454840,1784912892.79
2009-02-17,14.778434,115454840,1706241717.08
2009-02-18,14.798318,115454840,1708537436.73
2009-02-19,14.427257,117454840,1694551216.75
2009-02-20,14.496249,117454840,1702654606.41
2009-02-23,13.886311,116354840,1615739530.73
2009-02-24,14.351321,115154840,1652624127.04
2009-02-25,14.359405,117154840,1682273810.05
2009-02-26,14.232516,118654840,1688756964.78
2009-02-27,14.170405,118454840,1678553065.58
2009-03-02,13.702793,118854840,1628643301.12
2009-03-03,13.695247,112154840,1535988190.03
2009-03-04,14.058766,112604840,1583085127.99
2009-03-05,13.605821,112604840,1532081348.08
2009-03-06,13.481014,112604840,1518027476.23
2009-03-09,13.118572,110204840,1445730170.6
2009-03-10,14.054614,110204840,1548886510.25
2009-03-11,14.315016,121404840,1737912207.8
2009-03-12,14.733168,123454840,1818880840.68
2009-03-13,14.734015,120454840,1774783412.05
2009-03-16,14.519335,121554840,1764895468.5
2009-03-17,15.084624,121554840,1833609078.89
2009-03-18,15.321729,121854840,1867026799.58
2009-03-19,15.353836,125504840,1926980696.77
2009-03-20,15.019011,122354840,1837648653.84
2009-03-23,15.959576,128404840,2049286772.4
2009-03-24,15.682222,128404840,2013673193.44
2009-03-25,15.681494,128404840,2013579675.72
2009-03-26,16.224989,129904840,2107704569.5
2009-03-27,15.848676,130204840,2063574274.97
2009-03-30,15.385278,130604840,2009391759.98
2009-03-31,15.638938,132104840,2065979441.33
2009-04-01,16.029989,132104840,2117639134.35
2009-04-02,16.532749,132305122,2187367402.17
2009-04-03,16.750225,133005122,2227865765.57
2009-04-06,16.597289,140105122,2325365260.21
2009-04-07,16.156005,135455122,2188413618.12
2009-04-08,16.376678,134505122,2202747044.33
2009-04-09,16.87737,134755122,2274312048.96
2009-04-13,16.771865,139405122,2338083858.23
2009-04-14,16.576879,139655122,2315046080.51
2009-04-15,16.518519,138905122,2294506887.42
2009-04-16,16.98699,138905122,2359579888.38
2009-04-17,16.953405,143255122,2428662057.05
2009-04-20,16.428352,144105122,2367409688.86
2009-04-21,16.722478,144105122,2409794746.21
2009-04-22,16.774864,147355122,2471862155.25
2009-04-23,16.826699,147105122,2475293670.34
2009-04-24,17.165839,147105122,2525182863.2
2009-04-27,17.031617,147455122,2511399181.6
2009-04-28,16.988568,147455122,2505051415.37
2009-04-29,17.251442,147255122,2540363234.11
2009-04-30,17.302635,147255122,2547901606.32
2009-05-01,17.423652,151655122,2642386142.48
2009-05-04,17.769182,151705122,2695675907.94
2009-05-05,17.72254,152205122,2697461435.11
2009-05-06,17.748503,152405122,2704962761.63
2009-05-07,17.173198,152405122,2617283313.11
2009-05-08,17.155493,151605122,2600860568.68
2009-05-11,17.16619,151055122,2593040998.39
2009-05-12,17.111169,150455122,2574463071.63
2009-05-13,16.688517,150455122,2510872849.66
2009-05-14,16.891816,146855122,2480649708.32
2009-05-15,16.847905,156855122,2642680155.55
2009-05-18,17.233893,157005122,2705809406.62
2009-05-19,17.334248,156805122,2718098851.96
2009-05-20,17.211766,157405122,2709220060.25
2009-05-21,16.910863,157405122,2661856506.77
2009-05-22,16.83432,156205122,2629606938.04
2009-05-26,17.382824,155405122,2701379911.11
2009-05-27,17.235616,155405122,2678502986.9
2009-05-28,17.474534,155405122,2715632103.5
2009-05-29,17.65636,155655122,2748302846.92
2009-06-01,18.131508,155655122,2822262167.39
2009-06-02,18.084051,155655122,2814875132.5
2009-06-03,17.973302,147705122,2654748819.51
2009-06-04,18.196814,147705122,2687762672.06
2009-06-05,18.256843,149305122,2725840237.84
2009-06-08,18.192218,150655122,2740750868.42
2009-06-09,18.336932,153655122,2817563557.55
2009-06-10,18.343054,154205122,2828592903.0
2009-06-11,18.446364,154205122,2844523786.98
2009-06-12,18.442437,154105122,2842074001.38
2009-06-15,18.159129,156005122,2832917154.23
2009-06-16,17.969097,156005122,2803271242.22
2009-06-17,18.0542,156005122,2816547733.97
2009-06-18,17.996685,156005122,2807575116.61
2009-06-19,18.062011,151155122,2730165512.27
2009-06-22,17.648116,156055122,2754078863.08
2009-06-23,17.673901,158055122,2793450609.33
2009-06-24,17.888652,159005122,2844387370.47
2009-06-25,18.204182,159005122,2894558146.25
2009-06-26,18.193721,159005122,2892894816.89
2009-06-29,18.329117,159005122,2914423543.61
2009-06-30,18.177986,159005122,2890392923.93
2009-07-01,18.276027,159355122,2912378437.89
2009-07-02,17.8485,154655512,2760368967.91
2009-07-06,17.811837,154655512,2754698828.12
2009-07-07,17.380619,155055512,2694960790.51
2009-07-08,17.35515,154055512,2673656542.73
2009-07-09,17.443199,153655512,2680243666.11
2009-07-10,17.494497,154905512,2709994017.74
2009-07-13,17.843539,161955512,2889859456.49
2009-07-14,17.861706,161955512,2892801810.16
2009-07-15,18.547731,164155512,3044712310.89
2009-07-16,18.79686,164905512,3099705874.93
2009-07-17,18.976816,164905512,3129381519.95
2009-07-20,19.176409,175455512,3364606605.07
2009-07-21,19.285322,193305512,3727958947.31
2009-07-22,19.374842,194155512,3761732438.95
2009-07-23,19.768908,194155512,3838242404.27
2009-07-24,19.656343,197205512,3876339160.79
2009-07-27,19.619797,197805512,3880904071.11
2009-07-28,19.678755,197805512,3892566127.77
2009-07-29,19.646777,198205512,3894099481.44
2009-07-30,19.759251,196205512,3876873961.43
2009-07-31,19.704896,198855512,3918427222.06
2009-08-03,19.956554,198855512,3968470805.8
2009-08-04,19.939129,198855512,3965005716.0
2009-08-05,19.745271,199105512,3931392371.84
2009-08-06,19.602343,199105512,3902934454.2
2009-08-07,19.761113,199255512,3937510606.3
2009-08-10,19.654496,198555512,3902508512.46
2009-08-11,19.451827,195855512,3809747527.94
2009-08-12,19.772224,195105512,3857669907.4
2009-08-13,19.917238,194055512,3865049898.72
2009-08-14,19.750449,194055512,3832683583.04
2009-08-17,19.244969,194055512,3734592250.49
2009-08-18,19.505562,194055512,3785161731.07
2009-08-19,19.594177,194055512,3802358116.42
2009-08-20,19.790534,194055512,3840462147.19
2009-08-21,20.104263,194055512,3901343122.49
2009-08-24,20.094982,194055512,3899542072.23
2009-08-25,20.112995,194555512,3913094098.26
2009-08-26,20.149009,194555512,3920100759.04
2009-08-27,20.193987,193205512,3901589632.4
2009-08-28,20.227639,193205512,3908091343.37
2009-08-31,20.048536,195705512,3923608929.7
2009-09-01,19.64884,194705512,3825737365.58
2009-09-02,19.635869,191455512,3759395362.69
2009-09-03,19.721828,188855512,3724575865.56
2009-09-04,20.054047,188855512,3787317229.5
2009-09-08,20.211271,190755512,3855411277.17
2009-09-09,20.360509,190755512,3883879368.03
2009-09-10,20.663077,190455512,3935396878.87
2009-09-11,20.648548,193305512,3991478200.69
2009-09-14,20.657386,195905512,4046895740.52
2009-09-15,20.771807,197055512,4093199089.16
2009-09-16,20.921907,198355512,4149975487.99
2009-09-17,20.841012,202755512,4225629994.73
2009-09-18,20.849206,196805512,4103238695.06
2009-09-21,20.835963,205255512,4276696251.73
2009-09-22,20.881416,204955512,4279761261.61
2009-09-23,20.865629,204005512,4256703363.82
2009-09-24,20.742675,204405512,4239917108.24
2009-09-25,20.606968,205105512,4226602713.65
2009-09-28,20.958656,205005512,4296640051.16
2009-09-29,20.819129,198105512,4124384208.46
2009-09-30,20.843931,190905512,3979221408.21
2009-10-01,20.283883,184905897,3750609569.54
2009-10-02,20.216104,182905897,3697644648.8
2009-10-05,20.384474,181505897,3699902190.89
2009-10-06,20.746369,181505897,3765588231.17
2009-10-07,20.781183,179555897,3731383870.27
2009-10-08,20.82789,179555897,3739770394.57
2009-10-09,21.005822,182555897,3834736640.81
2009-10-12,21.054178,183555897,3864618599.89
2009-10-13,21.067184,183555897,3867005802.03
2009-10-14,21.329132,183555897,3915087952.22
2009-10-15,21.343496,183605897,3918791716.48
2009-10-16,21.133099,183855897,3885444908.41
2009-10-19,21.338127,183855897,3923140562.75
2009-10-20,21.321978,185405897,3953220450.53
2009-10-21,21.284089,187255897,3985571257.49
2009-10-22,21.406547,187255897,4008502177.84
2009-10-23,21.305711,187255897,3989620074.6
2009-10-26,21.207953,183105897,3883301289.58
2009-10-27,21.065122,182305897,3840295947.35
2009-10-28,20.788845,180555897,3753548552.32
2009-10-29,21.158185,180655897,3822350845.59
2009-10-30,20.65387,180705897,3732276146.67
2009-11-02,20.715844,180955897,3748654100.13
2009-11-03,20.656739,178155897,3680119880.87
2009-11-04,20.793438,175355897,3646252023.25
2009-11-05,21.218697,174505897,3702787702.92
2009-11-06,21.253784,177105897,3764170469.45
2009-11-09,21.720416,177105897,3846813804.22
2009-11-10,21.715848,176905897,3841661617.69
2009-11-11,21.832417,177655897,3878657676.08
2009-11-12,21.728922,178255897,3873308467.0
2009-11-13,21.897496,178605897,3911021937.52
2009-11-16,22.111606,178605897,3949263265.25
2009-11-17,22.225041,179255897,3983969622.22
2009-11-18,22.137463,181455897,4016973132.67
2009-11-19,21.814489,181455897,3958367634.31
2009-11-20,21.684786,184355897,3997718140.85
2009-11-23,22.063061,183755897,4054217576.81
2009-11-24,22.006845,184105897,4051589875.75
2009-11-25,22.056894,184105897,4060804320.21
2009-11-27,21.727836,184105897,4000222660.44
2009-11-30,21.767488,184955897,4026025343.03
2009-12-01,22.070515,183455897,4048966169.88
2009-12-02,22.077098,183755897,4056796996.73
2009-12-03,22.050749,184705897,4072903323.43
2009-12-04,22.217042,184705897,4103618695.47
2009-12-07,22.186558,185355897,4112409280.14
2009-12-08,22.012082,185355897,4080069254.94
2009-12-09,22.181116,186605897,4139127051.03
2009-12-10,22.286596,186255897,4151009883.87
2009-12-11,22.246729,189255897,4210324598.02
2009-12-14,22.41008,189255897,4241239794.97
2009-12-15,22.262839,193505897,4307990625.73
2009-12-16,22.326857,195205897,4358334207.78
2009-12-17,22.078682,195605897,4318720465.19
2009-12-18,22.296825,187155897,4172982335.1
2009-12-21,22.528065,193755897,4364945401.54
2009-12-22,22.672916,193905897,4396412049.63
2009-12-23,22.794714,193905897,4420029461.77
2009-12-24,23.003206,194805897,4481160157.44
2009-12-28,23.063947,194805897,4492992874.08
2009-12-29,23.043968,200855897,4628516887.21
2009-12-30,23.133455,204855897,4739024620.13
2009-12-31,22.887977,204155897,4672715459.82
2010-01-04,23.239402,204555897,4753756746.38
2010-01-05,23.239205,207955897,4832729712.24
2010-01-06,23.008306,213555897,4913559478.29
2010-01-07,22.905507,215205897,4929400140.16
2010-01-08,23.045991,215205897,4959633072.56
2010-01-11,22.958509,210705897,4837493209.03
2010-01-12,22.715863,206705897,4695502928.25
2010-01-13,22.890722,205005897,4692732982.58
2010-01-14,22.969873,204755897,4703216989.28
2010-01-15,22.673406,209055897,4740009293.38
2010-01-19,23.027617,211755897,4876233685.71
2010-01-20,22.691752,212005897,4810785334.78
2010-01-21,22.476928,210505897,4731525871.37
2010-01-22,21.681452,210755897,4569493911.26
2010-01-25,21.839699,199955897,4366976683.06
2010-01-26,21.808427,192155897,4190617948.04
2010-01-27,21.935784,185955897,4079088411.61
2010-01-28,21.352951,187955897,4013413134.47
2010-01-29,20.96329,202905897,4253575115.6
2010-02-01,21.245405,200855897,4267264975.1
2010-02-02,21.424463,204605897,4383571446.86
2010-02-03,21.463697,199005897,4271402190.27
2010-02-04,20.861352,195555897,4079560483.77
2010-02-05,21.069938,192705897,4060301226.63
2010-02-08,20.960552,191155897,4006733094.34
2010-02-09,21.181668,198805897,4211040412.41
2010-02-10,21.113012,193855897,4092881825.35
2010-02-11,21.332666,193955897,4137596277.1
2010-02-12,21.326235,198305897,4229118197.02
2010-02-16,21.655368,194855897,4219676165.56
2010-02-17,21.735931,196355897,4267978302.63
2010-02-18,21.884198,190905897,4177822406.06
2010-02-19,21.853785,190955897,4173109179.88
2010-02-22,21.792899,191455897,4172379019.24
2010-02-23,21.507939,192405897,4138254379.81
2010-02-24,21.717157,192955897,4190453577.29
2010-02-25,21.657854,192955897,4179010639.31
2010-02-26,21.676659,195955897,4247669113.47
2010-03-01,21.972235,197405897,4337448828.4
2010-03-02,21.931016,196255897,4304091250.09
2010-03-03,21.940291,198505897,4355277216.05
2010-03-04,22.040151,200355897,4415874171.01
2010-03-05,22.313465,201805897,4502988877.76
2010-03-08,22.411985,201705897,4520629575.5
2010-03-09,22.523117,202805897,4567820955.75
2010-03-10,22.673568,203005897,4602868048.46
2010-03-11,22.765687,205805897,4685312705.38
2010-03-12,22.766877,205805897,4685557573.79
2010-03-15,22.730443,206355897,4690560962.82
2010-03-16,22.873036,210405897,4812621678.0
2010-03-17,22.968331,211505897,4857937401.3
2010-03-18,23.027574,210555897,4848591550.0
2010-03-19,22.806627,202855897,4626458680.31
2010-03-22,22.970972,207155897,4758572386.95
2010-03-23,23.184602,206605897,4790075455.89
2010-03-24,23.036895,207705897,4784898937.28
2010-03-25,23.07403,208255897,4805302798.48
2010-03-26,23.056378,207955897,4794709741.57
2010-03-29,23.084847,209455897,4835257401.47
2010-03-30,23.172433,208605897,4833906144.14
2010-03-31,23.033476,207955897,4789947216.11
2010-04-01,23.079986,207955897,4799619285.11
2010-04-05,23.327173,213755897,4986320764.29
2010-04-06,23.32592,213805897,4987219339.91
2010-04-07,23.251294,212905897,4950337551.7
2010-04-08,23.282777,212105897,4938414210.75
2010-04-09,23.477373,211605897,4967950544.75
2010-04-12,23.53995,212105897,4992962243.64
2010-04-13,23.601336,212655897,5018963232.35
2010-04-14,23.938888,206855897,4951900246.83
2010-04-15,24.038331,207605897,4990499365.05
2010-04-16,23.7204,207105897,4912634649.09
2010-04-19,23.796401,207155897,4929564783.03
2010-04-20,23.906774,206755897,4942866446.4
2010-04-21,23.963331,205855897,4932993100.72
2010-04-22,24.004062,206555897,4958180463.9
2010-04-23,24.09354,206555897,4976662688.4
2010-04-26,24.050558,205205897,4935316254.59
2010-04-27,23.598177,203405897,4800008330.96
2010-04-28,23.657266,194605897,4603843436.57
2010-04-29,23.887667,193355897,4618821312.78
2010-04-30,23.394922,191555897,4481435351.13
2010-05-03,23.706113,192655897,4567122428.87
2010-05-04,23.050232,216555897,4991663573.14
2010-05-05,22.937783,215605897,4945521385.39
2010-05-06,22.221379,215605897,4791060274.78
2010-05-07,21.751712,212755897,4627805081.11
2010-05-10,22.752272,211955897,4822478133.93
2010-05-11,22.662316,202405897,4586986436.75
2010-05-12,23.132743,201005897,4649817676.66
2010-05-13,22.865227,201505897,4607478170.1
2010-05-14,22.429668,196405897,4405319000.23
2010-05-17,22.512421,197405897,4444084750.71
2010-05-18,22.191555,198305897,4400716132.28
2010-05-19,22.051779,194205897,4282585449.26
2010-05-20,21.292414,197155897,4197924971.95
2010-05-21,21.488601,201255897,4324707713.93
2010-05-24,21.359423,200855897,4290166087.81
2010-05-25,21.334173,198405897,4232825639.9
2010-05-26,21.112461,194755897,4111776274.16
2010-05-27,21.826735,196805897,4295630245.82
2010-05-28,21.640303,186105897,4027387989.69
2010-06-01,21.436805,186705897,4002377902.29
2010-06-02,21.89698,187755897,4111287128.02
2010-06-03,22.123401,190255897,4209107408.23
2010-06-04,21.451769,208155897,4465312161.7
2010-06-07,21.102042,206355897,4354530880.18
2010-06-08,21.167794,205005897,4339522546.68
2010-06-09,21.011423,205005897,4307465663.04
2010-06-10,21.533978,198005897,4263854723.55
2010-06-11,21.747472,198005897,4306127777.29
2010-06-14,21.688567,196555897,4263015724.88
2010-06-15,22.27523,178905897,3985170000.35
2010-06-16,22.32119,189155897,4222184789.48
2010-06-17,22.410631,192255897,4308575965.68
2010-06-18,22.336699,191305897,4273142281.45
2010-06-21,22.178059,195505897,4335941230.43
2010-06-22,21.984465,194105897,4267314354.87
2010-06-23,21.919495,194705897,4267854924.35
2010-06-24,21.531482,195255897,4204148735.97
2010-06-25,21.397621,196055897,4195129791.83
2010-06-28,21.47359,197705897,4245455380.54
2010-06-29,20.713561,196405897,4068265448.46
2010-06-30,20.400465,193605897,3949650359.77
2010-07-01,20.356816,192555897,3919824937.2
2010-07-02,20.320106,188155897,3823347791.36
2010-07-06,20.460374,187005897,3826210596.68
2010-07-07,21.152981,185705897,3928233293.14
2010-07-08,21.273488,184355897,3921892975.9
2010-07-09,21.383825,184955897,3955064517.54
2010-07-12,21.510454,184255897,3963427905.01
2010-07-13,21.788609,186305897,4059346280.78
2010-07-14,21.944911,185905897,4079688319.6
2010-07-15,21.964832,188205897,4133910910.95
2010-07-16,21.372368,189755897,4055532847.92
2010-07-19,21.578807,190405897,4108732024.12
2010-07-20,21.738667,190405897,4139170444.66
2010-07-21,21.46973,190805897,4096551050.18
2010-07-22,22.031479,191755897,4224665946.84
2010-07-23,22.177838,195305897,4331462563.6
2010-07-26,22.340238,195805897,4374350426.19
2010-07-27,22.372559,194905897,4360543699.29
2010-07-28,22.201899,193505897,4296198451.47
2010-07-29,22.009051,196905897,4333711896.63
2010-07-30,21.923091,196405897,4305824426.59
2010-08-02,22.363766,197355897,4413621057.19
2010-08-03,22.290127,198105897,4415805618.5
2010-08-04,22.420181,197455897,4426996960.85
2010-08-05,22.34737,194955897,4356751518.89
2010-08-06,22.281852,194405897,4331723360.09
2010-08-09,22.420346,190405897,4268966103.3
2010-08-10,22.205486,182905897,4061514249.46
2010-08-11,21.658446,187655897,4064335118.83
2010-08-12,21.370615,185055897,3954758359.96
2010-08-13,21.24624,185055897,3931741982.77
2010-08-16,21.308582,187405897,3993353837.67
2010-08-17,21.56482,186155897,4014418360.14
2010-08-18,21.668311,182205897,3948094004.01
2010-08-19,21.394378,182605897,3906739658.06
2010-08-20,21.350825,184505897,3939353165.08
2010-08-23,21.17469,181955897,3852859767.3
2010-08-24,20.889921,183055897,3824023179.41
2010-08-25,20.999847,181355897,3808446133.1
2010-08-26,20.789718,180855897,3759943128.25
2010-08-27,21.027088,174455897,3668299481.97
2010-08-30,20.771354,175155897,3638225188.44
2010-08-31,20.706201,177655897,3678578633.63
2010-09-01,21.227636,173955897,3692672481.9
2010-09-02,21.402427,172805897,3698465596.69
2010-09-03,21.719041,184005897,3996431668.2
2010-09-07,21.55336,183405897,3953013355.04
2010-09-08,21.65357,183755897,3978971228.05
2010-09-09,21.720633,185455897,4028219561.26
2010-09-10,21.736328,175455897,3813766862.63
2010-09-13,22.131904,175055897,3874320251.71
2010-09-14,22.230669,176105897,3914951920.44
2010-09-15,22.358999,177705897,3973325972.7
2010-09-16,22.492976,173605897,3904913198.97
2010-09-17,22.526552,168855897,3803741071.63
2010-09-20,22.85022,175855897,4018345962.36
2010-09-21,22.827466,177655897,4055433871.06
2010-09-22,22.711066,182405897,4142632451.89
2010-09-23,22.691008,182655897,4144646459.96
2010-09-24,23.133956,184855897,4276448131.65
2010-09-27,23.124171,186055897,4302388441.55
2010-09-28,23.147676,192355897,4452591945.0
2010-09-29,23.136167,194405897,4497807213.27
2010-09-30,23.015666,190905897,4393826295.14
2010-10-01,23.025963,189555897,4364706980.43
2010-10-04,22.814379,193505897,4414716830.36
2010-10-05,23.314469,193505897,4511487292.8
2010-10-06,23.169775,195905897,4539095586.86
2010-10-07,23.179646,196305897,4550301292.38
2010-10-08,23.310616,195205897,4550369685.62
2010-10-11,23.333665,194305897,4533868731.58
2010-10-12,23.477171,194305897,4561752800.52
2010-10-13,23.662068,196655897,4653285208.59
2010-10-14,23.697355,199455897,4726577151.38
2010-10-15,24.089679,200055897,4819282434.96
2010-10-18,24.207378,204455897,4949341105.16
2010-10-19,23.803727,207305897,4934652988.65
2010-10-20,24.010889,212555897,5103655973.08
2010-10-21,24.02472,219655897,5277171407.93
2010-10-22,24.129672,233455897,5633214127.02
2010-10-25,24.200258,232805897,5633962820.79
2010-10-26,24.226904,232055897,5621995890.5
2010-10-27,24.302841,230405897,5599517836.19
2010-10-28,24.324321,231905897,5640953437.01
2010-10-29,24.319296,231605897,5632492316.84
2010-11-01,24.395314,231605897,5650098627.87
2010-11-02,24.619939,231605897,5702123108.2
2010-11-03,24.738801,230105897,5692544095.57
2010-11-04,25.121945,231855897,5824671015.04
2010-11-05,25.107222,232005897,5825023538.28
2010-11-08,25.114363,232805897,5846771714.97
2010-11-09,25.042857,234055897,5861428306.98
2010-11-10,25.092582,235055897,5898159344.54
2010-11-11,24.687256,234605897,5791775750.97
2010-11-12,24.359366,236955897,5772095356.42
2010-11-15,24.277568,236955897,5752712849.56
2010-11-16,23.845505,236155897,5631256675.72
2010-11-17,23.835203,236855897,5645508497.79
2010-11-18,24.261272,236405897,5735507883.18
2010-11-19,24.30975,235655897,5728735849.66
2010-11-22,24.424998,237205897,5793753477.32
2010-11-23,24.085881,236705897,5701270139.22
2010-11-24,24.469415,237005897,5799395599.58
2010-11-26,24.364961,237005897,5774639540.75
2010-11-29,24.208469,232405897,5626190941.29
2010-11-30,23.924137,232855897,5570876312.23
2010-12-01,24.438084,230905897,5642897767.91
2010-12-02,24.738344,229855897,5686254337.98
2010-12-03,24.803955,229055897,5681492220.97
2010-12-06,24.8185,231455897,5744388073.01
2010-12-07,24.836549,231455897,5748565822.21
2010-12-08,25.023759,230505897,5768124004.1
2010-12-09,25.060686,229455897,5750322171.06
2010-12-10,25.189992,229455897,5779992323.92
2010-12-13,25.130615,229455897,5766367901.56
2010-12-14,25.201754,229455897,5782691145.02
2010-12-15,25.06084,230155897,5767900106.03
2010-12-16,25.1199,230405897,5787773122.21
2010-12-17,25.04257,229105897,5737400450.36
2010-12-20,25.076062,229105897,5745073670.15
2010-12-21,25.224621,231105897,5829558736.25
2010-12-22,25.225175,231105897,5829686699.55
2010-12-23,25.195517,230805897,5815273852.82
2010-12-27,25.246802,230855897,5828373014.54
2010-12-28,25.237771,229855897,5801050405.39
2010-12-29,25.264269,229855897,5807141106.18
2010-12-30,25.224007,230855897,5823110647.63
2010-12-31,25.190001,232205897,5849266836.96
2011-01-03,25.498602,232955897,5940049723.28
2011-01-04,25.552739,234505897,5992268039.82
2011-01-05,25.725326,236755897,6090622652.8
2011-01-06,25.857796,240755897,6225416874.2
2011-01-07,25.771164,245855897,6335992524.23
2011-01-10,25.768603,245305897,6321190321.11
2011-01-11,25.748182,247005897,6359952792.25
2011-01-12,25.965324,248105897,6442150053.18
2011-01-13,25.951738,252055897,6541288703.67
2011-01-14,26.168526,253855897,6643034531.68
2011-01-18,26.188758,255355897,6687453794.64
2011-01-19,26.029421,257205897,6694920626.69
2011-01-20,25.866394,257505897,6660748902.23
2011-01-21,25.726327,259105897,6665843006.9
2011-01-24,26.092543,256955897,6704632780.45
2011-01-25,26.208794,257955897,6760712979.77
2011-01-26,26.335787,259255897,6827708025.46
2011-01-27,26.431801,259105897,6848635538.52
2011-01-28,25.83619,257955897,6664597693.84
2011-01-31,25.988782,260155897,6761135007.35
2011-02-01,26.43529,258555897,6835000090.29
2011-02-02,26.4808,257205897,6811017904.95
2011-02-03,26.52707,258305897,6852098643.52
2011-02-04,26.705483,259105897,6919548016.82
2011-02-07,26.829628,261255897,7009398551.95
2011-02-08,26.939264,262155897,7062286789.55
2011-02-09,26.89591,262955897,7072438058.0
2011-02-10,26.797748,262955897,7046625867.76
2011-02-11,26.903249,264755897,7122793907.84
2011-02-14,26.926052,269855897,7266153827.4
2011-02-15,26.823385,270055897,7243813257.68
2011-02-16,26.99002,270555897,7302308996.84
2011-02-17,27.037774,269905897,7297654626.61
2011-02-18,27.024983,270405897,7307714829.44
2011-02-22,26.354285,270305897,7123718695.22
2011-02-23,26.032415,265705897,6916966064.0
2011-02-24,26.111185,265055897,6920923565.78
2011-02-25,26.445181,263505897,6968461244.53
2011-02-28,26.529315,264355897,7013180895.52
2011-03-01,26.080074,265155897,6915285507.9
2011-03-02,26.204943,266505897,6983771882.15
2011-03-03,26.595099,264305897,7029241483.45
2011-03-04,26.417521,265105897,7003440573.21
2011-03-07,26.096163,267655897,6984791822.35
2011-03-08,26.292014,269455897,7084538266.44
2011-03-09,26.18199,268405897,7027400552.18
2011-03-10,25.699398,268055897,6888875117.28
2011-03-11,25.821391,268105897,6922867250.1
2011-03-14,25.696545,269405897,6922800762.51
2011-03-15,25.320486,270005897,6836680481.6
2011-03-16,24.682829,269105897,6642294950.2
2011-03-17,24.95727,267955897,6687447648.34
2011-03-18,24.932775,271205897,6761915738.38
2011-03-21,25.330816,269055897,6815405347.11
2011-03-22,25.29308,268055897,6779959174.64
2011-03-23,25.428412,268755897,6834035723.79
2011-03-24,25.816047,268655897,6935633204.38
2011-03-25,25.878658,266655897,6900696816.33
2011-03-28,25.808279,267055897,6892253126.22
2011-03-29,26.014133,268305897,6979745217.86
2011-03-30,26.101142,268155897,6999175034.31
2011-03-31,26.047723,267655897,6971826649.79
2011-04-01,26.026299,268155897,6979105528.12
2011-04-04,25.922831,268805897,6968209893.12
2011-04-05,25.889508,276055897,7146951267.14
2011-04-06,26.061393,274155897,7144884695.84
2011-04-07,26.073024,274155897,7148073216.56
2011-04-08,25.947361,274705897,7127893165.15
2011-04-11,25.910813,273755897,7093237804.24
2011-04-12,25.692465,273755897,7033463899.14
2011-04-13,25.837065,273055897,7054962857.23
2011-04-14,25.781178,273805897,7059038689.93
2011-04-15,25.715679,273805897,7041104428.5
2011-04-18,25.509611,272205897,6943866662.47
2011-04-19,25.58632,273505897,6998009282.3
2011-04-20,26.112486,272905897,7126251361.58
2011-04-21,26.335375,273055897,7191029480.68
2011-04-25,26.373473,276455897,7291102209.91
2011-04-26,26.597504,278605897,7410221439.76
2011-04-27,26.754063,282655897,7562193687.8
2011-04-28,26.754522,283655897,7589078060.32
2011-04-29,26.751277,283105897,7573444177.72
2011-05-02,26.653738,283955897,7568485983.93
2011-05-03,26.665424,282455897,7531806293.32
2011-05-04,26.594122,282805897,7520974511.05
2011-05-05,26.434178,282255897,7461202698.35
2011-05-06,26.52264,282505897,7492802198.98
2011-05-09,26.584715,282055897,7498375557.06
2011-05-10,26.820875,282055897,7564985874.88
2011-05-11,26.597397,282055897,7501952556.08
2011-05-12,26.766506,283755897,7595153920.7
2011-05-13,26.467307,283105897,7493050662.57
2011-05-16,26.08833,282605897,7372715807.61
2011-05-17,26.084754,279005897,7277800324.11
2011-05-18,26.267436,291055897,7645292053.8
2011-05-19,26.326984,291755897,7681052696.94
2011-05-20,26.167118,293005897,7667120002.55
2011-05-23,25.801935,294055897,7587211088.83
2011-05-24,25.730272,293755897,7558419175.5
2011-05-25,25.809825,294205897,7593402656.24
2011-05-26,25.957073,294605897,7647106687.99
2011-05-27,26.081646,295105897,7696847609.07
2011-05-31,26.453547,297705897,7875376852.03
2011-06-01,25.905501,297155897,7697972506.91
2011-06-02,25.92082,295155897,7650682741.31
2011-06-03,25.54386,295405897,7545806962.91
2011-06-06,25.353821,295055897,7480794316.73
2011-06-07,25.266864,294805897,7448820636.93
2011-06-08,25.094441,291855897,7323960511.27
2011-06-09,25.109943,291855897,7328484938.75
2011-06-10,24.764987,291855897,7227807423.05
2011-06-13,24.788809,289005897,7164111889.94
2011-06-14,25.087016,288105897,7227717243.47
2011-06-15,24.646015,287705897,7090803961.08
2011-06-16,24.578215,287255897,7060237152.07
2011-06-17,24.452547,287105897,7020470424.93
2011-06-20,24.543694,285155897,6998779201.86
2011-06-21,24.981111,287905897,7192209310.61
2011-06-22,24.788347,290755897,7207357927.19
2011-06-23,24.960814,291555897,7277472581.23
2011-06-24,24.543533,291255897,7148448785.26
2011-06-27,24.875263,292255897,7269942246.88
2011-06-28,25.175693,291655897,7342639240.47
2011-06-29,25.360779,291605897,7395352686.18
2011-06-30,25.699131,292005897,7504297860.87
2011-07-01,26.125609,293105897,7657570073.92
2011-07-05,26.155927,293105897,7666456495.24
2011-07-06,26.274356,293105897,7701168573.24
2011-07-07,26.586249,292105897,7766000107.65
2011-07-08,26.464039,291855897,7723685944.16
2011-07-11,26.016072,291255897,7577334296.22
2011-07-12,25.799989,291255897,7514398960.47
2011-07-13,25.852019,290155897,7501115682.9
2011-07-14,25.612999,290155897,7431762745.96
2011-07-15,25.936623,290155897,7525664059.42
2011-07-18,25.830832,290555897,7505300448.51
2011-07-19,26.455659,291205897,7704043998.28
2011-07-20,26.353712,290255897,7649320412.14
2011-07-21,26.489211,290655897,7699245297.86
2011-07-22,26.7382,290655897,7771615476.74
2011-07-25,26.6494,290455897,7740475472.83
2011-07-26,26.753205,292555897,7826807907.96
2011-07-27,26.052638,294105897,7662234446.78
2011-07-28,26.000519,294805897,7665106276.11
2011-07-29,25.801607,295455897,7623236837.83
2011-08-01,25.796304,296705897,7653915423.91
2011-08-02,25.225537,297155897,7495916942.97
2011-08-03,25.541061,296805897,7580737557.6
2011-08-04,24.441474,297905897,7281259100.61
2011-08-05,24.330567,296605897,7216589663.76
2011-08-08,22.945259,297305897,6821760715.65
2011-08-09,23.98662,299305897,7179336914.95
2011-08-10,23.064351,298155897,6876772130.14
2011-08-11,24.030819,295655897,7104853408.19
2011-08-12,24.131562,290355897,7006741409.2
2011-08-15,24.575048,289655897,7118307638.3
2011-08-16,24.356598,275355897,6706732785.66
2011-08-17,24.238701,272505897,6605188950.82
2011-08-18,23.052717,268505897,6189790579.12
2011-08-19,22.491187,269505897,6061507627.42
2011-08-22,22.647474,272305897,6167040647.12
2011-08-23,23.501227,269305897,6329019014.83
2011-08-24,23.700234,266255897,6310326965.02
2011-08-25,23.327023,274005897,6391741950.15
2011-08-26,23.793016,276305897,6574150551.84
2011-08-29,24.401821,279005897,6808252031.7
2011-08-30,24.491334,275955897,6758528063.73
2011-08-31,24.446476,274605897,6713146591.9
2011-09-01,24.188676,274505897,6639934250.75
2011-09-02,23.644054,272905897,6452601639.51
2011-09-06,23.512469,273705897,6435501371.46
2011-09-07,24.108788,273705897,6598717355.19
2011-09-08,24.007153,274155897,6581702679.17
2011-09-09,23.495453,273705897,6430844136.64
2011-09-12,23.770667,273005897,6489532197.97
2011-09-13,24.05893,273005897,6568229642.65
2011-09-14,24.413388,273705897,6682088271.57
2011-09-15,24.812464,275455897,6834739585.24
2011-09-16,24.966193,275805897,6885823196.63
2011-09-19,24.917083,277555897,6915883360.62
2011-09-20,24.852526,279355897,6942699724.11
2011-09-21,24.496848,286355897,7014816792.17
2011-09-22,23.760446,285805897,6790875485.12
2011-09-23,23.997239,279855897,6715768751.36
2011-09-26,24.313336,279355897,6792073675.07
2011-09-27,24.585436,279355897,6868086552.96
2011-09-28,24.26482,276855897,6717858586.25
2011-09-29,24.207954,278355897,6738426675.61
2011-09-30,23.585283,278355897,6565102530.8
2011-10-03,23.066157,278305897,6419447382.96
2011-10-04,23.507993,280105897,6584727364.14
2011-10-05,24.011733,279355897,6707819160.35
2011-10-06,24.378872,281255897,6856701606.78
2011-10-07,24.255149,282105897,6842520545.95
2011-10-10,25.040618,283105897,7089146736.73
2011-10-11,25.14088,284255897,7146443486.94
2011-10-12,25.295305,285105897,7211840621.47
2011-10-13,25.534841,287055897,7329926775.81
2011-10-14,26.022095,285505897,7429461586.46
2011-10-17,25.597851,288205897,7377451579.08
2011-10-18,25.853649,288205897,7451174078.28
2011-10-19,25.330902,290005897,7346110855.8
2011-10-20,25.224429,290155897,7319016736.55
2011-10-21,25.543557,292405897,7469086724.6
2011-10-24,25.940467,293605897,7616273963.16
2011-10-25,25.493023,291255897,7424993403.06
2011-10-26,25.620153,291705897,7473549647.91
2011-10-27,26.408477,291205897,7690304321.86
2011-10-28,26.489162,291705897,7727044727.53
2011-10-31,26.003077,292405897,7603452914.53
2011-11-01,25.307317,294005897,7440500462.3
2011-11-02,25.600961,291255897,7456430963.55
2011-11-03,26.205379,291655897,7642953334.08
2011-11-04,26.056207,296005897,7712791062.85
2011-11-07,26.223944,296455897,7774242989.51
2011-11-08,26.504726,297055897,7873385269.64
2011-11-09,25.603217,297755897,7623508833.76
2011-11-10,25.653586,297255897,7625679807.43
2011-11-11,26.153072,297205897,7772847256.92
2011-11-14,25.972877,296905897,7711500362.09
2011-11-15,26.289596,296755897,7801592602.81
2011-11-16,25.900233,297705897,7710652210.49
2011-11-17,25.38242,297255897,7545073919.43
2011-11-18,25.222446,294655897,7431942311.43
2011-11-21,24.776516,294455897,7295591271.38
2011-11-22,24.730458,293105897,7248643078.26
2011-11-23,24.147309,293105897,7077718645.05
2011-11-25,24.001575,290955897,6983399789.18
2011-11-28,24.800592,290805897,7212158522.16
2011-11-29,24.675462,290655897,7172068489.31
2011-11-30,25.635134,290655897,7451002829.98
2011-12-01,25.748862,288605897,7431273492.35
2011-12-02,25.722229,289155897,7437734178.71
2011-12-05,26.017221,288955897,7517829335.43
2011-12-06,26.015698,289955897,7543404948.95
2011-12-07,26.044697,287855897,7497119738.56
2011-12-08,25.648728,292255897,7495991908.04
2011-12-09,26.03507,291805897,7597186934.69
2011-12-12,25.70373,291705897,7497929556.0
2011-12-13,25.498384,317805897,8103536647.97
2011-12-14,25.095268,322105897,8083333789.28
2011-12-15,25.033435,320905897,8033376847.35
2011-12-16,24.993591,324555897,8111817282.75
2011-12-19,24.730901,323855897,8009248148.46
2011-12-20,25.448479,322355897,8203467302.21
2011-12-21,25.036074,325005897,8136871770.16
2011-12-22,25.281009,323755897,8184875745.42
2011-12-23,25.542273,323455897,8261798686.9
2011-12-27,25.581916,323455897,8274621532.73
2011-12-28,25.330479,323005897,8181893959.46
2011-12-29,25.561238,321855897,8227035237.41
2011-12-30,25.471367,321755897,8195562638.61
2012-01-03,25.844772,321255897,8302785319.52
2012-01-04,25.87658,321555897,8320767037.47
2012-01-05,25.973754,320455897,8323442736.16
2012-01-06,25.980707,320405897,8324371648.81
2012-01-09,25.924866,319905897,8293517420.4
2012-01-10,26.044094,319905897,8331659150.97
2012-01-11,26.114109,320855897,8378865730.69
2012-01-12,26.213284,320855897,8410686600.12
2012-01-13,26.05028,319755897,8329730643.8
2012-01-17,26.216777,319755897,8382968995.84
2012-01-18,26.605223,319755897,8507176947.44
2012-01-19,26.768698,320255897,8572833407.72
2012-01-20,26.820077,320655897,8600015720.99
2012-01-23,26.875764,322655897,8671623751.73
2012-01-24,26.856479,301255897,8090672651.0
2012-01-25,27.096378,301755897,8176491957.96
2012-01-26,26.887989,309755897,8328713174.69
2012-01-27,26.897238,309005897,8311405256.44
2012-01-30,26.993505,306405897,8270969167.37
2012-01-31,27.046043,304405897,8232974864.1
2012-02-01,27.290547,304805897,8318319574.49
2012-02-02,27.35614,306555897,8386186074.64
2012-02-03,27.727596,306055897,8486194274.92
2012-02-06,27.742753,306405897,8500543008.4
2012-02-07,27.818491,307705897,8559913631.88
2012-02-08,27.98457,309055897,8648796246.26
2012-02-09,28.223864,311255897,8784844194.52
2012-02-10,28.037176,312755897,8768792137.37
2012-02-13,28.209604,311905897,8798741982.7
2012-02-14,28.275733,311655897,8812299075.54
2012-02-15,28.107854,311655897,8759978320.98
2012-02-16,28.518793,311655897,8888049909.78
2012-02-17,28.518732,311955897,8896586470.71
2012-02-21,28.643791,312105897,8939896194.78
2012-02-22,28.519591,312905897,8923948331.85
2012-02-23,28.666072,313705897,8992715974.31
2012-02-24,28.805751,315555897,9089824461.08
2012-02-27,28.836637,315105897,9086594503.32
2012-02-28,29.064784,313955897,9125060365.46
2012-02-29,28.938031,312955897,9056327460.98
2012-03-01,29.116007,312955897,9112026037.15
2012-03-02,29.08335,314005897,9132343314.26
2012-03-05,28.845708,313105897,9031761383.12
2012-03-06,28.538696,313105897,8935633954.35
2012-03-07,28.734229,310605897,8925020938.5
2012-03-08,29.039465,310355897,9012569192.39
2012-03-09,29.158752,312205897,9103534367.68
2012-03-12,29.219203,311905897,9113641832.03
2012-03-13,29.763218,313005897,9316062902.29
2012-03-14,29.90723,315355897,9431421330.87
2012-03-15,29.996747,318755897,9561640050.32
2012-03-16,29.903141,319155897,9543763661.26
2012-03-19,30.112718,321505897,9681416439.45
2012-03-20,30.081752,321805897,9680485318.69
2012-03-21,30.078077,321805897,9679302567.27
2012-03-22,29.986291,323805897,9709737843.97
2012-03-23,29.957605,323805897,9700449016.64
2012-03-26,30.425123,326405897,9930939669.47
2012-03-27,30.421326,326405897,9929700349.63
2012-03-28,30.325342,324805897,9849850061.73
2012-03-29,30.255309,324805897,9827102675.16
2012-03-30,30.163097,325405897,9815249483.2
2012-04-02,30.481814,321455897,9798558773.47
2012-04-03,30.455089,319305897,9724489359.18
2012-04-04,30.079328,318305897,9574427471.01
2012-04-05,30.178195,316855897,9562139092.26
2012-04-09,29.967716,316855897,9495447470.43
2012-04-10,29.53304,316855897,9357717945.61
2012-04-11,29.695479,313805897,9318616450.96
2012-04-12,30.068929,312505897,9396717773.78
2012-04-13,29.601136,313705897,9286051026.37
2012-04-16,29.29974,315305897,9238380815.48
2012-04-17,29.927609,314705897,9418394919.9
2012-04-18,29.704929,315055897,9358713194.61
2012-04-19,29.38195,314805897,9249611185.2
2012-04-20,29.263535,315005897,9218186111.66
2012-04-23,29.048274,314655897,9140210791.38
2012-04-24,28.99206,318555897,9235591648.41
2012-04-25,29.796507,316855897,9441199010.61
2012-04-26,30.023276,317855897,9543075392.99
2012-04-27,30.036472,317855897,9547269836.81
2012-04-30,29.833867,318705897,9508229347.01
2012-05-01,29.907949,317355897,9491463978.45
2012-05-02,29.936514,316855897,9485561001.67
2012-05-03,29.67806,317855897,9433346349.79
2012-05-04,29.064388,317455897,9226661211.06
2012-05-07,29.003736,318655897,9242211581.29
2012-05-08,28.888721,317705897,9178116987.23
2012-05-09,28.852383,317355897,9156473868.57
2012-05-10,28.691177,317355897,9105314108.66
2012-05-11,28.708221,317355897,9110723220.53
2012-05-14,28.45779,316705897,9012749768.29
2012-05-15,28.347362,314555897,8916829970.03
2012-05-16,28.132938,313905897,8831095192.82
2012-05-17,27.732101,317605897,8807878969.44
2012-05-18,27.466888,319805897,8784072785.92
2012-05-21,28.135264,319405897,8986569121.39
2012-05-22,28.059339,320005897,8979154044.12
2012-05-23,28.102075,320705897,9012501144.61
2012-05-24,27.908321,320955897,8957340131.58
2012-05-25,27.877617,320455897,8933546611.88
2012-05-29,28.245867,321905897,9092511070.04
2012-05-30,28.047254,322355897,9041197817.02
2012-05-31,27.92796,322355897,9002742635.6
2012-06-01,27.221555,322355897,8775028791.55
2012-06-04,27.359692,321905897,8807246261.92
2012-06-05,27.513094,320905897,8829114171.81
2012-06-06,28.174368,321355897,9053999163.3
2012-06-07,28.045137,321555897,9018079280.2
2012-06-08,28.329085,321555897,9109384289.44
2012-06-11,27.915286,320255897,8940034937.32
2012-06-12,28.22635,318655897,8994492802.77
2012-06-13,28.050267,318655897,8938382945.04
2012-06-14,28.181996,320155897,9022632084.68
2012-06-15,28.419856,319605897,9083153577.87
2012-06-18,28.570338,323505897,9242672706.9
2012-06-19,28.808481,324205897,9339879434.65
2012-06-20,28.845394,324205897,9351846680.64
2012-06-21,28.162871,324505897,9139017845.69
2012-06-22,28.490632,323855897,9226859066.89
2012-06-25,27.915894,320305897,8941625392.74
2012-06-26,27.99344,320305897,8966464042.92
2012-06-27,28.168603,320155897,9018344477.76
2012-06-28,27.930824,320155897,8942218008.55
2012-06-29,28.760759,319355897,9184918112.66
2012-07-02,28.88758,321305897,9281749778.94
2012-07-03,29.102457,322605897,9388624201.49
2012-07-05,29.120605,323505897,9420687533.11
2012-07-06,28.674749,321855897,9229136998.0
2012-07-09,28.620453,322305897,9224540873.0
2012-07-10,28.327244,318455897,9020977930.85
2012-07-11,28.179863,317305897,8941636808.61
2012-07-12,27.898656,316255897,8823114596.51
2012-07-13,28.295983,316005897,8941697375.6
2012-07-16,28.245806,315455897,8910306216.02
2012-07-17,28.344448,314755897,8921582063.52
2012-07-18,28.828429,316205897,9115719113.91
2012-07-19,29.091447,315955897,9191614129.8
2012-07-20,28.744678,315705897,9074864452.59
2012-07-23,28.503886,317355897,9045876291.32
2012-07-24,28.208019,314705897,8877229777.69
2012-07-25,28.051556,313055897,8781705059.39
2012-07-26,28.521742,311955897,8897525468.93
2012-07-27,29.136678,312555897,9106840645.52
2012-07-30,29.169154,312505897,9115532768.79
2012-07-31,29.2732,314005897,9191957447.45
2012-08-01,29.176332,314455897,9174669530.97
2012-08-02,29.028046,314555897,9130943172.54
2012-08-03,29.548284,314555897,9294587071.16
2012-08-06,29.741713,314555897,9355431133.89
2012-08-07,29.944032,316005897,9462490645.8
2012-08-08,29.966652,315355897,9450160309.99
2012-08-09,30.064539,317855897,9556191083.44
2012-08-10,30.143837,318355897,9596468336.76
2012-08-13,30.209965,325205897,9824458901.7
2012-08-14,30.148923,325205897,9804607616.86
2012-08-15,30.180964,325755897,9831626963.35
2012-08-16,30.573452,326255897,9974768873.21
2012-08-17,30.745605,327805897,10078590681.49
2012-08-20,30.788605,327305897,10077291891.66
2012-08-21,30.5801,329905897,10088555249.94
2012-08-22,30.635212,330755897,10132777144.12
2012-08-23,30.375914,327755897,9955884874.72
2012-08-24,30.554082,327955897,10020391290.61
2012-08-27,30.588357,327655897,10022455458.42
2012-08-28,30.537212,327655897,10005697435.37
2012-08-29,30.614977,327655897,10031177764.53
2012-08-30,30.251429,328255897,9930209842.75
2012-08-31,30.457223,332255897,10119591987.75
2012-09-04,30.485894,332055897,10123020846.76
2012-09-05,30.470612,332055897,10117946425.0
2012-09-06,31.149544,332605897,10360522162.42
2012-09-07,31.104039,331605897,10314282776.1
2012-09-10,30.770909,332355897,10226892986.47
2012-09-11,30.842415,331555897,10225984460.57
2012-09-12,30.994262,331905897,10287178477.75
2012-09-13,31.432481,332905897,10464058375.55
2012-09-14,31.580191,331705897,10475335583.35
2012-09-17,31.609722,332955897,10524643495.17
2012-09-18,31.617501,331905897,10494035064.38
2012-09-19,31.650376,332605897,10527101638.18
2012-09-20,31.604588,344005897,10872164722.66
2012-09-21,31.515571,343255897,10817905471.61
2012-09-24,31.299814,346655897,10850265136.45
2012-09-25,30.863971,346605897,10697634297.49
2012-09-26,30.636856,346605897,10618915096.21
2012-09-27,31.055329,346605897,10763960315.01
2012-09-28,30.830717,346955897,10696898984.12
2012-10-01,30.7656,346405897,10657385433.78
2012-10-02,30.80259,347005897,10688680518.03
2012-10-03,30.977275,348155897,10784920908.8
2012-10-04,31.0464,347905897,10801225625.95
2012-10-05,30.879509,348305897,10755515125.07
2012-10-08,30.567315,348305897,10646775921.4
2012-10-09,30.165128,338705897,10217106644.4
2012-10-10,30.052188,335955897,10096209937.89
2012-10-11,29.93996,328105897,9823477427.67
2012-10-12,29.925238,328555897,9832113397.78
2012-10-15,30.071307,321555897,9669606222.51
2012-10-16,30.476485,321555897,9799893339.35
2012-10-17,30.309898,324155897,9825132317.35
2012-10-18,29.965603,322005897,9649100748.49
2012-10-19,29.298156,320455897,9388766978.53
2012-10-22,29.513808,321705897,9494766177.78
2012-10-23,29.154853,322105897,9390950105.64
2012-10-24,28.993273,323505897,9379494896.14
2012-10-25,28.941555,324355897,9387364095.46
2012-10-26,28.998842,323405897,9378396518.2
2012-10-29,28.998728,325105897,9427657332.23
2012-10-30,28.998595,325105897,9427614375.82
2012-10-31,28.866843,325105897,9384780851.15
2012-11-01,29.36338,319555897,9383241218.69
2012-11-02,28.961257,318205897,9215642649.77
2012-11-05,29.112457,316655897,9218631183.94
2012-11-06,29.274316,316655897,9269884790.59
2012-11-07,28.495735,316655897,9023342405.54
2012-11-08,28.102615,315505897,8866540706.17
2012-11-09,28.260307,316155897,8934662806.03
2012-11-12,28.195781,315905897,8907213498.51
2012-11-13,28.030907,315905897,8855128720.91
2012-11-14,27.770599,317505897,8817328974.64
2012-11-15,27.625092,314855897,8697923024.85
2012-11-16,27.677253,314505897,8704659401.55
2012-11-19,28.435103,313355897,8910307310.41
2012-11-20,28.287219,313905897,8879524964.02
2012-11-21,28.407626,309705897,8798009158.04
2012-11-23,28.860569,309705897,8938288476.12
2012-11-26,28.976587,310655897,9001747739.76
2012-11-27,28.847101,309205897,8919693680.37
2012-11-28,29.023738,310055897,8998981251.24
2012-11-29,29.167869,311805897,9094713474.29
2012-11-30,29.128449,314705897,9166894658.41
2012-12-03,29.08393,314705897,9152884143.7
2012-12-04,29.022496,314705897,9133550687.27
2012-12-05,28.722425,313255897,8997468917.57
2012-12-06,28.923085,312455897,9037188565.5
2012-12-07,28.772221,309955897,8918119458.93
2012-12-10,28.842447,299055897,8625503851.1
2012-12-11,29.228673,291055897,8507177618.01
2012-12-12,29.172731,290105897,8463181423.67
2012-12-13,28.972732,289605897,8390673974.76
2012-12-14,28.686403,287955897,8260418800.37
2012-12-17,29.042417,286805897,8329536601.66
2012-12-18,29.463404,287405897,8467956124.58
2012-12-19,29.311534,287305897,8421376439.52
2012-12-20,29.38586,288805897,8486809530.33
2012-12-21,28.952508,287405897,8321121472.52
2012-12-24,28.862699,287155897,8288094094.65
2012-12-26,28.702616,287905897,8263652266.89
2012-12-27,28.675291,287755897,8251484219.32
2012-12-28,28.350107,287455897,8149405339.02
2012-12-31,28.918175,286455897,8283781657.76
2013-01-02,29.825358,287355897,8570492494.2
2013-01-03,29.624857,288655897,8551389533.68
2013-01-04,29.511448,291005897,8588005438.47
2013-01-07,29.478564,292405897,8619705995.92
2013-01-08,29.342269,290355897,8519700709.31
2013-01-09,29.38762,294605897,8657766279.36
2013-01-10,29.552481,296555897,8763962447.97
2013-01-11,29.608653,300455897,8896094506.95
2013-01-14,29.37724,297855897,8750184076.98
2013-01-15,29.207602,297855897,8699656381.65
2013-01-16,29.341961,292805897,8591499305.16
2013-01-17,29.442883,297055897,8746181991.07
2013-01-18,29.399875,297905897,8758396235.66
2013-01-22,29.46792,298205897,8787507610.74
2013-01-23,29.786012,300605897,8953850813.42
2013-01-24,29.260813,303355897,8876440214.3
2013-01-25,29.308481,303805897,8904089345.51
2013-01-28,29.382233,304505897,8947063074.32
2013-01-29,29.43239,303605897,8935847283.65
2013-01-30,29.359251,304605897,8943000847.55
2013-01-31,29.387702,305205897,8969299798.61
2013-02-01,29.753276,305205897,9080875314.31
2013-02-04,29.324375,305605897,8961701957.87
2013-02-05,29.699354,307655897,9137181257.9
2013-02-06,29.683308,308155897,9147086475.89
2013-02-07,29.685897,308205897,9149368580.43
2013-02-08,29.949088,307305897,9203531296.17
2013-02-11,29.97234,308655897,9251139394.05
2013-02-12,29.877199,308355897,9212810650.52
2013-02-13,29.870284,309355897,9240548357.38
2013-02-14,29.807355,311505897,9285166778.71
2013-02-15,29.793507,312155897,9300218972.27
2013-02-19,29.979744,311005897,9323877323.78
2013-02-20,29.574598,310955897,9196395498.87
2013-02-21,29.353731,310955897,9127715628.05
2013-02-22,29.692621,306005897,9086117002.22
2013-02-25,29.254543,306455897,8965227368.87
2013-02-26,29.440885,307005897,9038525408.3
2013-02-27,29.700612,307705897,9139053458.24
2013-02-28,29.645375,307705897,9122056801.96
2013-03-01,29.685887,306655897,9103352180.84
2013-03-04,29.767618,306655897,9128415582.28
2013-03-05,30.188012,306655897,9257332019.33
2013-03-06,30.159591,308105897,9292347748.68
2013-03-07,30.235689,309355897,9353588565.56
2013-03-08,30.299299,309955897,9391446265.74
2013-03-11,30.374242,311605897,9464792790.73
2013-03-12,30.249114,312855897,9463613751.93
2013-03-13,30.230174,312855897,9457688281.22
2013-03-14,30.447787,311805897,9493799615.21
2013-03-15,30.218328,312755897,9450960383.38
2013-03-18,30.199363,313555897,9469188207.43
2013-03-19,30.15258,313155897,9442458188.32
2013-03-20,30.311537,313155897,9492236490.51
2013-03-21,29.974069,313555897,9398546065.21
2013-03-22,30.167425,313555897,9459173988.56
2013-03-25,30.084443,313555897,9433154603.1
2013-03-26,30.287887,313955897,9509060755.57
2013-03-27,30.192866,313955897,9479228196.07
2013-03-28,30.275851,313605897,9494685376.57
2013-04-01,30.060211,314005897,9439083521.89
2013-04-02,30.211448,314005897,9486572777.8
2013-04-03,29.969332,314005897,9410546903.97
2013-04-04,29.975644,312405897,9364567875.76
2013-04-05,29.748159,313355897,9321761040.8
2013-04-08,29.857203,312755897,9338016189.82
2013-04-09,30.064821,312755897,9402949975.92
2013-04-10,30.588153,314005897,9604860338.37
2013-04-11,30.513109,318005897,9703348448.79
2013-04-12,30.371905,318855897,9684261053.08
2013-04-15,29.873313,320255897,9567104688.28
2013-04-16,30.257785,316855897,9587357672.4
2013-04-17,29.626044,317205897,9397555759.22
2013-04-18,29.314139,316155897,9267837756.81
2013-04-19,29.344061,313055897,9186331279.49
2013-04-22,29.578422,311055897,9200542481.94
2013-04-23,29.911537,310155897,9277239538.43
2013-04-24,29.940518,311305897,9320659835.24
2013-04-25,30.052952,311805897,9370687553.57
2013-04-26,30.04449,312005897,9374058014.14
2013-04-29,30.47115,312005897,9507178611.26
2013-04-30,30.795029,313005897,9639025669.79
2013-05-01,30.542245,315655897,9640839658.98
2013-05-02,30.919188,319205897,9869587065.89
2013-05-03,31.218503,319805897,9983861402.87
2013-05-06,31.349285,320555897,10049198326.42
2013-05-07,31.336818,322255897,10098474323.3
2013-05-08,31.58694,323505897,10218561278.82
2013-05-09,31.477071,325555897,10247546123.32
2013-05-10,31.606906,327855897,10362510558.26
2013-05-13,31.497721,328005897,10331438311.86
2013-05-14,31.615162,331005897,10464805072.0
2013-05-15,31.708631,331355897,10506841913.02
2013-05-16,31.869928,332755897,10604906334.37
2013-05-17,32.202724,334005897,10755899589.86
2013-05-20,32.170736,340755897,10962367883.15
2013-05-21,32.086311,341005897,10941621100.66
2013-05-22,31.750428,341355897,10838195960.55
2013-05-23,31.737011,339005897,10759033973.96
2013-05-24,31.702734,338555897,10733147594.75
2013-05-28,31.830025,339155897,10795340765.52
2013-05-29,31.743925,339555897,10778836906.3
2013-05-30,31.93665,340255897,10866633605.96
2013-05-31,31.644839,341905897,10819557091.38
2013-06-03,31.833541,342955897,10917500518.36
2013-06-04,31.689916,342955897,10868243529.78
2013-06-05,31.36978,342955897,10758451206.06
2013-06-06,31.480778,342955897,10796518423.77
2013-06-07,31.75485,338155897,10738089672.27
2013-06-10,31.800699,338805897,10774264311.57
2013-06-11,31.470732,338805897,10662469537.41
2013-06-12,31.237318,338805897,10583387670.91
2013-06-13,31.613511,339405897,10729811969.41
2013-06-14,31.396339,339405897,10656102749.54
2013-06-17,31.677475,339405897,10751521660.58
2013-06-18,31.928425,340005897,10855852652.67
2013-06-19,31.536739,340405897,10735291775.28
2013-06-20,30.840893,340405897,10498421895.17
2013-06-21,30.517605,340155897,10380743199.36
2013-06-24,30.130244,339855897,10239941131.72
2013-06-25,30.3952,338605897,10291993886.53
2013-06-26,30.565547,340305897,10401635879.15
2013-06-27,30.714867,331305897,10176016620.4
2013-06-28,30.574679,329355897,10069950727.21
2013-07-01,30.758962,331355897,10192163556.77
2013-07-02,30.817858,332155897,10236333147.87
2013-07-03,30.986431,340855897,10561907740.44
2013-07-05,31.194654,346105897,10796653650.06
2013-07-08,31.161652,351455897,10951946463.82
2013-07-09,31.277257,351755897,11001959551.33
2013-07-10,31.391035,351555897,11035703440.28
2013-07-11,31.910861,353155897,11269508637.23
2013-07-12,31.954517,355055897,11345639658.81
2013-07-15,32.004285,354555897,11347308021.15
2013-07-16,32.031102,354655897,11360019228.76
2013-07-17,32.089721,356905897,11453010600.74
2013-07-18,31.98215,359005897,11481780312.32
2013-07-19,31.451349,358955897,11289647081.47
2013-07-22,31.556239,357655897,11286275116.71
2013-07-23,31.420703,357655897,11237799822.4
2013-07-24,31.626809,356155897,11264074588.9
2013-07-25,31.642217,356155897,11269562038.77
2013-07-26,31.691847,356155897,11287238053.68
2013-07-29,31.676451,355755897,11269084220.2
2013-07-30,31.821014,355755897,11320513528.63
2013-07-31,31.709179,355755897,11280727556.37
2013-08-01,32.083797,355955897,11420416619.13
2013-08-02,32.225658,357605897,11524085242.65
2013-08-05,32.29026,357605897,11547187361.36
2013-08-06,32.110178,358205897,11502055118.16
2013-08-07,32.038893,358205897,11476520297.49
2013-08-08,32.130072,357355897,11481870567.49
2013-08-09,31.968117,357055897,11414404763.05
2013-08-12,32.173996,357055897,11487914923.93
2013-08-13,32.383882,358955897,11624385518.67
2013-08-14,32.382178,360105897,11661013133.67
2013-08-15,31.850808,360655897,11487181809.51
2013-08-16,31.813894,359105897,11424557039.61
2013-08-19,31.734621,359555897,11410370260.48
2013-08-20,31.754614,359005897,11400093683.33
2013-08-21,31.690697,358955897,11375562657.96
2013-08-22,31.847925,358055897,11403337466.17
2013-08-23,32.07861,358055897,11485935538.76
2013-08-26,31.926085,359905897,11490386131.27
2013-08-27,31.342224,359905897,11280251102.44
2013-08-28,31.381914,360505897,11313364931.78
2013-08-29,31.555461,360505897,11375929945.89
2013-08-30,31.411927,361155897,11344602790.79
2013-09-03,31.433755,360905897,11344627686.25
2013-09-04,31.728582,360505897,11438340837.82
2013-09-05,31.747226,360905897,11457761178.49
2013-09-06,31.776292,360905897,11468251296.82
2013-09-09,32.147974,361605897,11624896858.36
2013-09-10,32.355096,362505897,11728912974.54
2013-09-11,32.214517,363105897,11697281002.39
2013-09-12,32.236623,364105897,11737544506.53
2013-09-13,32.245422,363705897,11727850120.4
2013-09-16,32.19229,363705897,11708525890.61
2013-09-17,32.378385,364305897,11795636630.02
2013-09-18,32.782075,365005897,11965650558.76
2013-09-19,32.814635,366505897,12026757268.95
2013-09-20,32.405393,364755897,11820058178.48
2013-09-23,32.487576,365555897,11876025040.81
2013-09-24,32.379076,365655897,11839599906.85
2013-09-25,32.295413,366405897,11833229682.96
2013-09-26,32.421704,366405897,11879503559.32
2013-09-27,32.220979,366355897,11804345629.68
2013-09-30,32.040101,366355897,11738080076.15
2013-10-01,32.34433,365605897,11825277778.47
2013-10-02,32.353097,365605897,11828482942.83
2013-10-03,32.046137,364755897,11689017558.7
2013-10-04,32.196669,364755897,11743925051.94
2013-10-07,32.029341,364855897,11686094113.4
2013-10-08,31.525354,364955897,11505363810.27
2013-10-09,31.660632,365005897,11556317450.01
2013-10-10,32.19997,364855897,11748348840.43
2013-10-11,32.435447,364205897,11813180934.11
2013-10-14,32.563266,368055897,11985101919.45
2013-10-15,32.36868,368755897,11936141555.73
2013-10-16,32.67938,372055897,12158556108.76
2013-10-17,32.69946,372055897,12166026928.74
2013-10-18,33.243074,372055897,12368281885.72
2013-10-21,33.437376,372705897,12462307111.47
2013-10-22,33.410102,373005897,12462165157.44
2013-10-23,33.255136,379555897,12622183045.17
2013-10-24,33.350649,379555897,12658435665.17
2013-10-25,33.50667,379555897,12717654335.68
2013-10-28,33.604442,380755897,12795089417.66
2013-10-29,33.830516,381055897,12891317729.94
2013-10-30,33.734293,381355897,12864771757.33
2013-10-31,33.623158,382255897,12852650608.59
2013-11-01,33.660491,359205897,12091046857.45
2013-11-04,33.7912,358605897,12117723690.41
2013-11-05,33.710352,358705897,12092102172.42
2013-11-06,34.027507,358405897,12195659199.55
2013-11-07,33.586315,358405897,12037533532.89
2013-11-08,33.903958,357605897,12124255296.79
2013-11-11,33.922667,357605897,12130945939.9
2013-11-12,34.031316,359655897,12239563442.71
2013-11-13,34.332196,360505897,12376959188.27
2013-11-14,34.227316,361305897,12366531034.86
2013-11-15,34.327358,361055897,12394094922.31
2013-11-18,34.148366,361805897,12355080151.69
2013-11-19,34.045205,362455897,12339885175.26
2013-11-20,33.922963,362455897,12295577856.6
2013-11-21,34.221312,362455897,12403716203.74
2013-11-22,34.17613,362955897,12404427926.93
2013-11-25,34.142694,362955897,12392292232.29
2013-11-26,34.266578,366755897,12567469471.49
2013-11-27,34.562752,366805897,12677821184.98
2013-11-29,34.675597,367255897,12734817321.04
2013-12-02,34.546412,368005897,12713283498.92
2013-12-03,34.668358,369355897,12804962459.44
2013-12-04,34.7036,371105897,12878710493.21
2013-12-05,34.584404,371105897,12834476414.09
2013-12-06,34.856711,371105897,12935531106.19
2013-12-09,34.951507,372155897,13007409452.4
2013-12-10,34.851602,372505897,12982427443.66
2013-12-11,34.540889,372005897,12849414481.78
2013-12-12,34.314905,370605897,12717306151.74
2013-12-13,34.223287,370305897,12673085047.82
2013-12-16,34.542154,369505897,12763529743.55
2013-12-17,34.518083,369205897,12744279662.46
2013-12-18,34.808327,369705897,12868843874.75
2013-12-19,34.858434,367205897,12800222394.56
2013-12-20,34.92329,368105897,12855468970.91
2013-12-23,35.410781,367155897,13001276912.46
2013-12-24,35.504824,367405897,13044681699.91
2013-12-26,35.617438,368955897,13141263723.66
2013-12-27,35.558415,368105897,13089262336.19
2013-12-30,35.523228,368105897,13076309589.85
2013-12-31,35.749253,367605897,13141636336.52
2014-01-02,35.395954,367855897,13020610348.57
2014-01-03,35.221315,369355897,13009200241.32
2014-01-06,35.167448,370605897,13033263560.39
2014-01-07,35.480213,370605897,13149176021.27
2014-01-08,35.488906,370205897,13138202326.75
2014-01-09,35.239659,370205897,13045929459.05
2014-01-10,35.315464,369205897,13038677593.26
2014-01-13,34.950529,369205897,12903941286.84
2014-01-14,35.553041,369555897,13138835904.14
2014-01-15,35.978174,371155897,13353511465.87
2014-01-16,35.96779,371455897,13360447641.68
2014-01-17,35.775813,373055897,13346378184.73
2014-01-21,35.909073,372055897,13360182493.17
2014-01-22,35.883751,373405897,13399204396.4
2014-01-23,35.806079,373655897,13379152607.6
2014-01-24,35.109578,371105897,13029371360.6
2014-01-27,34.796134,367605897,12791263994.53
2014-01-28,34.593672,373505897,12920940401.36
2014-01-29,34.289961,375855897,12888084043.24
2014-01-30,34.753835,376805897,13095449983.62
2014-01-31,34.826955,377955897,13163052949.54
2014-02-03,34.016961,379955897,12924945021.12
2014-02-04,34.21951,381655897,13060077603.2
2014-02-05,34.211467,382255897,13077535073.04
2014-02-06,34.617613,383205897,13265673273.29
2014-02-07,35.091883,384405897,13489526793.29
2014-02-10,35.20595,383655897,13506970514.87
2014-02-11,35.612719,385655897,13734255000.75
2014-02-12,35.72163,387005897,13824481397.69
2014-02-13,36.044433,387005897,13949408236.44
2014-02-14,36.073647,386605897,13946284697.4
2014-02-18,36.100613,388555897,14027105933.83
2014-02-19,35.951274,391555897,14076933467.53
2014-02-20,36.119403,390205897,14094004092.67
2014-02-21,35.963059,389705897,14015016357.33
2014-02-24,36.079194,335305897,12097566644.21
2014-02-25,35.966058,335205897,12056034673.17
2014-02-26,35.995843,335205897,12066018933.31
2014-02-27,36.285669,335205897,12163170196.81
2014-02-28,36.233737,335005897,12138515468.56
2014-03-03,35.944112,336455897,12093608394.85
2014-03-04,36.483569,336455897,12275111977.12
2014-03-05,36.492632,334605897,12210649820.35
2014-03-06,36.508337,335655897,12254238741.85
2014-03-07,36.408782,337455897,12286358201.08
2014-03-10,36.358662,337805897,12282170560.91
2014-03-11,36.272802,337355897,12236843591.96
2014-03-12,36.347281,337355897,12261969595.37
2014-03-13,35.828676,336805897,12067309436.37
2014-03-14,35.626448,338405897,12056200130.04
2014-03-17,36.077085,337705897,12183444212.35
2014-03-18,36.535375,340555897,12442337241.98
2014-03-19,36.342824,340805897,12385848774.24
2014-03-20,36.653649,341705897,12524768101.81
2014-03-21,36.345093,344805897,12532002322.22
2014-03-24,36.245724,344605897,12490490373.79
2014-03-25,36.496187,342405897,12496509684.79
2014-03-26,36.058155,343205897,12375371543.99
2014-03-27,35.915137,343355897,12331674052.09
2014-03-28,36.062031,342305897,12344245851.0
2014-03-31,36.33471,342305897,12437585525.78
2014-04-01,36.776722,342655897,12601760817.85
2014-04-02,36.787894,344605897,12677325375.61
2014-04-03,36.625624,344905897,12632393537.56
2014-04-04,35.898035,346305897,12431701155.52
2014-04-07,35.652778,345705897,12325375527.97
2014-04-08,35.961008,345455897,12422942225.63
2014-04-09,36.430916,345655897,12592560882.9
2014-04-10,35.609199,345905897,12317431837.34
2014-04-11,35.22596,346355897,12200718817.72
2014-04-14,35.572515,342155897,12171345607.55
2014-04-15,35.723206,341405897,12196113224.3
2014-04-16,36.090728,341405897,12321587419.57
2014-04-17,36.015079,345805897,12454226791.27
2014-04-18,36.010513,345655897,12447246194.8
2014-04-21,36.172943,345655897,12503390889.38
2014-04-22,36.31978,345505897,12548698306.87
2014-04-23,35.938803,348655897,12530275559.58
2014-04-24,36.198909,351105897,12709650526.69
2014-04-25,35.742974,351805897,12574589198.94
2014-04-28,36.093359,351505897,12687028507.42
2014-04-29,36.356049,351505897,12779365780.12
2014-04-30,36.468647,352755897,12864530112.72
2014-05-01,36.481272,332705897,12137534218.74
2014-05-02,36.408287,332805897,12116892623.64
2014-05-05,36.567353,331755897,12131435057.65
2014-05-06,36.170317,332805897,12037694817.98
2014-05-07,36.170664,332805897,12037810410.35
2014-05-08,36.286633,332305897,12058262187.66
2014-05-09,36.344065,332005897,12066443837.55
2014-05-12,36.814335,328605897,12097407435.48
2014-05-13,36.827995,330555897,12173710854.76
2014-05-14,36.663986,332605897,12194657819.74
2014-05-15,36.416336,332605897,12112288238.9
2014-05-16,36.68309,333055897,12217519387.18
2014-05-19,36.933517,332805897,12291692225.18
2014-05-20,36.703183,333055897,12224211414.43
2014-05-21,36.96621,332855897,12304420996.85
2014-05-22,37.028242,332855897,12325068786.88
2014-05-23,37.348252,333405897,12452127621.69
2014-05-27,37.666659,333105897,12546986378.37
2014-05-28,37.574727,334105897,12553937722.51
2014-05-29,37.790148,333755897,12612684714.4
2014-05-30,37.823968,334355897,12646666629.72
2014-06-02,37.774526,335805897,12684908707.55
2014-06-03,37.695746,335805897,12658453936.42
2014-06-04,37.769213,337655897,12752997355.98
2014-06-05,38.044359,337655897,12845902238.93
2014-06-06,38.190381,338105897,12912393091.83
2014-06-09,38.303675,340555897,13044542334.9
2014-06-10,38.33928,343405897,13165934917.94
2014-06-11,38.243628,340005897,13003058896.15
2014-06-12,37.912276,339855897,12884710494.12
2014-06-13,38.132733,341005897,13003486820.24
2014-06-16,38.14845,340805897,13001216863.72
2014-06-17,38.215332,340555897,13014456715.26
2014-06-18,38.421362,339705897,13051963094.63
2014-06-19,38.36648,336705897,12918220095.02
2014-06-20,38.073924,335555897,12775929838.79
2014-06-23,38.174255,334605897,12773330872.15
2014-06-24,37.972302,334855897,12715249134.25
2014-06-25,38.165971,332155897,12677052207.96
2014-06-26,38.105172,332155897,12656857459.77
2014-06-27,38.314147,325455897,12469565237.03
2014-06-30,38.355594,329055897,12621134390.95
2014-07-01,38.745092,330055897,12788046191.18
2014-07-02,38.783636,328055897,12723200432.36
2014-07-03,38.975066,327155897,12750922552.58
2014-07-07,38.983475,327655897,12773165549.01
2014-07-08,38.626116,331455897,12802853871.53
2014-07-09,38.800994,332005897,12882158837.91
2014-07-10,38.730466,330155897,12787091723.73
2014-07-11,38.911315,330355897,12854582207.23
2014-07-14,39.18969,330755897,12962221013.53
2014-07-15,39.147796,330305897,12930747877.78
2014-07-16,39.480329,331055897,13070195706.08
2014-07-17,38.970925,332305897,12950268062.37
2014-07-18,39.460009,332305897,13112793729.27
2014-07-21,39.418894,332155897,13093218122.88
2014-07-22,39.729717,334505897,13289824721.51
2014-07-23,39.784624,335255897,13338029803.7
2014-07-24,39.777086,336405897,13381246151.69
2014-07-25,39.702784,339405897,13475358928.23
2014-07-28,39.78416,340255897,13536795058.82
2014-07-29,39.702544,341205897,13546742172.4
2014-07-30,39.763643,341555897,13581506659.97
2014-07-31,38.969794,344105897,13409735977.33
2014-08-01,38.790124,345905897,13417732747.13
2014-08-04,39.047779,344305897,13444380495.55
2014-08-05,38.701771,344305897,13325247814.55
2014-08-06,38.582881,341155897,13162777397.86
2014-08-07,38.412589,341155897,13104681087.05
2014-08-08,38.673104,340355897,13162619089.94
2014-08-11,38.872628,342105897,13298555438.37
2014-08-12,38.820383,340355897,13212746117.49
2014-08-13,39.214131,341805897,13403621353.79
2014-08-14,39.273425,342455897,13449416047.32
2014-08-15,39.294394,344405897,13533221004.01
2014-08-18,39.659946,344405897,13659119416.5
2014-08-19,39.916733,344455897,13749554094.45
2014-08-20,39.925573,344555897,13756591706.65
2014-08-21,40.106503,344905897,13832969370.2
2014-08-22,40.098203,344905897,13830106516.7
2014-08-25,40.130314,345355897,13859240565.53
2014-08-26,40.159632,345355897,13869365752.48
2014-08-27,40.163356,348405897,13993149909.34
2014-08-28,40.086467,347405897,13926274895.18
2014-08-29,40.285843,347055897,13981439219.5
2014-09-02,40.325225,347505897,14013253388.96
2014-09-03,40.086371,346855897,13904194268.75
2014-09-04,40.043222,346855897,13889227602.13
2014-09-05,40.299425,346855897,13978093039.87
2014-09-08,40.326764,348155897,14040000805.59
2014-09-09,40.047489,347605897,13920743415.99
2014-09-10,40.335736,347155897,14002788636.25
2014-09-11,40.408275,347155897,14027971101.34
2014-09-12,40.198595,349405897,14045625990.98
2014-09-15,39.9881,348905897,13952084054.8
2014-09-16,40.262618,348105897,14015654755.07
2014-09-17,40.347214,346155897,13966426042.45
2014-09-18,40.612925,346255897,14062464862.08
2014-09-19,40.354349,343855897,13876080864.15
2014-09-22,40.072978,347455897,13923592637.19
2014-09-23,39.975028,347205897,13879565456.21
2014-09-24,40.224025,347355897,13972052421.6
2014-09-25,39.366451,347905897,13695820311.79
2014-09-26,39.815717,347805897,13848141324.17
2014-09-29,39.778726,347655897,13829308826.33
2014-09-30,39.885214,347455897,13858352712.48
2014-10-01,39.263254,347355897,13638322898.89
2014-10-02,39.277107,346655897,13615640838.39
2014-10-03,39.584585,346655897,13722229721.17
2014-10-06,39.591823,347605897,13762351302.59
2014-10-07,38.983762,312955897,13539290578.57
2014-10-08,39.717828,348405897,13837925590.47
2014-10-09,39.052313,347705897,13578719374.92
2014-10-10,38.061508,351855897,13392166063.48
2014-10-13,37.58724,341605897,12840022836.29
2014-10-14,37.67853,331455897,12488771030.35
2014-10-15,37.428764,330905897,12385398645.18
2014-10-16,37.219816,326355897,12146906568.83
2014-10-17,37.657177,329105897,12393199109.91
2014-10-20,37.914711,328755897,12464684876.33
2014-10-21,38.669727,327255897,12654896156.64
2014-10-22,38.458504,327705897,12603078625.19
2014-10-23,38.931529,325305897,12664655847.9
2014-10-24,39.246044,302705897,11880008947.74
2014-10-27,39.302774,302955897,11907007010.49
2014-10-28,39.841509,302955897,12070220003.74
2014-10-29,39.784748,305455897,12152485851.63
2014-10-30,39.896694,305455897,12186680311.57
2014-10-31,40.54902,308155897,12495419563.18
2014-11-03,40.700071,308505897,12556211912.48
2014-11-04,40.704537,309955897,12616611253.4
2014-11-05,40.828122,309455897,12634503138.81
2014-11-06,40.805196,309705897,12637609786.04
2014-11-07,40.829273,310055897,12659356978.31
2014-11-10,40.936535,308705897,12637349668.13
2014-11-11,40.964817,309155897,12664514673.84
2014-11-12,41.090544,309205897,12705438491.58
2014-11-13,41.339339,309205897,12782367422.09
2014-11-14,41.59253,309205897,12860655571.17
2014-11-17,41.517608,309605897,12854096318.1
2014-11-18,41.675904,309605897,12903105579.52
2014-11-19,41.392346,309805897,12823592909.87
2014-11-20,41.59933,310055897,12898117702.01
2014-11-21,41.687398,310055897,12925423611.98
2014-11-24,41.879288,310455897,13001672017.12
2014-11-25,41.897781,310705897,13017887758.39
2014-11-26,42.287527,311655897,13179157039.38
2014-11-28,42.467131,312205897,13258488766.08
2014-12-01,42.003657,313655897,13174694776.89
2014-12-02,42.014816,320705897,13474399107.71
2014-12-03,42.157461,321505897,13553872177.67
2014-12-04,42.188591,321105897,13547005424.2
2014-12-05,42.118411,323755897,13636083995.18
2014-12-08,41.668041,326655897,13611111432.65
2014-12-09,41.703691,327105897,13641523145.57
2014-12-10,41.034626,326505897,13398047297.82
2014-12-11,41.242714,326305897,13457740827.38
2014-12-12,40.584298,326505897,13251012503.47
2014-12-15,40.371967,323605897,13064606689.81
2014-12-16,39.843099,323505897,12889477457.38
2014-12-17,40.601767,322605897,13098369512.41
2014-12-18,41.780839,322955897,13493368204.82
2014-12-19,41.605575,325455897,13540779794.14
2014-12-22,42.049419,324555897,13647386934.37
2014-12-23,42.168181,324155897,13669064516.64
2014-12-24,42.128588,323755897,13639378744.39
2014-12-26,42.304694,323805897,13698509383.99
2014-12-29,42.103676,324155897,13648154892.17
2014-12-30,41.827408,324305897,13564875201.57
2014-12-31,41.327395,324105897,13394452578.79
2015-01-02,41.302764,323855897,13376143715.03
2015-01-05,40.609636,322605897,13100908077.5
2015-01-06,40.180657,322155897,12944435453.82
2015-01-07,40.47919,322955897,13072993183.63
2015-01-08,41.36612,322955897,13359432320.07
2015-01-09,41.231278,328105897,13528225489.35
2015-01-12,40.756494,328555897,13390786293.63
2015-01-13,40.736158,329005897,13402436204.04
2015-01-14,40.523982,327255897,13261712092.38
2015-01-15,39.995593,326655897,13064796238.7
2015-01-16,40.394646,326605897,13193129558.43
2015-01-20,40.711681,324455897,13209145036.29
2015-01-21,40.770759,324105897,13214043465.46
2015-01-22,41.452394,323855897,13424602080.79
2015-01-23,41.464921,324255897,13445245222.77
2015-01-26,41.292788,323405897,13354331124.57
2015-01-27,40.04687,324755897,13005457226.58
2015-01-28,40.001234,324555897,12982636223.67
2015-01-29,40.397507,323555897,13070851477.63
2015-01-30,39.865684,319005897,12717388196.3
2015-02-02,40.336483,315805897,12738499221.82
2015-02-03,40.80408,312905897,12767837308.96
2015-02-04,40.8641,312055897,12751883411.79
2015-02-05,41.23574,312155897,12871979391.55
2015-02-06,41.102501,312155897,12830388167.64
2015-02-09,41.038501,312155897,12810410128.07
2015-02-10,41.653026,309655897,12898105127.86
2015-02-11,41.805927,306905897,12830485444.56
2015-02-12,42.412083,307255897,13031362759.29
2015-02-13,42.676353,308055897,13146702351.24
2015-02-17,42.69625,308405897,13167775308.97
2015-02-18,42.723408,308605897,13184695525.14
2015-02-19,42.85347,308605897,13224833695.57
2015-02-20,43.099049,306705897,13218732580.55
2015-02-23,43.13521,307555897,13266488314.34
2015-02-24,43.219039,307555897,13292270168.43
2015-02-25,42.9888,307805897,13232206199.92
2015-02-26,43.274403,308455897,13348244755.44
2015-02-27,43.080779,307805897,13260517950.24
2015-03-02,43.46252,307805897,13378020031.27
2015-03-03,43.140673,308105897,13291895697.33
2015-03-04,42.964194,310105897,13323449796.57
2015-03-05,42.917543,310905897,13343317342.73
2015-03-06,42.412378,308955897,13103554240.92
2015-03-09,42.596311,308755897,13151862164.09
2015-03-10,41.697732,308305897,12855656579.56
2015-03-11,41.4386,307555897,12744685746.65
2015-03-12,41.726228,306905897,12806025498.32
2015-03-13,41.508158,306455897,12720419670.78
2015-03-16,42.000384,301655897,12669663469.89
2015-03-17,42.003091,300205897,12609575720.69
2015-03-18,42.547728,299355897,12736913272.91
2015-03-19,42.447765,302205897,12827964880.02
2015-03-20,42.491158,308105897,13091776290.12
2015-03-23,42.528305,311505897,13247817666.28
2015-03-24,42.394974,311455897,13204164619.13
2015-03-25,41.320327,308755897,12757894586.63
2015-03-26,41.338608,311255897,12866885459.98
2015-03-27,41.392626,311305897,12885768618.01
2015-03-30,41.868622,308905897,12933464191.43
2015-03-31,41.488311,308905897,12815983866.5
2015-04-01,41.361957,310305897,12834859233.13
2015-04-02,41.381754,310055897,12830656990.27
2015-04-06,41.761531,308255897,12873238210.66
2015-04-07,41.683777,309255897,12890953744.01
2015-04-08,41.800856,309355897,12931341160.77
2015-04-09,41.950444,308355897,12935666644.17
2015-04-10,42.103428,309305897,13022838485.17
2015-04-13,41.963915,310605897,13034239613.6
2015-04-14,41.83482,310605897,12994141837.55
2015-04-15,42.177161,310555897,13098365942.66
2015-04-16,42.047184,308755897,12982316003.91
2015-04-17,41.467229,303805897,12597988809.88
2015-04-20,42.170942,302805897,12769609947.55
2015-04-21,42.142993,301005897,12685289345.34
2015-04-22,42.582731,300905897,12813394944.61
2015-04-23,42.758354,302505897,12934654184.24
2015-04-24,43.121324,303705897,13096200356.35
2015-04-27,43.258624,303705897,13137899287.84
2015-04-28,43.391164,307555897,13345208480.86
2015-04-29,43.201041,307905897,13301855241.73
2015-04-30,42.581751,307755897,13104784862.43
2015-05-01,43.122718,307005897,13238928873.66
2015-05-04,43.134546,308205897,13294321478.84
2015-05-05,42.474832,308455897,13101612484.33
2015-05-06,42.132212,305405897,12867426000.01
2015-05-07,42.411612,304855897,12929430098.95
2015-05-08,43.028937,304005897,13081050706.34
2015-05-11,42.783972,306355897,13107122162.14
2015-05-12,42.583473,306105897,13035052124.57
2015-05-13,42.768487,304855897,13038225538.94
2015-05-14,43.455296,305055897,13256294283.6
2015-05-15,43.329722,305705897,13246151515.83
2015-05-18,43.512397,304905897,13267186429.77
2015-05-19,43.406234,306005897,13282563563.77
2015-05-20,43.428343,306005897,13289328986.8
2015-05-21,43.59629,308905897,13467151170.75
2015-05-22,43.567564,308905897,13458277321.13
2015-05-26,42.999327,309255897,13297795347.17
2015-05-27,43.735485,309255897,13525456791.55
2015-05-28,43.680262,312255897,13639419507.12
2015-05-29,43.363337,312255897,13540457840.61
2015-06-01,43.482196,312255897,13577572044.59
2015-06-02,43.374719,312005897,13533167959.92
2015-06-03,43.477901,312405897,13582752793.4
2015-06-04,43.080488,312105897,13445674277.15
2015-06-05,42.927451,312855897,13430106129.08
2015-06-08,42.473878,312605897,13277584664.38
2015-06-09,42.392,313205897,13277424276.51
2015-06-10,43.020515,312755897,13454919793.31
2015-06-11,43.013725,314105897,13510864771.77
2015-06-12,42.664164,314855897,13433063544.06
2015-06-15,42.403254,314855897,13350914683.64
2015-06-16,42.661383,315555897,13462050988.74
2015-06-17,42.740401,319705897,13664358083.33
2015-06-18,43.094177,319705897,13777462436.79
2015-06-19,42.602943,317955897,13545856859.77
2015-06-22,42.873461,315705897,13535404579.64
2015-06-23,42.918591,315255897,13530338939.04
2015-06-24,42.725245,314655897,13443750246.43
2015-06-25,42.62111,316105897,13472784329.63
2015-06-26,42.263731,316555897,13378833260.35
2015-06-29,41.375439,316755897,13105914248.05
2015-06-30,41.41196,316155897,13092635387.35
2015-07-01,41.683113,315705897,13159604524.37
2015-07-02,41.753027,314555897,13133660871.44
2015-07-06,41.573009,314055897,13056248766.18
2015-07-07,41.613305,313255897,13035613222.67
2015-07-08,40.953835,311055897,12738931884.33
2015-07-09,40.807186,307755897,12558652188.39
2015-07-10,41.435878,305305897,12650617930.01
2015-07-13,42.059627,304205897,12794786442.83
2015-07-14,42.230612,303505897,12817239803.31
2015-07-15,42.242631,304155897,12848345465.14
2015-07-16,42.782308,304155897,13012491149.49
2015-07-17,43.440186,304355897,13221276655.49
2015-07-20,43.658479,305105897,13320459306.39
2015-07-21,43.395125,305005897,13235768921.75
2015-07-22,42.711014,303455897,12960909109.48
2015-07-23,42.589494,304405897,12964493150.68
2015-07-24,42.359282,304405897,12894415232.55
2015-07-27,41.98277,304805897,12796595725.96
2015-07-28,42.340785,305005897,12914189154.43
2015-07-29,42.645174,305105897,13011294016.81
2015-07-30,42.714215,304205897,12993916031.65
2015-07-31,42.532181,305655897,13000212069.21
2015-08-03,42.365056,303655897,12864398962.0
2015-08-04,42.080748,303355897,12765443176.26
2015-08-05,42.471545,302355897,12841522020.67
2015-08-06,42.092765,302805897,12745937555.3
2015-08-07,42.099798,302655897,12741752108.67
2015-08-10,42.763649,303055897,12959776035.09
2015-08-11,42.137525,303255897,12778452791.62
2015-08-12,42.309807,294905897,12477411662.68
2015-08-13,42.199381,294755897,12438516531.99
2015-08-14,42.402968,294855897,12502765250.41
2015-08-17,42.644341,295005897,12580332216.16
2015-08-18,42.448387,293855897,12473708979.31
2015-08-19,42.129343,293755897,12375742939.57
2015-08-20,41.145496,292655897,12041471960.3
2015-08-21,39.528219,291405897,11518756173.31
2015-08-24,38.173737,289105897,11036252369.06
2015-08-25,37.679115,285355897,10751957710.82
2015-08-26,39.577391,284855897,11273853113.24
2015-08-27,40.524246,281805897,11419971472.11
2015-08-28,40.592969,282755897,11477901428.55
2015-08-31,40.266746,280355897,11289019743.64
2015-09-01,38.950211,281205897,10953029156.01
2015-09-02,39.920746,283405897,11313774906.01
2015-09-03,39.918949,283205897,11305281641.67
2015-09-04,39.324571,281655897,11075997298.74
2015-09-08,40.404324,283255897,11444762991.78
2015-09-09,39.881366,284005897,11326543068.92
2015-09-10,40.25068,283105897,11395204960.55
2015-09-11,40.473019,284055897,11496599678.0
2015-09-14,40.356627,282355897,11394931695.63
2015-09-15,40.868245,281305897,11496478202.96
2015-09-16,41.049359,281655897,11561793964.26
2015-09-17,40.756784,281655897,11479388683.64
2015-09-18,40.051216,282705897,11322714981.09
2015-09-21,40.418497,287705897,11628639847.49
2015-09-22,39.809443,287555897,11447440170.76
2015-09-23,39.867561,289755897,11551861007.43
2015-09-24,39.864055,289255897,11530912907.18
2015-09-25,39.825775,290805897,11581570301.63
2015-09-28,38.920887,290905897,11322315578.88
2015-09-29,38.732515,288205897,11162939171.93
2015-09-30,39.555193,287905897,11388173255.07
2015-10-01,39.521642,287755897,11372585683.69
2015-10-02,40.061871,285605897,11441906707.7
2015-10-05,40.861813,284855897,11639728446.83
2015-10-06,40.913383,284855897,11654418385.7
2015-10-07,41.097093,284755897,11702639602.56
2015-10-08,41.299094,284255897,11739511116.4
2015-10-09,41.467336,284405897,11793554902.49
2015-10-12,41.561066,283155897,11768260940.0
2015-10-13,41.436189,283755897,11757763017.44
2015-10-14,41.39374,282605897,11698114928.26
2015-10-15,41.875293,284305897,11905392618.93
2015-10-16,42.001519,284905897,11966480523.08
2015-10-19,42.102004,284505897,11978268370.43
2015-10-20,42.006014,286355897,12028669946.92
2015-10-21,41.683205,285755897,11911221648.39
2015-10-22,42.636093,286405897,12211228554.1
2015-10-23,43.790533,289355897,12671048814.1
2015-10-26,43.671398,291505897,12730469944.02
2015-10-27,43.41602,291905897,12673392283.91
2015-10-28,44.053385,294055897,12954157504.65
2015-10-29,43.922766,296805897,13036535875.12
2015-10-30,43.63959,296805897,12952487690.28
2015-11-02,44.030359,297955897,13119105241.57
2015-11-03,44.26022,299905897,13273901001.95
2015-11-04,44.287368,301055897,13332973343.27
2015-11-05,44.187544,301705897,13331642510.11
2015-11-06,44.3326,301705897,13375406975.59
2015-11-09,43.897759,304605897,13371516203.83
2015-11-10,43.604739,305055897,13301882883.63
2015-11-11,43.609918,305055897,13303462721.58
2015-11-12,43.218229,305205897,13190458274.99
2015-11-13,42.38493,307605897,13037854271.08
2015-11-16,43.016909,307755897,13238707516.69
2015-11-17,43.026242,307955897,13250184975.39
2015-11-18,43.673172,308005897,13451594403.88
2015-11-19,43.855436,308005897,13507732801.57
2015-11-20,44.172198,308805897,13640635262.18
2015-11-23,43.939774,309055897,13579846124.77
2015-11-24,43.949409,309255897,13591613837.14
2015-11-25,43.796525,311605897,13647255495.53
2015-11-27,43.879412,311055897,13648949822.39
2015-11-30,43.912264,311055897,13659168771.34
2015-12-01,44.362504,316355897,14034339699.46
2015-12-02,44.066726,316855897,13962802123.77
2015-12-03,43.513322,316855897,13787452575.55
2015-12-04,44.570763,317055897,14131423249.9
2015-12-07,44.366825,318905897,14148842100.39
2015-12-08,44.237853,324605897,14359868000.51
2015-12-09,43.617814,326505897,14241473595.81
2015-12-10,43.701942,328455897,14354160719.93
2015-12-11,42.826384,329855897,14126535158.58
2015-12-14,43.114857,323655897,13954377785.92
2015-12-15,43.302746,321905897,13939409197.53
2015-12-16,43.903282,319655897,14033942913.56
2015-12-17,43.225586,319155897,13795700783.6
2015-12-18,42.172066,325355897,13720930338.43
2015-12-21,42.619396,323005897,13766316115.79
2015-12-22,42.915709,319405897,13707530434.43
2015-12-23,43.28619,320405897,13869150671.32
2015-12-24,43.21768,320355897,13845038673.64
2015-12-28,43.246709,320005897,13839201911.26
2015-12-29,43.796413,319155897,13977883615.86
2015-12-30,43.457912,319305897,13876367421.65
2015-12-31,42.859045,319305897,13685145876.37
2016-01-04,42.254316,318705897,13466699713.11
2016-01-05,42.140309,315705897,13303943980.52
2016-01-06,41.640568,307205897,12792227931.84
2016-01-07,40.427234,306455897,12389164271.03
2016-01-08,40.119294,302755897,12146352730.97
2016-01-11,40.372638,296805897,11982837074.64
2016-01-12,40.799619,297055897,12119767400.63
2016-01-13,39.733104,296105897,11765206548.36
2016-01-14,40.519985,295655897,11979972401.53
2016-01-15,39.354524,295355897,11623590769.6
2016-01-19,39.383852,291905897,11496378514.35
2016-01-20,39.089695,291355897,11389013276.88
2016-01-21,39.309058,290655897,11425409508.99
2016-01-22,40.389061,290205897,11721143618.04
2016-01-25,39.883722,291205897,11614375052.53
2016-01-26,40.289972,290755897,11714546986.81
2016-01-27,39.448647,290755897,11469926720.32
2016-01-28,39.96622,290455897,11608424407.25
2016-01-29,41.314983,290305897,11993983302.54
2016-02-01,41.429451,291405897,12072786186.07
2016-02-02,40.633823,292655897,11891727911.57
2016-02-03,40.597415,291805897,11846565137.25
2016-02-04,40.660363,291805897,11864933673.08
2016-02-05,39.497828,294005897,11612594407.45
2016-02-08,38.921413,290305897,11299115598.09
2016-02-09,38.732818,287505897,11135913699.49
2016-02-10,38.841188,286505897,11128229521.94
2016-02-11,38.751022,286455897,11100458759.73
2016-02-12,39.268509,284305897,11164268648.95
2016-02-16,39.975913,283655897,11339403367.35
2016-02-17,40.804486,283705897,11576473372.62
2016-02-18,40.618699,286355897,11631404037.5
2016-02-19,40.670114,286955897,11670529124.08
2016-02-22,41.212479,288255897,11879740051.96
2016-02-23,40.527781,288155897,11678319121.3
2016-02-24,40.88367,287555897,11756340292.11
2016-02-25,41.384218,288505897,11939590813.77
2016-02-26,41.26306,289305897,11937646695.65
2016-02-29,41.005743,289855897,11885756470.93
2016-03-01,42.181122,286805897,12097794545.32
2016-03-02,42.30244,285505897,12077596115.91
2016-03-03,42.293974,285505897,12075178952.81
2016-03-04,42.407058,290055897,12300417357.01
2016-03-07,42.168272,290105897,12233264273.25
2016-03-08,41.885388,291555897,12211931979.47
2016-03-09,42.248325,290755897,12283949672.34
2016-03-10,42.220853,291705897,12316071822.85
2016-03-11,42.885887,291505897,12501488854.71
2016-03-14,42.912012,293655897,12601365509.37
2016-03-15,43.07545,291855897,12571824002.09
2016-03-16,43.54558,292855897,12752580031.82
2016-03-17,43.75828,294555897,12889259496.64
2016-03-18,43.582128,294405897,12830835552.52
2016-03-21,43.736327,293155897,12821562127.81
2016-03-22,43.751256,296755897,12983443331.02
2016-03-23,43.4939,297955897,12959264107.56
2016-03-24,43.597504,298555897,13016292025.06
2016-03-28,43.49626,296505897,12896897696.75
2016-03-29,44.16053,297805897,13151266210.84
2016-03-30,44.434162,299855897,13323845597.74
2016-03-31,44.362439,300805897,13344483172.33
2016-04-01,44.689461,306305897,13688645564.0
2016-04-04,44.533804,308405897,13734487685.02
2016-04-05,44.082691,307905897,13573320536.86
2016-04-06,44.49868,314005897,13972848009.5
2016-04-07,43.865936,313405897,13747842883.91
2016-04-08,43.884214,312155897,13698716203.99
2016-04-11,43.782331,312605897,13686614746.45
2016-04-12,44.040409,312805897,13776099760.33
2016-04-13,44.53713,313105897,13944838029.92
2016-04-14,44.505096,313405897,13948159425.55
2016-04-15,44.328139,312755897,13863886897.9
2016-04-18,44.50807,312805897,13922386738.83
2016-04-19,44.295547,313605897,13891344667.02
2016-04-20,44.3557,313355897,13899120127.17
2016-04-21,44.177576,313905897,13867601688.33
2016-04-22,43.469723,313055897,13608453012.37
2016-04-25,43.42849,311855897,13543430757.51
2016-04-26,43.263247,310905897,13450798760.56
2016-04-27,43.031723,308455897,13273388800.93
2016-04-28,42.480873,308755897,13116220025.43
2016-04-29,42.145695,302605897,12753535829.63
2016-05-02,42.42348,300855897,12763354023.2
2016-05-03,42.067632,299555897,12601607300.22
2016-05-04,41.923521,297005897,12451533104.03
2016-05-05,41.934078,296855897,12448378218.08
2016-05-06,42.242151,296805897,12537719495.64
2016-05-09,42.233134,296555897,12524485053.41
2016-05-10,42.78336,297305897,12719745306.97
2016-05-11,42.506651,295705897,12569467270.14
2016-05-12,42.389235,294955897,12502954726.53
2016-05-13,42.231232,293005897,12374000057.88
2016-05-16,42.770484,290005897,12403692656.75
2016-05-17,42.36609,290505897,12307598927.11
2016-05-18,42.49454,288905897,12276923140.75
2016-05-19,42.246248,289055897,12211526981.56
2016-05-20,42.694342,287405897,12270605786.15
2016-05-23,42.624698,284905897,12144027718.49
2016-05-24,43.465119,285305897,12400854778.0
2016-05-25,43.769366,282805897,12378234920.64
2016-05-26,43.892966,283155897,12428552123.76
2016-05-27,44.151586,281205897,12415686428.21
2016-05-31,44.224857,281005897,12427445674.77
2016-06-01,44.07801,283705897,12505191233.53
2016-06-02,44.050729,284105897,12515071984.21
2016-06-03,43.913799,284755897,12504713110.95
2016-06-06,44.033907,286505897,12615973961.15
2016-06-07,44.169554,288905897,12760844658.28
2016-06-08,44.305738,287505897,12738160831.33
2016-06-09,44.303248,286555897,12695356894.93
2016-06-10,43.926366,286955897,12604929680.91
2016-06-13,43.477482,287705897,12508727916.92
2016-06-14,43.554563,288105897,12548326512.97
2016-06-15,43.444293,288355897,12527418014.43
2016-06-16,43.576376,288255897,12561147358.87
2016-06-17,43.03581,288805897,12428995724.78
2016-06-20,43.244022,288955897,12495615029.46
2016-06-21,43.530719,288355897,12552339658.1
2016-06-22,43.369466,287955897,12488493492.17
2016-06-23,44.011706,287705897,12662427246.61
2016-06-24,42.314046,288555897,12209967552.38
2016-06-27,41.478169,285905897,11858853220.29
2016-06-28,42.231482,284005897,11993990002.68
2016-06-29,42.901837,281755897,12087845656.19
2016-06-30,43.380976,281205897,12198986175.87
2016-07-01,43.467066,283155897,12307956178.93
2016-07-05,43.196927,283805897,12259542621.14
2016-07-06,43.427937,284805897,12368532649.37
2016-07-07,43.440224,285255897,12391579958.01
2016-07-08,44.136483,279305897,12327579946.21
2016-07-11,44.379464,284105897,12608467465.04
2016-07-12,44.74293,283305897,12675936011.42
2016-07-13,44.743711,279055897,12485996400.42
2016-07-14,45.071212,276855897,12478230800.43
2016-07-15,45.016539,274255897,12346051397.58
2016-07-18,45.305082,274655897,12443307804.73
2016-07-19,45.238811,272155897,12312009099.27
2016-07-20,45.786892,272155897,12461172577.74
2016-07-21,45.560488,272205897,12401833566.68
2016-07-22,45.836939,270805897,12412913330.59
2016-07-25,45.76453,270455897,12377286955.35
2016-07-26,45.865128,270905897,12425133643.09
2016-07-27,46.202657,270355897,12491160672.55
2016-07-28,46.314351,269855897,12498200706.78
2016-07-29,46.434618,269555897,12516725014.86
2016-08-01,46.549413,265455897,12356816149.85
2016-08-02,46.179305,264255897,12203153601.02
2016-08-03,46.342601,264405897,12253256976.76
2016-08-04,46.573959,264505897,12319086890.88
2016-08-05,47.055776,262405897,12347712992.23
2016-08-08,47.048985,262605897,12355340856.38
2016-08-09,47.141544,262605897,12379647419.63
2016-08-10,47.012449,268155897,12606665322.54
2016-08-11,47.17349,269055897,12692305756.37
2016-08-12,47.125518,269205897,12686467300.93
2016-08-15,47.310902,269405897,12745835881.0
2016-08-16,46.999419,269555897,12668970516.98
2016-08-17,46.989966,269955897,12685218292.9
2016-08-18,46.985765,274905897,12916663964.13
2016-08-19,47.028984,275355897,12949708012.15
2016-08-22,47.001448,276405897,12991477344.97
2016-08-23,47.159893,276405897,13035272627.98
2016-08-24,46.93539,272905897,12808944716.5
2016-08-25,47.00839,273455897,12854721381.51
2016-08-26,47.017674,272655897,12819646055.78
2016-08-29,47.186293,274305897,12943478430.4
2016-08-30,47.072289,276955897,13036948142.39
2016-08-31,47.008181,277505897,13045047429.09
2016-09-01,47.167934,278155897,13120038923.75
2016-09-02,47.336683,278805897,13197746495.68
2016-09-06,47.577709,280605897,13350585706.5
2016-09-07,47.6964,285855897,13634297210.5
2016-09-08,47.314312,284655897,13468298037.02
2016-09-09,46.154062,284055897,13110333454.39
2016-09-12,46.953755,282405897,13260017240.05
2016-09-13,46.589787,267905897,12481678556.11
2016-09-14,46.823342,265455897,12429532128.18
2016-09-15,47.589584,264855897,12604382014.1
2016-09-16,47.231261,269355897,12722018633.9
2016-09-19,47.103045,272405897,12831147258.38
2016-09-20,47.08411,270305897,12727112568.25
2016-09-21,47.609944,272055897,12952565973.09
2016-09-22,47.901563,271755897,13017532346.22
2016-09-23,47.508335,273355897,12986683618.1
2016-09-26,47.206775,268055897,12654054538.39
2016-09-27,47.725189,268355897,12807335794.14
2016-09-28,47.809314,269455897,12882501719.86
2016-09-29,47.55813,270655897,12871888262.81
2016-09-30,47.780809,273055897,13046831623.67
2016-10-03,47.636039,272155897,12964428950.3
2016-10-04,47.48156,271955897,12912890126.68
2016-10-05,47.641716,272905897,13001705155.93
2016-10-06,47.732403,273505897,13055093785.57
2016-10-07,47.616519,274605897,13075776900.27
2016-10-10,47.927201,276405897,13247361102.2
2016-10-11,47.410113,276355897,13102064304.27
2016-10-12,47.461172,277855897,13187366589.09
2016-10-13,47.197847,278955897,13166117735.11
2016-10-14,47.385234,276505897,13102296656.36
2016-10-17,47.275832,274555897,12979858401.8
2016-10-18,47.562558,274555897,13058580688.23
2016-10-19,47.587307,273905897,13034443987.94
2016-10-20,47.394256,273505897,12962608427.54
2016-10-21,47.525524,273605897,13003263681.16
2016-10-24,48.006797,276655897,13281363436.36
2016-10-25,47.829179,275855897,13193961190.41
2016-10-26,47.577824,275655897,13115107659.61
2016-10-27,47.459992,275655897,13082626649.65
2016-10-28,47.434264,277205897,13149057578.64
2016-10-31,47.432691,276505897,13115418720.5
2016-11-01,47.035058,276155897,12989008709.91
2016-11-02,46.693786,275805897,12878421475.65
2016-11-03,46.324653,275955897,12783561297.63
2016-11-04,46.157268,270655897,12492736748.5
2016-11-07,47.165356,269205897,12697191980.1
2016-11-08,47.406818,278205897,13188856378.59
2016-11-09,47.3468,273805897,12963833180.2
2016-11-10,46.56884,269855897,12566876074.49
2016-11-11,46.767294,268855897,12573662765.72
2016-11-14,46.013067,266905897,12281158848.75
2016-11-15,46.680882,264555897,12349702617.81
2016-11-16,47.117801,272305897,12830455138.53
2016-11-17,47.425858,269605897,12786290955.64
2016-11-18,47.354589,269055897,12741031428.25
2016-11-21,47.837648,269005897,12868609347.25
2016-11-22,47.986583,272005897,13052633514.57
2016-11-23,47.800322,271705897,12987629434.31
2016-11-25,48.011556,271605897,13040221677.94
2016-11-28,48.017097,271605897,13041726692.75
2016-11-29,48.077499,272455897,13098998055.12
2016-11-30,47.47807,272955897,12959419291.72
2016-12-01,46.515316,274805897,12782683063.3
2016-12-02,46.679993,270805897,12641217257.95
2016-12-05,47.114227,269655897,12704629207.09
2016-12-06,47.265715,269905897,12757295238.42
2016-12-07,48.186571,271805897,13097394084.64
2016-12-08,48.327173,272955897,13191186756.17
2016-12-09,48.635718,274305897,13341064202.96
2016-12-12,48.523412,277105897,13446123475.41
2016-12-13,49.101967,277705897,13635905679.07
2016-12-14,48.947272,282305897,13818103580.67
2016-12-15,49.137842,282605897,13886643963.93
2016-12-16,48.620273,283905897,13803582276.81
2016-12-19,48.941948,287905897,14090675423.49
2016-12-20,49.110453,287355897,14112178219.33
2016-12-21,49.012739,287055897,14069395769.51
2016-12-22,48.928827,286355897,14011058057.6
2016-12-23,48.965819,290555897,14227307511.67
2016-12-27,49.155806,293705897,14437350032.57
2016-12-28,48.753564,293455897,14307020817.17
2016-12-29,48.755818,293605897,14314995690.89
2016-12-30,48.303598,292305897,14119426510.87
2017-01-03,48.786464,291755897,14233738574.74
2017-01-04,48.941453,296505897,14511429397.69
2017-01-05,49.03156,295255897,14476857267.06
2017-01-06,49.363744,295205897,14572468285.08
2017-01-09,49.391811,297705897,14704233399.44
2017-01-10,49.360624,298205897,14719629238.47
2017-01-11,49.626632,299905897,14883319706.23
2017-01-12,49.536412,299905897,14856262039.47
2017-01-13,49.651023,299005897,14845948743.16
2017-01-17,49.508506,294355897,14573120739.58
2017-01-18,49.618328,296105897,14692279525.44
2017-01-19,49.521362,300355897,14874033166.41
2017-01-20,49.795067,300005897,14938813605.56
2017-01-23,49.84933,303455897,15127073261.2
2017-01-24,50.183385,304355897,15273609175.5
2017-01-25,50.658229,313805897,15896851112.33
2017-01-26,50.566002,314355897,15895720782.97
2017-01-27,50.755101,316005897,16038911237.66
2017-01-30,50.361089,318505897,16040303837.0
2017-01-31,50.096663,305805897,15319854819.09
2017-02-01,50.397601,309655897,15605914245.88
2017-02-02,50.345997,309255897,15569796409.16
2017-02-03,50.686231,311605897,15794128381.76
2017-02-06,50.711708,310005897,15720928440.41
2017-02-07,50.90139,310005897,15779731140.87
2017-02-08,51.002994,310305897,15826529777.62
2017-02-09,51.190129,310555897,15897396409.12
2017-02-10,51.303767,313605897,16089163806.76
2017-02-13,51.541635,313605897,16163760606.19
2017-02-14,51.701278,313155897,16190559982.44
2017-02-15,51.906511,313755897,16285973922.39
2017-02-16,52.025725,314055897,16338985741.14
2017-02-17,52.185301,313505897,16360399560.08
2017-02-21,52.462919,316505897,16604823163.72
2017-02-22,52.544011,318405897,16730323038.09
2017-02-23,52.535864,318555897,16735609270.0
2017-02-24,52.667775,316055897,16645960734.84
2017-02-27,52.584273,316255897,16630086506.03
2017-02-28,52.368453,315855897,16540884540.82
2017-03-01,53.092899,315355897,16743158902.28
2017-03-02,52.770135,315605897,16654565856.14
2017-03-03,52.859622,315905897,16698666411.15
2017-03-06,52.772667,315555897,16652726157.99
2017-03-07,52.806354,314655897,16615830744.93
2017-03-08,52.837133,315805897,16686278308.74
2017-03-09,52.828653,316855897,16739070370.13
2017-03-10,53.111131,317255897,16849819478.08
2017-03-13,53.179492,318455897,16935322713.34
2017-03-14,53.031706,318605897,16896214339.19
2017-03-15,53.388162,317155897,16932370513.17
2017-03-16,53.487201,317655897,16990524790.8
2017-03-17,53.339183,318405897,16983510287.98
2017-03-20,53.373041,320555897,17109042879.02
2017-03-21,52.630271,320805897,16884101331.81
2017-03-22,52.958451,316655897,16769605777.95
2017-03-23,52.801427,316505897,16711962942.44
2017-03-24,52.830131,314555897,16618029232.26
2017-03-27,52.844279,313905897,16588130653.19
2017-03-28,53.197464,315255897,16770814311.6
2017-03-29,53.290394,315655897,16821426999.95
2017-03-30,53.38396,317305897,16939045471.84
2017-03-31,53.311202,317805897,16942614225.2
2017-04-03,53.254813,319455897,17012563936.08
2017-04-04,53.281491,318905897,16991781547.36
2017-04-05,53.110375,317605897,16868168320.79
2017-04-06,53.064854,318205897,16885549391.52
2017-04-07,53.04178,318255897,16880859301.26
2017-04-10,52.959461,318255897,16854660800.9
2017-04-11,52.759625,318855897,16822717628.97
2017-04-12,52.593406,319605897,16809162828.09
2017-04-13,52.382012,320305897,16778267272.68
2017-04-17,52.854953,319755897,16900682865.21
2017-04-18,52.827588,319555897,16881367194.59
2017-04-19,52.785217,320305897,16907416137.53
2017-04-20,53.24492,320655897,17073297672.52
2017-04-21,53.167725,320655897,17048544450.58
2017-04-24,53.795692,317755897,17093898335.35
2017-04-25,54.089954,318555897,17230673962.18
2017-04-26,54.015949,316805897,17112571117.06
2017-04-27,54.257416,316805897,17189069438.09
2017-04-28,54.370296,316805897,17224830517.27
2017-05-01,54.749852,316955897,17353288313.64
2017-05-02,54.894802,317155897,17410210134.45
2017-05-03,54.806386,317355897,17393129839.29
2017-05-04,54.76731,317255897,17375252137.29
2017-05-05,54.987631,316955897,17428653864.6
2017-05-08,55.221774,318355897,17580177393.62
2017-05-09,55.271472,319205897,17642979911.34
2017-05-10,55.485352,318955897,17697380185.07
2017-05-11,55.424376,319055897,17683473976.41
2017-05-12,55.583338,319905897,17781437654.3
2017-05-15,55.862156,321005897,17932081363.75
2017-05-16,56.12057,322655897,18107632900.41
2017-05-17,54.602573,325205897,17757078604.35
2017-05-18,54.948312,324505897,17831051306.14
2017-05-19,55.237173,320555897,17706601641.27
2017-05-22,55.722059,321905897,17937259436.26
2017-05-23,55.769611,318105897,17740642214.25
2017-05-24,55.986698,318205897,17815297405.42
2017-05-25,56.404167,318655897,17973520303.12
2017-05-26,56.41022,318505897,17966987803.19
2017-05-30,56.634019,309155897,17508740953.85
2017-05-31,56.493195,307455897,17369165803.57
2017-06-01,56.675323,308355897,17476170107.98
2017-06-02,57.209507,309355897,17698098419.17
2017-06-05,57.242087,308605897,17665245687.94
2017-06-06,57.145009,307455897,17569569958.73
2017-06-07,57.294344,304155897,17426412726.01
2017-06-08,57.457993,303105897,17415856456.41
2017-06-09,56.053851,305505897,17124782175.26
2017-06-12,55.683022,295505897,16454661419.87
2017-06-13,56.071284,293105897,16434824028.06
2017-06-14,55.812211,294205897,16420281746.43
2017-06-15,55.574658,292955897,16280923792.38
2017-06-16,55.251355,291555897,16108858510.7
2017-06-19,56.081079,292605897,16409654524.8
2017-06-20,55.634395,293655897,16337368231.55
2017-06-21,55.924636,291055897,16277195191.97
2017-06-22,55.944596,292655897,16372516009.47
2017-06-23,56.275619,292605897,16466577990.72
2017-06-26,55.997266,297805897,16676315922.1
2017-06-27,55.075972,298355897,16432240956.94
2017-06-28,55.765572,299855897,16721635718.68
2017-06-29,54.781595,299855897,16426584192.15
2017-06-30,54.737169,298955897,16363999552.8
2017-07-03,54.348234,298255897,16209681156.5
2017-07-05,54.870816,293705897,16115882235.63
2017-07-06,54.390401,294855897,16037330539.02
2017-07-07,54.997459,293355897,16133828956.77
2017-07-10,55.388786,293955897,16281860147.43
2017-07-11,55.541511,294305897,16346194086.04
2017-07-12,56.230803,294905897,16582795538.74
2017-07-13,56.370037,295405897,16652041440.28
2017-07-14,56.844559,296005897,16826324626.24
2017-07-17,56.881781,296005897,16837342728.69
2017-07-18,57.117684,295855897,16898603510.62
2017-07-19,57.428395,296355897,17019243378.14
2017-07-20,57.511499,296405897,17046747565.96
2017-07-21,57.471871,297055897,17072358249.92
2017-07-24,57.560577,297105897,17101586962.12
2017-07-25,57.478951,298205897,17140562283.01
2017-07-26,57.71903,298805897,17246786449.88
2017-07-27,57.50906,300605897,17287562500.41
2017-07-28,57.434357,298355897,17135879197.51
2017-07-31,57.170604,298505897,17065762341.58
2017-08-01,57.456994,298155897,17131141607.62
2017-08-02,57.644655,298955897,17233209575.34
2017-08-03,57.47708,298555897,17160121293.71
2017-08-04,57.63795,299005897,17234086928.05
2017-08-07,57.950865,299755897,17371113619.31
2017-08-08,57.868104,298355897,17265289941.55
2017-08-09,57.869882,297605897,17222418139.76
2017-08-10,56.725279,298105897,16910140187.61
2017-08-11,57.108071,297605897,16995698757.36
2017-08-14,58.00432,297605897,17262427788.85
2017-08-15,58.109976,298155897,17325832029.04
2017-08-16,58.260504,297855897,17353234778.87
2017-08-17,57.123738,297805897,17011786149.12
2017-08-18,57.07414,298105897,17014137736.36
2017-08-21,57.073249,297355897,16971067205.38
2017-08-22,57.879998,294755897,17060470583.49
2017-08-23,57.782286,295655897,17083673712.1
2017-08-24,57.699441,295305897,17038985238.96
2017-08-25,57.678636,295055897,17018421544.86
2017-08-28,57.831922,296205897,17130156191.01
2017-08-29,58.041112,296905897,17232748535.32
2017-08-30,58.459859,296705897,17345384786.71
2017-08-31,58.82349,296305897,17429746944.27
2017-09-01,58.803413,298055897,17526703990.53
2017-09-05,58.270261,298005897,17364881494.47
2017-09-06,58.312122,296455897,17286972541.1
2017-09-07,58.494975,299105897,17496191879.95
2017-09-08,58.025468,298405897,17315141733.29
2017-09-11,58.843473,298155897,17544528424.96
2017-09-12,58.982132,299205897,17647801805.18
2017-09-13,58.927366,298305897,17578380697.35
2017-09-14,58.711533,297605897,17472898301.66
2017-09-15,58.746258,297655897,17486170092.53
2017-09-18,58.760028,300505897,17657735001.58
2017-09-19,59.063482,302255897,17852285828.39
2017-09-20,58.824492,301705897,17747695983.31
2017-09-21,58.469307,304255897,17789631551.26
2017-09-22,58.564426,302605897,17721940655.85
2017-09-25,57.84042,302655897,17505744245.48
2017-09-26,58.008144,302455897,17544905346.62
2017-09-27,58.620961,302055897,17706807095.67
2017-09-28,58.712897,302355897,17752190621.83
2017-09-29,59.12563,301605897,17832638661.36
2017-10-02,59.165287,301605897,17844599427.32
2017-10-03,59.338071,302255897,17935281878.35
2017-10-04,59.276795,301855897,17893050225.96
2017-10-05,59.846296,300555897,17987157176.13
2017-10-06,59.965306,300905897,18043914168.03
2017-10-09,60.087377,298955897,17963475695.97
2017-10-10,60.135542,299305897,17998922464.74
2017-10-11,60.362217,300055897,18112039148.09
2017-10-12,60.214143,300455897,18091694230.54
2017-10-13,60.47669,300755897,18188721113.21
2017-10-16,60.715901,301405897,18300130643.8
2017-10-17,60.70583,303955897,18451895027.52
2017-10-18,60.853087,303655897,18478398727.6
2017-10-19,60.678729,305555897,18540743615.06
2017-10-20,61.065735,305405897,18649835700.35
2017-10-23,60.799382,305305897,18562409881.6
2017-10-24,60.97251,304805897,18584780504.72
2017-10-25,60.675687,303955897,18442733002.73
2017-10-26,60.890494,303255897,18465401344.02
2017-10-27,62.527042,302355897,18905419971.59
2017-10-30,62.709223,304555897,19098463540.2
2017-10-31,62.957156,305405897,19227486621.6
2017-11-01,62.97646,304405897,19170405700.52
2017-11-02,62.996999,303255897,19104211540.38
2017-11-03,63.489647,306605897,19466300028.73
2017-11-06,63.614677,306455897,19495092966.96
2017-11-07,63.690375,306105897,19495999392.5
2017-11-08,64.003064,306005897,19585314899.27
2017-11-09,63.519412,304805897,19361091495.91
2017-11-10,63.511231,304555897,19342719903.83
2017-11-13,63.493448,303955897,19299207969.52
2017-11-14,63.341903,305105897,19325988108.65
2017-11-15,62.882975,306955897,19302299882.46
2017-11-16,63.739822,306755897,19552566345.79
2017-11-17,63.368081,307055897,19457542879.76
2017-11-20,63.573761,304505897,19358585061.5
2017-11-21,64.255867,303955897,19530949798.46
2017-11-22,64.169768,304105897,19514404784.7
2017-11-24,64.487763,303355897,19562743208.88
2017-11-27,64.489394,305355897,19692216611.7
2017-11-28,64.701103,305855897,19789213868.54
2017-11-29,63.273101,305105897,19304996220.79
2017-11-30,63.864406,295355897,18862729008.41
2017-12-01,63.543827,296655897,18850651018.68
2017-12-04,62.476542,296805897,18543406024.9
2017-12-05,62.516339,294455897,18408304804.88
2017-12-06,62.907023,294505897,18526489345.74
2017-12-07,63.287621,294655897,18648070837.47
2017-12-08,63.602866,293855897,18690077253.18
2017-12-11,64.132574,293205897,18804048967.07
2017-12-12,64.105584,293105897,18789724840.27
2017-12-13,64.127332,293605897,18828162873.66
2017-12-14,64.040142,293655897,18805765251.08
2017-12-15,64.586502,294655897,19030793789.15
2017-12-18,65.093466,302205897,19671629276.43
2017-12-19,64.731214,303055897,19617176052.04
2017-12-20,64.705271,302905897,19599608067.19
2017-12-21,64.564092,298605897,19279218624.29
2017-12-22,64.525442,300655897,19399954692.34
2017-12-26,64.121327,303005897,19429140320.57
2017-12-27,64.205753,302305897,19409777701.39
2017-12-28,64.294429,302155897,19426940930.83
2017-12-29,63.88617,304205897,19434549787.65
2018-01-02,64.728124,302105897,19554747916.07
2018-01-03,65.279709,304255897,19861736427.64
2018-01-04,65.614909,304605897,19986688361.4
2018-01-05,66.333902,305205897,20245498150.22
2018-01-08,66.57033,305205897,20317657193.83
2018-01-09,66.385092,305405897,20274398649.22
2018-01-10,66.149204,305855897,20232124005.76
2018-01-11,66.44974,308105897,20473556877.36
2018-01-12,66.842354,307805897,20574470863.88
2018-01-16,66.564432,305255897,20319185253.95
2018-01-17,67.555274,307105897,20746623012.58
2018-01-18,67.675645,309405897,20939243785.83
2018-01-19,67.79065,309405897,20974826926.97
2018-01-22,68.439862,310655897,21261246767.73
2018-01-23,68.790506,313955897,21597185140.35
2018-01-24,68.23422,314605897,21466887868.66
2018-01-25,68.115853,314205897,21402402731.65
2018-01-26,69.202205,313955897,21726440384.65
2018-01-29,68.583275,311805897,21384669657.17
2018-01-30,67.939287,320705897,21788530036.28
2018-01-31,68.411402,320955897,21957042871.23
2018-02-01,68.514399,320955897,21990100238.09
2018-02-02,66.509507,317455897,21113835100.47
2018-02-05,63.824874,317155897,20242435023.29
2018-02-06,65.535283,318605897,20879927504.46
2018-02-07,64.716892,306705897,19849052394.37
2018-02-08,62.022415,305905897,18973022641.89
2018-02-09,63.56951,301655897,19176117637.7
2018-02-12,64.6682,298005897,19271505028.86
2018-02-13,64.848714,296955897,19257208150.3
2018-02-14,66.031129,297105897,19618237734.11
2018-02-15,67.263303,297605897,20017955510.49
2018-02-16,67.166421,297455897,19979047926.79
2018-02-20,67.252159,297505897,20007913915.96
2018-02-21,66.807615,294205897,19655194409.05
2018-02-22,66.869373,292805897,19579746658.69
2018-02-23,68.256853,293555897,20037201721.68
2018-02-26,69.340534,296855897,20584146404.27
2018-02-27,68.658117,299055897,20532614627.63
2018-02-28,68.158913,301455897,20546906148.32
2018-03-01,67.064851,301855897,20243920650.07
2018-03-02,67.713374,301705897,20429524152.84
2018-03-05,68.354301,303955897,20776692991.07
2018-03-06,68.534552,302455897,20728679422.84
2018-03-07,68.888065,301255897,20752935754.59
2018-03-08,69.205054,301655897,20876112529.3
2018-03-09,70.514477,310555897,21898686800.11
2018-03-12,70.726171,311705897,22045764545.78
2018-03-13,69.928264,314505897,21992851464.93
2018-03-14,69.847747,316605897,22114208659.63
2018-03-15,69.891209,318305897,22246783979.15
2018-03-16,69.641632,317405897,22104664827.43
2018-03-19,68.22939,317405897,21656410887.17
2018-03-20,68.196322,316255897,21567488899.5
2018-03-21,67.785696,314505897,21319001175.04
2018-03-22,66.02536,314105897,20738954880.78
2018-03-23,64.276423,312905897,20112471747.58
2018-03-26,66.720784,311155897,20760565332.88
2018-03-27,64.590907,312105897,20159202974.09
2018-03-28,64.152937,311355897,19974395342.39
2018-03-29,65.443507,309205897,20235518287.55
2018-04-02,63.869108,311605897,19901990564.37
2018-04-03,64.501685,310455897,20024928572.81
2018-04-04,65.394218,309405897,20233356825.64
2018-04-05,65.668314,309305897,20311596907.28
2018-04-06,64.063222,307605897,19706224918.98
2018-04-09,64.530015,305155897,19691714732.32
2018-04-10,66.117657,305355897,20189416349.94
2018-04-11,65.744712,306205897,20131418621.83
2018-04-12,66.52579,306355897,20380567966.66
2018-04-13,66.316034,307105897,20366045133.98
2018-04-16,66.823397,307505897,20548588716.49
2018-04-17,68.071776,308605897,21007351560.71
2018-04-18,67.902823,307605897,20887308784.78
2018-04-19,67.152054,309205897,20763811045.4
2018-04-20,66.179828,305855897,20241490775.57
2018-04-23,65.985622,307955897,20320661417.28
2018-04-24,64.825472,300705897,19493401659.35
2018-04-25,64.792577,300705897,19483510116.37
2018-04-26,65.995592,299905897,19792467217.42
2018-04-27,65.879949,300655897,19807195178.63
2018-04-30,65.445289,302705897,19810674770.71
2018-05-01,66.297974,303205897,20101936572.94
2018-05-02,66.199944,302655897,20035803567.24
2018-05-03,66.369854,302305897,20063998239.85
2018-05-04,67.641181,300605897,20333337818.55
2018-05-07,68.11151,299255897,20382770992.87
2018-05-08,68.238223,303555897,20714114862.33
2018-05-09,69.077788,306105897,21145118246.41
2018-05-10,69.989431,307105897,21494167091.14
2018-05-11,69.911115,307955897,21529540276.48
2018-05-14,69.885529,309055897,21598534888.54
2018-05-15,69.223271,308105897,21328098083.57
2018-05-16,69.517855,308455897,21443192334.9
2018-05-17,69.178084,308505897,21341846895.74
2018-05-18,68.888535,309005897,21286963488.49
2018-05-21,69.495314,308805897,21460562894.09
2018-05-22,69.333266,300905897,20862788686.19
2018-05-23,69.869083,309255897,21607425790.81
2018-05-24,69.818593,310005897,21644175594.08
2018-05-25,69.790146,308755897,21548119219.49
2018-05-29,69.345701,308155897,21369286610.32
2018-05-30,69.850167,308405897,21542203343.57
2018-05-31,69.806429,305805897,21347217736.86
2018-06-01,71.104544,308955897,21968168287.94
2018-06-04,71.624167,311455897,22307769147.84
2018-06-05,71.936631,312755897,22498605535.94
2018-06-06,72.362898,312955897,22646395797.91
2018-06-07,71.689454,317205897,22740317492.57
2018-06-08,71.717004,314805897,22576935744.51
2018-06-11,71.740385,312905897,22447989672.81
2018-06-12,72.124582,312605897,22546569553.17
2018-06-13,71.761378,311855897,22379209033.52
2018-06-14,72.216755,311305897,22481501829.99
2018-06-15,71.712322,310805897,22288612662.66
2018-06-18,71.798056,308455897,22146533907.77
2018-06-19,71.38916,310655897,22177463445.47
2018-06-20,71.562667,309455897,22145489201.1
2018-06-21,71.019034,312455897,22190315925.85
2018-06-22,70.825476,313205897,22182956818.39
2018-06-25,69.321475,312705897,21677233885.21
2018-06-26,69.606244,313005897,21787164798.51
2018-06-27,68.669059,311655897,21401117212.4
2018-06-28,69.467765,310155897,21545836937.53
2018-06-29,69.4413,310705897,21575821329.84
2018-07-02,70.088028,310905897,21790781105.77
2018-07-03,69.253689,309755897,21451738403.39
2018-07-05,70.231229,309605897,21744002507.92
2018-07-06,71.055336,310355897,22052442645.13
2018-07-09,71.587569,311255897,22282053147.25
2018-07-10,71.799231,311805897,22387423730.78
2018-07-11,71.406829,309455897,22097264377.69
2018-07-12,72.620783,309805897,22498346827.75
2018-07-13,72.566762,310805897,22554177568.17
2018-07-16,72.360447,312105897,22584122365.62
2018-07-17,72.887299,311955897,22737622656.99
2018-07-18,72.793294,312005897,22711936965.9
2018-07-19,72.51208,311455897,22584314790.68
2018-07-20,72.547762,311055897,22566409151.87
2018-07-23,72.894932,310455897,22630661540.37
2018-07-24,73.318811,316005897,23169176706.74
2018-07-25,74.19853,317455897,23554760976.39
2018-07-26,73.085318,318505897,23278104819.5
2018-07-27,71.824306,323705897,23249951504.73
2018-07-30,70.739508,320305897,22658281643.03
2018-07-31,70.895681,319605897,22658677793.86
2018-08-01,71.527202,318055897,22749648548.92
2018-08-02,72.445029,317955897,23034324053.74
2018-08-03,72.723064,313905897,22828198793.95
2018-08-06,73.133061,316055897,23114135235.04
2018-08-07,73.378864,315655897,23162471062.48
2018-08-08,73.57754,314555897,23144249072.31
2018-08-09,73.604383,313655897,23086448679.96
2018-08-10,73.050573,309005897,22573057923.45
2018-08-13,72.941791,312005897,22758268860.65
2018-08-14,73.397378,312605897,22944453206.55
2018-08-15,72.742066,311905897,22688679303.94
2018-08-16,73.019164,310805897,22694786714.0
2018-08-17,73.162994,312655897,22874841664.64
2018-08-20,73.064019,312255897,22814670897.69
2018-08-21,73.150243,309305897,22625801673.31
2018-08-22,73.368763,308505897,22634696109.85
2018-08-23,73.490725,305155897,22426128175.36
2018-08-24,74.271845,307955897,22872452584.33
2018-08-27,74.954844,307955897,23082786174.26
2018-08-28,75.078588,309855897,23263543328.47
2018-08-29,75.747503,309755897,23463235679.97
2018-08-30,75.530468,305505897,23075003529.28
2018-08-31,75.59524,310555897,23476547648.15
2018-09-04,75.33411,313505897,23617687883.65
2018-09-05,74.325086,309155897,22978038700.78
2018-09-06,73.801664,309805897,22864190657.88
2018-09-07,73.546713,307605897,22623402489.48
2018-09-10,73.787284,311055897,22951969692.3
2018-09-11,74.423099,311205897,23160907242.13
2018-09-12,74.154489,312705897,23188546067.27
2018-09-13,74.963994,310305897,23261769398.99
2018-09-14,74.956436,311905897,23379354273.96
2018-09-17,73.998349,312855897,23150819723.72
2018-09-18,74.431721,312455897,23256630298.04
2018-09-19,74.290293,312555897,23219869063.8
2018-09-20,75.123209,356655897,26793135344.37
2018-09-21,74.680407,356155897,26597867491.17
2018-09-24,74.913134,305205897,22863930355.95
2018-09-25,74.879853,303005897,22689036969.76
2018-09-26,74.57563,306105897,22828040210.93
2018-09-27,74.977249,302205897,22658566696.97
2018-09-28,75.3002,305855897,23031010276.93
2018-10-01,75.668459,304905897,23071759268.47
2018-10-02,75.660367,305455897,23110905332.56
2018-10-03,75.913909,305455897,23188351067.53
2018-10-04,74.583233,300555897,22416430546.99
2018-10-05,73.643179,299555897,22060248491.2
2018-10-08,72.774562,294855897,21458008765.81
2018-10-09,73.034213,295155897,21556478580.09
2018-10-10,69.553642,295605897,20560466807.05
2018-10-11,68.672271,294605897,20231256093.69
2018-10-12,70.833081,287755897,20382636682.97
2018-10-15,69.682527,286755897,19981875672.39
2018-10-16,71.786984,287855897,20664306592.41
2018-10-17,71.461698,287705897,20559951989.46
2018-10-18,70.021464,287355897,20121080640.71
2018-10-19,70.028246,287105897,20105522505.84
2018-10-22,70.594717,286755897,20243451526.43
2018-10-23,70.311585,286355897,20134137062.89
2018-10-24,67.201237,287105897,19293871553.87
2018-10-25,69.430495,288255897,20013749629.43
2018-10-26,68.132241,289305897,19711059068.16
2018-10-29,66.901473,286705897,19181046874.01
2018-10-30,67.684135,292055897,19767550781.82
2018-10-31,69.302014,283905897,19675250488.33
2018-11-01,70.132787,283955897,19914618474.54
2018-11-02,68.807248,284755897,19593269629.46
2018-11-05,68.683728,285555897,19613043485.37
2018-11-06,69.123172,287405897,19866407353.04
2018-11-07,71.10552,283805897,20180165880.83
2018-11-08,71.033526,284855897,20234318689.78
2018-11-09,69.861259,285255897,19928335989.98
2018-11-12,67.395823,285255897,19225055856.71
2018-11-13,67.456386,285255897,19242331968.86
2018-11-14,66.640067,285355897,19016136044.94
2018-11-15,68.281243,285155897,19470799212.57
2018-11-16,68.207344,285755897,19490650909.37
2018-11-19,65.636131,285155897,18716529742.54
2018-11-20,64.238532,286005897,18372598901.29
2018-11-21,64.642709,282555897,18265178616.21
2018-11-23,64.081664,283255897,18151509172.27
2018-11-26,65.519243,283255897,18558711906.02
2018-11-27,65.676854,282955897,18583653204.98
2018-11-28,67.928725,281805897,19142715369.23
2018-11-29,67.284198,281905897,18967812065.96
2018-11-30,67.996793,281205897,19121099208.2
2018-12-03,69.429318,279605897,19412846785.53
2018-12-04,66.763353,278555897,18597325696.25
2018-12-06,66.927977,279305897,18693378704.63
2018-12-07,64.574274,280905897,18139294381.6
2018-12-10,65.495007,282555897,18506000454.5
2018-12-11,65.554875,282605897,18526194327.4
2018-12-12,66.07525,283355897,18722811626.91
2018-12-13,66.212088,290505897,19235001907.84
2018-12-14,64.576077,290305897,18746815843.04
2018-12-17,63.151509,290705897,18358516159.16
2018-12-18,63.713152,289255897,18429404796.16
2018-12-19,62.48164,291305897,18201270272.43
2018-12-20,61.30864,291055897,17844241205.24
2018-12-21,59.218076,287605897,17031467730.93
2018-12-24,57.606381,281055897,16190613062.33
2018-12-26,61.082479,281205897,17176753266.45
2018-12-27,61.554825,283255897,17435767101.14
2018-12-28,61.401229,280755897,17238756985.91
2018-12-31,61.98258,280205897,17367884394.95
2019-01-02,62.023731,279205897,17317391569.78
2019-01-03,58.90753,283355897,16691796065.68
2019-01-04,61.492188,282405897,17365756443.13
2019-01-07,62.021177,281355897,17450023874.54
2019-01-08,62.580152,280405897,17547843581.64
2019-01-09,63.353988,281605897,17840856638.54
2019-01-10,63.646962,279455897,17786518721.4
2019-01-11,63.558521,279305897,17752269639.26
2019-01-14,62.976749,279105897,17577182026.19
2019-01-15,63.914894,278955897,17829436513.29
2019-01-16,63.94424,276255897,17664973369.49
2019-01-17,64.370981,275355897,17724929256.9
2019-01-18,65.32957,276205897,18044412609.79
2019-01-22,64.178408,275655897,17691156678.81
2019-01-23,64.443624,276655897,17828708480.92
2019-01-24,65.040707,277005897,18016659353.24
2019-01-25,65.980331,274455897,18108690885.43
2019-01-28,65.057931,272855897,17751440085.07
2019-01-29,64.401636,271755897,17501524262.9
2019-01-30,66.358834,272055897,18053312127.9
2019-01-31,66.284526,271255897,17980068492.27
2019-02-01,66.683864,268205897,17885005579.09
2019-02-04,67.749606,265905897,18015019802.68
2019-02-05,68.349044,265755897,18164161539.04
2019-02-06,68.534796,265805897,18216952897.08
2019-02-07,67.570606,273105897,18453930835.0
2019-02-08,67.948438,266455897,18105262069.57
2019-02-11,67.951515,266405897,18102684366.73
2019-02-12,68.874245,265455897,18283074409.84
2019-02-13,68.970083,265855897,18336103398.76
2019-02-14,69.062041,265705897,18350191645.24
2019-02-15,69.60659,265155897,18456597739.79
2019-02-19,69.618154,264505897,18414412260.97
2019-02-20,69.703669,266005897,18541587066.56
2019-02-21,69.740774,264955897,18478229425.87
2019-02-22,70.634666,266105897,18796301115.65
2019-02-25,70.984292,266655897,18928379977.86
2019-02-26,71.123609,268805897,19118445421.97
2019-02-27,71.055041,267755897,19025406316.17
2019-02-28,70.836254,270955897,19193500866.31
2019-03-01,71.335841,270705897,19311032916.53
2019-03-04,71.058542,273055897,19402953936.81
2019-03-05,70.853081,273105897,19350394216.78
2019-03-06,70.47715,272405897,19198391372.84
2019-03-07,69.83562,273555897,19103945753.72
2019-03-08,69.817409,276005897,19270016521.87
2019-03-11,71.325806,275155897,19625716140.54
2019-03-12,71.701111,274605897,19689547851.93
2019-03-13,72.191076,274905897,19845752382.71
2019-03-14,72.341887,271955897,19673802791.72
2019-03-15,72.985073,273305897,19947250801.79
2019-03-18,73.283067,262905897,19266550411.12
2019-03-19,73.433861,263105897,19320881955.21
2019-03-20,73.247267,261255897,19136280373.64
2019-03-21,75.052162,260505897,19551530765.75
2019-03-22,73.295917,256005897,18764186893.48
2019-03-25,73.00543,253955897,18540159409.24
2019-03-26,73.412627,256605897,18838112923.53
2019-03-27,73.011977,260305897,19005448282.9
2019-03-28,73.288321,261805897,19187314613.41
2019-03-29,74.002222,262605897,19433419931.77
2019-04-01,75.039264,263705897,19788296360.87
2019-04-02,75.2656,265455897,19979697394.56
2019-04-03,75.891072,267255897,20282336440.94
2019-04-04,75.583171,265105897,20037544263.98
2019-04-05,75.904559,264605897,20084793836.65
2019-04-08,76.216197,264355897,20148201227.8
2019-04-09,75.820303,264355897,20043544118.95
2019-04-10,76.374926,265005897,20239805887.95
2019-04-11,76.280148,265905897,20283341276.36
2019-04-12,76.807297,266605897,20477278422.85
2019-04-15,76.778729,265605897,20392883192.13
2019-04-16,77.150789,263355897,20318115178.17
2019-04-17,77.597461,261505897,20292193599.14
2019-04-18,77.815243,261055897,20314128036.84
2019-04-22,77.991468,261155897,20367931766.47
2019-04-23,78.868705,262205897,20679839585.54
2019-04-24,78.861648,264805897,20883029511.01
2019-04-25,78.860707,266605897,21024729601.7
2019-04-26,78.58204,267955897,21056520919.11
2019-04-29,78.577532,266905897,20972806600.33
2019-04-30,78.744255,268355897,21131485269.61
2019-05-01,78.530889,263655897,20705132009.01
2019-05-02,78.108149,267055897,20859241880.33
2019-05-03,78.855697,267505897,21094363832.34
2019-05-06,78.233779,268755897,21025789417.55
2019-05-07,76.581165,269005897,20600784964.89
2019-05-08,76.453124,270455897,20677198104.12
2019-05-09,75.955728,268455897,20390763177.99
2019-05-10,76.141304,271655897,20684234257.87
2019-05-13,73.324344,269605897,19768675465.57
2019-05-14,74.497729,269055897,20044053360.66
2019-05-15,75.281491,269455897,20285041609.91
2019-05-16,76.029068,267755897,20357231255.4
2019-05-17,75.405451,270155897,20371227246.54
2019-05-20,74.095126,270155897,20017235243.86
2019-05-21,74.981748,270355897,20271757637.78
2019-05-22,74.561126,271605897,20251241596.27
2019-05-23,73.27834,274805897,20137319893.17
2019-05-24,73.313239,275005897,20161573070.72
2019-05-28,73.071445,273655897,19996431942.71
2019-05-29,72.637836,281505897,20447979067.17
2019-05-30,73.080031,278555897,20356873672.39
2019-05-31,71.91361,278205897,20006790276.16
2019-06-03,70.653341,276955897,19567859493.82
2019-06-04,72.953058,275305897,20084406935.25
2019-06-05,73.966083,280855897,20773810498.31
2019-06-06,74.767616,273655897,20460599103.24
2019-06-07,76.202325,273655897,20853215603.89
2019-06-10,76.94764,274405897,21114886074.16
2019-06-11,76.970098,274755897,21147988228.08
2019-06-12,76.52709,277005897,21198455119.06
2019-06-13,76.703967,276155897,21182252941.85
2019-06-14,76.070251,277205897,21087122150.22
2019-06-17,76.195849,277355897,21133367975.99
2019-06-18,77.503841,275005897,21314013192.18
2019-06-19,77.839938,273905897,21320817904.24
2019-06-20,78.950326,272055897,21478901795.94
2019-06-21,78.326098,270605897,21195504126.77
2019-06-24,78.444133,270605897,21227444941.79
2019-06-25,77.004181,271655897,20918639745.6
2019-06-26,77.844344,272505897,21213042685.41
2019-06-27,78.063496,272855897,21300085233.39
2019-06-28,78.174158,271655897,21236471041.11
2019-07-01,79.303139,265355897,21043555513.78
2019-07-02,79.530152,265105897,21083912415.68
2019-07-03,80.092483,270105897,21633452097.03
2019-07-05,79.937472,265005897,21183901507.82
2019-07-08,79.359059,265455897,21066330178.39
2019-07-09,79.615827,265455897,21134490786.84
2019-07-10,80.25271,265205897,21283492005.58
2019-07-11,80.523843,266005897,21419816982.36
2019-07-12,81.162449,266955897,21666794308.73
2019-07-15,81.405507,268055897,21821226331.01
2019-07-16,80.67455,267205897,21556715553.84
2019-07-17,80.442951,267205897,21494830759.71
2019-07-18,81.089654,267705897,21708178501.82
2019-07-19,80.640225,267705897,21587863842.46
2019-07-22,81.624605,267155897,21806494672.85
2019-07-23,82.076208,267755897,21976388709.42
2019-07-24,82.779431,270155897,22363351358.66
2019-07-25,82.125355,271405897,22289305553.89
2019-07-26,82.582587,270305897,22322560199.95
2019-07-29,82.540785,270205897,22303006745.77
2019-07-30,81.976322,270055897,22138189292.4
2019-07-31,80.7754,270055897,21813873010.43
2019-08-01,80.344363,272755897,21914398673.23
2019-08-02,78.993979,272555897,21530274733.33
2019-08-05,75.783895,274105897,20772812426.13
2019-08-06,77.023334,274255897,21124103449.4
2019-08-07,77.514053,272605897,21130787936.99
2019-08-08,79.383443,279005897,22148448654.48
2019-08-09,78.444154,277105897,21737337522.51
2019-08-12,77.460447,273555897,21189762072.37
2019-08-13,79.369753,272755897,21648568047.34
2019-08-14,76.961258,270905897,20849258508.6
2019-08-15,76.824311,270505897,20781429177.02
2019-08-16,78.262946,271705897,21264504047.61
2019-08-19,79.477569,271505897,21578628743.11
2019-08-20,79.06125,272755897,21564422055.76
2019-08-21,79.99518,273005897,21839155932.79
2019-08-22,79.789195,274805897,21926541378.17
2019-08-23,77.158846,275505897,21257717000.28
2019-08-26,78.232877,274205897,21451916106.89
2019-08-27,78.128082,275005897,21485683274.1
2019-08-28,78.205337,274655897,21479557062.62
2019-08-29,79.557231,274405897,21830973377.05
2019-08-30,79.566587,274605897,21849454110.71
2019-09-03,78.566056,274805897,21590415480.41
2019-09-04,79.904597,274905897,21966244809.45
2019-09-05,81.59992,277605897,22652618893.44
2019-09-06,81.476131,277855897,22638623407.71
2019-09-09,80.890825,279255897,22589240013.59
2019-09-10,80.50015,282155897,22713591936.98
2019-09-11,81.32198,281755897,22912947529.94
2019-09-12,81.735995,282805897,23115421370.37
2019-09-13,81.190628,282405897,22928712246.46
2019-09-16,80.971437,284255897,23016608391.03
2019-09-17,81.252513,282755897,22974627186.51
2019-09-18,81.305212,283055897,23013919614.23
2019-09-19,81.477833,284505897,23180923958.37
2019-09-20,80.330668,284305897,22838482642.06
2019-09-23,80.513787,279205897,22479924255.89
2019-09-24,79.692397,280405897,22346218058.45
2019-09-25,80.677119,278455897,22465019618.86
2019-09-26,80.708668,277805897,22421343885.53
2019-09-27,79.67646,278555897,22194347678.25
2019-09-30,80.505229,278305897,22405079921.62
2019-10-01,79.821947,278455897,22226891950.17
2019-10-02,78.246141,278355897,21780274720.79
2019-10-03,79.23726,280705897,22242366210.07
2019-10-04,80.588775,276705897,22299389401.43
2019-10-07,80.203736,277305897,22240968838.69
2019-10-08,78.753456,276805897,21799421133.52
2019-10-09,79.904622,276855897,22122065926.18
2019-10-10,80.412859,277155897,22286898132.69
2019-10-11,81.608945,277605897,22655124516.73
2019-10-14,81.525846,277055897,22587216445.8
2019-10-15,82.424713,277355897,22860980214.55
2019-10-16,81.850205,277505897,22713914597.55
2019-10-17,81.658819,278305897,22726130813.14
2019-10-18,80.915125,277705897,22470607466.06
2019-10-21,81.776181,277005897,22652484500.55
2019-10-22,80.656888,277555897,22386794892.9
2019-10-23,80.75449,277005897,22369469839.24
2019-10-24,81.948464,277505897,22741182016.6
2019-10-25,82.927363,277855897,23041856945.34
2019-10-28,83.973839,277855897,23332626467.6
2019-10-29,83.203017,278255897,23151730001.86
2019-10-30,83.720874,277405897,23224664146.91
2019-10-31,83.622864,279105897,23339634528.13
2019-11-01,84.638961,279755897,23678248484.16
2019-11-04,85.100982,280005897,23828776778.94
2019-11-05,84.977991,282505897,24006783532.85
2019-11-06,84.98605,282505897,24009060427.62
2019-11-07,85.623212,290455897,24869766781.65
2019-11-08,86.123902,284755897,24524288845.92
2019-11-11,86.175424,285205897,24577738973.78
2019-11-12,86.422995,284655897,24600815160.38
2019-11-13,86.640207,285155897,24705966076.03
2019-11-14,86.536122,286055897,24754167954.57
2019-11-15,87.262841,285355897,24900966350.94
2019-11-18,87.485014,283455897,24798143137.28
2019-11-19,87.696952,283455897,24858218175.5
2019-11-20,87.125442,285955897,24914033826.54
2019-11-21,86.705646,286255897,24820002521.48
2019-11-22,86.601224,287655897,24911352805.93
2019-11-25,87.834695,288455897,25336435710.9
2019-11-26,87.896447,288405897,25349853698.95
2019-11-27,88.399382,289205897,25565622630.24
2019-11-29,88.103553,289405897,25497687644.02
2019-12-02,86.877208,290355897,25225309748.67
2019-12-03,86.142658,290605897,25033564374.52
2019-12-04,86.45599,289255897,25007904985.19
2019-12-05,86.795962,290055897,25175680642.3
2019-12-06,87.766132,289805897,25435142660.84
2019-12-09,87.342564,290155897,25342959939.62
2019-12-10,87.35339,289355897,25276218617.88
2019-12-11,87.968918,289305897,25449926749.83
2019-12-12,88.932289,288605897,25666383060.18
2019-12-13,89.500148,287855897,25763145267.72
2019-12-16,90.276227,287955897,25995571931.19
2019-12-17,90.12279,288405897,25991944093.83
2019-12-18,90.067043,288155897,25953349595.07
2019-12-19,90.704295,286905897,26023597047.48
2019-12-20,90.941506,285755897,25987071606.61
2019-12-23,91.215393,286555897,26138308647.2
2019-12-24,91.252081,286205897,26116883723.71
2019-12-26,91.925597,287105897,26392380964.76
2019-12-27,91.945207,286855897,26375024792.89
2019-12-30,91.403034,283355897,25899588622.16
2019-12-31,91.744633,283355897,25996382639.38
2020-01-02,93.357963,289605897,27037016649.43
2020-01-03,92.366212,285205897,26343388391.38
2020-01-06,92.6329,287255897,26609346890.03
2020-01-07,92.531052,287055897,26561584099.11
2020-01-08,93.497469,285755897,26717453158.8
2020-01-09,94.555421,287355897,27171057692.66
2020-01-10,94.37669,287905897,27171605518.38
2020-01-13,95.642919,288555897,27598328178.41
2020-01-14,95.073201,288655897,27443440012.92
2020-01-15,95.147702,288405897,27441158351.99
2020-01-16,96.47808,288155897,27800727721.14
2020-01-17,97.16425,287455897,27930436587.51
2020-01-21,97.083239,290055897,28159565868.15
2020-01-22,97.438118,291055897,28359938789.72
2020-01-23,97.908445,291455897,28535993557.91
2020-01-24,97.466939,292455897,28504781121.05
2020-01-27,95.167407,291505897,27741860453.4
2020-01-28,96.948713,290305897,28144783173.81
2020-01-29,97.155461,288555897,28034781069.21
2020-01-30,98.025816,285205897,27957540827.8
2020-01-31,95.36552,285205897,27198808702.55
2020-02-03,96.61992,285055897,27542077902.54
2020-02-04,99.126315,284005897,28152457965.08
2020-02-05,99.722396,284505897,28371609677.75
2020-02-06,100.621782,285055897,28682832195.98
2020-02-07,99.707525,283455897,28262686022.47
2020-02-10,101.053015,283105897,28608704495.06
2020-02-11,100.705453,283055897,28505272466.09
2020-02-12,101.772181,282305897,28730886827.03
2020-02-13,101.47706,281905897,28606981590.92
2020-02-14,101.977098,282405897,28798933903.9
2020-02-18,101.624274,282805897,28739944087.27
2020-02-19,102.784149,283705897,29160469164.99
2020-02-20,101.754298,284405897,28939522356.33
2020-02-21,99.470211,287355897,28583351584.77
2020-02-24,95.319492,286155897,27276234791.53
2020-02-25,92.295711,284255897,26235600148.88
2020-02-26,92.664155,285455897,26451529506.38
2020-02-27,87.748651,286255897,25118568918.14
2020-02-28,88.439206,281805897,24922689704.61
2020-03-02,93.466178,281405897,26301933728.17
2020-03-03,89.931172,281905897,25352127693.74
2020-03-04,93.782706,284855897,26714556877.47
2020-03-05,90.778791,285755897,25940574872.03
2020-03-06,88.938307,284755897,25325707341.5
2020-03-09,82.232389,285105897,23444938929.68
2020-03-10,87.648544,283805897,24875173595.26
2020-03-11,83.535885,290305897,24250960137.36
2020-03-12,75.351359,287855897,21690333112.39
2020-03-13,84.339963,287355897,24235585701.23
2020-03-16,72.636151,289255897,21010434869.08
2020-03-17,77.542139,289455897,22445029501.31
2020-03-18,73.99193,290555897,21498791510.59
2020-03-19,74.809199,291305897,21792360809.2
2020-03-20,71.528883,291455897,20847514814.9
2020-03-23,70.460697,290205897,20448109865.93
2020-03-24,77.713477,290055897,22541252393.78
2020-03-25,77.495204,290805897,22536062306.36
2020-03-26,82.406961,292755897,24125123706.63
2020-03-27,78.616886,294755897,23172790785.79
2020-03-30,81.940008,294005897,24090845478.61
2020-03-31,80.394175,294805897,23700676939.6
2020-04-01,76.609447,293955897,22519798828.96
2020-04-02,78.376472,293505897,23003956613.39
2020-04-03,77.085809,293205897,22602013814.82
2020-04-06,83.840501,291905897,24473536740.78
2020-04-07,82.951309,292005897,24222271509.18
2020-04-08,85.236249,291405897,24838345724.0
2020-04-09,85.25078,292455897,24932093368.6
2020-04-13,85.42338,290805897,24841622607.13
2020-04-14,88.979577,290005897,25804601954.78
2020-04-15,87.043852,291555897,25378148483.31
2020-04-16,88.124064,291455897,25684278242.98
2020-04-17,89.334313,291455897,26037012214.73
2020-04-20,87.741352,293405897,25743830136.77
2020-04-21,84.14694,293455897,24693415749.72
2020-04-22,87.398694,295455897,25822459469.95
2020-04-23,86.796865,294605897,25570868124.92
2020-04-24,88.622374,293905897,26046638244.79
2020-04-27,89.42851,293855897,26279094970.55
2020-04-28,88.172049,295405897,26046543257.46
2020-04-29,91.886282,296555897,27249418787.97
2020-04-30,91.466914,297655897,27225666439.89
2020-05-01,88.814575,297055897,26382893301.29
2020-05-04,90.076473,296505897,26708205528.32
2020-05-05,91.357451,297955897,27220491345.22
2020-05-06,92.028835,298655897,27484954278.04
2020-05-07,93.44256,299405897,27977253631.94
2020-05-08,94.795356,298055897,28254314906.16
2020-05-11,95.453491,300255897,28660473643.98
2020-05-12,93.420649,301405897,28157534531.82
2020-05-13,91.854833,303705897,27896854567.6
2020-05-14,93.008931,304555897,28326418369.84
2020-05-15,93.402051,300955897,28109898058.01
2020-05-18,95.790441,300255897,28761644927.52
2020-05-19,95.405231,300255897,28645983142.51
2020-05-20,97.481561,303205897,29556984024.86
2020-05-21,96.125512,301605897,28992021146.52
2020-05-22,96.526167,301505897,29103208658.14
2020-05-26,96.413147,301155897,29035387642.35
2020-05-27,96.936371,302405897,29314130165.45
2020-05-28,96.755899,298755897,28906395483.64
2020-05-29,97.896141,299305897,29300892365.62
2020-06-01,97.917853,303055897,29674582631.96
2020-06-02,98.832777,304605897,30105046797.96
2020-06-03,99.656414,302655897,30161601505.17
2020-06-04,98.82275,302555897,29899405625.55
2020-06-05,101.471482,301955897,30639912419.15
2020-06-08,101.926163,302205897,30802687465.42
2020-06-09,102.421955,302155897,30947397734.28
2020-06-10,104.1513,300755897,31324117572.5
2020-06-11,98.120938,302855897,29716504817.64
2020-06-12,99.438077,300355897,29866812787.72
2020-06-15,100.301484,300305897,30121127155.79
2020-06-16,102.462193,300205897,30759754585.97
2020-06-17,102.494984,301255897,30877218407.52
2020-06-18,102.990002,303655897,31273521569.02
2020-06-19,102.222521,303455897,31020026743.87
2020-06-22,103.90373,296905897,30849630278.04
2020-06-23,104.631514,297355897,31112797781.22
2020-06-24,102.237833,298555897,30523708059.38
2020-06-25,103.565416,297355897,30795787136.24
2020-06-26,101.484917,297855897,30227880969.51
2020-06-29,102.607475,302955897,31085539611.23
2020-06-30,104.572956,303055897,31691450861.5
2020-07-01,104.681968,303955897,31818701604.62
2020-07-02,105.230672,304755897,32069667794.49
2020-07-06,107.12409,303955897,32560999003.49
2020-07-07,105.993284,303905897,32211984042.28
2020-07-08,107.693175,303905897,32728590886.31
2020-07-09,108.103366,303855897,32847845276.66
2020-07-10,108.072304,303405897,32789774210.03
2020-07-13,105.784848,303005897,32053432689.42
2020-07-14,107.056233,304155897,32561784719.11
2020-07-15,107.629766,303505897,32666268748.6
2020-07-16,106.317193,303005897,32214736361.31
2020-07-17,106.827995,303355897,32406902346.86
2020-07-20,109.580873,302855897,33187213712.63
2020-07-21,108.418559,302855897,32835199846.55
2020-07-22,109.314527,302605897,33079220496.86
2020-07-23,106.444227,302705897,32221295362.07
2020-07-24,105.182357,303005897,31870874466.03
2020-07-27,106.875076,303205897,32405153232.6
2020-07-28,105.571988,303205897,32010049420.42
2020-07-29,107.152873,303205897,32489382990.18
2020-07-30,107.732518,301505897,32481989608.07
2020-07-31,110.428332,300905897,33228536246.51
2020-08-03,113.171118,300105897,33963319872.2
2020-08-04,113.416555,300555897,34088014562.86
2020-08-05,113.811726,301855897,34354740590.31
2020-08-06,115.486617,302055897,34883413704.67
2020-08-07,113.756359,303255897,34497286646.49
2020-08-10,113.383132,304955897,34576854648.32
2020-08-11,111.365665,302905897,33733316778.39
2020-08-12,113.937033,303255897,34552077062.72
2020-08-13,113.992538,303855897,34637304911.58
2020-08-14,113.88317,304055897,34626849340.6
2020-08-17,114.647122,304105897,34864865750.61
2020-08-18,115.097161,303455897,34926912261.17
2020-08-19,114.844685,305905897,35131666471.68
2020-08-20,116.496683,303555897,35363255222.17
2020-08-21,117.905488,303255897,35755534446.87
2020-08-24,118.932093,302005897,35918193500.46
2020-08-25,119.551055,302355897,36146966398.07
2020-08-26,121.997546,303005897,36965975988.05
2020-08-27,122.037646,303805897,37075756485.89
2020-08-28,123.205928,302605897,37282840287.55
2020-08-31,123.648367,303505897,37528008637.04
2020-09-01,125.940859,304955897,38406407501.96
2020-09-02,127.108597,304255897,38673540052.0
2020-09-03,119.716186,302505897,36214852124.26
2020-09-04,118.109311,300955897,35545693773.81
2020-09-08,112.705752,300355897,33851837280.51
2020-09-09,116.468468,300705897,35022755145.41
2020-09-10,113.833407,302455897,34429585338.95
2020-09-11,112.981657,302455897,34171968350.62
2020-09-14,115.320312,303305897,34977330786.29
2020-09-15,116.468041,303605897,35360384113.08
2020-09-16,114.656601,304655897,34930809637.32
2020-09-17,113.692015,305905897,34779057913.81
2020-09-18,111.808428,304955897,34096639318.24
2020-09-21,112.423421,299005897,33615265964.07
2020-09-22,114.271804,295755897,33796559875.07
2020-09-23,110.609604,293855897,32503284498.4
2020-09-24,111.291459,292905897,32597924602.53
2020-09-25,113.954359,292655897,33349415086.3
2020-09-28,116.06389,292005897,33891340174.67
2020-09-29,115.714175,291605897,33742935895.48
2020-09-30,116.761427,292405897,34141729891.35
2020-10-01,117.902519,292005897,34428230808.41
2020-10-02,114.900734,289755897,33293165206.22
2020-10-05,117.498851,288255897,33869736620.5
2020-10-06,115.627896,291205897,33671525079.64
2020-10-07,117.820334,289505897,34109681429.29
2020-10-08,118.354613,291755897,34530656183.82
2020-10-09,120.183097,291755897,35064127356.37
2020-10-12,123.443236,292155897,36064669294.17
2020-10-13,122.666984,292705897,35905349536.54
2020-10-14,121.99537,292205897,35647766395.16
2020-10-15,121.453374,291805897,35440810773.82
2020-10-16,121.114582,291405897,35293503272.81
2020-10-19,118.845129,291455897,34638113752.56
2020-10-20,119.298965,291505897,34776351868.39
2020-10-21,119.142303,292105897,34802169243.22
2020-10-22,118.580503,292105897,34638064135.55
2020-10-23,118.43802,291505897,34525381218.23
2020-10-26,115.873595,291605897,33789423616.89
2020-10-27,116.475436,291355897,33935805226.7
2020-10-28,111.435376,293055897,32656794161.66
2020-10-29,113.557719,294455897,33437739985.54
2020-10-30,110.795097,294955897,32679667136.49
2020-11-02,111.173904,295155897,32813633438.64
2020-11-03,113.173941,296155897,33517129954.35
2020-11-04,117.507676,294705897,34630205122.53
2020-11-05,121.193711,297405897,36043724402.35
2020-11-06,121.598823,297205897,36139887347.74
2020-11-09,120.735542,299455897,36154969889.57
2020-11-10,118.400804,301455897,35692620707.55
2020-11-11,121.254875,299805897,36352926687.58
2020-11-12,120.124067,301205897,36182077269.33
2020-11-13,121.151542,301055897,36473386021.29
2020-11-16,122.333376,301055897,36829184111.54
2020-11-17,121.661811,299955897,36493177533.8
2020-11-18,120.378034,299605897,36065968955.79
2020-11-19,121.385162,298555897,36240255918.71
2020-11-20,120.112982,297855897,35776359847.57
2020-11-23,120.072753,297105897,35674323110.86
2020-11-24,121.732747,297605897,36228383457.35
2020-11-25,122.004848,297705897,36321562831.15
2020-11-27,122.625346,297605897,36494026145.06
2020-11-30,123.430649,298255897,36813919081.34
2020-12-01,125.166879,299255897,37456926619.79
2020-12-02,124.906379,299005897,37347744037.41
2020-12-03,124.779858,295655897,36891900703.99
2020-12-04,126.045966,293855897,37039350491.64
2020-12-07,126.378808,294055897,37162433612.88
2020-12-08,126.823173,293655897,37242372739.58
2020-12-09,124.447216,293555897,36532214223.66
2020-12-10,124.543725,292305897,36404865373.49
2020-12-11,124.263697,292205897,36310585168.65
2020-12-14,124.779525,292355897,36480030002.45
2020-12-15,126.784318,292305897,37059803859.99
2020-12-16,127.723051,292505897,37359745740.09
2020-12-17,128.676097,292305897,37612782015.71
2020-12-18,128.255702,289905897,37182084276.38
2020-12-21,128.050194,289705897,37096896182.65
2020-12-22,129.150455,290405897,37506053665.16
2020-12-23,128.056319,291755897,37361186092.32
2020-12-24,129.008743,292105897,37684214706.93
2020-12-28,130.504378,292105897,38121098380.51
2020-12-29,129.822504,293355897,38084196971.88
2020-12-30,129.794605,293405897,38082502382.32
2020-12-31,130.18059,293855897,38254334033.31
2021-01-04,127.886906,293155897,37490800525.28
2021-01-05,128.767093,294405897,37909791635.31
2021-01-06,126.492052,293755897,37157786078.62
2021-01-07,129.827092,293605897,38117999895.88
2021-01-08,130.80212,293455897,38384653337.79
2021-01-11,129.6098,294455897,38164369981.31
2021-01-12,129.051362,293355897,37857978040.03
2021-01-13,129.872462,293755897,38150801446.25
2021-01-14,128.659319,292205897,37595011855.5
2021-01-15,127.417371,291505897,37142915160.2
2021-01-19,129.099516,291905897,37684909969.39
2021-01-20,131.667818,291105897,38329278144.84
2021-01-21,133.340267,291755897,38902809300.23
2021-01-22,132.865643,290905897,38651399026.87
2021-01-25,133.977432,289705897,38814052082.66
2021-01-26,133.983615,290105897,38869436886.34
2021-01-27,131.37685,290105897,38113199003.12
2021-01-28,132.080089,289505897,38237964645.92
2021-01-29,128.966521,290655897,37484879854.45
2021-02-01,132.221106,290605897,38424233078.71
2021-02-02,133.930759,289805897,38813923774.06
2021-02-03,133.540044,289455897,38653953346.28
2021-02-04,135.595777,289255897,39221878115.44
2021-02-05,135.348186,289755897,39217935021.05
2021-02-08,136.77488,291405897,39857006692.27
2021-02-09,136.547609,291455897,39797605744.5
2021-02-10,136.350061,290455897,39603679212.85
2021-02-11,137.878616,290405897,40040763149.28
2021-02-12,138.567113,290905897,40309990181.24
2021-02-16,138.193173,290905897,40201208821.18
2021-02-17,136.851701,291605897,39906762894.95
2021-02-18,136.248367,289655897,39465143070.68
2021-02-19,136.038365,289905897,39438324229.39
2021-02-22,132.996649,289555897,38509963970.5
2021-02-23,132.662889,288555897,38280658840.52
2021-02-24,134.707843,287705897,38756240679.18
2021-02-25,129.967728,286155897,37191031880.58
2021-02-26,130.751926,285555897,37336983531.42
2021-03-01,134.842464,288005897,38835424685.23
2021-03-02,132.659052,286305897,37981068819.67
2021-03-03,129.377588,287205897,37158006145.1
2021-03-04,126.448386,287205897,36316722200.76
2021-03-05,128.953501,284755897,36720269753.29
2021-03-08,125.824497,286155897,36005421821.5
2021-03-09,130.098078,285655897,37163283027.96
2021-03-10,129.58699,285755897,37030246673.12
2021-03-11,132.352811,286355897,37900007959.79
2021-03-12,131.412525,286055897,37591327802.13
2021-03-15,132.833694,285505897,37924803056.06
2021-03-16,133.871542,285705897,38247888978.99
2021-03-17,133.73559,285855897,38229106980.29
2021-03-18,129.951278,289805897,37660646608.1
2021-03-19,129.65288,289005897,37470446762.11
2021-03-22,131.873039,283305897,37360409674.51
2021-03-23,131.038314,286555897,37549801649.39
2021-03-24,129.458377,286505897,37090588427.27
2021-03-25,129.365916,286205897,37025288103.86
2021-03-26,132.640796,287655897,38154907068.51
2021-03-29,131.963,287405897,37926944432.35
2021-03-30,130.715614,287755897,37614188737.56
2021-03-31,132.669198,287255897,38110009459.19
2021-04-01,135.450963,287955897,39003903603.79
2021-04-05,138.212116,288105897,39819725636.24
2021-04-06,137.686362,287855897,39633831208.52
2021-04-07,138.434847,287655897,39821600080.61
2021-04-08,140.405357,287605897,40381408507.6
2021-04-09,141.796459,290355897,41171438188.68
2021-04-12,141.109632,289705897,40880292656.94
2021-04-13,142.45499,290355897,41362646442.35
2021-04-14,140.832706,289505897,40771898930.99
2021-04-15,143.344435,288755897,41391550927.9
2021-04-16,143.297672,289005897,41413872187.99
2021-04-19,142.038717,288105897,40922191956.38
2021-04-20,140.847911,288055897,40572071372.18
2021-04-21,142.286823,287555897,40915415124.1
2021-04-22,140.614176,287605897,40441466320.03
2021-04-23,142.636869,286705897,40894831594.82
2021-04-26,143.440128,286505897,41096442592.97
2021-04-27,143.045558,286305897,40954786801.09
2021-04-28,141.669281,286855897,40638668629.21
2021-04-29,141.632654,286605897,40592753873.1
2021-04-30,139.62784,287155897,40094957644.44
2021-05-03,139.325467,287205897,40015095663.94
2021-05-04,136.689522,287205897,39258036684.61
2021-05-05,136.466152,287205897,39193883538.86
2021-05-06,137.868675,287005897,39569122811.45
2021-05-07,139.019076,288005897,40038313735.04
2021-05-10,135.498777,288405897,39078646372.18
2021-05-11,135.174192,288355897,38978275367.64
2021-05-12,131.305932,287105897,37698707331.62
2021-05-13,133.116446,284655897,37892381378.79
2021-05-14,135.935826,283555897,38545405211.12
2021-05-17,134.98642,284005897,38336939212.7
2021-05-18,133.887493,283755897,37991365576.51
2021-05-19,134.392666,283655897,38121272097.27
2021-05-20,136.899217,283955897,38873339951.02
2021-05-21,136.182023,282855897,38519888199.15
2021-05-24,138.577803,283205897,39246051045.43
2021-05-25,138.66126,284205897,39408347768.46
2021-05-26,138.645513,284705897,39473195262.04
2021-05-27,137.924059,285005897,39309170144.6
2021-05-28,138.34257,284255897,39324691392.52
2021-06-01,137.755793,284555897,39199223193.51
2021-06-02,138.625258,284255897,39405046955.79
2021-06-03,137.356556,284305897,39051278935.16
2021-06-04,139.98834,283805897,39729516339.94
2021-06-07,139.964688,283805897,39722803795.29
2021-06-08,139.999589,284405897,39816708684.53
2021-06-09,140.089004,284405897,39842138904.25
2021-06-10,141.146676,284405897,40142946906.24
2021-06-11,141.933431,284655897,40402188157.23
2021-06-14,143.415276,284655897,40824004112.23
2021-06-15,142.504174,284855897,40593154237.71
2021-06-16,141.761344,284305897,40303586094.65
2021-06-17,143.416165,284055897,40738207488.86
2021-06-18,142.074965,283755897,40314609247.84
2021-06-21,143.351762,283905897,40698410469.92
2021-06-22,144.626557,284405897,41132645538.5
2021-06-23,144.461863,284705897,41129144312.8
2021-06-24,145.392029,282605897,41088644764.32
2021-06-25,145.175128,283705897,41187039820.93
2021-06-28,146.784811,286355897,42032696194.86
2021-06-29,147.817116,285955897,42269176110.86
2021-06-30,147.675583,286405897,42295157833.45
2021-07-01,147.827083,287355897,42478984089.75
2021-07-02,149.90359,287105897,43038204637.35
2021-07-06,150.450651,287305897,43225359331.26
2021-07-07,151.192468,286305897,43287295097.15
2021-07-08,149.804403,286905897,42979766699.22
2021-07-09,151.226916,287055897,43410578056.68
2021-07-12,151.290488,287005897,43421262256.18
2021-07-13,151.954803,287055897,43619522391.1
2021-07-14,153.081996,286605897,43874202769.96
2021-07-15,151.791913,286405897,43474098869.36
2021-07-16,150.31872,286505897,43067199618.5
2021-07-19,148.225422,287405897,42600860419.75
2021-07-20,150.407466,287955897,43310716754.29
2021-07-21,151.88639,288705897,43850496563.71
2021-07-22,152.967305,288905897,44193156463.84
2021-07-23,154.497272,288905897,44635172965.66
2021-07-26,154.462247,290055897,44802685694.77
2021-07-27,152.908855,289755897,44306242460.46
2021-07-28,152.762694,289555897,44233339032.52
2021-07-29,153.493359,289555897,44444907374.61
2021-07-30,153.367349,290305897,44523445684.03
2021-08-02,152.802393,290555897,44397636412.5
2021-08-03,153.849606,290705897,44724987591.76
2021-08-04,154.148589,290705897,44811903710.27
2021-08-05,155.003084,291055897,45114561697.89
2021-08-06,154.864674,291055897,45074276656.29
2021-08-09,154.347492,290805897,44885160992.72
2021-08-10,153.22481,290505897,44512710814.61
2021-08-11,153.263301,289955897,44439597786.98
2021-08-12,154.167995,289555897,44640252179.85
2021-08-13,155.006036,289555897,44882911892.29
2021-08-16,155.687558,289755897,45111388098.6
2021-08-17,154.330576,289705897,44710478097.18
2021-08-18,152.249147,289955897,44145538044.07
2021-08-19,153.758619,290705897,44698537279.31
2021-08-20,155.754736,290955897,45317758800.38
2021-08-23,157.739054,292105897,46076507883.19
2021-08-24,157.541284,291605897,45939967412.65
2021-08-25,157.457974,291405897,45884182048.92
2021-08-26,156.479074,291755897,45653692451.15
2021-08-27,157.991335,292505897,46213397285.18
2021-08-30,159.714069,291355897,46533635795.57
2021-08-31,158.814515,291705897,46327130611.26
2021-09-01,158.86514,294005897,46707288023.17
2021-09-02,158.785845,294155897,46707792712.25
2021-09-03,159.393983,292255897,46583831543.68
2021-09-07,159.439967,290555897,46326222654.57
2021-09-08,158.792331,288905897,45876040701.72
2021-09-09,158.131029,288155897,45566388541.69
2021-09-10,156.573938,288255897,45133360946.98
2021-09-13,156.630238,289555897,45353209132.59
2021-09-14,156.419614,290305897,45409536347.34
2021-09-15,157.809142,290305897,45812924662.96
2021-09-16,157.908886,290205897,45826089861.58
2021-09-17,155.511763,290355897,45153757479.35
2021-09-20,152.357284,288755897,43994064127.09
2021-09-21,152.429625,286855897,43725336669.92
2021-09-22,154.551947,286405897,44264588984.35
2021-09-23,156.631109,286455897,44867904781.32
2021-09-24,156.733127,286005897,44826598711.15
2021-09-27,155.156896,286305897,44422334275.94
2021-09-28,150.525871,286705897,43156654877.04
2021-09-29,150.371962,286955897,43150121357.28
2021-09-30,149.354746,287105897,42880628235.87
2021-10-01,151.499267,288055897,43640257246.43
2021-10-04,147.94069,289005897,42755731803.72
2021-10-05,150.096545,288855897,43356272060.34
2021-10-06,151.126361,290305897,43872873867.18
2021-10-07,152.5177,288755897,44040385233.22
2021-10-08,151.934575,289905897,44046729233.73
2021-10-11,151.129743,291155897,44002315900.56
2021-10-12,150.358709,291555897,43837968362.9
2021-10-13,151.218707,291705897,44111388587.27
2021-10-14,154.669748,291855897,45141277969.59
2021-10-15,155.892332,291805897,45490301823.3
2021-10-18,157.216241,292405897,45970956007.41
2021-10-19,158.74336,292705897,46465117707.37
2021-10-20,158.286596,293605897,46473877855.16
2021-10-21,158.930143,294505897,46805864193.59
2021-10-22,158.400197,294255897,46610192183.53
2021-10-25,158.923891,294655897,46827861587.98
2021-10-26,159.438797,294305897,46923778078.54
2021-10-27,159.137192,294255897,46827057079.9
2021-10-28,160.823188,294355897,47339253844.18
2021-10-29,161.537845,295255897,47695001282.88
2021-11-01,161.412519,293555897,47383596858.22
2021-11-02,162.727917,295805897,48135877482.07
2021-11-03,163.702596,296005897,48456933658.55
2021-11-04,166.237254,295055897,49049282009.3
2021-11-05,167.003776,292955897,48924740999.1
2021-11-08,167.965308,291705897,48996470743.62
2021-11-09,167.265108,291855897,48817308127.73
2021-11-10,164.472876,291655897,47969484199.38
2021-11-11,165.34123,291655897,48222744802.09
2021-11-12,167.301962,291505897,48769508495.35
2021-11-15,167.10939,291155897,48654884278.61
2021-11-16,168.902765,291005897,49151700778.03
2021-11-17,168.307571,290155897,48835434350.97
2021-11-18,170.031345,290455897,49386606721.8
2021-11-19,171.332217,290005897,49687353233.44
2021-11-22,169.372667,290705897,49237633046.9
2021-11-23,169.024097,292455897,49432093818.6
2021-11-24,170.222766,291655897,49646473555.43
2021-11-26,165.797487,292005897,48413843970.47
2021-11-29,170.17097,292655897,49801537836.49
2021-11-30,168.544339,294005897,49553029659.27
2021-12-01,166.441808,296955897,49425876507.17
2021-12-02,167.847308,296505897,49767716645.51
2021-12-03,165.077034,295955897,48855521541.61
2021-12-06,166.682852,296505897,49422448437.94
2021-12-07,172.529543,296955897,51233665252.48
2021-12-08,173.299762,296905897,51453721353.03
2021-12-09,171.411235,296055897,50747306948.76
2021-12-10,174.962001,296805897,51929753561.32
2021-12-13,172.125208,297905897,51277114603.47
2021-12-14,169.307423,298455897,50530798946.52
2021-12-15,173.968342,299155897,52043655306.57
2021-12-16,168.988599,305955897,51703058424.56
2021-12-17,167.900557,303905897,51025969273.67
2021-12-20,165.487599,297655897,49258359663.89
2021-12-21,169.758438,299205897,50792725666.55
2021-12-22,172.012156,300005897,51604661135.21
2021-12-23,172.976911,298955897,51712467503.98
2021-12-27,176.665682,298405897,52718081243.21
2021-12-28,175.67126,298105897,52368638467.53
2021-12-29,175.839945,298105897,52418924414.98
2021-12-30,174.676287,298205897,52089498800.7
2021-12-31,173.832954,298955897,51968386542.37
2022-01-03,175.560005,298955897,52484698705.79
2022-01-04,173.647608,299205897,51956388437.37
2022-01-05,168.309922,298705897,50275166187.5
2022-01-06,167.44956,298205897,49934446264.4
2022-01-07,165.808542,298655897,49519698708.58
2022-01-10,165.964196,302455897,50196849629.78
2022-01-11,167.969541,301155897,50585017642.83
2022-01-12,168.696128,300805897,50744789995.16
2022-01-13,164.318331,301155897,49485434408.7
2022-01-14,165.751331,300155897,49751239496.41
2022-01-18,161.667332,299405897,48404152445.04
2022-01-19,159.49666,299005897,47690442004.03
2022-01-20,157.432388,298905897,47057469094.14
2022-01-21,154.417405,296555897,45793392162.68
2022-01-24,154.954723,296955897,46014718645.26
2022-01-25,151.382898,295705897,44764815555.12
2022-01-26,152.423575,295205897,44996338144.14
2022-01-27,151.424946,296205897,44852962064.93
2022-01-28,157.995448,295355897,46664887354.71
2022-01-31,162.131132,296005897,47991771159.09
2022-02-01,162.52426,295855897,48083760618.33
2022-02-02,163.788876,295305897,48367820994.85
2022-02-03,158.820776,296955897,47162765986.81
2022-02-04,159.612686,296555897,47334083224.0
2022-02-07,158.502256,296655897,47020628842.6
2022-02-08,160.509093,296305897,47559790638.56
2022-02-09,164.11376,295605897,48512995270.37
2022-02-10,159.641954,295405897,47159174561.68
2022-02-11,154.957285,295505897,45790791470.06
2022-02-14,154.863016,296005897,45840365938.95
2022-02-15,158.922381,295605897,46978392867.7
2022-02-16,158.708184,295705897,46930945776.08
2022-02-17,153.982412,295855897,45556604594.4
2022-02-18,152.36035,295155897,44970055640.52
2022-02-22,151.03048,295305897,44600191496.13
2022-02-23,147.212534,295705897,43531614330.88
2022-02-24,152.252765,297105897,45235194283.79
2022-02-25,154.333441,294655897,45475258396.73
2022-02-28,154.039801,294655897,45388735868.71
2022-03-01,150.999889,295205897,44576057570.87
2022-03-02,154.294348,295855897,45648892778.55
2022-03-03,152.389354,296655897,45207200534.84
2022-03-04,149.721142,296805897,44438117955.52
2022-03-07,144.260429,297155897,42867837116.38
2022-03-08,143.635555,297555897,42739606355.28
2022-03-09,149.270657,297005897,44334265237.49
2022-03-10,146.664667,294705897,43222942166.46
2022-03-11,144.05326,293605897,42294886649.33
2022-03-14,141.375871,293055897,41431032716.01
2022-03-15,146.108771,292555897,42744982700.37
2022-03-16,150.878762,292005897,44057488363.65
2022-03-17,151.911239,294755897,44776733511.53
2022-03-18,155.095974,294805897,45723207816.2
2022-03-21,154.490226,290905897,44942117912.69
2022-03-22,156.710372,292605897,45854379072.05
2022-03-23,154.292941,293105897,45224171006.43
2022-03-24,158.324066,293555897,46476963307.99
2022-03-25,158.198864,294255897,46550948505.12
2022-03-28,160.149819,294105897,47101006072.66
2022-03-29,163.478481,294855897,48202594255.49
2022-03-30,161.264388,297755897,48017422465.45
2022-03-31,158.703788,298455897,47366081486.58
2022-04-01,158.502879,299655897,47496322298.7
2022-04-04,161.485292,300205897,48478836914.85
2022-04-05,158.051355,299105897,47274092331.0
2022-04-06,154.114904,300755897,46350966408.0
2022-04-07,154.520502,299205897,46233445387.05
2022-04-08,152.392346,298805897,45535731727.85
2022-04-11,148.520852,302655897,44950711900.02
2022-04-12,147.958277,303055897,44839628570.08
2022-04-13,150.265508,302555897,45463715710.25
2022-04-14,146.682621,301505897,44225675236.64
2022-04-18,147.118887,301805897,44401347698.88
2022-04-19,149.850478,302805897,45375608426.88
2022-04-20,149.736118,302955897,45363440116.11
2022-04-21,147.200069,302605897,44543609025.45
2022-04-22,143.095844,300605897,43015454741.58
2022-04-25,145.172775,300605897,43639792382.47
2022-04-26,139.838754,301305897,42134241210.68
2022-04-27,141.86617,301705897,42801860253.34
2022-04-28,147.503247,301505897,44473099000.62
2022-04-29,141.432509,301055897,42579090938.02
2022-05-02,143.616236,302155897,43394492690.91
2022-05-03,143.84027,302355897,43490954175.07
2022-05-04,148.858684,300305897,44703140858.54
2022-05-05,141.64634,301105897,42650548357.12
2022-05-06,140.523603,301105897,42312485670.5
2022-05-09,135.111771,299205897,40426238829.48
2022-05-10,137.182093,298805897,40990818604.54
2022-05-11,132.822662,299455897,39774529691.61
2022-05-12,131.45166,298555897,39245668449.84
2022-05-13,135.878388,297855897,40472179488.43
2022-05-16,134.675882,297005897,39999531287.14
2022-05-17,138.572828,298105897,41309377282.89
2022-05-18,132.176871,298555897,39462184570.68
2022-05-19,130.780984,297455897,38901575073.51
2022-05-20,131.022935,299605897,39255244053.9
2022-05-23,134.052739,299655897,40169694066.24
2022-05-24,132.023283,300205897,39634168191.95
2022-05-25,133.598441,300205897,40107040092.14
2022-05-26,136.830444,298955897,40906268390.34
2022-05-27,141.470167,298505897,42229679240.37
2022-05-31,140.46486,298705897,41957682265.6
2022-06-01,140.031286,298705897,41828171077.79
2022-06-02,143.398261,298305897,42776549054.77
2022-06-03,139.967029,298555897,41787984130.92
2022-06-06,139.999475,297005897,41580671719.19
2022-06-07,141.685516,297905897,42208952916.76
2022-06-08,140.084018,297755897,41710844539.43
2022-06-09,136.333705,298655897,40716867062.5
2022-06-10,131.08904,298555897,39137408233.66
2022-06-13,125.274804,299305897,37495489860.27
2022-06-14,126.044028,301055897,37946299978.88
2022-06-15,128.729917,301605897,38825704422.12
2022-06-16,123.446159,301255897,37188885624.99
2022-06-17,124.637827,298605897,37217592274.87
2022-06-21,127.480079,298755897,38085427570.89
2022-06-22,126.960734,299705897,38050882916.45
2022-06-23,128.792068,299455897,38567546589.46
2022-06-24,133.381837,299305897,39921972480.53
2022-06-27,132.539822,298505897,39563920544.89
2022-06-28,128.566238,298105897,38326356002.84
2022-06-29,128.836548,298255897,38426262332.68
2022-06-30,127.131949,298405897,37936925584.45
2022-07-01,127.408595,298305897,38006737516.06
2022-07-05,128.994376,298755897,38537836023.67
2022-07-06,130.132576,299305897,38949453036.87
2022-07-07,132.81561,299355897,39759141715.56
2022-07-08,132.902713,298855897,39718765091.84
2022-07-11,131.022864,297755897,39012835964.4
2022-07-12,129.211647,296905897,38363705438.71
2022-07-13,128.938818,297655897,38379405125.0
2022-07-14,130.09775,297305897,38678828355.73
2022-07-15,132.401884,296905897,39310900246.09
2022-07-18,131.074851,296705897,38890681114.46
2022-07-19,135.114707,296955897,40123108868.43
2022-07-20,137.224987,297305897,40797797794.9
2022-07-21,139.150109,297005897,41328403050.8
2022-07-22,137.211661,296955897,40745811999.15
2022-07-25,136.375375,297905897,40627028523.6
2022-07-26,134.193826,299405897,40178422752.44
2022-07-27,139.980065,299605897,41938852927.45
2022-07-28,142.018808,300555897,42684590305.3
2022-07-29,144.17441,300455897,43318051797.16
2022-08-01,143.89499,300705897,43270071893.0
2022-08-02,142.904228,302255897,43193645726.78
2022-08-03,146.710908,304955897,44740356520.99
2022-08-04,147.36311,304705897,44902408740.01
2022-08-05,147.05997,304305897,44751216088.72
2022-08-08,145.74753,304805897,44424706493.11
2022-08-09,144.274808,304755897,43968598667.6
2022-08-10,148.281696,304855897,45204549486.19
2022-08-11,147.572091,306805897,45275987653.91
2022-08-12,150.629774,306805897,46214102790.72
2022-08-15,151.57166,306805897,46503079089.67
2022-08-16,151.130792,306455897,46314922281.71
2022-08-17,150.081153,309155897,46398473507.38
2022-08-18,150.852013,307255897,46350170646.85
2022-08-19,148.086375,306105897,45330112628.72
2022-08-22,143.956576,306805897,44166726494.4
2022-08-23,143.587091,306555897,44017469551.94
2022-08-24,143.645533,304555897,43748094303.63
2022-08-25,146.058247,303355897,44307630564.28
2022-08-26,139.791023,302805897,42329545986.27
2022-08-29,138.01628,302055897,41688631363.03
2022-08-30,136.545892,302605897,41319592253.42
2022-08-31,135.249097,302805897,40954224036.61
2022-09-01,134.574224,302305897,40682581411.43
2022-09-02,132.839061,301255897,40018550593.75
2022-09-06,131.942211,301305897,39754966281.85
2022-09-07,134.064742,301455897,40414607071.52
2022-09-08,134.566226,301605897,40585967388.86
2022-09-09,137.225071,301605897,41387890486.45
2022-09-12,139.394529,301705897,42056151487.74
2022-09-13,131.970981,301755897,39823021673.06
2022-09-14,132.538841,301355897,39941361177.95
2022-09-15,129.386399,306455897,39651224886.05
2022-09-16,128.788411,305955897,39403573697.5
2022-09-19,129.437043,301755897,39058390869.59
2022-09-20,128.674669,301855897,38841207616.39
2022-09-21,126.662573,302155897,38271843287.62
2022-09-22,125.398851,301905897,37858652581.5
2022-09-23,123.710403,300855897,37219004214.35
2022-09-26,122.838056,299705897,36815289755.64
2022-09-27,123.085023,298905897,36790839068.77
2022-09-28,124.331672,297455897,36983188890.78
2022-09-29,121.03518,297155897,35966317599.28
2022-09-30,118.734024,300105897,35632780795.44
2022-10-03,122.47242,300305897,36779189985.02
2022-10-04,126.575401,300805897,38074626921.39
2022-10-05,127.037589,300505897,38175544559.33
2022-10-06,125.956847,300505897,37850775390.44
2022-10-07,120.727738,299605897,36170742173.37
2022-10-10,118.759884,299605897,35581161625.53
2022-10-11,116.941836,299605897,35036463743.89
2022-10-12,116.559155,299655897,34927638283.09
2022-10-13,120.178705,301905897,36282659844.15
2022-10-14,116.747033,301905897,35246617602.53
2022-10-17,120.362555,302305897,36386310133.03
2022-10-18,121.357036,301805897,36626269104.47
2022-10-19,121.025329,302155897,36568516826.92
2022-10-20,121.12368,302405897,36628515170.76
2022-10-21,124.326266,302405897,37596996084.8
2022-10-24,126.034276,302705897,38151318420.41
2022-10-25,128.469483,301905897,38785694606.32
2022-10-26,125.585838,301455897,37858591549.72
2022-10-27,124.109044,302805897,37580950461.32
2022-10-28,129.587153,302755897,39233274896.88
2022-10-31,127.858234,302905897,38729013037.05
2022-11-01,126.800371,302105897,38307139676.44
2022-11-02,122.412593,302605897,37042772633.94
2022-11-03,118.805873,302005897,35880074388.38
2022-11-04,120.959843,301455897,36464058108.26
2022-11-07,123.002548,301805897,37122894458.14
2022-11-08,124.158009,301605897,37446787824.25
2022-11-09,120.934478,301755897,36492691781.64
2022-11-10,130.967385,301605897,39500535628.32
2022-11-11,133.212372,302055897,40237582666.18
2022-11-14,131.928286,302455897,39902488042.85
2022-11-15,133.560248,303005897,40469542840.06
2022-11-16,131.678916,305305897,40202349544.64
2022-11-17,131.911533,305505897,40299751138.93
2022-11-18,132.069385,305555897,40354579334.71
2022-11-21,130.636644,307705897,40197665866.09
2022-11-22,133.177824,307305897,40926330814.51
2022-11-23,134.359929,306455897,41175392530.48
2022-11-25,133.529617,306755897,40960997517.42
2022-11-28,130.709365,306455897,40056655795.45
2022-11-29,129.491874,307855897,39864837059.22
2022-11-30,136.031963,306205897,41653789164.84
2022-12-01,136.122632,303705897,41341245981.28
2022-12-02,135.36957,305255897,41322359379.39
2022-12-05,133.085855,304655897,40545390597.73
2022-12-06,130.262727,304555897,39672281714.04
2022-12-07,129.635496,304755897,39507181758.53
2022-12-08,131.729137,305105897,40191336434.31
2022-12-09,130.887221,305655897,40006450815.8
2022-12-12,133.755055,305805897,40903084714.61
2022-12-13,135.313238,305605897,41352523382.75
2022-12-14,134.193956,306105897,41077561371.07
2022-12-15,129.175497,307155897,39677015720.31
2022-12-16,127.546677,307755897,39253242103.18
2022-12-19,125.416359,308055897,38635248872.7
2022-12-20,125.619261,305655897,38396268051.03
2022-12-21,127.705637,305355897,38995669481.28
2022-12-22,124.45931,306355897,38128843471.28
2022-12-23,124.610414,306455897,38187596203.28
2022-12-27,123.408826,306505897,37825532804.66
2022-12-28,121.415758,306405897,37202504284.57
2022-12-29,124.614291,306005897,38132707913.17
2022-12-30,124.449887,306005897,38082399306.91
2023-01-03,123.263329,306005897,37719305595.09
2023-01-04,123.584826,306255897,37848581796.22
2023-01-05,121.148592,307105897,37205447139.57
2023-01-06,124.761332,307405897,38352369165.59
2023-01-09,126.152401,306555897,38672762336.33
2023-01-10,126.931205,304105897,38600528046.84
2023-01-11,129.159755,302355897,39052213709.76
2023-01-12,130.111599,302055897,39300975705.12
2023-01-13,130.536314,302305897,39461897589.5
2023-01-17,131.096234,301955897,39585281024.42
2023-01-18,129.397126,301855897,39059285643.09
2023-01-19,127.889779,301005897,38495577608.78
2023-01-20,131.386231,302655897,39764817605.53
2023-01-23,134.376012,300055897,40320314739.45
2023-01-24,134.297224,299305897,40195951150.79
2023-01-25,133.947869,299505897,40118176765.66
2023-01-26,136.112453,299605897,40780093540.66
2023-01-27,136.688578,299705897,40966372884.26
2023-01-30,134.057288,300105897,40231382721.86
2023-01-31,135.9986,300205897,40827581702.92
2023-02-01,139.15395,299155897,41628724849.42
2023-02-02,143.000679,298755897,42722296074.66
2023-02-03,141.765411,299105897,42402870404.92
2023-02-06,140.071125,299155897,41903102896.57
2023-02-07,143.538058,298405897,42832602962.87
2023-02-08,141.762114,298055897,42253033948.36
2023-02-09,141.087132,298705897,42143558234.01
2023-02-10,140.347916,297905897,41810471814.05
2023-02-13,142.834338,297105897,42436923993.74
2023-02-14,143.482306,297205897,42643787538.22
2023-02-15,144.082018,296955897,42786004748.88
2023-02-16,141.542438,296205897,41925704935.24
2023-02-17,139.842936,296455897,41457263169.48
2023-02-21,136.491791,295905897,40388725828.97
2023-02-22,136.288667,296055897,40349063465.34
2023-02-23,138.545594,294405897,40788639778.52
2023-02-24,136.096853,293955897,40006472642.23
2023-02-27,136.801823,293805897,40193182218.97
2023-02-28,136.550947,293505897,40078508240.74
2023-03-01,135.468117,293355897,39740371069.3
2023-03-02,137.200745,292255897,40097726942.94
2023-03-03,140.095015,292055897,40915575222.65
2023-03-06,140.805234,291305897,41017395123.18
2023-03-07,139.036724,291205897,40488313991.05
2023-03-08,140.20704,291605897,40885199592.11
2023-03-09,138.195829,289355897,39987778151.89
2023-03-10,135.78194,289455897,39302883326.24
2023-03-13,136.505767,289855897,39567001461.47
2023-03-14,139.668943,290355897,40553701088.92
2023-03-15,139.699216,291005897,40653295780.15
2023-03-16,143.658797,290105897,41676264158.96
2023-03-17,143.507435,290355897,41668229993.51
2023-03-20,143.503695,291455897,41824998133.64
2023-03-21,144.687838,290955897,42097779663.06
2023-03-22,143.22183,290805897,41649752665.54
2023-03-23,145.629252,290655897,42328000775.45
2023-03-24,145.961846,291005897,42475757874.97
2023-03-27,144.819354,290655897,42092599130.99
2023-03-28,144.147672,290155897,41825297204.29
2023-03-29,147.187765,290055897,42692679138.2
2023-03-30,148.859345,289405897,43080772301.68
2023-03-31,151.025507,288955897,43639710776.52
2023-04-03,150.810756,288305897,43479630376.56
2023-04-04,149.966005,290905897,43625995190.91
2023-04-05,148.21615,293505897,43502314150.49
2023-04-06,149.089153,292805897,43654183051.83
2023-04-10,149.006091,290755897,43324399596.11
2023-04-11,147.567963,290505897,42869363438.85
2023-04-12,146.711958,289755897,42510654940.03
2023-04-13,149.479851,289605897,43290246431.1
2023-04-14,148.637992,288355897,42860641497.92
2023-04-17,149.19571,288055897,42976703977.87
2023-04-18,149.658534,287455897,43020228157.59
2023-04-19,149.246067,287955897,42976285225.08
2023-04-20,148.249718,287855897,42674555575.76
2023-04-21,147.738872,287455897,42468409958.13
2023-04-24,147.095798,287505897,42290909355.62
2023-04-25,143.931153,287605897,41395448348.95
2023-04-26,146.149808,287905897,42077391569.37
2023-04-27,149.209116,286855897,42801514803.08
2023-04-28,150.827403,287055897,43295895426.91
2023-05-01,150.926078,286605897,43256304075.47
2023-05-02,149.501218,286605897,42847930797.23
2023-05-03,148.227144,287305897,42586532674.2
2023-05-04,147.536831,288305897,42535738435.59
2023-05-05,151.257593,288455897,43631144741.08
2023-05-08,151.172516,288505897,43614162313.18
2023-05-09,149.987792,288405897,43257363827.1
2023-05-10,151.813974,286205897,43450054696.05
2023-05-11,151.113307,286655897,43317520531.42
2023-05-12,150.960504,286655897,43273718588.54
2023-05-15,152.189077,286655897,43625896514.58
2023-05-16,152.350734,286655897,43672236186.01
2023-05-17,154.435015,288755897,44594021212.28
2023-05-18,157.575708,285655897,45012430286.85
2023-05-19,157.467953,285305897,44926535486.83
2023-05-22,157.742248,286005897,45115213095.29
2023-05-23,155.421553,285805897,44420396410.67
2023-05-24,154.308351,286605897,44225683387.39
2023-05-25,160.25821,285755897,45794728472.04
2023-05-26,164.818108,285655897,47081264564.03
2023-05-30,165.664916,286555897,47472258499.55
2023-05-31,164.150645,287505897,47194278509.0
2023-06-01,165.929826,286705897,47573059628.04
2023-06-02,166.921151,286605897,47840586243.89
2023-06-05,165.928318,285455897,47365216918.49
2023-06-06,165.912787,285405897,47352487695.06
2023-06-07,163.386282,285455897,46639577811.93
2023-06-08,165.19825,285455897,47156814587.63
2023-06-09,165.984258,285855897,47447578968.02
2023-06-12,169.590085,286755897,48630956982.94
2023-06-13,170.652451,287205897,49012390354.85
2023-06-14,172.379835,287205897,49508505046.11
2023-06-15,174.635069,294605897,51448521143.1
2023-06-16,173.143528,294155897,50931189890.63
2023-06-20,171.613724,288055897,49434345216.35
2023-06-21,169.10808,286905897,48518105259.85
2023-06-22,170.54714,286605897,48879815975.6
2023-06-23,168.641365,287055897,48409498238.09
2023-06-26,167.336597,284655897,47633349152.12
2023-06-27,170.745904,286105897,48851409949.21
2023-06-28,170.769646,286405897,48909433742.99
2023-06-29,171.138892,286855897,49092200480.59
2023-06-30,173.935978,286905897,49903257868.64
2023-07-03,173.470551,287255897,49830438588.28
2023-07-05,172.409017,287305897,49534127250.27
2023-07-06,171.95749,287455897,49430194527.13
2023-07-07,171.155729,287805897,49259627981.53
2023-07-10,171.64324,286855897,49236875543.8
2023-07-11,172.030867,291505897,50148012305.52
2023-07-12,173.929684,292155897,50814582842.11
2023-07-13,176.25457,289805897,51079613891.91
2023-07-14,175.964614,289955897,51021977454.72
2023-07-17,178.269363,290055897,51708080062.77
2023-07-18,180.263311,291205897,52493739234.27
2023-07-19,179.809176,291755897,52460387572.3
2023-07-20,176.170573,289755897,51046462522.73
2023-07-21,176.106242,287055897,50552335138.17
2023-07-24,176.447835,289155897,51020931998.62
2023-07-25,178.439839,289105897,51588009774.3
2023-07-26,176.010366,289505897,50956039006.61
2023-07-27,175.513689,289755897,50856126274.51
2023-07-28,177.989554,289405897,51511226505.78
2023-07-31,178.321261,289555897,51633972750.74
2023-08-01,178.658553,288655897,51570844901.65
2023-08-02,174.168397,288705897,50283443153.84
2023-08-03,173.563337,289655897,50273643990.08
2023-08-04,171.10412,289555897,49544206822.05
2023-08-07,171.659674,289755897,49739402921.4
2023-08-08,170.284091,289905897,49366362247.99
2023-08-09,168.05946,289855897,48713025501.34
2023-08-10,168.129966,289855897,48733462047.41
2023-08-11,166.896141,292455897,48809760756.55
2023-08-14,169.5694,289955897,49167647559.05
2023-08-15,167.834009,290405897,48739985959.34
2023-08-16,166.327609,293655897,48843083264.98
2023-08-17,164.741386,289455897,47685365736.88
2023-08-18,164.959178,288655897,47616439602.87
2023-08-21,168.142163,288605897,48526819774.86
2023-08-22,167.890105,289205897,48554808404.88
2023-08-23,170.947784,289355897,49464749430.14
2023-08-24,167.007171,290105897,48449765018.86
2023-08-25,168.782858,290155897,48973341544.7
2023-08-28,170.0767,289855897,49297734294.61
2023-08-29,173.423641,289405897,50189824374.24
2023-08-30,174.761613,289555897,50603255543.4
2023-08-31,175.576758,290155897,50944631581.52
2023-09-01,176.169213,290205897,51125344411.69
2023-09-05,176.813576,290855897,51427271228.54
2023-09-06,174.916431,291605897,51006662744.84
2023-09-07,172.355019,291355897,50216651139.34
2023-09-08,172.78902,291455897,50360378941.21
2023-09-11,173.64622,291405897,50601532375.07
2023-09-12,170.47566,291155897,49634993633.21
2023-09-13,170.986307,290255897,49629783836.2
2023-09-14,172.222374,290105897,49962726154.95
2023-09-15,168.937456,289905897,48975964789.7
2023-09-18,169.345479,290055897,49119654867.73
2023-09-19,169.261056,290605897,49188260924.94
2023-09-20,166.575015,289705897,48257764217.09
2023-09-21,164.029584,288855897,47380912611.41
2023-09-22,164.374053,289205897,47537945579.85
2023-09-25,164.997944,290055897,47858626517.15
2023-09-26,161.983683,291155897,47162504579.05
2023-09-27,162.2316,290955897,47202240649.81
2023-09-28,163.351225,291205897,47568839988.78
2023-09-29,163.893402,290805897,47661167892.5
2023-10-02,165.746831,290355897,48125569751.61
2023-10-03,162.860941,290405897,47295777675.37
2023-10-04,164.920462,290205897,47860890490.99
2023-10-05,165.11007,290605897,47981959851.16
2023-10-06,168.25318,290305897,48844890449.11
2023-10-09,169.111343,291855897,49356142564.65
2023-10-10,169.351953,292005897,49451768931.32
2023-10-11,170.910213,288355897,49282967856.86
2023-10-12,171.055543,288005897,49265005059.58
2023-10-13,168.585192,291455897,49135148395.17
2023-10-16,170.256619,290905897,49528654411.26
2023-10-17,169.494532,290705897,49273060098.13
2023-10-18,167.675141,289105897,48475871901.25
2023-10-19,166.790835,288905897,48186855849.0
2023-10-20,163.914345,288705897,47323038108.67
2023-10-23,164.128456,288955897,47425885124.38
2023-10-24,165.263789,290055897,47935736651.04
2023-10-25,163.30559,290355897,47416741187.42
2023-10-26,160.166993,290105897,46465389137.62
2023-10-27,161.084298,290055897,46723450426.71
2023-10-30,162.835519,289355897,47117417613.5
2023-10-31,164.02727,288905897,47388445427.69
2023-11-01,167.200462,288455897,48229959245.41
2023-11-02,169.989925,288155897,48983599203.76
2023-11-03,171.771402,288205897,49505531061.14
2023-11-06,172.865905,288655897,49898762799.51
2023-11-07,174.779137,290705897,50809325714.44
2023-11-08,175.7778,290855897,51126009563.04
2023-11-09,174.922691,290605897,50833565439.78
2023-11-10,179.52634,294205897,52817707913.49
2023-11-13,178.459902,292305897,52164881608.66
2023-11-14,182.035869,293005897,53337583028.92
2023-11-15,182.184285,295455897,53827421355.44
2023-11-16,183.167439,295955897,54209483638.88
2023-11-17,182.80564,296455897,54193809981.93
2023-11-20,185.444274,296855897,55050226248.75
2023-11-21,183.897159,296855897,54590955977.04
2023-11-22,184.738061,297255897,54914478123.29
2023-11-24,184.447272,297055897,54791149776.35
2023-11-27,184.364265,297655897,54877110753.49
2023-11-28,184.754029,298505897,55150167235.07
2023-11-29,184.902197,297355897,54981758684.11
2023-11-30,185.134075,298955897,55346923481.74
2023-12-01,185.577859,299505897,55581663112.7
2023-12-04,183.329058,300355897,55063963618.72
2023-12-05,184.385626,301255897,55547257081.82
2023-12-06,182.836102,301355897,55098737645.62
2023-12-07,185.135702,301905897,55893560053.69
2023-12-08,186.665996,303305897,56616897423.1
2023-12-11,188.232471,304255897,57270839380.86
2023-12-12,189.596438,311605897,59079368092.88
2023-12-13,191.273094,309955897,59286223510.2
2023-12-14,190.662276,306305897,58400979327.8
2023-12-15,192.014235,305605897,58680682431.0
2023-12-18,191.898142,305755897,58673988449.08
2023-12-19,192.572342,304305897,58600899139.07
2023-12-20,189.645749,304355897,57719801978.61
2023-12-21,191.798439,304555897,58413345712.11
2023-12-22,191.997148,304555897,58473863534.35
2023-12-26,192.846354,304205897,58664998032.41
2023-12-27,192.873882,304355897,58702303360.81
2023-12-28,193.05318,304105897,58708610341.17
2023-12-29,192.441153,303755897,58455135112.6
2024-01-02,187.482353,303855897,56967618683.68
2024-01-03,185.456297,302905897,56175806144.0
2024-01-04,184.126373,302955897,55782170412.6
2024-01-05,184.166594,303705897,55932480539.95
2024-01-08,188.790228,302255897,57062959836.88
2024-01-09,189.088762,301255897,56964104473.76
2024-01-10,190.708624,302105897,57614199998.07
2024-01-11,191.576044,303755897,58192353202.78
2024-01-12,192.264094,304255897,58497484516.8
2024-01-16,192.766446,304205897,58640689657.06
2024-01-17,191.798789,303455897,58202473626.12
2024-01-18,195.665218,303555897,59395330751.7
2024-01-19,200.198465,304305897,60921573322.55
2024-01-22,201.005408,304005897,61106829385.3
2024-01-23,201.868279,304705897,61510454915.27
2024-01-24,203.233925,305955897,62180617885.66
2024-01-25,204.063067,307355897,62719986859.85
2024-01-26,201.736785,306855897,61904122025.4
2024-01-29,203.547276,306205897,62327376116.14
2024-01-30,201.916952,306355897,61858448866.31
2024-01-31,197.691582,307705897,60830865505.78
2024-02-01,200.181739,307305897,61517028877.58
2024-02-02,202.2461,308405897,62373889743.12
2024-02-05,202.738934,308205897,62485335018.35
2024-02-06,201.75164,307355897,62009556251.73
2024-02-07,204.446781,306805897,62725477991.96
2024-02-08,205.095421,307255897,63016777642.12
2024-02-09,207.922771,306905897,63812724657.51
2024-02-12,206.193137,307255897,63354057133.91
2024-02-13,202.664145,306155897,62046823004.88
2024-02-14,204.943138,308755897,63277402438.05
2024-02-15,204.37371,308205897,62989182654.65
2024-02-16,202.562967,307855897,62360203981.62
2024-02-20,200.465056,307705897,61684279905.77
2024-02-21,199.141854,308405897,61416522160.61
2024-02-22,205.869759,309905897,63800252367.64
2024-02-23,205.280842,309455897,63525367097.87
2024-02-26,205.503556,310005897,63707314214.03
2024-02-27,205.685479,309105897,63578594635.54
2024-02-28,204.697743,308105897,63068581642.5
2024-02-29,207.114999,308005897,63792640908.88
2024-03-01,210.776108,308005897,64920284060.28
2024-03-04,210.757523,308355897,64988325063.68
2024-03-05,205.510905,310305897,63771245840.24
2024-03-06,207.115027,309055897,64010120556.17
2024-03-07,210.550714,308905897,65040357236.96
2024-03-08,207.257391,309005897,64043755928.05
2024-03-11,206.741692,309305897,63946424458.8
2024-03-12,210.97866,309005897,65193650025.12
2024-03-13,208.568933,308705897,64386459598.37
2024-03-14,208.686658,321605897,67114859867.44
2024-03-15,205.618215,321705897,66148592375.16
2024-03-18,206.286541,309005897,63743757677.3
2024-03-19,207.299388,309905897,64243302849.73
2024-03-20,209.697347,310755897,65164687115.1
2024-03-21,209.87224,309755897,65009163951.27
2024-03-22,209.877562,310455897,65157726828.58
2024-03-25,208.459528,312605897,65165677615.4
2024-03-26,207.531644,312905897,64937875269.59
2024-03-27,208.615159,313605897,65422944051.45
2024-03-28,208.416601,313905897,65423199945.49
2024-04-01,208.926766,313555897,65510219614.81
2024-04-02,206.834514,314055897,64957598830.22
2024-04-03,207.30734,313505897,64992073485.36
2024-04-04,204.056044,314505897,64176829312.54
2024-04-05,206.507185,314055897,64854799141.98
2024-04-08,206.142871,314555897,64843455797.87
2024-04-09,207.203132,314355897,65135526360.24
2024-04-10,204.712466,314655897,64413984472.0
2024-04-11,208.796352,314705897,65709443094.91
2024-04-12,205.406526,314805897,64663185736.89
2024-04-15,201.547268,314505897,63387804230.03
2024-04-16,201.736223,314305897,63406884532.92
2024-04-17,198.832338,314305897,62494176366.08
2024-04-18,196.620773,314205897,61779406221.97
2024-04-19,192.55822,314305897,60522184186.52
2024-04-22,194.240618,313555897,60905291353.07
2024-04-23,197.039355,313655897,61802555530.95
2024-04-24,198.059884,313705897,62132553566.83
2024-04-25,197.4984,313505897,61916913170.45
2024-04-26,199.844243,313505897,62652348807.49
2024-04-29,200.683711,313905897,62995800219.86
2024-04-30,196.284295,313755897,61585355020.23
2024-05-01,194.300924,314255897,61060211307.87
2024-05-02,197.027878,313705897,61808807147.91
2024-05-03,202.503826,312755897,63334265780.47
2024-05-06,204.919643,312905897,64120564593.6
2024-05-07,204.30497,312705897,63887368942.41
2024-05-08,204.884515,312555897,64037863281.92
2024-05-09,204.737923,311805897,63838491575.3
2024-05-10,205.588014,313355897,64422216537.64
2024-05-13,206.486347,310055897,64022309407.97
2024-05-14,208.395842,310205897,64645619128.07
2024-05-15,212.997619,309855897,65998568364.45
2024-05-16,212.276062,309255897,65647624013.58
2024-05-17,211.778629,309955897,65642034955.16
2024-05-20,214.2466,310255897,66471271145.31
2024-05-21,214.643711,310405897,66626673789.17
2024-05-22,215.11919,310505897,66795776947.63
2024-05-23,213.417688,310055897,66171412804.66
2024-05-24,215.17017,310355897,66779331174.5
2024-05-28,216.049925,311055897,67203603117.1
2024-05-29,214.631927,310505897,66644478930.49
2024-05-30,209.75802,310855897,65204517447.3
2024-05-31,210.127879,311655897,65487592724.64
2024-06-03,210.645632,311855897,65691082415.7
2024-06-04,211.087058,311605897,65775972098.95
2024-06-05,215.814654,311855897,67303072372.27
2024-06-06,215.115572,311855897,67085059535.96
2024-06-07,215.593157,311355897,67126200750.03
2024-06-10,216.121533,311305897,67279907536.44
2024-06-11,220.181881,311205897,68521899654.9
2024-06-12,225.079644,312055897,70237430118.44
2024-06-13,226.957925,313155897,71073212627.67
2024-06-14,227.593802,313005897,71238202094.41
2024-06-17,231.015014,312655897,72228206477.15
2024-06-18,231.409264,312705897,72363041317.49
2024-06-20,228.758675,348705897,79769498950.36
2024-06-21,228.015963,348005897,79350899795.82
2024-06-24,222.386656,311955897,69374828709.42
2024-06-25,226.45812,312155897,70690237589.2
2024-06-26,226.366491,310905897,70378676955.54
2024-06-27,226.35548,310855897,70363935795.01
2024-06-28,226.223486,310355897,70209793008.24
2024-07-01,228.067833,311005897,70930440960.4
2024-07-02,229.02758,311505897,71343441810.77
2024-07-03,232.339907,311655897,72410102099.44
2024-07-05,232.927535,311505897,72558300619.42
2024-07-08,234.530484,311455897,73045902334.63
2024-07-09,234.255525,310955897,72843136868.56
2024-07-10,237.743951,311455897,74046755628.82
2024-07-11,231.619941,311655897,72185720414.32
2024-07-12,233.77786,311605897,72846559797.7
2024-07-15,234.213255,311905897,73052495361.14
2024-07-16,233.46819,310955897,72598310442.8
2024-07-17,224.367662,311355897,69858194585.27
2024-07-18,224.317531,311955897,69977176457.28
2024-07-19,220.841951,311305897,68749401697.74
2024-07-22,226.023132,311055897,70305828035.21
2024-07-23,225.241594,311555897,70175346920.12
2024-07-24,215.83948,310505897,67019431441.1
2024-07-25,213.435861,310055897,66177047309.1
2024-07-26,216.227,310505897,67139758666.28
2024-07-29,215.295535,310955897,66947416190.74
2024-07-30,209.905804,311555897,65397390966.22
2024-07-31,218.743514,312005897,68249266144.63
2024-08-01,210.667929,311105897,65540035155.95
2024-08-02,204.79199,311805897,63855350111.98
2024-08-05,197.952561,311255897,61613901922.9
2024-08-06,200.85272,312655897,62797787303.65
2024-08-07,197.340809,312055897,61581363225.93
2024-08-08,204.618102,314305897,64312676108.88
2024-08-09,205.583014,315955897,64955165458.78
2024-08-12,207.26631,315305897,65352289718.59
2024-08-13,213.68217,315705897,67460721289.57
2024-08-14,214.951527,315805897,67882959800.91
2024-08-15,221.091281,318355897,70385713019.94
2024-08-16,221.419334,316705897,70124808909.01
2024-08-19,225.075701,316655897,71271548086.68
2024-08-20,224.219122,316255897,70910619521.96
2024-08-21,225.648771,316155897,71340189678.48
2024-08-22,220.365766,316005897,69636881400.93
2024-08-23,224.008643,316255897,70844054255.68
2024-08-26,221.095274,315855897,69834245949.58
2024-08-27,222.56493,315605897,70242804469.92
2024-08-28,219.392777,315805897,69285532841.72
2024-08-29,217.400675,316005897,68699895157.89
2024-08-30,220.380262,314755897,69365986927.94
2024-09-03,210.187049,314205897,66042010243.38
2024-09-04,209.728918,314205897,65898062721.37
2024-09-05,209.351064,313955897,65727000977.68
2024-09-06,203.917393,313055897,63837542412.99
2024-09-09,207.28248,313305897,64942823269.95
2024-09-10,210.339334,312805897,65795383983.89
2024-09-11,217.503589,312355897,67938528559.78
2024-09-12,219.306435,311705897,68359109098.51
2024-09-13,220.466183,310955897,68555259779.69
2024-09-16,219.550258,310155897,68094807286.71
2024-09-17,219.18509,310305897,68014426114.73
2024-09-18,217.097644,310405897,67388389002.99
2024-09-19,223.521872,310855897,69483092051.97
2024-09-20,222.392806,310305897,69009799291.8
2024-09-23,222.107672,310705897,69010163605.22
2024-09-24,223.541369,310855897,69489152859.23
2024-09-25,224.289893,311155897,69789122689.59
2024-09-26,227.161286,310555897,70546277034.72
2024-09-27,225.077318,310405897,69865326772.41
2024-09-30,225.8035,310455897,70102028235.37
2024-10-01,220.219549,310405897,68357446559.79
2024-10-02,221.849563,310355897,68852320055.37
2024-10-03,222.865938,310255897,69145471479.68
2024-10-04,225.364721,310505897,69977074942.98
2024-10-07,223.719892,310505897,69466345723.6
2024-10-08,227.959469,310555897,70794157363.96
2024-10-09,230.496947,310555897,71582186118.74
2024-10-10,230.373737,310155897,71451772957.46
2024-10-11,230.776111,309955897,71530416558.39
2024-10-14,233.653435,311605897,72807788240.95
2024-10-15,228.78883,312255897,71440661468.94
2024-10-16,229.370987,311905897,71542163559.22
2024-10-17,230.13231,311305897,71641545077.31
2024-10-18,230.883119,311605897,71944541537.93
2024-10-21,231.984913,311205897,72195072829.27
2024-10-22,231.817831,311005897,72096712437.66
2024-10-23,228.469225,310755897,70998159041.36
2024-10-24,229.140721,311005897,71264115330.47
2024-10-25,230.350221,310805897,71594207187.87
2024-10-28,230.219623,311605897,71737792032.58
2024-10-29,233.279894,311855897,72749710613.67
2024-10-30,229.557814,312205897,71669303363.24
2024-10-31,222.319993,312155897,69398496982.31
2024-11-01,223.944907,311005897,69648186741.57
2024-11-04,223.701487,311055897,69583666586.96
2024-11-05,226.849925,310705897,70483609456.38
2024-11-06,233.362182,310855897,72542010435.18
2024-11-07,237.480366,311155897,73893416418.53
2024-11-08,237.056398,311255897,73785201897.95
2024-11-11,235.778717,311205897,73375727269.87
2024-11-12,236.062054,311205897,73463903402.13
2024-11-13,235.2672,311655897,73322410102.52
2024-11-14,234.535169,312455897,73281896682.35
2024-11-15,228.777916,312355897,71460131044.86
2024-11-18,229.455775,312205897,71637446031.03
2024-11-19,231.392622,312205897,72242141209.1
2024-11-20,231.128846,312705897,72275352995.03
2024-11-21,233.490018,313205897,73130450458.0
2024-11-22,233.614628,312755897,73064352678.06
2024-11-25,233.525738,312255897,72919788832.4
2024-11-26,234.800256,311605897,73165144475.31
2024-11-27,231.545695,310905897,71988922112.83
2024-11-29,233.645505,311405897,72758588142.17
2024-12-02,235.956412,311405897,73478218048.98
2024-12-03,236.776822,310805897,73591632642.6
2024-12-04,241.1696,310905897,74981050763.04
2024-12-05,239.878173,310305897,74435611672.95
2024-12-06,240.862069,310505897,74789092875.34
2024-12-09,239.225325,310855897,74364602980.18
2024-12-10,235.961467,311555897,73515186447.46
2024-12-11,239.432823,311355897,74548821262.19
2024-12-12,238.000286,311555897,74150392503.31
2024-12-13,239.077985,311605897,74498110101.46
2024-12-16,241.449944,311655897,75249298745.85
2024-12-17,240.041116,312255897,74954253860.51
2024-12-18,232.387024,312455897,72610696018.79
2024-12-19,232.418752,312755897,72690335145.35
2024-12-20,235.882867,312255897,73655816144.81
2024-12-23,238.105239,311855897,74254522997.16
2024-12-24,240.581751,312405897,75159157792.39
2024-12-26,240.640694,312605897,75225700030.11
2024-12-27,237.369878,312605897,74203223746.28
2024-12-30,234.488173,313105897,73419629882.97
2024-12-31,232.475188,313005897,72766104753.35
2025-01-02,231.98471,312605897,72519788407.08
2025-01-03,235.769701,312455897,73667633375.08
2025-01-06,238.654896,312255897,74521398483.74
2025-01-07,233.973229,311705897,72930835286.81
2025-01-08,233.964068,312155897,73033263472.62
2025-01-10,228.839454,312005897,71399259178.64
2025-01-13,227.139265,312655897,71016430507.24
2025-01-14,227.774105,312505897,71180750976.97
2025-01-15,232.325649,313155897,72754147101.78
2025-01-16,230.510638,313605897,72289495241.63
2025-01-17,234.120684,313605897,73421627261.01
2025-01-21,236.06772,313305897,73961408784.72
2025-01-22,241.43643,313405897,75667600852.1
2025-01-23,241.88328,314455897,76061623687.07
2025-01-24,239.369561,314755897,75342980962.88
2025-01-27,227.511682,315705897,71826779764.87
2025-01-28,233.724482,317305897,74162156349.21
2025-01-29,231.702826,316805897,73404821604.57
2025-01-30,232.150731,316755897,73535112975.32
2025-01-31,230.851191,316255897,73008050632.62
2025-02-03,227.618067,315405897,71792080677.22
2025-02-04,230.971526,315105897,72780489993.14
2025-02-05,234.181691,314555897,73663231915.98
2025-02-06,234.890971,314555897,73886340001.93
2025-02-07,232.761586,314055897,73100148719.78
2025-02-10,236.288678,314055897,74207852855.87
2025-02-11,236.242352,314555897,74311424836.94
2025-02-12,235.887832,314655897,74223497277.78
2025-02-13,239.20659,314955897,75339526016.35
2025-02-14,239.992828,314755897,75539157905.07
2025-02-18,242.213067,315005897,76298544477.53
2025-02-19,242.187759,314905897,76266353497.59
2025-02-20,241.404307,314655897,75959288636.69
2025-02-21,234.894535,314805897,73946184946.69
2025-02-24,231.48354,314755897,72860809192.96
2025-02-25,228.457013,314755897,71908192006.62
2025-02-26,230.921843,315155897,72776380614.77
2025-02-27,222.580655,315155897,70147606053.28
2025-02-28,225.624358,314305897,70915066301.88
2025-03-03,218.682661,313055897,68459896505.86
2025-03-04,218.478553,312955897,68374151567.2
2025-03-05,221.551254,311905897,69103142695.92
2025-03-06,215.381285,311205897,67027926029.1
2025-03-07,218.522473,310705897,67896221123.83
2025-03-10,209.304985,310755897,65042758264.81
2025-03-11,208.451089,311055897,64839940368.35
2025-03-12,211.708864,310805897,65800363259.3
2025-03-13,207.729848,310555897,64511729169.85
2025-03-14,213.93848,310405897,66407765725.26
2025-03-17,215.338155,310555897,66874533890.82
2025-03-18,212.103037,310255897,65806217903.51
2025-03-19,214.941274,309955897,66622315336.72
2025-03-20,213.454952,312755897,66759295020.94
2025-03-21,214.022412,312755897,66936771595.75
2025-03-24,217.772094,309755897,67456190303.01
2025-03-25,218.385541,310005897,67700805592.94
2025-03-26,213.519326,310405897,66277658011.55
2025-03-27,211.557455,310855897,65763882321.05
2025-03-28,206.351435,310805897,64135242975.64
2025-03-31,206.47456,311105897,64235453254.91
2025-04-01,208.056415,310755897,64654757943.26
2025-04-02,209.55481,309755897,64910837989.98
2025-04-03,195.302101,310355897,60613158597.75
2025-04-04,182.474003,310455897,56650130422.55
2025-04-07,183.506549,309655897,56823884902.12
2025-04-08,179.548372,308655897,55418663958.24
2025-04-09,203.967957,309205897,63068095085.74
2025-04-10,194.494204,308405897,59983159563.97
2025-04-11,198.529953,307755897,61098763799.69
2025-04-14,200.085136,308055897,61637406189.92
2025-04-15,200.977774,308105897,61922437336.97
2025-04-16,193.960334,308705897,59876698800.97
2025-04-17,192.934414,309655897,59743278922.16
2025-04-21,187.873893,309705897,58185652671.94
2025-04-22,192.382322,310105897,59658892497.49
2025-04-23,198.062289,309955897,61390574514.51
2025-04-24,205.54298,310205897,63760644503.89
2025-04-25,208.499259,309905897,64615149924.53
2025-04-28,208.174288,309905897,64514439556.72
2025-04-29,209.205235,309505897,64750253889.53
2025-04-30,210.232115,309655897,65099614160.16
2025-05-01,213.184824,309855897,66056574808.12
2025-05-02,216.671801,308755897,66898696336.03
2025-05-05,215.360741,308505897,66440058562.3
2025-05-06,213.616738,308255897,65848619161.79
2025-05-07,215.797745,308105897,66488557676.87
2025-05-08,217.761429,308155897,67104468387.89
2025-05-09,217.720565,308005897,67059218050.45
2025-05-12,227.746623,308105897,70170077506.55
2025-05-13,232.671713,308405897,71757328233.97
2025-05-14,234.187008,308955897,72353457189.96
2025-05-15,234.471061,309305897,72523281884.37
2025-05-16,234.923083,309655897,72745318103.22
2025-05-19,234.565925,309855897,72681635194.63
2025-05-20,233.640519,310005897,72429938610.3
2025-05-21,229.371183,309855897,71072013743.76
2025-05-22,229.322743,310205897,71137267244.75
2025-05-23,226.742482,310855897,70484237662.73
2025-05-27,232.235135,310855897,72191661271.33
2025-05-28,231.199838,311805897,72089472941.78
2025-05-29,231.673188,312205897,72329735500.19
2025-05-30,231.09666,312305897,72172849682.44
2025-06-02,232.9673,312305897,72757061717.76
2025-06-03,236.411902,312355897,73844651776.79
2025-06-04,236.805011,313155897,74156885528.16
2025-06-05,236.074797,312805897,73845588590.25
2025-06-06,238.405709,312405897,74479349456.05
2025-06-09,239.556825,312555897,74874898207.19
2025-06-10,240.839442,312505897,75263745983.42
2025-06-11,240.25165,312405897,75056032199.55
2025-06-12,242.573624,312605897,75829945262.96
2025-06-13,239.083809,313305897,74906367318.88
2025-06-16,243.133994,313505897,76223940727.02
2025-06-17,241.297058,313555897,75660115337.62
2025-06-18,241.687564,313805897,75842982914.81
2025-06-20,240.622348,314005897,75556836198.4
2025-06-23,242.892663,313505897,76148282315.15
2025-06-24,247.305325,314205897,77704791500.61
2025-06-25,249.303233,314255897,78345011237.46
2025-06-26,251.083902,314755897,79030138935.27
2025-06-27,250.707589,314405897,78823944469.33
2025-06-30,253.284386,315105897,79811403493.68
2025-07-01,250.929063,315555897,79182145623.13
2025-07-02,253.728187,315805897,80128857534.71
2025-07-03,257.097199,316755897,81437053798.38
2025-07-07,254.953161,316455897,80681431259.92
2025-07-08,256.285313,316555897,81128627109.66
2025-07-09,257.844464,317005897,81738215521.1
2025-07-10,257.016657,315955897,81205928359.25
2025-07-11,255.876824,315655897,80769028509.8
2025-07-14,255.626973,316055897,80792412118.25
2025-07-15,257.937114,315805897,81458061635.6
2025-07-16,258.675501,316055897,81755917512.38
2025-07-17,260.986564,317605897,82890871636.27
2025-07-18,260.885906,317755897,82898035055.38
2025-07-21,261.218758,317955897,83056044477.18
2025-07-22,258.742616,317605897,82178180777.45
2025-07-23,260.282749,317955897,82758434804.59
2025-07-24,261.331009,318055897,83117868428.76
2025-07-25,262.028522,318655897,83496933703.36
2025-07-28,264.123614,318505897,84124928721.18
2025-07-29,264.037555,318905897,84203133441.42
2025-07-30,264.648816,319705897,84609787210.1
2025-07-31,262.47066,318755897,83664070642.07
2025-08-01,257.151333,319005897,82032791710.18
2025-08-04,262.270522,319755897,83862546142.15
2025-08-05,260.126029,319705897,83163825348.83
2025-08-06,263.100552,319505897,84062177864.0
2025-08-07,263.252132,319755897,84176421478.19
2025-08-08,265.883767,319655897,84991314063.77
2025-08-11,264.143372,319605897,84421779322.94
2025-08-12,268.237927,319605897,85730423152.47
2025-08-13,268.337355,319955897,85856119044.36
2025-08-14,267.785775,320055897,85706416568.77
2025-08-15,265.707914,319355897,84855389186.32
2025-08-18,266.300824,319405897,85058053557.61
2025-08-19,261.591825,319305897,83527812466.68
2025-08-20,259.916392,319105897,82940853308.39
2025-08-21,258.902913,320255897,82915184532.63
2025-08-22,262.490695,319805897,83946072302.4
2025-08-25,261.880738,319605897,83698628110.68
2025-08-26,263.062777,319855897,84142180453.33
2025-08-27,264.375989,319855897,84562218962.98
2025-08-28,266.521764,319755897,85221905684.43
2025-08-29,262.391757,319905897,83940670285.79
2025-09-02,259.896657,320055897,83181457824.39
2025-09-03,261.381548,319705897,83565222275.44
2025-09-04,262.675929,319355897,83887106924.0
2025-09-05,262.87729,319705897,84043419895.74
2025-09-08,264.76848,319705897,84648044401.32
2025-09-09,265.333324,319555897,84788828351.66
2025-09-10,270.186951,319655897,86366852157.13
2025-09-11,270.983987,319655897,86621629305.59
2025-09-12,270.892073,319405897,86524525614.13
2025-09-15,273.304526,319705897,87377068613.18
2025-09-16,272.343124,319855897,87110554208.79
2025-09-17,271.464253,320005897,86870161876.54
2025-09-18,276.17838,328805897,90809079976.78
2025-09-19,278.891818,328755897,91687329948.06
2025-09-22,282.716151,319555897,90343613316.65
2025-09-23,280.116116,319305897,89442727697.86
2025-09-24,278.514743,319555897,89001028685.94
2025-09-25,277.998178,319055897,88696958191.2
2025-09-26,278.801961,318955897,88925529460.31
2025-09-29,280.199135,318955897,89371166363.92
2025-09-30,282.025711,320005897,90249890734.35
2025-10-01,284.644574,319755897,91016780952.88
2025-10-02,286.192015,320355897,91683299791.85
2025-10-03,284.698653,320255897,91176422623.62
2025-10-06,287.594401,319805897,91974385491.59
2025-10-07,285.686576,320805897,91649938322.18
2025-10-08,290.657682,321155897,93346428589.25
2025-10-09,290.207609,320205897,92926187857.77
2025-10-10,278.429667,320555897,89252271793.18
2025-10-13,285.216883,319755897,91199780147.35
2025-10-14,281.413102,320105897,90081993308.86
2025-10-15,284.246848,319755897,90889605890.46
2025-10-16,284.517449,319805897,90990357910.54
2025-10-17,284.919263,320305897,91261320204.17
2025-10-20,288.235415,320955897,92510856169.95
2025-10-21,288.328053,321355897,92655920055.35
2025-10-22,285.478147,321455897,91768633887.94
2025-10-23,289.073246,320955897,92779762945.08
2025-10-24,293.633754,321005897,94258166521.04
2025-10-27,299.127919,322355897,96425648516.81
2025-10-28,301.904257,321105897,96943237187.91
2025-10-29,304.15166,322655897,98136326816.5
2025-10-30,300.419796,323005897,97037365765.08
2025-10-31,300.586629,322805897,97031136501.63
2025-11-03,301.943628,322905897,97499378062.69
2025-11-04,293.839248,322555897,94779582246.13
2025-11-05,295.121395,322255897,95104609889.85
2025-11-06,289.016825,321955897,93050671100.93
2025-11-07,288.134754,322505897,92925157358.86
2025-11-10,295.640174,322805897,95434391617.14
2025-11-11,292.91884,322905897,94585220898.07
2025-11-12,293.948164,323655897,95138056726.32
2025-11-13,286.500014,322905897,92512544159.99
2025-11-14,288.090158,323655897,93242078607.19
2025-11-17,283.607702,323505897,91748763948.86
2025-11-18,278.916782,324105897,90398573709.79
2025-11-19,280.952512,324205897,91086461032.18
2025-11-20,272.125434,326205897,88768921417.49
2025-11-21,273.244168,326305897,89161183304.66
2025-11-24,279.889061,326255897,91315456791.92
2025-11-25,280.489239,326105897,91469194851.74
2025-11-26,283.7931,326955897,92787827472.65
2025-11-28,286.25379,326505897,93463550336.53
2025-12-01,286.369031,326405897,93472540570.07
2025-12-02,289.29666,326105897,94341346837.54
2025-12-03,289.923174,326205897,94574649021.66
2025-12-04,291.043301,325805897,94823623835.59
2025-12-05,146.61729,650611794,95390938127.51
2025-12-08,147.629612,649861794,95938844232.32
2025-12-09,148.022543,648661794,96016568276.88
2025-12-10,148.747343,648161794,96412344804.31
2025-12-11,147.964034,647211794,95764067729.26
2025-12-12,143.682454,646161794,92842112159.15
2025-12-15,142.298956,647811794,92182941839.65
2025-12-16,142.586042,647661794,92347531478.79
2025-12-17,139.355365,647261794,90199403674.26
2025-12-18,141.551893,648311794,91769761569.41
2025-12-19,144.566046,647311794,93579306734.0
2025-12-22,145.186181,644111794,93516131606.46
2025-12-23,145.971163,643111794,93875776778.41
2025-12-24,146.338725,643811794,94214596818.41
2025-12-26,146.503511,644011794,94349988995.84
2025-12-29,145.898297,644011794,93960224204.21
2025-12-30,145.408713,643161794,93521328763.76
2025-12-31,143.952329,642411794,92476674085.58
2026-01-02,144.307882,641011794,92503054488.69
2026-01-05,144.639739,643361794,93055682032.63
2026-01-06,146.674618,641861794,94144833291.65
2026-01-07,146.502367,641461794,93975670941.2
2026-01-08,144.251303,642811794,92726439077.2
2026-01-09,146.170051,642661794,93937907391.06
2026-01-12,146.792051,643311794,94433057929.7
2026-01-13,146.503826,640611794,93852078523.22
2026-01-14,144.677087,642861794,93007371524.69
2026-01-15,145.421949,643661794,93602552545.01
2026-01-16,145.609603,643411794,93686935576.32
2026-01-20,141.834713,643411794,91258126998.63
2026-01-21,143.851824,641661794,92304219179.51
2026-01-22,144.905525,641411794,92944112669.49
2026-01-23,145.086093,639861794,92835047828.9
2026-01-26,146.12513,638561794,93309925118.61
2026-01-27,148.064746,638011794,94467054114.75
2026-01-28,149.187084,640911794,95615761700.58
2026-01-29,146.909936,640311794,94068164896.23
2026-01-30,143.898094,636861794,91643198294.48
2026-02-02,145.271301,637011794,92539531789.69
2026-02-03,142.043622,633911794,90043127239.59
2026-02-04,138.091716,632111794,87289402142.67
2026-02-05,135.597317,632661794,85787242078.2
2026-02-06,141.116142,634261794,89504577444.65
2026-02-09,143.389747,633011794,90767400936.46
2026-02-10,142.516478,631261794,89965207265.8
2026-02-11,142.962389,628711794,89882140173.09
2026-02-12,139.176041,627761794,87369401379.19
2026-02-13,139.602021,629911794,87936959242.78
2026-02-17,139.448994,632011794,88133409160.88
2026-02-18,140.959985,630511794,88876933109.93
2026-02-19,140.195511,630661794,88415952750.26
2026-02-20,140.886214,630711794,88858596536.96
2026-02-23,138.518323,630961794,87399769332.98
2026-02-24,140.317665,636261794,89278769135.42
2026-02-25,142.984107,631311794,90267553388.86
2026-02-26,141.002245,632061794,89122132012.12
2026-02-27,138.773499,631861794,87685671784.81
2026-03-02,139.558354,628661794,87735004981.7
2026-03-03,137.513728,630911794,86759032702.29
2026-03-04,139.882113,629861794,88106398408.87
2026-03-05,140.184846,631761794,88563429899.42
2026-03-06,137.311265,632011794,86782338815.97
2026-03-09,139.777146,632861794,88459615419.77
2026-03-10,139.767543,628161794,87796630304.68
2026-03-11,140.461727,634561794,89131645640.35
2026-03-12,137.808376,633211794,87261888697.29
2026-03-13,136.788957,639061794,87416596568.14
2026-03-16,138.798904,635111794,88152820682.54
2026-03-17,139.529811,636211794,88770511311.09
2026-03-18,137.98035,636611794,87839918067.01
2026-03-19,138.438977,633461794,87695802721.93
2026-03-20,135.249055,632811794,85587197079.9
2026-03-23,136.992741,630011794,86307042601.81
2026-03-24,136.145228,631361794,85956895339.21
2026-03-25,136.764709,631111794,86313820817.74
2026-03-26,132.479611,632461794,83788292450.73
2026-03-27,129.93075,632261794,82150249022.81
2026-03-30,127.518962,632411794,80644495429.14
2026-03-31,132.959904,633261794,84198427150.26
2026-04-01,134.935719,633561794,85490116124.62
2026-04-02,136.003119,634311794,86268382571.73
2026-04-06,136.78253,635611794,86940589208.47
2026-04-07,137.409293,636361794,87442024271.99
2026-04-08,141.718816,637311794,90319072820.85
2026-04-09,142.063171,638911794,90765835209.77
2026-04-10,142.584203,640011794,91255571711.87
2026-04-13,145.644959,638811794,93039717423.24
2026-04-14,147.908392,638911794,94500416285.44
2026-04-15,150.276275,639011794,96028311858.99
2026-04-16,152.071217,638811794,97144887061.14
2026-04-17,154.345534,643761794,99361757560.23
2026-04-20,154.560786,644561794,99623977479.65
2026-04-21,154.652871,646661794,100008103272.05
2026-04-22,158.164247,648911794,102634645440.99
2026-04-23,155.830258,653261794,101797953887.56
2026-04-24,160.287702,650961794,104341170313.41
2026-04-27,160.559028,647811794,104012031999.33
2026-04-28,157.844708,648611794,102379938928.37
2026-04-29,159.078635,648261794,103124601273.79
2026-04-30,159.448425,648061794,103332432553.69
2026-05-01,161.873159,647761794,104855247644.07
2026-05-04,162.007808,648811794,105112576598.79
2026-05-05,165.584207,649161794,107490940721.34
2026-05-06,170.004934,650261794,110547713479.7
2026-05-07,169.665307,652211794,110657713933.61
2026-05-08,175.575379,653211794,114687908365.46
2026-05-11,177.889197,653211794,116199321710.72
2026-05-12,175.225279,653461794,114503025338.34
2026-05-13,176.886155,653561794,115606032732.69
2026-05-14,179.478527,653011794,117201595099.6
2026-05-15,176.279928,652261794,114980661901.42
2026-05-18,174.367212,653211794,113898719673.91
2026-05-19,173.212691,653061794,113118590630.06
2026-05-20,177.140578,652211794,115533174027.23
2026-05-21,178.560687,651111794,116262969008.7
2026-05-22,180.393755,650861794,117411402876.7
2026-05-26,185.200786,650911794,120549375735.97
2026-05-27,184.373218,650711794,119973827172.96
2026-05-28,186.871538,651061794,121664919081.05
2026-05-29,191.015511,651861794,124515713678.37
2026-06-01,195.765737,653861794,128003735701.36
2026-06-02,198.190754,651461794,129113703912.24
2026-06-03,196.196186,651111794,127745650331.17
2026-06-04,193.096707,652111794,125920640153.97
2026-06-05,180.245215,653461794,117783361862.0
2026-06-08,184.271269,653061794,120340525592.65
2026-06-09,180.854862,654161794,118308340718.42
2026-06-10,176.511355,655811794,115758228084.37
2026-06-11,183.299739,654311794,119935180817.58
2026-06-12,184.851688,653661794,120830486232.82
2026-06-15,191.796034,653611794,125360149962.1
2026-06-16,186.462135,653511794,121855204371.34
2026-06-17,185.767551,701561794,130327416639.02
2026-06-18,191.481683,698311794,133713917506.73
2026-06-22,192.119866,649961794,124870572539.64
2026-06-23,184.205216,650911794,119901347596.59
2026-06-24,183.060455,651361794,119238586056.42
2026-06-25,184.528014,653461794,120582007279.61
2026-06-26,181.481191,650111794,117983062801.95
2026-06-29,185.497299,650511794,120668181069.41
2026-06-30,190.528682,650361794,123912575222.02
2026-07-01,185.54904,649311794,120479179740.73
2026-07-02,180.672573,650311794,117493505297.49
2026-07-06,183.558244,650761794,119452691940.09
2026-07-07,179.222573,650311794,116550553160.47
2026-07-08,181.450232,650311794,117999225942.97
2026-07-09,185.339571,650661794,120593378019.36
2026-07-10,185.802555,651611794,121071136265.97
2026-07-13,181.288556,651711794,118147890224.39
2026-07-14,183.575743,652061794,119702728260.65
2026-07-15,181.614967,651761794,118369696845.01
2026-07-16,177.47647,651461794,115619139657.74
2026-07-17,175.575009,652811794,114617436797.16
2026-07-20,175.693519,652611794,114659662431.29
2026-07-21,180.775642,653361794,118111897700.43
2026-07-22,180.258739,653061794,117720095271.52
2026-07-23,178.462025,653661794,116653807151.2
2026-07-24,175.897027,654361794,115100293952.08
2026-07-27,174.301705,654811794,114134812288.41
2026-07-28,171.038192,655111794,112049136751.52
2026-07-29,166.500695,656911794,109376270298.81
2026-07-30,175.667041,657861794,115564634678.13
2026-07-31,175.273637,658461794,115410993501.19
2026-08-03,178.084831,658211794,117217536177.31
