date,nav,shares_outstanding,total_net_assets
2003-12-01,21.45,,
2003-12-02,21.28,,
2003-12-03,21.27,,
2003-12-04,21.34,,
2003-12-05,21.33,,
2003-12-08,21.4,,
2003-12-09,21.26,,
2003-12-10,21.28,,
2003-12-11,21.32,,
2003-12-12,21.39,,
2003-12-15,21.29,,
2003-12-16,21.47,,
2003-12-17,21.48,,
2003-12-18,21.57,,
2003-12-19,21.39,,
2003-12-22,21.49,,
2003-12-23,21.52,,
2003-12-24,21.44,,
2003-12-26,21.47,,
2003-12-29,21.65,,
2003-12-30,21.68,,
2003-12-31,21.76,,
2004-01-02,21.56,,
2004-01-05,21.62,,
2004-01-06,21.69,,
2004-01-07,21.6,,
2004-01-08,21.58,,
2004-01-09,21.41,,
2004-01-12,21.49,,
2004-01-13,21.46,,
2004-01-14,21.57,,
2004-01-15,21.56,,
2004-01-16,21.57,,
2004-01-20,21.49,,
2004-01-21,21.63,,
2004-01-22,21.56,,
2004-01-23,21.7,,
2004-01-26,21.9,,
2004-01-27,21.83,,
2004-01-28,21.62,,
2004-01-29,21.91,,
2004-01-30,21.76,,
2004-02-02,21.88,,
2004-02-03,21.96,,
2004-02-04,22.08,,
2004-02-05,22.25,,
2004-02-06,22.43,,
2004-02-09,22.44,,
2004-02-10,22.53,,
2004-02-11,22.56,,
2004-02-12,22.51,,
2004-02-13,22.38,,
2004-02-17,22.6,,
2004-02-18,22.56,,
2004-02-19,22.71,,
2004-02-20,22.86,,
2004-02-23,22.98,,
2004-02-24,22.85,,
2004-02-25,22.92,,
2004-02-26,22.93,,
2004-02-27,22.99,,
2004-03-01,23.25,,
2004-03-02,23.03,,
2004-03-03,23.13,,
2004-03-04,23.1,,
2004-03-05,23.13,,
2004-03-08,23.09,,
2004-03-09,23.09,,
2004-03-10,23.03,,
2004-03-11,22.61,,
2004-03-12,22.66,,
2004-03-15,22.38,,
2004-03-16,22.41,,
2004-03-17,22.67,,
2004-03-18,22.72,,
2004-03-19,22.52,,
2004-03-22,22.29,,
2004-03-23,22.24,,
2004-03-24,22.25,,
2004-03-25,22.6,,
2004-03-26,22.49,,
2004-03-29,22.76,,
2004-03-30,22.86,,
2004-03-31,22.85,,
2004-04-01,22.82,,
2004-04-02,22.85,,
2004-04-05,22.92,,
2004-04-06,23.05,,
2004-04-07,22.92,,
2004-04-08,22.8,,
2004-04-12,22.89,,
2004-04-13,22.69,,
2004-04-14,22.82,,
2004-04-15,22.91,,
2004-04-16,23.08,,
2004-04-19,23.14,,
2004-04-20,22.97,,
2004-04-21,23.03,,
2004-04-22,23.23,,
2004-04-23,23.27,,
2004-04-26,23.18,,
2004-04-27,23.27,,
2004-04-28,23.03,,
2004-04-29,23.16,,
2004-04-30,23.18,,
2004-05-03,23.3,,
2004-05-04,23.19,,
2004-05-05,23.22,,
2004-05-06,23.12,,
2004-05-07,22.91,,
2004-05-10,22.85,,
2004-05-11,22.77,,
2004-05-12,22.71,,
2004-05-13,22.61,,
2004-05-14,22.71,,
2004-05-17,22.59,,
2004-05-18,22.69,,
2004-05-19,22.54,,
2004-05-20,22.65,,
2004-05-21,22.66,,
2004-05-24,22.55,,
2004-05-25,22.84,,
2004-05-26,22.85,,
2004-05-27,22.85,,
2004-05-28,23.04,,
2004-06-01,23.04,,
2004-06-02,23.23,,
2004-06-03,23.18,,
2004-06-04,23.21,,
2004-06-07,23.45,,
2004-06-08,23.55,,
2004-06-09,23.44,,
2004-06-10,23.44,,
2004-06-14,23.32,,
2004-06-15,23.41,,
2004-06-16,23.4,,
2004-06-17,23.3,,
2004-06-18,23.21,,
2004-06-21,23.18,,
2004-06-22,23.23,,
2004-06-23,23.25,,
2004-06-24,23.11,,
2004-06-25,22.87,,
2004-06-28,22.95,,
2004-06-29,22.97,,
2004-06-30,23.06,,
2004-07-01,22.88,,
2004-07-02,22.85,,
2004-07-06,22.87,,
2004-07-07,22.86,,
2004-07-08,22.86,,
2004-07-09,22.89,,
2004-07-12,22.94,,
2004-07-13,23.0,,
2004-07-14,22.95,,
2004-07-15,22.83,,
2004-07-16,22.83,,
2004-07-19,22.8,,
2004-07-20,22.84,,
2004-07-21,22.54,,
2004-07-22,22.43,,
2004-07-23,22.13,,
2004-07-26,22.06,,
2004-07-27,22.26,,
2004-07-28,22.22,,
2004-07-29,21.96,,
2004-07-30,21.95,,
2004-08-02,22.16,,
2004-08-03,22.08,,
2004-08-04,22.15,,
2004-08-05,21.85,,
2004-08-06,21.62,,
2004-08-09,21.65,,
2004-08-10,21.89,,
2004-08-11,22.01,,
2004-08-12,21.98,,
2004-08-13,22.05,,
2004-08-16,22.21,,
2004-08-17,22.27,,
2004-08-18,22.36,,
2004-08-19,22.29,,
2004-08-20,22.36,,
2004-08-23,22.28,,
2004-08-24,22.29,,
2004-08-25,22.41,,
2004-08-26,22.43,,
2004-08-27,22.44,,
2004-08-30,22.31,,
2004-08-31,22.36,,
2004-09-01,22.37,,
2004-09-02,22.58,,
2004-09-03,22.67,,
2004-09-07,22.72,,
2004-09-08,22.45,,
2004-09-09,22.37,,
2004-09-10,22.42,,
2004-09-13,22.4,,
2004-09-14,22.41,,
2004-09-15,22.21,,
2004-09-16,22.09,,
2004-09-17,22.07,,
2004-09-20,21.71,,
2004-09-21,21.66,,
2004-09-22,21.45,,
2004-09-23,21.53,,
2004-09-24,21.52,,
2004-09-27,21.41,,
2004-09-28,21.53,,
2004-09-29,21.63,,
2004-09-30,21.66,,
2004-10-01,21.86,,
2004-10-04,21.87,,
2004-10-05,21.82,,
2004-10-06,21.92,,
2004-10-07,21.74,,
2004-10-08,21.6,,
2004-10-11,21.61,,
2004-10-12,21.54,,
2004-10-13,21.45,,
2004-10-14,21.37,,
2004-10-15,21.51,,
2004-10-18,21.59,,
2004-10-19,21.48,,
2004-10-20,21.52,,
2004-10-21,21.54,,
2004-10-22,21.39,,
2004-10-25,21.27,,
2004-10-26,21.54,,
2004-10-27,21.7,,
2004-10-28,21.84,,
2004-10-29,21.8,,
2004-11-01,21.78,,
2004-11-02,21.88,,
2004-11-03,22.11,,
2004-11-04,22.65,,
2004-11-05,22.74,,
2004-11-08,22.69,,
2004-11-09,22.67,,
2004-11-10,22.71,,
2004-11-11,22.88,,
2004-11-12,22.99,,
2004-11-15,23.03,,
2004-11-16,22.88,,
2004-11-17,22.93,,
2004-11-18,22.91,,
2004-11-19,22.64,,
2004-11-22,22.78,,
2004-11-23,22.73,,
2004-11-24,22.74,,
2004-11-26,22.73,,
2004-11-29,22.54,,
2004-11-30,22.34,,
2004-12-01,22.67,,
2004-12-02,22.85,,
2004-12-03,22.82,,
2004-12-06,22.64,,
2004-12-07,22.55,,
2004-12-08,22.64,,
2004-12-09,22.9,,
2004-12-10,22.9,,
2004-12-13,22.99,,
2004-12-14,23.17,,
2004-12-15,23.15,,
2004-12-16,23.11,,
2004-12-17,22.8,,
2004-12-20,22.82,,
2004-12-21,22.98,,
2004-12-22,23.07,,
2004-12-23,23.01,,
2004-12-27,23.0,,
2004-12-28,23.16,,
2004-12-29,23.12,,
2004-12-30,23.14,,
2004-12-31,23.09,,
2005-01-03,23.05,,
2005-01-04,22.9,,
2005-01-05,22.87,,
2005-01-06,23.01,,
2005-01-07,23.11,,
2005-01-10,23.24,,
2005-01-11,23.14,,
2005-01-12,23.22,,
2005-01-13,23.05,,
2005-01-14,23.18,,
2005-01-18,23.44,,
2005-01-19,23.4,,
2005-01-20,23.34,,
2005-01-21,23.14,,
2005-01-24,23.11,,
2005-01-25,23.16,,
2005-01-26,23.13,,
2005-01-27,23.27,,
2005-01-28,23.32,,
2005-01-31,23.32,,
2005-02-01,23.34,,
2005-02-02,23.53,,
2005-02-03,23.53,,
2005-02-04,23.67,,
2005-02-07,23.61,,
2005-02-08,23.57,,
2005-02-09,23.39,,
2005-02-10,23.42,,
2005-02-11,23.5,,
2005-02-14,23.53,,
2005-02-15,23.6,,
2005-02-16,23.63,,
2005-02-17,23.49,,
2005-02-18,23.46,,
2005-02-22,23.08,,
2005-02-23,23.16,,
2005-02-24,23.3,,
2005-02-25,23.39,,
2005-02-28,23.32,,
2005-03-01,23.52,,
2005-03-02,23.48,,
2005-03-03,23.6,,
2005-03-04,23.72,,
2005-03-07,23.65,,
2005-03-08,23.53,,
2005-03-09,23.37,,
2005-03-10,23.41,,
2005-03-11,23.23,,
2005-03-14,23.32,,
2005-03-15,23.18,,
2005-03-16,23.08,,
2005-03-17,23.19,,
2005-03-18,23.04,,
2005-03-21,22.91,,
2005-03-22,22.78,,
2005-03-23,22.92,,
2005-03-24,22.88,,
2005-03-28,22.95,,
2005-03-29,22.87,,
2005-03-30,23.15,,
2005-03-31,23.04,,
2005-04-01,22.81,,
2005-04-04,22.94,,
2005-04-05,23.1,,
2005-04-06,23.04,,
2005-04-07,23.19,,
2005-04-08,23.08,,
2005-04-11,23.11,,
2005-04-12,23.2,,
2005-04-13,23.13,,
2005-04-14,23.06,,
2005-04-15,22.84,,
2005-04-18,22.73,,
2005-04-19,22.78,,
2005-04-20,22.48,,
2005-04-21,22.86,,
2005-04-22,22.64,,
2005-04-25,22.82,,
2005-04-26,22.66,,
2005-04-27,22.77,,
2005-04-28,22.66,,
2005-04-29,22.77,,
2005-05-02,22.95,,
2005-05-03,23.06,,
2005-05-04,23.21,,
2005-05-05,23.16,,
2005-05-06,23.12,,
2005-05-09,23.22,,
2005-05-10,23.07,,
2005-05-11,23.14,,
2005-05-12,23.03,,
2005-05-13,22.84,,
2005-05-16,23.09,,
2005-05-17,23.2,,
2005-05-18,23.44,,
2005-05-19,23.53,,
2005-05-20,23.52,,
2005-05-23,23.56,,
2005-05-24,23.5,,
2005-05-25,23.43,,
2005-05-26,23.45,,
2005-05-27,23.41,,
2005-05-31,23.26,,
2005-06-01,23.46,,
2005-06-02,23.53,,
2005-06-03,23.32,,
2005-06-06,23.35,,
2005-06-07,23.43,,
2005-06-08,23.39,,
2005-06-09,23.4,,
2005-06-10,23.37,,
2005-06-13,23.35,,
2005-06-14,23.43,,
2005-06-15,23.43,,
2005-06-16,23.39,,
2005-06-17,23.31,,
2005-06-20,23.28,,
2005-06-21,23.26,,
2005-06-22,23.25,,
2005-06-23,22.97,,
2005-06-24,22.71,,
2005-06-27,22.73,,
2005-06-28,23.01,,
2005-06-29,22.94,,
2005-06-30,22.75,,
2005-07-01,22.81,,
2005-07-05,22.95,,
2005-07-06,22.75,,
2005-07-07,22.7,,
2005-07-08,22.98,,
2005-07-11,23.12,,
2005-07-12,23.15,,
2005-07-13,23.24,,
2005-07-14,23.38,,
2005-07-15,23.36,,
2005-07-18,23.27,,
2005-07-19,23.24,,
2005-07-20,23.32,,
2005-07-21,23.23,,
2005-07-22,23.32,,
2005-07-25,23.25,,
2005-07-26,23.3,,
2005-07-27,23.37,,
2005-07-28,23.58,,
2005-07-29,23.46,,
2005-08-01,23.38,,
2005-08-02,23.47,,
2005-08-03,23.47,,
2005-08-04,23.29,,
2005-08-05,23.15,,
2005-08-08,23.09,,
2005-08-09,23.15,,
2005-08-10,23.11,,
2005-08-11,23.17,,
2005-08-12,23.07,,
2005-08-15,23.21,,
2005-08-16,22.96,,
2005-08-17,22.97,,
2005-08-18,23.19,,
2005-08-19,23.18,,
2005-08-22,23.22,,
2005-08-23,23.19,,
2005-08-24,22.97,,
2005-08-25,23.02,,
2005-08-26,22.95,,
2005-08-29,23.1,,
2005-08-30,22.97,,
2005-08-31,23.09,,
2005-09-01,23.06,,
2005-09-02,23.06,,
2005-09-06,23.34,,
2005-09-07,23.34,,
2005-09-08,23.25,,
2005-09-09,23.37,,
2005-09-12,23.39,,
2005-09-13,23.14,,
2005-09-14,23.05,,
2005-09-15,23.13,,
2005-09-16,23.12,,
2005-09-19,22.97,,
2005-09-20,22.81,,
2005-09-21,22.51,,
2005-09-22,22.67,,
2005-09-23,22.71,,
2005-09-26,22.67,,
2005-09-27,22.87,,
2005-09-28,22.92,,
2005-09-29,23.1,,
2005-09-30,23.28,,
2005-10-03,23.25,,
2005-10-04,23.17,,
2005-10-05,22.99,,
2005-10-06,22.89,,
2005-10-07,22.84,,
2005-10-10,22.75,,
2005-10-11,22.77,,
2005-10-12,22.69,,
2005-10-13,22.59,,
2005-10-14,22.76,,
2005-10-17,23.01,,
2005-10-18,22.82,,
2005-10-19,23.09,,
2005-10-20,22.86,,
2005-10-21,22.85,,
2005-10-24,23.08,,
2005-10-25,23.01,,
2005-10-26,22.89,,
2005-10-27,22.68,,
2005-10-28,23.08,,
2005-10-31,23.2,,
2005-11-01,23.02,,
2005-11-02,23.13,,
2005-11-03,23.19,,
2005-11-04,23.17,,
2005-11-07,23.23,,
2005-11-08,23.16,,
2005-11-09,23.22,,
2005-11-10,23.48,,
2005-11-11,23.5,,
2005-11-14,23.42,,
2005-11-15,23.31,,
2005-11-16,23.32,,
2005-11-17,23.34,,
2005-11-18,23.39,,
2005-11-21,23.45,,
2005-11-22,23.59,,
2005-11-23,23.66,,
2005-11-25,23.71,,
2005-11-28,23.6,,
2005-11-29,23.6,,
2005-11-30,23.39,,
2005-12-01,23.52,,
2005-12-02,23.52,,
2005-12-05,23.43,,
2005-12-06,23.42,,
2005-12-07,23.35,,
2005-12-08,23.3,,
2005-12-09,23.38,,
2005-12-12,23.43,,
2005-12-13,23.72,,
2005-12-14,23.87,,
2005-12-15,23.93,,
2005-12-16,23.81,,
2005-12-19,23.74,,
2005-12-20,23.62,,
2005-12-21,23.67,,
2005-12-22,23.7,,
2005-12-23,23.66,,
2005-12-27,23.5,,
2005-12-28,23.53,,
2005-12-29,23.47,,
2005-12-30,23.3,,
2006-01-03,23.44,,
2006-01-04,23.51,,
2006-01-05,23.4,,
2006-01-06,23.51,,
2006-01-09,23.6,,
2006-01-10,23.53,,
2006-01-11,23.59,,
2006-01-12,23.48,,
2006-01-13,23.49,,
2006-01-17,23.39,,
2006-01-18,23.48,,
2006-01-19,23.51,,
2006-01-20,23.19,,
2006-01-23,23.2,,
2006-01-24,23.26,,
2006-01-25,23.29,,
2006-01-26,23.35,,
2006-01-27,23.52,,
2006-01-30,23.42,,
2006-01-31,23.31,,
2006-02-01,23.42,,
2006-02-02,23.37,,
2006-02-03,23.22,,
2006-02-06,23.17,,
2006-02-07,23.06,,
2006-02-08,23.18,,
2006-02-09,23.21,,
2006-02-10,23.24,,
2006-02-13,23.16,,
2006-02-14,23.44,,
2006-02-15,23.61,,
2006-02-16,23.71,,
2006-02-17,23.66,,
2006-02-21,23.58,,
2006-02-22,23.76,,
2006-02-23,23.78,,
2006-02-24,23.72,,
2006-02-27,23.84,,
2006-02-28,23.54,,
2006-03-01,23.6,,
2006-03-02,23.52,,
2006-03-03,23.58,,
2006-03-06,23.51,,
2006-03-07,23.61,,
2006-03-08,23.86,,
2006-03-09,23.91,,
2006-03-10,24.12,,
2006-03-13,24.14,,
2006-03-14,24.14,,
2006-03-15,24.05,,
2006-03-16,24.08,,
2006-03-17,24.01,,
2006-03-20,24.07,,
2006-03-21,23.98,,
2006-03-22,24.12,,
2006-03-23,24.0,,
2006-03-24,24.0,,
2006-03-27,23.92,,
2006-03-28,23.74,,
2006-03-29,23.85,,
2006-03-30,23.7,,
2006-03-31,23.6,,
2006-04-03,23.66,,
2006-04-04,23.68,,
2006-04-05,23.71,,
2006-04-06,23.66,,
2006-04-07,23.45,,
2006-04-10,23.45,,
2006-04-11,23.26,,
2006-04-12,23.3,,
2006-04-13,23.27,,
2006-04-17,23.14,,
2006-04-18,23.34,,
2006-04-19,23.37,,
2006-04-20,23.41,,
2006-04-21,23.42,,
2006-04-24,23.48,,
2006-04-25,23.51,,
2006-04-26,23.71,,
2006-04-27,23.76,,
2006-04-28,23.8,,
2006-05-01,23.8,,
2006-05-02,23.95,,
2006-05-03,23.82,,
2006-05-04,23.83,,
2006-05-05,24.04,,
2006-05-08,24.18,,
2006-05-09,24.24,,
2006-05-10,24.15,,
2006-05-11,23.88,,
2006-05-12,23.67,,
2006-05-15,23.93,,
2006-05-16,24.01,,
2006-05-17,23.74,,
2006-05-18,23.61,,
2006-05-19,23.63,,
2006-05-22,23.68,,
2006-05-23,23.69,,
2006-05-24,23.83,,
2006-05-25,24.09,,
2006-05-26,24.13,,
2006-05-30,23.77,,
2006-05-31,23.877241,46954018,1121132383.94
2006-06-01,24.009448,46954018,1127340062.35
2006-06-02,23.968431,46954018,1125414139.44
2006-06-05,23.635273,46954018,1109771041.91
2006-06-06,23.683968,46954018,1112057448.21
2006-06-07,23.635552,46704018,1103875223.07
2006-06-08,23.778419,47004018,1117681225.22
2006-06-09,23.770469,47004018,1117307572.74
2006-06-12,23.644959,48204018,1139782045.8
2006-06-13,23.554354,48204018,1135414483.99
2006-06-14,23.660461,48204018,1140529297.14
2006-06-15,23.861485,48204018,1150219447.79
2006-06-16,23.734774,48554018,1152418653.3
2006-06-19,23.639786,47554018,1124166791.73
2006-06-20,23.829777,47554018,1133201636.4
2006-06-21,23.924128,47554018,1137688390.78
2006-06-22,23.884902,48054018,1147765497.73
2006-06-23,23.780275,48054018,1142737745.06
2006-06-26,23.92165,48304018,1155511811.65
2006-06-27,23.81369,48704018,1159822406.08
2006-06-28,23.912839,49404018,1181390321.57
2006-06-29,24.287369,50104018,1216894793.74
2006-06-30,24.152685,50104018,1210146564.93
2006-07-03,24.274968,48254018,1171364745.87
2006-07-05,24.110047,48254018,1163406661.2
2006-07-06,24.388029,48254018,1176820408.74
2006-07-07,24.346414,48704018,1185768209.56
2006-07-10,24.505669,48704018,1193524535.56
2006-07-11,24.648908,48704018,1200500839.06
2006-07-12,24.420345,49854018,1217452308.44
2006-07-13,24.224493,50454018,1222223029.81
2006-07-14,24.01518,52454018,1259692679.22
2006-07-17,24.061659,52454018,1262130695.66
2006-07-18,24.150499,52804018,1275243386.72
2006-07-19,24.457098,53054018,1297547294.98
2006-07-20,24.504105,53054018,1300041206.33
2006-07-21,24.398031,53604018,1307832511.41
2006-07-24,24.60128,53604018,1318727438.41
2006-07-25,24.721938,53604018,1325195216.15
2006-07-26,24.592599,53804018,1323180635.96
2006-07-27,24.46253,55304018,1352876213.47
2006-07-28,24.688255,54004018,1333264941.43
2006-07-31,24.560796,54404018,1336205974.81
2006-08-01,24.425651,56404018,1377704877.33
2006-08-02,24.647658,56404658,1390242715.04
2006-08-03,24.71443,56404658,1394008961.5
2006-08-04,24.727092,56804658,1404613996.06
2006-08-07,24.669568,56804658,1401346366.97
2006-08-08,24.775771,56804658,1407379197.58
2006-08-09,24.632868,58304658,1436210966.81
2006-08-10,24.892201,57754658,1437640576.33
2006-08-11,24.841858,57754658,1434733013.12
2006-08-14,24.899894,57754658,1438084866.18
2006-08-15,25.050426,57754658,1446778811.69
2006-08-16,25.048882,58254658,1459214072.16
2006-08-17,25.031116,57354658,1435651069.71
2006-08-18,25.193492,57204658,1441185122.0
2006-08-21,25.191662,57204658,1441080403.61
2006-08-22,25.191288,57204658,1441059021.13
2006-08-23,25.142099,57204658,1438245173.54
2006-08-24,25.226837,57204658,1443092561.31
2006-08-25,25.204189,57804658,1456919515.15
2006-08-28,25.335805,57804658,1464527566.78
2006-08-29,25.429848,57804658,1469963687.0
2006-08-30,25.485433,58954658,1502484969.9
2006-08-31,25.477813,58954658,1502035755.41
2006-09-01,25.620249,58954658,1510432990.52
2006-09-05,25.53749,57954658,1480016502.13
2006-09-06,25.50673,58954658,1503740556.79
2006-09-07,25.397408,58404658,1483326950.67
2006-09-08,25.543194,58104658,1484178525.09
2006-09-11,25.707711,57304658,1473171580.89
2006-09-12,25.726625,57304658,1474255439.11
2006-09-13,25.575148,56754658,1451508789.52
2006-09-14,25.659555,55754658,1430639706.49
2006-09-15,25.556948,56254658,1437697376.39
2006-09-18,25.462644,56954658,1450216184.05
2006-09-19,25.541432,56954658,1454703514.26
2006-09-20,25.681211,57204658,1469084866.01
2006-09-21,25.456875,57204658,1456251829.62
2006-09-22,25.471781,57704658,1469840410.85
2006-09-25,25.279305,57704658,1458733638.07
2006-09-26,25.377025,57704658,1464372534.88
2006-09-27,25.494625,57704658,1471158629.38
2006-09-28,25.464288,58405429,1487252644.84
2006-09-29,25.340676,58405429,1480033057.11
2006-10-02,25.204273,58405429,1472066403.45
2006-10-03,25.226263,58405429,1473350721.37
2006-10-04,25.478282,59105429,1505904789.57
2006-10-05,25.421607,59205429,1505097177.28
2006-10-06,25.283346,59705429,1509552999.84
2006-10-09,25.32605,59705429,1512102699.67
2006-10-10,25.253684,60905429,1538086458.92
2006-10-11,25.299141,61055429,1544649915.02
2006-10-12,25.360854,58805429,1491355873.87
2006-10-13,25.309501,58805429,1488336050.04
2006-10-16,25.331049,58805429,1489603228.82
2006-10-17,25.266858,58605429,1480775041.62
2006-10-18,25.396203,58605429,1488355348.14
2006-10-19,25.43809,58605429,1490810160.01
2006-10-20,25.524081,59005429,1506059330.66
2006-10-23,25.789428,59455429,1533321501.43
2006-10-24,25.716447,59455429,1528982361.18
2006-10-25,25.887841,59555429,1541761464.51
2006-10-26,26.017769,59955429,1559906498.36
2006-10-27,25.909539,60255429,1561190366.24
2006-10-30,25.870104,60255429,1558814222.81
2006-10-31,25.846749,60805429,1571622689.28
2006-11-01,25.658211,61555429,1579402178.85
2006-11-02,25.608237,61155429,1566082720.17
2006-11-03,25.438331,61155429,1555692023.71
2006-11-06,25.579,61155429,1564294732.89
2006-11-07,25.582784,61155429,1564526103.71
2006-11-08,25.679168,61155429,1570420535.43
2006-11-09,25.515444,61155429,1560407915.39
2006-11-10,25.531386,61155429,1561382852.75
2006-11-13,25.438862,60005429,1526469839.97
2006-11-14,25.578057,58955429,1507965314.84
2006-11-15,25.662529,58955429,1512945402.0
2006-11-16,25.832357,58655429,1515207978.13
2006-11-17,25.871139,58755429,1520069875.33
2006-11-20,25.819344,58755429,1517026650.3
2006-11-21,25.735049,59705429,1536522129.23
2006-11-22,25.812465,59705429,1541144277.03
2006-11-24,25.720966,59705429,1535681305.48
2006-11-27,25.418179,59705429,1517603264.56
2006-11-28,25.533608,56455429,1441510777.52
2006-11-29,25.709412,56155429,1443723045.06
2006-11-30,25.624295,56155429,1438943252.41
2006-12-01,25.554583,56155429,1435028582.39
2006-12-04,25.884959,56155429,1453580988.41
2006-12-05,26.026726,56155429,1461541987.74
2006-12-06,26.063262,56905429,1483141085.44
2006-12-07,26.031362,56905429,1481325834.79
2006-12-08,26.062566,56905429,1483101488.11
2006-12-11,26.075324,57055429,1487738806.75
2006-12-12,26.068573,57055429,1487353603.99
2006-12-13,26.039575,57105429,1487001086.36
2006-12-14,26.157583,56105429,1467582410.74
2006-12-15,26.074115,56255429,1466810500.25
2006-12-18,26.068285,56855429,1482123516.68
2006-12-19,26.111715,56855429,1484592753.09
2006-12-20,26.05921,56855429,1481607591.88
2006-12-21,26.07693,56855429,1482615048.53
2006-12-22,26.041278,56855429,1480588027.1
2006-12-26,26.141381,56855429,1486279439.72
2006-12-27,26.230764,56855429,1491361354.5
2006-12-28,26.240064,56856140,1491908739.19
2006-12-29,26.131648,56856140,1485744609.93
2007-01-03,26.267895,57056140,1498744709.72
2007-01-04,26.298623,57456140,1511017390.4
2007-01-05,26.128294,57456140,1501230925.45
2007-01-08,26.200416,57456140,1505374763.64
2007-01-09,26.226762,57456140,1506888513.52
2007-01-10,26.36571,57806140,1524099925.74
2007-01-11,26.5258,57806140,1533354117.34
2007-01-12,26.507149,58206140,1542878805.71
2007-01-16,26.579945,58506140,1555089964.23
2007-01-17,26.591417,59406140,1579693437.01
2007-01-18,26.593454,60106140,1598429898.27
2007-01-19,26.626961,61106140,1627070822.42
2007-01-22,26.584842,61106140,1624497074.72
2007-01-23,26.626303,59606140,1587091139.47
2007-01-24,26.699724,60006140,1602147358.69
2007-01-25,26.528908,60006140,1591897396.48
2007-01-26,26.492649,60406140,1600318661.89
2007-01-29,26.509363,60406140,1601328278.52
2007-01-30,26.512885,60406140,1601541052.13
2007-01-31,26.632383,60406140,1608759437.41
2007-02-01,26.81407,60406140,1619734463.89
2007-02-02,26.769132,60406140,1617019917.02
2007-02-05,26.720158,60406140,1614061583.22
2007-02-06,26.669115,58256140,1553639679.47
2007-02-07,26.618681,58056140,1545377875.69
2007-02-08,26.538522,57306140,1520820241.88
2007-02-09,26.489934,57306140,1518035851.03
2007-02-12,26.451397,57306140,1515827474.32
2007-02-13,26.623431,57306140,1525686071.6
2007-02-14,26.699549,57306140,1530048068.6
2007-02-15,26.84833,57306140,1538574139.5
2007-02-16,26.896575,56906140,1530580277.51
2007-02-20,27.035195,56906140,1538468585.79
2007-02-21,26.907353,56906140,1531193577.84
2007-02-22,26.791733,56906140,1524614126.94
2007-02-23,26.763609,56906140,1523013693.17
2007-02-26,26.78253,56806140,1521412149.86
2007-02-27,25.91299,56806140,1472016920.67
2007-02-28,26.230739,57056140,1496624723.94
2007-03-01,26.168017,57056140,1493046036.06
2007-03-02,25.909832,57256140,1483496955.6
2007-03-05,25.772724,57256140,1475646700.84
2007-03-06,26.050198,57256140,1491533804.19
2007-03-07,25.944079,57356140,1488052234.09
2007-03-08,26.141471,57956140,1515058770.97
2007-03-09,26.187021,57956140,1517698671.69
2007-03-12,26.216605,57956140,1519413227.65
2007-03-13,25.804783,58156140,1500706589.95
2007-03-14,25.880639,58256140,1507706154.07
2007-03-15,26.08868,58256140,1519825803.01
2007-03-16,25.905348,57906140,1500078734.98
2007-03-19,26.073704,60906140,1588048667.49
2007-03-20,26.283212,60956140,1602123163.1
2007-03-21,26.573456,61206140,1626458683.81
2007-03-22,26.664026,61206140,1632002110.64
2007-03-23,26.660352,61206140,1631777239.45
2007-03-26,26.650913,61206140,1631199528.39
2007-03-27,26.47933,61656140,1632613297.67
2007-03-28,26.441092,62106140,1642154151.75
2007-03-29,26.528113,62306949,1652885794.52
2007-03-30,26.589387,62306949,1656703568.66
2007-04-02,26.718371,62556949,1671419781.98
2007-04-03,26.887992,62556949,1682030726.02
2007-04-04,26.97605,62556949,1687539399.38
2007-04-05,27.051655,62856949,1700384507.56
2007-04-09,27.076716,63856949,1729036472.47
2007-04-10,27.097527,63856949,1730365429.36
2007-04-11,26.934032,64456949,1736085538.08
2007-04-12,27.065407,64456949,1744553567.77
2007-04-13,27.085555,65156949,1764812104.74
2007-04-16,27.212708,65256949,1775818326.2
2007-04-17,27.328905,65506949,1790233187.01
2007-04-18,27.277713,65506949,1786879746.84
2007-04-19,27.335646,65506949,1790674780.51
2007-04-20,27.553227,63306949,1744310757.34
2007-04-23,27.49487,63306949,1740616322.41
2007-04-24,27.576602,63306949,1745790538.29
2007-04-25,27.671374,64306949,1779461633.06
2007-04-26,27.537318,64306949,1770840910.6
2007-04-27,27.469754,64306949,1766496074.05
2007-04-30,27.411664,64306949,1762760503.08
2007-05-01,27.339819,64306949,1758140369.83
2007-05-02,27.382861,64306949,1760908216.25
2007-05-03,27.352354,64306949,1758946423.18
2007-05-04,27.381936,64306949,1760848768.61
2007-05-07,27.411771,64306949,1762767391.11
2007-05-08,27.300814,64306949,1755632073.33
2007-05-09,27.346172,64306949,1758548873.9
2007-05-10,27.071559,64306949,1740889393.57
2007-05-11,27.140799,62906949,1707344858.97
2007-05-14,27.151346,62906949,1708008361.75
2007-05-15,27.225272,62906949,1712658772.92
2007-05-16,27.521777,63356949,1743695817.3
2007-05-17,27.465682,62956949,1729155514.0
2007-05-18,27.614767,62556949,1727495575.34
2007-05-21,27.489851,62556949,1719681189.21
2007-05-22,27.492308,62556949,1719834881.22
2007-05-23,27.474637,61056949,1677517521.43
2007-05-24,27.380711,62206949,1703270475.47
2007-05-25,27.522743,62206949,1712105878.3
2007-05-29,27.655945,62206949,1720391956.23
2007-05-30,27.761635,62206949,1726966642.18
2007-05-31,27.744406,62206949,1725894845.15
2007-06-01,28.000701,62206949,1741838169.74
2007-06-04,27.972539,62206949,1740086331.27
2007-06-05,27.795465,62806949,1745748382.28
2007-06-06,27.652538,62806949,1736771544.68
2007-06-07,27.32077,62806949,1715934224.22
2007-06-08,27.543428,62806949,1729918691.77
2007-06-11,27.547448,62806949,1730171138.13
2007-06-12,27.284695,60756949,1657734840.95
2007-06-13,27.577406,60756949,1675519078.6
2007-06-14,27.558002,60706949,1672962192.64
2007-06-15,27.463304,57656949,1583450290.64
2007-06-18,27.377112,59706949,1634603822.76
2007-06-19,27.243266,59706949,1626612285.33
2007-06-20,27.064914,59906949,1621376442.87
2007-06-21,27.258683,59906949,1632984532.4
2007-06-22,26.948338,59906949,1614392735.78
2007-06-25,26.915113,59906949,1612402322.23
2007-06-26,26.870788,60006949,1612434017.12
2007-06-27,27.093615,60006949,1625805192.13
2007-06-28,27.073331,60157986,1628677067.67
2007-06-29,27.070982,60157986,1628535782.28
2007-07-02,27.284295,60157986,1641368264.84
2007-07-03,27.27855,60157986,1641022651.2
2007-07-05,27.247684,60357986,1644615301.1
2007-07-06,27.308393,61957986,1691973006.96
2007-07-09,27.342772,61957986,1694103105.76
2007-07-10,27.020244,61757986,1668715869.64
2007-07-11,27.15299,62707986,1702709327.33
2007-07-12,27.600602,62707986,1730778194.0
2007-07-13,27.665671,62707986,1734858513.3
2007-07-16,27.619962,62707986,1731992182.07
2007-07-17,27.45883,61957986,1701293788.34
2007-07-18,27.437414,61957986,1699966937.94
2007-07-19,27.553676,61957986,1707170291.83
2007-07-20,27.266264,61957986,1689362791.65
2007-07-23,27.470252,61957986,1702001503.33
2007-07-24,27.126098,61957986,1680678428.25
2007-07-25,27.210068,61957986,1685881004.12
2007-07-26,26.733526,61957986,1656355413.59
2007-07-27,26.448267,61957986,1638681355.6
2007-07-30,26.598323,61957986,1647978514.44
2007-07-31,26.366888,62957986,1660006144.35
2007-08-01,26.643521,63007986,1678754586.89
2007-08-02,26.783281,63107986,1690238949.65
2007-08-03,26.445501,63107986,1668922277.83
2007-08-06,27.263653,63757986,1738275625.91
2007-08-07,27.385014,65607986,1796675612.45
2007-08-08,27.59387,67457986,1861426911.09
2007-08-09,27.005255,68507986,1850075648.57
2007-08-10,27.012424,68507986,1850566772.89
2007-08-13,26.940403,68357986,1841591678.89
2007-08-14,26.553799,68357986,1815164214.72
2007-08-15,26.345161,66657986,1756115375.61
2007-08-16,26.387204,66657986,1758917867.67
2007-08-17,26.796582,66807986,1790225681.25
2007-08-20,26.71907,68207986,1822453968.61
2007-08-21,26.711863,67607986,1805935238.65
2007-08-22,26.917904,67607986,1819865264.41
2007-08-23,26.885301,67307986,1809595460.94
2007-08-24,27.140781,67407986,1829505397.3
2007-08-27,27.013789,65907986,1780424446.39
2007-08-28,26.606081,65807986,1750892585.46
2007-08-29,26.988296,66107986,1784141875.28
2007-08-30,26.834451,66107986,1773971536.73
2007-08-31,27.02298,66107986,1786434814.37
2007-09-04,27.114003,65507986,1776183741.01
2007-09-05,26.805463,65507986,1755971904.53
2007-09-06,26.962585,65507986,1766264614.75
2007-09-07,26.677086,65207986,1739559075.01
2007-09-10,26.731291,65207986,1743093673.15
2007-09-11,27.100636,65707986,1780728178.62
2007-09-12,27.184269,69107986,1878650113.55
2007-09-13,27.268161,69107986,1884447666.32
2007-09-14,27.315314,71107986,1942336946.46
2007-09-17,27.215105,71507986,1946097366.57
2007-09-18,27.698368,71507986,1980654504.58
2007-09-19,27.83079,71957986,2002647608.73
2007-09-20,27.719353,71957986,1994628779.39
2007-09-21,27.630829,68957986,1905366350.65
2007-09-24,27.591714,71357986,1968889129.71
2007-09-25,27.587497,71057986,1960311962.9
2007-09-26,27.826164,74807986,2081619286.03
2007-09-27,27.927242,74807986,2089180713.34
2007-09-28,27.944857,74807986,2090498434.44
2007-10-01,27.851206,74807986,2083492646.48
2007-10-02,27.902194,74857986,2088702071.46
2007-10-03,27.79221,76107986,2115209127.69
2007-10-04,27.855777,76109124,2120078779.98
2007-10-05,27.936934,73109124,2042444769.88
2007-10-08,27.877787,65609124,1829037188.45
2007-10-09,27.987426,63759124,1784453774.73
2007-10-10,28.082383,64459124,1810165789.47
2007-10-11,28.116388,64459124,1812357742.77
2007-10-12,28.261234,67509124,1907891154.55
2007-10-15,28.066336,68809124,1931220005.58
2007-10-16,28.009163,68809124,1927285972.75
2007-10-17,28.071173,70609124,1982080935.66
2007-10-18,28.089988,71509124,2008690405.51
2007-10-19,27.720416,74959124,2077898066.48
2007-10-22,27.942526,74209124,2073590381.3
2007-10-23,27.964938,74109124,2072457048.73
2007-10-24,28.010461,72959124,2043618730.71
2007-10-25,28.124905,70959124,1995718609.88
2007-10-26,28.32564,70959124,2009962572.14
2007-10-29,28.416107,71059124,2019223690.47
2007-10-30,28.196928,70559124,1989550506.38
2007-10-31,28.405894,70859124,2012816768.22
2007-11-01,27.862207,70059124,1952001848.8
2007-11-02,27.993556,70059124,1961204016.1
2007-11-05,28.046456,61309124,1719503634.61
2007-11-06,28.236049,61609124,1739598217.65
2007-11-07,27.85719,61709124,1719042794.41
2007-11-08,28.146505,61709124,1736896190.65
2007-11-09,27.904651,61709124,1721971581.48
2007-11-12,27.858258,61709124,1719108714.4
2007-11-13,28.408929,61709124,1753090140.39
2007-11-14,28.399949,61709124,1752535955.91
2007-11-15,28.332641,61859124,1752632350.27
2007-11-16,28.635358,63859124,1828628887.35
2007-11-19,28.399477,66159124,1878884545.45
2007-11-20,28.574277,66159124,1890449128.53
2007-11-21,28.235,66159124,1868002834.19
2007-11-23,28.533951,67159124,1916315161.6
2007-11-26,28.19207,67159124,1893354702.65
2007-11-27,28.582277,67159124,1919560703.66
2007-11-28,29.014782,67709124,1964565441.43
2007-11-29,29.052891,69209124,2010725158.52
2007-11-30,29.194593,71209124,2078921372.67
2007-12-03,29.064635,71209124,2069667186.26
2007-12-04,29.015905,72659124,2108270273.69
2007-12-05,29.215778,74209124,2168077304.46
2007-12-06,29.419069,74309124,2186105213.72
2007-12-07,29.417977,77809124,2288987058.9
2007-12-10,29.524487,78509124,2317941618.97
2007-12-11,29.107457,78509124,2285200970.97
2007-12-12,29.276551,79159124,2317506159.45
2007-12-13,29.272535,79159124,2317188250.82
2007-12-14,28.995216,77659124,2251743073.35
2007-12-17,28.768564,78359124,2254279509.74
2007-12-18,28.816265,78359124,2258017258.89
2007-12-19,28.86328,77659124,2241497072.78
2007-12-20,28.928306,77659124,2246546912.66
2007-12-21,29.141,76509124,2229552365.9
2007-12-24,29.274508,76609124,2242694432.24
2007-12-26,29.227995,76609124,2239131102.36
2007-12-27,28.950204,76959124,2227982335.41
2007-12-28,29.046786,76459124,2220891781.82
2007-12-31,28.760411,76009124,2186053671.1
2008-01-02,28.341843,76309124,2162741217.03
2008-01-03,28.223934,74009124,2088828664.34
2008-01-04,28.050909,72810384,2042397457.33
2008-01-07,28.516799,74210384,2116242610.1
2008-01-08,28.390136,74610384,2118198985.86
2008-01-09,28.598335,77910384,2228107270.39
2008-01-10,28.809622,77910384,2244568725.07
2008-01-11,28.236248,79110384,2233780383.07
2008-01-14,28.166021,80060384,2254982458.5
2008-01-15,27.810254,78910384,2194517817.59
2008-01-16,27.821328,78660384,2188436305.88
2008-01-17,27.439371,79960384,2194062652.26
2008-01-18,27.165041,79460384,2158544594.04
2008-01-22,26.816496,79460384,2130849081.2
2008-01-23,27.133951,78360384,2126226800.55
2008-01-24,27.022487,78710384,2126950355.46
2008-01-25,26.667621,78710384,2099018651.22
2008-01-28,26.980527,78710384,2123647672.7
2008-01-29,26.981798,77710384,2096765919.17
2008-01-30,26.859099,77810384,2089916772.97
2008-01-31,27.247588,77810384,2120145295.64
2008-02-01,27.527284,77810384,2141908506.76
2008-02-04,27.315287,77810384,2125412968.5
2008-02-05,26.800995,77810384,2085395690.55
2008-02-06,26.742696,79110384,2115624976.84
2008-02-07,27.090001,79110384,2143100413.92
2008-02-08,26.866396,79210384,2128097510.09
2008-02-11,27.135229,79210384,2149391948.39
2008-02-12,27.408162,80210384,2198419211.26
2008-02-13,27.511629,81460384,2241107840.75
2008-02-14,27.249931,81560384,2222514814.33
2008-02-15,27.368548,81660384,2234926128.82
2008-02-19,27.380304,81760384,2238624132.47
2008-02-20,27.425528,82160384,2253291895.26
2008-02-21,27.31197,82560384,2254886725.76
2008-02-22,27.486376,82560384,2269285752.73
2008-02-25,27.667416,81910384,2266248676.14
2008-02-26,27.878568,82010384,2286332104.57
2008-02-27,27.815185,82360384,2290869308.32
2008-02-28,27.666905,82360384,2278656899.51
2008-02-29,27.202848,82360384,2240436979.49
2008-03-03,27.313742,82060384,2241376163.0
2008-03-04,27.375642,82060384,2246455671.3
2008-03-05,27.454855,81660384,2241973971.54
2008-03-06,27.178933,81660384,2219442101.62
2008-03-07,27.046471,81660384,2208625200.88
2008-03-10,26.960931,81660384,2201639997.77
2008-03-11,27.460196,81660384,2242410175.37
2008-03-12,27.399274,82410384,2257984671.47
2008-03-13,27.410518,84060384,2304138648.28
2008-03-14,26.98129,83060384,2241076270.79
2008-03-17,26.85808,85560384,2297987673.85
2008-03-18,27.519993,85410384,2350493159.02
2008-03-19,27.336291,86310384,2359405779.94
2008-03-20,27.615512,83910384,2317228208.28
2008-03-24,27.906992,86910384,2425407384.94
2008-03-25,27.990688,87360384,2445277241.97
2008-03-26,27.908075,87360384,2438060177.42
2008-03-27,27.841027,87360384,2432202843.74
2008-03-28,27.8661,87360384,2434393234.55
2008-03-31,27.910768,88460384,2468997227.5
2008-04-01,28.36824,88460384,2509465415.42
2008-04-02,28.178011,88560384,2495455466.9
2008-04-03,28.176795,89561575,2523558161.37
2008-04-04,28.224945,89961575,2539160466.15
2008-04-07,28.193107,89961575,2536296299.92
2008-04-08,28.127893,89961575,2530429574.96
2008-04-09,27.896071,90161575,2515153695.46
2008-04-10,27.971335,89461575,2502359674.78
2008-04-11,27.759282,89461575,2483389080.46
2008-04-14,27.774646,89461575,2484763590.11
2008-04-15,27.917113,89561575,2500300599.77
2008-04-16,28.066515,91361575,2564201043.94
2008-04-17,27.984697,91361575,2556725976.17
2008-04-18,28.025315,91211575,2556233080.46
2008-04-21,28.105906,91811575,2580447536.64
2008-04-22,27.866967,92411575,2575230293.13
2008-04-23,28.098455,90911575,2554474765.61
2008-04-24,28.067395,90561575,2541827480.22
2008-04-25,27.950962,90561575,2531283172.87
2008-04-28,28.034738,88961575,2494014485.59
2008-04-29,28.152772,89161575,2510145471.08
2008-04-30,27.985873,89311575,2499462371.94
2008-05-01,28.172003,85111575,2397763545.13
2008-05-02,28.134832,87861575,2471970648.38
2008-05-05,28.129605,87561575,2463072476.73
2008-05-06,28.176365,86061575,2424902370.7
2008-05-07,27.942727,84061575,2348909619.43
2008-05-08,28.018075,82061575,2299207403.92
2008-05-09,27.803691,82061575,2281614663.21
2008-05-12,28.068142,80261575,2252793284.74
2008-05-13,28.062832,80261575,2252367122.1
2008-05-14,28.237169,79061575,2232475026.56
2008-05-15,28.446444,79561575,2263243883.62
2008-05-16,28.490382,79561575,2266739665.32
2008-05-19,28.431173,82061575,2333106830.62
2008-05-20,28.204557,82061575,2314510388.82
2008-05-21,27.936374,82261575,2298090096.62
2008-05-22,28.211615,83661575,2360228115.12
2008-05-23,28.089281,84261575,2366847088.27
2008-05-27,28.228358,82861575,2339046170.31
2008-05-28,28.130473,82861575,2330935286.45
2008-05-29,28.42992,82861575,2355747943.22
2008-05-30,28.462767,82561575,2349930881.31
2008-06-02,28.226863,82211575,2320574854.14
2008-06-03,28.165649,81311575,2290193294.41
2008-06-04,28.329581,82861575,2347433711.04
2008-06-05,28.650044,84111575,2409800289.22
2008-06-06,27.938995,86211575,2408664784.55
2008-06-09,28.005525,86311575,2417200969.03
2008-06-10,28.170224,86011575,2422965362.84
2008-06-11,27.897124,87511575,2441321236.51
2008-06-12,28.061518,87411575,2452901492.25
2008-06-13,28.120408,87711575,2466485298.68
2008-06-16,27.83125,88911575,2474520285.68
2008-06-17,27.690547,87161575,2413551681.2
2008-06-18,27.397108,87261575,2390714828.37
2008-06-19,27.503155,86961575,2391717673.38
2008-06-20,27.039727,82311575,2225682524.17
2008-06-23,26.974912,86161575,2324200923.34
2008-06-24,27.057866,86161575,2331348348.62
2008-06-25,27.375932,86161575,2358753377.03
2008-06-26,26.803605,86211575,2310781041.17
2008-06-27,26.500228,85861575,2275351310.93
2008-06-30,26.517918,85661575,2271566624.6
2008-07-01,26.677101,85811575,2289204067.53
2008-07-02,26.6013,86061575,2289349807.13
2008-07-03,26.785899,82661575,2214164605.88
2008-07-07,26.804947,82962663,2223809768.71
2008-07-08,27.234837,83162663,2264921569.1
2008-07-09,27.098744,88212663,2390452386.96
2008-07-10,27.107503,87662663,2376315925.56
2008-07-11,26.983857,85162663,2298017104.66
2008-07-14,27.013178,85462663,2308618136.5
2008-07-15,27.002376,85312663,2303644638.7
2008-07-16,27.257759,82112663,2238207178.44
2008-07-17,27.172558,82962663,2254307776.37
2008-07-18,26.995485,82962663,2239617290.71
2008-07-21,26.817831,82812663,2220856038.72
2008-07-22,27.317454,80812663,2207596239.3
2008-07-23,27.406688,80812663,2214807408.58
2008-07-24,27.138563,80812663,2193139522.44
2008-07-25,27.113881,80662663,2187077816.37
2008-07-28,26.900254,79562663,2140255829.13
2008-07-29,27.467967,80062663,2199158595.14
2008-07-30,27.790787,81562663,2266690571.87
2008-07-31,27.410239,79312663,2173979028.71
2008-08-01,27.360565,81012663,2216552193.87
2008-08-04,27.670693,80812663,2236142415.33
2008-08-05,28.276305,80962663,2289324944.95
2008-08-06,28.374846,80962663,2297303120.38
2008-08-07,27.850731,81712663,2275757395.75
2008-08-08,28.503956,82362663,2347661722.85
2008-08-11,28.635754,82562663,2364244147.85
2008-08-12,28.759587,83612663,2404665679.92
2008-08-13,28.580849,84762663,2422588848.76
2008-08-14,28.653058,84462663,2420113599.59
2008-08-15,28.95533,84712663,2452883120.89
2008-08-18,28.672166,86662663,2484806232.34
2008-08-19,28.441345,86662663,2464802688.65
2008-08-20,28.392311,87062663,2471910217.97
2008-08-21,28.303113,87562663,2478295931.15
2008-08-22,28.617341,87562663,2505810594.44
2008-08-25,28.187797,87562663,2468198562.68
2008-08-26,28.142734,87162663,2452995649.23
2008-08-27,28.231347,87162663,2460719376.88
2008-08-28,28.435541,87012663,2474252163.7
2008-08-29,28.087935,87012663,2444006018.63
2008-09-02,28.395879,87612663,2487838568.4
2008-09-03,28.394544,88112663,2501918910.85
2008-09-04,28.053338,88362663,2478867689.09
2008-09-05,28.345034,88712663,2514563442.87
2008-09-08,28.922197,88012663,2545519552.59
2008-09-09,28.71098,89262663,2562818517.48
2008-09-10,28.820685,89962663,2592785539.25
2008-09-11,29.189763,92112663,2688746841.54
2008-09-12,29.150397,93212663,2717186172.61
2008-09-15,28.682296,93362663,2677855508.45
2008-09-16,28.740417,96462663,2772377158.81
2008-09-17,27.802232,96962663,2695778490.86
2008-09-18,28.41709,97462663,2769605290.5
2008-09-19,28.14082,94262663,2652628605.59
2008-09-22,27.425743,99762663,2736065182.56
2008-09-23,27.199468,100862663,2743410821.8
2008-09-24,27.331471,101862663,2784056416.72
2008-09-25,27.769336,101962663,2831435478.8
2008-09-26,27.931224,103662663,2895425070.25
2008-09-29,26.726588,106362663,2842711092.87
2008-09-30,27.423594,106112663,2909990625.57
2008-10-01,27.803793,106362663,2957285490.47
2008-10-02,27.423123,104264348,2859254051.13
2008-10-03,27.246605,103114348,2809515873.65
2008-10-06,26.336828,103714348,2731506985.44
2008-10-07,25.47386,103064348,2625446787.08
2008-10-08,25.069998,103514348,2595104476.21
2008-10-09,23.497287,98614348,2317169674.21
2008-10-10,22.993342,99314348,2283568727.2
2008-10-13,24.906066,99514348,2478510898.52
2008-10-14,24.412127,99914348,2439121799.91
2008-10-15,22.880657,99864348,2284961910.03
2008-10-16,23.877968,99864348,2384557704.03
2008-10-17,23.920273,101964348,2439015013.55
2008-10-20,24.623742,101964348,2510743811.92
2008-10-21,24.258216,102714348,2491666813.9
2008-10-22,23.345583,103014348,2404929975.04
2008-10-23,23.52406,102564348,2412729863.0
2008-10-24,22.701813,102764348,2332937008.14
2008-10-27,22.183192,102314348,2269658813.6
2008-10-28,24.202574,100664348,2436336358.68
2008-10-29,23.730368,100964348,2395921119.53
2008-10-30,24.309575,100664348,2447107494.48
2008-10-31,24.567526,100714348,2474302386.48
2008-11-03,24.551301,99664348,2446889450.49
2008-11-04,25.138606,99764348,2507936653.42
2008-11-05,24.360835,101664348,2476628396.53
2008-11-06,23.756216,100414348,2385464945.15
2008-11-07,24.246787,101714348,2466246170.15
2008-11-10,24.241448,101714348,2465703067.09
2008-11-11,23.860485,101714348,2426953636.95
2008-11-12,23.071343,101764348,2347840184.57
2008-11-13,24.096384,101664348,2449743152.03
2008-11-14,23.414428,101414348,2374558926.58
2008-11-17,23.124975,100414348,2322079261.09
2008-11-18,23.501282,110464348,2596053808.17
2008-11-19,22.703587,109014348,2475016733.42
2008-11-20,21.814078,106564348,2324602957.48
2008-11-21,22.903403,106664348,2442976530.54
2008-11-24,23.5252,106664348,2509300149.57
2008-11-25,23.37675,106514348,2489959267.99
2008-11-26,23.72891,107814348,2558316920.48
2008-11-28,24.00616,109364348,2625418062.56
2008-12-01,22.690133,109364348,2481491626.4
2008-12-02,22.992985,108614348,2497368090.79
2008-12-03,23.366005,109014348,2547229755.01
2008-12-04,23.035227,109964348,2533053741.1
2008-12-05,23.818884,109864348,2616846147.85
2008-12-08,23.844972,109864348,2619712276.7
2008-12-09,23.212163,109864348,2550189199.44
2008-12-10,23.340501,109264348,2550284648.7
2008-12-11,23.129233,109264348,2527200549.74
2008-12-12,23.168378,109264348,2531477757.59
2008-12-15,23.135102,110264348,2550976949.28
2008-12-16,23.654688,106264348,2513650033.2
2008-12-17,23.504835,103714348,2437788643.5
2008-12-18,23.588842,101214348,2387529221.84
2008-12-19,23.331469,99414348,2319482817.45
2008-12-22,23.319781,93014348,2169074197.83
2008-12-23,23.083584,93264348,2152875396.16
2008-12-24,23.295497,93964348,2188946233.24
2008-12-26,23.34262,93964348,2193374088.28
2008-12-29,23.293661,95814348,2231866900.49
2008-12-30,23.639722,93764348,2216563113.07
2008-12-31,23.853658,93614348,2233044612.6
2009-01-02,24.269566,93966476,2280525636.6
2009-01-05,24.222744,93966476,2276125913.73
2009-01-06,23.95398,94966476,2274825100.41
2009-01-07,23.686896,95066476,2251829742.88
2009-01-08,23.390474,95566476,2235345213.1
2009-01-09,23.084006,95516476,2204902938.98
2009-01-12,23.007084,95316476,2192954128.54
2009-01-13,23.174409,95316476,2208902960.71
2009-01-14,22.647404,94816476,2147347053.27
2009-01-15,22.730702,95066476,2160927694.89
2009-01-16,23.002991,94916476,2183362840.25
2009-01-20,22.657587,93316476,2114326166.25
2009-01-21,22.785423,97666476,2225371948.87
2009-01-22,22.772624,97666476,2224121886.8
2009-01-23,22.56601,97666476,2203942668.24
2009-01-26,22.718619,95916476,2179089877.54
2009-01-27,22.817844,91916476,2097335791.07
2009-01-28,23.060493,91916476,2119639247.89
2009-01-29,22.837518,90066476,2056894803.42
2009-01-30,22.095882,90066476,1990098186.04
2009-02-02,21.97042,90066476,1978798327.99
2009-02-03,22.45862,90066476,2022768761.54
2009-02-04,21.8565,90066476,1968537940.71
2009-02-05,22.172369,90316476,2002530200.34
2009-02-06,22.537552,88066476,1984802807.13
2009-02-09,22.295916,88066476,1963522785.1
2009-02-10,21.573979,89066476,1921518322.53
2009-02-11,21.704355,89066476,1933130410.7
2009-02-12,21.896847,86766476,1899912233.54
2009-02-13,21.622978,86566476,1871824972.49
2009-02-17,21.235293,85816476,1822337989.62
2009-02-18,21.389546,84516476,1807769053.22
2009-02-19,21.603279,84266476,1820432160.15
2009-02-20,21.284147,84366476,1795668516.56
2009-02-23,20.763594,84116476,1746560325.72
2009-02-24,21.140244,84116476,1778242825.07
2009-02-25,20.96981,85316476,1789070259.73
2009-02-26,20.486007,85316476,1747793914.69
2009-02-27,20.449746,86416476,1767194972.58
2009-03-02,19.921423,86416476,1721539163.96
2009-03-03,19.740623,86416476,1705915098.57
2009-03-04,20.094635,86866476,1745550089.44
2009-03-05,19.590397,86466476,1693912591.36
2009-03-06,19.686763,87466476,1721931743.64
2009-03-09,19.333791,86616476,1674624861.63
2009-03-10,19.837402,84816476,1682538491.83
2009-03-11,19.735974,86066476,1698605747.18
2009-03-12,20.273467,86066476,1744865892.52
2009-03-13,20.637598,86066476,1776205293.38
2009-03-16,20.831879,86066476,1792926375.81
2009-03-17,21.207875,86066476,1825287046.53
2009-03-18,21.078895,86066476,1814186229.63
2009-03-19,20.780909,85866476,1784383417.81
2009-03-20,20.647887,82866476,1711017603.92
2009-03-23,21.478063,84816476,1821693593.48
2009-03-24,21.364187,85216476,1820580721.95
2009-03-25,21.598629,85716476,1851358333.35
2009-03-26,21.800185,85716476,1868635048.07
2009-03-27,21.592223,85716476,1850809255.0
2009-03-30,21.113327,84566476,1785479661.95
2009-03-31,21.077182,84566476,1782423038.35
2009-04-01,21.43089,84416476,1809120207.68
2009-04-02,21.862419,84417979,1845581226.94
2009-04-03,21.84185,85917979,1876607571.86
2009-04-06,21.827943,86417979,1886326704.76
2009-04-07,21.495802,86167979,1852249847.96
2009-04-08,21.70059,84317979,1829749908.17
2009-04-09,21.711544,84217979,1828502362.64
2009-04-13,21.619571,84217979,1820756577.9
2009-04-14,21.336262,82617979,1762758864.69
2009-04-15,21.654262,78917979,1708910580.85
2009-04-16,21.961032,78917979,1733120247.62
2009-04-17,22.027142,78917979,1738337536.86
2009-04-20,21.683559,78917979,1711222647.65
2009-04-21,21.821769,79667979,1738496236.64
2009-04-22,21.584799,80767979,1743360593.21
2009-04-23,21.549031,80767979,1740471692.35
2009-04-24,21.563235,78767979,1698492469.2
2009-04-27,21.580335,78167979,1686891178.68
2009-04-28,21.658519,78167979,1693002666.43
2009-04-29,22.003181,76767979,1689139762.98
2009-04-30,21.941913,76817979,1685533396.7
2009-05-01,22.070674,76817979,1695424573.22
2009-05-04,22.432728,76867979,1724358437.67
2009-05-05,22.263723,76867979,1711367421.67
2009-05-06,22.395884,76517979,1713687806.4
2009-05-07,22.501248,75317979,1694748557.21
2009-05-08,22.685144,75317979,1708599167.46
2009-05-11,22.531642,75367979,1698164351.03
2009-05-12,22.819499,75367979,1719859510.09
2009-05-13,22.577145,75367979,1701593815.92
2009-05-14,22.60876,75417979,1705107020.24
2009-05-15,22.485145,76867979,1728387632.99
2009-05-18,22.908267,78617979,1801001637.72
2009-05-19,22.914051,78617979,1801456366.09
2009-05-20,22.99889,79467979,1827675313.64
2009-05-21,22.823507,79967979,1825149691.65
2009-05-22,22.921601,79967979,1832994133.64
2009-05-26,23.160392,79967979,1852089752.6
2009-05-27,22.704588,80617979,1830398018.28
2009-05-28,22.950409,80617979,1850215556.33
2009-05-29,23.09081,80617979,1861534420.29
2009-06-01,23.598819,81867979,1931987657.94
2009-06-02,23.825743,82167979,1957713182.31
2009-06-03,23.720693,84917979,2014313326.47
2009-06-04,23.720813,85167979,2020253692.15
2009-06-05,23.638809,84917979,2007359844.18
2009-06-08,23.676355,84917979,2010548210.89
2009-06-09,23.531584,85417979,2010020352.67
2009-06-10,23.356416,84617979,1976372749.11
2009-06-11,23.364401,84617979,1977048426.79
2009-06-12,23.487562,83617979,1963982469.1
2009-06-15,22.988466,82617979,1899260618.93
2009-06-16,22.72935,81617979,1855123641.32
2009-06-17,22.832153,81117979,1852098131.81
2009-06-18,23.240281,81117979,1885204662.27
2009-06-19,22.923915,77217979,1770138358.57
2009-06-22,22.776224,80917979,1843006042.94
2009-06-23,22.709388,81917979,1860307152.0
2009-06-24,22.761975,83467979,1899896009.67
2009-06-25,23.099341,83467979,1928055342.6
2009-06-26,23.070935,83267979,1921070121.38
2009-06-29,23.227876,83567979,1941106682.23
2009-06-30,23.026819,83567979,1924304704.85
2009-07-01,23.401464,83567979,1955613034.29
2009-07-02,22.977599,81869920,1881174174.09
2009-07-06,23.337968,81869920,1910677594.67
2009-07-07,23.101324,81869920,1891303511.74
2009-07-08,23.195107,80019920,1856070633.55
2009-07-09,23.048184,80019920,1844313878.62
2009-07-10,22.931924,80019920,1835010737.73
2009-07-13,23.275109,81019920,1885747450.65
2009-07-14,23.361366,81569920,1905584758.34
2009-07-15,23.785113,83469920,1985341480.43
2009-07-16,23.872576,83469920,1992641975.19
2009-07-17,23.947677,84369920,2020463600.61
2009-07-20,23.986539,84069920,2016546382.24
2009-07-21,23.979932,84069920,2015990923.56
2009-07-22,23.99204,84069920,2017008913.52
2009-07-23,24.286063,83569920,2029584306.17
2009-07-24,24.476837,84569920,2070004136.22
2009-07-27,24.470265,85719920,2097589142.34
2009-07-28,24.465146,85419920,2089810806.95
2009-07-29,24.56307,85419920,2098175464.84
2009-07-30,24.60636,82769920,2036666481.48
2009-07-31,24.535244,82769920,2030780194.39
2009-08-03,24.572847,82469920,2026520697.79
2009-08-04,24.604925,81469920,2004561292.78
2009-08-05,24.36187,81469920,1984759636.01
2009-08-06,24.147339,81469920,1967281774.71
2009-08-07,24.265348,79569920,1930791804.87
2009-08-10,24.315863,78919920,1919006000.58
2009-08-11,24.262861,78069920,1894199634.4
2009-08-12,24.295515,77069920,1872453395.63
2009-08-13,24.39772,77069920,1880330358.76
2009-08-14,24.360322,76319920,1859177792.66
2009-08-17,24.125271,76019920,1834001181.52
2009-08-18,24.217886,75819920,1836198146.13
2009-08-19,24.364567,75469920,1838791954.43
2009-08-20,24.509424,75269920,1844822356.06
2009-08-21,24.785954,75269920,1865636767.06
2009-08-24,24.767003,75519920,1870402057.19
2009-08-25,24.821793,75519920,1874539788.05
2009-08-26,24.901655,75519920,1880570979.99
2009-08-27,24.850143,75519920,1876680809.14
2009-08-28,24.74543,74819920,1851451094.41
2009-08-31,24.841809,74819920,1858662160.7
2009-09-01,24.562815,74619920,1832875318.44
2009-09-02,24.588701,74269920,1826200862.78
2009-09-03,24.709373,73369920,1812924735.88
2009-09-04,24.880832,73369920,1825504660.3
2009-09-08,25.093619,72919920,1829824687.78
2009-09-09,25.07783,72269920,1812372775.39
2009-09-10,25.266026,72419920,1829763604.86
2009-09-11,25.318192,72169920,1827211882.27
2009-09-14,25.310899,73919920,1870979664.73
2009-09-15,25.145453,74219920,1866293514.47
2009-09-16,25.313927,73119920,1850952338.4
2009-09-17,25.266519,73619920,1860119074.46
2009-09-18,25.364946,68169920,1729126332.5
2009-09-21,25.360025,74619920,1892363029.51
2009-09-22,25.372657,75719920,1921215549.82
2009-09-23,25.380194,75719920,1921786248.2
2009-09-24,25.283938,75719920,1914497771.09
2009-09-25,25.200116,74269920,1871610565.39
2009-09-28,25.327522,75069920,1901335052.51
2009-09-29,25.452556,74119920,1886541379.35
2009-09-30,25.487461,74119920,1889128567.39
2009-10-01,25.246881,73971809,1867557463.26
2009-10-02,25.323303,72671809,1840290246.73
2009-10-05,25.383003,72671809,1844628752.48
2009-10-06,25.613272,71871809,1840872187.24
2009-10-07,25.696152,72271809,1857107420.55
2009-10-08,25.878321,72271809,1870273096.4
2009-10-09,25.937295,72621809,1883613313.3
2009-10-12,25.977261,72771809,1890412269.89
2009-10-13,25.918169,72771809,1886112028.02
2009-10-14,26.040046,73371809,1910605314.39
2009-10-15,26.263775,73371809,1927020690.52
2009-10-16,26.376055,72671809,1916795644.58
2009-10-19,26.542844,73571809,1952805063.68
2009-10-20,26.520272,77071809,2043965359.8
2009-10-21,26.30448,79321809,2086518957.95
2009-10-22,26.376434,84321809,2224108610.95
2009-10-23,26.086635,84771809,2211411227.09
2009-10-26,25.886463,84771809,2194442265.88
2009-10-27,25.916994,85971809,2228130872.04
2009-10-28,25.79544,87221809,2249924918.89
2009-10-29,26.276188,86871809,2282660013.43
2009-10-30,25.814482,86971809,2245132223.89
2009-11-02,26.087846,85271809,2224557822.27
2009-11-03,25.928188,85271809,2210943479.94
2009-11-04,26.032537,84121809,2189904112.68
2009-11-05,26.137371,84121809,2198722931.39
2009-11-06,26.224469,82421809,2161468172.08
2009-11-09,26.614864,82421809,2193645263.05
2009-11-10,26.620283,81671809,2174126650.26
2009-11-11,26.679312,81371809,2170943883.39
2009-11-12,26.556621,83021809,2204778733.26
2009-11-13,26.730879,84471809,2258005706.16
2009-11-16,26.925061,83471809,2247483548.22
2009-11-17,26.967267,84171809,2269883613.63
2009-11-18,26.977927,85021809,2293712170.96
2009-11-19,26.874264,83071809,2232493694.61
2009-11-20,26.873731,82071809,2205575714.68
2009-11-23,27.1441,83971809,2279339153.96
2009-11-24,27.157019,84671809,2299433900.14
2009-11-25,27.149811,84671809,2298823641.1
2009-11-27,26.890177,85621809,2302385602.97
2009-11-30,26.753628,86771809,2321460700.91
2009-12-01,27.089904,86371809,2339804015.24
2009-12-02,27.108834,86421809,2342794505.86
2009-12-03,26.916582,87421809,2353096250.55
2009-12-04,27.029783,86621809,2341368694.44
2009-12-07,27.042976,86821809,2347920097.81
2009-12-08,26.715646,87421809,2335530095.82
2009-12-09,26.762199,86771809,2322204390.67
2009-12-10,26.873518,85771809,2304990259.75
2009-12-11,26.981713,83671809,2257608752.18
2009-12-14,27.081862,81821809,2215886930.54
2009-12-15,26.951314,81171809,2187686940.21
2009-12-16,26.859088,79671809,2139912111.35
2009-12-17,26.530448,79671809,2113728782.8
2009-12-18,26.213854,73921809,1937775481.65
2009-12-21,26.412266,80621809,2129404634.22
2009-12-22,26.540176,79321809,2105214753.22
2009-12-23,26.605986,81671809,2172958974.17
2009-12-24,26.686044,81671809,2179497512.29
2009-12-28,26.755329,82571809,2209235910.92
2009-12-29,26.779292,86621809,2319670743.96
2009-12-30,26.755657,85921809,2298894484.74
2009-12-31,26.451944,85921809,2272798901.31
2010-01-04,26.722498,85921809,2296045348.85
2010-01-05,26.693912,85921809,2293589205.2
2010-01-06,26.67359,84221809,2246498004.36
2010-01-07,26.678041,87971809,2346915505.46
2010-01-08,26.559727,87671809,2328539320.62
2010-01-11,26.645403,88321809,2353370213.9
2010-01-12,26.768687,87471809,2341505511.98
2010-01-13,26.953337,85121809,2294316817.37
2010-01-14,26.92738,84721809,2281336306.4
2010-01-15,26.764738,89521809,2396027722.78
2010-01-19,26.948192,92671809,2497337746.78
2010-01-20,26.733529,92221809,2465414369.45
2010-01-21,26.354881,93971809,2476615806.21
2010-01-22,26.27422,86371809,2269351868.77
2010-01-25,26.330333,87771809,2311060940.51
2010-01-26,26.33239,88071809,2319141239.54
2010-01-27,26.357944,86671809,2284490712.31
2010-01-28,26.304014,80071809,2106209959.93
2010-01-29,26.233766,78621809,2062546140.89
2010-02-01,26.440163,80571809,2130331761.92
2010-02-02,26.786903,81271809,2177020057.33
2010-02-03,26.634024,80621809,2147283235.44
2010-02-04,26.015028,79271809,2062258358.1
2010-02-05,26.006914,79171809,2059014430.57
2010-02-08,25.941187,79421809,2060296034.81
2010-02-09,26.270431,81521809,2141613022.92
2010-02-10,26.222493,81771809,2144260666.46
2010-02-11,26.44524,84871809,2244455378.98
2010-02-12,26.382457,84871809,2239126852.12
2010-02-16,26.711352,87071809,2325805746.34
2010-02-17,26.902561,87621809,2357251025.49
2010-02-18,27.092381,90671809,2456515180.5
2010-02-19,27.127579,92521809,2509892679.39
2010-02-22,27.091329,92571809,2507893291.56
2010-02-23,26.948244,90421809,2436708979.54
2010-02-24,27.1411,88771809,2409364578.31
2010-02-25,27.174869,88721809,2411003527.45
2010-02-26,27.031155,90371809,2442854412.81
2010-03-01,27.20094,90371809,2458198128.62
2010-03-02,27.312485,103921809,2838362895.08
2010-03-03,27.342985,109271809,2987817461.45
2010-03-04,27.453777,111421809,3058949499.08
2010-03-05,27.595529,107771809,2974020027.53
2010-03-08,27.504335,111371809,3063207592.7
2010-03-09,27.45447,111221809,3053535817.65
2010-03-10,27.405445,110471809,3027529083.51
2010-03-11,27.459222,105171809,2887936003.31
2010-03-12,27.47955,104471809,2870838267.5
2010-03-15,27.693412,87471809,2422392869.75
2010-03-16,27.813791,86921809,2417625024.57
2010-03-17,27.950831,87621809,2449102350.52
2010-03-18,27.940793,87821809,2453810985.27
2010-03-19,27.770501,82221809,2283340791.37
2010-03-22,27.907155,87671809,2446670728.79
2010-03-23,28.154203,87571809,2465514469.06
2010-03-24,27.876041,87471809,2438367719.33
2010-03-25,27.867488,93321809,2600644420.54
2010-03-26,27.906314,93321809,2604267746.43
2010-03-29,28.079531,92221809,2589545173.9
2010-03-30,28.112169,93371809,2624884083.01
2010-03-31,27.969392,93071809,2603161894.58
2010-04-01,28.108755,91871809,2582402163.13
2010-04-05,28.10949,86021809,2418029193.53
2010-04-06,28.015647,86071809,2411357422.57
2010-04-07,27.873898,85721809,2389400946.58
2010-04-08,27.880463,85721809,2389963761.13
2010-04-09,28.044342,85821809,2406816203.73
2010-04-12,28.076251,85821809,2409554671.31
2010-04-13,28.060393,85521809,2399775581.4
2010-04-14,28.077357,85921809,2412457316.66
2010-04-15,28.020645,85921809,2407584501.85
2010-04-16,27.913689,85921809,2398394697.06
2010-04-19,28.022623,94421809,2645946767.65
2010-04-20,28.081293,94971809,2666931180.77
2010-04-21,28.112944,93671809,2633390360.0
2010-04-22,28.067287,93271809,2617886661.64
2010-04-23,28.042075,92671809,2598709794.13
2010-04-26,27.969445,92471809,2586385218.32
2010-04-27,27.489845,91421809,2513171333.68
2010-04-28,27.675213,90521809,2505210312.13
2010-04-29,27.791629,89971809,2500463178.49
2010-04-30,27.636943,82071809,2268213872.26
2010-05-03,27.782529,82571809,2294053693.76
2010-05-04,27.506759,82871809,2279534915.71
2010-05-05,27.593865,86221809,2379192932.18
2010-05-06,26.917278,88371809,2378728567.1
2010-05-07,26.746895,88071809,2355647453.83
2010-05-10,27.494484,87371809,2402242770.76
2010-05-11,27.474638,95771809,2631295763.16
2010-05-12,27.672015,95821809,2651582578.4
2010-05-13,27.559112,97671809,2691748319.39
2010-05-14,27.290908,98221809,2680562343.18
2010-05-17,27.535681,97921809,2696343656.97
2010-05-18,27.415829,98971809,2713394194.0
2010-05-19,27.365665,99121809,2712534203.76
2010-05-20,26.486565,93021809,2463828201.29
2010-05-21,26.60999,92021809,2448699442.63
2010-05-24,26.393613,91121809,2405033764.94
2010-05-25,26.151069,91621809,2396008262.29
2010-05-26,25.950277,96471809,2503470141.78
2010-05-27,26.459012,96021809,2540642194.17
2010-05-28,26.32948,97121809,2557166729.36
2010-06-01,26.270972,105821809,2780041831.22
2010-06-02,26.737674,106421809,2845471585.22
2010-06-03,26.767824,107921809,2888832034.63
2010-06-04,26.090231,107921809,2815704958.32
2010-06-07,25.897906,99121809,2567047336.87
2010-06-08,26.281898,98221809,2581455520.68
2010-06-09,26.248983,98671809,2590034616.97
2010-06-10,26.638782,100721809,2683106304.95
2010-06-11,26.484726,101071809,2676859117.54
2010-06-14,26.587347,95521809,2539671478.19
2010-06-15,26.888766,95521809,2568463606.33
2010-06-16,26.740541,97971809,2619819128.36
2010-06-17,26.937231,99671809,2684882529.8
2010-06-18,26.698088,93571809,2498188350.39
2010-06-21,26.594972,98121809,2609546777.75
2010-06-22,26.344597,102171809,2691675129.16
2010-06-23,26.431568,103521809,2736243771.99
2010-06-24,26.186675,103521809,2710891918.42
2010-06-25,25.824492,104021809,2686310406.18
2010-06-28,26.106225,101071809,2638603412.64
2010-06-29,25.703849,99371809,2554237988.36
2010-06-30,25.499129,98921809,2522419933.88
2010-07-01,25.54466,98921809,2526923990.36
2010-07-02,25.463232,99471809,2532873701.68
2010-07-06,25.598033,98471809,2520684647.16
2010-07-07,26.09522,102271809,2668805315.44
2010-07-08,26.471764,103271809,2733786922.95
2010-07-09,26.492145,94471809,2502760854.49
2010-07-12,26.564683,94471809,2509613634.41
2010-07-13,26.78883,95371809,2554899157.47
2010-07-14,26.838684,96471809,2589176370.12
2010-07-15,26.900741,96371809,2592473079.61
2010-07-16,26.534918,96371809,2557218002.53
2010-07-19,26.556946,102321809,2717354770.73
2010-07-20,26.903477,104571809,2813345271.31
2010-07-21,26.648221,105421809,2809303639.58
2010-07-22,26.898965,107671809,2896260195.56
2010-07-23,27.167112,107921809,2931923844.79
2010-07-26,27.29032,108471809,2960230356.15
2010-07-27,27.390812,109971809,3012217106.18
2010-07-28,27.242995,117171809,3192111004.86
2010-07-29,26.913652,118171809,3180434993.13
2010-07-30,26.966881,118871809,3205601972.25
2010-08-02,27.271776,121121809,3303206803.51
2010-08-03,27.06602,122371809,3312117879.73
2010-08-04,27.138826,126721809,3439081174.01
2010-08-05,27.035857,126721809,3426032700.98
2010-08-06,27.089465,120021809,3251326562.96
2010-08-09,27.221366,117071809,3186854574.74
2010-08-10,27.29561,117071809,3195546480.61
2010-08-11,26.822364,116971809,3137460488.58
2010-08-12,26.797055,116121809,3111722467.02
2010-08-13,26.779428,116421809,3117709454.28
2010-08-16,26.78798,115671809,3098614073.45
2010-08-17,27.015374,116621809,3150581779.98
2010-08-18,27.049264,112121809,3032812448.97
2010-08-19,26.740551,113671809,3039646858.59
2010-08-20,26.722742,113271809,3026933316.51
2010-08-23,26.782157,113421809,3037680720.24
2010-08-24,26.670197,114621809,3056986271.28
2010-08-25,26.708936,115021809,3072110164.24
2010-08-26,26.522615,114621809,3040070138.35
2010-08-27,26.692126,114771809,3063503564.42
2010-08-30,26.465582,119421809,3160567735.17
2010-08-31,26.511204,118921809,3152760337.16
2010-09-01,26.948747,117421809,3164370578.39
2010-09-02,27.11401,116971809,3171574834.27
2010-09-03,27.278284,114321809,3118502785.96
2010-09-07,27.17332,114321809,3106503091.89
2010-09-08,27.288508,117371809,3202901513.13
2010-09-09,27.36089,117871809,3225077604.19
2010-09-10,27.516643,117871809,3243436446.77
2010-09-13,27.550317,118471809,3263935902.46
2010-09-14,27.581977,115871809,3195973593.86
2010-09-15,27.78921,116671809,3242217416.83
2010-09-16,27.800691,116321809,3233826634.29
2010-09-17,27.566824,112171809,3092220508.47
2010-09-20,27.837755,115321809,3210300321.88
2010-09-21,27.797255,114071809,3170883201.37
2010-09-22,27.852229,114271809,3182724591.32
2010-09-23,27.68327,114321809,3164801484.96
2010-09-24,28.037069,115971809,3251509553.4
2010-09-27,27.867232,116321809,3241566893.8
2010-09-28,28.098101,116021809,3259992547.47
2010-09-29,28.000775,116621809,3265501013.21
2010-09-30,27.882636,117771809,3283788512.41
2010-10-01,27.945048,116721809,3261796500.22
2010-10-04,27.840871,116971809,3256597000.92
2010-10-05,28.123976,116571809,3278462728.74
2010-10-06,28.224298,115271809,3253465915.78
2010-10-07,28.122596,115271809,3241742507.65
2010-10-08,28.197569,115221809,3248974857.4
2010-10-11,28.219758,115221809,3251531535.72
2010-10-12,28.284449,115221809,3258985384.23
2010-10-13,28.539366,116571809,3326885511.07
2010-10-14,28.546791,117871809,3364861877.93
2010-10-15,28.617325,117871809,3373175857.28
2010-10-18,28.697775,117421809,3369744670.73
2010-10-19,28.383333,117421809,3332822318.48
2010-10-20,28.605907,118971809,3403296487.77
2010-10-21,28.706309,118971809,3415241542.66
2010-10-22,28.789743,118571809,3413651936.26
2010-10-25,28.85143,119521809,3448375123.35
2010-10-26,28.732143,120021809,3448483808.22
2010-10-27,28.592765,119871809,3427466516.59
2010-10-28,28.681379,115921809,3324797294.42
2010-10-29,28.73389,115921809,3330884546.39
2010-11-01,28.690667,114421809,3282837982.63
2010-11-02,28.807151,113471809,3268799589.21
2010-11-03,28.906073,112671809,3256899543.87
2010-11-04,29.257056,112121809,3280354009.94
2010-11-05,29.133377,109571809,3192196846.93
2010-11-08,29.044601,109971809,3194087323.77
2010-11-09,28.905852,107521809,3108009475.51
2010-11-10,28.830419,109521809,3157559654.04
2010-11-11,28.829906,108121809,3117141575.14
2010-11-12,28.73038,108121809,3106380693.65
2010-11-15,28.718082,109421809,3142384462.25
2010-11-16,28.409568,109421809,3108626365.3
2010-11-17,28.404141,110121809,3127915442.74
2010-11-18,28.771084,111071809,3195656345.23
2010-11-19,28.81944,110771809,3192381449.01
2010-11-22,28.805816,110871809,3193752914.35
2010-11-23,28.495132,108721809,3098042291.49
2010-11-24,28.68751,109271809,3134736131.38
2010-11-26,28.516806,108971809,3107527959.32
2010-11-29,28.464313,108971809,3101807681.65
2010-11-30,28.321826,108971809,3086280654.85
2010-12-01,28.78212,106471809,3064484403.24
2010-12-02,28.803285,105721809,3045135432.06
2010-12-03,28.827567,105871809,3052026639.01
2010-12-06,28.761542,109271809,3142825768.7
2010-12-07,28.887562,112321809,3244703201.1
2010-12-08,29.004704,112221809,3254960313.77
2010-12-09,29.104115,111671809,3250109146.74
2010-12-10,29.146644,107021809,3119326583.16
2010-12-13,29.139586,107321809,3127313102.76
2010-12-14,29.287035,106621809,3122636616.12
2010-12-15,29.3048,106871809,3131856953.09
2010-12-16,29.560544,107571809,3179881218.53
2010-12-17,29.363071,109571809,3217364816.03
2010-12-20,29.325996,109071809,3198639440.49
2010-12-21,29.257663,107321809,3139985328.01
2010-12-22,29.379727,107421809,3156023413.59
2010-12-23,29.389396,107071809,3146775748.19
2010-12-27,29.275971,105471809,3087789665.31
2010-12-28,29.318538,105471809,3092279209.88
2010-12-29,29.326878,104721809,3071163741.62
2010-12-30,29.305369,105721809,3098216655.08
2010-12-31,29.304219,105921809,3103955870.65
2011-01-03,29.357933,106571809,3128728042.77
2011-01-04,29.273545,106821809,3127053067.04
2011-01-05,29.283666,106721809,3125205802.63
2011-01-06,29.182157,107271809,3130422753.55
2011-01-07,29.038219,106221809,3084492102.58
2011-01-10,29.052213,105221809,3056926437.27
2011-01-11,29.031925,105721809,3069307664.35
2011-01-12,29.259888,105721809,3093408251.89
2011-01-13,29.342188,106271809,3118247410.65
2011-01-14,29.336708,106271809,3117665030.47
2011-01-18,29.345328,106271809,3118581047.72
2011-01-19,29.288998,105871809,3100879185.93
2011-01-20,29.440038,105771809,3113926023.47
2011-01-21,29.463065,110221809,3247472340.1
2011-01-24,29.557968,110921809,3278623266.58
2011-01-25,29.636414,111571809,3306588368.78
2011-01-26,29.546515,112121809,3312808707.26
2011-01-27,29.27848,111421809,3262261171.73
2011-01-28,28.964093,106121809,3073721924.77
2011-01-31,28.868859,106371809,3070832794.49
2011-02-01,29.083845,104971809,3052983873.7
2011-02-02,28.981001,101421809,2939305569.36
2011-02-03,29.127293,97871809,2850740893.14
2011-02-04,29.304562,103871809,3043917847.33
2011-02-07,29.337462,104871809,3076672691.41
2011-02-08,29.498611,104771809,3090622786.17
2011-02-09,29.548238,104471809,3086957832.48
2011-02-10,29.410571,104471809,3072575592.55
2011-02-11,29.572434,104721809,3096878732.96
2011-02-14,29.44373,102971809,3031874129.92
2011-02-15,29.426463,100921809,2969771829.47
2011-02-16,29.521572,100571809,2969037910.29
2011-02-17,29.710095,100571809,2987998006.09
2011-02-18,29.806933,102571809,3057351019.86
2011-02-22,29.592821,101321809,2998398158.78
2011-02-23,29.516256,105871809,3124939459.61
2011-02-24,29.39553,98321809,2890221705.17
2011-02-25,29.532146,98671809,2913990241.7
2011-02-28,29.681712,102021809,3028181999.47
2011-03-01,29.500888,104021809,3068735772.3
2011-03-02,29.420343,104571809,3076538460.4
2011-03-03,29.717071,103021809,3061506415.07
2011-03-04,29.585484,103371809,3058305032.26
2011-03-07,29.490294,105021809,3097123994.97
2011-03-08,29.757905,108721809,3235333238.15
2011-03-09,29.927869,107871809,3228373370.71
2011-03-10,29.717162,112121809,3331941949.87
2011-03-11,29.749341,112121809,3335549980.55
2011-03-14,29.532504,112571809,3324527407.15
2011-03-15,29.252775,111371809,3257934501.44
2011-03-16,28.846708,110221809,3179536295.15
2011-03-17,28.995697,107921809,3129268088.79
2011-03-18,29.049559,106871809,3104578905.33
2011-03-21,29.414121,107021809,3147952432.42
2011-03-22,29.365219,106721809,3133909264.25
2011-03-23,29.429231,106721809,3140740751.88
2011-03-24,29.686444,106721809,3168190985.81
2011-03-25,29.691585,107571809,3193977515.64
2011-03-28,29.676511,108071809,3207194222.39
2011-03-29,29.823098,108521809,3236456598.89
2011-03-30,29.991711,112071809,3361225274.38
2011-03-31,29.927303,114971809,3440796209.5
2011-04-01,30.085276,115671809,3480018323.59
2011-04-04,30.138517,115671809,3486176807.37
2011-04-05,30.173219,117471809,3544502601.27
2011-04-06,30.29524,115021809,3484613362.94
2011-04-07,30.337545,115971809,3518300015.28
2011-04-08,30.24667,114471809,3462391006.69
2011-04-11,30.420594,116171809,3534015470.6
2011-04-12,30.508276,118471809,3614370687.04
2011-04-13,30.518193,121621809,3711677806.07
2011-04-14,30.704338,122821809,3771162287.68
2011-04-15,30.875139,123621809,3816840560.1
2011-04-18,30.661003,127271809,3902281296.65
2011-04-19,30.732083,128621809,3952816092.61
2011-04-20,30.903292,129171809,3991834166.11
2011-04-21,30.911934,129771809,4011497564.6
2011-04-25,30.811883,127671809,3933808785.38
2011-04-26,31.017048,125821809,3902621094.57
2011-04-27,31.22981,126271809,3943444596.94
2011-04-28,31.426006,124871809,3924222261.55
2011-04-29,31.521137,125521809,3956590185.01
2011-05-02,31.559229,133321809,4207533476.19
2011-05-03,31.633174,135971809,4301219898.55
2011-05-04,31.603602,138921809,4390429563.26
2011-05-05,31.358171,140171809,4395531506.2
2011-05-06,31.426616,143071809,4496262866.5
2011-05-09,31.543392,143371809,4522433109.44
2011-05-10,31.72565,143821809,4562840359.05
2011-05-11,31.698971,143821809,4559003416.34
2011-05-12,32.129782,143021809,4595259559.15
2011-05-13,32.115235,144471809,4639746102.26
2011-05-16,32.103201,145071809,4657269386.66
2011-05-17,32.194377,149971809,4828248974.18
2011-05-18,32.255859,151521809,4887466135.23
2011-05-19,32.422738,151521809,4912751871.48
2011-05-20,32.313211,150271809,4855764619.1
2011-05-23,32.097157,150921809,4844160961.78
2011-05-24,32.061513,149471809,4792292400.21
2011-05-25,31.845246,149321809,4755189754.5
2011-05-26,31.905508,141421809,4512134614.14
2011-05-27,32.035509,141971809,4548139164.87
2011-05-31,32.328981,141971809,4589803863.24
2011-06-01,31.967355,142621809,4559241948.01
2011-06-02,31.603348,143621809,4538929982.75
2011-06-03,31.305173,144921809,4536802271.83
2011-06-06,31.145432,144521809,4501194138.14
2011-06-07,31.08893,143971809,4475929480.55
2011-06-08,31.103406,143171809,4453130964.5
2011-06-09,31.25942,143571809,4487971472.55
2011-06-10,30.897157,144321809,4459133559.13
2011-06-13,31.05207,143871809,4467517448.3
2011-06-14,31.382936,143421809,4500997449.06
2011-06-15,30.910757,142471809,4403911409.98
2011-06-16,31.163502,136921809,4266963131.11
2011-06-17,31.135587,139821809,4353434126.27
2011-06-20,31.363187,140571809,4408779870.34
2011-06-21,31.348364,144171809,4519550379.55
2011-06-22,31.128208,144521809,4498704888.97
2011-06-23,30.859895,143021809,4413638062.23
2011-06-24,30.615015,139321809,4265339313.24
2011-06-27,30.742368,137121809,4215449102.69
2011-06-28,30.833319,137871809,4251045416.84
2011-06-29,30.967771,130671809,4046614694.39
2011-06-30,31.23229,130321809,4070248563.47
2011-07-01,31.478669,132621809,4174757980.42
2011-07-05,31.449478,132621809,4170886601.85
2011-07-06,31.630072,133971809,4237537937.7
2011-07-07,31.843027,133721809,4258107159.0
2011-07-08,31.731455,134571809,4270159345.1
2011-07-11,31.499046,135721809,4275107560.47
2011-07-12,31.402436,135871809,4266705754.11
2011-07-13,31.409149,132771809,4170249532.53
2011-07-14,31.269232,132421809,4140728205.11
2011-07-15,31.362574,132121809,4143679968.06
2011-07-18,31.160913,132221809,4120152349.98
2011-07-19,31.602647,131821809,4165918078.47
2011-07-20,31.529441,131571809,4148385594.18
2011-07-21,31.801508,132071809,4200082710.34
2011-07-22,31.742084,131471809,4173189221.69
2011-07-25,31.438064,132821809,4175660560.67
2011-07-26,31.361281,133671809,4192119146.99
2011-07-27,31.016616,134521809,4172411357.69
2011-07-28,31.009479,135321809,4196258850.49
2011-07-29,30.818635,136971809,4221284209.87
2011-08-01,30.711879,141371809,4341793941.73
2011-08-02,30.300099,142871809,4329029924.93
2011-08-03,30.425823,141521809,4305917488.49
2011-08-04,29.475912,141221809,4162641657.6
2011-08-05,29.941337,141321809,4231363940.72
2011-08-08,28.742684,142371809,4092147979.48
2011-08-09,29.414626,142021809,4177518455.56
2011-08-10,28.388134,144121809,4091349227.55
2011-08-11,29.236033,147421809,4310028847.6
2011-08-12,29.532849,148421809,4383318904.19
2011-08-15,29.971412,148021809,4436422553.26
2011-08-16,30.009168,155771809,4674582423.57
2011-08-17,30.212726,157321809,4753120717.15
2011-08-18,29.678361,156471809,4643826850.13
2011-08-19,29.52429,158221809,4671386499.32
2011-08-22,29.620607,160821809,4763639526.22
2011-08-23,30.26371,161571809,4889762370.52
2011-08-24,30.375149,163121809,4954849298.89
2011-08-25,29.915588,163121809,4879884782.03
2011-08-26,30.158006,166021809,5006886635.4
2011-08-29,30.719488,166571809,5117000688.44
2011-08-30,30.789463,169721809,5225643308.6
2011-08-31,30.886951,171071809,5283886653.49
2011-09-01,30.758586,171921809,5288071738.23
2011-09-02,30.341863,171271809,5196705805.37
2011-09-06,30.228947,173471809,5243870057.28
2011-09-07,30.750197,173821809,5345054940.21
2011-09-08,30.683153,173971809,5338003714.2
2011-09-09,29.996409,173971809,5218529563.41
2011-09-12,30.036232,174421809,5238973892.33
2011-09-13,30.144475,176021809,5306085013.02
2011-09-14,30.503176,176871809,5395151879.39
2011-09-15,30.869128,175521809,5418205138.46
2011-09-16,30.833983,174071809,5367327281.91
2011-09-19,30.57935,172521809,5275604857.12
2011-09-20,30.627657,171771809,5260968078.06
2011-09-21,30.054168,170521809,5124891152.83
2011-09-22,29.476766,171471809,5054434427.13
2011-09-23,29.507376,171021809,5046404837.33
2011-09-26,30.02509,170721809,5125937685.4
2011-09-27,30.207548,170721809,5157087191.79
2011-09-28,29.68342,173421809,5147752470.9
2011-09-29,29.969182,173621809,5203303530.46
2011-09-30,29.641607,172871809,5124198210.46
2011-10-03,29.240945,173121809,5062245252.89
2011-10-04,29.47344,171771809,5062706128.93
2011-10-05,29.550026,173271809,5120186426.51
2011-10-06,29.894468,174021809,5202289437.57
2011-10-07,30.046278,176771809,5311334891.51
2011-10-10,30.518788,178821809,5457424922.37
2011-10-11,30.465068,179871809,5479806958.01
2011-10-12,30.680823,181921809,5581510833.49
2011-10-13,30.65229,182821809,5603907092.13
2011-10-14,30.892445,182471809,5637000237.98
2011-10-17,30.607287,183271809,5609452774.4
2011-10-18,30.875127,182321809,5629208958.1
2011-10-19,30.789501,184421809,5678255389.31
2011-10-20,30.939319,190321809,5888427199.28
2011-10-21,31.446698,189921809,5972413827.16
2011-10-24,31.269984,193421809,6048296871.31
2011-10-25,30.901874,193171809,5969370918.92
2011-10-26,31.189469,185921809,5798802449.47
2011-10-27,31.569099,185321809,5850442590.82
2011-10-28,31.488859,183971809,5793062398.01
2011-10-31,31.070287,181321809,5633720568.3
2011-11-01,30.523367,180121809,5497924038.32
2011-11-02,30.766918,184421809,5674090583.96
2011-11-03,31.143241,184521809,5746607241.17
2011-11-04,31.015162,183171809,5681103285.69
2011-11-07,31.226765,183671809,5735476341.5
2011-11-08,31.543008,184121809,5807755661.28
2011-11-09,30.824453,185371809,5713984659.71
2011-11-10,31.098297,185871809,5780296658.7
2011-11-11,31.458698,185871809,5847285159.03
2011-11-14,31.252786,186471809,5827763540.12
2011-11-15,31.349653,185471809,5814476887.42
2011-11-16,31.069846,187571809,5827827215.93
2011-11-17,30.932103,183071809,5662795969.85
2011-11-18,31.049858,182871809,5678143787.49
2011-11-21,30.586682,184971809,5657673905.11
2011-11-22,30.601663,173021809,5294755017.18
2011-11-23,30.26536,172521809,5221434668.15
2011-11-25,30.332962,173371809,5258880519.22
2011-11-28,30.823243,174321809,5373163478.22
2011-11-29,31.136697,174871809,5444930461.05
2011-11-30,31.925559,176221809,5625979831.77
2011-12-01,31.83176,175771809,5595125963.35
2011-12-02,31.7646,175071809,5561085957.32
2011-12-05,31.910658,175171809,5589847687.32
2011-12-06,31.973272,174021809,5564046571.86
2011-12-07,32.032732,175371809,5617638180.73
2011-12-08,31.691967,177071809,5611753939.46
2011-12-09,31.983493,176421809,5642585664.15
2011-12-12,31.744038,176421809,5600340552.45
2011-12-13,31.650388,177071809,5604391459.79
2011-12-14,31.486827,176771809,5565983338.43
2011-12-15,31.795201,177771809,5652290417.03
2011-12-16,31.519328,179921809,5671014558.97
2011-12-19,31.374412,179671809,5637097404.51
2011-12-20,32.014909,179521809,5747374391.82
2011-12-21,32.363823,180271809,5834284893.42
2011-12-22,32.31604,181921809,5878992391.23
2011-12-23,32.602873,180821809,5895310537.97
2011-12-27,32.598041,181171809,5905846124.0
2011-12-28,32.445567,180721809,5863621625.26
2011-12-29,32.660752,179821809,5873115461.79
2011-12-30,32.467186,179771809,5836684772.81
2012-01-03,32.478179,179671809,5835413136.35
2012-01-04,32.41002,173171809,5612501722.76
2012-01-05,32.361943,171571809,5552397151.06
2012-01-06,32.16417,171871809,5528114064.68
2012-01-09,32.211625,172521809,5557207868.02
2012-01-10,32.341672,174571809,5645944106.64
2012-01-11,32.172614,174021809,5598736498.6
2012-01-12,32.172028,172971809,5564853956.58
2012-01-13,32.152095,172621809,5550152859.95
2012-01-17,32.284276,172621809,5572970208.69
2012-01-18,32.330082,171621809,5548547135.29
2012-01-19,32.380538,173671809,5623586653.87
2012-01-20,32.437512,173871809,5639968872.39
2012-01-23,32.365442,170871809,5530341701.31
2012-01-24,32.220611,153921809,4959454707.58
2012-01-25,32.545134,152721809,4970351743.38
2012-01-26,32.425746,151871809,4924556701.03
2012-01-27,32.185561,151871809,4888079315.56
2012-01-30,32.033056,148571809,4759209077.77
2012-01-31,32.014092,149021809,4770797842.61
2012-02-01,32.255678,149021809,4806799451.8
2012-02-02,32.359165,151171809,4891793451.92
2012-02-03,32.486742,153521809,4987423477.0
2012-02-06,32.485072,154471809,5018027790.29
2012-02-07,32.476851,155321809,5044363220.51
2012-02-08,32.48374,150571809,4891135532.0
2012-02-09,32.694699,150571809,4922900006.64
2012-02-10,32.610069,150421809,4905265600.56
2012-02-13,32.719432,151471809,4956071593.4
2012-02-14,32.842625,151471809,4974731758.26
2012-02-15,32.792289,151921809,4981863812.91
2012-02-16,33.033605,151821809,5015221700.78
2012-02-17,33.044822,151321809,5000402192.34
2012-02-21,32.879937,151771809,4990247587.41
2012-02-22,32.803976,151621809,4973798128.63
2012-02-23,32.957804,152171809,5015248706.69
2012-02-24,33.041892,151371809,5001610966.8
2012-02-27,33.030495,150971809,4986673646.46
2012-02-28,33.14704,150721809,4995981865.46
2012-02-29,33.235218,147521809,4902919446.66
2012-03-01,33.190976,152371809,5057369128.26
2012-03-02,33.217239,151321809,5026492732.25
2012-03-05,33.371838,151321809,5049886851.81
2012-03-06,33.084107,153321809,5072515183.18
2012-03-07,33.134187,154571809,5121611154.75
2012-03-08,33.349815,154521809,5153273784.22
2012-03-09,33.442358,154121809,5154196692.21
2012-03-12,33.599007,153921809,5171619870.09
2012-03-13,33.828737,161921809,5477610225.21
2012-03-14,33.739896,162071809,5468286028.82
2012-03-15,33.815354,162521809,5495732457.55
2012-03-16,33.592831,162421809,5456208429.04
2012-03-19,33.620418,160771809,5405215495.63
2012-03-20,33.605499,160471809,5392735154.43
2012-03-21,33.64025,160471809,5398311825.3
2012-03-22,33.688917,159621809,5377485803.08
2012-03-23,33.735262,161671809,5454040875.39
2012-03-26,33.998812,161371809,5486449839.62
2012-03-27,33.972994,161371809,5482283425.89
2012-03-28,33.899149,160771809,5450027529.33
2012-03-29,33.856724,161271809,5460135077.66
2012-03-30,34.075756,162121809,5524423243.13
2012-04-02,34.353003,161321809,5541888523.68
2012-04-03,34.160869,161021809,5500644881.4
2012-04-04,34.067305,160321809,5461732018.37
2012-04-05,34.04769,159921809,5444968134.47
2012-04-09,33.750189,159921809,5397391284.41
2012-04-10,33.434997,160171809,5355343965.6
2012-04-11,33.583424,159621809,5360646842.19
2012-04-12,33.646204,151571809,5099816039.37
2012-04-13,33.619648,151571809,5095790832.58
2012-04-16,33.769825,150971809,5098291512.39
2012-04-17,34.142701,152871809,5219456410.58
2012-04-18,34.106489,153421809,5232679215.57
2012-04-19,34.003801,153521809,5220324977.1
2012-04-20,34.301793,156271809,5360403263.46
2012-04-23,33.800604,156021809,5273631403.53
2012-04-24,33.802185,157121809,5311060399.29
2012-04-25,34.013815,158321809,5385128685.32
2012-04-26,34.30699,158621809,5441836804.27
2012-04-27,34.278497,159421809,5464740021.01
2012-04-30,34.182173,159221809,5442547443.85
2012-05-01,34.242668,160021809,5479573609.77
2012-05-02,34.341343,159771809,5486778501.09
2012-05-03,34.361475,161971809,5565590343.92
2012-05-04,34.091062,162171809,5528609165.88
2012-05-07,34.120171,162621809,5548683854.55
2012-05-08,34.074453,162621809,5541249180.25
2012-05-09,33.87694,161071809,5456619998.62
2012-05-10,34.11752,161471809,5509017624.19
2012-05-11,34.021957,162821809,5539516553.45
2012-05-14,33.893072,163871809,5554119072.4
2012-05-15,33.863709,167171809,5661057515.84
2012-05-16,33.947819,167771809,5695487035.42
2012-05-17,33.711814,168471809,5679490317.4
2012-05-18,33.514249,170121809,5701504643.47
2012-05-21,33.659842,169621809,5709443245.83
2012-05-22,33.697111,169021809,5695546689.66
2012-05-23,33.609442,168471809,5662243544.94
2012-05-24,33.900454,166971809,5660420128.27
2012-05-25,33.892475,165421809,5606554602.11
2012-05-29,34.1022,166371809,5673644697.81
2012-05-30,33.845144,167521809,5669799824.66
2012-05-31,33.74986,167721809,5660587642.16
2012-06-01,33.173305,167671809,5562228133.03
2012-06-04,33.264651,164471809,5471097392.63
2012-06-05,33.223445,162221809,5389567319.14
2012-06-06,33.697083,163071809,5495044326.02
2012-06-07,33.775651,163471809,5521366701.27
2012-06-08,34.05061,163621809,5571422336.32
2012-06-11,33.902373,168471809,5711594070.68
2012-06-12,34.096615,170771809,5822740562.28
2012-06-13,34.052181,173321809,5901985556.04
2012-06-14,34.498784,173071809,5970766923.53
2012-06-15,34.361631,172221809,5917822240.92
2012-06-18,34.419164,170971809,5884706664.13
2012-06-19,34.396743,171821809,5910110532.87
2012-06-20,34.223628,169321809,5794806667.72
2012-06-21,33.803405,167321809,5656046814.56
2012-06-22,33.904801,166521809,5645888801.8
2012-06-25,33.710738,164521809,5546151577.29
2012-06-26,33.761155,163871809,5532501532.26
2012-06-27,34.004308,163621809,5563846400.96
2012-06-28,34.115156,163621809,5581983495.0
2012-06-29,34.758129,164321809,5711518618.76
2012-07-02,34.956069,163321809,5709088462.23
2012-07-03,35.116048,166971809,5863390020.91
2012-07-05,35.00853,166971809,5845437661.27
2012-07-06,34.95707,168321809,5884037189.66
2012-07-09,34.91685,168071809,5868538118.32
2012-07-10,34.965407,167121809,5843482021.45
2012-07-11,34.925598,167321809,5843814235.73
2012-07-12,34.926573,168621809,5889381895.72
2012-07-13,35.313225,167171809,5903375723.01
2012-07-16,35.15932,167171809,5877647208.39
2012-07-17,35.318807,167821809,5927266022.44
2012-07-18,35.329518,169321809,5982057915.78
2012-07-19,35.262031,168771809,5951236834.38
2012-07-20,35.037046,168021809,5886987836.62
2012-07-23,34.753343,168721809,5863646911.32
2012-07-24,34.623107,169021809,5852060236.47
2012-07-25,34.614853,170021809,5885279927.24
2012-07-26,35.189472,171921809,6049837619.68
2012-07-27,35.607021,172671809,6148328780.7
2012-07-30,35.786021,174521809,6245441204.28
2012-07-31,35.649557,174521809,6221625169.75
2012-08-01,35.459916,176021809,6241718579.46
2012-08-02,35.181523,174571809,6141702093.41
2012-08-03,35.747183,175121809,6260111366.06
2012-08-06,35.707993,174621809,6235394263.15
2012-08-07,35.557447,173221809,6159325330.77
2012-08-08,35.797295,170671809,6109589147.31
2012-08-09,35.650607,169621809,6047120517.26
2012-08-10,35.63747,169621809,6044892113.51
2012-08-13,35.612057,169621809,6040581576.14
2012-08-14,35.765089,169971809,6079056936.84
2012-08-15,35.798227,169521809,6068580139.55
2012-08-16,35.850985,169121809,6063183430.69
2012-08-17,35.899756,168271809,6040916837.84
2012-08-20,35.884391,166671809,5980916298.53
2012-08-21,35.675468,167671809,5981770316.5
2012-08-22,35.567642,164771809,5860544770.41
2012-08-23,35.284401,164321809,5797996575.43
2012-08-24,35.59775,164871809,5869065401.35
2012-08-27,35.625466,163621809,5829103236.73
2012-08-28,35.672305,163621809,5836767074.46
2012-08-29,35.602391,164621809,5860930004.71
2012-08-30,35.453455,164621809,5836411888.29
2012-08-31,35.511203,164471809,5840591762.76
2012-09-04,35.662464,161121809,5746000774.05
2012-09-05,35.59013,160671809,5718330530.01
2012-09-06,36.049754,159871809,5763339324.39
2012-09-07,35.767423,161821809,5787949102.57
2012-09-10,35.686145,161821809,5774796606.42
2012-09-11,35.612497,162771809,5796710586.4
2012-09-12,35.423219,163271809,5783613088.57
2012-09-13,36.041414,159421809,5745787470.09
2012-09-14,35.812014,158221809,5666241597.26
2012-09-17,35.894719,158521809,5690095842.56
2012-09-18,36.060434,158021809,5698334951.52
2012-09-19,36.172238,159421809,5766643667.2
2012-09-20,36.369739,172321809,6267299153.64
2012-09-21,36.003539,173471809,6245599054.6
2012-09-24,36.066299,173021809,6240256317.45
2012-09-25,35.822287,173021809,6198036814.26
2012-09-26,35.808774,169921809,6084691689.28
2012-09-27,35.939833,170771809,6137510367.02
2012-09-28,35.825211,170771809,6117936059.8
2012-10-01,36.074877,168371809,6073992330.26
2012-10-02,36.086402,168571809,6083150060.79
2012-10-03,36.206654,168971809,6117903762.68
2012-10-04,36.367362,171221809,6226885485.86
2012-10-05,36.507165,172771809,6307408916.74
2012-10-08,36.388842,171771809,6250577274.29
2012-10-09,36.053831,172621809,6223677600.34
2012-10-10,35.913568,171721809,6167142879.76
2012-10-11,35.807308,170871809,6118459512.1
2012-10-12,35.870256,170021809,6098725886.0
2012-10-15,36.074357,169221809,6104567992.49
2012-10-16,36.190608,168721809,6106144768.19
2012-10-17,36.328011,167371809,6080284973.58
2012-10-18,36.159257,168821809,6104471228.3
2012-10-19,35.711462,168821809,6028873588.97
2012-10-22,35.729294,168121809,6006873613.88
2012-10-23,35.262079,167821809,5917745922.86
2012-10-24,35.254465,166621809,5874162676.84
2012-10-25,35.46136,165771809,5878493825.95
2012-10-26,35.341303,164621809,5817949270.16
2012-10-29,35.341148,165321809,5842662527.3
2012-10-30,35.340981,165321809,5842634992.05
2012-10-31,35.428636,165321809,5857126116.45
2012-11-01,35.422975,168271809,5960688021.63
2012-11-02,35.215467,168271809,5925770339.17
2012-11-05,35.165645,168271809,5917386658.43
2012-11-06,35.398699,167421809,5926514159.32
2012-11-07,34.980325,167671809,5865214289.3
2012-11-08,34.598735,167671809,5801232462.62
2012-11-09,34.636004,166221809,5757259278.62
2012-11-12,34.610784,165421809,5725378467.24
2012-11-13,34.569763,165421809,5718592724.12
2012-11-14,34.22909,165871809,5677641109.84
2012-11-15,34.1894,167221809,5717213321.1
2012-11-16,34.401153,166221809,5718221818.32
2012-11-19,34.974259,165121809,5775012869.23
2012-11-20,35.094606,166721809,5851036118.05
2012-11-21,35.160724,166771809,5863817482.48
2012-11-23,35.674501,166771809,5949501130.73
2012-11-26,35.418559,167321809,5926297405.4
2012-11-27,35.371625,167221809,5914907132.48
2012-11-28,35.729378,164971809,5894340079.17
2012-11-29,35.889361,167821809,6023017419.81
2012-11-30,36.016063,175371809,6316202206.19
2012-12-03,35.900892,176721809,6344470626.29
2012-12-04,35.807044,181071809,6483646188.28
2012-12-05,35.87892,182771809,6557655066.23
2012-12-06,35.946867,182671809,6566479142.17
2012-12-07,36.178099,184721809,6682883914.36
2012-12-10,36.136705,185171809,6691499116.42
2012-12-11,36.174853,185021809,6693136732.45
2012-12-12,36.082249,186421809,6726518147.85
2012-12-13,36.007429,186071809,6699967487.24
2012-12-14,35.958126,186071809,6690793473.79
2012-12-17,36.03,185121809,6669938800.27
2012-12-18,36.0459,182771809,6588174439.32
2012-12-19,35.676069,182171809,6499173945.73
2012-12-20,35.887743,173321809,6220128584.78
2012-12-21,35.149984,172721809,6071168865.97
2012-12-24,35.065344,170521809,5979405875.34
2012-12-26,34.777952,168871809,5873015732.15
2012-12-27,34.825048,164571809,5731221129.94
2012-12-28,34.487377,163671809,5644611430.58
2012-12-31,34.878086,158571809,5530681193.59
2013-01-02,35.810218,153671809,5503021034.91
2013-01-03,35.697744,150521809,5373288949.71
2013-01-04,35.819048,151921809,5441694582.72
2013-01-07,35.569087,153321809,5453516772.35
2013-01-08,35.483245,154721809,5490031917.79
2013-01-09,35.560186,155171809,5517938329.45
2013-01-10,35.776983,155171809,5551579128.79
2013-01-11,35.893282,154371809,5540910919.61
2013-01-14,36.015276,154371809,5559743350.94
2013-01-15,36.129407,155521809,5618910784.32
2013-01-16,36.116111,156121809,5638512578.12
2013-01-17,36.336504,155321809,5643851464.86
2013-01-18,36.477822,155321809,5665801353.44
2013-01-22,36.493311,157221809,5737544340.56
2013-01-23,36.488641,157471809,5745932237.26
2013-01-24,36.575297,155821809,5699228992.99
2013-01-25,36.759583,155621809,5720592866.91
2013-01-28,36.788082,154921809,5699276236.57
2013-01-29,37.003815,154271809,5708645454.09
2013-01-30,36.938379,154621809,5711478999.5
2013-01-31,36.879517,154471809,5696845714.52
2013-02-01,37.178428,153521809,5707699575.78
2013-02-04,36.836031,153521809,5655134055.46
2013-02-05,37.254605,154371809,5751060742.29
2013-02-06,37.321203,157671809,5884501545.85
2013-02-07,37.51894,157071809,5893167762.73
2013-02-08,37.505309,157471809,5906028926.34
2013-02-11,37.469192,156471809,5862872310.88
2013-02-12,37.433512,156471809,5857289397.49
2013-02-13,37.47742,154821809,5802321976.77
2013-02-14,37.560437,154821809,5815174828.52
2013-02-15,37.62334,153521809,5776003244.27
2013-02-19,37.992144,154321809,5863016315.23
2013-02-20,37.925105,158021809,5992993710.76
2013-02-21,38.038163,159771809,6077426069.46
2013-02-22,38.242616,158271809,6052728065.37
2013-02-25,37.721905,158571809,5981630699.53
2013-02-26,37.851785,159371809,6032507428.96
2013-02-27,38.116006,161021809,6137508171.07
2013-02-28,38.085941,161771809,6161231614.73
2013-03-01,38.209388,162121809,6194575099.23
2013-03-04,38.502731,162121809,6242132433.64
2013-03-05,38.627348,164621809,6358903860.19
2013-03-06,38.559659,164421809,6340048849.92
2013-03-07,38.546806,162821809,6276260663.05
2013-03-08,38.637433,162471809,6277493640.3
2013-03-11,38.672467,162571809,6287052937.93
2013-03-12,38.629051,162571809,6279994771.38
2013-03-13,38.711212,164371809,6363031900.38
2013-03-14,38.855877,166521809,6470350874.48
2013-03-15,38.47972,167671809,6451964248.24
2013-03-18,38.381891,166521809,6391421849.04
2013-03-19,38.674636,165871809,6415031836.94
2013-03-20,39.068248,164721809,6435392545.9
2013-03-21,38.959652,164321809,6401920516.82
2013-03-22,39.281008,163221809,6411517133.75
2013-03-25,39.254169,163671809,6424800877.15
2013-03-26,39.655075,163321809,6476538653.1
2013-03-27,39.579544,162171809,6418686244.04
2013-03-28,39.77495,162771809,6474240499.68
2013-04-01,39.760068,163271809,6491698304.63
2013-04-02,40.184944,164271809,6601253477.57
2013-04-03,39.736096,166021809,6597058599.96
2013-04-04,39.934647,165671809,6616045181.67
2013-04-05,39.671884,167371809,6639954940.59
2013-04-08,40.099502,168571809,6759645554.03
2013-04-09,40.067925,171971809,6890553619.65
2013-04-10,40.377613,171721809,6933716685.57
2013-04-11,40.568753,171321809,6950312084.64
2013-04-12,40.715425,171671809,6989690634.75
2013-04-15,40.105615,172421809,6915082604.85
2013-04-16,40.797508,171371809,6991542669.78
2013-04-17,40.463513,173621809,7025348340.54
2013-04-18,40.378333,174971809,7065069999.74
2013-04-19,41.010728,175971809,7216731958.52
2013-04-22,41.104855,176921809,7272345325.59
2013-04-23,41.42958,175971809,7290438102.08
2013-04-24,40.774194,177271809,7228115198.17
2013-04-25,40.878946,172971809,7070905279.68
2013-04-26,40.886383,168021809,6869803998.35
2013-04-29,41.016998,172021809,7055818255.37
2013-04-30,40.961392,176321809,7222386759.31
2013-05-01,40.892092,178071809,7281728863.44
2013-05-02,41.048584,180771809,7420426765.78
2013-05-03,41.236763,183221809,7555474387.92
2013-05-06,40.920222,180121809,7370624408.58
2013-05-07,41.246762,173921809,7173711482.42
2013-05-08,41.28701,172271809,7112587867.05
2013-05-09,40.989199,169471809,6946513754.17
2013-05-10,41.174383,164421809,6769966592.98
2013-05-13,41.243686,163171809,6729806892.64
2013-05-14,41.709094,162021809,6757782906.41
2013-05-15,42.143686,162371809,6842946522.09
2013-05-16,41.870222,160771809,6731551350.88
2013-05-17,41.938643,168221809,7054994341.53
2013-05-20,41.539459,170321809,7075075866.83
2013-05-21,41.543513,167321809,6951135673.37
2013-05-22,41.469112,168471809,6986376347.48
2013-05-23,41.311036,165421809,6833746257.47
2013-05-24,41.701909,163771809,6829597148.51
2013-05-28,41.751967,169971809,7096657444.08
2013-05-29,40.965941,164121809,6723404328.38
2013-05-30,40.806694,162471809,6629937432.89
2013-05-31,40.049392,165821809,6641062585.32
2013-06-03,40.480291,155971809,6313784266.05
2013-06-04,40.490637,175421809,7102940874.18
2013-06-05,40.022922,169021809,6764746704.21
2013-06-06,40.213392,171771809,6907527053.4
2013-06-07,40.720134,172771809,7035291139.12
2013-06-10,40.687677,162671809,6618738091.73
2013-06-11,40.563347,158171809,6415977981.14
2013-06-12,40.387492,164671809,6650681411.63
2013-06-13,40.784585,167321809,6824150468.61
2013-06-14,40.695697,172921809,7037173554.21
2013-06-17,41.028835,175221809,7189146687.14
2013-06-18,41.211404,176571809,7276772213.17
2013-06-19,40.398722,177921809,7187813773.5
2013-06-20,39.168802,169271809,6630173962.04
2013-06-21,39.45527,156471809,6173637432.87
2013-06-24,39.265845,155071809,6089025633.75
2013-06-25,39.330761,167521809,6588760295.69
2013-06-26,39.732357,166221809,6604384257.29
2013-06-27,39.907315,170371809,6799081483.01
2013-06-28,39.667721,172921809,6859414085.66
2013-07-01,39.963401,172321809,6886565631.64
2013-07-02,40.029981,170521809,6825984735.6
2013-07-03,39.937269,170521809,6810175311.6
2013-07-05,40.022475,170521809,6824704909.69
2013-07-08,40.414928,159821809,6459186981.89
2013-07-09,40.736406,161271809,6569633947.52
2013-07-10,40.78979,162371809,6623111984.85
2013-07-11,41.406902,162371809,6723313542.74
2013-07-12,41.458766,166821809,6916226292.92
2013-07-15,41.472034,165071809,6845863706.09
2013-07-16,41.34159,165271809,6832599390.87
2013-07-17,41.423969,163471809,6771651074.8
2013-07-18,41.551792,161721809,6719830990.62
2013-07-19,41.791674,162521809,6792058464.44
2013-07-22,41.727462,164321809,6856731968.29
2013-07-23,41.622602,162771809,6774986204.98
2013-07-24,41.360617,162071809,6703390027.01
2013-07-25,41.551426,159121809,6611738076.59
2013-07-26,41.537696,160471809,6665629222.63
2013-07-29,41.419721,161171809,6675691398.82
2013-07-30,41.364767,160971809,6658561404.97
2013-07-31,41.323058,163621809,6761353472.3
2013-08-01,41.743288,163571809,6828025211.76
2013-08-02,41.762667,163171809,6814489943.84
2013-08-05,41.798593,163571809,6837071524.25
2013-08-06,41.733798,159071809,6638670680.07
2013-08-07,41.538138,159071809,6607546742.82
2013-08-08,41.744645,159071809,6640396139.56
2013-08-09,41.567119,159071809,6612156828.59
2013-08-12,41.456976,158871809,6586344724.28
2013-08-13,41.483336,159371809,6611274235.28
2013-08-14,41.186676,159071809,6551639137.55
2013-08-15,40.548107,157671809,6393293443.81
2013-08-16,40.289859,154771809,6235734425.46
2013-08-19,40.113627,153321809,6150293834.82
2013-08-20,40.100812,153321809,6148329093.57
2013-08-21,39.80736,154871809,6165037874.64
2013-08-22,39.990092,155071809,6201335838.11
2013-08-23,40.22455,153321809,6167300809.87
2013-08-26,39.754384,153321809,6095214102.63
2013-08-27,39.507018,146321809,5780738392.75
2013-08-28,39.213407,145271809,5696602640.3
2013-08-29,39.397986,136421809,5374744483.85
2013-08-30,39.508712,136871809,5407628847.13
2013-09-03,39.495212,135521809,5352462550.65
2013-09-04,39.719495,131521809,5223979800.87
2013-09-05,39.690329,130971809,5198314251.36
2013-09-06,39.744571,130571809,5189520529.27
2013-09-09,40.056412,130121809,5212212740.96
2013-09-10,40.086581,130521809,5232173059.7
2013-09-11,40.384392,130371809,5264986224.53
2013-09-12,40.386701,130721809,5279422656.5
2013-09-13,40.717708,131521809,5355266593.88
2013-09-16,41.077634,132471809,5441628505.79
2013-09-17,41.213201,134421809,5539952976.28
2013-09-18,41.719188,134721809,5620484454.95
2013-09-19,41.530715,134571809,5588863396.34
2013-09-20,41.006158,134221809,5503920710.26
2013-09-23,40.806865,133021809,5428202944.5
2013-09-24,40.567114,131621809,5339516867.54
2013-09-25,40.261983,133071809,5357734902.93
2013-09-26,40.470989,132071809,5345076710.28
2013-09-27,40.220648,132421809,5326090996.24
2013-09-30,39.805018,132421809,5271052451.59
2013-10-01,40.043107,131671809,5272548347.72
2013-10-02,39.965221,132021809,5276280708.24
2013-10-03,39.78005,131071809,5214043157.05
2013-10-04,39.855077,129721809,5170072662.88
2013-10-07,39.665471,128721809,5105811210.13
2013-10-08,39.654389,128721809,5104384698.28
2013-10-09,39.698156,129421809,5137807164.87
2013-10-10,40.454136,130621809,5284192447.7
2013-10-11,40.575185,130671809,5302032889.65
2013-10-14,40.731174,131771809,5367220521.79
2013-10-15,40.38085,132821809,5363457612.09
2013-10-16,40.976064,132321809,5422026876.09
2013-10-17,41.405613,131121809,5429178917.65
2013-10-18,41.483284,133071809,5520255598.82
2013-10-21,41.377054,133171809,5510257146.19
2013-10-22,41.939077,132221809,5545260578.62
2013-10-23,42.00007,134971809,5668825482.47
2013-10-24,41.93447,136671809,5731259893.99
2013-10-25,42.045408,137821809,5794774136.45
2013-10-28,42.539365,137521809,5850090467.8
2013-10-29,42.911382,152121809,6527757111.13
2013-10-30,42.567513,157971809,6724466956.71
2013-10-31,42.327164,157421809,6663218677.63
2013-11-01,42.494113,159721809,6787236636.78
2013-11-04,42.541393,158821809,6756500930.45
2013-11-05,42.63497,159921809,6818261534.8
2013-11-06,43.075019,162171809,6985553719.49
2013-11-07,42.46224,163721809,6951994756.72
2013-11-08,42.611653,162721809,6933845240.68
2013-11-11,42.557042,161721809,6882401897.07
2013-11-12,42.604638,159071809,6777196849.51
2013-11-13,42.983761,158571809,6816012785.97
2013-11-14,43.272489,156321809,6764433774.19
2013-11-15,43.365412,159071809,6898214612.06
2013-11-18,43.203342,161071809,6958840492.82
2013-11-19,43.050069,160771809,6921237420.62
2013-11-20,42.843482,157371809,6742356271.09
2013-11-21,42.9412,160121809,6875822693.51
2013-11-22,43.176281,159221809,6874605493.49
2013-11-25,43.092228,161721809,6968953067.78
2013-11-26,43.023988,159321809,6854659583.87
2013-11-27,43.087554,158871809,6845397571.95
2013-11-29,43.00521,158371809,6810812892.77
2013-12-02,42.809955,157571809,6745642120.14
2013-12-03,43.005801,157571809,6776501912.51
2013-12-04,42.882093,155321809,6660524295.83
2013-12-05,42.494196,156921809,6668266092.77
2013-12-06,43.110271,153871809,6633455332.57
2013-12-09,43.209251,154571809,6678932148.66
2013-12-10,42.841656,156421809,6701369371.61
2013-12-11,42.916145,155821809,6687271307.07
2013-12-12,42.359104,164771809,6979586155.26
2013-12-13,42.252373,165671809,7000027015.92
2013-12-16,42.245362,164671809,6956620138.34
2013-12-17,42.057506,164971809,6938302845.86
2013-12-18,42.755372,165021809,7055568848.33
2013-12-19,42.675283,166621809,7110632781.1
2013-12-20,42.511759,169121809,7189665599.05
2013-12-23,42.481247,168171809,7144148176.23
2013-12-24,42.546399,167521809,7127449762.64
2013-12-26,42.726835,164271809,7018814441.37
2013-12-27,42.837963,157721809,6756480996.22
2013-12-30,42.964139,157971809,6787122727.67
2013-12-31,42.945653,156821809,6734814924.23
2014-01-02,42.478706,156971809,6667959335.86
2014-01-03,42.400615,161521809,6848624107.04
2014-01-06,42.210921,160221809,6763110083.95
2014-01-07,42.427144,159621809,6772297441.7
2014-01-08,42.145834,158821809,6693677582.84
2014-01-09,42.34334,156021809,6606484469.75
2014-01-10,42.413656,161871809,6865575170.92
2014-01-13,42.165945,160321809,6760120512.58
2014-01-14,42.412089,161071809,6831391935.17
2014-01-15,42.413181,160971809,6827326494.48
2014-01-16,42.412745,160971809,6827256356.26
2014-01-17,42.073907,162271809,6827409069.52
2014-01-21,42.219226,161521809,6819325803.47
2014-01-22,42.218427,161571809,6821307582.8
2014-01-23,41.815546,161571809,6756213467.16
2014-01-24,41.438976,160621809,6656003236.19
2014-01-27,41.320026,165721809,6847629485.92
2014-01-28,41.621249,166721809,6939169972.16
2014-01-29,40.879254,167321809,6839990736.1
2014-01-30,40.95128,157621809,6454814796.11
2014-01-31,40.786873,154221809,6290225414.6
2014-02-03,39.884256,153421809,6119114681.6
2014-02-04,40.106201,134821809,5407190536.97
2014-02-05,40.123875,131971809,5295220353.18
2014-02-06,40.570088,130921809,5311509256.81
2014-02-07,40.932206,129471809,5299566804.78
2014-02-10,41.109008,129771809,5334790272.79
2014-02-11,41.557727,129871809,5397177122.31
2014-02-12,41.359304,130921809,5414834888.44
2014-02-13,41.575915,129021809,5364199725.64
2014-02-14,41.850746,128121809,5361993276.83
2014-02-18,41.59104,128271809,5334957920.9
2014-02-19,41.486923,128071809,5313305319.7
2014-02-20,41.696529,130721809,5450645706.32
2014-02-21,41.612641,130971809,5450082878.0
2014-02-24,41.759891,131071809,5473544450.98
2014-02-25,41.921384,130371809,5465366648.28
2014-02-26,41.853314,131071809,5485789577.96
2014-02-27,42.044729,131071809,5510878623.74
2014-02-28,42.33264,132371809,5603648194.04
2014-03-03,42.123111,134021809,5645415563.96
2014-03-04,42.711966,133971809,5722199398.0
2014-03-05,42.592012,131971809,5620944912.83
2014-03-06,42.571395,131671809,5605452528.09
2014-03-07,42.650767,130671809,5573252889.2
2014-03-10,42.70579,128771809,5499301788.73
2014-03-11,42.680452,128521809,5485368954.75
2014-03-12,42.783941,124121809,5310420154.2
2014-03-13,42.539139,125721809,5348097503.39
2014-03-14,42.554826,123671809,5262832264.57
2014-03-17,42.837439,123021809,5269939205.18
2014-03-18,42.919507,123321809,5292911290.71
2014-03-19,42.547553,123121809,5238531733.94
2014-03-20,42.72863,120071809,5130503874.5
2014-03-21,42.521818,124971809,5314028506.55
2014-03-24,42.467988,124871809,5303054427.61
2014-03-25,42.736281,125621809,5368608874.99
2014-03-26,42.687932,127321809,5435104753.48
2014-03-27,42.619519,125971809,5368857938.32
2014-03-28,42.78031,126121809,5395530126.08
2014-03-31,43.036351,125871809,5417063302.94
2014-04-01,43.024852,127171809,5471548245.74
2014-04-02,43.082198,124571809,5366827280.56
2014-04-03,43.114077,125371809,5405289837.67
2014-04-04,42.918076,126571809,5432218458.81
2014-04-07,43.004611,129721809,5578635877.66
2014-04-08,43.188272,135821809,5865909233.57
2014-04-09,43.389223,136521809,5923575194.46
2014-04-10,42.986836,136321809,5860043294.16
2014-04-11,42.756737,136821809,5850054100.78
2014-04-14,43.076487,136571809,5883033746.66
2014-04-15,43.203644,136521809,5898239630.51
2014-04-16,43.608991,134521809,5866360398.75
2014-04-17,43.6514,134921809,5889525870.2
2014-04-18,43.6514,137621809,6007384650.2
2014-04-21,43.66009,137621809,6008580614.0
2014-04-22,43.618032,137121809,5980983493.58
2014-04-23,43.584805,138571809,6039625303.11
2014-04-24,43.715292,136221809,5954976218.27
2014-04-25,43.780552,136721809,5985756309.02
2014-04-28,44.280361,135321809,5992098543.47
2014-04-29,44.109726,134421809,5929309172.07
2014-04-30,44.227842,134871809,5965089085.95
2014-05-01,44.180488,134871809,5958702328.11
2014-05-02,44.167775,135121809,5968029707.6
2014-05-05,44.108167,131721809,5810007565.62
2014-05-06,43.817063,133021809,5828624985.21
2014-05-07,44.244148,132221809,5850041301.68
2014-05-08,44.294089,133121809,5896509258.17
2014-05-09,44.502173,133471809,5939785548.08
2014-05-12,44.549754,133121809,5930543841.42
2014-05-13,44.64536,133121809,5943271059.17
2014-05-14,44.394878,133121809,5909926405.92
2014-05-15,44.012687,132821809,5845844655.88
2014-05-16,44.285358,132221809,5855490198.97
2014-05-19,44.192241,131371809,5805614632.54
2014-05-20,44.010823,130621809,5748773360.28
2014-05-21,44.293701,129021809,5714853460.85
2014-05-22,44.222261,128771809,5694580490.83
2014-05-23,44.279863,129321809,5726352022.64
2014-05-27,44.403566,128971809,5726808196.67
2014-05-28,44.35556,129221809,5731705766.98
2014-05-29,44.727323,129221809,5779745529.3
2014-05-30,45.046196,129221809,5820950930.76
2014-06-02,44.939935,128471809,5773514724.67
2014-06-03,44.77304,128971809,5774460001.32
2014-06-04,44.959428,128821809,5791754909.64
2014-06-05,45.114644,127921809,5771146883.93
2014-06-06,45.233314,126071809,5702645669.92
2014-06-09,45.17004,124821809,5638206091.77
2014-06-10,45.180485,123571809,5583034232.02
2014-06-11,45.045455,122721809,5528059782.91
2014-06-12,44.722373,121171809,5419090805.54
2014-06-13,44.723286,122121809,5461688605.24
2014-06-16,44.87386,121971809,5473345827.99
2014-06-17,44.877143,131471809,5900079117.97
2014-06-18,45.399421,134621809,6111752126.01
2014-06-19,45.674752,145471809,6644388857.14
2014-06-20,45.22226,159971809,7234286794.79
2014-06-23,44.975098,160321809,7210489054.73
2014-06-24,44.790595,160971809,7210023044.87
2014-06-25,44.752993,156171809,6989155871.0
2014-06-26,44.583722,155921809,6951574599.53
2014-06-27,44.64937,149071809,6655962368.65
2014-06-30,44.62346,148771809,6638712884.38
2014-07-01,44.745862,155371809,6952245536.27
2014-07-02,44.842638,155371809,6967281827.83
2014-07-03,45.103449,155371809,7007804509.46
2014-07-07,45.140059,155121809,7002207583.56
2014-07-08,45.066819,155971809,7029153307.66
2014-07-09,45.249488,156971809,7102893916.58
2014-07-10,45.205445,156471809,7073377696.55
2014-07-11,45.245808,156821809,7095529514.26
2014-07-14,45.402176,157521809,7151832820.3
2014-07-15,45.037132,158371809,7132612050.38
2014-07-16,45.038824,155971809,7024786883.42
2014-07-17,44.738773,156121809,6984698110.92
2014-07-18,45.192432,156121809,7055524280.58
2014-07-21,44.992366,157271809,7076030784.25
2014-07-22,44.925049,157221809,7063197521.68
2014-07-23,44.842321,161871809,7258707689.82
2014-07-24,44.993891,160371809,7215751736.16
2014-07-25,44.795695,160371809,7183966638.71
2014-07-28,44.565641,161371809,7191638041.51
2014-07-29,44.33761,145671809,6458739787.04
2014-07-30,43.901086,141871809,6228326468.14
2014-07-31,43.130937,133371809,5752451083.76
2014-08-01,43.470993,129471809,5628268112.91
2014-08-04,43.623835,127471809,5560809136.65
2014-08-05,43.416413,126921809,5510489697.51
2014-08-06,43.794504,125971809,5516872935.85
2014-08-07,43.443033,137571809,5976536677.54
2014-08-08,43.88276,138771809,6089689934.73
2014-08-11,44.206036,139021809,6145603148.35
2014-08-12,44.155442,150871809,6661811346.49
2014-08-13,44.265267,151921809,6724859465.0
2014-08-14,44.458977,151921809,6754288252.57
2014-08-15,44.516513,151921809,6763029111.57
2014-08-18,44.772165,151671809,6790675302.45
2014-08-19,44.895128,150671809,6764430142.62
2014-08-20,44.883762,151521809,6800868764.91
2014-08-21,44.943585,151171809,6794203099.59
2014-08-22,44.863212,150971809,6773080315.47
2014-08-25,45.073836,152121809,6856713407.2
2014-08-26,45.049488,152121809,6853009594.02
2014-08-27,45.100118,152621809,6883261643.22
2014-08-28,45.088891,151921809,6849985864.29
2014-08-29,45.148876,151621809,6845554318.62
2014-09-02,45.129308,151621809,6842587368.74
2014-09-03,45.190732,159171809,7193090524.11
2014-09-04,45.307494,159171809,7211675786.84
2014-09-05,45.568843,158921809,7241883037.77
2014-09-08,45.274676,159471809,7220034534.59
2014-09-09,45.129699,157171809,7093116385.52
2014-09-10,45.327062,156821809,7108271899.0
2014-09-11,45.377575,157021809,7125268956.93
2014-09-12,45.079417,157471809,7098737279.08
2014-09-15,45.27418,156271809,7075078003.03
2014-09-16,45.605098,155171809,7076625548.94
2014-09-17,45.524172,157821809,7184707142.42
2014-09-18,45.619149,161021809,7345677865.94
2014-09-19,45.420204,163171809,7411296885.1
2014-09-22,45.348082,163121809,7397261090.0
2014-09-23,44.962547,161021809,7239950683.83
2014-09-24,45.520386,161521809,7352535151.84
2014-09-25,44.941896,165321809,7429875529.23
2014-09-26,45.103265,166921809,7528718580.65
2014-09-29,45.089,164921809,7436159403.37
2014-09-30,45.101871,167971809,7575842881.39
2014-10-01,44.827108,169021809,7576758874.07
2014-10-02,44.88941,167371809,7513221712.89
2014-10-03,45.399784,165421809,7510114478.75
2014-10-06,45.425349,166571809,7566582598.9
2014-10-07,45.192679,152371809,7710856720.99
2014-10-08,45.852906,174321809,7993161519.56
2014-10-09,45.414663,174621809,7930390563.83
2014-10-10,45.613521,175721809,8015290433.33
2014-10-13,44.969345,175721809,7902094610.27
2014-10-14,44.960055,176021809,7913950227.03
2014-10-15,44.430954,177021809,7865247797.16
2014-10-16,44.114691,179771809,7930577802.59
2014-10-17,44.629331,181971809,8121280060.53
2014-10-20,45.257363,181321809,8206146905.99
2014-10-21,45.46148,185671809,8440915301.69
2014-10-22,45.550699,187021809,8518974077.15
2014-10-23,45.532441,189471809,8627114036.55
2014-10-24,45.898955,188121809,8634594409.89
2014-10-27,46.015124,189421809,8716268073.72
2014-10-28,46.198852,189871809,8771859544.84
2014-10-29,46.149618,191521809,8838658343.38
2014-10-30,46.39879,192921809,8951338544.88
2014-10-31,46.719098,193821809,9055180181.7
2014-11-03,46.899012,193471809,9073636613.07
2014-11-04,47.134719,200421809,9446825601.54
2014-11-05,47.47733,200621809,9524987895.67
2014-11-06,47.591158,201271809,9578758371.53
2014-11-07,47.720803,202121809,9645414964.9
2014-11-10,47.92934,202121809,9687564999.15
2014-11-11,47.847937,202121809,9671111667.92
2014-11-12,47.852642,202171809,9674455191.29
2014-11-13,48.060361,202171809,9716450209.65
2014-11-14,47.76958,203271809,9710208929.45
2014-11-17,48.072964,200521809,9639677769.12
2014-11-18,48.26534,200071809,9656533963.88
2014-11-19,48.472438,199521809,9671308490.92
2014-11-20,48.253725,199271809,9615607146.61
2014-11-21,48.457207,198421809,9614966629.99
2014-11-24,48.409348,198921809,9629675120.96
2014-11-25,48.473418,198421809,9618183322.18
2014-11-26,48.676886,195771809,9529561977.21
2014-11-28,49.274366,195271809,9621894656.02
2014-12-01,48.964935,195671809,9581057409.84
2014-12-02,49.132934,197771809,9717109189.14
2014-12-03,48.80524,198221809,9674262933.53
2014-12-04,48.769957,198871809,9698969504.54
2014-12-05,48.847841,200571809,9797499766.96
2014-12-08,48.732139,202171809,9852264697.42
2014-12-09,48.589962,201971809,9813802493.25
2014-12-10,48.110337,202471809,9740986989.24
2014-12-11,48.519543,202121809,9806857885.49
2014-12-12,47.913542,201371809,9648436646.66
2014-12-15,47.602441,202371809,9633392096.05
2014-12-16,47.410449,202971809,9622984608.6
2014-12-17,48.09427,203871809,9805065888.8
2014-12-18,49.064305,205921809,10103410453.8
2014-12-19,48.616686,208271809,10125485172.79
2014-12-22,49.061155,212521809,10426565347.16
2014-12-23,49.442987,210471809,10406354989.95
2014-12-24,49.359948,211871809,10457981499.62
2014-12-26,49.453944,210671809,10418551812.99
2014-12-29,49.290973,210171809,10359573022.47
2014-12-30,49.10139,205921809,10111046998.82
2014-12-31,48.509944,205371809,9962574971.72
2015-01-02,48.333607,204121809,9865943302.89
2015-01-05,47.963175,203771809,9773542952.64
2015-01-06,47.963632,202921809,9732866992.05
2015-01-07,48.78226,203221809,9913619135.54
2015-01-08,49.528554,202821809,10045470993.14
2015-01-09,49.128188,203521809,9998657615.58
2015-01-12,48.951388,202971809,9935751783.19
2015-01-13,48.944294,201421809,9858448296.49
2015-01-14,48.815821,203021809,9910676372.04
2015-01-15,48.888484,198521809,9705430290.2
2015-01-16,49.278424,200621809,9886326584.85
2015-01-20,49.460819,203171809,10049043983.63
2015-01-21,49.6722,204371809,10151597303.53
2015-01-22,50.19789,204371809,10259033632.08
2015-01-23,49.659696,204671809,10163939737.97
2015-01-26,49.657776,203321809,10096508946.01
2015-01-27,49.077254,203721809,9998107003.22
2015-01-28,48.518229,203521809,9874517773.16
2015-01-29,48.900625,203321809,9942563435.27
2015-01-30,47.995182,202771809,9732069894.24
2015-02-02,48.614878,204171809,9925787599.14
2015-02-03,49.023904,207971809,10195590100.13
2015-02-04,49.075038,208021809,10208678270.74
2015-02-05,49.296368,208271809,10267043835.0
2015-02-06,49.063903,206821809,10147485255.61
2015-02-09,48.726592,205171809,9997323019.82
2015-02-10,49.255833,206421809,10167478170.75
2015-02-11,49.498815,206271809,10210210096.05
2015-02-12,49.738351,206021809,10247185136.85
2015-02-13,49.516399,206021809,10201458151.25
2015-02-17,49.526082,205321809,10168784792.26
2015-02-18,49.750323,204971809,10197413656.3
2015-02-19,49.446669,206671809,10219232461.0
2015-02-20,49.591624,206421809,10236792693.83
2015-02-23,49.72737,206171809,10252381829.37
2015-02-24,49.884715,204821809,10217477498.56
2015-02-25,49.752446,205871809,10242626036.6
2015-02-26,49.812523,204721809,10197709877.69
2015-02-27,50.02897,205671809,10289548781.55
2015-03-02,50.127074,205421809,10297194166.26
2015-03-03,49.910271,204271809,10195261364.93
2015-03-04,49.56057,202521809,10037096198.8
2015-03-05,49.739477,202721809,10083276796.9
2015-03-06,48.792647,202721809,9891333743.45
2015-03-09,49.03098,200071809,9809716884.57
2015-03-10,48.308887,199171809,9621768389.81
2015-03-11,47.965787,199171809,9553432663.61
2015-03-12,48.651742,198721809,9668162217.25
2015-03-13,48.301793,201271809,9721789275.63
2015-03-16,48.873288,200621809,9805047457.62
2015-03-17,48.53653,193021809,9368608796.52
2015-03-18,48.845776,192371809,9396550243.31
2015-03-19,48.62701,193621809,9415249557.73
2015-03-20,48.917359,183921809,8996969240.7
2015-03-23,49.032897,185721809,9106478342.95
2015-03-24,48.747493,185121809,9024224065.42
2015-03-25,48.640056,182121809,8858414905.64
2015-03-26,48.443625,182721809,8851706797.91
2015-03-27,48.729788,181621809,8850392309.02
2015-03-30,49.196167,183371809,9021190097.85
2015-03-31,48.778919,169371809,8261773736.82
2015-04-01,48.810766,166021809,8103651596.03
2015-04-02,49.125605,165871809,8148553003.76
2015-04-06,49.525814,163171809,8081216592.27
2015-04-07,49.326096,163171809,8048628261.01
2015-04-08,49.37399,163621809,8078661565.59
2015-04-09,49.55242,164821809,8167319467.2
2015-04-10,49.615336,165271809,8200016372.86
2015-04-13,49.37263,164221809,8108062597.18
2015-04-14,49.465242,164571809,8140584285.6
2015-04-15,49.334522,164571809,8119071513.81
2015-04-16,49.506178,163821809,8110191554.95
2015-04-17,49.050843,164321809,8060123246.12
2015-04-20,49.234743,163771809,8063263003.47
2015-04-21,49.297946,163121809,8041570114.73
2015-04-22,49.346039,163971809,8091359300.74
2015-04-23,49.164363,164471809,8086151715.4
2015-04-24,49.160669,163121809,8019177310.49
2015-04-27,48.929772,162521809,7952155025.53
2015-04-28,48.9491,160521809,7857398101.88
2015-04-29,48.555452,160521809,7794209029.46
2015-04-30,48.36215,159571809,7717235730.5
2015-05-01,48.805402,159771809,7797727343.51
2015-05-04,48.880379,159771809,7809706573.49
2015-05-05,48.517377,159171809,7722598636.6
2015-05-06,48.641458,159521809,7759373451.65
2015-05-07,48.747768,159671809,7783644241.74
2015-05-08,49.170299,158221809,7779813675.76
2015-05-11,48.95094,157371809,7703497933.73
2015-05-12,48.872161,157521809,7698431204.34
2015-05-13,48.849002,158471809,7741189688.28
2015-05-14,49.585216,158421809,7855379558.3
2015-05-15,49.747276,160821809,8000446930.41
2015-05-18,49.618091,157471809,7813450487.2
2015-05-19,49.472311,156421809,7738548414.41
2015-05-20,49.360102,157221809,7760484555.84
2015-05-21,49.450798,155871809,7707985312.11
2015-05-22,49.234461,154521809,7607798022.31
2015-05-26,48.879657,156921809,7670284165.72
2015-05-27,49.160685,155671809,7652932719.91
2015-05-28,49.104573,152871809,7506704837.24
2015-05-29,48.780726,152271809,7427929430.36
2015-06-01,48.798964,151821809,7408746977.12
2015-06-02,48.641851,152421809,7414078916.1
2015-06-03,48.627363,150671809,7326772727.15
2015-06-04,48.230627,149871809,7228411343.07
2015-06-05,47.604983,148771809,7082279380.57
2015-06-08,47.568272,149621809,7117250885.59
2015-06-09,47.794613,147671809,7057916978.27
2015-06-10,48.262766,145871809,7040176981.79
2015-06-11,48.248589,146671809,7076707814.69
2015-06-12,48.063158,147121809,7071138705.02
2015-06-15,47.720477,147021809,7015950905.06
2015-06-16,48.225227,146371809,7058813746.35
2015-06-17,48.484423,148321809,7191297347.08
2015-06-18,49.011017,149371809,7320864202.52
2015-06-19,48.698792,151071809,7357014615.25
2015-06-22,48.830879,151371809,7391618479.03
2015-06-23,48.64874,151621809,7376209913.8
2015-06-24,48.438042,152021809,7363638807.48
2015-06-25,48.346251,151671809,7332763395.09
2015-06-26,48.434185,151421809,7333991837.22
2015-06-29,47.694008,151021809,7202835389.54
2015-06-30,47.630612,151371809,7209931918.05
2015-07-01,48.189321,152071809,7328237282.18
2015-07-02,48.162482,153071809,7372318231.54
2015-07-06,48.138075,152871809,7358954578.29
2015-07-07,49.087438,153471809,7533537832.68
2015-07-08,48.575896,159921809,7768345127.75
2015-07-09,48.631017,160521809,7806338801.95
2015-07-10,49.145113,160621809,7893776881.68
2015-07-13,49.623028,159871809,7933323268.24
2015-07-14,49.711072,159421809,7925028965.9
2015-07-15,49.555523,162221809,8038986582.42
2015-07-16,50.101461,161621809,8097488830.47
2015-07-17,50.057164,161371809,8077815085.07
2015-07-20,50.164333,160121809,8032403758.51
2015-07-21,50.015032,159971809,8000995188.51
2015-07-22,50.159453,160821809,8066733890.9
2015-07-23,49.948628,161071809,8045315811.69
2015-07-24,49.682594,161571809,8027306520.02
2015-07-27,49.653016,161721809,8029975571.52
2015-07-28,50.201086,161221809,8093509959.28
2015-07-29,50.380912,162721809,8198073175.72
2015-07-30,50.203492,162421809,8154142006.64
2015-07-31,50.272866,164421809,8265955612.44
2015-08-03,50.396759,163571809,8243488990.58
2015-08-04,50.376509,163671809,8245214381.24
2015-08-05,50.816309,164721809,8370554377.07
2015-08-06,50.44348,164721809,8309141200.48
2015-08-07,50.121808,164621809,8251142773.14
2015-08-10,50.347671,163871809,8250563960.58
2015-08-11,50.165952,163221809,8188177499.41
2015-08-12,50.208252,161771809,8122279696.33
2015-08-13,50.014017,161671809,8085856616.41
2015-08-14,50.16145,161471809,8099660057.81
2015-08-17,50.202635,161371809,8101290013.04
2015-08-18,49.953468,160321809,8008630284.27
2015-08-19,49.458095,160421809,7934157020.17
2015-08-20,49.047492,159571809,7826596950.76
2015-08-21,47.744166,158221809,7554168278.44
2015-08-24,46.17065,162071809,7482960744.42
2015-08-25,45.680916,159471809,7284818317.68
2015-08-26,47.066663,156671809,7374019174.34
2015-08-27,47.756171,154921809,7398472423.87
2015-08-28,47.65748,153121809,7297399602.56
2015-08-31,47.320161,155271809,7347487024.08
2015-09-01,46.323961,158021809,7320196092.21
2015-09-02,46.969489,160271809,7527885025.46
2015-09-03,47.294545,159921809,7563429225.1
2015-09-04,46.521997,160021809,7444534162.43
2015-09-08,47.521658,159321809,7571236445.57
2015-09-09,46.6919,158721809,7411022779.85
2015-09-10,46.806567,158471809,7417521366.38
2015-09-11,47.0942,157571809,7420718266.17
2015-09-14,46.936743,152471809,7156530177.21
2015-09-15,47.501396,150471809,7147621019.63
2015-09-16,48.044927,149671809,7190971208.82
2015-09-17,48.050622,151521809,7280717138.26
2015-09-18,47.152256,151371809,7137522267.81
2015-09-21,47.550608,140321809,6672387400.76
2015-09-22,47.018549,144271809,6783451146.13
2015-09-23,47.115758,145221809,6842235587.49
2015-09-24,47.157793,150721809,7107707871.24
2015-09-25,47.49478,151921809,7215492967.59
2015-09-28,46.765565,154121809,7207593475.93
2015-09-29,46.754622,153071809,7156814629.03
2015-09-30,47.219418,155971809,7364898104.22
2015-10-01,47.22606,154721809,7306901403.0
2015-10-02,47.856043,155421809,7437872804.36
2015-10-05,48.671905,157971809,7688788867.6
2015-10-06,48.349274,158271809,7652327052.84
2015-10-07,48.76006,157221809,7666144794.74
2015-10-08,49.338604,157971809,7794108518.24
2015-10-09,49.471195,157221809,7777950744.51
2015-10-12,49.594278,158671809,7869213807.79
2015-10-13,49.277822,160171809,7892917909.2
2015-10-14,48.703068,160221809,7803293729.29
2015-10-15,49.186025,159971809,7868377394.37
2015-10-16,49.660456,160171809,7954205019.33
2015-10-19,49.831333,161871809,8066288014.66
2015-10-20,49.811066,162371809,8087912827.25
2015-10-21,49.808342,161221809,8030191076.12
2015-10-22,50.780159,163321809,8293507486.8
2015-10-23,50.74667,165021809,8374307262.22
2015-10-26,50.652559,164871809,8351179113.21
2015-10-27,50.67916,169021809,8565883298.88
2015-10-28,50.434535,167271809,8436275981.02
2015-10-29,50.422003,166771809,8408968618.13
2015-10-30,49.880085,167621809,8360990064.02
2015-11-02,50.174108,165321809,8294874301.99
2015-11-03,49.914193,165471809,8259391855.26
2015-11-04,49.695869,164471809,8173569542.38
2015-11-05,49.699544,164321809,8166719035.82
2015-11-06,49.178513,163071809,8019629069.33
2015-11-09,48.837994,159821809,7805376471.77
2015-11-10,48.985309,158371809,7757891978.11
2015-11-11,48.925406,158321809,7745958799.09
2015-11-12,48.265906,158521809,7651198708.75
2015-11-13,47.854177,157721809,7547647422.59
2015-11-16,48.647122,158671809,7718926808.95
2015-11-17,48.612385,159071809,7732860005.71
2015-11-18,49.282307,157471809,7760574095.9
2015-11-19,49.421802,157771809,7797367062.96
2015-11-20,49.083413,159121809,7810241441.5
2015-11-23,49.483515,159571809,7896173965.77
2015-11-24,49.598112,158321809,7852462822.54
2015-11-25,49.754758,158521809,7887214233.0
2015-11-27,49.929112,157771809,7877406267.64
2015-11-30,49.427692,158321809,7825481617.76
2015-12-01,49.833769,157071809,7827480204.89
2015-12-02,49.576579,154571809,7663141510.71
2015-12-03,49.320948,154921809,7640890514.69
2015-12-04,50.437182,153821809,7758338624.15
2015-12-07,50.589196,154371809,7809545748.14
2015-12-08,50.448381,156671809,7903839166.46
2015-12-09,49.975566,155971809,7794779436.46
2015-12-10,50.014405,157671809,7885861671.15
2015-12-11,49.484971,156171809,7728157448.17
2015-12-14,49.94992,155121809,7748321879.87
2015-12-15,50.276663,154871809,7786437740.1
2015-12-16,51.263428,154821809,7936696715.91
2015-12-17,50.60084,158871809,8039047037.12
2015-12-18,49.351765,160721809,7931905000.22
2015-12-21,49.887727,161971809,8080405467.9
2015-12-22,50.526872,161071809,8138454659.19
2015-12-23,50.936097,161271809,8214556434.79
2015-12-24,50.861238,161771809,8227914444.03
2015-12-28,50.792258,161921809,8224374310.7
2015-12-29,51.234074,161171809,8257488408.01
2015-12-30,51.050783,162171809,8278997878.72
2015-12-31,50.490395,161271809,8142677278.11
2016-01-04,49.831238,160871809,8016441467.13
2016-01-05,50.176982,163071809,8182451178.07
2016-01-06,50.005231,163621809,8181946279.51
2016-01-07,49.415619,165071809,8157125645.2
2016-01-08,49.038049,167221809,8200231230.46
2016-01-11,49.495933,166971809,8264425409.26
2016-01-12,49.730781,166721809,8291205715.69
2016-01-13,48.861001,172771809,8441803552.22
2016-01-14,49.102602,171671809,8429532428.55
2016-01-15,48.332628,167421809,8091935986.7
2016-01-19,48.896352,170771809,8350118402.56
2016-01-20,48.274821,171771809,8292253351.05
2016-01-21,48.465485,175571809,8509172815.56
2016-01-22,49.262191,173921809,8567769442.76
2016-01-25,48.851221,173521809,8476752196.7
2016-01-26,49.295719,173171809,8536628840.92
2016-01-27,49.24397,175171809,8626155338.9
2016-01-28,49.756664,173621809,8638841950.44
2016-01-29,50.799355,175071809,8893534926.94
2016-02-01,50.947288,177171809,9026423099.12
2016-02-02,50.292396,178371809,8970745642.44
2016-02-03,50.188451,177321809,8899506861.24
2016-02-04,49.723045,176171809,8759798818.17
2016-02-05,49.643351,173221809,8599311038.18
2016-02-08,49.503741,174121809,8619680884.3
2016-02-09,49.807866,176321809,8782213105.14
2016-02-10,49.769935,179271809,8922346346.72
2016-02-11,49.369854,180221809,8897524483.76
2016-02-12,50.072308,182471809,9136784706.14
2016-02-16,50.460121,184821809,9326130880.8
2016-02-17,50.985965,185371809,9451360605.01
2016-02-18,50.758755,184421809,9361021401.13
2016-02-19,50.860208,184221809,9369559610.31
2016-02-22,51.08289,185571809,9479544392.41
2016-02-23,51.067684,186471809,9522683504.66
2016-02-24,51.226694,186221809,9539527547.41
2016-02-25,51.84259,188421809,9768274545.48
2016-02-26,51.120384,188871809,9655199379.93
2016-02-29,50.92337,183921809,9365918264.88
2016-03-01,51.450984,181621809,9344620868.13
2016-03-02,51.557203,183271809,9448981775.96
2016-03-03,51.81044,183821809,9523888874.66
2016-03-04,52.040933,188471809,9808248780.26
2016-03-07,51.720552,187721809,9709075502.97
2016-03-08,51.888133,187821809,9745723018.83
2016-03-09,52.289877,190871809,9980663338.23
2016-03-10,52.286041,192321809,10055746062.36
2016-03-11,52.47467,190771809,10010687806.37
2016-03-14,52.444798,191621809,10049567003.15
2016-03-15,52.544845,190371809,10003057146.35
2016-03-16,52.664498,190271809,10020569222.64
2016-03-17,53.021457,190321809,10091139621.84
2016-03-18,52.662444,194521809,10243993862.56
2016-03-21,52.688984,195121809,10280769851.7
2016-03-22,52.351674,193571809,10133808324.59
2016-03-23,52.371907,192871809,10101064456.57
2016-03-24,52.343355,192621809,10082471760.75
2016-03-28,52.571852,193171809,10155399673.0
2016-03-29,52.966028,193771809,10263323011.22
2016-03-30,53.227291,195721809,10417741595.69
2016-03-31,53.046586,195271809,10358502860.26
2016-04-01,53.709299,194821809,10463742695.48
2016-04-04,53.619163,192421809,10317496360.93
2016-04-05,53.255587,193371809,10298129103.77
2016-04-06,53.68425,194821809,10458862683.87
2016-04-07,53.149702,194671809,10346748594.7
2016-04-08,53.402055,194121809,10366503463.77
2016-04-11,53.021199,193921809,10281966777.54
2016-04-12,53.341947,194921809,10397508812.45
2016-04-13,52.938992,194771809,10311023199.16
2016-04-14,52.735755,193671809,10213429121.32
2016-04-15,53.034966,192171809,10191825395.0
2016-04-18,53.223681,194671809,10361150234.41
2016-04-19,53.296795,192521809,10260795419.47
2016-04-20,52.608826,192871809,10146759447.89
2016-04-21,51.740336,190771809,9870597563.01
2016-04-22,51.922051,185371809,9624884591.3
2016-04-25,52.297286,180621809,9446030436.4
2016-04-26,52.135483,181421809,9458513622.88
2016-04-27,52.38036,179971809,9426988098.08
2016-04-28,52.388565,179371809,9397031685.02
2016-04-29,52.325567,178721809,9351719923.64
2016-05-02,52.873449,178421809,9433776358.91
2016-05-03,52.80556,177921809,9395260704.69
2016-05-04,52.950863,180971809,9582613412.89
2016-05-05,52.984812,181371809,9609951220.69
2016-05-06,53.222684,179921809,9575921517.03
2016-05-09,53.536279,179421809,9605575952.74
2016-05-10,54.048413,179171809,9683951894.07
2016-05-11,53.632653,177971809,9545100304.9
2016-05-12,53.922541,178171809,9607476707.45
2016-05-13,53.279823,178571809,9514274342.61
2016-05-16,53.567963,178771809,9576441651.75
2016-05-17,52.553713,180221809,9471325142.47
2016-05-18,52.00366,177871809,9249985167.04
2016-05-19,52.412703,174871809,9165504203.3
2016-05-20,52.186419,175821809,9175510522.18
2016-05-23,52.189861,175521809,9160458784.43
2016-05-24,52.664174,178621809,9406970043.09
2016-05-25,52.754417,185371809,9779181704.38
2016-05-26,52.929676,183171809,9695224412.3
2016-05-27,52.996398,183371809,9718045395.76
2016-05-31,52.729409,182571809,9626903521.36
2016-06-01,53.145182,181221809,9631066053.07
2016-06-02,53.225709,181571809,9664288320.28
2016-06-03,53.547586,182071809,9749505877.66
2016-06-06,53.555791,184421809,9876855912.93
2016-06-07,53.526977,183371809,9815338639.29
2016-06-08,53.849358,182921809,9850222047.71
2016-06-09,54.056118,182721809,9877231701.57
2016-06-10,54.113735,182721809,9887759530.01
2016-06-13,53.705191,183371809,9848017975.34
2016-06-14,53.859839,182371809,9822516328.17
2016-06-15,53.700214,182521809,9801460193.83
2016-06-16,54.026511,182771809,9874523094.93
2016-06-17,53.455984,183221809,9794302001.89
2016-06-20,53.575422,182171809,9759931596.51
2016-06-21,53.778241,181371809,9753856765.93
2016-06-22,53.777589,182371809,9807516173.68
2016-06-23,54.136379,181721809,9837760770.87
2016-06-24,53.112098,182221809,9678182668.36
2016-06-27,52.992035,183271809,9711946091.84
2016-06-28,53.316335,181571809,9680743413.52
2016-06-29,53.943991,180921809,9759644394.32
2016-06-30,55.138914,182421809,10058540485.45
2016-07-01,54.962728,183171809,10067622311.19
2016-07-05,55.239432,180871809,9991256063.65
2016-07-06,55.245297,183671809,10147003637.9
2016-07-07,55.164909,192171809,10601140401.8
2016-07-08,55.719084,188071809,10479188885.27
2016-07-11,55.724336,187971809,10474604214.61
2016-07-12,55.417979,187171809,10372683405.81
2016-07-13,55.692865,182721809,10176300987.69
2016-07-14,55.737306,182271809,10159339507.07
2016-07-15,55.72985,178021809,9921128626.06
2016-07-18,55.646022,177821809,9895076273.1
2016-07-19,55.568175,175471809,9750648129.0
2016-07-20,55.41775,176921809,9804608520.78
2016-07-21,55.245041,176821809,9768528067.05
2016-07-22,55.502958,179421809,9958441143.71
2016-07-25,55.429079,175771809,9742869411.24
2016-07-26,54.997129,175971809,9677944218.89
2016-07-27,54.195246,174421809,9452832830.67
2016-07-28,54.450437,170871809,9304044588.53
2016-07-29,54.689424,171521809,9380428995.22
2016-08-01,54.754003,173871809,9520177524.61
2016-08-02,54.684986,173771809,9502708943.43
2016-08-03,54.409759,172921809,9408633933.43
2016-08-04,54.501474,171321809,9337291201.58
2016-08-05,54.621905,172321809,9412545502.96
2016-08-08,54.545559,169621809,9252116393.8
2016-08-09,54.683193,168671809,9223513061.59
2016-08-10,54.91702,170721809,9375532925.44
2016-08-11,54.889609,171121809,9392809220.84
2016-08-12,55.067599,169821809,9351679326.6
2016-08-15,54.983298,169871809,9340112310.63
2016-08-16,54.721965,168471809,9219108450.15
2016-08-17,54.910225,167721809,9209642236.57
2016-08-18,55.077683,168871809,9301067880.7
2016-08-19,54.941659,170171809,9349521514.76
2016-08-22,54.990906,170071809,9352402800.44
2016-08-23,54.878696,168621809,9253745073.22
2016-08-24,54.794153,167021809,9151818539.4
2016-08-25,54.564601,167671809,9148945308.9
2016-08-26,54.30461,166821809,9059193319.36
2016-08-29,54.611014,164521809,8984702803.21
2016-08-30,54.332253,166321809,9036638558.26
2016-08-31,54.420812,165671809,9015994444.86
2016-09-01,54.428498,165671809,9017267791.21
2016-09-02,54.800843,163521809,8961132989.69
2016-09-06,54.941275,164821809,9055520393.09
2016-09-07,54.44002,165521809,9011010513.86
2016-09-08,54.192433,166371809,9016093126.53
2016-09-09,52.693362,166271809,8761420694.42
2016-09-12,53.673283,166721809,8948506868.23
2016-09-13,53.007416,165871809,8792436019.26
2016-09-14,52.844462,165571809,8749553235.29
2016-09-15,53.281799,164821809,8782002568.0
2016-09-16,52.789108,164671809,8692877958.82
2016-09-19,52.703237,168271809,8868469012.97
2016-09-20,52.815746,167021809,8821381400.77
2016-09-21,53.119933,168471809,8949211237.89
2016-09-22,53.592554,169921809,9106543691.35
2016-09-23,53.325055,173971809,9277056228.61
2016-09-26,52.86727,169921809,8983302190.83
2016-09-27,53.121215,167271809,8885681738.84
2016-09-28,53.191003,166021809,8830866580.34
2016-09-29,52.701844,166021809,8749655453.3
2016-09-30,53.213631,166721809,8871872836.46
2016-10-03,52.895213,167121809,8839943653.06
2016-10-04,52.425286,170071809,8916063177.51
2016-10-05,52.36973,168071809,8801875192.29
2016-10-06,52.440649,168171809,8819038799.0
2016-10-07,52.328235,171121809,8954502161.44
2016-10-10,52.355104,170921809,8948629028.95
2016-10-11,52.053687,170121809,8855467454.97
2016-10-12,52.31929,165971809,8683527142.83
2016-10-13,52.33066,166171809,8695880468.33
2016-10-14,52.357574,170221809,8912400997.9
2016-10-17,52.125968,167771809,8745267930.07
2016-10-18,52.2829,170221809,8899689851.16
2016-10-19,51.992147,164921809,8574638860.69
2016-10-20,51.938952,164921809,8565865965.67
2016-10-21,52.213365,159271809,8316117172.47
2016-10-24,52.564922,157021809,8253839105.65
2016-10-25,52.715896,157021809,8277545383.1
2016-10-26,52.701937,155221809,8180490047.36
2016-10-27,52.435596,154571809,8105064892.53
2016-10-28,52.678673,154821809,8155807433.53
2016-10-31,52.795183,154921809,8179125219.48
2016-11-01,52.546879,155821809,8187949808.98
2016-11-02,52.456172,157921809,8283973500.75
2016-11-03,52.091777,157771809,8218613910.28
2016-11-04,51.584067,153521809,7919279206.4
2016-11-07,52.503755,151871809,7973840253.64
2016-11-08,52.717625,152421809,8035315767.53
2016-11-09,52.017476,153121809,7965010081.16
2016-11-10,50.602461,148921809,7535810102.61
2016-11-11,50.523186,143371809,7243600631.65
2016-11-14,50.432206,142571809,7190210905.91
2016-11-15,50.801475,154421809,7844855637.88
2016-11-16,50.790817,153821809,7812735426.58
2016-11-17,50.700778,153871809,7801420433.45
2016-11-18,50.513184,153121809,7734670101.96
2016-11-21,50.849059,153671809,7814066902.15
2016-11-22,51.111518,155721809,7959178054.25
2016-11-23,50.824158,149421809,7594237618.41
2016-11-25,51.230175,148921809,7629290326.41
2016-11-28,51.301243,149771809,7683480016.73
2016-11-29,51.366277,151221809,7767701379.74
2016-11-30,50.560294,150271809,7597786878.25
2016-12-01,50.215573,146171809,7340101132.09
2016-12-02,50.546494,141921809,7173649810.48
2016-12-05,50.596746,146371809,7405937208.5
2016-12-06,50.745668,151221809,7673851717.06
2016-12-07,51.520906,151371809,7798812669.8
2016-12-08,51.324398,154471809,7928172638.89
2016-12-09,52.019148,150871809,7848222887.52
2016-12-12,52.254945,149771809,7826317680.32
2016-12-13,52.474131,151421809,7945727819.63
2016-12-14,51.934449,151371809,7861411436.73
2016-12-15,52.177833,149671809,7809550703.11
2016-12-16,52.052271,146471809,7624190333.55
2016-12-19,52.130491,151571809,7901512853.99
2016-12-20,52.042037,152271809,7924535186.09
2016-12-21,52.053957,155671809,8103333692.35
2016-12-22,51.965519,154371809,8022011155.72
2016-12-23,52.053208,155021809,8069382540.14
2016-12-27,52.065302,155321809,8086876951.64
2016-12-28,51.755686,157121809,8131947048.93
2016-12-29,51.964666,156871809,8151791175.98
2016-12-30,51.718566,160371809,8294199969.89
2017-01-03,51.878263,160671809,8335374442.32
2017-01-04,51.926974,163521809,8491192706.68
2017-01-05,52.034493,160821809,8368281299.46
2017-01-06,52.071135,163171809,8496541365.66
2017-01-09,51.721687,162971809,8429176879.44
2017-01-10,51.427709,162721809,8368409797.48
2017-01-11,51.558342,163321809,8420601648.44
2017-01-12,51.527355,158721809,8178515026.43
2017-01-13,51.52915,154521809,7962377449.86
2017-01-17,52.237642,152471809,7964767703.24
2017-01-18,52.411906,152271809,7980855681.63
2017-01-19,52.221897,154521809,8069421961.53
2017-01-20,52.577383,159921809,8408270145.36
2017-01-23,52.498659,163471809,8582050742.01
2017-01-24,52.898007,159671809,8446320543.92
2017-01-25,52.91467,158671809,8396066358.99
2017-01-26,52.690119,157071809,8276132270.63
2017-01-27,52.358949,155521809,8142958470.94
2017-01-30,52.38135,156271809,8185728298.01
2017-01-31,52.573374,157521809,8281453018.69
2017-02-01,52.277423,159521809,8339389147.37
2017-02-02,52.689852,153971809,8112751805.01
2017-02-03,52.959809,148271809,7852446646.59
2017-02-06,52.732453,140471809,7407423110.72
2017-02-07,53.163744,142471809,7574334789.65
2017-02-08,53.392021,142421809,7604188272.23
2017-02-09,53.608797,142621809,7645783647.75
2017-02-10,53.576815,146021809,7823383394.76
2017-02-13,53.609913,148021809,7935436241.18
2017-02-14,53.657028,156371809,8390446469.16
2017-02-15,54.108107,155371809,8406874458.39
2017-02-16,54.136816,151871809,8221856181.92
2017-02-17,54.502221,149171809,8130194865.41
2017-02-21,55.026634,150871809,8301967768.4
2017-02-22,54.953137,154871809,8510691709.63
2017-02-23,55.060664,154421809,8502567299.88
2017-02-24,55.304458,156171809,8636997202.24
2017-02-27,54.999466,158071809,8693865048.1
2017-02-28,55.108576,160221809,8829595782.55
2017-03-01,55.364647,164021809,9081009545.54
2017-03-02,55.346023,165571809,9163741159.07
2017-03-03,55.117423,159471809,8789675150.16
2017-03-06,54.877183,160471809,8806240785.59
2017-03-07,54.809494,161921809,8874852408.95
2017-03-08,54.692351,163521809,8943392107.32
2017-03-09,54.816574,163521809,8963705325.9
2017-03-10,55.065341,165221809,9097995293.62
2017-03-13,55.067891,163571809,9007554561.08
2017-03-14,54.976329,162971809,8959591845.43
2017-03-15,55.377779,160471809,8886572333.79
2017-03-16,55.400787,161271809,8934585075.67
2017-03-17,55.016742,161771809,8900157837.06
2017-03-20,55.084974,158371809,8723906943.11
2017-03-21,55.01036,158771809,8734094344.47
2017-03-22,54.933286,160521809,8817990371.19
2017-03-23,54.802022,159571809,8744857747.1
2017-03-24,54.660199,159071809,8694896700.97
2017-03-27,54.630735,158121809,8638310638.97
2017-03-28,54.768746,158971809,8706686612.46
2017-03-29,54.85544,161021809,8832922234.83
2017-03-30,54.718267,161821809,8854609019.95
2017-03-31,54.602821,161671809,8827736909.97
2017-04-03,54.509828,162921809,8880839791.17
2017-04-04,54.646216,160371809,8763712576.19
2017-04-05,54.563358,159121809,8682220235.49
2017-04-06,54.565051,159571809,8707043878.82
2017-04-07,54.698872,158271809,8657289344.87
2017-04-10,54.848832,158971809,8719418085.66
2017-04-11,54.877183,159771809,8767826843.82
2017-04-12,55.096524,160171809,8824909866.91
2017-04-13,54.811878,161921809,8875238366.44
2017-04-17,55.207233,163371809,9019305491.06
2017-04-18,55.485072,164471809,9125730207.42
2017-04-19,55.247578,166021809,9172302882.54
2017-04-20,55.121508,165021809,9096250969.61
2017-04-21,54.985984,165421809,9095880954.94
2017-04-24,55.511414,165421809,9182798551.75
2017-04-25,55.701213,164021809,9136213776.26
2017-04-26,55.254414,163021809,9007674454.46
2017-04-27,55.188312,162571809,8972063797.03
2017-04-28,55.174407,162021809,8939457266.6
2017-05-01,54.904361,160621809,8818837728.54
2017-05-02,54.5931,161721809,8828894964.02
2017-05-03,54.668999,162521809,8884904598.42
2017-05-04,55.098175,164071809,9040057232.65
2017-05-05,55.238495,163971809,9057556013.09
2017-05-08,55.221289,163821809,9046451416.92
2017-05-09,54.998475,163121809,8971450780.14
2017-05-10,55.058272,161021809,8865582595.92
2017-05-11,55.109267,160471809,8843483802.49
2017-05-12,54.973656,160021809,8796983879.09
2017-05-15,55.174177,159671809,8809760645.51
2017-05-16,55.086177,159571809,8790200979.97
2017-05-17,55.001231,161221809,8867397998.94
2017-05-18,55.02821,160771809,8846984885.69
2017-05-19,55.342727,160771809,8897550257.18
2017-05-22,55.678519,161771809,9007214711.92
2017-05-23,55.703971,160921809,8963983782.05
2017-05-24,55.951836,159321809,8914347791.81
2017-05-25,56.312291,159321809,8971776081.96
2017-05-26,56.504224,156471809,8841318197.48
2017-05-30,56.486546,155571809,8787714154.7
2017-05-31,56.666102,156971809,8894980486.43
2017-06-01,57.098505,155921809,8902902182.5
2017-06-02,57.292608,160871809,9216765525.77
2017-06-05,57.343085,163471809,9373977759.81
2017-06-06,57.191922,169721809,9706716485.59
2017-06-07,57.162623,177821809,10164760947.35
2017-06-08,56.730057,177621809,10076495348.56
2017-06-09,56.696357,179921809,10200911032.05
2017-06-12,56.662994,180521809,10228906202.66
2017-06-13,56.765804,181171809,10284363376.93
2017-06-14,57.090063,183321809,10465853545.34
2017-06-15,56.97061,186421809,10620564159.81
2017-06-16,55.941566,187571809,10493060653.75
2017-06-19,56.224082,189371809,10647256054.58
2017-06-20,55.993247,192121809,10757523859.49
2017-06-21,55.824235,191021809,10663646325.48
2017-06-22,55.470523,185371809,10282671269.61
2017-06-23,55.485526,185171809,10274355303.17
2017-06-26,55.703069,184071809,10253364685.73
2017-06-27,55.214846,184171809,10169017989.91
2017-06-28,55.445907,184171809,10211573065.07
2017-06-29,54.827323,183871809,10081198995.66
2017-06-30,54.948496,179971809,9889180279.72
2017-07-03,54.877621,176821809,9703560301.64
2017-07-05,54.839012,177421809,9729636781.32
2017-07-06,54.538301,178971809,9760818452.93
2017-07-07,54.49827,177621809,9680081351.49
2017-07-10,54.132735,176821809,9571848097.95
2017-07-11,53.979513,176721809,9539357151.04
2017-07-12,54.277857,176371809,9573083915.73
2017-07-13,54.304706,176171809,9566958368.75
2017-07-14,54.717964,173721809,9505703623.63
2017-07-17,54.761692,172971809,9472228963.86
2017-07-18,54.763464,172121809,9425986524.55
2017-07-19,54.984986,170971809,9400882598.97
2017-07-20,54.958714,169521809,9316700699.59
2017-07-21,55.091723,169621809,9344757676.6
2017-07-24,54.892413,167021809,9168230110.75
2017-07-25,55.306786,171571809,9489085264.74
2017-07-26,55.310621,171771809,9500805395.55
2017-07-27,55.808392,171271809,9558404212.92
2017-07-28,55.346591,171121809,9471008781.28
2017-07-31,55.312789,173371809,9589678280.67
2017-08-01,55.271004,174021809,9618360103.43
2017-08-02,55.238884,168321809,9297908881.27
2017-08-03,55.138209,163171809,8997001251.77
2017-08-04,55.029541,158571809,8726133930.84
2017-08-07,55.44043,153621809,8516859210.33
2017-08-08,55.226909,152921809,8445398848.66
2017-08-09,55.333949,153771809,8508801423.91
2017-08-10,55.071747,154621809,8515293117.74
2017-08-11,55.122131,152971809,8432132020.52
2017-08-14,55.411548,152921809,8473634210.13
2017-08-15,55.647715,153921809,8565396989.34
2017-08-16,55.854115,152971809,8544105067.63
2017-08-17,55.355416,152521809,8442908133.15
2017-08-18,55.179043,151921809,8382900106.18
2017-08-21,55.406934,151421809,8389818236.16
2017-08-22,55.436175,148821809,8250111819.3
2017-08-23,55.259485,144771809,8000015643.91
2017-08-24,54.49554,146871809,8003858591.51
2017-08-25,54.638842,148871809,8134183197.32
2017-08-28,54.523741,148621809,8103417056.54
2017-08-29,54.674871,148721809,8131345663.74
2017-08-30,54.708687,149671809,8188348182.97
2017-08-31,54.728463,149171809,8163943836.01
2017-09-01,54.963249,149821809,8234693354.38
2017-09-05,55.078504,159221809,8769699037.66
2017-09-06,55.271364,158121809,8739608046.43
2017-09-07,55.383163,165371809,9158813885.03
2017-09-08,55.063395,168771809,9293148783.2
2017-09-11,55.433585,167271809,9272476086.1
2017-09-12,55.532231,169121809,9391711402.1
2017-09-13,55.582839,170971809,9503098554.49
2017-09-14,55.462534,170171809,9438159786.21
2017-09-15,55.240412,170621809,9425218952.8
2017-09-18,55.264252,173821809,9606132261.0
2017-09-19,55.102303,175471809,9668900749.8
2017-09-20,54.606586,173071809,9450860701.51
2017-09-21,54.064411,169621809,9170503271.89
2017-09-22,53.947558,167421809,9031997743.94
2017-09-25,54.309876,163721809,8891711139.23
2017-09-26,54.410101,163171809,8878194561.39
2017-09-27,54.020944,161871809,8744467875.87
2017-09-28,54.031028,162321809,8770414220.8
2017-09-29,53.986425,162421809,8768572733.7
2017-10-02,53.872155,163171809,8790417050.06
2017-10-03,53.909093,162271809,8747926014.84
2017-10-04,54.112973,156871809,8488799985.24
2017-10-05,54.337279,153271809,8328373056.74
2017-10-06,53.830876,147721809,7951994325.28
2017-10-09,53.657123,147271809,7902181560.52
2017-10-10,54.145918,143321809,7760290984.22
2017-10-11,54.257701,144471809,7838708286.29
2017-10-12,54.478774,145821809,7944193440.98
2017-10-13,54.546361,145471809,7934957747.78
2017-10-16,54.578533,148521809,8106102436.23
2017-10-17,54.370494,148221809,8058892920.41
2017-10-18,54.308211,148621809,8071384569.8
2017-10-19,54.021657,147321809,7958568255.91
2017-10-20,53.913696,147571809,7956141687.63
2017-10-23,53.855025,147071809,7920555979.36
2017-10-24,53.683688,146571809,7868515290.14
2017-10-25,53.514456,144871809,7752736052.93
2017-10-26,53.578322,144771809,7756630541.6
2017-10-27,53.119424,145771809,7743314508.99
2017-10-30,52.64006,145771809,7673436733.49
2017-10-31,53.097605,145821809,7742788799.23
2017-11-01,53.247281,146121809,7780588968.8
2017-11-02,53.119411,147721809,7846895414.26
2017-11-03,53.136172,146971809,7809519297.86
2017-11-06,52.574184,146121809,7682234807.49
2017-11-07,53.163001,144721809,7693845680.29
2017-11-08,53.734483,143721809,7722817049.82
2017-11-09,53.721262,146121809,7849847991.31
2017-11-10,54.25874,147371809,7996208695.45
2017-11-13,54.589894,147571809,8055929483.0
2017-11-14,54.769267,147371809,8071445891.75
2017-11-15,54.18399,148671809,8055631868.5
2017-11-16,54.936466,149271809,8200465702.61
2017-11-17,54.74214,149221809,8168721099.11
2017-11-20,54.704388,149421809,8174028592.69
2017-11-21,54.870135,148571809,8152155199.21
2017-11-22,54.785238,149271809,8177891616.07
2017-11-24,54.770669,149821809,8205840755.88
2017-11-27,54.804282,149021809,8167033317.51
2017-11-28,55.240417,147921809,8171262437.21
2017-11-29,55.528658,148271809,8233334522.1
2017-11-30,56.048973,148921809,8346914491.57
2017-12-01,56.185525,148671809,8353203670.97
2017-12-04,56.731701,152471809,8649985044.95
2017-12-05,56.628102,155321809,8795579309.97
2017-12-06,56.96078,162171809,9237432714.45
2017-12-07,56.459855,167621809,9463903025.19
2017-12-08,56.588762,167221809,9462875181.87
2017-12-11,56.587188,168321809,9524857820.89
2017-12-12,56.58098,168421809,9529470979.61
2017-12-13,56.871661,168971809,9609707459.07
2017-12-14,56.654188,170421809,9655109221.87
2017-12-15,56.881391,170471809,9696673639.4
2017-12-18,56.828902,170471809,9687725663.57
2017-12-19,56.91627,169921809,9671315615.02
2017-12-20,56.793052,171821809,9758284854.78
2017-12-21,56.76361,170371809,9670919004.15
2017-12-22,56.864475,169221809,9622709352.46
2017-12-26,57.002873,168771809,9620477938.76
2017-12-27,56.996051,167621809,9553781192.62
2017-12-28,56.894268,165971809,9442844507.1
2017-12-29,56.861487,166221809,9451619165.83
2018-01-02,56.560816,165621809,9367704738.34
2018-01-03,56.528618,161871809,9150389631.27
2018-01-04,56.692554,154371809,8751732131.53
2018-01-05,56.951991,150121809,8549735843.59
2018-01-08,57.089494,145621809,8313475425.23
2018-01-09,56.988522,144271809,8221837164.3
2018-01-10,56.704857,147521809,8365203117.53
2018-01-11,56.647244,146921809,8322715546.23
2018-01-12,56.649771,144271809,8172964914.0
2018-01-16,56.890857,142821809,8125255173.7
2018-01-17,57.544754,144871809,8336612581.55
2018-01-18,57.409357,147071809,8443297984.33
2018-01-19,58.038024,146171809,8483522926.89
2018-01-22,58.45242,143921809,8412578091.24
2018-01-23,58.294403,143971809,8392750692.16
2018-01-24,58.348433,146421809,8543483090.45
2018-01-25,58.409777,148271809,8660523273.42
2018-01-26,58.739188,148371809,8715239567.87
2018-01-29,58.474136,147821809,8643752586.49
2018-01-30,58.068054,146471809,8505332845.79
2018-01-31,57.815019,145521809,8413346164.03
2018-02-01,57.553878,146571809,8435776050.67
2018-02-02,56.508663,146621809,8285402338.73
2018-02-05,54.436319,145371809,7913506202.89
2018-02-06,55.005339,147221809,8097985559.82
2018-02-07,54.769488,147521809,8079693919.92
2018-02-08,53.597253,148071809,7936242259.12
2018-02-09,53.716196,146971809,7894766483.79
2018-02-12,54.267903,145321809,7886309828.48
2018-02-13,54.505042,139771809,7618268358.02
2018-02-14,54.478498,137671809,7500153376.8
2018-02-15,55.36717,131971809,7306905559.13
2018-02-16,55.593914,135771809,7548086215.4
2018-02-20,54.355812,134371809,7303888726.35
2018-02-21,53.669517,137371809,7372678678.01
2018-02-22,53.809278,137471809,7397258855.73
2018-02-23,54.346324,137871809,7492825938.56
2018-02-26,54.696472,141021809,7713395490.67
2018-02-27,53.960752,141271809,7623133118.76
2018-02-28,53.41763,139821809,7468949655.3
2018-03-01,53.268465,138321809,7368190489.25
2018-03-02,53.72268,140021809,7522346854.18
2018-03-05,54.209564,146321809,7932041511.86
2018-03-06,54.248034,144971809,7864435592.12
2018-03-07,53.744256,149071809,8011753405.86
2018-03-08,54.257585,150271809,8153385407.99
2018-03-09,54.605832,150671809,8227559546.88
2018-03-12,54.484091,148121809,8070282148.03
2018-03-13,54.467541,149271809,8130468444.81
2018-03-14,53.890192,156171809,8416128751.23
2018-03-15,53.528389,156171809,8359625288.5
2018-03-16,53.251453,157121809,8366964585.75
2018-03-19,52.725141,160721809,8474079996.56
2018-03-20,52.562265,162321809,8532001905.64
2018-03-21,51.933456,160971809,8359822410.63
2018-03-22,51.498218,158571809,8166165562.34
2018-03-23,50.868973,159321809,8104536820.71
2018-03-26,51.561093,159321809,8214806555.4
2018-03-27,51.575373,163321809,8423383208.91
2018-03-28,52.269719,164721809,8609962599.62
2018-03-29,52.62563,169421809,8915929360.34
2018-04-02,51.34687,166621809,8555508308.92
2018-04-03,52.014616,161971809,8424901449.32
2018-04-04,52.813846,157471809,8316691939.09
2018-04-05,52.961308,147871809,7831484393.96
2018-04-06,52.447773,145221809,7616560502.93
2018-04-09,52.370982,143371809,7508522442.62
2018-04-10,52.53074,147371809,7741550142.7
2018-04-11,52.424063,144871809,7594768771.4
2018-04-12,52.328605,145871809,7633268248.89
2018-04-13,52.577184,142821809,7509168550.42
2018-04-16,53.148801,142871809,7593465298.75
2018-04-17,53.280478,142921809,7614942347.12
2018-04-18,52.868564,142921809,7556070800.53
2018-04-19,51.339337,142521809,7316975138.08
2018-04-20,50.48278,144421809,7290814456.76
2018-04-23,50.422311,143521809,7236701246.41
2018-04-24,50.132303,143371809,7187558999.1
2018-04-25,50.197439,145671809,7312351723.8
2018-04-26,50.49855,150921809,7621332517.35
2018-04-27,50.771963,149671809,7599131487.98
2018-04-30,50.463577,149821809,7560544426.96
2018-05-01,50.013431,152821809,7643142968.3
2018-05-02,49.02707,150471809,7377191914.42
2018-05-03,48.98895,153621809,7525771092.87
2018-05-04,49.691463,156871809,7795189688.29
2018-05-07,49.388147,155021809,7656239876.05
2018-05-08,49.170067,153421809,7543760619.87
2018-05-09,49.240258,154371809,7601307649.73
2018-05-10,49.567909,152671809,7567622272.72
2018-05-11,49.533708,152221809,7540110620.53
2018-05-14,49.534826,150721809,7465978589.32
2018-05-15,49.32957,150921809,7444908008.6
2018-05-16,49.713433,151821809,7547583287.24
2018-05-17,49.866006,150021809,7480988480.25
2018-05-18,49.533416,148071809,7334502570.8
2018-05-21,49.746471,148671809,7395897831.76
2018-05-22,49.640398,148071809,7350343481.37
2018-05-23,49.869853,149071809,7434189135.92
2018-05-24,49.802034,149271809,7434039670.53
2018-05-25,49.877838,149721809,7467800128.82
2018-05-29,49.78255,149721809,7453533452.5
2018-05-30,50.439836,151221809,7627603183.37
2018-05-31,49.67124,151671809,7533726859.53
2018-06-01,49.663088,152521809,7574704023.87
2018-06-04,50.073062,150171809,7519562263.12
2018-06-05,49.819724,146871809,7317113060.85
2018-06-06,49.890657,146671809,7317552973.99
2018-06-07,50.198398,146371809,7347630264.78
2018-06-08,50.843969,145071809,7376026499.27
2018-06-11,51.237182,144721809,7415137596.5
2018-06-12,51.340662,146571809,7525093669.11
2018-06-13,51.162354,147321809,7537330572.32
2018-06-14,51.262762,150621809,7721289917.55
2018-06-15,51.534021,153221809,7896135868.89
2018-06-18,50.780476,150971809,7666420321.87
2018-06-19,51.043022,156171809,7971481147.1
2018-06-20,51.10692,156021809,7973794055.38
2018-06-21,51.196324,157171809,8046618891.99
2018-06-22,51.632673,157671809,8141016883.86
2018-06-25,51.861627,158971809,8244536646.42
2018-06-26,51.651494,162421809,8389329172.41
2018-06-27,51.506603,162121809,8350343584.58
2018-06-28,51.568415,164921809,8504756280.06
2018-06-29,51.498821,166071809,8552502288.89
2018-07-02,51.2405,163721809,8389187287.85
2018-07-03,51.329155,163221809,8378037496.78
2018-07-05,52.084238,163521809,8516908783.22
2018-07-06,52.239097,163521809,8542231587.71
2018-07-09,51.996023,162771809,8463486789.72
2018-07-10,52.634407,163921809,8627927149.66
2018-07-11,52.451772,164521809,8629460355.17
2018-07-12,52.405529,165071809,8650675464.53
2018-07-13,52.729653,163371809,8614538803.78
2018-07-16,52.481036,163171809,8563425650.19
2018-07-17,52.91184,162171809,8580808869.06
2018-07-18,52.542819,162521809,8539353952.09
2018-07-19,52.542556,165721809,8707447351.16
2018-07-20,52.834083,164371809,8684433803.06
2018-07-23,52.551033,171121809,8992627775.86
2018-07-24,52.628558,169621809,8926951225.16
2018-07-25,52.982652,168421809,8923434070.05
2018-07-26,53.316929,171171809,9126355110.24
2018-07-27,53.366733,170371809,9092186922.88
2018-07-30,53.311851,170371809,9082836558.77
2018-07-31,53.559968,171271809,9173312528.51
2018-08-01,53.088656,169221809,8983758395.28
2018-08-02,53.660978,167771809,9002799334.61
2018-08-03,54.294625,167871809,9114536857.29
2018-08-06,54.310736,172371809,9361639845.84
2018-08-07,54.004125,172121809,9295287741.24
2018-08-08,53.589344,172221809,9229253796.43
2018-08-09,53.436609,170721809,9122794621.95
2018-08-10,53.257024,173321809,9230603773.98
2018-08-13,53.226004,174821809,9305066327.88
2018-08-14,53.57895,174021809,9323905779.37
2018-08-15,53.802321,173171809,9317045309.64
2018-08-16,54.629046,175121809,9566737421.81
2018-08-17,55.021695,173521809,9547464075.25
2018-08-20,55.007917,172971809,9514818965.2
2018-08-21,54.582867,172521809,9416734994.92
2018-08-22,54.243654,170121809,9228028526.93
2018-08-23,54.114254,170471809,9224954804.31
2018-08-24,54.047234,170471809,9213529691.16
2018-08-27,54.082163,171571809,9278974603.2
2018-08-28,53.912558,171121809,9225614413.93
2018-08-29,53.96274,168521809,9093898534.37
2018-08-30,53.807133,172521809,9282903936.22
2018-08-31,53.823637,174071809,9369177788.31
2018-09-04,53.67629,170121809,9131507636.01
2018-09-05,54.288799,170021809,9230279820.44
2018-09-06,54.467618,172821809,9413192358.74
2018-09-07,54.346253,173671809,9438412123.3
2018-09-10,54.542254,172621809,9415182545.36
2018-09-11,54.347905,172571809,9378916279.26
2018-09-12,54.968547,171571809,9431053082.31
2018-09-13,54.895849,178021809,9772658332.65
2018-09-14,54.769501,173771809,9517395243.26
2018-09-17,54.966205,173771809,9551576877.82
2018-09-18,54.712197,175121809,9581298931.47
2018-09-19,54.632787,171521809,9370714496.24
2018-09-20,55.27877,176021809,9730269136.87
2018-09-21,55.024951,177221809,9751621386.3
2018-09-24,54.211891,176071809,9545185645.76
2018-09-25,53.870759,175221809,9439331878.82
2018-09-26,53.893721,171371809,9235864423.81
2018-09-27,53.791114,171371809,9218280459.7
2018-09-28,53.920994,170971809,9218969918.67
2018-10-01,53.879708,171671809,9249627025.06
2018-10-02,54.196881,171221809,9279688031.35
2018-10-03,53.626484,171671809,9206155497.43
2018-10-04,53.492168,169071809,9044017614.67
2018-10-05,53.456505,166821809,8917710874.04
2018-10-08,54.15935,166821809,9034960816.8
2018-10-09,54.048347,165921809,8967799565.39
2018-10-10,53.337539,169421809,9036542383.14
2018-10-11,52.091714,169671809,8838495308.55
2018-10-12,52.389055,168871809,8847034545.44
2018-10-15,52.696557,170121809,8964833523.79
2018-10-16,53.280137,170771809,9098745419.8
2018-10-17,53.537308,170021809,9102509992.13
2018-10-18,53.466603,173371809,9269601735.64
2018-10-19,54.705418,166571809,9112380385.34
2018-10-22,54.285567,168221809,9132016307.5
2018-10-23,54.492001,166821809,9090454128.98
2018-10-24,54.761389,168321809,9217535979.84
2018-10-25,54.83779,169521809,9296201380.38
2018-10-26,53.902062,168071809,9059417060.46
2018-10-29,54.439422,168121809,9152454107.96
2018-10-30,55.525848,168021809,9329553377.3
2018-10-31,55.046783,166471809,9163737591.07
2018-11-01,55.36971,167171809,9256254636.26
2018-11-02,55.189018,169321809,9344704415.1
2018-11-05,55.832277,172521809,9632285378.52
2018-11-06,56.143989,174771809,9812386557.77
2018-11-07,56.447609,170921809,9648127430.8
2018-11-08,56.479499,170971809,9656402045.64
2018-11-09,56.838719,172271809,9791708944.28
2018-11-12,56.52614,171471809,9692639517.63
2018-11-13,56.339562,171471809,9660646553.52
2018-11-14,56.000274,172371809,9652868506.25
2018-11-15,55.888156,173071809,9672664259.09
2018-11-16,56.027638,173421809,9716414324.76
2018-11-19,55.946457,174671809,9772268825.83
2018-11-20,55.0158,175721809,9667475815.27
2018-11-21,54.588424,173221809,9455905503.29
2018-11-23,54.793931,173921809,9529859550.79
2018-11-26,54.832534,174221809,9553023349.75
2018-11-27,55.326075,174321809,9644541554.47
2018-11-28,55.815894,174221809,9724346087.46
2018-11-29,55.874698,182571809,10201144730.09
2018-11-30,56.384563,182671809,10299870118.85
2018-12-03,56.325731,175521809,9886394188.41
2018-12-04,55.410101,178071809,9866976865.87
2018-12-06,55.404528,183671809,10176249942.34
2018-12-07,54.698063,188271809,10298103228.8
2018-12-10,54.733318,187821809,10280110730.22
2018-12-11,55.187466,189071809,10434393947.76
2018-12-12,55.110133,187871809,10353640396.34
2018-12-13,55.483384,189821809,10531956354.11
2018-12-14,54.492276,188371809,10264808697.45
2018-12-17,53.225014,191671809,10201734791.29
2018-12-18,52.617631,191371809,10069531227.81
2018-12-19,52.102461,197971809,10314818459.6
2018-12-20,51.198036,193071809,9884897398.14
2018-12-21,50.19137,194121809,9743239563.0
2018-12-24,48.688852,192871809,9390707011.54
2018-12-26,50.0852,190821809,9557348499.85
2018-12-27,50.607822,190371809,9634302612.79
2018-12-28,50.57128,189621809,9589417528.33
2018-12-31,50.779024,190271809,9661816756.72
2019-01-02,50.537637,188521809,9527446739.6
2019-01-03,50.198802,187421809,9408350218.86
2019-01-04,51.224747,186721809,9564777394.21
2019-01-07,51.171651,184971809,9465312905.71
2019-01-08,51.685692,182921809,9454440313.86
2019-01-09,51.162721,189071809,9673428145.71
2019-01-10,51.511129,187321809,9649157873.99
2019-01-11,51.640269,187371809,9675930615.58
2019-01-14,51.386431,184671809,9489625097.71
2019-01-15,51.883472,184321809,9563255499.46
2019-01-16,51.602317,182521809,9418548253.15
2019-01-17,51.837657,187471809,9718099283.12
2019-01-18,52.443977,188221809,9871100210.76
2019-01-22,51.984171,191421809,9950904058.38
2019-01-23,52.574171,188421809,9906120442.21
2019-01-24,51.931688,187721809,9748710394.75
2019-01-25,51.763912,185771809,9616275599.51
2019-01-28,51.965524,185821809,9656327637.27
2019-01-29,52.049638,186121809,9687572700.92
2019-01-30,52.416516,185771809,9737511052.92
2019-01-31,53.344238,185271809,9883183508.01
2019-02-01,53.226752,190621809,10146179840.48
2019-02-04,53.555936,191471809,10254451953.99
2019-02-05,53.554126,190571809,10205906617.54
2019-02-06,53.589867,190171809,10191281990.64
2019-02-07,53.539137,188471809,10090617920.06
2019-02-08,53.780795,188171809,10120029466.07
2019-02-11,53.924607,190271809,10260332552.33
2019-02-12,54.364252,190471809,10354857459.94
2019-02-13,54.50103,187921809,10241932123.21
2019-02-14,53.833983,185721809,9998144737.31
2019-02-15,54.356862,186321809,10127868940.8
2019-02-19,54.629026,184021809,10052932191.88
2019-02-20,54.523147,181021809,9869878776.48
2019-02-21,54.680047,181921809,9947493057.91
2019-02-22,54.422547,184071809,10017656632.09
2019-02-25,54.127621,185421809,10036441342.16
2019-02-26,54.152595,185921809,10068148384.67
2019-02-27,54.089127,189071809,10226729111.23
2019-02-28,54.330771,195221809,10606551375.55
2019-03-01,54.204983,190521809,10327231377.25
2019-03-04,54.146156,190621809,10321438182.93
2019-03-05,54.107131,191121809,10341052849.86
2019-03-06,54.005457,190271809,10275716093.73
2019-03-07,53.707911,191821809,10302348619.26
2019-03-08,53.71746,192171809,10322981480.2
2019-03-11,54.410034,192471809,10472397726.97
2019-03-12,54.396889,192671809,10480746957.7
2019-03-13,54.769425,192671809,10552524231.56
2019-03-14,54.684109,206671809,11301663696.22
2019-03-15,54.65492,199721809,10915779401.49
2019-03-18,54.784271,201021809,11012833245.0
2019-03-19,54.72487,205221809,11230736918.83
2019-03-20,54.488272,202471809,11032338973.86
2019-03-21,55.148495,198571809,10950936399.25
2019-03-22,55.091502,198321809,10925846247.97
2019-03-25,55.186443,197421809,10895007387.63
2019-03-26,55.66546,195971809,10908860859.08
2019-03-27,55.484817,195221809,10831846345.84
2019-03-28,55.741606,197621809,11015757064.98
2019-03-29,56.106631,192821809,10818582124.4
2019-04-01,55.963272,192621809,10779746608.95
2019-04-02,55.469941,195371809,10837262670.3
2019-04-03,55.201229,195371809,10784764004.6
2019-04-04,55.400852,196871809,10906865975.22
2019-04-05,55.578171,198521809,11033479131.93
2019-04-08,55.818241,197471809,11022528994.34
2019-04-09,55.732314,198171809,11044573505.83
2019-04-10,55.933384,198971809,11129166648.51
2019-04-11,56.016095,199171809,11156827065.16
2019-04-12,56.158164,199921809,11227241676.26
2019-04-15,56.52607,199571809,11281010123.38
2019-04-16,56.506005,201471809,11384367100.57
2019-04-17,56.810823,208071809,11820730814.75
2019-04-18,56.861568,197421809,11225713552.97
2019-04-22,56.867616,197121809,11209847370.08
2019-04-23,56.765644,197971809,11237997272.59
2019-04-24,56.820937,196121809,11143824875.93
2019-04-25,56.474396,196771809,11112569008.95
2019-04-26,56.987724,196521809,11199330655.71
2019-04-29,57.031605,194921809,11116703523.2
2019-04-30,57.711307,193471809,11165510978.41
2019-05-01,57.036663,192621809,10986505136.68
2019-05-02,57.001287,192421809,10968290811.5
2019-05-03,57.413017,192771809,11067611196.55
2019-05-06,57.341841,190771809,10939206806.31
2019-05-07,56.776193,190771809,10831297067.9
2019-05-08,56.722435,191521809,10863583389.92
2019-05-09,56.625246,201421809,11405559578.5
2019-05-10,57.275287,194721809,11152747497.39
2019-05-13,56.821426,193671809,11004708406.36
2019-05-14,57.03983,200321809,11426321886.32
2019-05-15,57.475211,192671809,11073852943.54
2019-05-16,57.912009,191471809,11088517201.55
2019-05-17,57.761805,200371809,11573837453.01
2019-05-20,57.633916,194021809,11182236722.25
2019-05-21,57.477775,194571809,11183554753.54
2019-05-22,57.787094,192571809,11128165318.77
2019-05-23,57.726053,194071809,11202999575.68
2019-05-24,57.526066,191571809,11020372562.71
2019-05-28,56.552947,190771809,10788708079.71
2019-05-29,56.129797,190971809,10719208862.19
2019-05-30,56.372548,190371809,10731743969.89
2019-05-31,55.619323,190371809,10588351214.16
2019-06-03,56.355887,189521809,10680669575.57
2019-06-04,56.820206,189571809,10771509298.51
2019-06-05,57.531356,191421809,11012756307.67
2019-06-06,58.051924,199721809,11594235367.27
2019-06-07,58.623752,188921809,11075305364.81
2019-06-10,58.6517,192771809,11306394294.38
2019-06-11,58.85812,192521809,11331471771.42
2019-06-12,58.9108,199071809,11727479487.25
2019-06-13,59.047822,199121809,11757709070.5
2019-06-14,59.077665,198671809,11737066580.6
2019-06-17,58.91202,198671809,11704157616.77
2019-06-18,58.580792,199571809,11691074678.66
2019-06-19,58.846447,199371809,11732322636.5
2019-06-20,59.335606,210171809,12470671732.71
2019-06-21,58.671655,199971809,11732676981.56
2019-06-24,58.850538,201371809,11850839327.08
2019-06-25,58.80315,206421809,12138252611.82
2019-06-26,57.988584,209471809,12146973666.41
2019-06-27,58.047977,209771809,12176829062.16
2019-06-28,58.104125,205521809,11941664935.89
2019-07-01,58.389185,205421809,11994412110.69
2019-07-02,58.8533,204171809,12016184636.52
2019-07-03,59.665333,203421809,12137230065.5
2019-07-05,59.376908,202621809,12031056458.47
2019-07-08,59.48207,203371809,12096976216.91
2019-07-09,59.133992,208771809,12345510391.18
2019-07-10,59.558041,204021809,12151139271.85
2019-07-11,59.656392,199621809,11908716902.7
2019-07-12,59.842154,199621809,11945799111.22
2019-07-15,59.969132,200071809,11998132678.36
2019-07-16,59.973989,200021809,11996105760.39
2019-07-17,59.908907,206521809,12372495885.94
2019-07-18,60.351499,206521809,12463900681.33
2019-07-19,59.909425,202471809,12129969668.3
2019-07-22,59.616249,202121809,12049744147.23
2019-07-23,60.005788,203071809,12185483833.92
2019-07-24,59.648184,203371809,12130759080.15
2019-07-25,59.627481,203071809,12108660508.56
2019-07-26,60.350988,202321809,12210321100.55
2019-07-29,60.499788,203721809,12325126265.53
2019-07-30,60.640636,203471809,12338659949.37
2019-07-31,59.457123,205271809,12204871185.79
2019-08-01,59.184488,209071809,12373807932.33
2019-08-02,59.225952,208121809,12326212315.52
2019-08-05,57.669694,219821809,12677056454.2
2019-08-06,58.213129,218521809,12720838318.05
2019-08-07,58.904541,216771809,12768843979.55
2019-08-08,59.655066,224271809,13378949537.2
2019-08-09,59.296737,213371809,12652252136.65
2019-08-12,58.920256,213121809,12557191597.54
2019-08-13,59.593837,216721809,12915284084.52
2019-08-14,58.648121,217321809,12745515647.21
2019-08-15,59.532667,217921809,12973466488.77
2019-08-16,60.211271,217521809,13097264611.59
2019-08-19,60.829304,224871809,13678795734.17
2019-08-20,60.119137,227821809,13696450502.0
2019-08-21,60.330087,231371809,13958681477.86
2019-08-22,60.589788,223221809,13524962195.15
2019-08-23,59.598895,224171809,13360392204.67
2019-08-26,60.336559,228171809,13767101874.52
2019-08-27,60.199457,228971809,13783978610.3
2019-08-28,60.73391,228321809,13866876176.05
2019-08-29,60.79241,228221809,13874153737.92
2019-08-30,60.723191,227821809,13834067179.61
2019-09-03,61.044336,227621809,13895022088.97
2019-09-04,61.593663,228971809,14103212359.26
2019-09-05,61.205538,228421809,13980679685.85
2019-09-06,61.459697,214271809,13169080557.27
2019-09-09,61.307183,215471809,13209969603.8
2019-09-10,60.90899,219521809,13370851766.87
2019-09-11,61.182558,223171809,13654222179.81
2019-09-12,61.36934,225921809,13864672310.51
2019-09-13,61.041245,233471809,14251409920.35
2019-09-16,60.473707,223021809,13486955457.53
2019-09-17,60.812633,226521809,13775387700.46
2019-09-18,60.836345,227371809,13832469762.86
2019-09-19,60.859992,227921809,13871319423.62
2019-09-20,60.373332,227771809,13751343111.68
2019-09-23,60.574056,226521809,13721344658.52
2019-09-24,60.767885,237821809,14451928319.63
2019-09-25,60.832349,227521809,13840686125.02
2019-09-26,61.150337,224721809,13741814285.74
2019-09-27,61.127228,236821809,14476260823.73
2019-09-30,61.409561,228971809,14061058297.68
2019-10-01,61.216522,228221809,13970945349.25
2019-10-02,60.037315,229871809,13800886273.74
2019-10-03,60.459247,233721809,14130644603.15
2019-10-04,61.400103,234171809,14378173135.14
2019-10-07,60.905176,233871809,14244003640.04
2019-10-08,60.331018,233221809,14070509058.95
2019-10-09,60.772917,242621809,14744835114.17
2019-10-10,60.901526,232621809,14167023066.6
2019-10-11,60.837999,231721809,14097491180.26
2019-10-14,60.565016,230371809,13952472314.16
2019-10-15,60.311174,230271809,13887963210.97
2019-10-16,60.348219,230421809,13905545843.22
2019-10-17,60.632544,233971809,14186305972.18
2019-10-18,60.7307,229071809,13911691352.72
2019-10-21,60.930056,228371809,13914707185.4
2019-10-22,60.958603,234121809,14271738518.86
2019-10-23,61.260801,225871809,13837087996.31
2019-10-24,61.444744,224421809,13789540713.16
2019-10-25,61.111733,224421809,13714805623.73
2019-10-28,60.971828,223571809,13631581842.44
2019-10-29,60.985393,221771809,13524841028.16
2019-10-30,61.258298,220471809,13505727857.87
2019-10-31,61.141457,219821809,13440225728.82
2019-11-01,61.131044,219471809,13416540896.26
2019-11-04,60.545546,219471809,13288040616.83
2019-11-05,60.691693,217821809,13219974419.11
2019-11-06,61.015318,215771809,13165385478.73
2019-11-07,60.77923,215421809,13093171761.17
2019-11-08,60.788163,215671809,13110293075.2
2019-11-11,60.677268,215421809,13071206830.05
2019-11-12,60.824667,214371809,13039093861.46
2019-11-13,61.342565,214371809,13150116705.23
2019-11-14,61.281809,217321809,13317873597.38
2019-11-15,61.346102,222871809,13672316807.93
2019-11-18,61.680393,216421809,13348982326.32
2019-11-19,61.554166,217821809,13407839817.61
2019-11-20,61.694162,216371809,13348877379.2
2019-11-21,61.352542,216021809,13253487019.51
2019-11-22,61.283165,215371809,13198666111.34
2019-11-25,61.402936,215371809,13224461363.46
2019-11-26,61.914786,212821809,13176816701.45
2019-11-27,62.005481,212971809,13205419403.37
2019-11-29,61.968527,212671809,13178958644.6
2019-12-02,62.154839,212471809,13206151169.46
2019-12-03,62.036364,214971809,13336069427.31
2019-12-04,62.471567,216021809,13495220855.58
2019-12-05,62.445508,221071809,13804941449.72
2019-12-06,62.660911,222321809,13930887036.26
2019-12-09,62.757639,222421809,13958667620.99
2019-12-10,62.51991,221421809,13843271536.58
2019-12-11,62.6013,222371809,13920764383.15
2019-12-12,62.542638,221921809,13879575396.31
2019-12-13,62.772495,221271809,13889783521.58
2019-12-16,62.982875,222221809,13996168468.68
2019-12-17,62.926613,221771809,13955348797.19
2019-12-18,62.770709,223771809,14046315146.3
2019-12-19,63.175786,223471809,14118007144.85
2019-12-20,63.102575,222821809,14060629803.45
2019-12-23,62.867279,223521809,14052207931.08
2019-12-24,62.889553,222371809,13984863761.1
2019-12-26,62.973014,221671809,13959342011.21
2019-12-27,63.240544,219421809,13876354487.48
2019-12-30,62.923454,220571809,13879140031.41
2019-12-31,62.987867,215621809,13581557769.79
2020-01-02,62.459948,215021809,13430250995.1
2020-01-03,62.356213,215771809,13454712857.09
2020-01-06,62.493244,210871809,13178063381.95
2020-01-07,62.011156,213621809,13246935347.37
2020-01-08,62.248568,210971809,13132692993.01
2020-01-09,62.692885,209771809,13151199847.92
2020-01-10,62.646406,208921809,13088200503.14
2020-01-13,63.068963,207821809,13107106030.92
2020-01-14,63.092001,209421809,13212841082.03
2020-01-15,63.488706,208771809,13254651950.78
2020-01-16,63.684493,208371809,13270053091.87
2020-01-17,63.845193,209321809,13364191385.34
2020-01-21,64.020737,208821809,13368926146.99
2020-01-22,64.08876,211471809,13552966033.86
2020-01-23,64.014302,219221809,14033331084.94
2020-01-24,63.59845,210021809,13357061473.44
2020-01-27,63.408942,208971809,13250681399.42
2020-01-28,63.482176,209871809,13323119141.7
2020-01-29,63.15358,209321809,13219421572.01
2020-01-30,63.874319,207571809,13258508005.17
2020-01-31,63.187331,208821809,13194892805.65
2020-02-03,63.203651,208471809,13176179377.52
2020-02-04,63.536714,213421809,13560120506.85
2020-02-05,64.02063,212221809,13586573862.13
2020-02-06,64.192965,216721809,13912015581.86
2020-02-07,64.276122,216521809,13917182272.99
2020-02-10,64.517833,220121809,14201782207.83
2020-02-11,64.286649,218821809,14067320909.16
2020-02-12,64.283849,221771809,14256345560.53
2020-02-13,64.618481,221921809,14340250157.61
2020-02-14,64.814111,221121809,14331813522.56
2020-02-18,64.542398,220971809,14262050535.0
2020-02-19,64.465823,221221809,14261245904.42
2020-02-20,64.533231,220771809,14247118169.54
2020-02-21,64.672958,219071809,14168021927.17
2020-02-24,63.125368,220971809,13948926756.97
2020-02-25,62.015634,224371809,13914560007.35
2020-02-26,61.656597,226121809,13941901233.54
2020-02-27,59.171839,226971809,13430339263.69
2020-02-28,57.950517,226071809,13100978243.62
2020-03-02,61.085891,227121809,13873938147.58
2020-03-03,60.300577,225171809,13577990037.21
2020-03-04,63.217191,223521809,14130420921.89
2020-03-05,62.006543,228021809,14138844028.22
2020-03-06,61.549279,231271809,14234613181.89
2020-03-09,58.848807,232871809,13704228062.09
2020-03-10,60.534432,233621809,14142163554.03
2020-03-11,57.567261,237771809,13687871719.86
2020-03-12,52.228517,237371809,12397577635.22
2020-03-13,56.609874,243571809,13788569403.75
2020-03-16,52.747726,235021809,12396866061.13
2020-03-17,57.183968,240671809,13762569141.13
2020-03-18,55.497947,245871809,13645380622.23
2020-03-19,53.85216,249871809,13456136597.8
2020-03-20,50.432879,251671809,12692533933.9
2020-03-23,48.612604,252471809,12273312080.52
2020-03-24,51.088029,249071809,12724587815.89
2020-03-25,50.961667,247121809,12593739361.66
2020-03-26,53.847597,241921809,13026908016.14
2020-03-27,53.503835,237571809,12711002893.93
2020-03-30,55.59465,231621809,12876933398.7
2020-03-31,54.512004,230671809,12574382603.32
2020-04-01,53.467441,232421809,12426999371.85
2020-04-02,54.967371,236621809,13006478659.62
2020-04-03,55.331251,235271809,13017883406.91
2020-04-06,57.446129,229921809,13208117893.7
2020-04-07,56.789394,228871809,12997491362.65
2020-04-08,57.624382,227521809,13110803643.23
2020-04-09,58.151329,226971809,13198712445.87
2020-04-13,57.703523,230921809,13325001898.29
2020-04-14,60.121314,230921809,13883322474.98
2020-04-15,59.169075,232821809,13775851009.79
2020-04-16,59.596608,232971809,13884329635.53
2020-04-17,60.534006,234271809,14181411016.54
2020-04-20,59.278725,234421809,13896225948.66
2020-04-21,58.006988,234221809,13586501737.78
2020-04-22,58.602784,234371809,13734840417.68
2020-04-23,58.096048,240021809,13944318595.25
2020-04-24,58.714847,245321809,14404032451.17
2020-04-27,58.915486,247421809,14576976194.44
2020-04-28,59.181509,247721809,14660550447.63
2020-04-29,58.949762,247221809,14573666723.2
2020-04-30,58.307233,248921809,14513941962.44
2020-05-01,57.590222,247771809,14269233480.96
2020-05-04,57.586508,251321809,14472745387.32
2020-05-05,57.651948,252821809,14575669750.58
2020-05-06,57.00096,253671809,14459536697.8
2020-05-07,56.839179,256171809,14560595349.18
2020-05-08,58.156483,254821809,14819540199.43
2020-05-11,58.021824,255121809,14802632598.4
2020-05-12,57.557167,255671809,14715745099.35
2020-05-13,57.03433,253121809,14436632680.95
2020-05-14,56.887091,255571809,14538736868.87
2020-05-15,57.346217,254121809,14572924338.6
2020-05-18,58.330286,257921809,15044652882.31
2020-05-19,57.265684,249271809,14274720672.87
2020-05-20,57.889529,248921809,14409966284.02
2020-05-21,57.272749,245121809,14038799872.31
2020-05-22,57.476969,241721809,13893436988.33
2020-05-26,57.761176,243221809,14048777659.67
2020-05-27,58.696016,242171809,14214520376.13
2020-05-28,59.136605,239871809,14185204307.88
2020-05-29,59.277001,239821809,14215917566.45
2020-06-01,59.655127,240571809,14351341847.12
2020-06-02,59.79572,239571809,14325368733.33
2020-06-03,59.906702,239421809,14342970865.97
2020-06-04,59.561689,238471809,14203783758.58
2020-06-05,60.45967,238921809,14445133805.8
2020-06-08,61.092026,238371809,14562616646.39
2020-06-09,60.544084,235221809,14241288980.53
2020-06-10,60.430961,234121809,14148205987.12
2020-06-11,58.109782,234571809,13630916576.02
2020-06-12,58.150509,242121809,14079506340.55
2020-06-15,58.78051,231621809,13614848126.63
2020-06-16,59.706071,230921809,13787433962.42
2020-06-17,59.608461,231721809,13812580328.51
2020-06-18,59.935442,229471809,13753494266.17
2020-06-19,59.612862,229271809,13667548752.34
2020-06-22,58.980796,229121809,13513786607.47
2020-06-23,58.897485,229121809,13494698284.29
2020-06-24,57.914172,228421809,13228859968.74
2020-06-25,58.338594,229421809,13384145812.29
2020-06-26,57.129876,227521809,12998292723.62
2020-06-29,58.198695,225521809,13125074929.93
2020-06-30,58.684273,224071809,13149491103.66
2020-07-01,58.708751,223921809,13146169762.1
2020-07-02,58.988698,223921809,13208855896.47
2020-07-06,59.277338,222621809,13196428116.43
2020-07-07,59.808554,219221809,13111339329.9
2020-07-08,59.687567,219221809,13084816512.39
2020-07-09,59.182307,219321809,12979970640.31
2020-07-10,60.312555,219271809,13224843082.58
2020-07-13,60.170293,222221809,13371151370.64
2020-07-14,61.108561,222321809,13585765923.4
2020-07-15,61.11996,222671809,13609692098.87
2020-07-16,61.265234,219271809,13433738707.65
2020-07-17,61.560029,219271809,13498378976.16
2020-07-20,60.951996,220021809,13410768489.41
2020-07-21,61.522436,221171809,13607028376.06
2020-07-22,62.005792,221071809,13707732692.41
2020-07-23,62.208715,223221809,13886341989.6
2020-07-24,62.105848,220871809,13717430958.64
2020-07-27,62.422956,221121809,13803076949.45
2020-07-28,62.633725,220871809,13834024101.3
2020-07-29,62.744629,220721809,13849107909.56
2020-07-30,62.762335,219871809,13799668112.67
2020-07-31,62.687787,219271809,13745664384.23
2020-08-03,62.510223,220121809,13759863326.22
2020-08-04,63.319949,219471809,13896943835.01
2020-08-05,63.175265,219821809,13887300949.25
2020-08-06,63.168328,219671809,13876300803.86
2020-08-07,63.530377,223071809,14171836213.43
2020-08-10,63.835666,220771809,14093115519.14
2020-08-11,63.402321,220221809,13962573914.88
2020-08-12,64.243365,219221809,14083546619.97
2020-08-13,64.178348,217921809,13985861685.5
2020-08-14,64.170541,217421809,13952075087.0
2020-08-17,64.514452,216421809,13962334360.25
2020-08-18,64.757613,217171809,14063528042.87
2020-08-19,64.278666,217171809,13959514176.75
2020-08-20,64.109057,217471809,13941912595.11
2020-08-21,64.264354,218271809,14027096892.88
2020-08-24,64.814545,217221809,14079132819.1
2020-08-25,64.717886,218421809,14135797832.98
2020-08-26,64.784713,217271809,14075891712.9
2020-08-27,65.189367,217421809,14173590053.64
2020-08-28,65.780537,217821809,14328435601.63
2020-08-31,65.597197,217721809,14281940483.36
2020-09-01,65.627093,216421809,14203134272.34
2020-09-02,66.866889,215221809,14391212723.94
2020-09-03,65.680384,215821809,14175259386.67
2020-09-04,65.530587,221571809,14519730633.39
2020-09-08,64.155718,222271809,14260007551.15
2020-09-09,65.090862,221021809,14386500125.23
2020-09-10,64.280129,220671809,14184812323.62
2020-09-11,64.671186,219421809,14190268515.55
2020-09-14,65.068235,222271809,14462834203.41
2020-09-15,64.99784,221071809,14369190105.79
2020-09-16,64.667386,220871809,14283202534.53
2020-09-17,64.267866,219571809,14111411707.9
2020-09-18,63.677424,223271809,14217373602.66
2020-09-21,62.821952,223121809,14016947641.51
2020-09-22,63.222881,223771809,14147498512.99
2020-09-23,62.243773,223771809,13928401664.82
2020-09-24,62.719822,217271809,13627249193.43
2020-09-25,63.042168,215521809,13586962047.5
2020-09-28,63.738813,214221809,13654243732.51
2020-09-29,63.354325,214771809,13606722944.19
2020-09-30,64.132338,213521809,13693652830.5
2020-10-01,64.462545,213421809,13757712973.91
2020-10-02,64.08455,213421809,13677040503.01
2020-10-05,64.56365,214321809,13837398198.95
2020-10-06,64.115349,214121809,13728494577.61
2020-10-07,64.830635,214121809,13881652752.23
2020-10-08,65.240139,212371809,13855166284.72
2020-10-09,65.730942,212821809,13988978035.44
2020-10-12,66.490748,212321809,14117435825.23
2020-10-13,66.451146,212671809,14132285340.55
2020-10-14,66.109444,210721809,13930701633.11
2020-10-15,66.136609,210421809,13916584818.23
2020-10-16,66.147339,210971809,13955223796.7
2020-10-19,65.278612,211671809,13817641806.39
2020-10-20,65.256101,212171809,13845505014.04
2020-10-21,65.331539,211671809,13828845077.5
2020-10-22,65.256941,211821809,13822843232.29
2020-10-23,65.379362,211771809,13845505775.5
2020-10-26,64.532001,211521809,13649925615.98
2020-10-27,64.366396,212221809,13659953082.07
2020-10-28,62.462136,212471809,13271443116.02
2020-10-29,62.488246,213271809,13326981269.47
2020-10-30,62.229326,213121809,13262426609.72
2020-11-02,63.262178,213571809,13511017867.25
2020-11-03,64.29482,213571809,13731560963.37
2020-11-04,64.31713,217621809,13996810150.32
2020-11-05,64.805241,214121809,13876215509.97
2020-11-06,65.110719,213871809,13925347349.4
2020-11-09,64.924426,209871809,13625806646.1
2020-11-10,66.218651,207771809,13758368848.44
2020-11-11,66.764034,204121809,13627995442.31
2020-11-12,66.616396,206321809,13744415394.66
2020-11-13,67.541377,204871809,13837324060.27
2020-11-16,68.111201,205721809,14011959567.48
2020-11-17,67.653125,208521809,14107152102.05
2020-11-18,66.748369,207471809,13848404893.26
2020-11-19,66.929324,210271809,14073350027.71
2020-11-20,66.500816,210371809,13989896975.43
2020-11-23,66.540275,208721809,13888406583.88
2020-11-24,66.984897,208621809,13974510350.19
2020-11-25,66.924983,207621809,13895086016.21
2020-11-27,66.905755,207771809,13901129829.64
2020-11-30,66.904723,207821809,13904260466.68
2020-12-01,67.471808,217921809,14703578500.02
2020-12-02,66.941628,209871809,14049160483.33
2020-12-03,67.117258,203471809,13656469968.75
2020-12-04,67.630614,202171809,13673003607.88
2020-12-07,67.377706,201271809,13561232672.57
2020-12-08,67.723243,199621809,13519036234.11
2020-12-09,67.475356,201171809,13574139440.88
2020-12-10,67.15478,201121809,13506290848.66
2020-12-11,67.339206,201371809,13560217809.2
2020-12-14,67.072747,201371809,13506560310.9
2020-12-15,67.244764,200921809,13510939684.38
2020-12-16,67.331364,200471809,13498040310.49
2020-12-17,67.763292,199471809,13516866345.22
2020-12-18,67.922288,203871809,13847439692.2
2020-12-21,66.659708,204071809,13603367287.64
2020-12-22,66.159135,203271809,13448286992.15
2020-12-23,66.389356,200821809,13332430482.13
2020-12-24,66.695217,200871809,13397188839.19
2020-12-28,67.204575,200871809,13499504472.99
2020-12-29,67.029011,201321809,13494401652.76
2020-12-30,66.953374,201571809,13495912709.86
2020-12-31,67.482922,197221809,13309103944.89
2021-01-04,66.704596,196821809,13128919197.7
2021-01-05,66.731756,198721809,13261055193.16
2021-01-06,66.745346,197571809,13186998734.58
2021-01-07,66.556784,194721809,12960057440.14
2021-01-08,66.884437,192121809,12849958956.83
2021-01-11,66.319774,192271809,12751422955.41
2021-01-12,66.118711,192421809,12722681883.16
2021-01-13,66.211996,189721809,12561859624.81
2021-01-14,65.862188,187371809,12340717401.6
2021-01-15,65.602021,186271809,12219807106.18
2021-01-19,65.336226,186921809,12212765564.61
2021-01-20,65.475268,187171809,12255124323.84
2021-01-21,65.252174,186721809,12184003902.17
2021-01-22,65.082982,184721809,12022246148.85
2021-01-25,65.701624,186221809,12235075240.15
2021-01-26,66.319982,184421809,12230850988.08
2021-01-27,65.204465,184671809,12041426499.67
2021-01-28,65.477523,186871809,12235903102.37
2021-01-29,64.119878,183621809,11773807919.77
2021-02-01,64.153417,180621809,11587506268.9
2021-02-02,64.584357,179521809,11594300581.48
2021-02-03,64.68634,176421809,11412081137.75
2021-02-04,65.130517,176321809,11483930605.31
2021-02-05,65.742821,173871809,11430823282.84
2021-02-08,66.011617,171871809,11345536040.3
2021-02-09,65.931233,170721809,11255899296.94
2021-02-10,65.877803,167021809,11003029797.76
2021-02-11,65.614366,165671809,10870450689.58
2021-02-12,65.716076,166571809,10946445583.85
2021-02-16,65.570977,165221809,10833755500.71
2021-02-17,65.800591,162721809,10707191241.98
2021-02-18,65.768577,162721809,10701981801.48
2021-02-19,64.942736,163171809,10596823705.37
2021-02-22,65.01733,163321809,10618747964.17
2021-02-23,65.067264,162971809,10604129756.37
2021-02-24,65.048446,161521809,10506742616.52
2021-02-25,64.347052,160871809,10351626675.69
2021-02-26,63.311938,160871809,10185105966.01
2021-03-01,63.945747,160721809,10277476164.16
2021-03-02,63.849457,160421809,10242845438.73
2021-03-03,63.528534,159521809,10134186699.05
2021-03-04,63.272391,161871809,10242016433.15
2021-03-05,64.700019,160571809,10388999030.26
2021-03-08,64.962102,161671809,10502540574.36
2021-03-09,64.901364,160821809,10437554694.29
2021-03-10,65.757685,157071809,10328678605.65
2021-03-11,65.613332,157021809,10302724115.12
2021-03-12,66.133872,166821809,11032572164.88
2021-03-15,66.457789,166821809,11086608574.13
2021-03-16,66.509667,167271809,11125192354.22
2021-03-17,66.445771,167921809,11157694019.58
2021-03-18,66.167012,168821809,11170434731.65
2021-03-19,66.353992,168221809,11162188597.91
2021-03-22,66.743111,167321809,11167578033.96
2021-03-23,67.003332,166921809,11184317362.58
2021-03-24,66.736223,167871809,11203130425.69
2021-03-25,67.36963,163171809,10992824409.74
2021-03-26,68.548539,163071809,11178334330.8
2021-03-29,69.252276,161271809,11168439795.74
2021-03-30,68.530155,162421809,11130791671.21
2021-03-31,68.17745,160271809,10926923191.74
2021-04-01,68.007663,158021809,10746693968.4
2021-04-05,68.872554,155271809,10693965987.92
2021-04-06,69.121346,156471809,10815542000.2
2021-04-07,68.993956,155921809,10757662479.46
2021-04-08,69.016382,157221809,10850880414.23
2021-04-09,68.937446,156421809,10783319997.96
2021-04-12,69.257011,156521809,10840232595.17
2021-04-13,68.913633,156271809,10769258060.57
2021-04-14,68.8579,154371809,10629718572.42
2021-04-15,69.39582,151971809,10546208328.35
2021-04-16,69.837468,151271809,10564440153.11
2021-04-19,69.531444,152621809,10612014744.17
2021-04-20,69.91806,152521809,10664028999.52
2021-04-21,70.251799,152971809,10746544768.03
2021-04-22,69.721606,152821809,10654981924.15
2021-04-23,69.564076,152671809,10620473384.87
2021-04-26,68.764513,150421809,10343682383.51
2021-04-27,68.721669,151621809,10419703743.26
2021-04-28,68.773343,150921809,10379397361.53
2021-04-29,69.522129,148271809,10308171881.75
2021-04-30,69.550933,147821809,10281144741.61
2021-05-03,70.128461,149121809,10457682931.13
2021-05-04,69.789716,152971809,10675859171.01
2021-05-05,69.727348,152421809,10627968573.38
2021-05-06,70.64146,150721809,10647208578.84
2021-05-07,70.620493,150921809,10658172519.73
2021-05-10,71.192593,150771809,10733836090.45
2021-05-11,70.565495,152471809,10759248660.18
2021-05-12,69.639828,153771809,10708642370.09
2021-05-13,70.599981,153521809,10838636857.7
2021-05-14,70.889403,155321809,11010670387.14
2021-05-17,70.787331,157421809,11143469665.93
2021-05-18,70.594998,158821809,11212025348.34
2021-05-19,70.394037,159771809,11246982569.46
2021-05-20,70.991135,159321809,11310436056.54
2021-05-21,70.993331,156871809,11136852195.11
2021-05-24,71.19479,157871809,11239650235.88
2021-05-25,71.243894,159621809,11372079191.91
2021-05-26,71.105108,159621809,11349925989.37
2021-05-27,70.687514,159721809,11290337640.0
2021-05-28,70.770832,159271809,11271798412.32
2021-06-01,70.547713,157271809,11095166428.05
2021-06-02,70.875147,159121809,11277781663.03
2021-06-03,71.281649,166071809,11837872407.76
2021-06-04,71.495344,163921809,11719646065.5
2021-06-07,71.390096,164871809,11770214240.13
2021-06-08,70.801967,168021809,11896274559.81
2021-06-09,70.455266,168371809,11862680660.06
2021-06-10,70.896961,170571809,12093022894.07
2021-06-11,70.953161,172971809,12272896564.0
2021-06-14,70.916256,180921809,12830297362.07
2021-06-15,70.699581,173121809,12239639377.9
2021-06-16,69.816544,172871809,12069312304.72
2021-06-17,70.037608,172671809,12093520481.62
2021-06-18,68.840692,173071809,11914383034.98
2021-06-21,69.155009,173171809,11975697941.49
2021-06-22,69.242884,173571809,12018612683.76
2021-06-23,68.82265,175371809,12069552610.67
2021-06-24,69.127929,173671809,12005572428.46
2021-06-25,69.705334,173171809,12070998815.79
2021-06-28,69.721253,171271809,11941285049.71
2021-06-29,69.434155,170521809,11840037691.44
2021-06-30,69.954049,166071809,11617395538.19
2021-07-01,69.730553,165071809,11510548469.94
2021-07-02,69.908415,163871809,11456018401.89
2021-07-06,69.631157,159621809,11114651205.78
2021-07-07,69.998025,159971809,11197710660.72
2021-07-08,69.761241,161921809,11295866400.48
2021-07-09,70.150274,162721809,11414979536.54
2021-07-12,70.041581,162121809,11355267773.98
2021-07-13,70.008272,161271809,11290360659.6
2021-07-14,70.615693,159371809,11254150720.28
2021-07-15,70.925496,160621809,11392181517.46
2021-07-16,71.057117,161021809,11441745458.21
2021-07-19,70.819915,161771809,11456665763.31
2021-07-20,70.831469,166721809,11809150620.27
2021-07-21,70.683872,174371809,12325274576.24
2021-07-22,70.522654,175321809,12364159335.61
2021-07-23,71.381073,175171809,12503951649.73
2021-07-26,71.511064,177721809,12709075696.0
2021-07-27,71.643862,177921809,12747005560.87
2021-07-28,71.023597,183871809,13059237337.8
2021-07-29,71.415692,184171809,13152757197.35
2021-07-30,71.444399,184371809,13172333171.02
2021-08-02,71.231554,184871809,13168706256.8
2021-08-03,71.535351,185421809,13264214138.99
2021-08-04,70.58063,186671809,13175413936.7
2021-08-05,70.94592,187871809,13328738303.23
2021-08-06,70.958146,187721809,13320391524.0
2021-08-09,71.205875,184321809,13124795610.71
2021-08-10,71.717739,182371809,13079293783.73
2021-08-11,71.952944,185571809,13352437977.88
2021-08-12,71.902846,180071809,12947675517.43
2021-08-13,72.484725,179621809,13019837364.36
2021-08-16,72.919459,180771809,13181782559.24
2021-08-17,72.966328,180321809,13157420224.91
2021-08-18,72.038959,178721809,12874933062.42
2021-08-19,72.634605,181871809,13210187075.72
2021-08-20,72.746406,182071809,13245069768.75
2021-08-23,72.521201,185021809,13418003722.86
2021-08-24,71.968157,186321809,13409237243.68
2021-08-25,71.882152,185171809,13310548119.85
2021-08-26,71.508693,186121809,13309327372.45
2021-08-27,71.763668,184971809,13274255418.29
2021-08-30,72.10438,184421809,13297620224.07
2021-08-31,72.271951,185071809,13375500740.13
2021-09-01,72.638322,184221809,13381563050.07
2021-09-02,72.894755,182621809,13312172082.98
2021-09-03,72.821294,182121809,13262345749.7
2021-09-07,71.991217,182121809,13111170588.68
2021-09-08,72.608796,182471809,13249058405.57
2021-09-09,72.171997,182171809,13147703253.33
2021-09-10,71.874897,182171809,13093579939.62
2021-09-13,72.067845,181571809,13085488948.74
2021-09-14,71.732319,190771809,13684504265.87
2021-09-15,71.978307,181321809,13051236886.46
2021-09-16,71.732331,184771809,13254112476.55
2021-09-17,71.379053,182721809,13042509746.42
2021-09-20,70.212403,177521809,12464232860.38
2021-09-21,70.118284,180471809,12654373642.91
2021-09-22,70.322867,172621809,12139260542.55
2021-09-23,70.603818,172071809,12148926769.14
2021-09-24,70.624866,172071809,12152548405.35
2021-09-27,70.27959,172471809,12121247975.01
2021-09-28,69.482449,172721809,12001134219.04
2021-09-29,70.107024,171021809,11989830132.0
2021-09-30,68.829478,171221809,11785107774.39
2021-10-01,69.016711,170821809,11789559346.46
2021-10-04,68.832722,171721809,11820079481.1
2021-10-05,69.136407,169421809,11713215166.99
2021-10-06,69.839483,167421809,11692652658.03
2021-10-07,70.145573,166221809,11659724068.89
2021-10-08,70.038862,165821809,11613970776.27
2021-10-11,70.024746,166271809,11643141252.02
2021-10-12,70.066346,166271809,11650058110.38
2021-10-13,70.182584,164971809,11578147772.48
2021-10-14,70.975051,164471809,11673395068.13
2021-10-15,70.821881,163671809,11591545378.47
2021-10-18,70.393868,163221809,11489814507.8
2021-10-19,70.41241,163871809,11538609069.48
2021-10-20,70.829451,163921809,11610491758.66
2021-10-21,70.751356,163621809,11576464911.07
2021-10-22,71.293453,163621809,11665163705.88
2021-10-25,71.231655,163021809,11612313311.74
2021-10-26,71.502166,162671809,11631386627.61
2021-10-27,71.063793,162921809,11577841719.54
2021-10-28,71.330487,164421809,11728287706.28
2021-10-29,71.243422,165321809,11778091341.48
2021-11-01,71.353823,164521809,11739260080.81
2021-11-02,71.842739,164621809,11826881718.4
2021-11-03,72.493092,164071809,11894072707.42
2021-11-04,72.552029,165021809,11972666990.28
2021-11-05,73.012561,165771809,12103424334.04
2021-11-08,72.401803,165071809,11951496548.35
2021-11-09,72.65358,160971809,11695178165.01
2021-11-10,72.897573,161621809,11781837588.13
2021-11-11,72.832269,163121809,11880531413.1
2021-11-12,72.830641,164521809,11982228736.39
2021-11-15,73.191885,164721809,12056299649.01
2021-11-16,72.728585,165371809,12027257662.48
2021-11-17,72.568732,165321809,11997194071.74
2021-11-18,72.291592,163921809,11850168461.16
2021-11-19,72.043192,161421809,11629342454.51
2021-11-22,72.62075,162371809,11791562554.82
2021-11-23,73.11802,163971809,11989294038.46
2021-11-24,72.850744,162971809,11872617483.08
2021-11-26,71.801174,163221809,11719517486.41
2021-11-29,72.156528,165271809,11925439866.21
2021-11-30,70.224567,167771809,11781702578.36
2021-12-01,69.943318,162671809,11377806010.92
2021-12-02,70.670618,164521809,11626857847.71
2021-12-03,71.663882,163921809,11747273100.04
2021-12-06,72.839783,164021809,11947312935.57
2021-12-07,72.983018,170971809,12478038678.0
2021-12-08,72.80119,169871809,12366869799.24
2021-12-09,72.94371,173221809,12635441409.18
2021-12-10,74.198061,169821809,12600448921.53
2021-12-13,75.135834,169021809,12699594533.22
2021-12-14,75.174942,172421809,12961799522.16
2021-12-15,75.965795,172121809,13075370010.71
2021-12-16,76.514751,173121809,13246372072.84
2021-12-17,75.177585,173671809,13056227105.48
2021-12-20,74.68689,170921809,12765618370.36
2021-12-21,74.583366,173421809,12934382263.33
2021-12-22,75.094815,179821809,13503685399.76
2021-12-23,75.252384,175521809,13208434638.32
2021-12-27,76.023883,174321809,13252620737.56
2021-12-28,76.480131,173771809,13290090761.35
2021-12-29,76.814527,173471809,13325155023.47
2021-12-30,76.569943,172621809,13217642026.77
2021-12-31,77.097604,172671809,13312582798.64
2022-01-03,77.091048,174521809,13454069089.83
2022-01-04,77.551449,175471809,13608092976.21
2022-01-05,77.485408,174971809,13557762049.71
2022-01-06,77.313606,176421809,13639806193.18
2022-01-07,77.417489,181671809,14064575186.16
2022-01-10,76.815545,182171809,13993626796.81
2022-01-11,76.700398,184571809,14156731136.8
2022-01-12,76.740616,186271809,14294613342.94
2022-01-13,76.884411,184471809,14183006349.95
2022-01-14,77.027197,183921809,14166981378.95
2022-01-18,75.90362,187771809,14252560008.2
2022-01-19,76.386207,188071809,14366092196.48
2022-01-20,75.91518,191221809,14516638137.36
2022-01-21,75.953756,190921809,14501228547.9
2022-01-24,75.70827,191871809,14526282718.48
2022-01-25,74.84337,192771809,14427691841.74
2022-01-26,74.341627,193671809,14397877403.94
2022-01-27,74.805108,198821809,14872886963.9
2022-01-28,75.652935,198771809,15037670798.07
2022-01-31,75.982033,201121809,15281643906.82
2022-02-01,75.904194,202571809,15376049808.16
2022-02-02,76.829368,202621809,15567305598.38
2022-02-03,76.825235,203671809,15647134596.07
2022-02-04,75.881032,201521809,15291682803.21
2022-02-07,76.037461,198621809,15102698119.85
2022-02-08,76.307032,197471809,15068487609.59
2022-02-09,76.332573,198071809,15119330767.46
2022-02-10,75.526315,200171809,15118239110.26
2022-02-11,75.268132,199121809,14987526680.42
2022-02-14,75.046691,200621809,15056002900.18
2022-02-15,75.165303,201121809,15117381804.14
2022-02-16,75.306089,200471809,15096747972.2
2022-02-17,75.891561,201671809,15305188418.4
2022-02-18,76.011121,202321809,15378707489.63
2022-02-22,75.437661,201521809,15202333995.22
2022-02-23,74.826144,202071809,15120254215.12
2022-02-24,73.557773,203671809,14981644746.45
2022-02-25,75.923477,204671809,15539395369.11
2022-02-28,74.976665,204121809,15304372399.0
2022-03-01,74.461167,205871809,15329455074.78
2022-03-02,75.24997,205771809,15484322388.2
2022-03-03,75.83409,212021809,16078480923.03
2022-03-04,75.902273,209271809,15884206067.16
2022-03-07,74.516638,213121809,15881120787.39
2022-03-08,72.484647,214371809,15538664987.27
2022-03-09,72.983994,211721809,15452303210.0
2022-03-10,72.264358,211321809,15271034870.14
2022-03-11,71.421472,210021809,15000066660.18
2022-03-14,71.82275,210221809,15098708402.89
2022-03-15,73.398324,206121809,15128995284.74
2022-03-16,73.503846,207121809,15224249570.27
2022-03-17,73.994053,205271809,15188893162.42
2022-03-18,74.164618,206821809,15338860504.33
2022-03-21,73.95962,206621809,15281670386.66
2022-03-22,74.502573,206771809,15405031823.5
2022-03-23,73.930686,206521809,15268299019.88
2022-03-24,74.433941,212121809,15789062318.08
2022-03-25,75.055224,205171809,15399216004.49
2022-03-28,75.328616,204721809,15421410448.09
2022-03-29,76.0101,204471809,15541922563.0
2022-03-30,76.071812,203321809,15467058353.79
2022-03-31,75.762329,202771809,15362464495.32
2022-04-01,76.67178,202221809,15504706057.79
2022-04-04,76.419782,201521809,15400252691.1
2022-04-05,76.475536,202021809,15449726122.44
2022-04-06,77.438269,203371809,15748760786.47
2022-04-07,78.363646,205221809,16081929258.78
2022-04-08,78.68588,206321809,16234613153.28
2022-04-11,78.372731,207871809,16291481430.02
2022-04-12,78.39495,208571809,16350976551.98
2022-04-13,78.855663,210071809,16565351761.37
2022-04-14,78.822061,210421809,16585880562.54
2022-04-18,78.191812,210921809,16492358477.11
2022-04-19,79.353569,211021809,16745333710.86
2022-04-20,80.539676,211321809,17019790093.91
2022-04-21,80.491773,213521809,17186748917.02
2022-04-22,79.250926,213071809,16886138137.33
2022-04-25,79.59836,212371809,16904447726.7
2022-04-26,78.363863,212021809,16614847967.8
2022-04-27,78.653247,214421809,16864971583.48
2022-04-28,79.798429,215721809,17214261482.34
2022-04-29,77.652586,218071809,16933839965.44
2022-05-02,76.635586,216521809,16593275802.61
2022-05-03,76.431734,216971809,16583531646.68
2022-05-04,78.125089,216921809,16947035671.04
2022-05-05,76.628525,214621809,16446152637.9
2022-05-06,76.714991,213321809,16364980747.98
2022-05-09,76.700698,209021809,16032118598.16
2022-05-10,76.151725,211971809,16142018978.52
2022-05-11,75.843001,213221809,16171381791.83
2022-05-12,75.819969,213271809,16170262040.51
2022-05-13,76.936701,213671809,16439204014.17
2022-05-16,77.270024,216321809,16715191361.6
2022-05-17,76.782412,216221809,16602032037.23
2022-05-18,71.821129,214421809,15400016416.57
2022-05-19,70.539954,209621809,14786712759.52
2022-05-20,70.723967,213321809,15086964626.14
2022-05-23,72.157268,215871809,15576720049.68
2022-05-24,73.320976,215771809,15820599528.83
2022-05-25,73.342111,215621809,15814158631.67
2022-05-26,74.15288,216021809,16018639337.12
2022-05-27,74.988973,214171809,16060524002.59
2022-05-31,74.45928,216521809,16122058108.37
2022-06-01,73.496756,217121809,15957748604.35
2022-06-02,74.540862,212421809,15834104792.5
2022-06-03,73.798608,210271809,15517766771.44
2022-06-06,73.855926,209321809,15459656056.63
2022-06-07,74.229695,209521809,15552740043.79
2022-06-08,73.344972,209171809,15341700573.64
2022-06-09,72.23563,208471809,15059092401.84
2022-06-10,71.921353,208671809,15007958915.34
2022-06-13,70.362138,210871809,14837391386.26
2022-06-14,69.537874,210921809,14667054137.65
2022-06-15,69.613711,207521809,14446363161.75
2022-06-16,69.06599,209371809,14460471279.33
2022-06-17,68.833631,208371809,14342988303.07
2022-06-21,70.139895,212271809,14888722467.49
2022-06-22,70.113331,215221809,15089917897.05
2022-06-23,71.445769,214921809,15355253994.17
2022-06-24,72.842172,213721809,15567960671.06
2022-06-27,72.681612,214071809,15559084125.63
2022-06-28,71.704916,214371809,15371512453.4
2022-06-29,72.134713,212571809,15333806504.51
2022-06-30,72.16281,212571809,15339778989.73
2022-07-01,73.203503,212171809,15531719653.56
2022-07-05,72.763632,212621809,15471134994.99
2022-07-06,72.963603,213271809,15561079605.89
2022-07-07,73.04224,210921809,15406201349.53
2022-07-08,72.899453,211221809,15397954339.27
2022-07-11,72.802749,208821809,15202801829.72
2022-07-12,72.581708,206771809,15007851160.08
2022-07-13,72.650816,208971809,15181972405.25
2022-07-14,72.712018,211321809,15365635197.49
2022-07-15,72.965731,210221809,15338988064.23
2022-07-18,72.236658,209821809,15156826286.2
2022-07-19,73.016898,209771809,15316886867.8
2022-07-20,72.488092,209521809,15187836210.48
2022-07-21,72.71182,209371809,15223805318.3
2022-07-22,73.192693,207371809,15178101054.37
2022-07-25,73.561564,207121809,15236204295.38
2022-07-26,73.408704,206571809,15164168841.43
2022-07-27,73.900837,205071809,15154978336.21
2022-07-28,75.070215,205471809,15424812910.15
2022-07-29,74.483366,207571809,15460646972.55
2022-08-01,75.387631,208521809,15719965289.35
2022-08-02,74.793163,209521809,15670798724.65
2022-08-03,75.290105,209071809,15741038525.95
2022-08-04,74.780703,209171809,15642014822.81
2022-08-05,74.656027,208471809,15563676901.41
2022-08-08,74.577047,211371809,15763485316.02
2022-08-09,74.499259,212271809,15814092570.57
2022-08-10,75.060862,213971809,16060908469.62
2022-08-11,74.792424,215671809,16130617422.11
2022-08-12,75.483688,215371809,16257058343.23
2022-08-15,76.270352,217371809,16579024491.94
2022-08-16,77.093529,218221809,16823489323.09
2022-08-17,76.90207,218671809,16816314849.91
2022-08-18,77.149429,218621809,16866547679.52
2022-08-19,76.921229,217971809,16766659373.54
2022-08-22,76.110226,216621809,16487134911.78
2022-08-23,75.782235,216821809,16431241280.25
2022-08-24,75.965734,216271809,16429246754.08
2022-08-25,76.314594,217571809,16603904283.43
2022-08-26,74.433602,218921809,16295138827.19
2022-08-29,74.306581,217921809,16193024562.15
2022-08-30,73.550706,215471809,15848103584.28
2022-08-31,73.11486,214571809,15688387739.36
2022-09-01,73.64524,213321809,15710135891.75
2022-09-02,72.640164,214221809,15561107245.15
2022-09-06,72.165628,212021809,15300686949.37
2022-09-07,73.436718,210921809,15489405319.69
2022-09-08,73.26943,210571809,15428476452.34
2022-09-09,73.981298,215371809,15933485945.21
2022-09-12,74.256594,221321809,16434603800.42
2022-09-13,71.784794,222771809,15991628381.91
2022-09-14,71.763593,229171809,16446192348.33
2022-09-15,71.182379,220071809,15665234968.83
2022-09-16,71.338716,220421809,15724608758.23
2022-09-19,71.349335,219921809,15691274757.93
2022-09-20,70.952334,219671809,15586227550.26
2022-09-21,70.674408,220671809,15595849379.97
2022-09-22,70.579732,219371809,15483203392.09
2022-09-23,69.423067,217571809,15104502372.14
2022-09-26,69.412514,217571809,15102206292.36
2022-09-27,68.226135,219371809,14966890746.49
2022-09-28,69.039213,217321809,15003726672.53
2022-09-29,67.895368,217271809,14751749350.72
2022-09-30,66.718177,215771809,14395901687.89
2022-10-03,67.859868,216821809,14713499381.37
2022-10-04,68.911519,219271809,15110353365.97
2022-10-05,68.516759,217671809,14914166945.7
2022-10-06,67.526661,218021809,14722284878.15
2022-10-07,66.506856,216871809,14423462259.82
2022-10-10,66.734966,213821809,14269391065.66
2022-10-11,67.28931,213571809,14371099627.8
2022-10-12,67.650777,214171809,14488889243.37
2022-10-13,68.758738,215171809,14794942090.61
2022-10-14,67.497621,214471809,14476336851.63
2022-10-17,68.25124,215071809,14678917578.6
2022-10-18,69.124172,214321809,14814817544.95
2022-10-19,68.835571,216221809,14883751760.32
2022-10-20,67.887855,218371809,14824793725.19
2022-10-21,68.915548,215271809,14835574721.98
2022-10-24,70.134681,214621809,15052432150.66
2022-10-25,71.063184,216671809,15397388627.35
2022-10-26,71.513669,215721809,15427058097.77
2022-10-27,71.574059,214871809,15379247529.52
2022-10-28,73.165693,215821809,15790752165.34
2022-10-31,72.71354,219321809,15947665175.08
2022-11-01,72.512357,219671809,15928920626.47
2022-11-02,71.245767,221171809,15757555244.86
2022-11-03,71.010575,221171809,15705537433.67
2022-11-04,71.851143,223321809,16045927310.35
2022-11-07,72.463649,222571809,16128365365.1
2022-11-08,72.683267,223971809,16279002754.14
2022-11-09,71.911722,224071809,16113389692.35
2022-11-10,73.641486,224371809,16523073455.78
2022-11-11,73.499501,223571809,16432416397.78
2022-11-14,72.915934,224121809,16342051111.33
2022-11-15,73.52844,225521809,16582266802.02
2022-11-16,73.872978,224421809,16578707291.18
2022-11-17,73.896777,227271809,16794654122.72
2022-11-18,74.649637,227071809,16950828049.36
2022-11-21,75.388046,226821809,17099652971.66
2022-11-22,75.953624,227821809,17303891983.5
2022-11-23,76.192612,227871809,17362148373.32
2022-11-25,76.225453,228421809,17411555869.38
2022-11-28,75.962401,228421809,17351469043.91
2022-11-29,75.686694,228821809,17318766214.62
2022-11-30,77.214805,228871809,17672292192.09
2022-12-01,76.827346,230271809,17691171918.1
2022-12-02,77.171776,233671809,18032868523.74
2022-12-05,76.230536,234171809,17851042493.98
2022-12-06,75.753058,232271809,17595299879.33
2022-12-07,76.078914,232271809,17670986977.44
2022-12-08,76.466709,232671809,17791647456.59
2022-12-09,75.910091,231271809,17555864076.15
2022-12-12,76.673947,233921809,17935708319.85
2022-12-13,76.549721,235121809,17998508892.24
2022-12-14,76.512532,234871809,17970636749.64
2022-12-15,75.216246,232221809,17466852748.82
2022-12-16,74.876043,234021809,17522627136.1
2022-12-19,74.295905,230221809,17104537654.9
2022-12-20,74.238279,233821809,17358528650.79
2022-12-21,74.972661,235021809,17620210456.19
2022-12-22,74.78589,234321809,17523964976.92
2022-12-23,75.179596,233971809,17589906038.57
2022-12-27,75.542349,233671809,17652117326.31
2022-12-28,74.616532,233621809,17432049165.65
2022-12-29,74.932928,233271809,17479739770.6
2022-12-30,74.567218,232471809,17334776114.85
2023-01-03,74.336746,232321809,17270047321.36
2023-01-04,74.573324,230921809,17220606800.9
2023-01-05,73.825852,233071809,17206724967.18
2023-01-06,75.803301,233171809,17675192747.88
2023-01-09,75.054604,234071809,17568166927.61
2023-01-10,74.936071,234471809,17570396199.67
2023-01-11,74.966577,234071809,17547562405.82
2023-01-12,74.377114,234121809,17413304582.75
2023-01-13,74.73714,234971809,17561120921.57
2023-01-17,74.762197,235521809,17608127974.83
2023-01-18,72.746422,234321809,17046073287.71
2023-01-19,72.056265,232721809,16769064456.8
2023-01-20,72.646248,234421809,17029864791.68
2023-01-23,72.849331,234821809,17106611629.08
2023-01-24,73.138515,232821809,17028241349.92
2023-01-25,73.33336,232721809,17066272174.32
2023-01-26,73.083678,233371809,17055670043.98
2023-01-27,72.861816,232171809,16916459668.4
2023-01-30,72.94966,228921809,16699768231.17
2023-01-31,73.741678,231871809,17098616201.63
2023-02-01,74.311334,230871809,17156392030.82
2023-02-02,73.695049,229321809,16899881973.69
2023-02-03,73.439674,230571809,16933118384.89
2023-02-06,73.49656,227571809,16725745167.01
2023-02-07,73.196149,227871809,16679338839.49
2023-02-08,72.598296,225921809,16401538380.33
2023-02-09,72.313266,227171809,16427535354.58
2023-02-10,72.983172,226321809,16517683541.96
2023-02-13,73.811219,226371809,16708779227.75
2023-02-14,73.136075,227271809,16621768120.85
2023-02-15,73.273267,225971809,16557692725.44
2023-02-16,72.740218,227771809,16568170999.78
2023-02-17,73.662537,228171809,16807714382.42
2023-02-21,73.41529,230171809,16898130125.17
2023-02-22,73.28763,230571809,16898061511.77
2023-02-23,73.17315,229321809,16780199063.61
2023-02-24,72.717722,227871809,16570318922.59
2023-02-27,72.613753,229821809,16688223987.27
2023-02-28,72.042606,227571809,16394866247.24
2023-03-01,71.500599,227071809,16235770300.22
2023-03-02,72.456975,228021809,16521770613.6
2023-03-03,72.516043,226071809,16393833057.28
2023-03-06,72.738293,225171809,16378613111.23
2023-03-07,72.021542,227321809,16372067284.2
2023-03-08,72.135851,226271809,16322309402.82
2023-03-09,71.465967,226821809,16210039918.48
2023-03-10,71.122778,226571809,16114416446.45
2023-03-13,71.488099,225071809,16089955854.93
2023-03-14,72.086131,225921809,16285829043.02
2023-03-15,72.580702,228271809,16568128159.74
2023-03-16,72.635496,226471809,16449892183.2
2023-03-17,72.126092,227221809,16388621016.28
2023-03-20,72.761809,224171809,16311146288.08
2023-03-21,72.692785,229571809,16688214182.55
2023-03-22,72.038214,237071809,17078229601.4
2023-03-23,71.768094,228721809,16414928263.97
2023-03-24,72.972083,230571809,16825305185.2
2023-03-27,73.324648,229671809,16840604583.38
2023-03-28,73.494633,229371809,16857596996.54
2023-03-29,73.888335,228971809,16918345827.91
2023-03-30,74.114694,227121809,16833063439.5
2023-03-31,74.721772,227021809,16963471929.38
2023-04-03,75.095581,227371809,17074618207.66
2023-04-04,74.930882,229521809,17198271587.08
2023-04-05,75.299355,230621809,17365673404.66
2023-04-06,75.352746,231771809,17464642300.17
2023-04-10,75.367449,232171809,17498197069.82
2023-04-11,75.579553,232771809,17592789263.0
2023-04-12,75.225287,235071809,17683344277.42
2023-04-13,75.63518,234171809,17711626887.18
2023-04-14,75.197006,233771809,17578940199.65
2023-04-17,75.645487,236021809,17853984752.25
2023-04-18,75.877894,239221809,18151647064.22
2023-04-19,75.828174,241071809,18280035009.26
2023-04-20,76.011594,240771809,18301448955.87
2023-04-21,76.560153,242421809,18559850820.49
2023-04-24,76.857551,241521809,18562774729.73
2023-04-25,76.778166,241321809,18528245880.99
2023-04-26,76.210193,240421809,18322592389.28
2023-04-27,77.045925,239971809,18488850004.8
2023-04-28,77.435879,242621809,18787632981.46
2023-05-01,77.519898,241971809,18757629899.27
2023-05-02,77.29898,240721809,18607550372.14
2023-05-03,76.669079,245221809,18800930264.26
2023-05-04,76.475251,246421809,18845169731.23
2023-05-05,77.15896,245171809,18917201711.9
2023-05-08,76.954022,245971809,18928519906.28
2023-05-09,76.697368,245371809,18819371875.3
2023-05-10,76.587858,246921809,18911212445.53
2023-05-11,76.83085,246721809,18955846361.37
2023-05-12,77.120881,246071809,18977274683.27
2023-05-15,76.930881,246921809,18995912193.44
2023-05-16,76.299155,246821809,18832295554.93
2023-05-17,76.2487,247021809,18835091892.1
2023-05-18,75.88452,245021809,18593362413.32
2023-05-19,75.910956,245421809,18630204177.57
2023-05-22,74.781889,244971809,18319454687.39
2023-05-23,74.22319,248071809,18412680967.62
2023-05-24,73.737905,248521809,18325477430.81
2023-05-25,73.183424,248321809,18173040192.07
2023-05-26,73.432201,245021809,17992490800.18
2023-05-30,72.597598,241671809,17544792823.85
2023-05-31,72.648286,239621809,17408113628.75
2023-06-01,72.596804,238671809,17326810517.52
2023-06-02,73.621137,238721809,17574971099.11
2023-06-05,73.352787,239221809,17547586465.51
2023-06-06,72.971225,240421809,17543873957.7
2023-06-07,72.698288,240771809,17503698226.59
2023-06-08,73.225081,240421809,17604906331.65
2023-06-09,73.098634,240221809,17559886163.38
2023-06-12,73.088999,241021809,17616042770.52
2023-06-13,73.391116,240071809,17619138072.44
2023-06-14,73.841063,240621809,17767770153.97
2023-06-15,74.575073,240871809,17963032805.13
2023-06-16,74.654637,240271809,17937404610.93
2023-06-20,73.566341,240221809,17672239436.22
2023-06-21,73.839854,238321809,17597647517.02
2023-06-22,74.260299,239771809,17805526292.06
2023-06-23,73.790322,237271809,17508363274.17
2023-06-26,73.828756,234871809,17340293372.35
2023-06-27,74.09738,232821809,17251486100.07
2023-06-28,73.602873,234721809,17276199608.27
2023-06-29,73.517173,234021809,17204621899.29
2023-06-30,74.172475,234871809,17421023406.68
2023-07-03,74.690348,234271809,17497843017.62
2023-07-05,74.624268,236821809,17672654200.54
2023-07-06,74.383495,238871809,17768120101.24
2023-07-07,73.444105,237521809,17444576765.76
2023-07-10,73.435501,235521809,17295662013.9
2023-07-11,73.543008,237821809,17490131292.78
2023-07-12,73.697104,240621809,17733130450.46
2023-07-13,74.02978,240871809,17831687091.59
2023-07-14,74.286788,241171809,17915879106.21
2023-07-17,74.0566,239221809,17715953879.19
2023-07-18,73.971817,236371809,17484852261.24
2023-07-19,74.705991,234821809,17542595957.91
2023-07-20,75.357011,242521809,18275718575.05
2023-07-21,75.603547,235221809,17783603148.11
2023-07-24,75.886215,235221809,17850092829.69
2023-07-25,75.848061,238421809,18083831806.24
2023-07-26,75.979513,240471809,18270930913.12
2023-07-27,75.342519,240871809,18147888862.26
2023-07-28,76.093508,240171809,18275515372.61
2023-07-31,75.732921,240271809,18196485843.95
2023-08-01,75.354191,240821809,18146932625.48
2023-08-02,75.560867,239721809,18113587829.17
2023-08-03,75.421599,241521809,18215961051.79
2023-08-04,74.648883,241821809,18051728032.06
2023-08-07,75.249078,241921809,18204393125.29
2023-08-08,74.7077,241371809,18032332767.64
2023-08-09,74.810933,240771809,18012363715.75
2023-08-10,74.679653,244121809,18230931998.93
2023-08-11,74.805574,243821809,18239230300.55
2023-08-14,74.429383,243771809,18143785434.13
2023-08-15,73.670808,241771809,17811524516.73
2023-08-16,73.461736,239971809,17628745582.51
2023-08-17,72.778483,240321809,17490256791.39
2023-08-18,73.01701,239371809,17478213762.27
2023-08-21,72.521877,237821809,17247283968.28
2023-08-22,72.124996,237771809,17149290818.51
2023-08-23,72.567251,234571809,17022231276.04
2023-08-24,72.011781,236771809,17050359726.47
2023-08-25,72.414867,238371809,17261662743.32
2023-08-28,72.741237,236071809,17172155311.82
2023-08-29,73.026856,236921809,17301654807.53
2023-08-30,73.136349,235221809,17203264420.16
2023-08-31,72.749498,233771809,17006781654.88
2023-09-01,72.12743,232971809,16803657884.83
2023-09-05,71.533106,232571809,16636583900.83
2023-09-06,71.358652,232421809,16585307058.73
2023-09-07,71.590766,232221809,16624937122.19
2023-09-08,71.70337,234471809,16812418895.98
2023-09-11,72.291353,234371809,16943055178.48
2023-09-12,71.749082,234321809,16812374657.51
2023-09-13,71.917155,233771809,16812203474.46
2023-09-14,72.627772,234021809,16996482602.58
2023-09-15,72.023961,234371809,16880386129.42
2023-09-18,71.551641,236571809,16927101161.2
2023-09-19,71.357103,236921809,16906053872.33
2023-09-20,71.455644,237971809,17004428868.88
2023-09-21,70.540485,238121809,16797227890.3
2023-09-22,70.167121,237671809,16676746578.47
2023-09-25,69.899553,237171809,16578203391.91
2023-09-26,69.341683,236421809,16393886048.76
2023-09-27,68.808611,235621809,16212809301.49
2023-09-28,68.987545,234921809,16206678862.88
2023-09-29,68.809851,234721809,16151172783.34
2023-10-02,68.353174,235521809,16098663225.06
2023-10-03,67.889825,234621809,15928433579.13
2023-10-04,68.392851,234421809,16032775803.34
2023-10-05,67.062058,237071809,15898523501.46
2023-10-06,66.686324,235871809,15729423839.57
2023-10-09,66.755872,235071809,15692423604.97
2023-10-10,67.41343,235671809,15887445055.27
2023-10-11,66.976073,236921809,15868092292.42
2023-10-12,66.205345,236571809,15662318318.72
2023-10-13,66.799758,234921809,15692720020.12
2023-10-16,67.455024,236271809,15937720477.92
2023-10-17,67.792112,235771809,15983468819.78
2023-10-18,68.051634,235821809,16048059438.27
2023-10-19,67.579754,243421809,16450386068.05
2023-10-20,67.291926,233371809,15704038390.33
2023-10-23,67.132924,232421809,15603155582.62
2023-10-24,67.71592,232721809,15758971494.5
2023-10-25,67.94602,233821809,15887261266.06
2023-10-26,67.51026,233921809,15792122157.54
2023-10-27,66.586194,233771809,15565975071.98
2023-10-30,67.602117,233071809,15756147602.87
2023-10-31,67.858857,234121809,15887238415.31
2023-11-01,67.802142,233021809,15799377838.8
2023-11-02,68.686174,232871809,15995073583.56
2023-11-03,68.786554,234171809,16107871682.67
2023-11-06,68.88962,232021809,15983894289.19
2023-11-07,69.037835,226321809,15624767784.11
2023-11-08,68.74889,226621809,15579997829.83
2023-11-09,68.484263,223871809,15331695950.14
2023-11-10,68.945451,224421809,15472862739.55
2023-11-13,69.19733,222921809,15425594020.36
2023-11-14,69.902283,222421809,15547792346.71
2023-11-15,70.419395,223571809,15743791507.85
2023-11-16,69.579477,224121809,15594278341.42
2023-11-17,69.446557,223121809,15495041385.71
2023-11-20,69.424543,222171809,15424176218.35
2023-11-21,69.640339,221221809,15405961793.42
2023-11-22,70.136108,221671809,15547198012.99
2023-11-24,70.405526,222071809,15635082554.35
2023-11-27,70.220862,222471809,15622162115.08
2023-11-28,70.510828,221521809,15619686072.21
2023-11-29,69.945595,221421809,15487480160.74
2023-11-30,70.666262,221871809,15678851302.57
2023-12-01,70.951937,222321809,15774163004.52
2023-12-04,71.056033,224021809,15918101007.3
2023-12-05,70.450875,224071809,15786055108.6
2023-12-06,70.309409,223971809,15747325469.42
2023-12-07,70.601938,222421809,15703410757.48
2023-12-08,70.113839,222071809,15570306958.55
2023-12-11,70.780912,221921809,15707827987.29
2023-12-12,70.987588,218171809,15487490399.87
2023-12-13,72.315941,218021809,15766452355.94
2023-12-14,71.240882,217071809,15464387202.7
2023-12-15,71.231046,215121809,15323351425.83
2023-12-18,71.417084,216021809,15427647695.17
2023-12-19,71.595219,217571809,15577101268.98
2023-12-20,70.236426,224821809,15790680357.22
2023-12-21,70.719541,214671809,15181491872.79
2023-12-22,71.190946,205871809,14656208812.09
2023-12-26,71.528309,205421809,14693474668.06
2023-12-27,71.820766,212171809,15238341926.69
2023-12-28,71.879051,213871809,15372902768.62
2023-12-29,72.00253,211671809,15240905767.27
2024-01-02,72.831442,210821809,15354456328.95
2024-01-03,72.261549,211621809,15292119764.87
2024-01-04,72.189122,212321809,15327324975.24
2024-01-05,72.038194,212571809,15313289312.95
2024-01-08,72.53765,211621809,15350548631.88
2024-01-09,72.729412,211271809,15365674463.46
2024-01-10,72.572697,211421809,15343450821.87
2024-01-11,72.552535,210121809,15244869942.92
2024-01-12,72.798403,210121809,15296532041.23
2024-01-16,72.419846,209921809,15202505122.15
2024-01-17,72.340124,208571809,15088110474.25
2024-01-18,72.271361,214721809,15518237407.52
2024-01-19,72.0562,213271809,15367556112.74
2024-01-22,71.678121,208021809,14910612369.63
2024-01-23,72.49684,208721809,15131671515.95
2024-01-24,71.599125,210271809,15055277619.8
2024-01-25,72.256654,207921809,15023734220.89
2024-01-26,72.644378,209471809,15216949200.66
2024-01-29,73.028779,209271809,15282864688.23
2024-01-30,73.440978,209971809,15420535034.47
2024-01-31,72.925377,210021809,15315919558.19
2024-02-01,74.383922,209121809,15555300334.6
2024-02-02,74.155709,211671809,15696673038.47
2024-02-05,73.702017,214371809,15799634653.78
2024-02-06,73.855514,216221809,15969172923.62
2024-02-07,73.799539,217871809,16078838978.72
2024-02-08,73.797188,219721809,16214851689.54
2024-02-09,73.132405,215871809,15787224509.1
2024-02-12,73.607477,213521809,15716801722.81
2024-02-13,72.873246,208971809,15228454014.72
2024-02-14,72.736064,205621809,14956121001.66
2024-02-15,73.157508,203021809,14852569567.97
2024-02-16,73.26977,201571809,14769120050.58
2024-02-20,74.038771,201121809,14890811518.63
2024-02-21,74.299722,201671809,14984159249.78
2024-02-22,74.54212,201271809,15003227388.66
2024-02-23,74.771539,201371809,15056880042.72
2024-02-26,74.465724,201771809,15025083792.49
2024-02-27,74.474152,202671809,15093811013.76
2024-02-28,74.541692,202771809,15114953632.79
2024-02-29,74.485775,203171809,15133409615.51
2024-03-01,74.447149,201771809,15021335995.94
2024-03-04,74.458675,203071809,15120457884.24
2024-03-05,74.716706,205721809,15370855845.43
2024-03-06,75.319276,203621809,15336647162.33
2024-03-07,75.750278,204521809,15492583820.47
2024-03-08,75.139519,203771809,15311315725.43
2024-03-11,75.553426,203471809,15372992217.29
2024-03-12,75.989047,204021809,15503422805.49
2024-03-13,76.087646,203971809,15519734846.42
2024-03-14,75.545393,204071809,15416684987.41
2024-03-15,75.49659,203221809,15342553546.06
2024-03-18,75.444812,204271809,15411248129.55
2024-03-19,75.729385,205971809,15598118469.44
2024-03-20,75.964331,206221809,15665501659.5
2024-03-21,76.004033,206771809,15715491423.96
2024-03-22,75.630862,206421809,15611859412.9
2024-03-25,75.409125,205871809,15524613066.49
2024-03-26,75.464961,205771809,15528561538.03
2024-03-27,76.235729,204721809,15607116419.68
2024-03-28,76.364931,204871809,15645021463.09
2024-04-01,75.801166,204471809,15499201497.8
2024-04-02,75.381107,206471809,15564073473.02
2024-04-03,74.549644,201871809,15049471469.89
2024-04-04,74.184368,199871809,14827363919.6
2024-04-05,74.361986,198971809,14795938909.43
2024-04-08,74.19933,197671809,14667115797.78
2024-04-09,74.581902,197121809,14701719374.33
2024-04-10,74.337308,195921809,14564299812.83
2024-04-11,74.12417,193521809,14344643449.92
2024-04-12,73.396679,193521809,14203858185.37
2024-04-15,73.07932,192021809,14032823170.1
2024-04-16,73.114191,191971809,14035863595.68
2024-04-17,73.415206,191521809,14060612973.96
2024-04-18,73.754806,197371809,14557119547.24
2024-04-19,74.450736,193571809,14411563567.04
2024-04-22,75.131768,185571809,13942338094.52
2024-04-23,75.339532,185671809,13988427155.94
2024-04-24,75.918074,187271809,14217315055.04
2024-04-25,75.738815,187571809,14206466507.39
2024-04-26,75.617426,188671809,14266876512.2
2024-04-29,75.850786,188321809,14284357271.3
2024-04-30,75.518555,189721809,14327516878.13
2024-05-01,75.002116,191021809,14327039819.84
2024-05-02,75.623732,190121809,14377720683.32
2024-05-03,75.86187,192471809,14601271376.79
2024-05-06,75.912073,194371809,14755167047.99
2024-05-07,76.749617,194821809,14952499216.69
2024-05-08,76.536455,198071809,15159714049.21
2024-05-09,77.149749,196771809,15180895699.3
2024-05-10,77.63254,202121809,15691229494.3
2024-05-13,77.393368,203471809,15747368675.22
2024-05-14,77.253343,201871809,15595272139.04
2024-05-15,77.257091,197921809,15290863276.83
2024-05-16,78.381167,198721809,15576047343.72
2024-05-17,78.181913,202121809,15802269661.23
2024-05-20,77.652996,201671809,15660420137.69
2024-05-21,78.107109,201071809,15705137770.33
2024-05-22,77.839098,201971809,15721303516.74
2024-05-23,76.918491,200171809,15396913412.41
2024-05-24,77.117088,199921809,15417387729.43
2024-05-28,76.509984,199121809,15234806461.45
2024-05-29,75.944622,199021809,15114635965.7
2024-05-30,76.156497,199521809,15194882079.11
2024-05-31,77.301915,200071809,15465933918.87
2024-06-03,77.309142,198171809,15320492480.89
2024-06-04,77.979485,197921809,15433840663.12
2024-06-05,77.780349,198421809,15433317490.54
2024-06-06,78.067788,197971809,15455221307.67
2024-06-07,77.675098,198621809,15427968515.45
2024-06-10,77.587612,199171809,15453264981.94
2024-06-11,77.519599,200971809,15579254143.7
2024-06-12,76.728116,202171809,15512262034.27
2024-06-13,76.826256,202871809,15585881601.14
2024-06-14,76.910143,202871809,15602899897.14
2024-06-17,77.682617,203171809,15782917906.27
2024-06-18,77.74575,202871809,15772421012.73
2024-06-20,77.577181,202821809,15734344088.58
2024-06-21,77.661809,202871809,15755391753.35
2024-06-24,77.868163,203271809,15828402375.34
2024-06-25,77.336211,203571809,15743472444.16
2024-06-26,77.283892,204871809,15833290731.78
2024-06-27,76.890515,204471809,15721942713.88
2024-06-28,76.571779,204121809,15629970054.34
2024-07-01,76.07377,204071809,15524511772.63
2024-07-02,76.54403,205121809,15700849932.78
2024-07-03,76.459649,204071809,15603258861.4
2024-07-05,77.372606,203821809,15770224543.96
2024-07-08,77.251514,203621809,15730093029.79
2024-07-09,77.06563,203921809,15715362765.16
2024-07-10,77.394381,203971809,15786271824.66
2024-07-11,77.129451,204771809,15793937293.66
2024-07-12,77.423659,206071809,15954833480.54
2024-07-15,76.974513,206271809,15877671948.98
2024-07-16,77.721193,206321809,16035577115.46
2024-07-17,78.781247,206271809,16250350387.1
2024-07-18,78.375942,210371809,16488088743.83
2024-07-19,78.154616,211671809,16543128964.92
2024-07-22,78.157266,209271809,16356112466.73
2024-07-23,77.862951,207421809,16150474090.36
2024-07-24,77.82915,207621809,16159028860.78
2024-07-25,77.746313,206871809,16083520343.51
2024-07-26,78.476343,205021809,16089361755.67
2024-07-29,78.511231,205021809,16096514679.69
2024-07-30,77.99999,204621809,15960499118.39
2024-07-31,77.838695,203221809,15818520416.61
2024-08-01,78.639533,203771809,16024519979.75
2024-08-02,79.28694,204321809,16200050913.21
2024-08-05,77.788936,205421809,15979543906.04
2024-08-06,78.275555,203921809,15962092745.33
2024-08-07,78.307486,203321809,15921619795.77
2024-08-08,78.999766,200171809,15813526133.64
2024-08-09,79.144046,199921809,15822620828.52
2024-08-12,78.725974,203121809,15990962339.19
2024-08-13,79.08244,202971809,16051505863.72
2024-08-14,79.476462,203271809,16155324262.39
2024-08-15,80.302733,204221809,16399569408.84
2024-08-16,80.512462,204721809,16482656905.16
2024-08-19,80.766157,205921809,16631513078.78
2024-08-20,81.150654,206121809,16726919683.18
2024-08-21,81.737398,212721809,17387327259.77
2024-08-22,81.620929,212671809,17358470720.44
2024-08-23,81.830825,207821809,17006230025.15
2024-08-26,82.425239,205771809,16960790568.51
2024-08-27,82.597957,206221809,17033500115.07
2024-08-28,82.278592,206371809,16979981848.89
2024-08-29,81.857945,207071809,16950472844.48
2024-08-30,82.495149,207721809,17136041626.96
2024-09-03,83.05231,206971809,17189486878.57
2024-09-04,83.476141,209471809,17485898333.11
2024-09-05,83.134076,214421809,17825759014.64
2024-09-06,82.936156,213171809,17679650400.9
2024-09-09,83.599611,214871809,17963199647.24
2024-09-10,83.59037,217621809,18191087594.22
2024-09-11,82.851719,218921809,18138048153.35
2024-09-12,83.319209,220121809,18340375112.5
2024-09-13,83.911564,219771809,18441396317.86
2024-09-16,84.221214,219771809,18509448483.48
2024-09-17,83.454439,220171809,18374314721.04
2024-09-18,83.134077,219621809,18258056386.36
2024-09-19,82.666471,228821809,18915891341.2
2024-09-20,83.0551,226021809,18772264040.33
2024-09-23,83.064023,213221809,17711061167.1
2024-09-24,82.848962,214371809,17760481922.12
2024-09-25,82.687695,215021809,17779657863.41
2024-09-26,82.892754,214971809,17819605199.37
2024-09-27,83.026221,214271809,17790178527.23
2024-09-30,83.028934,214471809,17807365625.15
2024-10-01,82.74195,215571809,17836831934.98
2024-10-02,82.044414,215971809,17719280596.32
2024-10-03,81.241614,217871809,17700257324.22
2024-10-04,81.503597,217021809,17688058120.85
2024-10-07,80.66444,215921809,17417211815.09
2024-10-08,81.079894,215171809,17446107544.63
2024-10-09,81.548402,215471809,17571381612.25
2024-10-10,81.209423,214221809,17396829464.35
2024-10-11,81.628855,210271809,17164247099.48
2024-10-14,81.934364,211521809,17330904822.24
2024-10-15,82.488139,211421809,17439791594.01
2024-10-16,82.422037,210971809,17388726255.42
2024-10-17,82.055791,210471809,17270430681.65
2024-10-18,82.240269,210771809,17333930322.18
2024-10-21,81.539253,210171809,17137252312.73
2024-10-22,82.011148,208721809,17117515263.83
2024-10-23,81.864571,208871809,17099201142.07
2024-10-24,81.717638,210171809,17174743906.47
2024-10-25,81.076453,209571809,16991338842.81
2024-10-28,81.196977,209571809,17016597312.14
2024-10-29,80.396871,209621809,16852937474.79
2024-10-30,80.219367,209821809,16831772741.48
2024-10-31,80.130605,209771809,16809141917.94
2024-11-01,80.137954,209321809,16774621477.26
2024-11-04,80.343264,208621809,16761357166.82
2024-11-05,80.845092,206021809,16655852097.85
2024-11-06,79.611284,206021809,16401660841.5
2024-11-07,79.828549,203671809,16258824887.0
2024-11-08,80.784778,201221809,16255659183.82
2024-11-11,80.536082,202521809,16310313073.98
2024-11-12,80.622974,203871809,16436751540.17
2024-11-13,80.846337,200171809,16183157465.81
2024-11-14,80.671881,201621809,16265210486.71
2024-11-15,79.982116,201121809,16086147877.2
2024-11-18,80.530752,200421809,16140118990.14
2024-11-19,80.631563,199921809,16120007904.58
2024-11-20,80.199783,204921809,16434684708.29
2024-11-21,81.072813,200021809,16216330797.7
2024-11-22,81.835929,200671809,16422163847.88
2024-11-25,82.281257,199771809,16437475561.44
2024-11-26,82.63624,201171809,16624081837.64
2024-11-27,82.783056,201271809,16661895466.48
2024-11-29,83.175951,202871809,16874055688.06
2024-12-02,83.110957,203321809,16898270037.44
2024-12-03,82.693088,205271809,16974559760.52
2024-12-04,82.451159,205771809,16966124076.59
2024-12-05,82.756742,205471809,17004177455.33
2024-12-06,82.418289,209421809,17260187095.06
2024-12-09,82.253413,209421809,17225658490.96
2024-12-10,82.617859,210721809,17409384800.29
2024-12-11,82.030204,210271809,17248639447.93
2024-12-12,82.221413,210771809,17329956059.57
2024-12-13,82.06539,210771809,17297070769.99
2024-12-16,81.622692,210321809,17167032252.6
2024-12-17,81.478385,209971809,17108163809.78
2024-12-18,80.261969,209471809,16812619827.38
2024-12-19,79.678897,209221809,16670563003.59
2024-12-20,79.904127,206071809,16465987897.87
2024-12-23,78.92506,205071809,16185304762.59
2024-12-24,79.463525,207521809,16490414439.21
2024-12-26,79.667231,207021809,16492854316.3
2024-12-27,79.28097,207071809,16416853774.71
2024-12-30,78.368931,206371809,16173138128.59
2024-12-31,78.577158,205571809,16153248592.79
2025-01-02,78.341793,206271809,16159703428.45
2025-01-03,78.348466,206021809,16141492643.09
2025-01-06,77.510917,206021809,15968939307.11
2025-01-07,77.22981,207871809,16053900209.95
2025-01-08,77.407879,208521809,16141230866.29
2025-01-10,76.370247,207721809,15863765927.89
2025-01-13,76.466063,208271809,15925725252.92
2025-01-14,76.482382,207121809,15841169328.52
2025-01-15,76.259032,208421809,15894045402.52
2025-01-16,76.774753,209971809,16120533705.77
2025-01-17,77.250991,211371809,16328681623.33
2025-01-21,77.587659,210671809,16345532521.78
2025-01-22,77.202622,210721809,16268276124.7
2025-01-23,77.485335,211721809,16405335323.32
2025-01-24,77.89175,211721809,16491382210.99
2025-01-27,80.035043,211971809,16965172769.97
2025-01-28,78.748276,211871809,16684539649.01
2025-01-29,78.923383,211471809,16690070530.99
2025-01-30,79.7321,211021809,16825211891.58
2025-01-31,79.011734,210721809,16649495549.98
2025-02-03,79.258902,209871809,16634209199.6
2025-02-04,78.606443,209121809,16438321563.36
2025-02-05,79.098727,208071809,16458215153.33
2025-02-06,79.499229,207521809,16497823835.05
2025-02-07,79.352189,205621809,16316540631.23
2025-02-10,79.819877,206171809,16456608399.14
2025-02-11,80.5838,207771809,16743041979.86
2025-02-12,80.572417,208271809,16780963078.06
2025-02-13,81.411772,206521809,16813306482.22
2025-02-14,80.614423,207721809,16745373687.23
2025-02-18,80.891943,208671809,16879868161.6
2025-02-19,81.568519,205421809,16755952818.65
2025-02-20,81.152794,205171809,16650265608.06
2025-02-21,82.173089,202121809,16608973398.03
2025-02-24,82.409397,204221809,16829796172.45
2025-02-25,83.624061,205971809,17224199177.21
2025-02-26,81.964017,204371809,16751134492.15
2025-02-27,82.00187,203071809,16652268011.0
2025-02-28,83.02769,200071809,16611500069.67
2025-03-03,83.519312,202921809,16947889851.64
2025-03-04,82.124195,205721809,16894737934.43
2025-03-05,82.432704,206871809,17053002613.46
2025-03-06,82.608935,206171809,17031633493.03
2025-03-07,82.897958,205921809,17070497544.69
2025-03-10,82.702983,204621809,16922833923.75
2025-03-11,81.508832,202321809,16491014313.86
2025-03-12,79.703829,202121809,16109882033.39
2025-03-13,79.343902,203621809,16156148955.62
2025-03-14,79.502854,208671809,16590004324.59
2025-03-17,80.652123,203621809,16422531242.41
2025-03-18,79.756802,203021809,16192370228.43
2025-03-19,79.727086,203921809,16258091651.29
2025-03-20,79.376922,205271809,16293844466.7
2025-03-21,79.369347,204821809,16256573265.72
2025-03-24,79.420618,204221809,16219422212.47
2025-03-25,78.699097,203421809,16009112730.86
2025-03-26,79.925231,203521809,16266527552.55
2025-03-27,80.810629,204871809,16555819833.66
2025-03-28,80.460107,204871809,16484007747.83
2025-03-31,81.644434,205121809,16747054098.24
2025-04-01,81.823362,205521809,16816485400.45
2025-04-02,81.599357,206171809,16823487112.37
2025-04-03,82.054719,206321809,16929678142.06
2025-04-04,78.562659,205721809,16162052280.14
2025-04-07,77.550178,201371809,15616419656.84
2025-04-08,76.336543,196371809,14990345021.92
2025-04-09,79.330079,201321809,15970875072.34
2025-04-10,79.416882,201671809,16016146185.35
2025-04-11,80.406023,199921809,16074917511.33
2025-04-14,81.680569,199521809,16297054846.38
2025-04-15,81.020681,198621809,16092474269.69
2025-04-16,80.147008,197471809,15826774680.9
2025-04-17,81.886974,191971809,15719990504.46
2025-04-21,81.093209,191621809,15539227484.22
2025-04-22,82.28367,192421809,15833172648.05
2025-04-23,81.809842,190671809,15598830626.08
2025-04-24,81.068562,192071809,15570985309.97
2025-04-25,80.853905,192021809,15525713019.97
2025-04-28,80.608966,192171809,15490770855.94
2025-04-29,81.231605,196371809,15951597269.48
2025-04-30,81.872417,195971809,16044685749.09
2025-05-01,81.139476,194421809,15775283651.19
2025-05-02,81.571589,193471809,15781802944.53
2025-05-05,81.503455,192271809,15670816668.32
2025-05-06,81.389339,193771809,15770959445.81
2025-05-07,81.491641,193621809,15778559005.39
2025-05-08,81.346293,195271809,15884637880.63
2025-05-09,80.903632,196521809,15899328185.27
2025-05-12,81.010826,195571809,15843433820.32
2025-05-13,79.939272,195821809,15653852948.89
2025-05-14,79.536976,194221809,15447815411.35
2025-05-15,81.135989,194621809,15790832910.37
2025-05-16,82.030796,196471809,16116738800.67
2025-05-19,82.301305,197971809,16293338298.83
2025-05-20,82.590129,198071809,16358776272.59
2025-05-21,81.653562,201171809,16426394768.62
2025-05-22,81.311292,200971809,16341277519.36
2025-05-23,81.580566,199371809,16264865102.17
2025-05-27,82.338012,199321809,16411761439.64
2025-05-28,81.786925,198671809,16248756247.88
2025-05-29,82.106063,198671809,16312160036.59
2025-05-30,82.870957,197821809,16393682587.14
2025-06-02,82.867654,200721809,16633345429.19
2025-06-03,82.786503,203521809,16848858877.08
2025-06-04,82.211888,202421809,16641478992.93
2025-06-05,81.450356,202171809,16466965769.46
2025-06-06,81.700338,203221809,16603290432.86
2025-06-09,81.59105,202771809,16544364876.41
2025-06-10,81.739449,200771809,16410977090.74
2025-06-11,81.470266,200771809,16356932768.08
2025-06-12,81.951398,201121809,16482213445.71
2025-06-13,80.960012,200771809,16254488077.59
2025-06-16,81.211616,201321809,16349669501.16
2025-06-17,80.537926,201121809,16197933364.5
2025-06-18,80.446547,199521809,16050840587.94
2025-06-20,81.033563,199071809,16131497912.46
2025-06-23,81.418867,198621809,16171562633.33
2025-06-24,81.33485,200421809,16301277718.7
2025-06-25,80.196879,199971809,16037115032.51
2025-06-26,80.143617,198371809,15898234246.26
2025-06-27,80.553037,197571809,15915009178.99
2025-06-30,80.991557,196921809,15949003913.51
2025-07-01,81.929621,196421809,16092764320.8
2025-07-02,82.154445,196121809,16112278406.45
2025-07-03,82.150186,195121809,16029292919.11
2025-07-07,82.075587,196921809,16162473024.14
2025-07-08,81.340998,195671809,15916140293.21
2025-07-09,80.819712,196771809,15903040982.34
2025-07-10,81.10255,197571809,16023577438.88
2025-07-11,80.815775,199771809,16144713562.34
2025-07-14,80.893603,199421809,16131948569.87
2025-07-15,80.097631,199521809,15981224203.2
2025-07-16,80.364391,195871809,15741118567.87
2025-07-17,81.066615,196421809,15923251100.67
2025-07-18,80.883215,195221809,15790167568.29
2025-07-21,80.833644,197021809,15925990736.92
2025-07-22,81.590285,196471809,16030190923.77
2025-07-23,81.625943,195771809,15980058556.03
2025-07-24,81.330536,196771809,16003556604.9
2025-07-25,81.463714,198571809,16176397062.07
2025-07-28,80.668954,198571809,16018580066.55
2025-07-29,81.179466,197721809,16050950775.09
2025-07-30,80.466713,198921809,16006584037.75
2025-07-31,79.782532,198571809,15842561617.03
2025-08-01,80.169465,197871809,15863277080.43
2025-08-04,80.54044,198721809,16005141980.85
2025-08-05,80.478349,198721809,15992803055.37
2025-08-06,81.607961,198121809,16168316854.35
2025-08-07,82.219966,197171809,16211459509.94
2025-08-08,82.455967,201721809,16633166794.97
2025-08-11,82.384575,204121809,16816488505.78
2025-08-12,82.634219,203571809,16821997451.97
2025-08-13,82.621497,202721809,16749179251.43
2025-08-14,81.911399,201771809,16527411114.03
2025-08-15,81.99886,201671809,16536858345.07
2025-08-18,81.925614,201771809,16530279379.3
2025-08-19,82.722098,201271809,16649626335.58
2025-08-20,83.212253,202371809,16839814196.83
2025-08-21,82.493582,202621809,16714998756.26
2025-08-22,82.465178,200521809,16536066758.71
2025-08-25,81.068509,199921809,16207362999.62
2025-08-26,80.547176,197971809,15946070055.71
2025-08-27,80.761651,195971809,15827006916.02
2025-08-28,80.260039,195521809,15692588072.41
2025-08-29,80.762921,195721809,15807064916.21
2025-09-02,80.657433,196421809,15842878876.46
2025-09-03,80.603435,198221809,15977358635.4
2025-09-04,80.633514,199321809,16072017823.56
2025-09-05,80.83851,199071809,16092668498.58
2025-09-08,80.523795,200221809,16122619983.53
2025-09-09,80.724352,200221809,16162775815.96
2025-09-10,79.92981,201521809,16107599905.25
2025-09-11,80.600157,199971809,16117759103.31
2025-09-12,80.298932,200121809,16069567627.65
2025-09-15,79.390562,204621809,16245040423.7
2025-09-16,79.740368,199771809,15929877537.91
2025-09-17,80.246706,195221809,15665907164.55
2025-09-18,79.571104,198471809,15792620932.99
2025-09-19,79.379477,195971809,15556139625.08
2025-09-22,77.96366,198221809,15454097766.39
2025-09-23,78.329016,199321809,15612681199.37
2025-09-24,78.523683,199821809,15690744460.52
2025-09-25,77.793668,201871809,15704348424.66
2025-09-26,77.96245,202921809,15820281300.29
2025-09-29,78.121593,203671809,15911166092.71
2025-09-30,78.386086,205421809,16102211586.74
2025-10-01,78.251599,204871809,16031546644.49
2025-10-02,77.941209,203271809,15843250649.01
2025-10-03,78.038068,202721809,15820018270.95
2025-10-06,77.479241,203071809,15733849712.53
2025-10-07,78.173972,202371809,15820208113.88
2025-10-08,77.806085,202321809,15741867786.07
2025-10-09,78.048158,202421809,15798649409.21
2025-10-10,78.12365,203071809,15864710845.41
2025-10-13,77.839829,198921809,15484039578.8
2025-10-14,79.078999,198371809,15687044178.26
2025-10-15,79.207126,199421809,15795628419.29
2025-10-16,78.67936,200621809,15784795619.92
2025-10-17,79.723935,202421809,16137863222.43
2025-10-20,79.657539,200571809,15977056720.4
2025-10-21,79.298308,199271809,15801917226.22
2025-10-22,79.742708,206871809,16496518254.48
2025-10-23,79.360621,207821809,16492867735.63
2025-10-24,79.09,208471809,16488035391.34
2025-10-27,79.196855,206771809,16375676916.99
2025-10-28,78.408421,205771809,16134242600.34
2025-10-29,76.609518,205371809,15733435377.93
2025-10-30,76.549859,203121809,15548945764.7
2025-10-31,76.281838,204021809,15563158649.7
2025-11-03,75.708235,201871809,15283358369.94
2025-11-04,75.990696,200571809,15241591339.91
2025-11-05,75.93918,199321809,15136334727.36
2025-11-06,75.58584,196871809,14880721023.0
2025-11-07,76.698568,196271809,15053766787.09
2025-11-10,76.420741,194621809,14873142885.64
2025-11-11,77.396399,191621809,14830837992.61
2025-11-12,77.291905,193721809,14973127748.65
2025-11-13,77.317827,194571809,15043869546.84
2025-11-14,77.25685,194771809,15047456378.71
2025-11-17,76.775545,194621809,14942195493.56
2025-11-18,77.086957,193821809,14941133482.57
2025-11-19,76.519594,193871809,14834992106.29
2025-11-20,77.052476,192571809,14838134731.62
2025-11-21,77.906063,192121809,14967453667.07
2025-11-24,77.008516,191571809,14752660683.9
2025-11-25,78.070746,192621809,15038128390.61
2025-11-26,78.901611,192821809,15213951369.26
2025-11-28,79.329537,195071809,15474956278.84
2025-12-01,79.226424,195571809,15494455080.82
2025-12-02,78.780092,191071809,15052654712.31
2025-12-03,78.815646,190721809,15031862641.89
2025-12-04,78.448457,191721809,15040280087.15
2025-12-05,78.465815,192771809,15125997116.09
2025-12-08,77.801874,190021809,14784052833.74
2025-12-09,77.979158,190621809,14864528099.91
2025-12-10,78.221593,190621809,14910741508.98
2025-12-11,78.796151,190021809,14972987150.71
2025-12-12,79.428372,193121809,15339350799.64
2025-12-15,79.626467,193171809,15381588712.11
2025-12-16,79.308919,194171809,15399556242.23
2025-12-17,79.649378,192471809,15330259804.0
2025-12-18,79.177312,188121809,14894979186.9
2025-12-19,78.767388,187721809,14786356536.88
2025-12-22,77.896828,185821809,14474929569.32
2025-12-23,77.516339,187621809,14543755697.77
2025-12-24,78.114737,188821809,14749765938.39
2025-12-26,78.225324,189121809,14794114744.69
2025-12-29,78.265183,187121809,14645122680.84
2025-12-30,78.134285,187171809,14624535394.86
2025-12-31,77.682449,189171809,14695329466.27
2026-01-02,77.705039,188421809,14641323970.48
2026-01-05,77.343604,189321809,14642830965.36
2026-01-06,77.474018,186971809,14485457268.52
2026-01-07,76.630715,186971809,14327783471.34
2026-01-08,78.451956,185971809,14589852117.02
2026-01-09,79.247119,186021809,14741692360.31
2026-01-12,80.195298,186371809,14946142692.68
2026-01-13,81.126341,194171809,15752448435.95
2026-01-14,82.205883,199121809,16368984174.77
2026-01-15,82.350435,197471809,16261889393.02
2026-01-16,82.13088,198571809,16308877473.49
2026-01-20,82.38844,198821809,16380618686.47
2026-01-21,82.413248,196071809,16158914710.29
2026-01-22,82.285435,194821809,16030997372.68
2026-01-23,82.889897,194521809,16123892758.83
2026-01-26,82.765052,195871809,16211340367.93
2026-01-27,83.149846,192471809,16004001231.77
2026-01-28,82.331003,193121809,15899912166.24
2026-01-29,82.155665,192171809,15788002755.73
2026-01-30,83.470544,193521809,16153370670.97
2026-02-02,84.475165,191421809,16170388938.81
2026-02-03,85.861871,192221809,16504524107.65
2026-02-04,86.969188,193271809,16808692303.87
2026-02-05,86.904904,192571809,16735434594.97
2026-02-06,87.939617,186671809,16415847450.34
2026-02-09,87.458443,187421809,16391619688.23
2026-02-10,87.127406,189221809,16486405403.37
2026-02-11,88.400001,188371809,16652068080.69
2026-02-12,89.239731,195221809,17421541722.38
2026-02-13,89.510982,193171809,17290998277.72
2026-02-17,88.203114,194321809,17139788766.93
2026-02-18,88.069147,194521809,17131369808.36
2026-02-19,87.686226,196121809,17197181349.6
2026-02-20,87.87713,196421809,17260984805.05
2026-02-23,88.984179,196521809,17487331771.74
2026-02-24,89.717873,197471809,17716750691.28
2026-02-25,88.979723,195771809,17419721274.15
2026-02-26,88.856536,192821809,17133478097.85
2026-02-27,90.00348,195071809,17557141595.32
2026-03-02,88.72827,193421809,17161982478.21
2026-03-03,87.757962,193721809,17000631166.95
2026-03-04,87.200331,197371809,17210887101.3
2026-03-05,85.443051,196771809,16812783771.08
2026-03-06,85.768675,199321809,17095567389.83
2026-03-09,85.966654,195921809,16842742304.57
2026-03-10,85.735719,192571809,16510282548.24
2026-03-11,84.600068,195471809,16536928238.48
2026-03-12,84.265399,196221809,16534709030.66
2026-03-13,84.733859,196421809,16643577820.96
2026-03-16,84.952379,196471809,16690747542.56
2026-03-17,84.669944,191671809,16228841360.76
2026-03-18,82.644644,194621809,16084450124.43
2026-03-19,81.980623,193621809,15873236572.63
2026-03-20,81.302545,196921809,16010244175.16
2026-03-23,81.191454,189071809,15351015123.78
2026-03-24,81.0913,188521809,15287478480.68
2026-03-25,81.516077,190521809,15530590524.45
2026-03-26,81.154741,190521809,15461748058.99
2026-03-27,81.8141,189471809,15501465472.4
2026-03-30,81.882189,188921809,15469331209.9
2026-03-31,81.963429,188871809,15480581181.4
2026-04-01,81.497845,188721809,15380420750.89
2026-04-02,81.919185,186421809,15271522616.2
2026-04-06,82.67683,176871809,14623200411.84
2026-04-07,81.273913,176821809,14371000292.02
2026-04-08,82.788505,174871809,14477375653.58
2026-04-09,83.450596,174971809,14601501783.17
2026-04-10,82.349548,174321809,14355322233.39
2026-04-13,81.54434,173871809,14178261856.34
2026-04-14,81.435145,174721809,14228495825.9
2026-04-15,81.047513,176671809,14318810662.96
2026-04-16,81.437602,177121809,14424375469.05
2026-04-17,82.466405,176321809,14540625650.86
2026-04-20,82.367862,176121809,14506776774.02
2026-04-21,81.833641,176371809,14433147216.57
2026-04-22,82.10814,175871809,14440507124.44
2026-04-23,83.466839,175171809,14621037234.18
2026-04-24,83.252292,176671809,14708333017.56
2026-04-27,82.328645,176121809,14499869890.17
2026-04-28,83.083339,173321809,14400154609.16
2026-04-29,82.923284,173521809,14388998333.7
2026-04-30,84.28583,172571809,14545358239.23
2026-05-01,84.144539,173821809,14626156051.36
2026-05-04,83.506933,173521809,14490274047.72
2026-05-05,84.019019,174071809,14625342590.74
2026-05-06,84.234305,174921809,14734416969.43
2026-05-07,83.988062,173071809,14535965869.25
2026-05-08,84.197861,173821809,14635424558.68
2026-05-11,83.356654,174921809,14580896774.77
2026-05-12,84.437779,175721809,14837559337.14
2026-05-13,84.706683,176671809,14965283000.35
2026-05-14,84.962511,176271809,14976495425.46
2026-05-15,84.642877,176871809,14970938701.71
2026-05-18,85.896331,176871809,15192639388.57
2026-05-19,86.052881,177321809,15259052558.43
2026-05-20,85.476971,177721809,15191121888.96
2026-05-21,84.6542,177171809,14998337667.89
2026-05-22,84.793701,176221809,14942499414.65
2026-05-26,83.604288,176471809,14753800004.59
2026-05-27,84.542496,176521809,14923594317.6
2026-05-28,84.391825,178521809,15065781209.31
2026-05-29,82.932814,179121809,14855075620.83
2026-06-01,82.011359,178621809,14649017387.21
2026-06-02,81.844121,174771809,14304045136.74
2026-06-03,82.126554,171071809,14049538195.26
2026-06-04,82.017853,170671809,13998135346.22
2026-06-05,83.442533,176021809,14687705536.58
2026-06-08,83.094479,170171809,14140337782.07
2026-06-09,84.118719,169771809,14280987078.24
2026-06-10,85.477445,170021809,14533029883.6
2026-06-11,85.257292,170071809,14499861942.66
2026-06-12,85.855626,170921809,14674598935.65
2026-06-15,85.472162,170371809,14562046848.79
2026-06-16,85.585473,168221809,14397343090.33
2026-06-17,83.690865,167021809,13978199620.35
2026-06-18,83.28322,164771809,13722726771.63
2026-06-22,82.176811,163671809,13450027242.81
2026-06-23,83.698305,164571809,13774381415.11
2026-06-24,84.434956,163371809,13794291452.4
2026-06-25,83.93446,166121809,13943344298.1
2026-06-26,84.787893,166171809,14089357558.24
2026-06-29,84.38478,165121809,13933767461.57
2026-06-30,83.114986,164221809,13649293324.08
2026-07-01,83.298115,163971809,13658542672.86
2026-07-02,85.036781,167521809,14245515468.15
2026-07-06,84.079831,170821809,14362668848.84
2026-07-07,84.852272,169771809,14405523662.82
2026-07-08,84.432841,171571809,14486295240.3
2026-07-09,83.22414,171271809,14253948974.74
2026-07-10,84.122278,170671809,14357301351.35
2026-07-13,84.569969,170421809,14412567101.53
2026-07-14,83.404516,168971809,14093011965.19
2026-07-15,83.464272,168721809,14082242881.78
2026-07-16,85.803591,168371809,14446905818.81
2026-07-17,85.212086,169371809,14432525132.55
2026-07-20,84.826848,169671809,14392724756.76
2026-07-21,84.035844,168021809,14119854585.52
2026-07-22,84.364025,167721809,14149686817.4
2026-07-23,83.247856,167321809,13929181840.22
2026-07-24,84.10118,173171809,14563953545.39
2026-07-27,85.369105,169971809,14510341278.01
2026-07-28,87.018656,170371809,14825525837.92
2026-07-29,87.319993,176321809,15396419096.71
2026-07-30,85.461166,174971809,14953294756.22
2026-07-31,85.052934,171071809,14550159272.46
2026-08-03,84.852029,172021809,14596399458.24
2026-08-04,85.337169,172271809,14701188494.61
