date,nav,shares_outstanding,total_net_assets
2015-10-07,30.0,100000,3000000.0
2015-10-08,30.256859,100000,3025685.88
2015-10-09,30.185161,100000,3018516.09
2015-10-12,30.357426,100000,3035742.58
2015-10-13,30.134279,100000,3013427.94
2015-10-14,29.919693,100000,2991969.29
2015-10-15,30.342907,100000,3034290.73
2015-10-16,30.642946,100000,3064294.55
2015-10-19,31.05203,100000,3105203.01
2015-10-20,31.017598,100000,3101759.75
2015-10-21,30.972136,150000,4645820.4
2015-10-22,31.419452,150000,4712917.82
2015-10-23,31.050621,150000,4657593.12
2015-10-26,31.107489,150000,4666123.39
2015-10-27,31.091773,150000,4663765.91
2015-10-28,31.16144,150000,4674216.03
2015-10-29,31.173547,150000,4676032.08
2015-10-30,30.943761,150000,4641564.13
2015-11-02,31.670021,150000,4750503.15
2015-11-03,31.344746,150000,4701711.93
2015-11-04,31.162282,150000,4674342.25
2015-11-05,31.175421,150000,4676313.12
2015-11-06,30.198133,150000,4529720.01
2015-11-09,29.822941,150000,4473441.22
2015-11-10,30.064108,150000,4509616.19
2015-11-11,30.135904,150000,4520385.65
2015-11-12,29.961836,200000,5992367.24
2015-11-13,29.589134,100000,2958913.37
2015-11-16,29.972889,100000,2997288.86
2015-11-17,30.015423,150000,4502313.51
2015-11-18,30.403685,150000,4560552.77
2015-11-19,30.502865,100000,3050286.5
2015-11-20,30.846744,100000,3084674.41
2015-11-23,30.862166,150000,4629324.85
2015-11-24,30.656567,150000,4598485.11
2015-11-25,30.770332,150000,4615549.8
2015-11-27,30.997841,150000,4649676.21
2015-11-30,30.745347,150000,4611802.0
2015-12-01,31.221753,150000,4683262.98
2015-12-02,30.585217,150000,4587782.61
2015-12-03,30.151359,150000,4522703.78
2015-12-04,30.766896,150000,4615034.34
2015-12-07,30.742687,150000,4611403.04
2015-12-08,30.71275,150000,4606912.48
2015-12-09,30.477131,150000,4571569.65
2015-12-10,30.225443,150000,4533816.45
2015-12-11,30.150332,150000,4522549.81
2015-12-14,30.331381,150000,4549707.09
2015-12-15,30.652732,150000,4597909.75
2015-12-16,31.260707,150000,4689106.01
2015-12-17,31.056247,150000,4658437.0
2015-12-18,30.258533,150000,4538779.97
2015-12-21,30.446477,150000,4566971.58
2015-12-22,30.589104,150000,4588365.61
2015-12-23,30.98354,150000,4647531.06
2015-12-24,30.969398,150000,4645409.66
2015-12-28,31.115201,150000,4667280.13
2015-12-29,31.450162,150000,4717524.24
2015-12-30,31.290947,150000,4693642.07
2015-12-31,31.037825,150000,4655673.73
2016-01-04,30.662019,150000,4599302.82
2016-01-05,31.278608,150000,4691791.16
2016-01-06,31.070739,200000,6214147.75
2016-01-07,30.442503,200000,6088500.6
2016-01-08,30.020668,200000,6004133.69
2016-01-11,30.173558,200000,6034711.51
2016-01-12,30.021549,200000,6004309.8
2016-01-13,29.590124,200000,5918024.78
2016-01-14,29.60086,200000,5920172.06
2016-01-15,29.223865,200000,5844773.01
2016-01-19,29.424662,200000,5884932.31
2016-01-20,28.540512,200000,5708102.37
2016-01-21,28.785719,200000,5757143.89
2016-01-22,29.541117,200000,5908223.48
2016-01-25,29.277125,200000,5855425.03
2016-01-26,29.854582,200000,5970916.43
2016-01-27,29.329253,200000,5865850.59
2016-01-28,29.066516,200000,5813303.24
2016-01-29,29.618465,200000,5923692.96
2016-02-01,29.660311,200000,5932062.26
2016-02-02,29.333697,200000,5866739.42
2016-02-03,29.452557,250000,7363139.22
2016-02-04,29.489091,250000,7372272.82
2016-02-05,28.690697,250000,7172674.36
2016-02-08,27.827805,250000,6956951.21
2016-02-09,27.343256,250000,6835814.1
2016-02-10,27.538974,250000,6884743.4
2016-02-11,27.192991,250000,6798247.67
2016-02-12,27.556499,250000,6889124.83
2016-02-16,28.023008,250000,7005752.04
2016-02-17,28.302212,250000,7075552.92
2016-02-18,28.552918,250000,7138229.55
2016-02-19,28.655785,250000,7163946.19
2016-02-22,29.015666,250000,7253916.45
2016-02-23,28.927317,250000,7231829.24
2016-02-24,28.907486,250000,7226871.49
2016-02-25,29.4145,250000,7353625.02
2016-02-26,29.31785,250000,7329462.45
2016-02-29,29.298146,250000,7324536.49
2016-03-01,30.128827,250000,7532206.82
2016-03-02,30.294326,250000,7573581.51
2016-03-03,30.419092,250000,7604772.99
2016-03-04,30.489448,250000,7622361.98
2016-03-07,30.524846,250000,7631211.46
2016-03-08,30.239827,250000,7559956.65
2016-03-09,30.362872,250000,7590718.0
2016-03-10,30.325125,250000,7581281.24
2016-03-11,31.102863,250000,7775715.77
2016-03-14,31.079009,250000,7769752.22
2016-03-15,31.115513,250000,7778878.25
2016-03-16,31.446731,250000,7861682.85
2016-03-17,31.943621,250000,7985905.19
2016-03-18,31.502394,250000,7875598.44
2016-03-21,31.271961,250000,7817990.23
2016-03-22,31.280917,250000,7820229.19
2016-03-23,31.129293,250000,7782323.21
2016-03-24,31.142001,250000,7785500.37
2016-03-28,31.405281,250000,7851320.29
2016-03-29,31.993332,250000,7998332.93
2016-03-30,31.914763,350000,11170167.05
2016-03-31,32.081833,350000,11228641.38
2016-04-01,32.153565,350000,11253747.87
2016-04-04,32.153421,350000,11253697.46
2016-04-05,31.934057,350000,11176919.81
2016-04-06,32.058577,350000,11220501.94
2016-04-07,31.857672,350000,11150185.07
2016-04-08,32.063628,350000,11222269.93
2016-04-11,31.931057,350000,11175869.83
2016-04-12,32.149132,350000,11252196.09
2016-04-13,32.030843,350000,11210795.15
2016-04-14,31.81534,350000,11135368.83
2016-04-15,32.020255,350000,11207089.27
2016-04-18,32.204947,350000,11271731.47
2016-04-19,32.18928,350000,11266248.05
2016-04-20,31.708899,350000,11098114.59
2016-04-21,31.149261,350000,10902241.39
2016-04-22,31.535163,350000,11037307.08
2016-04-25,31.724062,350000,11103421.75
2016-04-26,31.815993,350000,11135597.63
2016-04-27,31.716104,350000,11100636.43
2016-04-28,31.598403,350000,11059441.11
2016-04-29,31.377618,350000,10982166.4
2016-05-02,31.833513,350000,11141729.65
2016-05-03,31.798826,350000,11129589.07
2016-05-04,32.229736,350000,11280407.64
2016-05-05,32.333304,350000,11316656.53
2016-05-06,32.612732,350000,11414456.22
2016-05-09,32.865426,350000,11502899.13
2016-05-10,32.960809,350000,11536283.22
2016-05-11,32.210732,350000,11273756.37
2016-05-12,32.431231,350000,11350930.95
2016-05-13,32.069651,350000,11224377.85
2016-05-16,32.356779,350000,11324872.49
2016-05-17,31.826627,400000,12730650.64
2016-05-18,31.400131,400000,12560052.59
2016-05-19,31.092928,400000,12437171.35
2016-05-20,31.30718,400000,12522871.97
2016-05-23,31.345167,400000,12538066.63
2016-05-24,31.677421,400000,12670968.55
2016-05-25,31.736245,400000,12694498.08
2016-05-26,31.752312,400000,12700924.7
2016-05-27,31.891623,400000,12756649.05
2016-05-31,31.873139,400000,12749255.68
2016-06-01,31.828329,400000,12731331.7
2016-06-02,31.976785,400000,12790713.92
2016-06-03,32.055548,400000,12822219.07
2016-06-06,31.888146,400000,12755258.45
2016-06-07,32.067926,400000,12827170.43
2016-06-08,32.181039,400000,12872415.44
2016-06-09,32.233287,400000,12893314.91
2016-06-10,32.103484,400000,12841393.51
2016-06-13,32.119377,400000,12847750.89
2016-06-14,31.982208,400000,12792883.09
2016-06-15,32.283165,400000,12913266.14
2016-06-16,32.49347,400000,12997387.86
2016-06-17,32.141633,400000,12856653.06
2016-06-20,32.187822,400000,12875128.89
2016-06-21,32.389796,400000,12955918.23
2016-06-22,32.355751,400000,12942300.27
2016-06-23,32.596831,400000,13038732.32
2016-06-24,32.087519,400000,12835007.72
2016-06-27,32.139652,400000,12855860.76
2016-06-28,32.839885,400000,13135953.85
2016-06-29,33.32123,400000,13328492.16
2016-06-30,33.622885,400000,13449154.02
2016-07-01,33.607033,400000,13442813.17
2016-07-05,33.923322,400000,13569328.85
2016-07-06,33.752257,400000,13500902.64
2016-07-07,33.422237,400000,13368894.72
2016-07-08,33.988394,400000,13595357.53
2016-07-11,34.15939,450000,15371725.41
2016-07-12,34.238985,450000,15407543.15
2016-07-13,34.376365,1300000,44689274.8
2016-07-14,34.163115,1300000,44412049.18
2016-07-15,34.13379,1350000,46080617.14
2016-07-18,34.154806,1650000,56355430.23
2016-07-19,34.310597,1650000,56612484.81
2016-07-20,34.283759,1700000,58282389.74
2016-07-21,34.324576,1700000,58351778.45
2016-07-22,34.613341,1700000,58842680.1
2016-07-25,34.540015,1700000,58718025.75
2016-07-26,34.431782,1700000,58534029.01
2016-07-27,34.102587,1700000,57974398.63
2016-07-28,34.292135,1700000,58296628.7
2016-07-29,34.599461,1700000,58819084.28
2016-08-01,34.775753,1700000,59118779.27
2016-08-02,34.239156,1700000,58206565.72
2016-08-03,34.021191,1700000,57836025.36
2016-08-04,33.941509,3150000,106915752.45
2016-08-05,33.97318,3300000,112111493.69
2016-08-08,33.979531,3350000,113831428.31
2016-08-09,34.137534,3350000,114360738.03
2016-08-10,34.115642,3400000,115993183.5
2016-08-11,33.774712,3400000,114834020.86
2016-08-12,33.868011,3400000,115151238.94
2016-08-15,33.846238,3400000,115077210.09
2016-08-16,33.45297,3400000,113740097.53
2016-08-17,33.574253,3400000,114152460.08
2016-08-18,33.506721,3400000,113922852.1
2016-08-19,33.227788,3400000,112974478.04
2016-08-22,33.383033,3400000,113502312.51
2016-08-23,33.394544,3400000,113541448.96
2016-08-24,33.275844,3450000,114801661.2
2016-08-25,33.413817,3450000,115277666.93
2016-08-26,33.075975,3450000,114112114.12
2016-08-29,33.41647,3450000,115286822.61
2016-08-30,33.351549,3450000,115062843.93
2016-08-31,33.365807,3450000,115112034.9
2016-09-01,33.340737,3450000,115025542.36
2016-09-02,33.567815,3600000,120844134.86
2016-09-06,33.888371,3600000,121998136.36
2016-09-07,33.839327,3600000,121821577.53
2016-09-08,33.434616,4050000,135410193.58
2016-09-09,32.117632,93300000,2996575042.07
2016-09-12,32.53975,93750000,3050601516.35
2016-09-13,31.728652,93650000,2971388297.73
2016-09-14,31.836073,89700000,2855695707.32
2016-09-15,31.995434,89050000,2849193393.98
2016-09-16,31.934514,86850000,2773512525.38
2016-09-19,32.244029,87700000,2827801382.15
2016-09-20,32.190568,87550000,2818284228.66
2016-09-21,32.579254,86650000,2822992398.34
2016-09-22,33.207269,86500000,2872428766.54
2016-09-23,33.300668,87250000,2905483251.23
2016-09-26,33.353219,98400000,3281956747.49
2016-09-27,33.103768,99250000,3285548950.46
2016-09-28,33.326699,98150000,3271015530.09
2016-09-29,32.914211,98800000,3251924039.22
2016-09-30,32.743819,98200000,3215443045.88
2016-10-03,32.156872,97750000,3143334244.43
2016-10-04,31.647639,97150000,3074568093.82
2016-10-05,31.038678,95900000,2976609195.1
2016-10-06,31.107793,94400000,2936575621.15
2016-10-07,31.038301,93650000,2906736918.87
2016-10-10,31.193511,93850000,2927511037.71
2016-10-11,30.928846,93800000,2901125737.11
2016-10-12,31.339234,92100000,2886343480.61
2016-10-13,31.50108,92050000,2899674372.18
2016-10-14,31.413686,92100000,2893200467.33
2016-10-17,31.451871,92050000,2895144725.95
2016-10-18,31.62227,91950000,2907667688.39
2016-10-19,31.729498,88150000,2796955226.58
2016-10-20,31.620031,87950000,2780981721.35
2016-10-21,31.581724,87950000,2777612592.19
2016-10-24,31.666946,87750000,2778774515.35
2016-10-25,31.588296,87000000,2748181750.01
2016-10-26,31.199308,87000000,2714339805.6
2016-10-27,30.435556,87000000,2647893388.01
2016-10-28,30.524421,87000000,2655624591.11
2016-10-31,30.9462,87000000,2692319392.51
2016-11-01,30.319501,87000000,2637796630.2
2016-11-02,29.880503,85400000,2551794993.44
2016-11-03,29.725073,85400000,2538521246.95
2016-11-04,29.968287,85400000,2559291734.05
2016-11-07,30.492137,85400000,2604028517.21
2016-11-08,30.684311,85650000,2628111231.37
2016-11-09,29.985761,84850000,2544291830.47
2016-11-10,29.529835,85200000,2515941976.3
2016-11-11,29.570309,84400000,2495734117.24
2016-11-14,30.16817,84350000,2544685107.02
2016-11-15,29.972723,83800000,2511714146.8
2016-11-16,29.941207,83400000,2497096662.62
2016-11-17,29.649466,83400000,2472765453.58
2016-11-18,29.703917,84050000,2496614256.37
2016-11-21,29.6528,84050000,2492317810.1
2016-11-22,30.15155,83050000,2504086218.2
2016-11-23,29.941659,83800000,2509111027.37
2016-11-25,30.07153,83700000,2516987074.59
2016-11-28,30.162881,83700000,2524633175.54
2016-11-29,30.3693,83700000,2541910370.75
2016-11-30,29.994299,82800000,2483527940.75
2016-12-01,29.527648,82800000,2444889277.73
2016-12-02,29.866988,82800000,2472986590.52
2016-12-05,30.092355,82800000,2491647014.04
2016-12-06,30.187945,82950000,2504090067.18
2016-12-07,30.854938,82400000,2542446891.08
2016-12-08,30.997035,82400000,2554155681.86
2016-12-09,30.971992,81500000,2524217359.84
2016-12-12,31.280837,81650000,2554080315.52
2016-12-13,31.373004,80900000,2538076018.06
2016-12-14,30.790806,78000000,2401682864.1
2016-12-15,30.590366,76700000,2346281081.71
2016-12-16,30.420878,77000000,2342407601.53
2016-12-19,30.714685,77000000,2365030781.41
2016-12-20,30.736508,77000000,2366711087.9
2016-12-21,30.330928,76550000,2321832538.95
2016-12-22,30.303933,76550000,2319766071.99
2016-12-23,30.336044,76700000,2326774580.37
2016-12-27,30.416645,76700000,2332956638.63
2016-12-28,30.185213,76250000,2301622484.7
2016-12-29,30.469127,76250000,2323270970.01
2016-12-30,30.737728,76250000,2343751770.13
2017-01-03,30.858026,75150000,2318980644.43
2017-01-04,31.240391,75300000,2352401454.12
2017-01-05,31.39997,75300000,2364417721.06
2017-01-06,31.39817,75100000,2358002545.0
2017-01-09,31.196947,75700000,2361608891.62
2017-01-10,30.795316,75600000,2328125854.77
2017-01-11,30.652644,75950000,2328068317.6
2017-01-12,30.773686,75950000,2337261422.29
2017-01-13,30.698281,75950000,2331534441.34
2017-01-17,30.954798,75800000,2346373718.98
2017-01-18,31.009574,76350000,2367581006.34
2017-01-19,30.704369,76200000,2339672953.55
2017-01-20,30.912211,76050000,2350873616.36
2017-01-23,31.094109,76300000,2372480518.74
2017-01-24,31.092587,74800000,2325725527.86
2017-01-25,30.902373,73450000,2269779267.07
2017-01-26,30.897529,73450000,2269423509.36
2017-01-27,30.62274,73600000,2253833666.43
2017-01-30,30.475755,74450000,2268919931.24
2017-01-31,30.716177,74650000,2292962594.77
2017-02-01,30.364073,74650000,2266678072.08
2017-02-02,30.742773,74650000,2294948013.92
2017-02-03,30.933258,74000000,2289061103.31
2017-02-06,30.749445,73100000,2247784434.3
2017-02-07,30.68603,72900000,2237011578.37
2017-02-08,30.956832,73400000,2272231476.96
2017-02-09,31.065246,73200000,2273976030.09
2017-02-10,31.269643,73200000,2288937865.42
2017-02-13,31.430233,73200000,2300693087.6
2017-02-14,31.266422,73700000,2304335308.43
2017-02-15,31.177379,74100000,2310243755.96
2017-02-16,31.314996,74100000,2320441204.1
2017-02-17,31.402333,73600000,2311211716.12
2017-02-21,31.81849,73600000,2341840832.13
2017-02-22,31.721348,73850000,2342621553.25
2017-02-23,31.930487,73850000,2358066465.81
2017-02-24,32.081895,74250000,2382080719.13
2017-02-27,32.239605,74250000,2393790634.77
2017-02-28,32.14739,74000000,2378906840.52
2017-03-01,32.055533,71650000,2296778950.89
2017-03-02,31.967669,71700000,2292081893.99
2017-03-03,31.856849,71700000,2284136055.83
2017-03-06,31.727452,71700000,2274858305.87
2017-03-07,31.624653,71700000,2267487610.13
2017-03-08,31.155191,71650000,2232269442.9
2017-03-09,30.757071,71650000,2203744111.25
2017-03-10,30.707853,72050000,2212500817.49
2017-03-13,30.767384,72050000,2216790020.22
2017-03-14,30.721494,72050000,2213483645.66
2017-03-15,31.325511,72450000,2269533257.66
2017-03-16,31.234313,72650000,2269172842.16
2017-03-17,31.092495,73900000,2297735359.76
2017-03-20,31.132374,74150000,2308465562.35
2017-03-21,31.084238,74150000,2304896229.21
2017-03-22,31.140421,74300000,2313733255.6
2017-03-23,31.373475,74500000,2337323887.87
2017-03-24,31.325484,73950000,2316519536.07
2017-03-27,31.131221,73800000,2297484139.91
2017-03-28,31.278603,73750000,2306796994.23
2017-03-29,31.396014,73750000,2315456018.36
2017-03-30,31.458009,73750000,2320028198.93
2017-03-31,31.611232,73900000,2336070068.12
2017-04-03,31.650478,73900000,2338970317.87
2017-04-04,31.554596,73750000,2327151431.24
2017-04-05,31.604343,73750000,2330820282.69
2017-04-06,31.766813,73750000,2342802453.05
2017-04-07,31.820305,73750000,2346747524.6
2017-04-10,32.045527,73750000,2363357647.74
2017-04-11,32.193213,73800000,2375859117.94
2017-04-12,32.149418,73750000,2371019561.29
2017-04-13,32.076502,74250000,2381680287.59
2017-04-17,32.447445,74050000,2402733328.69
2017-04-18,32.534771,74250000,2415706723.6
2017-04-19,32.456599,74250000,2409902480.34
2017-04-20,32.450861,73200000,2375402996.96
2017-04-21,32.294616,72400000,2338130216.79
2017-04-24,32.001026,72400000,2316874280.46
2017-04-25,32.072316,72250000,2317224855.01
2017-04-26,31.799554,72200000,2295927762.89
2017-04-27,31.828077,72100000,2294804322.06
2017-04-28,31.639448,72100000,2281204211.12
2017-05-01,31.836463,72100000,2295408967.47
2017-05-02,31.862134,72100000,2297259844.77
2017-05-03,31.46735,72050000,2267222562.35
2017-05-04,31.506363,72050000,2270033488.82
2017-05-05,31.757545,72000000,2286543260.17
2017-05-08,31.586009,71950000,2272613382.4
2017-05-09,31.456157,71850000,2260124865.33
2017-05-10,31.640574,72200000,2284449471.15
2017-05-11,31.478767,71450000,2249157869.86
2017-05-12,31.357895,71350000,2237385829.72
2017-05-15,31.494627,71500000,2251865864.91
2017-05-16,31.330019,71500000,2240096378.45
2017-05-17,31.523802,72000000,2269713745.88
2017-05-18,31.598825,71800000,2268795616.29
2017-05-19,31.777889,71800000,2281652448.18
2017-05-22,31.868973,71700000,2285005376.7
2017-05-23,31.895192,71700000,2286885256.36
2017-05-24,32.097342,71950000,2309403771.71
2017-05-25,32.213096,71950000,2317732221.48
2017-05-26,32.007051,71950000,2302907322.84
2017-05-30,31.904875,71950000,2295555757.47
2017-05-31,31.861793,72050000,2295642212.63
2017-06-01,31.983031,72050000,2304377363.84
2017-06-02,32.267948,72050000,2324905623.38
2017-06-05,32.157349,72050000,2316937002.68
2017-06-06,32.015599,71050000,2274708320.7
2017-06-07,32.178914,71050000,2286311823.52
2017-06-08,32.043449,71050000,2276687080.46
2017-06-09,32.182648,71050000,2286577123.71
2017-06-12,32.388671,71050000,2301215048.63
2017-06-13,32.46378,71150000,2309797960.31
2017-06-14,32.576255,71150000,2317800550.48
2017-06-15,32.736673,71150000,2329214311.09
2017-06-16,32.42622,71150000,2307125567.54
2017-06-19,32.4694,71800000,2331302939.17
2017-06-20,32.406428,72050000,2334883148.04
2017-06-21,32.332926,72000000,2327970658.38
2017-06-22,32.360667,72000000,2329968051.54
2017-06-23,32.486601,70850000,2301675696.09
2017-06-26,32.63844,70850000,2312433439.84
2017-06-27,32.513404,70900000,2305200371.89
2017-06-28,32.543108,70600000,2297543412.91
2017-06-29,32.20947,71500000,2302977103.58
2017-06-30,32.200132,71500000,2302309441.85
2017-07-03,32.50744,71500000,2324281952.01
2017-07-05,32.119208,71500000,2296523349.43
2017-07-06,31.520115,71500000,2253688191.26
2017-07-07,31.72374,71500000,2268247416.36
2017-07-10,31.45127,71600000,2251910922.63
2017-07-11,31.394001,71600000,2247810471.31
2017-07-12,31.806435,71600000,2277340756.08
2017-07-13,31.871054,71650000,2283561024.81
2017-07-14,32.205975,71650000,2307558109.31
2017-07-17,32.272657,71650000,2312335885.48
2017-07-18,32.236919,71850000,2316222622.34
2017-07-19,32.474631,72800000,2364153107.01
2017-07-20,32.369129,75950000,2458435383.43
2017-07-21,32.446758,75950000,2464331245.35
2017-07-24,32.397224,75950000,2460569160.96
2017-07-25,32.418974,75950000,2462221059.39
2017-07-26,32.681648,76100000,2487073417.71
2017-07-27,32.649616,76100000,2484635748.51
2017-07-28,32.618891,76800000,2505130795.21
2017-07-31,32.580109,76800000,2502152352.86
2017-08-01,32.706851,76250000,2493897412.06
2017-08-02,32.560527,76200000,2481112123.15
2017-08-03,32.489182,76200000,2475675684.74
2017-08-04,32.589797,76200000,2483342515.1
2017-08-07,32.58749,76200000,2483166713.01
2017-08-08,32.415962,76200000,2470096266.53
2017-08-09,32.459232,75950000,2465278691.9
2017-08-10,32.158875,75950000,2442466576.65
2017-08-11,31.961755,75950000,2427495305.15
2017-08-14,32.512034,75950000,2469288991.07
2017-08-15,32.433037,75950000,2463289191.41
2017-08-16,32.528976,75950000,2470575762.14
2017-08-17,32.294068,75950000,2452734462.74
2017-08-18,32.053663,75950000,2434475729.29
2017-08-21,32.403232,76550000,2480467408.94
2017-08-22,32.366815,76550000,2477679682.44
2017-08-23,32.700259,76550000,2503204806.98
2017-08-24,32.650457,76650000,2502657559.19
2017-08-25,32.784245,76650000,2512912373.96
2017-08-28,32.63954,75450000,2462653318.74
2017-08-29,32.616154,75450000,2460888830.96
2017-08-30,32.776731,74850000,2453338292.65
2017-08-31,32.946316,74850000,2466031741.46
2017-09-01,32.91871,74850000,2463965422.89
2017-09-05,32.896775,74450000,2449164895.08
2017-09-06,32.928769,74650000,2458132596.74
2017-09-07,33.190651,74700000,2479341599.04
2017-09-08,33.188973,74650000,2477556861.36
2017-09-11,33.449332,74650000,2496992658.71
2017-09-12,33.070193,74650000,2468689899.11
2017-09-13,32.935733,74650000,2458652458.43
2017-09-14,33.164409,74650000,2475723165.1
2017-09-15,33.034442,75250000,2485841749.44
2017-09-18,32.86625,74050000,2433745810.83
2017-09-19,32.527439,74450000,2421667848.83
2017-09-20,32.437553,74550000,2418219606.81
2017-09-21,32.371696,74550000,2413309927.93
2017-09-22,32.113795,73900000,2373209463.84
2017-09-25,32.21912,73900000,2380992967.51
2017-09-26,32.255304,73900000,2383666947.63
2017-09-27,31.985005,73900000,2363691873.54
2017-09-28,32.226889,73900000,2381567108.2
2017-09-29,32.257699,73850000,2382231071.12
2017-10-02,32.126664,73000000,2345246487.69
2017-10-03,32.116494,72600000,2331657460.81
2017-10-04,32.383268,72550000,2349406115.7
2017-10-05,32.486064,72850000,2366609748.64
2017-10-06,32.423613,73850000,2394483828.35
2017-10-09,32.46261,73850000,2397363755.07
2017-10-10,32.531661,73850000,2402463137.19
2017-10-11,32.706163,73850000,2415350143.14
2017-10-12,32.942976,73800000,2431191597.08
2017-10-13,33.007132,73800000,2435926315.24
2017-10-16,32.86117,73800000,2425154374.06
2017-10-17,32.86614,73600000,2418947886.78
2017-10-18,32.809169,73550000,2413114408.35
2017-10-19,32.778703,73550000,2410873583.97
2017-10-20,32.741721,73550000,2408153611.57
2017-10-23,32.608438,73550000,2398350651.08
2017-10-24,32.403895,73550000,2383306462.14
2017-10-25,32.314152,73800000,2384784415.03
2017-10-26,32.13501,73500000,2361923234.57
2017-10-27,32.211168,73500000,2367520843.42
2017-10-30,32.399109,73700000,2387814351.73
2017-10-31,32.495758,73700000,2394937354.3
2017-11-01,32.47796,73700000,2393625685.91
2017-11-02,32.763212,72950000,2390076299.09
2017-11-03,32.742895,72950000,2388594154.96
2017-11-06,33.258591,72950000,2426214214.9
2017-11-07,33.565123,72600000,2436827919.12
2017-11-08,33.813377,72350000,2446397805.73
2017-11-09,33.818223,72400000,2448439351.53
2017-11-10,33.812946,72450000,2449747904.2
2017-11-13,33.917281,72350000,2453915315.41
2017-11-14,33.873617,72350000,2450756172.93
2017-11-15,33.625929,74050000,2490000044.44
2017-11-16,33.759829,74050000,2499915342.37
2017-11-17,33.570539,72950000,2448970797.62
2017-11-20,33.474584,72800000,2436949727.11
2017-11-21,33.66294,72200000,2430464242.71
2017-11-22,33.544269,71950000,2413510179.65
2017-11-24,33.667062,71800000,2417295067.72
2017-11-27,33.574548,71800000,2410652581.26
2017-11-28,33.480997,71850000,2405609640.51
2017-11-29,33.415221,71850000,2400883608.44
2017-11-30,33.455409,71850000,2403771130.72
2017-12-01,33.515869,71800000,2406439378.33
2017-12-04,33.084383,71800000,2375458697.59
2017-12-05,32.949388,71800000,2365766085.27
2017-12-06,33.000382,71600000,2362827375.61
2017-12-07,33.115758,71550000,2369432498.02
2017-12-08,33.196776,71550000,2375229349.65
2017-12-11,33.2614,71450000,2376527025.83
2017-12-12,33.419408,71050000,2374448962.36
2017-12-13,33.41606,71400000,2385906674.43
2017-12-14,33.435427,71200000,2380602395.69
2017-12-15,33.180573,71950000,2387342238.42
2017-12-18,33.289116,72150000,2401809725.65
2017-12-19,32.661079,72200000,2358129875.93
2017-12-20,32.310235,72800000,2352185119.49
2017-12-21,32.188646,72850000,2344942893.79
2017-12-22,32.425575,72350000,2345990383.23
2017-12-26,32.581515,72550000,2363788882.92
2017-12-27,32.726116,72550000,2374279721.08
2017-12-28,32.913534,72900000,2399396626.59
2017-12-29,32.921439,72900000,2399972878.82
2018-01-02,32.728667,73050000,2390829130.66
2018-01-03,32.762921,73050000,2393331372.87
2018-01-04,32.201885,73650000,2371668853.8
2018-01-05,32.288668,73650000,2378060429.77
2018-01-08,32.478189,73650000,2392018590.12
2018-01-09,32.113667,73850000,2371594307.34
2018-01-10,31.619617,73850000,2335108701.08
2018-01-11,31.413911,73850000,2319917313.24
2018-01-12,31.186506,74200000,2314038753.99
2018-01-16,31.33518,74200000,2325070334.74
2018-01-17,31.549436,74250000,2342545620.83
2018-01-18,31.240197,73200000,2286782393.32
2018-01-19,31.447341,73150000,2300373024.29
2018-01-22,31.753437,73300000,2327526931.87
2018-01-23,32.221735,73000000,2352186619.53
2018-01-24,32.11774,73200000,2351018598.35
2018-01-25,32.062378,71900000,2305284961.45
2018-01-26,32.164383,71900000,2312619154.97
2018-01-29,31.788864,71900000,2285619352.58
2018-01-30,31.642023,72050000,2279807744.66
2018-01-31,32.303251,72800000,2351676707.05
2018-02-01,31.704606,74150000,2350896530.43
2018-02-02,31.377388,74950000,2351735204.1
2018-02-05,30.52208,74900000,2286103791.87
2018-02-06,30.474248,74900000,2282521209.99
2018-02-07,30.335176,75050000,2276654985.55
2018-02-08,29.384022,76300000,2242000895.53
2018-02-09,30.087559,74650000,2246036309.43
2018-02-12,30.180629,74500000,2248456830.28
2018-02-13,30.37496,74500000,2262934497.44
2018-02-14,30.195539,74500000,2249567672.56
2018-02-15,30.475093,74250000,2262775660.99
2018-02-16,30.677989,74250000,2277840677.2
2018-02-20,30.370688,76150000,2312727874.12
2018-02-21,29.821528,82700000,2466240391.43
2018-02-22,30.16155,82550000,2489835974.27
2018-02-23,30.688942,82550000,2533372132.76
2018-02-26,30.822988,82500000,2542896507.18
2018-02-27,30.161214,82850000,2498856600.48
2018-02-28,30.133426,82850000,2496554329.79
2018-03-01,29.977368,82850000,2483624929.7
2018-03-02,29.871749,82850000,2474874390.07
2018-03-05,30.278511,83150000,2517658156.64
2018-03-06,30.396087,83150000,2527434622.76
2018-03-07,30.554095,81900000,2502380371.8
2018-03-08,30.750652,73150000,2249410214.74
2018-03-09,30.968564,73750000,2283931606.53
2018-03-12,31.118315,73750000,2294975698.26
2018-03-13,31.21748,73400000,2291363002.98
2018-03-14,31.285463,73400000,2296352994.92
2018-03-15,31.275134,73450000,2297158594.15
2018-03-16,31.254667,73450000,2295655262.61
2018-03-19,30.958453,74000000,2290925523.96
2018-03-20,30.940169,74100000,2292666540.19
2018-03-21,30.653945,74600000,2286784260.4
2018-03-22,30.538155,74600000,2278146375.51
2018-03-23,30.073469,74050000,2226940400.74
2018-03-26,30.481652,74750000,2278503473.69
2018-03-27,30.525603,75000000,2289420198.16
2018-03-28,31.097213,75100000,2335400691.53
2018-03-29,31.083303,75100000,2334356090.75
2018-04-02,30.696881,75850000,2328358451.87
2018-04-03,30.793389,75450000,2323361178.58
2018-04-04,31.167169,74400000,2318837398.22
2018-04-05,31.185424,75750000,2362295881.78
2018-04-06,30.895624,75750000,2340343526.98
2018-04-09,30.874586,74550000,2301700417.88
2018-04-10,30.671495,75050000,2301895717.81
2018-04-11,30.732536,75950000,2334136104.75
2018-04-12,30.391372,75950000,2308224705.08
2018-04-13,30.548643,75950000,2320169430.05
2018-04-16,30.676823,75950000,2329904714.13
2018-04-17,31.084045,76200000,2368604226.12
2018-04-18,31.018157,76200000,2363583585.39
2018-04-19,30.500323,76200000,2324124584.54
2018-04-20,30.231379,76200000,2303631091.23
2018-04-23,30.279236,76300000,2310305738.03
2018-04-24,30.325361,76300000,2313825071.96
2018-04-25,30.222167,76300000,2305951323.35
2018-04-26,30.599417,76400000,2337795430.17
2018-04-27,31.002529,76200000,2362392737.4
2018-04-30,30.887309,75700000,2338169323.89
2018-05-01,31.097702,75700000,2354096044.68
2018-05-02,30.994281,74850000,2319921902.13
2018-05-03,30.967044,75100000,2325625015.12
2018-05-04,31.314913,74350000,2328263799.72
2018-05-07,31.373327,74350000,2332606848.03
2018-05-08,31.159121,75950000,2366535235.58
2018-05-09,31.385817,75950000,2383752785.32
2018-05-10,31.688041,77750000,2463745173.97
2018-05-11,31.533776,77750000,2451751069.13
2018-05-14,31.305641,76250000,2387055103.4
2018-05-15,30.792975,76250000,2347964357.57
2018-05-16,30.688351,76250000,2339986801.01
2018-05-17,30.535616,75950000,2319180000.78
2018-05-18,30.564176,76300000,2332046645.64
2018-05-21,30.874545,76150000,2351096578.74
2018-05-22,30.916551,76150000,2354295342.54
2018-05-23,31.167003,76150000,2373367266.3
2018-05-24,31.044047,76300000,2368660754.48
2018-05-25,31.183683,76300000,2379315012.47
2018-05-29,31.261382,75850000,2371175857.46
2018-05-30,31.687504,74950000,2374978415.28
2018-05-31,31.579993,75250000,2376394450.38
2018-06-01,31.705691,75550000,2395364923.04
2018-06-04,32.014211,75250000,2409069399.67
2018-06-05,31.861991,75350000,2400801050.79
2018-06-06,31.962119,75100000,2400355111.26
2018-06-07,31.933192,75200000,2401376025.61
2018-06-08,32.078217,75350000,2417093619.92
2018-06-11,32.038847,75250000,2410923228.04
2018-06-12,32.237545,75250000,2425875288.84
2018-06-13,31.50336,75250000,2370627804.7
2018-06-14,31.812824,75250000,2393915004.33
2018-06-15,31.499737,75250000,2370355225.94
2018-06-18,31.466117,75250000,2367825341.48
2018-06-19,31.494854,74650000,2351090834.94
2018-06-20,31.838842,75650000,2408608414.37
2018-06-21,32.040557,75550000,2420664052.39
2018-06-22,32.300894,76850000,2482323733.32
2018-06-25,32.243215,76750000,2474666786.2
2018-06-26,32.405872,78600000,2547101541.47
2018-06-27,32.313227,79300000,2562438880.95
2018-06-28,32.627183,78800000,2571022048.78
2018-06-29,32.695064,78800000,2576371037.37
2018-07-02,32.53972,79250000,2578772843.3
2018-07-03,32.693685,79550000,2600782661.19
2018-07-05,33.136765,78500000,2601236039.18
2018-07-06,33.272104,78600000,2615187397.29
2018-07-09,32.97258,78600000,2591644750.07
2018-07-10,33.130448,78600000,2604053187.05
2018-07-11,33.022485,79200000,2615380840.1
2018-07-12,33.099734,79200000,2621498898.52
2018-07-13,33.009318,79700000,2630842633.69
2018-07-16,32.815715,79700000,2615412507.41
2018-07-17,32.608447,79700000,2598893224.65
2018-07-18,32.46832,79800000,2590971910.24
2018-07-19,32.796401,80100000,2626991721.43
2018-07-20,32.495821,80100000,2602915260.86
2018-07-23,32.419002,80100000,2596762024.11
2018-07-24,32.318763,80600000,2604892327.71
2018-07-25,32.628164,80600000,2629830014.9
2018-07-26,32.748049,80800000,2646042377.39
2018-07-27,32.443945,80800000,2621470782.45
2018-07-30,32.426366,81000000,2626535657.89
2018-07-31,33.043371,81100000,2679817390.52
2018-08-01,33.273275,80800000,2688480590.9
2018-08-02,33.097984,81000000,2680936717.04
2018-08-03,33.534399,81000000,2716286323.14
2018-08-06,33.471607,81600000,2731283103.42
2018-08-07,33.398431,81600000,2725311936.32
2018-08-08,33.220024,82100000,2727363932.21
2018-08-09,33.265487,82500000,2744402658.53
2018-08-10,32.930963,82500000,2716804436.41
2018-08-13,32.928936,82500000,2716637190.04
2018-08-14,33.052111,82500000,2726799138.11
2018-08-15,33.334149,82550000,2751733991.43
2018-08-16,33.607792,82100000,2759199707.22
2018-08-17,33.929228,81800000,2775410828.92
2018-08-20,33.949779,81650000,2771999440.19
2018-08-21,33.648245,81650000,2747379219.23
2018-08-22,33.432027,80600000,2694621416.23
2018-08-23,33.363004,80650000,2690726253.07
2018-08-24,33.574263,80650000,2707764288.53
2018-08-27,33.546921,82900000,2781039772.43
2018-08-28,33.945589,83200000,2824272984.74
2018-08-29,33.911024,83200000,2821397213.75
2018-08-30,33.72132,83750000,2824160579.65
2018-08-31,33.864127,83950000,2842893439.46
2018-09-04,33.557592,83950000,2817159834.59
2018-09-05,33.753002,83950000,2833564520.45
2018-09-06,33.866469,84350000,2856636631.02
2018-09-07,33.44686,84850000,2837966045.77
2018-09-10,33.627468,84850000,2853290663.77
2018-09-11,33.618493,84700000,2847486333.56
2018-09-12,33.661201,84750000,2852786783.88
2018-09-13,33.871216,88400000,2994215454.32
2018-09-14,33.588021,88400000,2969181087.4
2018-09-17,33.753403,84400000,2848787175.1
2018-09-18,33.553951,84400000,2831953475.09
2018-09-19,33.248415,83800000,2786217157.51
2018-09-20,33.503859,85050000,2849503226.44
2018-09-21,33.119891,85050000,2816846705.61
2018-09-24,32.494388,84500000,2745775794.73
2018-09-25,32.460648,84500000,2742924764.86
2018-09-26,32.086803,84500000,2711334880.37
2018-09-27,32.185521,86750000,2792093928.21
2018-09-28,32.621069,87050000,2839664016.03
2018-10-01,32.351432,83750000,2709432469.07
2018-10-02,32.261384,83700000,2700277880.95
2018-10-03,31.944755,83800000,2676970475.15
2018-10-04,31.747763,83800000,2660462534.5
2018-10-05,31.740638,83100000,2637646987.33
2018-10-08,32.156855,82900000,2665803276.03
2018-10-09,32.282481,82450000,2661690530.93
2018-10-10,31.765067,80950000,2571382175.64
2018-10-11,30.845824,80950000,2496969447.84
2018-10-12,30.829729,80750000,2489500613.97
2018-10-15,30.986834,79950000,2477397396.39
2018-10-16,31.57708,79850000,2521429853.27
2018-10-17,31.502578,79850000,2515480866.55
2018-10-18,31.504035,79400000,2501420393.36
2018-10-19,31.818441,79400000,2526384177.52
2018-10-22,31.367598,79400000,2490587308.92
2018-10-23,31.584023,79450000,2509350608.89
2018-10-24,31.941627,79450000,2537762265.98
2018-10-25,32.330182,78500000,2537919318.3
2018-10-26,31.492347,78350000,2467425373.95
2018-10-29,31.983701,77600000,2481935235.37
2018-10-30,32.518541,78300000,2546201723.26
2018-10-31,32.077256,79350000,2545330281.49
2018-11-01,32.222827,79350000,2556881301.33
2018-11-02,31.937913,79150000,2527885789.14
2018-11-05,32.478328,79400000,2578779225.64
2018-11-06,32.646528,80600000,2631310143.81
2018-11-07,33.019135,80700000,2664644178.16
2018-11-08,33.076369,80800000,2672570590.19
2018-11-09,33.120643,80900000,2679459997.09
2018-11-12,33.185432,80700000,2678064344.11
2018-11-13,33.245566,80700000,2682917174.75
2018-11-14,33.2633,82350000,2739232718.87
2018-11-15,32.999178,84300000,2781830692.31
2018-11-16,33.444603,81550000,2727407412.45
2018-11-19,33.564586,81650000,2740548486.21
2018-11-20,33.113342,81650000,2703704340.86
2018-11-21,33.070497,81850000,2706820175.68
2018-11-23,32.958435,81400000,2682816635.86
2018-11-26,33.024909,81400000,2688227559.62
2018-11-27,33.210172,81700000,2713271059.51
2018-11-28,33.498896,81700000,2736859770.3
2018-11-29,33.538919,82250000,2758576090.62
2018-11-30,33.876516,82250000,2786343478.42
2018-12-03,33.999127,82900000,2818527622.49
2018-12-04,33.570613,82550000,2771254082.13
2018-12-06,34.464374,81650000,2814016160.54
2018-12-07,33.968043,79800000,2710649853.86
2018-12-10,33.823955,80750000,2731284404.35
2018-12-11,33.874892,84850000,2874284584.61
2018-12-12,33.234057,84050000,2793322497.06
2018-12-13,33.476027,84050000,2813660029.21
2018-12-14,33.414004,84050000,2808447000.17
2018-12-17,32.189797,84250000,2711990375.43
2018-12-18,32.493786,84650000,2750598998.02
2018-12-19,32.197486,84050000,2706198693.31
2018-12-20,31.809249,83800000,2665615061.82
2018-12-21,30.940041,83700000,2589681436.91
2018-12-24,29.790287,83700000,2493447040.49
2018-12-26,30.776662,83700000,2576006572.82
2018-12-27,30.848964,84800000,2615992140.27
2018-12-28,30.947426,82250000,2545425777.77
2018-12-31,31.003203,82250000,2550013465.49
2019-01-02,30.299729,83050000,2516392524.07
2019-01-03,30.448007,82650000,2516527813.98
2019-01-04,30.759735,82650000,2542292064.64
2019-01-07,31.00099,82950000,2571532107.85
2019-01-08,31.550715,82650000,2607666606.22
2019-01-09,31.420809,81750000,2568651167.88
2019-01-10,31.906223,81100000,2587594689.9
2019-01-11,31.980055,82550000,2639953509.09
2019-01-14,31.889402,82550000,2632470145.21
2019-01-15,32.228178,83100000,2678161595.28
2019-01-16,32.404429,83900000,2718731630.86
2019-01-17,32.556364,83900000,2731478928.83
2019-01-18,32.656762,83900000,2739902351.72
2019-01-22,32.60538,85150000,2776348122.31
2019-01-23,32.635454,86900000,2836020925.86
2019-01-24,32.761634,87450000,2865004880.04
2019-01-25,33.152049,87200000,2890858651.78
2019-01-28,33.468489,87200000,2918452242.23
2019-01-29,33.732974,88200000,2975248345.45
2019-01-30,34.01365,88650000,3015310046.14
2019-01-31,34.338598,88950000,3054418323.6
2019-02-01,34.109226,88450000,3016961044.21
2019-02-04,34.332315,89000000,3055576058.05
2019-02-05,34.538485,90350000,3120552117.73
2019-02-06,34.2747,90450000,3100146642.27
2019-02-07,34.549199,90800000,3137067234.27
2019-02-08,34.581659,91200000,3153847267.01
2019-02-11,34.659259,91200000,3160924399.94
2019-02-12,34.416077,91200000,3138746184.87
2019-02-13,34.651886,91150000,3158519376.93
2019-02-14,34.806208,88500000,3080349408.06
2019-02-15,34.993231,88500000,3096900960.07
2019-02-19,35.029662,88100000,3086113182.68
2019-02-20,34.802059,90850000,3161767022.09
2019-02-21,34.869503,90400000,3152203099.61
2019-02-22,35.081563,89950000,3155586553.09
2019-02-25,34.796986,87100000,3030817450.8
2019-02-26,34.731177,87850000,3051133901.8
2019-02-27,34.597284,88000000,3044560969.43
2019-02-28,34.717966,87400000,3034350191.53
2019-03-01,34.674582,87400000,3030558500.99
2019-03-04,34.815866,88000000,3063796171.74
2019-03-05,34.90534,88750000,3097848897.07
2019-03-06,34.815554,87550000,3048101739.06
2019-03-07,34.78873,87550000,3045753327.98
2019-03-08,34.830842,86850000,3025058632.99
2019-03-11,35.365428,86850000,3071487454.41
2019-03-12,35.545843,86500000,3074715416.02
2019-03-13,35.725488,87150000,3113476296.14
2019-03-14,35.805848,89500000,3204623388.82
2019-03-15,35.466977,87950000,3119320594.24
2019-03-18,35.286388,86250000,3043450956.7
2019-03-19,35.184026,86850000,3055732644.82
2019-03-20,35.333015,87000000,3073972306.03
2019-03-21,35.961428,83100000,2988394649.06
2019-03-22,35.800948,83100000,2975058803.97
2019-03-25,35.823028,83100000,2976893650.77
2019-03-26,36.061802,83600000,3014766620.8
2019-03-27,35.935714,84300000,3029380687.51
2019-03-28,36.233287,87200000,3159542627.19
2019-03-29,36.212325,85100000,3081668825.65
2019-04-01,36.115978,85050000,3071663969.46
2019-04-02,36.424894,85050000,3097937242.49
2019-04-03,36.385806,84700000,3081877786.53
2019-04-04,36.281849,85050000,3085771267.36
2019-04-05,36.556982,84950000,3105515610.13
2019-04-08,36.376904,84800000,3084761482.99
2019-04-09,36.262243,84800000,3075038244.8
2019-04-10,36.546271,84900000,3102778367.73
2019-04-11,36.494474,84900000,3098380842.92
2019-04-12,36.694821,84100000,3086034445.37
2019-04-15,36.476071,84600000,3085875595.38
2019-04-16,35.607353,84600000,3012382025.1
2019-04-17,35.253481,84900000,2993020560.89
2019-04-18,35.518142,84900000,3015490284.74
2019-04-22,35.147119,85100000,2991019839.54
2019-04-23,35.538241,84650000,3008312117.05
2019-04-24,35.81291,84650000,3031562816.82
2019-04-25,35.7499,84650000,3026229006.66
2019-04-26,35.993866,84300000,3034282915.76
2019-04-29,35.611542,84300000,3002052997.22
2019-04-30,36.038213,84050000,3029011801.03
2019-05-01,36.053453,83500000,3010463345.44
2019-05-02,36.10642,83500000,3014886042.24
2019-05-03,36.360029,85550000,3110600470.04
2019-05-06,36.204673,83500000,3023090221.46
2019-05-07,35.565294,83500000,2969702059.87
2019-05-08,35.581573,83500000,2971061346.83
2019-05-09,35.697127,84300000,3009267836.45
2019-05-10,36.104832,83550000,3016558729.59
2019-05-13,36.122925,85350000,3083091623.8
2019-05-14,36.248808,83300000,3019525721.24
2019-05-15,36.485796,82200000,2999132404.72
2019-05-16,36.71228,84350000,3096680826.04
2019-05-17,36.650148,80350000,2944839366.94
2019-05-20,36.057931,79600000,2870211278.75
2019-05-21,36.36931,79850000,2904089406.75
2019-05-22,36.518946,79650000,2908734061.92
2019-05-23,36.704478,80700000,2962051341.85
2019-05-24,36.758804,80700000,2966435498.91
2019-05-28,36.354958,80700000,2933845110.84
2019-05-29,35.935964,80800000,2903625913.64
2019-05-30,36.168516,80300000,2904331807.82
2019-05-31,36.451307,80300000,2927039941.34
2019-06-03,36.610561,80050000,2930675403.2
2019-06-04,36.40601,79900000,2908840177.13
2019-06-05,37.253404,79900000,2976546995.89
2019-06-06,37.320032,80500000,3004262610.02
2019-06-07,37.417251,80500000,3012088668.4
2019-06-10,37.303818,80500000,3002957364.04
2019-06-11,37.384568,80500000,3009457706.8
2019-06-12,37.498306,80350000,3012988852.11
2019-06-13,37.57161,81050000,3045179006.04
2019-06-14,37.702169,81350000,3067071428.01
2019-06-17,38.124982,81350000,3101467314.02
2019-06-18,38.016221,82750000,3145842266.61
2019-06-19,38.273563,82750000,3167137351.6
2019-06-20,38.480732,82950000,3191976752.94
2019-06-21,37.759899,83600000,3156727546.69
2019-06-24,37.587265,87100000,3273850791.76
2019-06-25,37.080423,87800000,3255661139.12
2019-06-26,36.356713,87150000,3168487545.13
2019-06-27,36.672182,88300000,3238153630.37
2019-06-28,36.798732,88150000,3243808235.91
2019-07-01,36.698742,88300000,3240498892.64
2019-07-02,37.364992,89700000,3351639760.04
2019-07-03,37.912255,90150000,3417789756.21
2019-07-05,37.698096,90150000,3398483360.25
2019-07-08,37.837877,90150000,3411084635.09
2019-07-09,38.040321,89700000,3412216757.58
2019-07-10,38.238811,90400000,3456788502.7
2019-07-11,37.775351,94300000,3562215592.32
2019-07-12,37.632001,95550000,3595737736.31
2019-07-15,37.678419,95650000,3603940799.0
2019-07-16,37.609856,96300000,3621829129.09
2019-07-17,37.457279,96050000,3597771671.08
2019-07-18,37.403276,95600000,3575753176.25
2019-07-19,36.771637,95700000,3519045629.43
2019-07-22,36.755426,95500000,3510143197.44
2019-07-23,37.127127,95500000,3545640615.82
2019-07-24,37.100248,95500000,3543073698.94
2019-07-25,36.920154,95950000,3542488779.22
2019-07-26,37.04211,95950000,3554190420.69
2019-07-29,37.211798,95900000,3568611475.33
2019-07-30,37.542563,95800000,3596577515.28
2019-07-31,37.433848,95800000,3586162637.63
2019-08-01,37.516773,95100000,3567845130.31
2019-08-02,37.816595,94400000,3569886577.45
2019-08-05,37.078774,94400000,3500236242.71
2019-08-06,37.515014,94800000,3556423324.22
2019-08-07,37.866111,95800000,3627573452.22
2019-08-08,38.457349,95850000,3686136885.74
2019-08-09,38.488461,96250000,3704514399.08
2019-08-12,38.424299,96150000,3694496385.13
2019-08-13,38.455374,96150000,3697484165.95
2019-08-14,37.871251,96950000,3671617816.78
2019-08-15,38.410795,99650000,3827635765.46
2019-08-16,38.656167,97000000,3749648197.4
2019-08-19,39.002798,96950000,3781321218.5
2019-08-20,38.69767,96950000,3751739150.39
2019-08-21,38.889768,96950000,3770362981.33
2019-08-22,39.055865,98400000,3843097071.15
2019-08-23,38.553626,98400000,3793676823.24
2019-08-26,38.945279,98300000,3828320944.86
2019-08-27,38.795253,98200000,3809693813.19
2019-08-28,38.927093,98200000,3822640499.89
2019-08-29,39.210279,99350000,3895541219.27
2019-08-30,39.250408,99500000,3905415635.21
2019-09-03,39.762407,99400000,3952383221.82
2019-09-04,40.098154,99100000,3973727065.23
2019-09-05,39.733568,99050000,3935609918.25
2019-09-06,39.819505,99050000,3944121956.32
2019-09-09,39.473403,99400000,3923656247.62
2019-09-10,38.934016,99400000,3870041206.86
2019-09-11,38.825514,99400000,3859256095.1
2019-09-12,39.076371,99050000,3870514499.67
2019-09-13,38.594002,101550000,3919220938.24
2019-09-16,38.984803,98850000,3853647766.04
2019-09-17,39.528047,98850000,3907347424.0
2019-09-18,39.404838,99150000,3906989719.06
2019-09-19,39.52988,99300000,3925317081.72
2019-09-20,39.142473,99950000,3912290147.04
2019-09-23,39.233642,99500000,3903747374.87
2019-09-24,39.192392,98200000,3848692928.02
2019-09-25,39.161676,99650000,3902460984.58
2019-09-26,39.535721,99350000,3927873847.79
2019-09-27,39.274761,102000000,4006025649.3
2019-09-30,39.354334,99150000,3901982260.91
2019-10-01,38.960289,98700000,3845380572.82
2019-10-02,38.751458,98300000,3809268296.19
2019-10-03,39.206472,98450000,3859877139.44
2019-10-04,39.442573,98400000,3881149179.47
2019-10-07,39.316234,98400000,3868717455.1
2019-10-08,39.127798,98400000,3850175279.88
2019-10-09,39.253135,98400000,3862508474.36
2019-10-10,39.325378,99850000,3926639004.82
2019-10-11,39.21684,99850000,3915801427.29
2019-10-14,39.269899,100100000,3930916899.01
2019-10-15,39.317482,100100000,3935679959.04
2019-10-16,39.27006,100700000,3954495008.17
2019-10-17,39.534505,100950000,3991008291.1
2019-10-18,39.920861,101600000,4055959469.8
2019-10-21,40.201237,101600000,4084445708.47
2019-10-22,40.042322,101800000,4076308387.37
2019-10-23,40.111909,101700000,4079381099.67
2019-10-24,40.001546,101200000,4048156434.43
2019-10-25,39.477936,101200000,3995167074.88
2019-10-28,39.052911,101450000,3961917801.38
2019-10-29,39.203454,101650000,3985031113.59
2019-10-30,39.446031,101650000,4009689070.16
2019-10-31,39.307266,102150000,4015237178.27
2019-11-01,39.209347,102050000,4001313833.42
2019-11-04,38.797298,101750000,3947625033.31
2019-11-05,38.11389,101750000,3878088275.52
2019-11-06,38.269622,102250000,3913068881.53
2019-11-07,37.862476,102700000,3888476280.65
2019-11-08,37.77758,102950000,3889201891.29
2019-11-11,37.862033,102950000,3897896273.18
2019-11-12,37.57841,105600000,3968280043.65
2019-11-13,37.984401,99050000,3762354939.72
2019-11-14,38.337049,101650000,3896961053.3
2019-11-15,38.56108,99450000,3834899417.69
2019-11-18,38.752757,99350000,3850086413.18
2019-11-19,38.834501,99650000,3869858052.11
2019-11-20,38.846611,99450000,3863295415.05
2019-11-21,38.307941,100100000,3834624884.73
2019-11-22,38.101163,100250000,3819641591.98
2019-11-25,38.1215,100250000,3821680332.68
2019-11-26,38.669392,100300000,3878540036.23
2019-11-27,38.793784,101350000,3931750044.05
2019-11-29,38.62597,101350000,3914742046.02
2019-12-02,37.951554,102000000,3871058512.6
2019-12-03,38.232288,100900000,3857637870.81
2019-12-04,38.461854,100900000,3880801052.32
2019-12-05,38.495471,100950000,3886117836.72
2019-12-06,38.53342,101350000,3905362128.73
2019-12-09,38.585949,100150000,3864382831.47
2019-12-10,38.323061,99950000,3830389923.87
2019-12-11,38.033877,96000000,3651252179.54
2019-12-12,37.53375,98100000,3682060856.63
2019-12-13,37.614677,98350000,3699403456.29
2019-12-16,37.899658,95250000,3609942398.75
2019-12-17,37.460972,94800000,3551300184.22
2019-12-18,37.97395,95250000,3617018696.86
2019-12-19,38.377677,95050000,3647798221.5
2019-12-20,38.213505,95950000,3666585818.59
2019-12-23,38.007437,95150000,3616407661.53
2019-12-24,38.071495,94400000,3593949140.07
2019-12-26,38.299184,94350000,3613528039.23
2019-12-27,38.431685,93950000,3610656841.07
2019-12-30,38.414538,95650000,3674350536.62
2019-12-31,38.706196,95950000,3713859531.0
2020-01-02,38.194748,93150000,3557840792.81
2020-01-03,38.502545,94350000,3632715078.18
2020-01-06,38.533931,94850000,3654943333.76
2020-01-07,38.075307,94700000,3605731560.36
2020-01-08,38.235605,94250000,3603705816.2
2020-01-09,38.264476,94650000,3621732652.99
2020-01-10,38.626131,94500000,3650169408.01
2020-01-13,39.102207,98500000,3851567363.2
2020-01-14,38.914984,98150000,3819505660.7
2020-01-15,39.215645,98550000,3864701834.99
2020-01-16,39.525566,98350000,3887339443.14
2020-01-17,39.578284,97800000,3870756180.44
2020-01-21,40.001565,97800000,3912153044.28
2020-01-22,39.685997,97750000,3879306208.99
2020-01-23,40.068982,96250000,3856639488.39
2020-01-24,39.981187,95950000,3836194928.78
2020-01-27,39.814009,95900000,3818163436.24
2020-01-28,39.934612,96900000,3869663869.84
2020-01-29,39.684064,97800000,3881101413.57
2020-01-30,39.788844,96350000,3833655105.21
2020-01-31,39.251271,96150000,3774009726.78
2020-02-03,39.302769,95650000,3759309824.0
2020-02-04,39.769406,96050000,3819851426.02
2020-02-05,39.74182,96000000,3815214694.14
2020-02-06,39.900373,95700000,3818465723.63
2020-02-07,39.919894,95900000,3828317787.49
2020-02-10,40.410083,95900000,3875326935.51
2020-02-11,40.902488,96100000,3930729077.34
2020-02-12,41.175808,92800000,3821114959.71
2020-02-13,41.421078,92700000,3839733886.98
2020-02-14,41.887508,92700000,3882971986.21
2020-02-18,41.822559,92750000,3879042316.79
2020-02-19,41.254961,92850000,3830523111.6
2020-02-20,41.73015,93300000,3893422968.22
2020-02-21,41.908934,93350000,3912199001.84
2020-02-24,41.348517,93350000,3859884053.65
2020-02-25,40.296588,93150000,3753627159.43
2020-02-26,39.94489,93800000,3746830715.21
2020-02-27,37.712342,93700000,3533646484.7
2020-02-28,36.759593,94100000,3459077695.37
2020-03-02,38.616985,94300000,3641581715.28
2020-03-03,38.576967,95150000,3670598436.05
2020-03-04,40.114054,94700000,3798800945.29
2020-03-05,39.181129,96200000,3769224607.28
2020-03-06,38.517397,95000000,3659152735.64
2020-03-09,35.769218,96200000,3440998744.52
2020-03-10,37.551681,96050000,3606838944.63
2020-03-11,35.510505,95700000,3398355323.82
2020-03-12,32.446307,97150000,3152158749.65
2020-03-13,35.29528,96100000,3391876440.26
2020-03-16,29.483315,94000000,2771431638.47
2020-03-17,31.521665,94050000,2964612602.39
2020-03-18,29.178921,94950000,2770538535.54
2020-03-19,28.788468,95550000,2750738109.01
2020-03-20,27.227408,93850000,2555292220.24
2020-03-23,25.529539,94650000,2416370909.55
2020-03-24,27.705109,97550000,2702633391.25
2020-03-25,28.945231,96800000,2801898396.81
2020-03-26,31.196622,96000000,2994875698.53
2020-03-27,31.173739,95950000,2991120243.83
2020-03-30,32.061635,93500000,2997762828.08
2020-03-31,31.037574,94650000,2937706415.94
2020-04-01,29.152143,92100000,2684912388.07
2020-04-02,29.540743,93350000,2757628399.53
2020-04-03,29.317747,90750000,2660585520.07
2020-04-06,31.424659,90400000,2840789206.29
2020-04-07,31.461946,88750000,2792247730.23
2020-04-08,33.790693,83350000,2816454247.33
2020-04-09,35.526274,96900000,3442495995.59
2020-04-13,33.922644,134350000,4557507174.13
2020-04-14,35.030359,138550000,4853456192.81
2020-04-15,33.696683,140150000,4722590149.09
2020-04-16,33.496127,140550000,4707880588.98
2020-04-17,34.573136,139300000,4816037884.34
2020-04-20,33.283469,138500000,4609760469.51
2020-04-21,32.748543,138000000,4519298972.81
2020-04-22,33.371797,137700000,4595296409.31
2020-04-23,32.974706,137500000,4534022058.97
2020-04-24,33.069552,137500000,4547063377.27
2020-04-27,34.059528,137050000,4667858249.88
2020-04-28,34.068193,137850000,4696300410.04
2020-04-29,34.189099,137850000,4712967264.77
2020-04-30,33.966352,137700000,4677166703.54
2020-05-01,32.866029,136950000,4501002657.48
2020-05-04,32.861539,136450000,4483956954.57
2020-05-05,33.066343,136950000,4528435618.88
2020-05-06,32.457435,137200000,4453160039.49
2020-05-07,32.741231,136900000,4482274566.55
2020-05-08,33.357653,136900000,4566662649.62
2020-05-11,32.953185,136250000,4489871439.11
2020-05-12,31.55337,136250000,4299146614.61
2020-05-13,31.050199,124300000,3859539701.86
2020-05-14,31.082117,125250000,3893035132.58
2020-05-15,30.949311,124650000,3857831648.24
2020-05-18,32.485994,124000000,4028263254.46
2020-05-19,31.895414,124000000,3955031325.09
2020-05-20,32.166352,123950000,3987019278.41
2020-05-21,31.993502,124050000,3968793947.81
2020-05-22,32.698969,123650000,4043227460.47
2020-05-26,33.732695,123600000,4169361153.18
2020-05-27,34.458671,123600000,4259091796.71
2020-05-28,34.886697,123050000,4292808020.98
2020-05-29,34.611781,123050000,4258979684.26
2020-06-01,35.339168,123400000,4360853327.9
2020-06-02,35.571198,123650000,4398378683.06
2020-06-03,36.425318,123650000,4503990522.54
2020-06-04,35.768369,124350000,4447796644.67
2020-06-05,37.053488,124350000,4607601205.82
2020-06-08,37.851362,123500000,4674643168.27
2020-06-09,37.428376,124000000,4641118618.99
2020-06-10,36.713271,124500000,4570802240.11
2020-06-11,34.440798,124800000,4298211603.64
2020-06-12,35.570584,113650000,4042596827.01
2020-06-15,35.951265,113200000,4069683232.54
2020-06-16,36.578655,112800000,4126072256.22
2020-06-17,36.164822,113700000,4111940247.01
2020-06-18,35.706452,114100000,4074106120.28
2020-06-19,35.352703,114100000,4033743420.86
2020-06-22,34.99391,114100000,3992805154.21
2020-06-23,34.870342,114100000,3978706078.66
2020-06-24,33.946987,114100000,3873351250.02
2020-06-25,34.313604,114100000,3915182197.08
2020-06-26,33.693487,114650000,3862958303.07
2020-06-29,34.293246,114900000,3940293927.94
2020-06-30,34.850676,114350000,3985174845.79
2020-07-01,35.744563,114800000,4103475777.6
2020-07-02,35.623871,114900000,4093182758.26
2020-07-06,35.684806,114900000,4100184216.2
2020-07-07,35.113481,114900000,4034538952.55
2020-07-08,35.057204,114900000,4028072733.02
2020-07-09,34.964884,108500000,3793689947.74
2020-07-10,35.021665,107100000,3750820345.7
2020-07-13,34.451311,106000000,3651838979.74
2020-07-14,34.791095,99050000,3446057911.92
2020-07-15,34.96682,98150000,3431993350.38
2020-07-16,34.552344,95550000,3301476480.38
2020-07-17,35.034693,95500000,3345813142.75
2020-07-20,34.68329,95400000,3308785893.36
2020-07-21,34.687239,90200000,3128788962.62
2020-07-22,35.118029,88950000,3123748665.34
2020-07-23,34.945928,84150000,2940699819.58
2020-07-24,34.807024,68900000,2398203929.76
2020-07-27,35.19484,68300000,2403807581.39
2020-07-28,35.916313,68350000,2454880007.15
2020-07-29,36.595061,68350000,2501272393.63
2020-07-30,36.291526,68350000,2480525776.26
2020-07-31,36.237492,68350000,2476832567.54
2020-08-03,35.704829,68650000,2451136514.07
2020-08-04,36.189793,65900000,2384907389.12
2020-08-05,35.95925,65900000,2369714558.74
2020-08-06,35.992997,65850000,2370138854.4
2020-08-07,36.483709,65500000,2389682935.58
2020-08-10,36.424123,65500000,2385780080.38
2020-08-11,35.744616,65500000,2341272340.8
2020-08-12,36.215683,64800000,2346776255.03
2020-08-13,35.793077,63950000,2288967287.43
2020-08-14,35.842446,63950000,2292124394.8
2020-08-17,36.172511,64600000,2336744228.82
2020-08-18,36.129824,64300000,2323147686.87
2020-08-19,35.402085,64150000,2271043768.03
2020-08-20,35.783714,64700000,2315206321.48
2020-08-21,35.871923,65300000,2342436552.44
2020-08-24,35.960706,65100000,2341041984.67
2020-08-25,36.069862,65100000,2348148037.47
2020-08-26,35.801858,65350000,2339651416.89
2020-08-27,36.292874,65150000,2364480736.66
2020-08-28,36.555433,65150000,2381586478.59
2020-08-31,36.250686,65500000,2374419944.15
2020-09-01,36.194814,65050000,2354472677.24
2020-09-02,37.004119,65150000,2410818358.74
2020-09-03,36.398489,65900000,2398660457.77
2020-09-04,36.227654,65850000,2385591030.8
2020-09-08,35.763391,65850000,2355019314.91
2020-09-09,36.205907,65100000,2357004558.3
2020-09-10,35.674014,64900000,2315243507.46
2020-09-11,35.574833,64900000,2308806647.03
2020-09-14,36.409401,64750000,2357508735.9
2020-09-15,36.913579,64200000,2369851793.31
2020-09-16,37.132385,64200000,2383899094.29
2020-09-17,36.322928,64900000,2357358033.13
2020-09-18,35.613528,64900000,2311317976.07
2020-09-21,34.439025,65100000,2241980495.34
2020-09-22,34.872121,65900000,2298072803.1
2020-09-23,33.860355,66400000,2248327577.95
2020-09-24,33.994004,66600000,2264000647.94
2020-09-25,34.681226,66450000,2304567481.45
2020-09-28,35.268137,65500000,2310062985.73
2020-09-29,35.097128,64950000,2279558491.1
2020-09-30,35.298617,64900000,2290880218.61
2020-10-01,35.848263,64150000,2299666084.85
2020-10-02,36.413537,63350000,2306797556.3
2020-10-05,36.629429,64750000,2371755507.46
2020-10-06,36.346705,64750000,2353449126.73
2020-10-07,36.447682,64700000,2358165057.46
2020-10-08,37.049849,64650000,2395272756.52
2020-10-09,36.93749,64650000,2388008757.08
2020-10-12,37.11802,64600000,2397824106.87
2020-10-13,36.488986,64600000,2357188494.69
2020-10-14,36.070623,65050000,2346394003.0
2020-10-15,36.237427,62300000,2257591732.33
2020-10-16,36.087041,62250000,2246418280.05
2020-10-19,35.525944,62250000,2211490025.84
2020-10-20,35.785535,62250000,2227649528.53
2020-10-21,35.653041,60000000,2139182456.09
2020-10-22,35.385563,60800000,2151442238.69
2020-10-23,35.623193,60800000,2165890112.04
2020-10-26,35.192819,60800000,2139723395.72
2020-10-27,34.755045,60450000,2100942448.94
2020-10-28,33.918495,60450000,2050373043.29
2020-10-29,34.375396,59550000,2047054860.87
2020-10-30,34.126422,59550000,2032228456.21
2020-11-02,34.993711,59550000,2083875462.24
2020-11-03,35.574517,60100000,2138028458.55
2020-11-04,35.669054,58500000,2086639629.94
2020-11-05,35.77908,58700000,2100231995.01
2020-11-06,35.630792,59300000,2112905966.85
2020-11-09,36.574226,59250000,2167022898.43
2020-11-10,36.778873,59550000,2190181863.18
2020-11-11,37.058458,60050000,2225360377.5
2020-11-12,36.679571,61350000,2250291701.2
2020-11-13,37.520042,61350000,2301854553.77
2020-11-16,37.715488,61550000,2321388263.98
2020-11-17,37.769758,62150000,2347390446.54
2020-11-18,37.13713,62350000,2315500044.7
2020-11-19,37.183263,63000000,2342545552.04
2020-11-20,36.942685,61400000,2268280883.57
2020-11-23,36.819637,62200000,2290181397.64
2020-11-24,36.814496,60800000,2238321374.09
2020-11-25,36.891386,61050000,2252219104.28
2020-11-27,36.807418,61450000,2261815818.65
2020-11-30,36.510573,61450000,2243574727.47
2020-12-01,36.972533,61250000,2264567625.01
2020-12-02,36.562562,61200000,2237628774.6
2020-12-03,36.83779,60650000,2234211951.19
2020-12-04,37.32708,60700000,2265753781.86
2020-12-07,36.976007,60700000,2244443652.68
2020-12-08,36.79401,60050000,2209480285.63
2020-12-09,36.43617,60050000,2187991998.86
2020-12-10,36.258193,59500000,2157362455.7
2020-12-11,36.256337,59350000,2151813615.28
2020-12-14,36.009661,59350000,2137173370.41
2020-12-15,36.636256,59350000,2174361773.24
2020-12-16,36.641039,59350000,2174645659.18
2020-12-17,37.102364,59750000,2216866266.15
2020-12-18,36.426002,59600000,2170989721.02
2020-12-21,35.674249,59600000,2126185266.95
2020-12-22,35.892023,60000000,2153521407.82
2020-12-23,35.570201,61500000,2187567374.0
2020-12-24,35.89274,61500000,2207403485.71
2020-12-28,36.197676,61500000,2226157056.18
2020-12-29,35.942422,61500000,2210458953.18
2020-12-30,36.09393,61700000,2226995461.79
2020-12-31,36.582819,60800000,2224235403.81
2021-01-04,35.38235,60750000,2149477733.05
2021-01-05,35.354361,61300000,2167222338.26
2021-01-06,35.161288,61550000,2164177247.17
2021-01-07,35.269425,61150000,2156725356.92
2021-01-08,35.655847,61700000,2199965773.21
2021-01-11,35.067366,61600000,2160149751.82
2021-01-12,35.087731,61150000,2145614775.06
2021-01-13,35.57328,61500000,2187756738.38
2021-01-14,35.798379,61350000,2196230528.15
2021-01-15,36.31996,60250000,2188277578.32
2021-01-19,36.123974,60700000,2192725243.28
2021-01-20,36.835441,60700000,2235911255.2
2021-01-21,36.710282,59700000,2191603821.98
2021-01-22,36.822124,59800000,2201963016.27
2021-01-25,37.124906,59950000,2225638110.33
2021-01-26,37.546482,60100000,2256543592.88
2021-01-27,37.025709,60150000,2227096372.49
2021-01-28,37.145765,60900000,2262177079.42
2021-01-29,36.774326,60900000,2239556460.81
2021-02-01,37.606508,60500000,2275193745.65
2021-02-02,37.761022,59900000,2261885199.1
2021-02-03,37.620199,59350000,2232758805.87
2021-02-04,37.805834,59850000,2262679194.19
2021-02-05,37.935671,58600000,2223030343.74
2021-02-08,38.019899,58600000,2227966094.64
2021-02-09,38.19936,58300000,2227022708.51
2021-02-10,38.428312,58700000,2255741919.46
2021-02-11,38.383786,59450000,2281916068.91
2021-02-12,38.364965,59450000,2280797155.63
2021-02-16,37.956819,59450000,2256532864.1
2021-02-17,37.987439,60050000,2281145691.25
2021-02-18,37.978287,60200000,2286292894.59
2021-02-19,38.087199,60200000,2292849402.2
2021-02-22,38.293502,59200000,2266975342.52
2021-02-23,38.425819,60650000,2330525923.73
2021-02-24,38.637509,60700000,2345296774.55
2021-02-25,38.024922,61350000,2332828935.42
2021-02-26,37.337221,61800000,2307440235.02
2021-03-01,37.394913,61450000,2297917428.14
2021-03-02,37.129018,60950000,2263013622.15
2021-03-03,36.694926,60950000,2236555744.76
2021-03-04,36.417,61950000,2256033151.56
2021-03-05,36.836231,61950000,2282004517.4
2021-03-08,37.030774,61750000,2286650318.49
2021-03-09,37.431335,61850000,2315128082.88
2021-03-10,37.799979,61850000,2337928685.86
2021-03-11,38.367019,62050000,2380673531.12
2021-03-12,39.005527,62050000,2420292933.8
2021-03-15,39.481282,62600000,2471528228.33
2021-03-16,39.473216,63300000,2498654555.42
2021-03-17,39.410482,63300000,2494683535.29
2021-03-18,39.143309,63700000,2493428757.88
2021-03-19,38.648991,63700000,2461940738.44
2021-03-22,38.692102,63000000,2437602436.81
2021-03-23,38.825948,62650000,2432445636.06
2021-03-24,38.620953,62650000,2419602723.55
2021-03-25,38.923271,63000000,2452166047.73
2021-03-26,39.889777,63600000,2536989840.05
2021-03-29,39.820229,63600000,2532566553.79
2021-03-30,39.656285,63400000,2514208447.67
2021-03-31,39.47524,63500000,2506677767.91
2021-04-01,40.097053,63150000,2532128910.48
2021-04-05,40.339542,64000000,2581730716.05
2021-04-06,40.410768,64700000,2614576665.61
2021-04-07,40.469937,64200000,2598169952.71
2021-04-08,40.268054,64850000,2611383299.1
2021-04-09,40.324007,64500000,2600898435.51
2021-04-12,40.571803,64500000,2616881275.66
2021-04-13,40.827469,64150000,2619082165.04
2021-04-14,40.550247,65000000,2635766041.5
2021-04-15,41.342086,65150000,2693436884.47
2021-04-16,41.412139,65150000,2698000831.07
2021-04-19,41.532301,66000000,2741131850.45
2021-04-20,41.99783,66000000,2771856762.44
2021-04-21,42.166426,66800000,2816717250.57
2021-04-22,42.008162,67850000,2850253822.08
2021-04-23,42.251758,67850000,2866781754.52
2021-04-26,42.337675,67550000,2859909926.18
2021-04-27,42.326631,67650000,2863396586.55
2021-04-28,42.18255,67650000,2853649516.94
2021-04-29,42.470915,66950000,2843427765.68
2021-04-30,42.736397,66550000,2844107236.34
2021-05-03,42.532147,66550000,2830514354.61
2021-05-04,42.27291,66900000,2828057704.23
2021-05-05,41.631481,66400000,2764330323.82
2021-05-06,41.852903,67450000,2822978275.56
2021-05-07,42.370214,68250000,2891767073.07
2021-05-10,42.529974,67850000,2885658722.65
2021-05-11,42.0562,68200000,2868232838.23
2021-05-12,41.060177,69250000,2843417271.95
2021-05-13,41.547679,69300000,2879254153.74
2021-05-14,41.966621,69500000,2916680149.95
2021-05-17,41.964123,71200000,2987845588.71
2021-05-18,42.046672,71550000,3008439365.87
2021-05-19,41.874353,71500000,2994016269.5
2021-05-20,42.435531,72100000,3059601811.46
2021-05-21,42.361358,71950000,3047899704.8
2021-05-24,42.808405,71950000,3080064761.43
2021-05-25,42.939687,68350000,2934927581.05
2021-05-26,43.036291,71350000,3070639386.06
2021-05-27,42.967318,71300000,3063569803.9
2021-05-28,43.248972,70050000,3029590487.89
2021-06-01,43.977626,70450000,3098223760.22
2021-06-02,44.595814,70550000,3146234671.06
2021-06-03,44.510801,71850000,3198101051.27
2021-06-04,44.565905,71850000,3202060304.19
2021-06-07,44.973613,71300000,3206618631.18
2021-06-08,45.207287,70450000,3184853347.43
2021-06-09,45.278116,71300000,3228329663.63
2021-06-10,45.707792,72350000,3306958730.41
2021-06-11,45.465242,71950000,3271224184.93
2021-06-14,45.706365,73150000,3343420608.08
2021-06-15,45.255912,73850000,3342149068.93
2021-06-16,44.858256,73400000,3292595989.59
2021-06-17,45.037806,73700000,3319286289.04
2021-06-18,44.36477,73750000,3271901817.92
2021-06-21,44.92775,74300000,3338131825.72
2021-06-22,44.728976,75200000,3363619020.98
2021-06-23,44.567079,75350000,3358129378.11
2021-06-24,44.367991,75250000,3338691306.96
2021-06-25,44.663477,75550000,3374325716.32
2021-06-28,44.698042,75750000,3385876692.7
2021-06-29,44.665044,75850000,3387843582.13
2021-06-30,44.338449,76350000,3385240598.12
2021-07-01,44.497927,77400000,3444139546.21
2021-07-02,44.727663,78050000,3490994090.54
2021-07-06,45.108741,79000000,3563590519.82
2021-07-07,45.345824,79950000,3625398655.46
2021-07-08,45.310362,80450000,3645218630.94
2021-07-09,45.913394,80450000,3693732578.27
2021-07-12,46.306531,80450000,3725360448.16
2021-07-13,45.696845,81050000,3703729289.81
2021-07-14,46.107585,81150000,3741630507.48
2021-07-15,46.170672,81900000,3781378036.46
2021-07-16,46.218448,82050000,3792223658.75
2021-07-19,45.4858,82400000,3748029952.73
2021-07-20,46.339725,82150000,3806808443.95
2021-07-21,46.176298,82400000,3804926966.39
2021-07-22,45.859368,83050000,3808620548.06
2021-07-23,46.261833,83050000,3842045223.36
2021-07-26,46.261906,84050000,3888313172.56
2021-07-27,46.638485,84050000,3919964647.54
2021-07-28,46.346349,84350000,3909314568.12
2021-07-29,46.236928,82200000,3800675455.96
2021-07-30,46.389102,85050000,3945393113.78
2021-08-02,46.392403,85150000,3950313076.31
2021-08-03,46.598531,86150000,4014463465.51
2021-08-04,46.437172,86900000,4035390243.03
2021-08-05,46.820177,87300000,4087401430.58
2021-08-06,46.723643,87850000,4104672050.15
2021-08-09,46.528087,89150000,4147978977.38
2021-08-10,46.021255,89400000,4114300192.55
2021-08-11,46.261154,89750000,4151938603.65
2021-08-12,46.422898,90350000,4194308799.21
2021-08-13,46.741467,90350000,4223091521.96
2021-08-16,46.797697,91050000,4260930352.6
2021-08-17,46.875495,91050000,4268013831.94
2021-08-18,46.367967,91600000,4247305769.77
2021-08-19,46.795682,91600000,4286484427.47
2021-08-20,47.008265,91600000,4305957080.89
2021-08-23,46.818428,92350000,4323681798.27
2021-08-24,46.480624,93850000,4362206544.74
2021-08-25,46.401339,94000000,4361725895.05
2021-08-26,46.446641,94250000,4377595940.4
2021-08-27,46.849455,93850000,4396821329.69
2021-08-30,47.390597,93900000,4449977016.83
2021-08-31,47.687031,92700000,4420587810.78
2021-09-01,48.491295,92750000,4497567619.43
2021-09-02,48.709959,94400000,4598220132.57
2021-09-03,48.729979,94700000,4614729025.16
2021-09-07,48.177472,94700000,4562406577.44
2021-09-08,48.471569,94150000,4563598183.64
2021-09-09,47.44545,93850000,4452755475.34
2021-09-10,46.860022,93850000,4397813042.71
2021-09-13,47.085962,93950000,4423726135.04
2021-09-14,47.003835,95100000,4470064721.72
2021-09-15,47.195615,95300000,4497742090.03
2021-09-16,47.290824,96100000,4544648157.25
2021-09-17,46.842948,96200000,4506291641.33
2021-09-20,46.290492,95100000,4402225825.99
2021-09-21,46.270548,94700000,4381820939.91
2021-09-22,46.693678,94900000,4431230042.24
2021-09-23,46.441919,95050000,4414304375.15
2021-09-24,45.890729,95600000,4387153722.19
2021-09-27,45.135824,96000000,4333039113.14
2021-09-28,44.856714,96100000,4310730194.33
2021-09-29,45.174504,95900000,4332234934.54
2021-09-30,44.466682,95850000,4262131486.7
2021-10-01,44.939308,96300000,4327655342.19
2021-10-04,44.998116,96300000,4333318600.3
2021-10-05,44.611455,96350000,4298313687.17
2021-10-06,45.050178,96700000,4356352199.05
2021-10-07,45.122643,95650000,4315980841.48
2021-10-08,44.616574,94550000,4218497072.37
2021-10-11,44.693369,94100000,4205646016.28
2021-10-12,45.289922,93700000,4243665651.49
2021-10-13,45.538482,93700000,4266955726.38
2021-10-14,46.17988,94500000,4363998649.62
2021-10-15,46.19228,94900000,4383647347.42
2021-10-18,46.293547,94850000,4390942933.46
2021-10-19,46.477749,94100000,4373556133.98
2021-10-20,47.197894,94100000,4441321843.03
2021-10-21,47.366824,94750000,4488006579.0
2021-10-22,47.67675,94850000,4522139702.06
2021-10-25,47.826704,94600000,4524406183.01
2021-10-26,48.04672,94600000,4545219687.92
2021-10-27,47.698003,95400000,4550389522.46
2021-10-28,48.396685,96800000,4684799153.21
2021-10-29,47.818784,97450000,4659940484.75
2021-11-01,47.920547,98300000,4710589788.25
2021-11-02,48.367891,99150000,4795676392.76
2021-11-03,48.659026,98950000,4814810626.27
2021-11-04,48.10324,99450000,4783867237.97
2021-11-05,48.224037,99300000,4788646891.2
2021-11-08,48.216081,99300000,4787856810.17
2021-11-09,48.38821,99750000,4826723974.48
2021-11-10,48.1505,99150000,4774122032.45
2021-11-11,48.173725,98400000,4740294584.65
2021-11-12,48.202622,98500000,4747958313.16
2021-11-15,48.45093,98500000,4772416606.1
2021-11-16,48.149411,98500000,4742716970.58
2021-11-17,48.462789,98150000,4756622752.94
2021-11-18,48.476022,106550000,5165120133.41
2021-11-19,48.207556,106650000,5141335815.15
2021-11-22,47.964471,107200000,5141791259.49
2021-11-23,48.489819,107200000,5198108593.44
2021-11-24,49.11003,110950000,5448757824.78
2021-11-26,47.787894,110350000,5273394050.72
2021-11-29,48.425056,110800000,5365496162.98
2021-11-30,47.405687,110600000,5243069034.06
2021-12-01,46.769708,111400000,5210145429.12
2021-12-02,48.0237,109900000,5277804640.36
2021-12-03,47.827579,109900000,5256250919.27
2021-12-06,48.487741,109850000,5326378352.55
2021-12-07,49.335131,109800000,5416997354.34
2021-12-08,49.570184,111700000,5536989583.76
2021-12-09,48.920111,112900000,5523080538.07
2021-12-10,49.16659,112900000,5550908057.99
2021-12-13,49.836686,111800000,5571741549.13
2021-12-14,49.276809,112650000,5551032551.61
2021-12-15,50.007771,113200000,5660879705.25
2021-12-16,50.209512,113900000,5718863421.51
2021-12-17,50.058571,113350000,5674139037.04
2021-12-20,49.277647,115700000,5701423712.22
2021-12-21,49.590189,114300000,5668158558.62
2021-12-22,50.062092,114900000,5752134315.69
2021-12-23,49.909259,114400000,5709619230.78
2021-12-27,50.928111,115450000,5879650401.7
2021-12-28,51.146442,117400000,6004592321.16
2021-12-29,51.473786,119000000,6125380493.82
2021-12-30,51.681536,119500000,6175943584.55
2021-12-31,51.807374,119500000,6190981221.48
2022-01-03,51.309,119800000,6146818191.32
2022-01-04,51.112532,121700000,6220395197.48
2022-01-05,49.467685,122300000,6049897847.6
2022-01-06,49.516753,123800000,6130174037.12
2022-01-07,49.249201,126050000,6207861826.12
2022-01-10,48.956908,126300000,6183257487.93
2022-01-11,48.879027,127200000,6217412207.79
2022-01-12,49.018875,127350000,6242553742.39
2022-01-13,48.855704,127700000,6238873359.09
2022-01-14,48.278878,126900000,6126589677.06
2022-01-18,47.936738,127500000,6111934104.97
2022-01-19,47.354587,127150000,6021135747.45
2022-01-20,46.922257,128500000,6029509987.82
2022-01-21,46.901387,129050000,6052624009.96
2022-01-24,46.982787,128650000,6044335528.82
2022-01-25,46.859064,125500000,5880812501.64
2022-01-26,46.079871,123700000,5700080028.46
2022-01-27,45.272286,121400000,5496055541.21
2022-01-28,46.805695,121050000,5665829375.58
2022-01-31,47.398643,120950000,5732865813.95
2022-02-01,47.049248,120050000,5648262188.86
2022-02-02,47.830092,119850000,5732436567.04
2022-02-03,47.303678,119900000,5671710981.28
2022-02-04,46.705576,119700000,5590657443.78
2022-02-07,46.664873,118850000,5546120192.94
2022-02-08,46.290766,118650000,5492399327.52
2022-02-09,47.391044,118350000,5608730090.96
2022-02-10,46.041602,118650000,5462836067.72
2022-02-11,45.422709,118200000,5368964158.27
2022-02-14,44.957104,119250000,5361134605.83
2022-02-15,45.139557,119000000,5371607258.2
2022-02-16,45.251655,118950000,5382684393.3
2022-02-17,44.863681,118300000,5307373446.36
2022-02-18,44.657483,117950000,5267350117.09
2022-02-22,44.549381,118450000,5276874156.33
2022-02-23,43.961814,118700000,5218267305.88
2022-02-24,44.745763,118350000,5295661024.51
2022-02-25,45.859251,117200000,5374704229.38
2022-02-28,45.065025,117200000,5281620987.33
2022-03-01,44.962904,117100000,5265156083.31
2022-03-02,45.785539,116350000,5327147510.3
2022-03-03,46.293087,116500000,5393144628.95
2022-03-04,46.685886,116450000,5436571368.7
2022-03-07,45.847039,116000000,5318256552.31
2022-03-08,45.442684,116050000,5273623509.97
2022-03-09,46.145865,115800000,5343691203.71
2022-03-10,46.310499,115700000,5358124749.25
2022-03-11,45.880014,114800000,5267025623.76
2022-03-14,45.612751,114600000,5227221284.69
2022-03-15,45.950811,114650000,5268260519.91
2022-03-16,46.470123,114150000,5304564564.47
2022-03-17,47.131028,114650000,5403572402.18
2022-03-18,47.230996,114650000,5415033727.9
2022-03-21,46.716591,115550000,5398102093.84
2022-03-22,46.741519,115600000,5403319613.25
2022-03-23,46.258443,115600000,5347475998.47
2022-03-24,46.552284,115400000,5372133618.95
2022-03-25,47.137402,115350000,5437299275.17
2022-03-28,47.741285,115500000,5514118389.13
2022-03-29,49.099793,115250000,5658751174.97
2022-03-30,48.855227,116400000,5686748439.82
2022-03-31,48.294974,117750000,5686733210.77
2022-04-01,49.270989,118650000,5846002821.07
2022-04-04,49.116459,118550000,5822756176.42
2022-04-05,49.145771,118950000,5845889435.75
2022-04-06,49.908635,118650000,5921659526.85
2022-04-07,49.478347,119450000,5910188576.2
2022-04-08,49.648317,119700000,5942903583.33
2022-04-11,48.975952,119650000,5859972721.13
2022-04-12,48.83641,119700000,5845718238.52
2022-04-13,49.043125,119200000,5845940502.35
2022-04-14,48.756713,119350000,5819113657.26
2022-04-18,48.622355,120350000,5851700416.29
2022-04-19,49.652906,121150000,6015449568.51
2022-04-20,50.570975,122000000,6169658970.68
2022-04-21,50.25236,122300000,6145863652.02
2022-04-22,49.360585,122200000,6031863478.42
2022-04-25,49.123811,122900000,6037316430.05
2022-04-26,48.392911,123300000,5966845893.68
2022-04-27,48.073841,123250000,5925100936.21
2022-04-28,48.963313,125050000,6122862360.08
2022-04-29,46.572154,124850000,5814533413.46
2022-05-02,45.385785,125200000,5682300280.79
2022-05-03,45.950367,125400000,5762176087.61
2022-05-04,46.451626,124350000,5776259681.48
2022-05-05,45.275035,123600000,5595994339.73
2022-05-06,44.823105,122450000,5488589244.69
2022-05-09,42.753867,123250000,5269414153.56
2022-05-10,41.776443,124250000,5190723038.88
2022-05-11,41.707023,123300000,5142475894.57
2022-05-12,42.01715,126900000,5331976315.98
2022-05-13,43.095604,129050000,5561487702.56
2022-05-16,42.749606,129000000,5514699244.26
2022-05-17,43.210284,129550000,5597892269.17
2022-05-18,41.940559,127550000,5349518271.63
2022-05-19,41.85503,128250000,5367907585.85
2022-05-20,42.352576,128400000,5438070720.68
2022-05-23,42.880038,128550000,5512228903.6
2022-05-24,43.396651,127750000,5543922245.25
2022-05-25,43.64038,128350000,5601242736.07
2022-05-26,43.598039,128350000,5595808346.62
2022-05-27,44.826602,127450000,5713150390.22
2022-05-31,44.231374,128000000,5661615947.85
2022-06-01,43.744587,123450000,5400269341.28
2022-06-02,44.392936,125250000,5560215275.46
2022-06-03,43.840499,124600000,5462526160.46
2022-06-06,43.712845,123650000,5405093264.04
2022-06-07,44.216765,123350000,5454138033.88
2022-06-08,43.172248,123350000,5325296813.36
2022-06-09,42.183412,123150000,5194887259.25
2022-06-10,41.171067,122900000,5059924182.81
2022-06-13,39.203674,123200000,4829892613.63
2022-06-14,38.885367,126750000,4928720239.84
2022-06-15,39.818229,122900000,4893660322.68
2022-06-16,38.830937,120900000,4694660309.98
2022-06-17,39.07882,120750000,4718767576.36
2022-06-21,39.499756,124100000,4901919774.69
2022-06-22,40.125601,124100000,4979587093.84
2022-06-23,40.929725,126000000,5157145397.19
2022-06-24,41.783572,126450000,5283532702.48
2022-06-27,41.674866,127250000,5303126711.89
2022-06-28,41.095695,127050000,5221208110.83
2022-06-29,40.818162,127650000,5210438403.88
2022-06-30,40.845654,128500000,5248666535.59
2022-07-01,41.605622,128500000,5346322475.22
2022-07-05,41.399987,127700000,5286778415.68
2022-07-06,41.405501,126950000,5256428417.38
2022-07-07,41.432236,126650000,5247393654.72
2022-07-08,41.208288,126550000,5214909846.7
2022-07-11,41.21206,126750000,5223629625.79
2022-07-12,40.970182,127850000,5238038803.89
2022-07-13,40.747094,128150000,5221741166.92
2022-07-14,40.345102,127500000,5144000463.44
2022-07-15,41.030495,127500000,5231388088.59
2022-07-18,40.588717,127200000,5162884742.42
2022-07-19,41.73919,126200000,5267485750.7
2022-07-20,41.518148,126200000,5239590308.0
2022-07-21,41.938243,126700000,5313575417.18
2022-07-22,42.267479,126500000,5346836104.47
2022-07-25,42.296341,126500000,5350487161.22
2022-07-26,42.383524,126500000,5361515761.37
2022-07-27,42.614885,126800000,5403567386.8
2022-07-28,44.190557,125800000,5559172064.19
2022-07-29,44.32981,126550000,5609937412.68
2022-08-01,43.934825,126950000,5577526051.48
2022-08-02,43.363497,126750000,5496323293.01
2022-08-03,43.540305,126750000,5518733627.5
2022-08-04,43.594048,126300000,5505928212.66
2022-08-05,43.742482,125950000,5509365642.23
2022-08-08,44.050699,125850000,5543780514.87
2022-08-09,44.374961,124900000,5542432591.76
2022-08-10,45.013277,124900000,5622158302.31
2022-08-11,44.765823,124900000,5591251307.8
2022-08-12,45.534892,124750000,5680477767.98
2022-08-15,45.750681,124650000,5702822436.48
2022-08-16,45.571739,124650000,5680517282.3
2022-08-17,45.437927,124200000,5643390577.18
2022-08-18,45.099212,123800000,5583282482.38
2022-08-19,44.664104,123800000,5529416074.12
2022-08-22,43.73996,123650000,5408446044.52
2022-08-23,43.103903,123000000,5301780101.23
2022-08-24,43.413472,121650000,5281248863.6
2022-08-25,44.088981,122100000,5383264630.26
2022-08-26,42.970161,122100000,5246656612.11
2022-08-29,42.595931,122150000,5203092916.64
2022-08-30,41.977489,122300000,5133846918.16
2022-08-31,41.838677,122450000,5123146023.13
2022-09-01,41.992084,123700000,5194420740.32
2022-09-02,41.28652,124550000,5142236076.07
2022-09-06,41.706026,124550000,5194485575.09
2022-09-07,42.507911,125450000,5332617450.28
2022-09-08,42.625704,126000000,5370838710.66
2022-09-09,43.024465,125700000,5408175253.21
2022-09-12,43.392346,126100000,5471774853.02
2022-09-13,41.740374,127000000,5301027459.19
2022-09-14,41.254234,130400000,5379552091.55
2022-09-15,40.330094,127200000,5129987943.94
2022-09-16,40.34244,126750000,5113404281.07
2022-09-19,39.892309,126400000,5042387887.55
2022-09-20,38.867516,126350000,4910910619.6
2022-09-21,38.276386,126250000,4832393713.61
2022-09-22,37.915846,126300000,4788771353.59
2022-09-23,37.429848,125600000,4701188958.15
2022-09-26,36.446999,125700000,4581387816.53
2022-09-27,35.979602,126350000,4546022658.11
2022-09-28,36.653466,126950000,4653157471.23
2022-09-29,35.636546,127300000,4536532344.67
2022-09-30,36.004456,127950000,4606770208.33
2022-10-03,36.674403,128100000,4697991073.55
2022-10-04,37.268862,128900000,4803956264.67
2022-10-05,36.559028,129300000,4727082315.1
2022-10-06,35.389839,130000000,4600679013.22
2022-10-07,34.542006,128200000,4428285180.07
2022-10-10,34.129483,129150000,4407822792.45
2022-10-11,34.477545,129150000,4452774985.07
2022-10-12,33.998998,130000000,4419869731.02
2022-10-13,34.630861,129500000,4484696541.74
2022-10-14,33.732275,129500000,4368329591.94
2022-10-17,35.04507,129900000,4552354577.8
2022-10-18,35.489636,130650000,4636720953.32
2022-10-19,34.582032,131600000,4550995356.18
2022-10-20,34.439413,129350000,4454738024.96
2022-10-21,34.673158,129500000,4490173958.9
2022-10-24,34.642756,129800000,4496629743.77
2022-10-25,36.006906,129850000,4675496692.1
2022-10-26,35.953084,130550000,4693675052.6
2022-10-27,35.952022,129400000,4652191589.71
2022-10-28,36.811859,130600000,4807628770.42
2022-10-31,36.736335,128800000,4731639925.53
2022-11-01,36.657787,128800000,4721522973.97
2022-11-02,35.698504,128800000,4597967309.94
2022-11-03,35.703584,130350000,4653962139.47
2022-11-04,36.175353,131150000,4744397487.22
2022-11-07,36.155148,131650000,4759825291.08
2022-11-08,36.388294,131050000,4768685888.29
2022-11-09,35.992355,131100000,4718597689.98
2022-11-10,38.780181,131400000,5095715816.0
2022-11-11,38.738771,132100000,5117391594.73
2022-11-14,37.713518,132700000,5004583817.94
2022-11-15,38.1916,132900000,5075663629.38
2022-11-16,37.870093,133600000,5059444413.71
2022-11-17,37.570718,134000000,5034476249.85
2022-11-18,38.055358,133950000,5097515222.91
2022-11-21,38.327558,133850000,5130143664.47
2022-11-22,38.505379,134250000,5169347085.49
2022-11-23,38.561857,132550000,5111374156.79
2022-11-25,38.809362,132800000,5153883326.73
2022-11-28,37.722964,132800000,5009609559.29
2022-11-29,38.367075,131600000,5049107082.5
2022-11-30,39.268507,130450000,5122576688.6
2022-12-01,39.152181,129200000,5058461836.58
2022-12-02,38.988326,130700000,5095774262.07
2022-12-05,38.318828,131100000,5023598353.42
2022-12-06,38.017286,129450000,4921337626.39
2022-12-07,38.114585,129450000,4933933053.31
2022-12-08,38.375695,129100000,4954302241.9
2022-12-09,38.297958,129100000,4944266425.35
2022-12-12,38.641569,130650000,5048520951.52
2022-12-13,39.45068,130300000,5140423550.06
2022-12-14,39.103214,131000000,5122520970.61
2022-12-15,38.610312,131050000,5059881407.2
2022-12-16,37.495614,131950000,4947546241.9
2022-12-19,36.659686,131750000,4829913623.91
2022-12-20,36.560483,131750000,4816843574.79
2022-12-21,36.910971,131650000,4859329355.66
2022-12-22,36.763208,132700000,4878477751.36
2022-12-23,37.086257,132750000,4923200590.78
2022-12-27,37.064503,133450000,4946257989.02
2022-12-28,36.474795,133450000,4867561335.52
2022-12-29,37.288595,133100000,4963111975.69
2022-12-30,36.949337,133100000,4917956796.37
2023-01-03,37.064298,133100000,4933258032.92
2023-01-04,37.910959,132700000,5030784256.66
2023-01-05,36.813584,132700000,4885162658.24
2023-01-06,37.870605,133550000,5057619340.2
2023-01-09,37.849988,132800000,5026478401.17
2023-01-10,37.980928,133000000,5051463461.03
2023-01-11,39.347802,133350000,5247029370.28
2023-01-12,39.782806,134650000,5356754843.21
2023-01-13,39.540647,134900000,5334033295.37
2023-01-17,39.57245,135550000,5364045616.61
2023-01-18,38.95532,136700000,5325192217.73
2023-01-19,38.77914,134550000,5217733248.71
2023-01-20,39.243402,132500000,5199750794.94
2023-01-23,39.33736,132500000,5212200177.31
2023-01-24,39.496327,132600000,5237212926.43
2023-01-25,39.540068,135200000,5345817153.37
2023-01-26,39.973878,132650000,5302534982.4
2023-01-27,40.349666,131400000,5301946139.54
2023-01-30,39.850679,131250000,5230401589.87
2023-01-31,40.604868,131300000,5331419233.08
2023-02-01,40.900796,131000000,5358004230.52
2023-02-02,41.812787,131650000,5504653391.46
2023-02-03,40.962116,131950000,5404951251.4
2023-02-06,40.684607,132350000,5384607697.25
2023-02-07,40.558916,133000000,5394335872.51
2023-02-08,40.44646,133700000,5407691719.93
2023-02-09,40.038184,133800000,5357109037.3
2023-02-10,40.143719,133800000,5371229554.39
2023-02-13,40.477323,133250000,5393603234.25
2023-02-14,40.086555,132850000,5325498818.69
2023-02-15,40.18947,132850000,5339171051.77
2023-02-16,39.815413,132500000,5275542287.95
2023-02-17,39.635522,132550000,5253688503.0
2023-02-21,38.859377,130250000,5061433892.83
2023-02-22,38.464338,130100000,5004210400.22
2023-02-23,38.84081,128300000,4983275981.16
2023-02-24,38.135584,124850000,4761227664.66
2023-02-27,38.203494,126250000,4823191129.28
2023-02-28,38.196605,127400000,4866247505.58
2023-03-01,37.627868,127050000,4780620593.19
2023-03-02,38.091903,127100000,4841480884.63
2023-03-03,38.753428,126750000,4911996957.92
2023-03-06,38.610006,126500000,4884165809.66
2023-03-07,37.643937,126000000,4743136079.68
2023-03-08,38.146449,124900000,4764491533.18
2023-03-09,37.299063,124950000,4660517976.85
2023-03-10,36.088234,124050000,4476745378.76
2023-03-13,36.668496,125050000,4585395375.39
2023-03-14,37.06172,124150000,4601212571.96
2023-03-15,37.063734,124250000,4605168897.15
2023-03-16,37.075499,124550000,4617753351.33
2023-03-17,36.234953,124400000,4507628108.15
2023-03-20,36.361511,124150000,4514281634.77
2023-03-21,36.123641,124150000,4484750050.64
2023-03-22,34.824198,123850000,4312976962.27
2023-03-23,34.608534,123700000,4281075678.82
2023-03-24,35.508781,122250000,4340948532.19
2023-03-27,35.379702,124350000,4399465935.44
2023-03-28,35.287405,124350000,4387988777.29
2023-03-29,36.102744,124650000,4500206980.88
2023-03-30,36.580981,124550000,4556161194.22
2023-03-31,37.394045,124650000,4661167659.75
2023-04-03,37.040003,124400000,4607776340.97
2023-04-04,37.045997,124600000,4615931214.1
2023-04-05,36.851302,125100000,4610097883.08
2023-04-06,37.110797,125050000,4640705123.43
2023-04-10,37.290832,125050000,4663218530.46
2023-04-11,37.461362,125300000,4693908699.59
2023-04-12,37.34828,120650000,4506069993.66
2023-04-13,37.235075,120450000,4484964737.23
2023-04-14,36.608653,120500000,4411342660.1
2023-04-17,37.424748,120500000,4509682130.52
2023-04-18,37.367367,119900000,4480347278.12
2023-04-19,37.572321,120300000,4519950185.82
2023-04-20,37.126527,120250000,4464464847.12
2023-04-21,37.189354,120900000,4496192888.51
2023-04-24,37.07514,120900000,4482384451.47
2023-04-25,36.735915,120900000,4441372099.27
2023-04-26,36.433032,121250000,4417505112.1
2023-04-27,37.316229,120700000,4504068872.24
2023-04-28,37.753945,120700000,4556901181.0
2023-05-01,37.405645,120350000,4501769381.92
2023-05-02,36.757295,119700000,4399848269.99
2023-05-03,36.538553,119750000,4375491713.72
2023-05-04,36.875078,118000000,4351259262.27
2023-05-05,37.445973,117750000,4409263332.89
2023-05-08,37.18968,117750000,4379084852.02
2023-05-09,37.045826,117750000,4362146039.31
2023-05-10,37.410203,117750000,4405051428.68
2023-05-11,37.028493,118650000,4393430670.81
2023-05-12,37.083507,118600000,4398103936.43
2023-05-15,37.008726,118600000,4389234897.03
2023-05-16,36.042163,118600000,4274600556.68
2023-05-17,36.506826,118300000,4318757516.84
2023-05-18,36.259616,118300000,4289512524.42
2023-05-19,36.204687,118300000,4283014413.56
2023-05-22,36.446438,118300000,4311613584.35
2023-05-23,35.993049,118500000,4265176357.48
2023-05-24,35.198052,118500000,4170969161.66
2023-05-25,35.29931,117300000,4140609088.07
2023-05-26,35.710483,117300000,4188839691.43
2023-05-30,35.808851,116350000,4166359835.45
2023-05-31,36.049681,116300000,4192577864.58
2023-06-01,36.067075,118300000,4266734990.8
2023-06-02,36.817826,118500000,4362912412.73
2023-06-05,36.627442,118400000,4336689148.36
2023-06-06,36.869643,118850000,4381957032.95
2023-06-07,37.521179,118850000,4459392133.75
2023-06-08,37.312342,119650000,4464421671.5
2023-06-09,37.09904,119650000,4438900121.59
2023-06-12,37.109185,119700000,4441969436.55
2023-06-13,37.362564,119900000,4479771464.77
2023-06-14,37.543544,120350000,4518365521.58
2023-06-15,37.736792,121250000,4575586075.13
2023-06-16,37.693756,121350000,4574137301.06
2023-06-20,36.920743,120950000,4465563811.19
2023-06-21,36.775231,121150000,4455319269.13
2023-06-22,36.246196,121150000,4391226663.27
2023-06-23,35.856802,121050000,4340465873.37
2023-06-26,36.650147,121250000,4443830274.64
2023-06-27,37.056328,121550000,4504196610.0
2023-06-28,37.13393,122200000,4537766187.47
2023-06-29,37.49417,122750000,4602409350.97
2023-06-30,37.698183,122850000,4631221778.93
2023-07-03,38.018807,123350000,4689619834.92
2023-07-05,38.195363,123850000,4730495691.32
2023-07-06,37.965995,124000000,4707783439.24
2023-07-07,37.781406,123600000,4669781781.08
2023-07-10,37.912083,123900000,4697307120.83
2023-07-11,38.35411,123950000,4753991963.42
2023-07-12,38.528063,124350000,4790964683.88
2023-07-13,38.79354,124450000,4827855995.97
2023-07-14,38.786231,124450000,4826946492.74
2023-07-17,38.463502,124200000,4777166956.73
2023-07-18,38.148796,124350000,4743802730.59
2023-07-19,38.574189,124100000,4787056905.3
2023-07-20,38.421317,124800000,4794980367.15
2023-07-21,38.590068,124700000,4812181465.29
2023-07-24,38.973953,124500000,4852257093.67
2023-07-25,38.68309,124450000,4814110533.24
2023-07-26,38.816627,124450000,4830729275.43
2023-07-27,37.99148,124350000,4724240515.9
2023-07-28,37.894217,124350000,4712145925.15
2023-07-31,38.16661,124350000,4746017926.68
2023-08-01,38.119857,124300000,4738298164.48
2023-08-02,37.950704,123900000,4702092164.78
2023-08-03,37.437019,123000000,4604753276.75
2023-08-04,37.071939,123000000,4559848517.96
2023-08-07,37.528412,121800000,4570960573.05
2023-08-08,37.357064,121800000,4550090442.42
2023-08-09,37.430355,121650000,4553402668.17
2023-08-10,37.314283,121750000,4543013964.17
2023-08-11,37.383943,121750000,4551495005.53
2023-08-14,37.194765,121800000,4530322412.15
2023-08-15,36.797774,121900000,4485648626.9
2023-08-16,36.354572,122200000,4442528638.7
2023-08-17,36.083896,121900000,4398626875.94
2023-08-18,36.18423,121550000,4398193115.04
2023-08-21,35.86626,122150000,4381063642.36
2023-08-22,35.980817,122350000,4402253014.84
2023-08-23,36.510496,122350000,4467059160.21
2023-08-24,36.360859,121600000,4421480422.76
2023-08-25,36.457768,121000000,4411389961.05
2023-08-28,36.739465,121450000,4462007988.26
2023-08-29,37.162247,121450000,4513354862.88
2023-08-30,37.290537,121800000,4541987419.51
2023-08-31,37.021492,121450000,4496260175.71
2023-09-01,36.99512,121500000,4494907081.0
2023-09-05,36.643421,121550000,4454007809.42
2023-09-06,36.56463,122150000,4466369592.43
2023-09-07,36.84992,121250000,4468052766.96
2023-09-08,36.619264,121250000,4440085814.26
2023-09-11,36.626394,121900000,4464757472.94
2023-09-12,36.632667,121850000,4463690457.67
2023-09-13,36.259234,122100000,4427252439.25
2023-09-14,36.934742,124700000,4605762380.79
2023-09-15,36.779129,121500000,4468664160.53
2023-09-18,36.191468,120900000,4375548535.16
2023-09-19,35.991493,121850000,4385563444.55
2023-09-20,36.054938,121800000,4391491391.1
2023-09-21,34.804246,121650000,4233936548.49
2023-09-22,34.5547,121100000,4184574129.55
2023-09-25,34.503992,120700000,4164631813.91
2023-09-26,33.889608,120600000,4087086750.85
2023-09-27,33.610877,120400000,4046749603.84
2023-09-28,33.935057,119750000,4063723065.36
2023-09-29,34.06848,120100000,4091624439.83
2023-10-02,33.471704,120150000,4021625198.9
2023-10-03,32.836409,120150000,3945294545.42
2023-10-04,33.208566,120600000,4004953000.63
2023-10-05,33.431056,121200000,4051844035.61
2023-10-06,33.550425,121200000,4066311481.62
2023-10-09,33.985572,121750000,4137743352.71
2023-10-10,34.11881,121300000,4138611658.06
2023-10-11,34.804956,121850000,4240983947.16
2023-10-12,34.357886,121700000,4181354732.77
2023-10-13,34.344427,121900000,4186585635.06
2023-10-16,34.695436,122050000,4234577973.28
2023-10-17,34.509363,124400000,4292964741.38
2023-10-18,33.756093,124950000,4217823779.84
2023-10-19,32.930229,125150000,4121218192.48
2023-10-20,32.752506,124900000,4090788017.08
2023-10-23,32.475094,124850000,4054515439.97
2023-10-24,32.862154,124750000,4099553697.13
2023-10-25,32.182405,124750000,4014755020.3
2023-10-26,32.874024,124750000,4101034479.05
2023-10-27,32.347922,125300000,4053194659.26
2023-10-30,32.446709,125550000,4073684285.2
2023-10-31,33.113886,125600000,4159104141.7
2023-11-01,33.282455,124500000,4143665630.33
2023-11-02,34.311589,125450000,4304388892.1
2023-11-03,35.118998,125850000,4419725932.51
2023-11-06,34.635126,124950000,4327659048.3
2023-11-07,34.332078,125950000,4324125264.83
2023-11-08,34.530576,125800000,4343946426.97
2023-11-09,34.009095,127200000,4325956933.68
2023-11-10,34.382491,127400000,4380329336.05
2023-11-13,34.11347,127000000,4332410710.78
2023-11-14,35.945246,127000000,4565046284.42
2023-11-15,36.007399,127750000,4599945178.39
2023-11-16,36.017903,128100000,4613893434.82
2023-11-17,35.94776,128100000,4604908115.87
2023-11-20,36.232234,128100000,4641349133.64
2023-11-21,36.061328,128100000,4619456081.0
2023-11-22,36.19334,127850000,4627318548.13
2023-11-24,36.324231,128050000,4651317733.94
2023-11-27,36.461354,128050000,4668876338.28
2023-11-28,36.648789,127900000,4687380083.63
2023-11-29,36.916732,128450000,4741954235.98
2023-11-30,37.234798,129800000,4833076821.2
2023-12-01,38.019408,130050000,4944423965.78
2023-12-04,38.222119,129600000,4953586620.65
2023-12-05,38.048468,132200000,5030007511.86
2023-12-06,37.92556,133350000,5057373432.04
2023-12-07,37.98515,133500000,5071017567.38
2023-12-08,37.897848,134150000,5083996260.18
2023-12-11,38.021359,134200000,5102466384.25
2023-12-12,38.022745,138950000,5283260392.31
2023-12-13,39.385389,136500000,5376105570.97
2023-12-14,40.487791,136800000,5538729773.23
2023-12-15,40.016719,137550000,5504299738.41
2023-12-18,39.455742,138600000,5468565878.85
2023-12-19,39.73031,140100000,5566216481.46
2023-12-20,39.225631,140200000,5499433411.75
2023-12-21,39.585059,140950000,5579514103.84
2023-12-22,39.712857,142800000,5670995919.25
2023-12-26,40.029791,143150000,5730264608.26
2023-12-27,40.245477,143150000,5761140032.79
2023-12-28,40.488104,143650000,5816116200.3
2023-12-29,40.04538,143050000,5728491615.19
2024-01-02,40.417254,142650000,5765521303.9
2024-01-03,39.466788,144050000,5685190786.65
2024-01-04,39.360194,143400000,5644251812.57
2024-01-05,39.283806,145400000,5711865353.74
2024-01-08,39.8445,145400000,5793390316.53
2024-01-09,39.556966,145400000,5751582882.55
2024-01-10,39.610022,145600000,5767219218.15
2024-01-11,39.237885,146650000,5754235825.85
2024-01-12,39.543856,146800000,5805038108.15
2024-01-16,39.30254,146950000,5775508185.52
2024-01-17,38.566426,148300000,5719400903.28
2024-01-18,38.330696,149100000,5715106712.02
2024-01-19,38.699822,149100000,5770143427.07
2024-01-22,38.869897,149050000,5793558198.94
2024-01-23,38.672191,148650000,5748621131.34
2024-01-24,38.147235,148650000,5670586418.14
2024-01-25,38.645879,149800000,5789152611.2
2024-01-26,38.502134,149800000,5767619732.69
2024-01-29,38.763075,149750000,5804770468.69
2024-01-30,38.408595,149750000,5751687166.54
2024-01-31,38.14481,149650000,5708370754.76
2024-02-01,38.812316,148750000,5773332017.0
2024-02-02,38.322219,148550000,5692765630.87
2024-02-05,37.558174,149100000,5599923816.9
2024-02-06,38.118587,148800000,5672045747.91
2024-02-07,38.096059,148450000,5655359925.72
2024-02-08,38.310365,148200000,5677596071.11
2024-02-09,38.417862,148200000,5693527202.47
2024-02-12,38.277256,148200000,5672689391.19
2024-02-13,37.580598,148700000,5588234878.15
2024-02-14,37.844954,150950000,5712695833.55
2024-02-15,38.74241,152100000,5892720544.7
2024-02-16,38.358226,152100000,5834286107.48
2024-02-20,38.290078,151650000,5806690373.45
2024-02-21,38.565133,151650000,5848402466.84
2024-02-22,38.671982,151600000,5862672472.53
2024-02-23,38.710602,151600000,5868527224.49
2024-02-26,38.268597,151250000,5788125274.75
2024-02-27,38.298544,151250000,5792654734.46
2024-02-28,38.789539,151500000,5876615095.01
2024-02-29,39.12612,151300000,5919781913.36
2024-03-01,39.549871,151150000,5977963031.07
2024-03-04,39.971569,150800000,6027712648.48
2024-03-05,39.477723,149950000,5919684559.51
2024-03-06,39.700533,150300000,5966990056.52
2024-03-07,39.712193,150600000,5980656239.52
2024-03-08,40.161885,150600000,6048379810.97
2024-03-11,39.966271,151050000,6036905168.56
2024-03-12,39.845835,151450000,6034651730.46
2024-03-13,39.610258,151150000,5987090425.77
2024-03-14,39.03439,152750000,5962503130.73
2024-03-15,39.033835,155050000,6052196053.88
2024-03-18,38.764426,154300000,5981350900.49
2024-03-19,38.765195,154000000,5969839972.36
2024-03-20,38.93118,155300000,6046012294.61
2024-03-21,39.099921,155400000,6076127723.53
2024-03-22,38.623992,155300000,5998305889.9
2024-03-25,38.462706,155600000,5984797037.5
2024-03-26,38.289301,155600000,5957815251.93
2024-03-27,39.262155,155950000,6122933105.31
2024-03-28,39.548366,155500000,6149770902.16
2024-04-01,38.847589,156000000,6060223928.4
2024-04-02,38.411262,155900000,5988315787.78
2024-04-03,38.433561,154300000,5930298517.3
2024-04-04,38.135493,154400000,5888120051.1
2024-04-05,38.382106,154800000,5941549994.57
2024-04-08,38.696097,154950000,5995960276.99
2024-04-09,39.200134,154650000,6062300707.95
2024-04-10,37.59303,154350000,5802484119.07
2024-04-11,37.63275,153050000,5759692411.48
2024-04-12,37.246912,152150000,5667117586.64
2024-04-15,36.586341,152150000,5566611790.34
2024-04-16,36.026716,151500000,5458047496.37
2024-04-17,35.740128,151600000,5418203351.69
2024-04-18,35.748099,151250000,5406899928.7
2024-04-19,35.890602,151150000,5424864441.56
2024-04-22,36.166327,150800000,5453882131.43
2024-04-23,36.480278,150800000,5501225968.83
2024-04-24,36.630415,150900000,5527529690.98
2024-04-25,36.439491,150050000,5467745617.6
2024-04-26,36.464936,149550000,5453331144.25
2024-04-29,36.857996,149550000,5512113370.04
2024-04-30,36.186638,149550000,5411711762.11
2024-05-01,36.23035,149550000,5418248785.05
2024-05-02,36.727718,150200000,5516503284.36
2024-05-03,37.038402,150550000,5576131457.7
2024-05-06,37.029236,150550000,5574751461.77
2024-05-07,37.423532,150550000,5634112696.86
2024-05-08,37.086285,150300000,5574068565.64
2024-05-09,37.942285,149550000,5674268679.73
2024-05-10,37.804191,150500000,5689530707.25
2024-05-13,37.913995,150650000,5711743277.33
2024-05-14,38.174746,151200000,5772021557.31
2024-05-15,38.818078,151500000,5880938812.38
2024-05-16,38.760982,154600000,5992447769.43
2024-05-17,38.757807,154750000,5997770670.8
2024-05-20,38.493823,154300000,5939596841.44
2024-05-21,38.48871,154800000,5958052331.23
2024-05-22,38.16258,154850000,5909475462.06
2024-05-23,37.339278,155150000,5793188913.9
2024-05-24,37.344071,155150000,5793932538.26
2024-05-28,37.10956,154700000,5740848948.16
2024-05-29,36.766542,154600000,5684107465.53
2024-05-30,37.321627,154700000,5773655656.91
2024-05-31,38.021887,154350000,5868678224.84
2024-06-03,37.897037,153950000,5834248821.47
2024-06-04,38.255388,154250000,5900893651.2
2024-06-05,38.20078,153950000,5881010018.72
2024-06-06,38.280373,154400000,5910489622.06
2024-06-07,37.975831,154600000,5871063535.0
2024-06-10,38.145111,154650000,5899141431.94
2024-06-11,38.040593,154350000,5871565566.52
2024-06-12,38.323828,154350000,5915282910.2
2024-06-13,38.510613,153650000,5917155648.3
2024-06-14,38.536425,154700000,5961584892.75
2024-06-17,38.309745,156050000,5978235774.94
2024-06-18,38.465292,156050000,6002508854.69
2024-06-20,38.367317,155400000,5962281114.48
2024-06-21,38.475073,156100000,6005958929.55
2024-06-24,38.354307,156150000,5989025052.11
2024-06-25,37.812229,156850000,5930848104.45
2024-06-26,37.76324,156850000,5923164213.31
2024-06-27,38.120522,157100000,5988734054.14
2024-06-28,38.396772,161700000,6208758094.22
2024-07-01,38.041185,157300000,5983878427.86
2024-07-02,38.193986,157300000,6007913996.29
2024-07-03,38.178054,157500000,6013043463.43
2024-07-05,38.300733,157300000,6024705329.75
2024-07-08,38.366012,157350000,6036891932.13
2024-07-09,38.39197,156650000,6014102082.88
2024-07-10,38.676767,157050000,6074186288.22
2024-07-11,39.705819,157250000,6243740039.34
2024-07-12,39.978127,157300000,6288559319.81
2024-07-15,40.1452,157250000,6312832731.94
2024-07-16,40.559992,157700000,6396310745.26
2024-07-17,40.88712,158550000,6482652858.87
2024-07-18,40.554764,158600000,6431985613.64
2024-07-19,40.505266,159400000,6456539455.25
2024-07-22,40.901238,159400000,6519657367.02
2024-07-23,40.83075,159400000,6508421555.58
2024-07-24,40.28361,159700000,6433292448.06
2024-07-25,40.053755,159750000,6398587419.98
2024-07-26,40.722137,161850000,6590877832.95
2024-07-29,40.974587,161100000,6601005924.1
2024-07-30,41.285338,161100000,6651067936.26
2024-07-31,41.164545,161100000,6631608219.07
2024-08-01,41.823774,161350000,6748265959.8
2024-08-02,41.861412,161450000,6758524909.02
2024-08-05,40.633309,161800000,6574469365.81
2024-08-06,41.565373,160900000,6687868450.6
2024-08-07,41.23322,165050000,6805542921.94
2024-08-08,41.599966,166850000,6940954325.31
2024-08-09,41.802899,171250000,7158746535.75
2024-08-12,41.548818,171950000,7144319226.96
2024-08-13,41.844284,172050000,7199309018.12
2024-08-14,42.00724,172050000,7227345709.61
2024-08-15,41.864336,172050000,7202758933.03
2024-08-16,41.848659,174500000,7302590993.03
2024-08-19,42.116986,174300000,7340990697.85
2024-08-20,42.142636,174300000,7345461486.71
2024-08-21,42.295517,173100000,7321353939.52
2024-08-22,42.536243,173100000,7363023606.74
2024-08-23,43.386507,173800000,7540574923.5
2024-08-26,43.334448,173800000,7531527001.4
2024-08-27,43.442678,173950000,7556853808.04
2024-08-28,43.288923,174100000,7536601464.13
2024-08-29,43.114959,175450000,7564519469.3
2024-08-30,43.541945,176000000,7663382339.81
2024-09-03,43.666837,176150000,7691913304.28
2024-09-04,43.77614,176550000,7728677437.03
2024-09-05,43.621081,176350000,7692577710.31
2024-09-06,43.623823,177200000,7730141446.4
2024-09-09,44.151824,177650000,7843571502.46
2024-09-10,44.931141,177650000,7982017252.02
2024-09-11,44.82601,178250000,7990236323.74
2024-09-12,44.876473,178250000,7999231297.37
2024-09-13,45.200301,178500000,8068253795.92
2024-09-16,45.352814,178500000,8095477259.09
2024-09-17,44.971034,178800000,8040820799.68
2024-09-18,44.85497,179000000,8029039628.6
2024-09-19,44.751696,180650000,8084393813.94
2024-09-20,44.679154,181600000,8113734298.59
2024-09-23,44.867372,181400000,8138941320.19
2024-09-24,44.84786,181000000,8117462701.68
2024-09-25,44.667902,181100000,8089357034.8
2024-09-26,44.206885,181200000,8010287499.38
2024-09-27,44.289067,180900000,8011892160.22
2024-09-30,44.666559,185850000,8301280024.06
2024-10-01,44.392115,185900000,8252494222.15
2024-10-02,44.226636,186250000,8237210891.03
2024-10-03,43.794137,181800000,7961774137.82
2024-10-04,43.51035,181750000,7908006126.99
2024-10-07,43.193064,183000000,7904330754.32
2024-10-08,43.313815,182250000,7893942745.47
2024-10-09,43.354391,182050000,7892666878.54
2024-10-10,42.97573,182500000,7843070736.11
2024-10-11,43.42886,182900000,7943138422.69
2024-10-14,43.724689,182900000,7997245561.06
2024-10-15,44.270069,182900000,8096995705.87
2024-10-16,44.718166,183450000,8203547485.71
2024-10-17,44.414247,183450000,8147793550.82
2024-10-18,44.738349,183600000,8213960900.28
2024-10-21,43.807351,184350000,8075885122.55
2024-10-22,43.875789,183600000,8055594786.64
2024-10-23,44.324063,183200000,8120168283.96
2024-10-24,44.420091,182900000,8124434734.71
2024-10-25,44.083242,183550000,8091479081.08
2024-10-28,44.205377,183550000,8113896956.09
2024-10-29,43.789243,183550000,8037515501.43
2024-10-30,43.958985,183150000,8051088056.93
2024-10-31,43.200196,185100000,7996356240.65
2024-11-01,42.737943,184450000,7883013511.92
2024-11-04,43.22934,184100000,7958521502.44
2024-11-05,43.818389,184100000,8066965435.77
2024-11-06,42.663518,184100000,7854353731.86
2024-11-07,43.170342,183250000,7910965168.28
2024-11-08,43.888355,179550000,7880154136.62
2024-11-11,43.535212,178550000,7773212047.03
2024-11-12,42.974768,175950000,7561410513.37
2024-11-13,43.318751,174550000,7561288069.26
2024-11-14,42.918941,174550000,7491501197.19
2024-11-15,42.987857,173600000,7462692054.72
2024-11-18,43.349955,173600000,7525552142.45
2024-11-19,43.544872,174450000,7596402936.4
2024-11-20,43.464929,174450000,7582456919.85
2024-11-21,43.744126,174650000,7639911545.87
2024-11-22,44.110053,175100000,7723670270.1
2024-11-25,44.674543,175100000,7822512437.16
2024-11-26,44.908933,174450000,7834363371.7
2024-11-27,45.208762,175500000,7934137689.27
2024-11-29,44.97807,176200000,7925135861.81
2024-12-02,44.339209,176800000,7839172119.93
2024-12-03,44.067568,176450000,7775722364.56
2024-12-04,43.935401,176450000,7752401514.74
2024-12-05,43.817567,176650000,7740373259.83
2024-12-06,43.798659,176750000,7741413057.91
2024-12-09,43.864051,176500000,7742005047.52
2024-12-10,43.148944,175650000,7579112030.14
2024-12-11,43.044878,174750000,7522092517.23
2024-12-12,43.008687,174500000,7505015938.52
2024-12-13,42.818934,173850000,7444071689.24
2024-12-16,42.623457,173850000,7410087946.21
2024-12-17,42.413486,173850000,7373584500.43
2024-12-18,40.735184,173400000,7063480945.73
2024-12-19,40.046188,173250000,6938002107.42
2024-12-20,40.773909,172050000,7015151019.63
2024-12-23,40.539336,171600000,6956550109.78
2024-12-24,40.828968,170800000,6973587817.23
2024-12-26,40.892779,170750000,6982442052.96
2024-12-27,40.5148,170600000,6911824899.44
2024-12-30,40.332182,170600000,6880670219.49
2024-12-31,40.677056,170400000,6931370365.84
2025-01-02,40.295858,170400000,6866414138.56
2025-01-03,40.842267,170350000,6957480192.93
2025-01-06,40.268617,170500000,6865799162.99
2025-01-07,39.977512,170600000,6820163474.58
2025-01-08,40.153792,170850000,6860275400.63
2025-01-10,39.171396,170850000,6692432980.48
2025-01-13,39.66106,170850000,6776092120.44
2025-01-14,40.010428,170850000,6835781594.06
2025-01-15,40.193527,171400000,6889170545.87
2025-01-16,41.090528,171400000,7042916447.68
2025-01-17,41.07303,171250000,7033756363.54
2025-01-21,41.824453,171250000,7162437652.63
2025-01-22,41.087562,171550000,7048571210.42
2025-01-23,41.425218,171300000,7096139910.48
2025-01-24,41.554341,171950000,7145269002.57
2025-01-27,41.969586,172600000,7243950518.16
2025-01-28,41.447667,172600000,7153867392.86
2025-01-29,40.954418,172850000,7078971182.39
2025-01-30,41.512076,172350000,7154606284.71
2025-01-31,41.42007,173150000,7171885045.5
2025-02-03,41.342421,173150000,7158440231.48
2025-02-04,41.344702,172100000,7115423172.06
2025-02-05,41.999476,171800000,7215509993.07
2025-02-06,42.127095,171800000,7237434930.17
2025-02-07,41.951786,171800000,7207316896.13
2025-02-10,42.029892,172300000,7241750311.63
2025-02-11,42.263588,172150000,7275676745.45
2025-02-12,41.877551,171800000,7194563237.85
2025-02-13,42.229115,171750000,7252850490.76
2025-02-14,42.050705,170300000,7161235014.67
2025-02-18,42.219886,170600000,7202712551.56
2025-02-19,42.288851,171500000,7252537952.21
2025-02-20,42.578893,171500000,7302280123.74
2025-02-21,42.236738,171000000,7222482258.53
2025-02-24,42.38687,170750000,7237558132.79
2025-02-25,42.887464,170750000,7323034440.22
2025-02-26,42.652688,171500000,7314935999.18
2025-02-27,42.820691,172600000,7390851282.97
2025-02-28,43.166628,172500000,7446243295.95
2025-03-03,43.509295,172400000,7501002485.54
2025-03-04,42.982753,174900000,7517683529.98
2025-03-05,43.416341,176300000,7654300913.91
2025-03-06,42.21005,177750000,7502836418.85
2025-03-07,42.47467,177750000,7549872528.73
2025-03-10,42.065336,177650000,7472906870.35
2025-03-11,41.630094,179300000,7464275825.92
2025-03-12,41.47502,177900000,7378406107.24
2025-03-13,40.667566,177400000,7214426216.46
2025-03-14,41.470425,180050000,7466749937.97
2025-03-17,42.163042,177650000,7490264323.71
2025-03-18,41.930015,177000000,7421612658.27
2025-03-19,41.960551,176500000,7406037240.69
2025-03-20,41.939037,177000000,7423209553.52
2025-03-21,41.508838,177900000,7384422312.49
2025-03-24,41.835485,177100000,7409064452.72
2025-03-25,41.326933,175950000,7271473946.69
2025-03-26,41.539487,175750000,7300564825.87
2025-03-27,41.440855,175750000,7283230239.04
2025-03-28,41.435509,174600000,7234639930.6
2025-03-31,41.856053,177650000,7435727791.83
2025-04-01,41.90536,175650000,7360676443.99
2025-04-02,42.103393,176350000,7424933327.35
2025-04-03,40.848876,176200000,7197571926.63
2025-04-04,38.960104,176300000,6868666247.22
2025-04-07,38.025211,175200000,6662017028.85
2025-04-08,37.089912,174000000,6453644691.98
2025-04-09,39.219721,174400000,6839919325.0
2025-04-10,38.410972,173850000,6677747520.67
2025-04-11,38.933915,173300000,6747247541.68
2025-04-14,39.770866,172800000,6872405716.29
2025-04-15,39.870617,172400000,6873694383.17
2025-04-16,39.807688,174000000,6926537732.27
2025-04-17,40.453277,174750000,7069210147.33
2025-04-21,39.610027,174950000,6929774261.05
2025-04-22,40.435995,174950000,7074277359.61
2025-04-23,40.487615,174950000,7083308328.32
2025-04-24,40.589935,176300000,7156005576.59
2025-04-25,40.538793,176600000,7159150904.61
2025-04-28,40.815997,177000000,7224431447.75
2025-04-29,41.119125,177350000,7292476737.93
2025-04-30,41.350832,177550000,7341840265.49
2025-05-01,41.422181,177600000,7356579408.17
2025-05-02,41.939631,177850000,7458963408.17
2025-05-05,41.877791,177000000,7412369021.19
2025-05-06,41.589316,177550000,7384183013.46
2025-05-07,41.57919,177600000,7384464216.18
2025-05-08,41.354951,177900000,7357045778.21
2025-05-09,41.621537,178150000,7414876811.54
2025-05-12,41.63637,178150000,7417519373.11
2025-05-13,41.09465,177300000,7286081382.3
2025-05-14,40.740231,177400000,7227316924.76
2025-05-15,41.487772,177550000,7366153887.7
2025-05-16,42.012782,177000000,7436262477.9
2025-05-19,42.104179,177500000,7473491834.08
2025-05-20,41.872646,176500000,7390522077.36
2025-05-21,40.787697,176400000,7194949726.61
2025-05-22,40.62466,176400000,7166190048.32
2025-05-23,40.641537,176150000,7159006810.24
2025-05-27,41.309748,176150000,7276712137.0
2025-05-28,41.30424,176150000,7275741882.8
2025-05-29,41.694177,176150000,7344429356.02
2025-05-30,41.756648,177300000,7403453645.12
2025-06-02,41.794752,179000000,7481260614.13
2025-06-03,41.631076,178750000,7441554818.78
2025-06-04,41.772299,178750000,7466798454.69
2025-06-05,41.742544,178750000,7461479751.38
2025-06-06,41.87591,178350000,7468568573.95
2025-06-09,41.872551,178350000,7467969470.38
2025-06-10,42.22145,178250000,7525973549.5
2025-06-11,41.994816,178400000,7491875241.52
2025-06-12,42.237501,178700000,7547841419.99
2025-06-13,41.888313,178450000,7474969452.37
2025-06-16,41.907701,178450000,7478429303.17
2025-06-17,41.774258,178550000,7458793709.48
2025-06-18,41.849343,178300000,7461737887.06
2025-06-20,41.823179,178300000,7457072895.51
2025-06-23,42.065569,178950000,7527633655.28
2025-06-24,42.248726,178250000,7530835463.7
2025-06-25,41.210445,178150000,7341640746.4
2025-06-26,40.953597,179400000,7347075319.38
2025-06-27,41.132478,179200000,7370939971.2
2025-06-30,41.444461,178700000,7406125245.8
2025-07-01,41.698279,178350000,7436887994.6
2025-07-02,41.766067,178400000,7451066295.41
2025-07-03,41.815533,179350000,7499615922.89
2025-07-07,41.476788,179650000,7451304982.56
2025-07-08,41.413961,179550000,7435876718.69
2025-07-09,41.403276,178850000,7404975871.14
2025-07-10,41.60779,178900000,7443633602.44
2025-07-11,41.578347,179200000,7450839760.87
2025-07-14,41.85625,179200000,7500640053.73
2025-07-15,41.32016,179200000,7404572618.18
2025-07-16,41.761101,179200000,7483589245.78
2025-07-17,41.695638,179200000,7471858371.02
2025-07-18,41.846216,181450000,7592995895.63
2025-07-21,41.993521,181850000,7636521833.12
2025-07-22,42.742977,181850000,7772810303.61
2025-07-23,42.819282,181550000,7773840689.12
2025-07-24,42.774391,181550000,7765690665.12
2025-07-25,42.781056,181850000,7779734951.1
2025-07-28,42.032395,181550000,7630981349.14
2025-07-29,42.746398,181550000,7760608582.31
2025-07-30,42.134705,181550000,7649555638.36
2025-07-31,41.403067,181100000,7498095480.9
2025-08-01,41.306794,181300000,7488921769.99
2025-08-04,41.640593,181600000,7561931686.52
2025-08-05,41.760871,181200000,7567069849.02
2025-08-06,41.420844,181150000,7503385945.26
2025-08-07,41.588058,183300000,7623090957.05
2025-08-08,41.247318,182300000,7519386116.3
2025-08-11,40.979969,182300000,7470648291.88
2025-08-12,41.088532,181500000,7457568529.87
2025-08-13,41.348513,181500000,7504755143.29
2025-08-14,41.049488,181500000,7450482105.96
2025-08-15,41.327951,181500000,7501023163.32
2025-08-18,40.936598,181500000,7429992449.98
2025-08-19,41.675088,181500000,7564028501.43
2025-08-20,41.833942,185850000,7774838071.41
2025-08-21,41.677902,181050000,7545784119.53
2025-08-22,42.353231,180750000,7655346583.9
2025-08-25,42.126701,180750000,7614401127.36
2025-08-26,41.991601,181500000,7621475629.43
2025-08-27,42.173845,181500000,7654552813.75
2025-08-28,42.062644,181600000,7638576223.99
2025-08-29,42.301422,183650000,7768656233.04
2025-09-02,41.576034,184650000,7677014680.11
2025-09-03,41.490309,184650000,7661185597.48
2025-09-04,41.75724,184400000,7700035138.77
2025-09-05,42.173188,185350000,7816800325.89
2025-09-08,41.887024,185050000,7751193727.45
2025-09-09,41.879057,184850000,7741343692.27
2025-09-10,41.848904,185100000,7746232167.71
2025-09-11,42.536268,185700000,7898984919.28
2025-09-12,42.336746,185700000,7861933806.66
2025-09-15,42.284532,190700000,8063660242.4
2025-09-16,42.040599,185850000,7813245310.42
2025-09-17,42.014505,186100000,7818899336.24
2025-09-18,42.057362,186450000,7841595104.73
2025-09-19,41.862823,186450000,7805323340.14
2025-09-22,41.666489,186850000,7785383561.8
2025-09-23,41.992451,187000000,7852588309.83
2025-09-24,41.566204,187250000,7783271694.28
2025-09-25,41.460272,187150000,7759289968.92
2025-09-26,41.892982,187250000,7844460797.6
2025-09-29,41.960342,187350000,7861270034.25
2025-09-30,42.153156,187250000,7893178514.96
2025-10-01,42.131648,187250000,7889151061.84
2025-10-02,41.911408,187250000,7847911079.7
2025-10-03,42.069632,187450000,7885952484.24
2025-10-06,41.641019,187450000,7805609008.2
2025-10-07,41.524689,187450000,7783802965.33
2025-10-08,41.314874,187450000,7744473217.17
2025-10-09,41.135279,187450000,7710808100.56
2025-10-10,40.68717,188400000,7665462775.67
2025-10-13,40.885759,189400000,7743762794.2
2025-10-14,41.309165,189400000,7823955864.02
2025-10-15,41.892647,189400000,7934467410.19
2025-10-16,41.775022,187900000,7849526691.1
2025-10-17,42.035865,189150000,7951083828.65
2025-10-20,42.477162,188550000,8009068982.44
2025-10-21,42.345061,188150000,7967223169.38
2025-10-22,42.526207,188600000,8020442708.5
2025-10-23,42.490502,189550000,8054074627.51
2025-10-24,42.634832,189200000,8066510197.22
2025-10-27,42.732178,189200000,8084928042.04
2025-10-28,41.775994,189200000,7904018077.35
2025-10-29,40.634635,186450000,7576327700.36
2025-10-30,40.864969,187100000,7645835690.84
2025-10-31,40.881525,186900000,7640756974.49
2025-11-03,40.811044,185050000,7552083771.83
2025-11-04,40.939237,185750000,7604463363.99
2025-11-05,40.920077,184900000,7566122187.28
2025-11-06,40.717557,184150000,7498138144.21
2025-11-07,41.277673,183000000,7553814219.93
2025-11-10,41.228896,183250000,7555195116.77
2025-11-11,41.683232,182850000,7621778951.47
2025-11-12,41.367311,182850000,7564012842.33
2025-11-13,40.825135,182700000,7458752235.79
2025-11-14,40.940399,184100000,7537127460.6
2025-11-17,40.679886,183300000,7456623158.67
2025-11-18,40.820589,183300000,7482413884.93
2025-11-19,40.518847,182950000,7412923069.36
2025-11-20,40.363525,182950000,7384506965.09
2025-11-21,40.901607,182400000,7460453138.87
2025-11-24,40.958283,182550000,7476934648.22
2025-11-25,41.277224,182700000,7541348901.65
2025-11-26,41.47663,184000000,7631699835.44
2025-11-28,41.64975,181800000,7571924616.68
2025-12-01,41.074879,181800000,7467412916.27
2025-12-02,40.99933,181750000,7451628302.41
2025-12-03,41.076485,181250000,7445112929.87
2025-12-04,41.006103,180800000,7413903411.81
2025-12-05,40.993083,181050000,7421797709.54
2025-12-08,40.728719,180650000,7357642997.36
2025-12-09,40.49027,180650000,7314567231.46
2025-12-10,40.561566,180650000,7327446815.15
2025-12-11,40.785035,181900000,7418797821.07
2025-12-12,40.743348,184600000,7521222052.81
2025-12-15,40.91534,184600000,7552971675.93
2025-12-16,40.557314,185450000,7521353886.7
2025-12-17,40.723902,190950000,7776229018.17
2025-12-18,40.482608,185700000,7517620388.7
2025-12-19,40.333467,186200000,7510091602.66
2025-12-22,40.196947,185950000,7474622289.82
2025-12-23,40.179935,185950000,7471458873.29
2025-12-24,40.455583,186000000,7524738424.99
2025-12-26,40.510985,185750000,7524915481.31
2025-12-29,40.631971,185750000,7547388611.25
2025-12-30,40.707262,184400000,7506419179.77
2025-12-31,40.349374,183000000,7383935410.55
2026-01-02,40.372448,182550000,7369990382.45
2026-01-05,40.426049,182450000,7375732639.4
2026-01-06,40.702857,182950000,7446587683.47
2026-01-07,40.126353,183650000,7369204801.39
2026-01-08,40.454956,184000000,7443711891.15
2026-01-09,40.506977,183750000,7443156941.84
2026-01-12,40.618484,183750000,7463646466.8
2026-01-13,40.939391,183950000,7530801036.44
2026-01-14,41.399278,183850000,7611257347.24
2026-01-15,41.704667,183450000,7650721138.03
2026-01-16,42.222887,170850000,7213780229.73
2026-01-20,41.390925,171500000,7098543587.42
2026-01-21,41.564486,172000000,7149091638.85
2026-01-22,41.135326,172000000,7075276084.08
2026-01-23,41.254392,172300000,7108131662.21
2026-01-26,41.225227,172050000,7092800366.49
2026-01-27,41.254933,172050000,7097911174.42
2026-01-28,40.840782,172050000,7026656498.71
2026-01-29,41.387989,172050000,7120803487.64
2026-01-30,41.430443,173900000,7204753999.23
2026-02-02,40.96114,174350000,7141574812.27
2026-02-03,40.818764,174350000,7116751525.84
2026-02-04,41.469759,174400000,7232325992.15
2026-02-05,41.244708,174450000,7195139295.38
2026-02-06,41.98583,172450000,7240456330.11
2026-02-09,42.24365,172400000,7282805239.94
2026-02-10,42.834477,172400000,7384663862.6
2026-02-11,42.806404,172850000,7399086865.55
2026-02-12,42.858806,172300000,7384572197.66
2026-02-13,43.496728,172900000,7520584249.42
2026-02-17,43.929188,174300000,7656857407.09
2026-02-18,43.349287,175000000,7586125273.89
2026-02-19,43.205366,175500000,7582541751.42
2026-02-20,43.541624,175950000,7661148774.67
2026-02-23,43.606262,176150000,7681243064.78
2026-02-24,43.718051,176350000,7709678324.97
2026-02-25,43.432217,175900000,7639726891.64
2026-02-26,43.633534,175500000,7657685223.35
2026-02-27,43.83281,175800000,7705808015.16
2026-03-02,43.943067,176250000,7744965548.22
2026-03-03,43.685619,176550000,7712695972.92
2026-03-04,43.769075,176500000,7725241731.84
2026-03-05,43.346082,176500000,7650583413.41
2026-03-06,42.903006,177300000,7606703049.78
2026-03-09,42.983546,178450000,7670413812.22
2026-03-10,42.912354,178550000,7662000752.6
2026-03-11,42.407235,178550000,7571811842.99
2026-03-12,42.142406,178550000,7524526594.46
2026-03-13,42.253598,177650000,7506351644.53
2026-03-16,42.572455,177800000,7569382484.31
2026-03-17,42.704786,178150000,7607857674.11
2026-03-18,42.002959,178250000,7487027444.9
2026-03-19,41.921103,183150000,7677850088.33
2026-03-20,40.603861,178400000,7243728830.72
2026-03-23,40.607344,177400000,7203742815.54
2026-03-24,40.287007,177650000,7156986843.43
2026-03-25,40.269879,176650000,7113674109.41
2026-03-26,40.296378,176250000,7102236626.8
2026-03-27,40.019184,179700000,7191447450.43
2026-03-30,40.201942,179300000,7208208178.13
2026-03-31,40.839797,178900000,7306239679.46
2026-04-01,40.961625,181150000,7420198398.03
2026-04-02,41.624822,179950000,7490386634.55
2026-04-06,41.746537,179950000,7512289338.01
2026-04-07,41.708834,180050000,7509675530.15
2026-04-08,42.421897,180250000,7646546864.21
2026-04-09,42.73735,180200000,7701270384.5
2026-04-10,42.812367,178800000,7654851209.21
2026-04-13,43.033539,179100000,7707306802.29
2026-04-14,43.440196,179250000,7786655084.48
2026-04-15,43.417295,179250000,7782550146.21
2026-04-16,43.823881,179250000,7855430667.78
2026-04-17,44.500651,179600000,7992316987.75
2026-04-20,44.637492,179150000,7996806732.4
2026-04-21,43.752027,179150000,7838175555.07
2026-04-22,43.464627,178800000,7771475296.3
2026-04-23,43.984992,178000000,7829328612.55
2026-04-24,43.816722,178050000,7801567423.8
2026-04-27,43.456116,178500000,7756916724.82
2026-04-28,43.917381,178950000,7859015359.08
2026-04-29,43.631045,178950000,7807775539.96
2026-04-30,44.404092,173700000,7712990702.79
2026-05-01,44.302176,174000000,7708578559.84
2026-05-04,44.060531,174850000,7703983795.6
2026-05-05,44.156141,175100000,7731740254.71
2026-05-06,44.753203,175850000,7869850666.98
2026-05-07,44.380357,177650000,7884170480.8
2026-05-08,44.420322,178550000,7931248418.97
2026-05-11,44.576595,178600000,7961379932.84
2026-05-12,44.580614,177650000,7919746029.42
2026-05-13,44.193836,177750000,7855454430.6
2026-05-14,43.895129,179500000,7879175578.67
2026-05-15,43.208121,179100000,7738574543.16
2026-05-18,43.741548,179400000,7847233796.63
2026-05-19,43.930225,179400000,7881082436.31
2026-05-20,44.457134,179350000,7973386914.89
2026-05-21,44.509531,178900000,7962755059.25
2026-05-22,44.561648,179250000,7987675440.24
2026-05-26,44.708189,179500000,8025119923.48
2026-05-27,44.608719,180350000,8045182555.22
2026-05-28,44.397655,180350000,8007117149.85
2026-05-29,43.987634,180700000,7948565447.56
2026-06-01,43.287915,180650000,7819961809.57
2026-06-02,43.474961,180350000,7840709215.9
2026-06-03,43.487541,179200000,7792967370.15
2026-06-04,44.411121,178600000,7931826297.86
2026-06-05,44.710717,177950000,7956272030.11
2026-06-08,44.02671,177000000,7792727743.56
2026-06-09,44.987352,177800000,7998751191.95
2026-06-10,44.993135,178050000,8011027629.74
2026-06-11,44.910171,178950000,8036675077.41
2026-06-12,45.362483,180200000,8174319362.62
2026-06-15,44.982666,180200000,8105876378.42
2026-06-16,45.078935,180150000,8120970094.83
2026-06-17,43.964186,180450000,7933337372.15
2026-06-18,43.858043,180450000,7914183849.67
2026-06-22,44.025303,182200000,8021410146.29
2026-06-23,44.629169,182350000,8138129050.05
2026-06-24,44.48753,181150000,8058915972.86
2026-06-25,44.577828,181750000,8102020219.56
2026-06-26,45.249436,182350000,8251234712.2
2026-06-29,44.928829,183600000,8248932985.07
2026-06-30,44.022572,184050000,8102354358.44
2026-07-01,44.16252,185500000,8192147416.24
2026-07-02,44.696297,186000000,8313511243.79
2026-07-06,44.278795,186750000,8269064892.19
2026-07-07,44.90194,187850000,8434829435.33
2026-07-08,44.149346,187450000,8275794965.61
2026-07-09,44.222108,188400000,8331445117.29
2026-07-10,44.454519,189050000,8404126816.53
2026-07-13,44.683273,189050000,8447372744.2
2026-07-14,44.48231,189050000,8409380672.16
2026-07-15,44.551647,189150000,8426944033.0
2026-07-16,45.474444,189150000,8601491151.66
2026-07-17,45.434948,189750000,8621281461.82
2026-07-20,45.227767,190000000,8593275729.53
2026-07-21,45.200878,189900000,8583646700.92
2026-07-22,44.999545,189900000,8545413652.44
2026-07-23,44.93612,189800000,8528875585.5
2026-07-24,45.936553,190650000,8757803844.86
2026-07-27,45.761806,190700000,8726776481.57
2026-07-28,45.981381,190950000,8780144715.65
2026-07-29,45.937454,192150000,8826881716.63
2026-07-30,45.297274,191050000,8654044170.98
2026-07-31,45.034363,190150000,8563284056.67
2026-08-03,45.173352,191050000,8630368976.46
2026-08-04,45.158191,192000000,8670372634.04
2026-08-05,45.20014,192350000,8694247006.77
2026-08-06,44.786432,192350000,8614670143.15
2026-08-07,44.996462,192150000,8646070226.7
2026-08-10,44.410224,192150000,8533424630.95
