date,nav,shares_outstanding,total_net_assets
2003-12-01,22.19,,
2003-12-02,22.16,,
2003-12-03,22.13,,
2003-12-04,22.25,,
2003-12-05,22.28,,
2003-12-08,22.45,,
2003-12-09,22.25,,
2003-12-10,22.25,,
2003-12-11,22.37,,
2003-12-12,22.42,,
2003-12-15,22.43,,
2003-12-16,22.53,,
2003-12-17,22.66,,
2003-12-18,22.91,,
2003-12-19,22.78,,
2003-12-22,22.96,,
2003-12-23,23.09,,
2003-12-24,23.06,,
2003-12-26,23.06,,
2003-12-29,23.28,,
2003-12-30,23.36,,
2003-12-31,23.29,,
2004-01-02,23.28,,
2004-01-05,23.28,,
2004-01-06,23.22,,
2004-01-07,23.4,,
2004-01-08,23.4,,
2004-01-09,23.32,,
2004-01-12,23.24,,
2004-01-13,23.21,,
2004-01-14,23.43,,
2004-01-15,23.28,,
2004-01-16,23.34,,
2004-01-20,23.54,,
2004-01-21,23.93,,
2004-01-22,23.91,,
2004-01-23,23.82,,
2004-01-26,23.69,,
2004-01-27,23.57,,
2004-01-28,23.72,,
2004-01-29,23.81,,
2004-01-30,23.77,,
2004-02-02,23.72,,
2004-02-03,23.86,,
2004-02-04,23.53,,
2004-02-05,23.37,,
2004-02-06,23.6,,
2004-02-09,23.7,,
2004-02-10,23.88,,
2004-02-11,23.98,,
2004-02-12,23.85,,
2004-02-13,23.73,,
2004-02-17,23.99,,
2004-02-18,24.02,,
2004-02-19,23.87,,
2004-02-20,23.7,,
2004-02-23,23.75,,
2004-02-24,23.65,,
2004-02-25,23.87,,
2004-02-26,23.96,,
2004-02-27,24.23,,
2004-03-01,24.42,,
2004-03-02,24.32,,
2004-03-03,24.32,,
2004-03-04,24.39,,
2004-03-05,24.57,,
2004-03-08,24.49,,
2004-03-09,24.44,,
2004-03-10,24.18,,
2004-03-11,23.84,,
2004-03-12,24.03,,
2004-03-15,23.99,,
2004-03-16,24.12,,
2004-03-17,24.55,,
2004-03-18,24.44,,
2004-03-19,24.14,,
2004-03-22,23.87,,
2004-03-23,23.85,,
2004-03-24,23.83,,
2004-03-25,23.89,,
2004-03-26,23.93,,
2004-03-29,24.08,,
2004-03-30,24.23,,
2004-03-31,24.27,,
2004-04-01,24.41,,
2004-04-02,24.34,,
2004-04-05,24.37,,
2004-04-06,24.38,,
2004-04-07,24.18,,
2004-04-08,24.12,,
2004-04-12,23.73,,
2004-04-13,23.32,,
2004-04-14,23.27,,
2004-04-15,23.4,,
2004-04-16,23.52,,
2004-04-19,23.42,,
2004-04-20,23.25,,
2004-04-21,23.22,,
2004-04-22,23.51,,
2004-04-23,23.53,,
2004-04-26,23.67,,
2004-04-27,23.63,,
2004-04-28,23.65,,
2004-04-29,23.37,,
2004-04-30,23.37,,
2004-05-03,23.48,,
2004-05-04,23.53,,
2004-05-05,23.38,,
2004-05-06,23.4,,
2004-05-07,22.77,,
2004-05-10,22.43,,
2004-05-11,22.36,,
2004-05-12,22.35,,
2004-05-13,22.39,,
2004-05-14,22.59,,
2004-05-17,22.34,,
2004-05-18,22.53,,
2004-05-19,22.4,,
2004-05-20,22.55,,
2004-05-21,22.57,,
2004-05-24,22.88,,
2004-05-25,23.29,,
2004-05-26,23.31,,
2004-05-27,23.31,,
2004-05-28,23.58,,
2004-06-01,23.51,,
2004-06-02,23.55,,
2004-06-03,23.35,,
2004-06-04,23.39,,
2004-06-07,23.61,,
2004-06-08,23.42,,
2004-06-09,23.21,,
2004-06-10,23.37,,
2004-06-14,23.26,,
2004-06-15,23.39,,
2004-06-16,23.5,,
2004-06-17,23.63,,
2004-06-18,23.51,,
2004-06-21,23.67,,
2004-06-22,23.65,,
2004-06-23,23.82,,
2004-06-24,23.87,,
2004-06-25,23.77,,
2004-06-28,23.82,,
2004-06-29,23.6,,
2004-06-30,23.73,,
2004-07-01,23.5,,
2004-07-02,23.71,,
2004-07-06,23.71,,
2004-07-07,23.71,,
2004-07-08,23.67,,
2004-07-09,23.58,,
2004-07-12,23.6,,
2004-07-13,23.61,,
2004-07-14,23.84,,
2004-07-15,23.89,,
2004-07-16,24.07,,
2004-07-19,24.19,,
2004-07-20,24.28,,
2004-07-21,23.84,,
2004-07-22,23.69,,
2004-07-23,23.59,,
2004-07-26,23.51,,
2004-07-27,23.52,,
2004-07-28,23.75,,
2004-07-29,23.97,,
2004-07-30,24.11,,
2004-08-02,24.28,,
2004-08-03,24.29,,
2004-08-04,24.43,,
2004-08-05,24.18,,
2004-08-06,24.38,,
2004-08-09,24.29,,
2004-08-10,24.44,,
2004-08-11,24.57,,
2004-08-12,24.53,,
2004-08-13,24.44,,
2004-08-16,24.6,,
2004-08-17,24.57,,
2004-08-18,24.84,,
2004-08-19,24.65,,
2004-08-20,24.73,,
2004-08-23,24.65,,
2004-08-24,24.66,,
2004-08-25,24.81,,
2004-08-26,24.78,,
2004-08-27,24.8,,
2004-08-30,24.83,,
2004-08-31,25.09,,
2004-09-01,25.14,,
2004-09-02,25.26,,
2004-09-03,25.17,,
2004-09-07,25.33,,
2004-09-08,25.11,,
2004-09-09,25.19,,
2004-09-10,25.25,,
2004-09-13,25.08,,
2004-09-14,25.07,,
2004-09-15,25.06,,
2004-09-16,25.27,,
2004-09-17,25.15,,
2004-09-20,25.08,,
2004-09-21,25.17,,
2004-09-22,25.08,,
2004-09-23,24.88,,
2004-09-24,24.89,,
2004-09-27,24.94,,
2004-09-28,25.1,,
2004-09-29,25.02,,
2004-09-30,25.1,,
2004-10-01,25.3,,
2004-10-04,25.37,,
2004-10-05,25.42,,
2004-10-06,25.59,,
2004-10-07,25.41,,
2004-10-08,25.52,,
2004-10-11,25.51,,
2004-10-12,25.64,,
2004-10-13,25.33,,
2004-10-14,25.32,,
2004-10-15,25.58,,
2004-10-18,25.44,,
2004-10-19,25.29,,
2004-10-20,25.43,,
2004-10-21,25.45,,
2004-10-22,25.64,,
2004-10-25,26.05,,
2004-10-26,26.38,,
2004-10-27,26.25,,
2004-10-28,26.16,,
2004-10-29,26.31,,
2004-11-01,26.44,,
2004-11-02,26.0,,
2004-11-03,26.52,,
2004-11-04,27.09,,
2004-11-05,26.94,,
2004-11-08,27.19,,
2004-11-09,27.19,,
2004-11-10,27.17,,
2004-11-11,27.46,,
2004-11-12,27.82,,
2004-11-15,27.65,,
2004-11-16,27.63,,
2004-11-17,27.4,,
2004-11-18,27.43,,
2004-11-19,27.34,,
2004-11-22,27.75,,
2004-11-23,27.89,,
2004-11-24,28.0,,
2004-11-26,28.07,,
2004-11-29,27.76,,
2004-11-30,27.42,,
2004-12-01,27.2,,
2004-12-02,26.9,,
2004-12-03,27.1,,
2004-12-06,27.33,,
2004-12-07,27.07,,
2004-12-08,26.97,,
2004-12-09,27.0,,
2004-12-10,27.07,,
2004-12-13,27.5,,
2004-12-14,27.57,,
2004-12-15,27.75,,
2004-12-16,27.74,,
2004-12-17,27.49,,
2004-12-20,27.73,,
2004-12-21,27.95,,
2004-12-22,28.02,,
2004-12-23,27.97,,
2004-12-27,27.76,,
2004-12-28,27.93,,
2004-12-29,27.97,,
2004-12-30,28.03,,
2004-12-31,27.86,,
2005-01-03,27.54,,
2005-01-04,27.31,,
2005-01-05,27.04,,
2005-01-06,27.11,,
2005-01-07,27.03,,
2005-01-10,27.23,,
2005-01-11,27.12,,
2005-01-12,27.21,,
2005-01-13,27.35,,
2005-01-14,27.55,,
2005-01-18,27.79,,
2005-01-19,27.69,,
2005-01-20,27.6,,
2005-01-21,27.47,,
2005-01-24,27.71,,
2005-01-25,27.51,,
2005-01-26,27.93,,
2005-01-27,28.07,,
2005-01-28,28.12,,
2005-01-31,28.43,,
2005-02-01,28.65,,
2005-02-02,28.75,,
2005-02-03,28.83,,
2005-02-04,29.17,,
2005-02-07,29.07,,
2005-02-08,29.18,,
2005-02-09,29.08,,
2005-02-10,29.1,,
2005-02-11,29.11,,
2005-02-14,29.39,,
2005-02-15,29.28,,
2005-02-16,29.43,,
2005-02-17,29.34,,
2005-02-18,28.97,,
2005-02-22,28.25,,
2005-02-23,28.46,,
2005-02-24,28.73,,
2005-02-25,29.25,,
2005-02-28,29.03,,
2005-03-01,29.17,,
2005-03-02,29.17,,
2005-03-03,29.22,,
2005-03-04,29.72,,
2005-03-07,29.93,,
2005-03-08,29.76,,
2005-03-09,29.2,,
2005-03-10,29.45,,
2005-03-11,29.2,,
2005-03-14,29.73,,
2005-03-15,29.57,,
2005-03-16,29.3,,
2005-03-17,29.49,,
2005-03-18,29.19,,
2005-03-21,29.15,,
2005-03-22,28.62,,
2005-03-23,28.4,,
2005-03-24,28.73,,
2005-03-28,28.78,,
2005-03-29,28.43,,
2005-03-30,28.83,,
2005-03-31,29.13,,
2005-04-01,29.24,,
2005-04-04,29.3,,
2005-04-05,29.51,,
2005-04-06,29.45,,
2005-04-07,29.64,,
2005-04-08,29.42,,
2005-04-11,29.73,,
2005-04-12,30.03,,
2005-04-13,29.82,,
2005-04-14,29.51,,
2005-04-15,28.98,,
2005-04-18,29.13,,
2005-04-19,29.49,,
2005-04-20,29.22,,
2005-04-21,29.57,,
2005-04-22,29.69,,
2005-04-25,29.9,,
2005-04-26,29.57,,
2005-04-27,29.78,,
2005-04-28,29.61,,
2005-04-29,30.04,,
2005-05-02,30.16,,
2005-05-03,30.01,,
2005-05-04,30.07,,
2005-05-05,29.9,,
2005-05-06,29.85,,
2005-05-09,30.08,,
2005-05-10,29.88,,
2005-05-11,29.96,,
2005-05-12,29.68,,
2005-05-13,29.2,,
2005-05-16,29.34,,
2005-05-17,29.7,,
2005-05-18,29.75,,
2005-05-19,29.86,,
2005-05-20,29.86,,
2005-05-23,29.77,,
2005-05-24,29.79,,
2005-05-25,29.79,,
2005-05-26,29.89,,
2005-05-27,30.04,,
2005-05-31,30.08,,
2005-06-01,30.4,,
2005-06-02,30.37,,
2005-06-03,30.4,,
2005-06-06,30.43,,
2005-06-07,30.51,,
2005-06-08,30.55,,
2005-06-09,30.59,,
2005-06-10,30.73,,
2005-06-13,30.85,,
2005-06-14,30.96,,
2005-06-15,30.81,,
2005-06-16,30.77,,
2005-06-17,30.84,,
2005-06-20,30.92,,
2005-06-21,30.94,,
2005-06-22,31.21,,
2005-06-23,31.32,,
2005-06-24,31.09,,
2005-06-27,31.27,,
2005-06-28,31.61,,
2005-06-29,31.52,,
2005-06-30,31.56,,
2005-07-01,31.86,,
2005-07-05,31.91,,
2005-07-06,31.38,,
2005-07-07,31.62,,
2005-07-08,31.95,,
2005-07-11,32.2,,
2005-07-12,32.29,,
2005-07-13,32.35,,
2005-07-14,32.03,,
2005-07-15,32.02,,
2005-07-18,31.94,,
2005-07-19,32.04,,
2005-07-20,32.18,,
2005-07-21,31.63,,
2005-07-22,31.93,,
2005-07-25,31.86,,
2005-07-26,31.89,,
2005-07-27,32.03,,
2005-07-28,32.28,,
2005-07-29,32.26,,
2005-08-01,31.89,,
2005-08-02,32.57,,
2005-08-03,32.71,,
2005-08-04,32.45,,
2005-08-05,31.88,,
2005-08-08,31.24,,
2005-08-09,31.54,,
2005-08-10,31.58,,
2005-08-11,31.82,,
2005-08-12,31.72,,
2005-08-15,31.83,,
2005-08-16,31.38,,
2005-08-17,31.3,,
2005-08-18,31.44,,
2005-08-19,31.63,,
2005-08-22,31.87,,
2005-08-23,32.07,,
2005-08-24,31.93,,
2005-08-25,32.23,,
2005-08-26,32.11,,
2005-08-29,32.29,,
2005-08-30,32.27,,
2005-08-31,32.54,,
2005-09-01,32.99,,
2005-09-02,32.96,,
2005-09-06,33.35,,
2005-09-07,33.33,,
2005-09-08,33.03,,
2005-09-09,33.42,,
2005-09-12,33.35,,
2005-09-13,33.12,,
2005-09-14,33.27,,
2005-09-15,33.53,,
2005-09-16,33.6,,
2005-09-19,33.54,,
2005-09-20,33.32,,
2005-09-21,32.82,,
2005-09-22,32.58,,
2005-09-23,32.68,,
2005-09-26,32.86,,
2005-09-27,32.96,,
2005-09-28,33.28,,
2005-09-29,33.63,,
2005-09-30,33.58,,
2005-10-03,33.92,,
2005-10-04,33.37,,
2005-10-05,32.4,,
2005-10-06,31.98,,
2005-10-07,32.3,,
2005-10-10,31.72,,
2005-10-11,31.74,,
2005-10-12,31.22,,
2005-10-13,30.54,,
2005-10-14,30.85,,
2005-10-17,31.27,,
2005-10-18,30.66,,
2005-10-19,30.77,,
2005-10-20,29.98,,
2005-10-21,30.36,,
2005-10-24,31.14,,
2005-10-25,31.17,,
2005-10-26,30.77,,
2005-10-27,30.45,,
2005-10-28,31.11,,
2005-10-31,31.46,,
2005-11-01,30.83,,
2005-11-02,31.0,,
2005-11-03,30.97,,
2005-11-04,30.93,,
2005-11-07,30.87,,
2005-11-08,30.84,,
2005-11-09,31.12,,
2005-11-10,30.97,,
2005-11-11,30.67,,
2005-11-14,30.46,,
2005-11-15,30.53,,
2005-11-16,30.75,,
2005-11-17,31.21,,
2005-11-18,31.22,,
2005-11-21,31.28,,
2005-11-22,31.33,,
2005-11-23,31.6,,
2005-11-25,31.75,,
2005-11-28,31.64,,
2005-11-29,31.69,,
2005-11-30,31.39,,
2005-12-01,31.6,,
2005-12-02,31.54,,
2005-12-05,31.56,,
2005-12-06,31.51,,
2005-12-07,31.28,,
2005-12-08,31.62,,
2005-12-09,31.95,,
2005-12-12,31.75,,
2005-12-13,32.15,,
2005-12-14,32.5,,
2005-12-15,32.57,,
2005-12-16,32.31,,
2005-12-19,31.87,,
2005-12-20,31.97,,
2005-12-21,31.61,,
2005-12-22,31.8,,
2005-12-23,31.83,,
2005-12-27,31.7,,
2005-12-28,31.61,,
2005-12-29,31.56,,
2005-12-30,31.44,,
2006-01-03,32.06,,
2006-01-04,32.08,,
2006-01-05,31.87,,
2006-01-06,32.18,,
2006-01-09,32.03,,
2006-01-10,32.05,,
2006-01-11,31.96,,
2006-01-12,31.96,,
2006-01-13,32.2,,
2006-01-17,32.53,,
2006-01-18,32.6,,
2006-01-19,32.89,,
2006-01-20,32.65,,
2006-01-23,32.69,,
2006-01-24,32.93,,
2006-01-25,32.47,,
2006-01-26,32.19,,
2006-01-27,32.38,,
2006-01-30,32.17,,
2006-01-31,32.21,,
2006-02-01,32.29,,
2006-02-02,31.85,,
2006-02-03,31.66,,
2006-02-06,31.82,,
2006-02-07,31.67,,
2006-02-08,31.62,,
2006-02-09,31.77,,
2006-02-10,31.76,,
2006-02-13,31.74,,
2006-02-14,31.71,,
2006-02-15,31.77,,
2006-02-16,32.0,,
2006-02-17,32.32,,
2006-02-21,32.39,,
2006-02-22,32.57,,
2006-02-23,32.42,,
2006-02-24,32.51,,
2006-02-27,32.82,,
2006-02-28,32.56,,
2006-03-01,32.46,,
2006-03-02,32.42,,
2006-03-03,32.39,,
2006-03-06,31.69,,
2006-03-07,31.6,,
2006-03-08,31.66,,
2006-03-09,31.5,,
2006-03-10,31.68,,
2006-03-13,31.84,,
2006-03-14,32.14,,
2006-03-15,32.27,,
2006-03-16,32.49,,
2006-03-17,32.09,,
2006-03-20,31.71,,
2006-03-21,31.41,,
2006-03-22,31.63,,
2006-03-23,31.55,,
2006-03-24,31.51,,
2006-03-27,31.26,,
2006-03-28,31.13,,
2006-03-29,31.38,,
2006-03-30,31.05,,
2006-03-31,30.83,,
2006-04-03,30.9,,
2006-04-04,31.24,,
2006-04-05,31.52,,
2006-04-06,31.06,,
2006-04-07,30.58,,
2006-04-10,30.65,,
2006-04-11,30.33,,
2006-04-12,30.38,,
2006-04-13,30.23,,
2006-04-17,30.22,,
2006-04-18,30.84,,
2006-04-19,30.88,,
2006-04-20,31.14,,
2006-04-21,31.26,,
2006-04-24,31.48,,
2006-04-25,31.07,,
2006-04-26,30.79,,
2006-04-27,31.21,,
2006-04-28,31.31,,
2006-05-01,31.02,,
2006-05-02,31.57,,
2006-05-03,31.39,,
2006-05-04,31.47,,
2006-05-05,32.13,,
2006-05-08,31.93,,
2006-05-09,31.68,,
2006-05-10,31.9,,
2006-05-11,31.61,,
2006-05-12,31.3,,
2006-05-15,31.45,,
2006-05-16,31.32,,
2006-05-17,30.79,,
2006-05-18,30.83,,
2006-05-19,31.09,,
2006-05-22,31.35,,
2006-05-23,30.89,,
2006-05-24,31.04,,
2006-05-25,31.32,,
2006-05-26,31.66,,
2006-05-30,31.34,,
2006-05-31,31.802683,69633629,2214536244.96
2006-06-01,32.165967,69983629,2251091086.2
2006-06-02,32.522312,69283629,2253263791.32
2006-06-05,32.232282,69283629,2233169466.11
2006-06-06,32.228907,67333629,2170089290.02
2006-06-07,32.079223,66783629,2142366904.31
2006-06-08,32.255686,66783629,2154151771.26
2006-06-09,32.470397,73083629,2373054440.85
2006-06-12,32.55507,73083629,2379242642.1
2006-06-13,32.138987,76683629,2464534165.93
2006-06-14,31.949562,80383629,2568221730.43
2006-06-15,32.386065,80383629,2603309411.28
2006-06-16,32.103561,78383629,2516393604.49
2006-06-19,31.691572,78983629,2503115331.36
2006-06-20,31.769005,77183629,2452047091.68
2006-06-21,31.738493,76933629,2441757480.69
2006-06-22,31.596261,76933629,2430815022.03
2006-06-23,31.615454,75383629,2383287688.38
2006-06-26,31.759178,74783629,2375066620.5
2006-06-27,31.632568,75133629,2376669645.52
2006-06-28,31.785375,74533629,2369079343.46
2006-06-29,32.19974,73633629,2370983724.03
2006-06-30,32.289505,74883629,2417955284.19
2006-07-03,32.5999,73583629,2398818928.39
2006-07-05,32.439432,73933629,2398364963.93
2006-07-06,32.312561,73933629,2388984926.65
2006-07-07,32.54225,72933629,2373424358.77
2006-07-10,32.709918,72933629,2385653011.61
2006-07-11,32.923827,73483629,2419362320.53
2006-07-12,32.689123,73333629,2397212001.72
2006-07-13,32.62506,73333629,2392514011.39
2006-07-14,32.636359,74333629,2425979017.85
2006-07-17,32.737293,75533629,2472766533.0
2006-07-18,32.822051,76333629,2505426276.31
2006-07-19,33.257021,81233629,2701588505.52
2006-07-20,33.408233,78433629,2620328975.97
2006-07-21,33.507039,78433629,2628078634.08
2006-07-24,33.783189,78233629,2642981501.58
2006-07-25,33.930944,77983629,2646058153.89
2006-07-26,34.055967,77983629,2655807889.77
2006-07-27,33.812229,77983629,2636800341.93
2006-07-28,33.989949,77983629,2650659550.92
2006-07-31,33.869711,79133629,2680233178.65
2006-08-01,34.230948,79133629,2708819152.83
2006-08-02,34.20315,81135925,2775104220.61
2006-08-03,34.051577,78435925,2670866911.5
2006-08-04,34.023249,78335925,2665242683.14
2006-08-07,33.670891,77885925,2622488528.57
2006-08-08,33.955723,77885925,2644672872.54
2006-08-09,33.985746,77735925,2641913382.62
2006-08-10,33.968766,77585925,2635498148.08
2006-08-11,33.915036,77585925,2631329420.78
2006-08-14,34.074904,77585925,2643732934.55
2006-08-15,34.340095,78185925,2684912074.41
2006-08-16,34.009065,78135925,2657329766.55
2006-08-17,33.909754,77585925,2630919623.74
2006-08-18,34.30331,76935925,2639156847.28
2006-08-21,34.345356,76935925,2642391697.22
2006-08-22,34.571212,76935925,2659768139.34
2006-08-23,34.235734,76935925,2633957890.29
2006-08-24,34.341802,77135925,2648986697.16
2006-08-25,34.320401,77135925,2647335857.46
2006-08-28,34.595257,78785925,2725619289.82
2006-08-29,34.634608,79285925,2746036893.68
2006-08-30,34.397691,81835925,2814966855.03
2006-08-31,34.821117,81835925,2849618319.41
2006-09-01,34.773674,81835925,2845735769.36
2006-09-05,34.45682,77335925,2664750036.71
2006-09-06,34.298785,76185925,2613084634.75
2006-09-07,34.293053,75335925,2583498864.09
2006-09-08,34.348013,75335925,2587639335.13
2006-09-11,34.243736,74335925,2545539816.2
2006-09-12,34.016746,72585925,2469136966.38
2006-09-13,34.112146,75785925,2585220502.12
2006-09-14,33.927818,80035925,2715444305.47
2006-09-15,33.7426,72285925,2439115048.39
2006-09-18,33.583114,77535925,2603897812.65
2006-09-19,33.708253,80535925,2714725303.49
2006-09-20,33.640262,86235925,2900999086.56
2006-09-21,33.556496,87435925,2934043268.99
2006-09-22,33.518384,90685925,3039645618.55
2006-09-25,33.988376,91085925,3095862689.37
2006-09-26,33.998053,91085925,3096744084.03
2006-09-27,34.421876,86735925,2985613238.25
2006-09-28,34.312364,86738644,2976207944.85
2006-09-29,33.965914,88138644,2993709576.58
2006-10-02,34.192359,88138644,3013668124.39
2006-10-03,34.355729,88638644,3045245256.38
2006-10-04,34.501627,86488644,2983998962.73
2006-10-05,34.400453,81838644,2815286444.01
2006-10-06,34.165005,80788644,2760144406.79
2006-10-09,34.179506,80538644,2752771039.91
2006-10-10,34.405281,81338644,2798478873.55
2006-10-11,34.478855,81738644,2818254836.62
2006-10-12,34.560012,81738644,2824888520.57
2006-10-13,34.535048,80688644,2786586157.19
2006-10-16,34.674851,80438644,2789197990.15
2006-10-17,34.917264,78688644,2747592125.02
2006-10-18,35.266342,80188644,2827960128.33
2006-10-19,35.422502,80788644,2861735904.34
2006-10-20,35.63605,81888644,2918187844.43
2006-10-23,35.75517,81488644,2913640351.71
2006-10-24,35.715857,81988644,2928294662.14
2006-10-25,36.037898,78038644,2812348667.1
2006-10-26,35.913418,81838644,2939105467.7
2006-10-27,35.725237,82988644,2964788944.79
2006-10-30,35.740489,85488644,3055405977.09
2006-10-31,35.790814,84738644,3032865008.77
2006-11-01,36.05487,84888644,3060649004.19
2006-11-02,35.805986,88038644,3152310485.06
2006-11-03,35.551457,88038644,3129902082.91
2006-11-06,35.412373,88488644,3133592845.49
2006-11-07,35.329944,91238644,3223456158.01
2006-11-08,35.661495,91238644,3253706464.57
2006-11-09,35.68104,90988644,3246569410.49
2006-11-10,35.912625,85988644,3088077964.04
2006-11-13,35.943362,84488644,3036805928.86
2006-11-14,36.033402,84488644,3044413240.4
2006-11-15,35.898965,85188644,3058184109.59
2006-11-16,36.007453,84838644,3054823503.44
2006-11-17,36.053816,84588644,3049743397.88
2006-11-20,35.964478,84838644,3051177570.68
2006-11-21,36.005341,85038644,3061845383.2
2006-11-22,36.100951,85038644,3069975949.45
2006-11-24,36.15284,84788644,3065350297.86
2006-11-27,35.832454,84788644,3038185195.86
2006-11-28,36.04399,78688644,2836252664.35
2006-11-29,36.535461,79188644,2893193619.09
2006-11-30,36.635341,79188644,2901102944.37
2006-12-01,36.756494,79888644,2936426461.86
2006-12-04,37.121915,79488644,2950770717.41
2006-12-05,37.200349,79488644,2957005262.01
2006-12-06,36.996901,80788644,2988929469.9
2006-12-07,36.836544,80788644,2975974468.64
2006-12-08,36.763625,80538644,2960892504.07
2006-12-11,36.923788,80388644,2968253252.19
2006-12-12,37.095024,80288644,2978309151.38
2006-12-13,37.242267,80288644,2990131139.53
2006-12-14,37.354777,79788644,2980486971.25
2006-12-15,36.943146,73788644,2725984649.03
2006-12-18,36.662912,79938644,2930783431.42
2006-12-19,36.868734,79938644,2947236593.49
2006-12-20,36.739554,79938644,2936910141.88
2006-12-21,36.661404,79938644,2930662930.3
2006-12-22,36.578143,81138644,2967900892.75
2006-12-26,36.777872,81138644,2984106628.02
2006-12-27,36.897556,80688644,2977213759.59
2006-12-28,36.764073,81241586,2986771635.9
2006-12-29,36.707203,81241586,2982151381.95
2007-01-03,36.860844,81541586,3005691670.96
2007-01-04,36.744365,82791586,3042124241.02
2007-01-05,36.087041,81791586,2951616348.63
2007-01-08,36.022583,81791586,2946344229.92
2007-01-09,36.066409,81791586,2949928824.71
2007-01-10,36.152024,82291586,2975007374.48
2007-01-11,36.110693,82241586,2969800644.08
2007-01-12,35.843902,82241586,2947859358.08
2007-01-16,35.970142,77741586,2796375869.22
2007-01-17,35.996974,84891586,3055840245.14
2007-01-18,35.944553,80341586,2887842421.2
2007-01-19,36.090926,78091586,2818397686.25
2007-01-22,36.029518,78291586,2820808131.02
2007-01-23,36.190136,76841586,2780907457.41
2007-01-24,36.458666,76691586,2796072886.89
2007-01-25,36.234318,76691586,2778867331.09
2007-01-26,36.315533,76691586,2785095806.56
2007-01-29,36.315779,76691586,2785114662.17
2007-01-30,36.459511,76691586,2796137741.21
2007-01-31,36.594929,75391586,2758949719.72
2007-02-01,36.916718,75391586,2783209909.83
2007-02-02,37.074442,75391586,2795101010.27
2007-02-05,37.501796,75391586,2827319860.39
2007-02-06,37.783942,75391586,2848591302.13
2007-02-07,37.823262,75691586,2862902681.2
2007-02-08,38.002267,75691586,2876451888.81
2007-02-09,38.033561,75691586,2878820552.02
2007-02-12,37.980228,75691586,2874783726.83
2007-02-13,38.243573,75691586,2894716684.08
2007-02-14,38.406173,76041586,2920466281.84
2007-02-15,38.181294,76041586,2903366125.68
2007-02-16,38.196481,77591586,2963725559.68
2007-02-20,38.366129,77491586,2973052165.24
2007-02-21,38.19487,77391586,2955961570.6
2007-02-22,38.304703,77791586,2979783599.75
2007-02-23,38.665556,77791586,3007854887.31
2007-02-26,39.610402,76541586,3031842964.68
2007-02-27,38.491705,77541586,2984707879.2
2007-02-28,38.517223,77291586,2977057285.06
2007-03-01,38.641703,76391586,2951900988.01
2007-03-02,38.060619,76391586,2907511079.89
2007-03-05,37.568314,77741586,2920620281.46
2007-03-06,38.086092,78441586,2987533491.95
2007-03-07,38.073712,80241586,3055095068.84
2007-03-08,38.150367,81741586,3118471508.38
2007-03-09,38.172489,81741586,3120279800.0
2007-03-12,38.604989,81741586,3155633045.98
2007-03-13,38.058909,77741586,2958759963.15
2007-03-14,38.273072,78941586,3021337033.3
2007-03-15,38.722319,80241586,3107140309.47
2007-03-16,38.283723,75591586,2893927333.43
2007-03-19,38.722516,76391586,2958074405.02
2007-03-20,39.257191,78491586,3081359149.34
2007-03-21,39.715114,78891586,3133188292.97
2007-03-22,39.654821,78891586,3128431713.74
2007-03-23,39.833146,79441586,3164408274.25
2007-03-26,40.045827,80691586,3231361322.03
2007-03-27,40.005372,80691586,3228096896.27
2007-03-28,39.998248,81791586,3271520146.52
2007-03-29,40.125775,81793259,3282017901.29
2007-03-30,39.868898,81793259,3261007086.39
2007-04-02,40.64097,82393259,3348542006.46
2007-04-03,40.697681,82993259,3377633194.94
2007-04-04,40.549853,83743259,3395776862.22
2007-04-05,40.697739,84243259,3428510200.03
2007-04-09,40.961157,84243259,3450701317.31
2007-04-10,41.084498,81993259,3368651886.28
2007-04-11,40.888453,81393259,3328044479.46
2007-04-12,40.74635,81393259,3316478240.69
2007-04-13,40.675713,82143259,3341235624.69
2007-04-16,40.935087,82143259,3362541439.38
2007-04-17,41.257556,82143259,3389030096.13
2007-04-18,41.365347,82443259,3410294018.29
2007-04-19,41.172681,82443259,3394409971.75
2007-04-20,41.527234,83143259,3452709593.96
2007-04-23,41.83188,84443259,3532420295.62
2007-04-24,42.095051,84443259,3554643323.5
2007-04-25,42.41487,80243259,3403507398.14
2007-04-26,42.144622,80543259,3394465179.38
2007-04-27,41.886833,80543259,3373702061.42
2007-04-30,41.533462,79243259,3291246889.9
2007-05-01,41.98866,78743259,3306323959.83
2007-05-02,42.211777,77943259,3290123494.19
2007-05-03,42.15257,77943259,3285508655.42
2007-05-04,42.163669,77943259,3286373779.24
2007-05-07,42.520117,77743259,3305652441.09
2007-05-08,42.300443,78243259,3309724539.68
2007-05-09,42.410831,77993259,3307758912.5
2007-05-10,41.956107,79743259,3345716695.58
2007-05-11,42.311499,80243259,3395212572.76
2007-05-14,42.475151,80243259,3408344555.97
2007-05-15,42.554904,80243259,3414744191.92
2007-05-16,42.809367,80243259,3435163103.98
2007-05-17,42.60198,80243259,3418521738.67
2007-05-18,42.797614,80243259,3434220058.84
2007-05-21,42.844132,80243259,3437952748.42
2007-05-22,42.675576,79743259,3403089548.79
2007-05-23,42.161702,79993259,3372651983.51
2007-05-24,41.020917,78093259,3203457110.74
2007-05-25,40.95611,78893259,3231160969.66
2007-05-29,41.214894,75843259,3125871851.07
2007-05-30,41.667439,79543259,3314363855.12
2007-05-31,41.815147,83843259,3505918177.2
2007-06-01,41.574223,83393259,3467009916.23
2007-06-04,41.433244,84493259,3500829816.75
2007-06-05,40.820061,79393259,3240837694.3
2007-06-06,40.297198,76993259,3102612575.1
2007-06-07,38.998529,77143259,3008473641.01
2007-06-08,39.393188,70843259,2790741799.67
2007-06-11,39.803444,73093259,2909363423.05
2007-06-12,39.206498,83393259,3269557646.84
2007-06-13,39.990195,80293259,3210943086.59
2007-06-14,40.15824,81643259,3278649599.81
2007-06-15,40.514437,77143259,3125415707.3
2007-06-18,40.099443,86493259,3468331474.73
2007-06-19,40.187221,87843259,3530176484.98
2007-06-20,39.155451,89193259,3492402317.46
2007-06-21,39.435795,89493259,3529237779.9
2007-06-22,38.735889,86543259,3352330071.23
2007-06-25,38.935611,85193259,3317051579.39
2007-06-26,38.809478,85643259,3323770162.8
2007-06-27,39.371219,88593259,3488024636.96
2007-06-28,39.29211,91895468,3610766845.11
2007-06-29,39.431301,92445468,3645245094.33
2007-07-02,40.257012,90245468,3633012911.63
2007-07-03,40.201518,91645468,3684286942.19
2007-07-05,40.050195,91645468,3670418831.14
2007-07-06,39.841247,91195468,3633341202.8
2007-07-09,39.95244,90995468,3635490952.47
2007-07-10,39.420222,90145468,3553554400.18
2007-07-11,39.639456,89245468,3537641776.67
2007-07-12,40.285594,87445468,3522792615.35
2007-07-13,40.773564,85445468,3483916251.43
2007-07-16,40.194616,86095468,3460574253.66
2007-07-17,40.172051,86445468,3472691740.85
2007-07-18,40.496183,87845504,3557407643.98
2007-07-19,41.275186,87845504,3625839481.12
2007-07-20,40.557798,91945504,3729107222.26
2007-07-23,40.813054,93695504,3823999631.49
2007-07-24,39.392096,94495504,3722375937.26
2007-07-25,39.483115,90245504,3563173657.12
2007-07-26,38.370846,89045504,3416751364.99
2007-07-27,37.687369,88045504,3318203369.11
2007-07-30,38.023804,88895504,3380145178.63
2007-07-31,37.948682,88145504,3345005725.37
2007-08-01,38.976146,85295504,3324490022.95
2007-08-02,39.326142,85095504,3346477846.69
2007-08-03,37.805424,86995504,3288901908.78
2007-08-06,39.208855,86395504,3387468831.88
2007-08-07,40.016301,87645504,3507248827.23
2007-08-08,40.439144,85945504,3475562595.3
2007-08-09,39.400978,88345504,3480899287.61
2007-08-10,39.190406,87145504,3415267713.15
2007-08-13,39.248562,87695504,3441922443.15
2007-08-14,38.43744,88345504,3395774982.02
2007-08-15,37.898527,88895504,3369008671.48
2007-08-16,37.810198,89195504,3372499687.42
2007-08-17,38.820858,89795504,3485938504.13
2007-08-20,38.778601,95145504,3689609508.86
2007-08-21,38.980453,95495504,3722457961.72
2007-08-22,39.42674,95195504,3753248390.2
2007-08-23,39.452555,95345504,3761623752.5
2007-08-24,39.765339,95145504,3783493225.89
2007-08-27,38.439259,94145504,3618883378.54
2007-08-28,38.000441,75795504,2880262567.0
2007-08-29,38.950355,75895504,2956156826.89
2007-08-30,38.589221,71245504,2749308470.53
2007-08-31,38.812225,71395504,2771018361.49
2007-09-04,39.552046,63745504,2521265136.3
2007-09-05,39.06248,64045504,2501776226.17
2007-09-06,39.553841,64045504,2533245663.76
2007-09-07,38.961018,65695504,2559563692.12
2007-09-10,39.071566,65895504,2574640539.72
2007-09-11,39.491158,65895504,2602289749.76
2007-09-12,39.607641,66495504,2633730079.51
2007-09-13,39.728817,66495504,2641787709.5
2007-09-14,39.881867,67895504,2707799491.23
2007-09-17,39.649924,68495504,2715841503.97
2007-09-18,40.458747,65395504,2645820145.9
2007-09-19,41.031425,60095504,2465804174.15
2007-09-20,40.612544,60295504,2448753780.18
2007-09-21,40.527657,59895504,2427424442.38
2007-09-24,40.537675,65245504,2644901020.85
2007-09-25,40.487676,68645504,2779296907.77
2007-09-26,40.739351,69395504,2827127808.1
2007-09-27,40.466934,68395504,2767756366.92
2007-09-28,39.896718,68545504,2734740660.38
2007-10-01,40.521125,68545504,2777540909.3
2007-10-02,40.446094,62545504,2529721318.85
2007-10-03,40.415341,61645504,2491424042.28
2007-10-04,40.737706,63647712,2592861756.96
2007-10-05,40.966529,63897712,2617667461.4
2007-10-08,40.839445,63897712,2609547103.25
2007-10-09,41.446078,63897712,2648309558.97
2007-10-10,41.127554,64147712,2638238478.93
2007-10-11,41.285307,64147712,2648357980.92
2007-10-12,41.423246,64147712,2657206444.13
2007-10-15,40.971018,64147712,2628197046.31
2007-10-16,40.857915,64147712,2620941752.52
2007-10-17,40.771896,64497712,2629693990.91
2007-10-18,40.716309,64147712,2611858069.78
2007-10-19,39.752518,63647712,2530156817.59
2007-10-22,40.060125,61897712,2479630089.42
2007-10-23,40.06979,62497712,2504270213.09
2007-10-24,40.234492,62097712,2498469915.21
2007-10-25,41.014961,62197712,2551036720.99
2007-10-26,41.637881,61647712,2566880084.72
2007-10-29,41.967659,61897712,2597702056.44
2007-10-30,41.936831,61897712,2595793876.85
2007-10-31,42.551295,62097712,2642338049.06
2007-11-01,41.631425,62097712,2585216263.96
2007-11-02,41.919411,62097712,2603099540.37
2007-11-05,42.418893,61797712,2621390554.96
2007-11-06,42.455717,61397712,2606683878.53
2007-11-07,41.424882,59397712,2460543220.29
2007-11-08,42.26274,52047712,2199678902.73
2007-11-09,41.939123,51947712,2178641504.91
2007-11-12,41.264779,51947712,2143610839.83
2007-11-13,41.571582,51497712,2140841381.97
2007-11-14,41.511701,51697712,2146059952.74
2007-11-15,41.56567,53997712,2244451073.66
2007-11-16,41.761654,53497712,2234152949.37
2007-11-19,41.857772,52897712,2214180381.57
2007-11-20,42.443618,56947712,2417066942.22
2007-11-21,41.961552,58347712,2448360546.27
2007-11-23,42.057802,58897712,2477108291.05
2007-11-26,41.767585,59047712,2466280313.64
2007-11-27,42.101868,59047712,2486019005.0
2007-11-28,42.655821,60447712,2578446765.5
2007-11-29,42.568781,60297712,2566800105.16
2007-11-30,42.780267,59897712,2562440119.23
2007-12-03,43.092157,59897712,2581121581.18
2007-12-04,43.513416,58797712,2558489321.15
2007-12-05,44.208579,59047712,2610415436.87
2007-12-06,44.167138,58497712,2583676490.13
2007-12-07,44.256273,58497712,2588890727.36
2007-12-10,44.380672,58047712,2576196462.7
2007-12-11,43.379583,58047712,2518085545.78
2007-12-12,43.43418,59297712,2575547493.12
2007-12-13,43.968452,59397712,2611625430.77
2007-12-14,43.290169,59897712,2592982104.87
2007-12-17,42.742485,59397712,2538805815.82
2007-12-18,43.373091,59197712,2567587741.17
2007-12-19,43.093605,59397712,2559661551.62
2007-12-20,43.139575,59347712,2560235091.47
2007-12-21,43.135042,53147712,2292528803.31
2007-12-24,43.156971,59197712,2554793962.15
2007-12-26,42.969047,59697712,2565153799.41
2007-12-27,42.602935,59897712,2551818353.03
2007-12-28,42.929971,58847712,2526330588.4
2007-12-31,42.558616,58847712,2504477169.34
2008-01-02,41.980221,60047712,2520816237.77
2008-01-03,42.113034,59747712,2516157426.31
2008-01-04,42.259505,59750225,2525014918.67
2008-01-07,43.314518,59600225,2581555045.64
2008-01-08,43.291974,61850225,2677618346.81
2008-01-09,43.842089,65450225,2869474573.93
2008-01-10,43.628131,67150225,2929638830.04
2008-01-11,43.311798,66850225,2895403426.9
2008-01-14,43.428459,66850225,2903202236.35
2008-01-15,42.922065,67000225,2875788033.43
2008-01-16,42.250002,66650225,2815972161.8
2008-01-17,40.652647,65850225,2676985957.43
2008-01-18,39.956628,65700225,2625159442.11
2008-01-22,38.614877,64750225,2500321979.92
2008-01-23,39.950899,63300225,2528900883.1
2008-01-24,38.849836,63150225,2453375862.18
2008-01-25,38.183419,60700225,2317742104.37
2008-01-28,38.739531,57950225,2244964532.92
2008-01-29,38.891932,57950225,2253796191.3
2008-01-30,38.816562,57400225,2228079373.43
2008-01-31,39.64608,57600225,2283623126.67
2008-02-01,40.271938,57250225,2305577496.81
2008-02-04,40.884805,57050225,2332487319.17
2008-02-05,39.458195,57050225,2251098918.17
2008-02-06,39.429341,56650225,2233681042.49
2008-02-07,39.263279,56750225,2228199900.88
2008-02-08,39.047312,55750225,2176896435.75
2008-02-11,39.382145,55750225,2195563417.48
2008-02-12,39.828186,55850225,2224413141.05
2008-02-13,39.894501,57050225,2275990248.69
2008-02-14,39.476239,57050225,2252128318.79
2008-02-15,39.639375,53650225,2126661378.31
2008-02-19,39.551879,52700225,2084392941.34
2008-02-20,39.537668,53550225,2117251018.05
2008-02-21,38.876709,53550225,2081856495.49
2008-02-22,39.325799,52550225,2066579581.15
2008-02-25,39.489777,52150225,2059400732.48
2008-02-26,39.81619,52150225,2076423253.27
2008-02-27,39.125561,52500225,2054100779.8
2008-02-28,38.867416,52600225,2044434825.12
2008-02-29,37.70628,49500225,1866469362.6
2008-03-03,38.15671,48150225,1837254150.35
2008-03-04,38.729524,47250225,1829978732.99
2008-03-05,38.750448,46600225,1805779615.89
2008-03-06,37.937219,46600225,1767882962.48
2008-03-07,37.782281,47400225,1790888643.61
2008-03-10,37.530019,51100225,1917792436.69
2008-03-11,38.713316,51650225,1999551465.98
2008-03-12,38.204171,56200225,2147083010.73
2008-03-13,38.273854,57250225,2191186755.24
2008-03-14,37.935655,57250225,2171824804.2
2008-03-17,37.927015,55950225,2122025026.45
2008-03-18,38.593319,50750225,1958619604.89
2008-03-19,37.764577,50800225,1918448986.86
2008-03-20,37.709217,45200225,1704465084.36
2008-03-24,37.603704,51600225,1940359570.0
2008-03-25,37.586426,57250225,2151831351.37
2008-03-26,37.777216,57100225,2157087544.26
2008-03-27,38.004982,58600225,2227100516.1
2008-03-28,37.679075,62600225,2358718570.38
2008-03-31,38.052541,64300225,2446786961.52
2008-04-01,39.023831,64300225,2509241100.59
2008-04-02,39.295868,68300225,2683916618.24
2008-04-03,39.120695,69302762,2711172215.65
2008-04-04,39.300694,69602762,2735436873.96
2008-04-07,39.356376,71502762,2814089621.33
2008-04-08,39.531054,71002762,2806814005.8
2008-04-09,39.531611,70452762,2785111205.9
2008-04-10,39.30057,66702762,2621456556.7
2008-04-11,39.297379,66352762,2607489622.64
2008-04-14,39.330474,62952762,2475961962.38
2008-04-15,39.641049,61952762,2455872451.31
2008-04-16,40.522234,62452762,2530725420.06
2008-04-17,40.532766,62452762,2531383170.88
2008-04-18,40.620651,62952762,2557182202.92
2008-04-21,40.367677,62702762,2531164847.28
2008-04-22,40.144808,62702762,2517190343.55
2008-04-23,40.460535,62702762,2536987272.68
2008-04-24,40.169616,62702762,2518745858.98
2008-04-25,40.280901,62202762,2505583328.25
2008-04-28,40.210235,62202762,2501187656.81
2008-04-29,39.990687,59402762,2375557273.17
2008-04-30,40.046139,60002762,2402878920.21
2008-05-01,40.491465,60452762,2447820914.78
2008-05-02,40.919622,60302762,2467566216.57
2008-05-05,40.387792,60652762,2449631140.31
2008-05-06,40.397807,60152762,2430039678.12
2008-05-07,39.834241,59502762,2370247335.23
2008-05-08,40.003852,59602762,2384340052.38
2008-05-09,40.101291,59602762,2390147676.89
2008-05-12,40.497211,59252762,2399571628.67
2008-05-13,40.345486,59252762,2390581503.83
2008-05-14,40.694758,57252762,2329887317.88
2008-05-15,40.607069,57102762,2318775790.19
2008-05-16,40.858332,55202762,2255492765.35
2008-05-19,41.326005,55352762,2287508537.44
2008-05-20,41.45934,55152762,2286597138.31
2008-05-21,41.439989,55302762,2291745825.06
2008-05-22,41.630266,54552762,2271046000.17
2008-05-23,40.822376,54552762,2226973379.48
2008-05-27,41.122478,54552762,2243344759.52
2008-05-28,41.136521,54552762,2244110847.09
2008-05-29,41.420814,54802762,2269975005.87
2008-05-30,41.382307,54952762,2274072087.1
2008-06-02,40.95774,57202762,2342895856.19
2008-06-03,40.719969,56552762,2302826704.26
2008-06-04,41.191586,56552762,2329497936.2
2008-06-05,41.668194,56502762,2354368031.29
2008-06-06,40.62119,55302762,2246463981.36
2008-06-09,41.258507,55302762,2281709409.42
2008-06-10,41.304191,54302762,2242931646.86
2008-06-11,40.913837,54302762,2221734362.48
2008-06-12,40.900283,54452762,2227133374.72
2008-06-13,41.498026,55652762,2309479763.48
2008-06-16,41.495133,54652762,2267823647.82
2008-06-17,41.518143,54652762,2269081215.36
2008-06-18,41.378292,54352762,2249024482.69
2008-06-19,41.710565,52952762,2208689623.24
2008-06-20,40.761764,46202762,1883306096.25
2008-06-23,41.121011,53252762,2189807388.43
2008-06-24,40.982582,53352762,2186533965.26
2008-06-25,41.177733,53402762,2199004685.35
2008-06-26,40.090758,52302762,2096857352.66
2008-06-27,39.842675,51102762,2036070737.71
2008-06-30,40.745413,51002762,2078128623.28
2008-07-01,41.001917,51602762,2115812153.79
2008-07-02,40.760403,53502762,2180794130.35
2008-07-03,40.460369,56602762,2290168632.03
2008-07-07,40.109328,56605371,2270403419.6
2008-07-08,40.292453,57605371,2321061717.84
2008-07-09,40.651338,57605371,2341735387.73
2008-07-10,40.849446,57955371,2367444791.41
2008-07-11,40.510343,57555371,2331587804.89
2008-07-14,39.985777,57305371,2291399810.49
2008-07-15,39.7914,57055371,2270313063.92
2008-07-16,39.033773,56655371,2211472886.75
2008-07-17,38.406334,56055371,2152881288.9
2008-07-18,38.728645,53155371,2058635486.48
2008-07-21,39.188845,53755371,2106610886.36
2008-07-22,39.14424,53205371,2082683793.22
2008-07-23,38.24635,53855371,2059771381.4
2008-07-24,37.98776,53555371,2034448558.58
2008-07-25,37.7528,54505371,2057730345.87
2008-07-28,37.68183,55305371,2084007602.5
2008-07-29,37.836596,56205371,2126619925.64
2008-07-30,38.39658,57105371,2192650936.98
2008-07-31,38.233823,57105371,2183356632.58
2008-08-01,36.965702,58205371,2151602395.18
2008-08-04,36.515089,56505371,2063298624.3
2008-08-05,37.070582,55205371,2046495259.23
2008-08-06,36.958738,56705371,2095758926.77
2008-08-07,36.893912,55305371,2040431465.21
2008-08-08,37.39407,55405371,2071832318.39
2008-08-11,37.743202,55105371,2079853133.27
2008-08-12,36.96523,55505371,2051768807.34
2008-08-13,37.313552,56755371,2117744500.45
2008-08-14,36.837079,57155371,2105436891.03
2008-08-15,37.060773,57155371,2118222248.7
2008-08-18,37.097061,56655371,2101747762.73
2008-08-19,37.135858,56655371,2103945815.62
2008-08-20,37.37273,56655371,2117365896.71
2008-08-21,37.766807,56855371,2147245843.49
2008-08-22,37.850849,57555371,2178519643.49
2008-08-25,37.435571,57555371,2154618163.55
2008-08-26,37.861373,58355371,2209414467.73
2008-08-27,38.177213,58355371,2227845431.94
2008-08-28,38.405058,58655371,2252662953.8
2008-08-29,37.697107,58655371,2211137789.03
2008-09-02,37.167687,58655371,2180084470.9
2008-09-03,36.617835,58355371,2136847354.39
2008-09-04,36.189768,58555371,2119105303.87
2008-09-05,35.48398,57755371,2049390407.34
2008-09-08,36.374438,57755371,2100819137.45
2008-09-09,35.246153,58405371,2058564666.89
2008-09-10,35.494319,58955371,2092580723.66
2008-09-11,35.925877,58105371,2087486422.06
2008-09-12,36.421137,58455371,2129011064.94
2008-09-15,35.273881,58905371,2077821021.9
2008-09-16,34.899048,59105371,2062721152.85
2008-09-17,33.045751,61305371,2025882003.37
2008-09-18,34.155797,59805371,2042700088.49
2008-09-19,34.82476,54405371,1894653964.42
2008-09-22,34.121457,63105371,2153247187.1
2008-09-23,33.743745,65805371,2220519638.2
2008-09-24,33.798266,65805371,2224107465.51
2008-09-25,34.686074,65805371,2282529981.84
2008-09-26,34.383637,67455371,2319361017.92
2008-09-29,32.699836,67005371,2191064620.61
2008-09-30,33.109417,67005371,2218508763.42
2008-10-01,33.239371,67005371,2227216362.55
2008-10-02,32.354857,66408116,2148625124.24
2008-10-03,32.138048,66608116,2140654802.41
2008-10-06,30.434671,67608116,2057630774.01
2008-10-07,29.283945,67608116,1979832326.75
2008-10-08,28.739339,64208116,1845298812.46
2008-10-09,26.984984,62358116,1682732751.05
2008-10-10,25.670085,62658116,1608439184.88
2008-10-13,29.120399,62958116,1833365451.08
2008-10-14,28.779737,63308116,1821990958.83
2008-10-15,26.436625,62908116,1663078262.09
2008-10-16,27.435219,64008116,1756076664.19
2008-10-17,27.713562,62658116,1736479570.07
2008-10-20,29.941046,62608116,1874552494.84
2008-10-21,28.837717,64158116,1850173604.63
2008-10-22,27.114767,62558116,1696248711.99
2008-10-23,28.407139,62308116,1769995324.6
2008-10-24,27.491341,63458116,1744548733.44
2008-10-27,26.545726,63658116,1689850879.11
2008-10-28,29.400818,61758116,1815739113.41
2008-10-29,28.468351,63608116,1810818155.87
2008-10-30,29.728545,63608116,1890976713.01
2008-10-31,29.247876,63608116,1860402273.8
2008-11-03,29.330513,61658116,1808464162.97
2008-11-04,29.990433,61608116,1847654089.28
2008-11-05,28.822121,63808116,1839085239.11
2008-11-06,27.689709,63808116,1766828173.7
2008-11-07,29.116145,63808116,1857846350.58
2008-11-10,28.263951,62958116,1779445080.94
2008-11-11,28.31912,62958116,1782918449.85
2008-11-12,27.61084,62158116,1716237818.38
2008-11-13,29.622628,62158116,1841286769.9
2008-11-14,28.750772,62158116,1787093829.41
2008-11-17,28.626791,64458116,1845229021.78
2008-11-18,28.671725,64408116,1846691791.11
2008-11-19,27.769797,64658116,1795542723.8
2008-11-20,26.43798,64658116,1709429995.47
2008-11-21,28.748277,64708116,1860246844.53
2008-11-24,29.16097,64908116,1892783603.0
2008-11-25,29.392287,64958116,1909267595.12
2008-11-26,29.577049,66708116,1973029230.45
2008-11-28,30.133678,68758116,2071934894.56
2008-12-01,28.173479,68758116,1937155329.88
2008-12-02,28.77657,68408116,1968550911.55
2008-12-03,29.403992,68758116,2021763096.5
2008-12-04,28.078798,69808116,1960127980.52
2008-12-05,28.717893,69808116,2004741974.34
2008-12-08,28.980952,70358116,2039045178.31
2008-12-09,28.457104,70358116,2002188192.01
2008-12-10,28.976162,71008116,2057542699.43
2008-12-11,28.744134,71108116,2043941250.33
2008-12-12,28.878903,70808116,2044860710.35
2008-12-15,28.413034,71458116,2030341880.19
2008-12-16,29.422661,71058116,2090718850.97
2008-12-17,28.563916,67258116,1921155154.87
2008-12-18,28.795065,66858116,1925183806.75
2008-12-19,28.417563,66308116,1884315086.84
2008-12-22,28.32012,67158116,1901925928.14
2008-12-23,27.836833,67558116,1880603975.67
2008-12-24,28.034391,67058116,1879933473.91
2008-12-26,28.178408,67058116,1889590947.64
2008-12-29,28.173708,67058116,1889275785.89
2008-12-30,28.623988,67058116,1919470702.7
2008-12-31,29.121982,67258116,1958689653.21
2009-01-02,29.775157,67412598,2007220662.58
2009-01-05,29.975185,69112598,2071662921.45
2009-01-06,29.743406,69112598,2055644061.5
2009-01-07,29.256318,69312598,2027831406.12
2009-01-08,29.38403,69312598,2036683429.25
2009-01-09,29.098477,69312598,2016891019.64
2009-01-12,29.151927,69312598,2020595800.66
2009-01-13,28.554596,69212598,1976337752.27
2009-01-14,28.192817,69212598,1951298128.09
2009-01-15,28.37616,69112598,1961150159.0
2009-01-16,28.951663,69112598,2000924635.4
2009-01-20,28.41295,69112598,1963692822.84
2009-01-21,28.775272,69212598,1991611305.01
2009-01-22,28.753043,69112598,1987197469.73
2009-01-23,28.812053,69312598,1997038260.36
2009-01-26,29.491188,66862598,1971857433.96
2009-01-27,29.594311,65962598,1952117661.27
2009-01-28,29.794889,65812598,1960879068.62
2009-01-29,29.621579,65812598,1949473062.87
2009-01-30,28.920291,65062598,1881629252.46
2009-02-02,29.067179,64562598,1876652619.89
2009-02-03,29.310812,63462598,1860140281.34
2009-02-04,29.549798,63462598,1875306981.37
2009-02-05,29.698642,63362598,1881783103.92
2009-02-06,29.996071,63362598,1900628956.86
2009-02-09,29.706772,63362598,1882298270.8
2009-02-10,28.826808,61362598,1768887832.6
2009-02-11,28.738359,62362598,1792198756.43
2009-02-12,28.474124,62112598,1768601818.21
2009-02-13,28.40394,61862598,1757141543.55
2009-02-17,27.025249,61112598,1651583167.39
2009-02-18,26.692343,60912598,1625899933.83
2009-02-19,26.865825,59912598,1609601380.95
2009-02-20,26.179978,59912598,1568510515.85
2009-02-23,25.548137,58862598,1503829714.5
2009-02-24,26.435769,58762598,1553434452.49
2009-02-25,26.15476,58762598,1536921666.57
2009-02-26,25.710261,58762598,1510801730.41
2009-02-27,25.335032,60262598,1526754853.62
2009-03-02,24.415112,61262598,1495733186.69
2009-03-03,23.53823,62712598,1476143538.89
2009-03-04,23.956363,62712598,1502365784.25
2009-03-05,23.097089,62712598,1448478481.51
2009-03-06,23.204035,64162598,1488831140.94
2009-03-09,22.633704,64162598,1452237237.26
2009-03-10,23.157317,62162598,1439518975.42
2009-03-11,23.032275,63312598,1458233145.7
2009-03-12,23.365501,66212598,1547090532.38
2009-03-13,23.692126,67112598,1590040097.13
2009-03-16,24.302601,67112598,1631010723.7
2009-03-17,24.753191,68612598,1698380750.5
2009-03-18,25.478424,68962598,1757058321.92
2009-03-19,25.779684,71912598,1853884017.09
2009-03-20,25.344041,70412598,1784539795.43
2009-03-23,26.352482,75662598,1993897223.66
2009-03-24,25.775203,76812598,1979860294.7
2009-03-25,25.716953,78612598,2021676460.25
2009-03-26,26.114699,78612598,2052944339.19
2009-03-27,25.756801,79112598,2037687407.71
2009-03-30,25.259906,80112598,2023636663.57
2009-03-31,25.682321,80112598,2057477453.13
2009-04-01,25.743553,79912598,2057234238.88
2009-04-02,26.040312,80316553,2091468091.48
2009-04-03,26.192101,80566553,2110207320.99
2009-04-06,25.888927,82116553,2125909460.78
2009-04-07,25.763743,80966553,2086001462.57
2009-04-08,26.115448,80966553,2114477815.58
2009-04-09,26.099319,81016553,2114476843.72
2009-04-13,25.723799,81016553,2084053512.91
2009-04-14,25.366183,81016553,2055080687.1
2009-04-15,25.748927,77816553,2003692748.47
2009-04-16,25.784926,76766553,1979419917.47
2009-04-17,25.823099,72966553,1884222521.45
2009-04-20,25.483123,77916553,1985557084.38
2009-04-21,25.599088,76416553,1956194077.23
2009-04-22,25.288428,77916553,1970387158.88
2009-04-23,25.373916,77516553,1966898516.57
2009-04-24,25.288788,77516553,1960299681.27
2009-04-27,25.514216,79316553,2023699689.46
2009-04-28,25.614533,79316553,2031656448.09
2009-04-29,25.838602,78266553,2022298321.75
2009-04-30,25.822861,70866553,1829977151.74
2009-05-01,26.505531,72466553,1920764488.6
2009-05-04,26.886431,72716553,1955088593.66
2009-05-05,26.837075,73766553,1979678522.82
2009-05-06,26.748127,73366553,1962417884.87
2009-05-07,26.90626,73416553,1975364835.38
2009-05-08,27.298676,73966553,2019189001.15
2009-05-11,27.163871,73966553,2009217893.96
2009-05-12,27.335603,73916553,2020553528.25
2009-05-13,26.642185,71966553,1917346253.61
2009-05-14,26.56068,72016553,1912808617.05
2009-05-15,25.926441,72416553,1877503485.22
2009-05-18,25.91379,72316553,1873995952.63
2009-05-19,26.360567,72366553,1907623349.63
2009-05-20,25.936905,71816553,1862699124.29
2009-05-21,25.643722,72266553,1853183386.38
2009-05-22,25.818043,72266553,1865780976.05
2009-05-26,26.523315,72366553,1919400886.0
2009-05-27,26.042308,72116553,1878081458.38
2009-05-28,26.552657,72216553,1917541395.13
2009-05-29,26.748497,72366553,1935696517.38
2009-06-01,27.629287,73016553,2017395312.65
2009-06-02,27.321261,73966553,2020859473.53
2009-06-03,26.866431,75016553,2015427065.55
2009-06-04,27.096056,74366553,2015040267.63
2009-06-05,27.143974,74166553,2013174967.86
2009-06-08,26.974121,73116553,1972254778.78
2009-06-09,26.846532,72416553,1944133295.32
2009-06-10,27.271747,72466553,1976289527.48
2009-06-11,27.82091,73316553,2039733242.63
2009-06-12,28.20718,74216553,2093439690.15
2009-06-15,27.607462,75816553,2093102622.66
2009-06-16,27.509358,74816553,2058155355.43
2009-06-17,27.482796,74816553,2056168080.48
2009-06-18,28.100742,74816553,2102400689.42
2009-06-19,27.451274,70266553,1928906388.94
2009-06-22,27.449406,73316553,2012495801.15
2009-06-23,27.189884,72966553,1983952133.71
2009-06-24,27.396493,74266553,2034643108.69
2009-06-25,27.866665,74366553,2072347829.01
2009-06-26,27.758468,73466553,2039318934.73
2009-06-29,28.108269,73516553,2066423068.65
2009-06-30,27.915004,73116553,2041048889.69
2009-07-01,28.279816,71416553,2019646971.75
2009-07-02,27.35967,71420534,1954042240.91
2009-07-06,27.629259,71820534,1984348155.15
2009-07-07,27.033427,72470534,1959126879.97
2009-07-08,26.953699,72570534,1956044340.88
2009-07-09,27.057574,72670534,1966288336.61
2009-07-10,26.953058,72570534,1955997776.04
2009-07-13,27.386635,72520534,1986093390.52
2009-07-14,27.585208,72620534,2003252538.07
2009-07-15,28.138115,73520534,2068729212.43
2009-07-16,28.191639,72970534,2057158977.43
2009-07-17,27.980449,74070534,2072526794.94
2009-07-20,28.230593,74220534,2095289650.9
2009-07-21,28.541213,73270534,2091229902.28
2009-07-22,28.379621,73970534,2099255754.72
2009-07-23,29.107518,74120534,2157464743.09
2009-07-24,29.536195,74320534,2195145817.77
2009-07-27,29.482307,74520534,2197037256.91
2009-07-28,28.986283,75070534,2176015736.48
2009-07-29,28.895211,75520534,2182181744.55
2009-07-30,29.297798,74870534,2193541775.96
2009-07-31,28.989941,74870534,2170492362.16
2009-08-03,29.20485,74870534,2186582699.14
2009-08-04,28.860164,74570534,2152117870.94
2009-08-05,28.610586,74570534,2133506703.19
2009-08-06,28.679994,74570534,2138682435.4
2009-08-07,28.914272,74570534,2156152666.87
2009-08-10,28.984821,74670534,2164312035.62
2009-08-11,28.919262,74670534,2159416757.09
2009-08-12,29.126588,75370534,2195286528.27
2009-08-13,29.080975,76620534,2228199807.54
2009-08-14,29.072001,76820534,2233326634.73
2009-08-17,28.697892,76820534,2204587378.92
2009-08-18,28.73913,76820534,2207755326.47
2009-08-19,28.927934,76320534,2207795333.64
2009-08-20,29.116685,76120534,2216377594.21
2009-08-21,29.684922,75970534,2255179342.95
2009-08-24,29.736383,75770534,2253141636.57
2009-08-25,29.594731,75920534,2246847758.68
2009-08-26,29.588041,76670534,2268530938.05
2009-08-27,29.515393,77020534,2273291367.38
2009-08-28,29.514528,77220534,2279127638.38
2009-08-31,29.211445,77220534,2255723347.97
2009-09-01,29.002304,77020534,2233772978.96
2009-09-02,28.757174,77370534,2224957923.59
2009-09-03,28.848644,77570534,2237804720.89
2009-09-04,28.957161,77570534,2246222436.3
2009-09-08,29.021661,77420534,2246872462.54
2009-09-09,28.990654,77420534,2244471916.66
2009-09-10,29.004702,77520534,2248460010.97
2009-09-11,28.901477,78220534,2260688967.93
2009-09-14,29.345343,78070534,2291006614.24
2009-09-15,29.568253,78470534,2320236580.81
2009-09-16,30.011833,78970534,2370050482.28
2009-09-17,29.84778,79270534,2366049486.05
2009-09-18,29.643846,74920534,2220932765.66
2009-09-21,29.520203,80120534,2365174435.71
2009-09-22,29.476849,80670534,2377913151.4
2009-09-23,29.363113,82120534,2411314529.05
2009-09-24,29.326721,83870534,2459647722.17
2009-09-25,29.226571,83720534,2446864108.97
2009-09-28,29.509997,83720534,2470592719.3
2009-09-29,29.562116,83720534,2474956151.63
2009-09-30,29.309612,83420534,2445023507.76
2009-10-01,28.787527,84024160,2418847788.38
2009-10-02,28.535517,86024160,2454743876.14
2009-10-05,28.884947,86224160,2490580313.34
2009-10-06,29.087298,86124160,2505119101.39
2009-10-07,29.047915,86724160,2519156024.81
2009-10-08,29.108504,86724160,2524410516.8
2009-10-09,29.291617,85574160,2506605558.34
2009-10-12,29.43923,85674160,2522181337.25
2009-10-13,29.269969,85674160,2507680031.12
2009-10-14,29.373511,85774160,2519488189.5
2009-10-15,29.630925,85924160,2546012316.26
2009-10-16,29.705432,84774160,2518253068.65
2009-10-19,30.144747,85524160,2578104184.84
2009-10-20,29.796901,84874160,2528986903.86
2009-10-21,29.847504,85774160,2560144619.27
2009-10-22,29.936323,85774160,2567762936.58
2009-10-23,29.440368,85574160,2519334793.81
2009-10-26,29.059513,84324160,2450419029.78
2009-10-27,28.962491,83574160,2420515854.76
2009-10-28,28.669268,81174160,2327203736.4
2009-10-29,28.970796,80774160,2340091696.65
2009-10-30,28.417284,79624160,2262702372.82
2009-11-02,28.339931,79574160,2255126225.7
2009-11-03,28.279747,79124160,2237611263.46
2009-11-04,28.49093,77024160,2194489975.11
2009-11-05,28.968275,76774160,2224014959.47
2009-11-06,28.912215,76524160,2212483003.26
2009-11-09,29.422547,77424160,2278015966.2
2009-11-10,29.574001,77224160,2283827414.26
2009-11-11,29.502257,76974160,2270911454.42
2009-11-12,29.116878,76974160,2241247206.46
2009-11-13,29.351013,76824160,2254866942.27
2009-11-16,29.740198,77174160,2295174792.0
2009-11-17,29.63192,78124160,2314968890.17
2009-11-18,29.501494,79924160,2357882098.72
2009-11-19,29.138541,79974160,2330330332.13
2009-11-20,29.204171,79574160,2323897357.08
2009-11-23,29.602992,80674160,2388196538.61
2009-11-24,29.720784,80974160,2406615484.7
2009-11-25,30.013511,81424160,2443824930.36
2009-11-27,29.532717,82524160,2437162648.08
2009-11-30,29.772551,83974160,2500124982.92
2009-12-01,30.301046,83974160,2544504922.52
2009-12-02,30.697442,87974160,2700581630.53
2009-12-03,30.792375,92674160,2853657523.58
2009-12-04,30.664245,96674160,2964440175.29
2009-12-07,30.908289,96524160,2983396612.52
2009-12-08,30.809422,97374160,3000041584.24
2009-12-09,30.920162,101124160,3126775415.76
2009-12-10,31.281288,99524160,3113243958.46
2009-12-11,31.795477,103274160,3283651179.49
2009-12-14,31.92853,105674160,3374020622.21
2009-12-15,31.809705,109974160,3498245576.56
2009-12-16,31.684076,110974160,3516113664.6
2009-12-17,31.505527,109174160,3439589499.63
2009-12-18,31.276432,104424160,3266015136.13
2009-12-21,31.393397,108524160,3406941993.46
2009-12-22,31.189906,109974160,3430083751.7
2009-12-23,31.238236,110924160,3465075047.66
2009-12-24,31.45712,111974160,3522384610.81
2009-12-28,31.512599,111974160,3528596757.93
2009-12-29,31.499491,117474160,3700376270.38
2009-12-30,31.520243,118124160,3723302239.38
2009-12-31,31.042062,118124160,3666817497.14
2010-01-04,31.110521,117674160,3660904441.05
2010-01-05,30.753797,120024160,3691198704.69
2010-01-06,30.905273,115924160,3582667862.4
2010-01-07,30.751376,116074160,3569440187.93
2010-01-08,30.712479,112224160,3446682171.05
2010-01-11,31.04798,113574160,3526248250.18
2010-01-12,30.932868,111824160,3459042010.88
2010-01-13,31.212213,112474160,3510567393.71
2010-01-14,31.115835,112924160,3513729483.83
2010-01-15,30.915707,112924160,3491130205.03
2010-01-19,31.27515,113774160,3558303937.34
2010-01-20,30.947458,113474160,3511736751.12
2010-01-21,30.511396,113074160,3450050515.39
2010-01-22,29.847573,113624160,3391405420.24
2010-01-25,30.01608,115024160,3452574412.37
2010-01-26,30.126363,116074160,3496892259.19
2010-01-27,29.976578,114724160,3439037781.68
2010-01-28,29.687033,112324160,3334571047.66
2010-01-29,29.510748,112774160,3328049853.3
2010-02-01,29.72846,112524160,3345169983.39
2010-02-02,29.973583,110924160,3324794504.91
2010-02-03,29.762091,110124160,3277525268.13
2010-02-04,28.979372,110124160,3191329016.5
2010-02-05,28.901416,110624160,3197194897.83
2010-02-08,28.59615,110574160,3161995301.78
2010-02-09,28.879373,111524160,3220747781.75
2010-02-10,28.753136,111424160,3203794069.32
2010-02-11,28.940689,111924160,3239162330.99
2010-02-12,28.761625,111824160,3216244591.9
2010-02-16,29.294628,110224160,3228975741.64
2010-02-17,29.222638,109124160,3188895816.35
2010-02-18,29.390627,109124160,3207227529.43
2010-02-19,29.805173,108774160,3242032709.24
2010-02-22,29.61228,106774160,3161826342.4
2010-02-23,29.373172,110424160,3243507892.79
2010-02-24,29.436077,111524160,3282833751.42
2010-02-25,29.354014,111524160,3273681770.76
2010-02-26,29.137208,111074160,3236390908.59
2010-03-01,29.520593,110524160,3262738766.69
2010-03-02,29.657842,109774160,3255664731.84
2010-03-03,29.628676,109574160,3246537289.76
2010-03-04,29.657835,109074160,3234903436.32
2010-03-05,29.98206,109474160,3282260827.89
2010-03-08,30.005719,109474160,3284850936.9
2010-03-09,29.923854,109624160,3280377379.5
2010-03-10,29.958877,109174160,3270735192.36
2010-03-11,30.032026,109174160,3278721181.81
2010-03-12,29.827402,108774160,3244450554.94
2010-03-15,29.967749,108224160,3243234481.57
2010-03-16,30.289455,108224160,3278050821.15
2010-03-17,30.394485,106474160,3236227281.87
2010-03-18,30.270058,107474160,3253249092.0
2010-03-19,29.940757,104574160,3131029498.68
2010-03-22,29.754613,110124160,3276701714.75
2010-03-23,29.856751,110324160,3293920983.31
2010-03-24,29.564507,111274160,3289765633.75
2010-03-25,29.362899,113774160,3340739203.7
2010-03-26,29.436288,110924160,3265195540.08
2010-03-29,29.806576,112574160,3355450235.24
2010-03-30,29.760717,113924160,3390464717.65
2010-03-31,29.668485,112474160,3336937885.64
2010-04-01,30.053236,112174160,3371196472.75
2010-04-05,30.221018,111924160,3382462069.79
2010-04-06,30.484789,111574160,3401314724.09
2010-04-07,30.203046,112324160,3392531819.34
2010-04-08,30.042552,112824160,3389525645.45
2010-04-09,30.207658,112624160,3402112118.79
2010-04-12,30.313601,113074160,3427684963.8
2010-04-13,30.204977,108374160,3273438976.7
2010-04-14,30.214524,107974160,3262387858.41
2010-04-15,30.161007,108224160,3264149655.56
2010-04-16,29.835722,108224160,3228945950.73
2010-04-19,29.886473,108124160,3231449814.43
2010-04-20,30.224388,105124160,3177313402.83
2010-04-21,30.271241,105024160,3179211624.56
2010-04-22,30.378846,105824160,3214815857.43
2010-04-23,30.633368,104624160,3204990374.24
2010-04-26,30.514254,106424160,3247453872.51
2010-04-27,29.971989,105874160,3173259145.86
2010-04-28,30.25548,105124160,3180581918.97
2010-04-29,30.301942,104824160,3176375628.05
2010-04-30,30.441189,105424160,3209236744.24
2010-05-03,30.846464,105324160,3248877885.29
2010-05-04,30.284115,105874160,3206305255.84
2010-05-05,30.079276,107724160,3240264724.67
2010-05-06,29.284929,106774160,3126873727.7
2010-05-07,29.109154,106774160,3108105504.96
2010-05-10,29.999531,108124160,3243674036.74
2010-05-11,30.056801,108174160,3251369180.64
2010-05-12,30.353959,108124160,3281996363.65
2010-05-13,30.188775,108074160,3262626525.2
2010-05-14,29.93802,105874160,3169662675.83
2010-05-17,29.964504,106774160,3199434787.5
2010-05-18,29.667828,108174160,3209292379.81
2010-05-19,29.411807,107974160,3175715148.67
2010-05-20,28.472644,107974160,3074309766.56
2010-05-21,28.629791,107374160,3074099722.3
2010-05-24,28.376697,106524160,3022803793.38
2010-05-25,28.182133,107324160,3024623753.16
2010-05-26,28.167182,104624160,2946967764.41
2010-05-27,28.742535,104624160,3007163552.13
2010-05-28,28.734409,104024160,2989072709.66
2010-06-01,28.090874,102774160,2887015947.09
2010-06-02,28.699121,101024160,2899304560.82
2010-06-03,28.977607,101374160,2937580518.15
2010-06-04,28.12592,101374160,2851241532.09
2010-06-07,28.292101,100824160,2852527359.93
2010-06-08,28.679443,102174160,2930298038.15
2010-06-09,28.492438,99274160,2828562887.2
2010-06-10,29.250607,99774160,2918454717.04
2010-06-11,29.245119,98574160,2882813022.02
2010-06-14,29.363971,99074160,2909210764.12
2010-06-15,29.956285,98474160,2949919960.73
2010-06-16,30.138958,98824160,2978457228.17
2010-06-17,30.369318,100524160,3052850214.9
2010-06-18,30.091308,97124160,2922593026.16
2010-06-21,29.85798,104124160,3108937106.39
2010-06-22,29.129797,108424160,3158373772.56
2010-06-23,28.821229,107774160,3106183699.34
2010-06-24,28.729952,105524160,3031704102.49
2010-06-25,28.817191,105274160,3033705600.43
2010-06-28,29.037416,105524160,3064148899.9
2010-06-29,28.444237,107224160,3049909418.61
2010-06-30,28.243309,108124160,3053784017.51
2010-07-01,28.151309,106674160,3003017196.95
2010-07-02,28.163986,108424160,3053656575.18
2010-07-06,28.492334,109524160,3120598950.0
2010-07-07,29.378515,110124160,3235284332.38
2010-07-08,29.620065,110424160,3270770762.88
2010-07-09,29.805484,106624160,3177984717.14
2010-07-12,29.902673,106474160,3183861978.83
2010-07-13,30.005403,109974160,3299818960.57
2010-07-14,30.022081,113524160,3408231510.84
2010-07-15,30.20836,114874160,3470160017.46
2010-07-16,29.711705,115424160,3429448548.37
2010-07-19,30.149339,116724160,3519156288.85
2010-07-20,30.402844,116274160,3535065169.73
2010-07-21,29.973591,115974160,3476162080.11
2010-07-22,30.464335,115974160,3533075660.38
2010-07-23,30.493118,116624160,3556234240.18
2010-07-26,30.694187,116624160,3579683747.77
2010-07-27,31.186503,117224160,3655811565.03
2010-07-28,31.025527,125074160,3880491689.36
2010-07-29,30.561833,125924160,3848473093.19
2010-07-30,30.369342,127124160,3860677104.23
2010-08-02,30.971868,126974160,3932626979.23
2010-08-03,30.883422,127974160,3952279982.33
2010-08-04,30.930215,128874160,3986105412.93
2010-08-05,30.944172,129074160,3994093053.23
2010-08-06,30.992591,128074160,3969350100.36
2010-08-09,31.119467,127274160,3960703999.57
2010-08-10,31.264565,128374160,4013562262.87
2010-08-11,30.669414,130174160,3992365185.05
2010-08-12,30.589103,131324160,4017088232.35
2010-08-13,30.68826,130424160,4002490494.69
2010-08-16,30.716539,131074160,4026144552.59
2010-08-17,30.990419,132224160,4097682178.33
2010-08-18,30.829195,132774160,4093320507.48
2010-08-19,30.401799,123174160,3744716078.14
2010-08-20,30.46445,124224160,3784420701.1
2010-08-23,30.641304,122874160,3765024523.48
2010-08-24,30.728022,122874160,3775679870.69
2010-08-25,30.682401,125724160,3857519095.0
2010-08-26,30.542453,129274160,3948349928.18
2010-08-27,31.121471,131524160,4093225282.51
2010-08-30,30.689757,132374160,4062530765.0
2010-08-31,30.813328,132774160,4091213795.0
2010-09-01,31.49044,132574160,4174818638.73
2010-09-02,31.440893,132024160,4150957462.22
2010-09-03,31.629729,132024160,4175888442.87
2010-09-07,31.47711,131674160,4144722018.36
2010-09-08,31.359215,133524160,4187212881.63
2010-09-09,31.590679,133524160,4218118836.28
2010-09-10,31.443445,128874160,4052247528.85
2010-09-13,31.565751,128974160,4071166228.21
2010-09-14,31.508704,129424160,4077987585.07
2010-09-15,31.345375,129624160,4063117921.66
2010-09-16,31.21004,130974160,4087708813.33
2010-09-17,30.854159,124624160,3845173699.51
2010-09-20,31.253204,130024160,4063671646.44
2010-09-21,31.102794,129324160,4022342696.03
2010-09-22,31.301082,131224160,4107458234.15
2010-09-23,30.983597,131574160,4076640779.4
2010-09-24,31.471575,131974160,4153434732.8
2010-09-27,31.524058,132124160,4165089695.03
2010-09-28,31.611422,133774160,4228791475.5
2010-09-29,31.499144,134424160,4234246017.1
2010-09-30,31.383686,133374160,4185772691.58
2010-10-01,31.587414,131174160,4143452544.87
2010-10-04,31.482345,131174160,4129670148.11
2010-10-05,31.836019,131374160,4182430211.89
2010-10-06,31.709712,131674160,4175349720.91
2010-10-07,31.746062,131324160,4169024971.42
2010-10-08,31.829265,130824160,4164036897.02
2010-10-11,31.840588,130274160,4148005832.24
2010-10-12,31.734844,130274160,4134230117.79
2010-10-13,31.835786,130674160,4160114606.9
2010-10-14,31.786453,130624160,4152078737.1
2010-10-15,31.894527,130624160,4166195817.6
2010-10-18,32.168997,131974160,4245476370.58
2010-10-19,31.974035,132374160,4232536068.65
2010-10-20,32.223425,131624160,4241381291.59
2010-10-21,32.06358,131374160,4212325882.45
2010-10-22,31.878826,132424160,4221526806.47
2010-10-25,31.776911,133374160,4238218849.48
2010-10-26,31.718411,134074160,4252619263.17
2010-10-27,31.58469,134024160,4233111588.68
2010-10-28,31.674307,133924160,4241954984.19
2010-10-29,31.729634,133624160,4239845685.53
2010-11-01,31.460475,134324160,4225901904.08
2010-11-02,31.830993,133024160,4234291142.53
2010-11-03,31.758742,130574160,4146871063.56
2010-11-04,32.080208,129224160,4145537875.14
2010-11-05,32.077946,127874160,4101940423.91
2010-11-08,31.896963,127074160,4053279782.45
2010-11-09,31.764467,127074160,4036442988.31
2010-11-10,31.594477,126374160,3992725440.76
2010-11-11,31.589454,126974160,4011044400.63
2010-11-12,31.354805,126974160,3981250020.19
2010-11-15,31.4563,127274160,4003574128.24
2010-11-16,31.08619,127274160,3956468740.91
2010-11-17,31.068196,127724160,3968159238.25
2010-11-18,31.23982,127224160,3974459836.82
2010-11-19,31.156036,127274160,3965358310.0
2010-11-22,31.230576,127274160,3974845305.18
2010-11-23,30.909847,126824160,3920115350.97
2010-11-24,31.060242,126924160,3942295135.37
2010-11-26,30.892734,126174160,3897864761.08
2010-11-29,30.782108,126174160,3883906632.47
2010-11-30,30.768099,125524160,3862139808.63
2010-12-01,31.102784,125274160,3896375174.33
2010-12-02,31.20099,124474160,3883717077.89
2010-12-03,31.288524,126024160,3943109925.01
2010-12-06,31.163303,126374160,3938236302.43
2010-12-07,31.009667,126374160,3918820591.28
2010-12-08,30.895418,126624160,3912106302.92
2010-12-09,31.002371,123974160,3843492864.45
2010-12-10,31.123503,118174160,3677993785.17
2010-12-13,31.267028,117474160,3673067819.34
2010-12-14,31.355344,117974160,3699120425.59
2010-12-15,31.080573,117124160,3640285958.23
2010-12-16,31.35141,114824160,3599899332.82
2010-12-17,31.086251,114374160,3555463815.81
2010-12-20,31.20095,114274160,3565462304.78
2010-12-21,31.201671,117524160,3666950117.13
2010-12-22,31.368524,119924160,3761843891.83
2010-12-23,31.392555,119924160,3764725788.81
2010-12-27,31.378981,119924160,3763097983.07
2010-12-28,31.453433,120224160,3781462620.11
2010-12-29,31.398051,120724160,3790503324.71
2010-12-30,31.339553,120724160,3783441214.56
2010-12-31,31.337451,119874160,3756550623.16
2011-01-03,31.498001,120074160,3782096001.03
2011-01-04,31.649748,117474160,3718027568.37
2011-01-05,31.456832,117224160,3687500692.22
2011-01-06,31.473604,117424160,3695761515.8
2011-01-07,31.589964,117924160,3725220025.08
2011-01-10,31.416812,118724160,3729934565.85
2011-01-11,31.460148,117524160,3697327459.44
2011-01-12,31.619493,117124160,3703406600.22
2011-01-13,31.605002,117124160,3701709308.48
2011-01-14,31.740474,118274160,3754077938.76
2011-01-18,31.815468,120274160,3826578680.51
2011-01-19,31.779421,120074160,3815887238.94
2011-01-20,31.977074,120874160,3865201906.42
2011-01-21,31.954629,119974160,3833729748.95
2011-01-24,32.125491,120224160,3862260130.18
2011-01-25,32.0817,120974160,3881056753.03
2011-01-26,31.96391,121474160,3882789086.71
2011-01-27,32.084276,121474160,3897410461.9
2011-01-28,31.664126,121474160,3846373084.18
2011-01-31,31.6945,122024160,3867494748.5
2011-02-01,32.038931,121224160,3883892525.55
2011-02-02,31.874421,121474160,3871918506.58
2011-02-03,31.980126,121024160,3870367907.99
2011-02-04,31.799868,120074160,3818342419.06
2011-02-07,32.012701,120074160,3843898141.64
2011-02-08,32.017107,120074160,3844427241.45
2011-02-09,32.024447,120074160,3845308527.45
2011-02-10,32.061464,119624160,3835325664.34
2011-02-11,32.031411,121174160,3881379356.99
2011-02-14,31.799637,118924160,3781745097.19
2011-02-15,31.90497,118274160,3773533541.67
2011-02-16,31.798651,118274160,3760958732.72
2011-02-17,31.894262,117674160,3753130469.78
2011-02-18,31.895595,114824160,3662384866.33
2011-02-22,31.786459,114374160,3635549503.39
2011-02-23,31.674573,114274160,3619585239.01
2011-02-24,31.571592,115174160,3636231540.81
2011-02-25,31.76086,115524160,3669146681.35
2011-02-28,32.099461,115074160,3693818529.03
2011-03-01,31.804637,117474160,3736223036.02
2011-03-02,31.895845,117774160,3756506395.85
2011-03-03,32.198404,119274160,3840437645.88
2011-03-04,32.013161,119024160,3810339567.36
2011-03-07,32.134123,119524160,3840804031.33
2011-03-08,32.490544,120424160,3912646436.45
2011-03-09,32.847209,120574160,3960524652.4
2011-03-10,32.440438,122424160,3971493329.08
2011-03-11,32.536994,123624160,4022358513.19
2011-03-14,32.09292,124224160,3986716036.1
2011-03-15,31.498306,126324160,3978997026.8
2011-03-16,30.985756,125924160,3901855320.67
2011-03-17,31.053382,124974160,3880870332.46
2011-03-18,30.861952,124874160,3853860289.83
2011-03-21,31.257423,125424160,3920435971.68
2011-03-22,31.289541,124424160,3893174880.38
2011-03-23,31.277671,123924160,3876059070.88
2011-03-24,31.388509,123374160,3872530983.59
2011-03-25,31.390031,123374160,3872718662.62
2011-03-28,31.283527,123374160,3859578812.71
2011-03-29,31.585427,123724160,3907880462.57
2011-03-30,31.966741,121724160,3891124718.95
2011-03-31,31.876009,123424160,3934269636.98
2011-04-01,32.102218,123324160,3958979110.69
2011-04-04,32.077937,123974160,3976835305.83
2011-04-05,31.972675,127024160,4061302147.66
2011-04-06,32.212836,127674160,4112746780.63
2011-04-07,32.07341,130674160,4191165959.53
2011-04-08,31.996724,131624160,4211541930.55
2011-04-11,31.562706,131224160,4141789628.48
2011-04-12,31.491542,130774160,4118279921.08
2011-04-13,31.597694,127874160,4040528640.47
2011-04-14,31.758898,128224160,4072257983.54
2011-04-15,32.105492,128224160,4116699765.08
2011-04-18,31.831061,128274160,4083102567.6
2011-04-19,31.832586,129274160,4115130872.61
2011-04-20,32.187703,132324160,4259210819.96
2011-04-21,32.244707,133224160,4295774034.3
2011-04-25,32.265476,132474160,4274341791.41
2011-04-26,32.539758,132974160,4326946970.32
2011-04-27,32.802998,131624160,4317667082.44
2011-04-28,33.083711,132524160,4384390991.73
2011-04-29,33.153035,130574160,4328929682.84
2011-05-02,33.176684,131424160,4360217787.62
2011-05-03,33.397983,131424160,4389301851.36
2011-05-04,33.337434,128624160,4287999411.99
2011-05-05,33.09295,126374160,4182093789.19
2011-05-06,33.284413,125974160,4192975910.45
2011-05-09,33.363901,124774160,4162952712.09
2011-05-10,33.817227,123424160,4173862887.1
2011-05-11,33.744603,124974160,4217203396.42
2011-05-12,34.069145,124824160,4252652438.78
2011-05-13,33.920105,124724160,4230656586.94
2011-05-16,33.934933,124224160,4215538536.7
2011-05-17,34.182535,126674160,4330043961.32
2011-05-18,34.095564,129124160,4402561015.34
2011-05-19,34.165541,129474160,4423554660.15
2011-05-20,34.15688,129474160,4422433322.41
2011-05-23,33.750788,129574160,4373230025.0
2011-05-24,33.692654,129574160,4365697344.26
2011-05-25,33.61619,129324160,4347385537.49
2011-05-26,33.593483,128974160,4332691286.38
2011-05-27,33.627482,129424160,4352208612.52
2011-05-31,33.85523,129024160,4368142580.31
2011-06-01,33.509051,129024160,4323477197.7
2011-06-02,33.416656,129724160,4334947603.46
2011-06-03,33.182415,129974160,4312856465.17
2011-06-06,33.031487,130874160,4322968157.99
2011-06-07,33.088257,130974160,4333706721.65
2011-06-08,33.162936,135124160,4481113895.48
2011-06-09,33.179179,135124160,4483308702.02
2011-06-10,32.989889,136174160,4492370368.82
2011-06-13,33.113373,139274160,4611837216.98
2011-06-14,33.245997,139974160,4653580459.61
2011-06-15,32.841173,139974160,4596915586.49
2011-06-16,33.113553,139974160,4635041810.93
2011-06-17,32.98788,141924160,4681777100.38
2011-06-20,33.170579,142274160,4719316314.23
2011-06-21,33.206391,144224160,4789163882.3
2011-06-22,32.988296,144224160,4757709300.82
2011-06-23,32.707556,143124160,4681241421.96
2011-06-24,32.780287,142424160,4668704848.78
2011-06-27,33.031565,141024160,4658248725.04
2011-06-28,33.207519,140974160,4681402142.16
2011-06-29,33.35482,140374160,4682154830.22
2011-06-30,33.477304,140374160,4699348413.26
2011-07-01,33.886867,140224160,4751757390.09
2011-07-05,33.686293,138474160,4664681071.49
2011-07-06,33.752281,138474160,4673818782.54
2011-07-07,33.883659,137974160,4675069453.86
2011-07-08,33.767623,137224160,4633733742.06
2011-07-11,33.3908,137724160,4598719843.7
2011-07-12,33.544725,136374160,4574633654.86
2011-07-13,33.465132,136324160,4562106046.0
2011-07-14,33.316616,135924160,4528532980.07
2011-07-15,33.368385,134624160,4492190802.31
2011-07-18,33.054068,136124160,4499457233.84
2011-07-19,33.322844,135624160,4519382761.53
2011-07-20,33.515278,133624160,4478450930.8
2011-07-21,34.028585,133624160,4547041075.39
2011-07-22,33.838646,133124160,4504741364.31
2011-07-25,33.928693,133374160,4525210922.24
2011-07-26,33.805644,133574160,4515560486.18
2011-07-27,33.692252,133574160,4500414280.0
2011-07-28,33.495455,136524160,4572938822.98
2011-07-29,33.164117,137224160,4550918104.61
2011-08-01,33.262965,138224160,4597745373.09
2011-08-02,32.729105,139924160,4579592455.86
2011-08-03,32.71339,141124160,4616649624.55
2011-08-04,31.657872,141624160,4483519560.57
2011-08-05,31.932134,142124160,4538327773.32
2011-08-08,30.210485,143574160,4337445027.47
2011-08-09,31.189461,142824160,4454608536.35
2011-08-10,30.584316,147574160,4513454792.89
2011-08-11,31.900279,147124160,4693301824.39
2011-08-12,31.712836,148224160,4700608529.62
2011-08-15,32.821589,149874160,4919108054.2
2011-08-16,32.72386,158024160,5171160465.41
2011-08-17,32.99179,161274160,5320723222.49
2011-08-18,32.574152,164124160,5346205265.57
2011-08-19,32.325164,168574160,5449187351.13
2011-08-22,32.28565,168924160,5453826321.69
2011-08-23,32.876751,170574160,5607924100.91
2011-08-24,33.566498,169724160,5697045673.81
2011-08-25,33.061619,171474160,5669213330.17
2011-08-26,33.026837,171174160,5653341129.66
2011-08-29,33.669219,172124160,5795286037.07
2011-08-30,33.665182,175474160,5907369503.65
2011-08-31,33.908705,177124160,6006050844.08
2011-09-01,33.701944,177274160,5974483794.71
2011-09-02,33.315122,177274160,5905910316.72
2011-09-06,33.132014,179324160,5941370600.62
2011-09-07,33.495562,179774160,6021636607.54
2011-09-08,33.475381,179774160,6018008479.39
2011-09-09,32.798543,180574160,5922569391.48
2011-09-12,33.073198,181574160,6005238086.86
2011-09-13,33.255378,181274160,6028340720.53
2011-09-14,33.507456,183424160,6146076942.49
2011-09-15,33.960836,183774160,6241124200.36
2011-09-16,33.964966,183774160,6241883114.26
2011-09-19,33.808408,185574160,6273966921.73
2011-09-20,34.274403,186924160,6406714063.76
2011-09-21,33.682417,192774160,6493099594.81
2011-09-22,33.074048,194774160,6441969965.25
2011-09-23,33.393583,193524160,6462465029.25
2011-09-26,33.671275,194124160,6536408028.93
2011-09-27,33.765867,194424160,6564900412.29
2011-09-28,33.46581,194824160,6519948370.17
2011-09-29,33.991558,195824160,6656368304.22
2011-09-30,33.615847,196224160,6596241377.4
2011-10-03,32.838759,197574160,6488090173.52
2011-10-04,32.686794,199374160,6516902084.42
2011-10-05,32.698554,199374160,6519246706.49
2011-10-06,33.241079,198774160,6607467509.4
2011-10-07,33.376501,200324160,6686119544.16
2011-10-10,34.043959,200824160,6836849488.82
2011-10-11,33.685712,201374160,6783432003.75
2011-10-12,33.639539,199924160,6725356663.35
2011-10-13,33.648754,199474160,6712056869.42
2011-10-14,33.936406,200124160,6791494701.87
2011-10-17,33.846888,200424160,6783734132.25
2011-10-18,34.084489,200674160,6839876111.93
2011-10-19,34.119076,200774160,6850228733.27
2011-10-20,34.314953,200474160,6879261278.11
2011-10-21,34.87792,199774160,6967707082.79
2011-10-24,34.736009,200374160,6960198711.96
2011-10-25,34.302209,199324160,6837259030.27
2011-10-26,34.526297,196774160,6793883125.34
2011-10-27,35.266106,196774160,6939458358.45
2011-10-28,35.048349,196724160,6894856926.92
2011-10-31,34.821935,196374160,6838128274.59
2011-11-01,34.134925,196774160,6716871236.57
2011-11-02,34.701409,199074160,6908153804.68
2011-11-03,35.159468,200274160,7041532974.11
2011-11-04,34.968003,206474160,7219988990.22
2011-11-07,35.18762,206824160,7277649854.67
2011-11-08,35.386896,206274160,7299402200.76
2011-11-09,34.623859,208324160,7212986412.43
2011-11-10,34.868212,209174160,7293529014.3
2011-11-11,35.34504,208974160,7386200145.44
2011-11-14,34.954461,208974160,7304579029.75
2011-11-15,35.016651,212074160,7426126835.49
2011-11-16,34.59096,211974160,7332389599.47
2011-11-17,34.387542,212574160,7309902948.95
2011-11-18,34.605371,211624160,7323332483.82
2011-11-21,34.195695,211174160,7221247123.94
2011-11-22,33.782925,211124160,7132391701.67
2011-11-23,33.268621,205474160,6835841867.17
2011-11-25,33.419969,205474160,6866940039.98
2011-11-28,33.858641,205474160,6957075732.81
2011-11-29,34.234572,206174160,7058284075.02
2011-11-30,35.196833,206524160,7268996411.9
2011-12-01,35.11634,205524160,7217256320.84
2011-12-02,34.752046,206674160,7182349977.59
2011-12-05,35.04144,206224160,7226391508.15
2011-12-06,35.119462,206224160,7242481625.91
2011-12-07,35.047712,206624160,7241704003.29
2011-12-08,34.543733,207124160,7154841631.76
2011-12-09,35.021608,206374160,7227554864.01
2011-12-12,34.689682,205374160,7124364258.18
2011-12-13,34.874838,205374160,7162390588.68
2011-12-14,34.593003,205624160,7113157208.17
2011-12-15,35.065424,205074160,7191012323.13
2011-12-16,34.568739,206774160,7147921942.71
2011-12-19,34.292474,208324160,7143950914.74
2011-12-20,35.021751,208374160,7297627890.62
2011-12-21,35.540153,210074160,7466067692.1
2011-12-22,35.581081,212074160,7545827786.41
2011-12-23,35.828924,212724160,7621677673.24
2011-12-27,36.113317,213274160,7702037449.53
2011-12-28,35.921049,213924160,7684380203.78
2011-12-29,36.205242,213274160,7721642487.56
2011-12-30,35.969008,213024160,7662267770.49
2012-01-03,35.358682,213124160,7535789336.08
2012-01-04,35.16728,209274160,7359603015.97
2012-01-05,35.218073,206874160,7285709206.27
2012-01-06,35.01755,209974160,7352780565.15
2012-01-09,35.081341,208674160,7320569372.95
2012-01-10,35.129877,208924160,7339480143.88
2012-01-11,34.983231,208924160,7308842085.33
2012-01-12,34.91622,208274160,7272146487.53
2012-01-13,34.864913,207974160,7251000998.9
2012-01-17,34.875197,209224160,7296733767.75
2012-01-18,34.865129,208324160,7263248622.16
2012-01-19,34.570698,208124160,7194997484.21
2012-01-20,34.654925,208124160,7212527055.95
2012-01-23,34.74863,207824160,7221604905.12
2012-01-24,34.473635,193774160,6680099671.25
2012-01-25,35.039251,193424160,6777437776.52
2012-01-26,35.145383,196774160,6915703294.16
2012-01-27,34.679966,197724160,6857067188.85
2012-01-30,34.513496,196924160,6796541137.59
2012-01-31,34.661676,195174160,6765063456.0
2012-02-01,34.791635,195274160,6793907268.55
2012-02-02,34.717263,195574160,6789799483.74
2012-02-03,34.819231,195224160,6797555136.84
2012-02-06,34.688953,193424160,6709681584.86
2012-02-07,34.93843,191874160,6703781941.37
2012-02-08,34.953035,190074160,6643668798.09
2012-02-09,34.872609,190024160,6626638325.94
2012-02-10,34.831574,188424160,6563109980.08
2012-02-13,34.768365,188424160,6551199936.26
2012-02-14,34.833988,186774160,6506088825.75
2012-02-15,34.676543,186074160,6452408653.47
2012-02-16,35.06789,184174160,6458599199.82
2012-02-17,35.023831,183024160,6410207306.82
2012-02-21,34.935641,182974160,6392319657.17
2012-02-22,34.996737,182024160,6370251661.78
2012-02-23,34.926687,182524160,6374964237.95
2012-02-24,35.090568,182824160,6415403652.26
2012-02-27,35.027994,182924160,6407466328.37
2012-02-28,34.902919,182924160,6384587112.33
2012-02-29,34.908797,181174160,6324572060.15
2012-03-01,34.983492,181424160,6346850681.05
2012-03-02,34.986463,181074160,6335144422.86
2012-03-05,35.051522,181974160,6378471211.2
2012-03-06,34.884533,182324160,6360293201.69
2012-03-07,34.912131,180974160,6318193494.51
2012-03-08,35.040733,180124160,6311682618.59
2012-03-09,35.206302,179424160,6316861125.01
2012-03-12,35.601175,180424160,6423312182.42
2012-03-13,35.674536,184924160,6597083577.28
2012-03-14,35.172206,186224160,6549914559.18
2012-03-15,35.14784,186324160,6548891782.03
2012-03-16,34.734455,185124160,6430186861.18
2012-03-19,34.561323,184274160,6368758778.36
2012-03-20,34.610674,179324160,6206530013.9
2012-03-21,34.556419,182924160,6321203906.59
2012-03-22,34.583277,183924160,6360700138.79
2012-03-23,34.587754,184574160,6384005571.91
2012-03-26,34.851751,185174160,6453643644.66
2012-03-27,35.002029,183024160,6406216909.94
2012-03-28,34.733118,181724160,6311846664.07
2012-03-29,34.862573,181624160,6331885454.63
2012-03-30,35.05221,181074160,6347049418.46
2012-04-02,35.198065,180174160,6341781710.35
2012-04-03,35.215408,176974160,6232217316.51
2012-04-04,35.160048,174974160,6152099906.0
2012-04-05,34.902277,174924160,6105251570.0
2012-04-09,34.714066,175124160,6079271584.85
2012-04-10,34.253866,176624160,6050060267.94
2012-04-11,34.3255,176124160,6045549871.15
2012-04-12,34.45379,176074160,6066422088.48
2012-04-13,34.316514,175174160,6011366471.94
2012-04-16,34.652143,175474160,6080555643.69
2012-04-17,34.873699,177624160,6194411408.9
2012-04-18,34.773284,177124160,6159188654.57
2012-04-19,34.67106,175874160,6097743564.25
2012-04-20,35.028493,175874160,6160606865.22
2012-04-23,34.826338,176024160,6130276855.72
2012-04-24,35.096848,176874160,6207725433.92
2012-04-25,35.273658,176474160,6224889139.99
2012-04-26,35.499125,176424160,6262903330.17
2012-04-27,35.622159,175574160,6254330718.65
2012-04-30,35.683608,177124160,6320429110.86
2012-05-01,35.852723,177274160,6355761420.38
2012-05-02,35.647808,179674160,6404989966.93
2012-05-03,35.503365,180024160,6391463446.62
2012-05-04,35.55642,182274160,6481016657.91
2012-05-07,35.470559,183224160,6499063351.34
2012-05-08,35.5644,183224160,6516257339.65
2012-05-09,35.538644,182924160,6500876674.08
2012-05-10,35.930771,182324160,6551047654.98
2012-05-11,35.939872,182924160,6574270884.65
2012-05-14,35.858248,183424160,6577268974.31
2012-05-15,35.656447,184824160,6590172912.42
2012-05-16,35.687256,186374160,6651182330.71
2012-05-17,35.472448,183674160,6515372133.52
2012-05-18,35.447584,183874160,6517894776.59
2012-05-21,35.512907,184174160,6540559830.93
2012-05-22,35.725742,184574160,6594048832.57
2012-05-23,35.494191,182524160,6478547434.61
2012-05-24,35.685383,179624160,6409956924.67
2012-05-25,35.758222,177424160,6344372415.49
2012-05-29,35.905458,176224160,6327409127.74
2012-05-30,35.645211,177224160,6317192537.27
2012-05-31,35.874798,177674160,6374024604.27
2012-06-01,35.730127,177874160,6355466301.4
2012-06-04,35.856482,178524160,6401248264.66
2012-06-05,35.988622,177824160,6399646520.29
2012-06-06,36.463165,177424160,6469446491.25
2012-06-07,36.725845,170574160,6264480159.46
2012-06-08,36.85757,174774160,6441750838.44
2012-06-11,36.778388,178724160,6573186567.26
2012-06-12,36.856497,178524160,6579775239.4
2012-06-13,36.833224,180074160,6632711899.82
2012-06-14,37.129312,181724160,6747292975.76
2012-06-15,36.946619,182724160,6751039883.56
2012-06-18,37.086447,183524160,6806259043.9
2012-06-19,37.027169,183774160,6804636802.68
2012-06-20,36.622671,184124160,6743118447.95
2012-06-21,36.239699,181624160,6582004843.38
2012-06-22,36.28113,179274160,6504269043.37
2012-06-25,36.17764,179574160,6496569396.5
2012-06-26,36.273865,180774160,6557377429.73
2012-06-27,36.669775,179774160,6592277940.07
2012-06-28,36.76448,181774160,6682832395.25
2012-06-29,36.969074,180774160,6683053277.95
2012-07-02,37.233717,179974160,6701106999.48
2012-07-03,37.13026,179474160,6663922213.27
2012-07-05,36.942462,179474160,6630217335.76
2012-07-06,36.818454,180874160,6659507029.27
2012-07-09,36.707459,180274160,6617406309.54
2012-07-10,36.788467,177924160,6545557124.29
2012-07-11,36.986994,177924160,6580879830.24
2012-07-12,37.001121,177574160,6570442961.59
2012-07-13,37.376827,175774160,6569880316.03
2012-07-16,37.306182,176774160,6594768969.87
2012-07-17,37.411947,176724160,6611594925.18
2012-07-18,37.560125,176624160,6634025554.03
2012-07-19,37.612192,176474160,6637579911.43
2012-07-20,37.685194,175474160,6612777847.43
2012-07-23,37.417556,177224160,6631294925.39
2012-07-24,37.094626,177724160,6592611256.6
2012-07-25,37.047121,175424160,6498960164.93
2012-07-26,37.665525,175424160,6607443108.73
2012-07-27,38.076873,175724160,6691026470.59
2012-07-30,38.244039,175674160,6718489387.35
2012-07-31,37.91797,175674160,6661207557.18
2012-08-01,37.671949,175324160,6604802840.35
2012-08-02,37.420223,173474160,6491441699.09
2012-08-03,37.863904,173974160,6587340960.56
2012-08-06,37.745174,173974160,6566685006.59
2012-08-07,37.399443,175224160,6553286010.88
2012-08-08,37.424256,174124160,6516467117.46
2012-08-09,37.444173,172424160,6456280114.93
2012-08-10,37.576388,172824160,6494107649.53
2012-08-13,37.465994,172824160,6475029011.39
2012-08-14,37.465691,172824160,6474976637.34
2012-08-15,37.309384,173124160,6459155687.8
2012-08-16,37.176899,172474160,6412054365.36
2012-08-17,37.123194,170774160,6339682281.21
2012-08-20,37.158771,170374160,6330894318.69
2012-08-21,36.908028,170274160,6284483454.04
2012-08-22,36.833287,169874160,6257023689.01
2012-08-23,36.44905,169374160,6173527287.97
2012-08-24,36.623915,168424160,6168352111.38
2012-08-27,36.688636,168424160,6179252728.82
2012-08-28,36.614774,168424160,6166812472.86
2012-08-29,36.545871,169374160,6189926183.65
2012-08-30,36.391825,169624160,6172932776.2
2012-08-31,36.356737,168624160,6130624275.56
2012-09-04,36.462711,167874160,6121147055.31
2012-09-05,36.324504,171674160,6235978776.19
2012-09-06,36.758812,172174160,6328917539.47
2012-09-07,36.63552,171524160,6283876864.48
2012-09-10,36.585946,170224160,6227811891.42
2012-09-11,36.475038,169674160,6188871370.61
2012-09-12,36.284097,169424160,6147402669.9
2012-09-13,36.812884,169424160,6236992028.56
2012-09-14,36.535959,169024160,6175459818.91
2012-09-17,36.325401,167974160,6101728716.76
2012-09-18,36.178924,167624160,6064461732.21
2012-09-19,36.255605,169224160,6135324304.64
2012-09-20,36.386011,161174160,5864484719.82
2012-09-21,36.025865,162424160,5851470850.7
2012-09-24,36.383595,163474160,5947777560.37
2012-09-25,36.271225,166474160,6038221764.61
2012-09-26,36.371749,168324160,6122244143.11
2012-09-27,36.226595,168624160,6108679141.74
2012-09-28,36.394989,169224160,6158911442.73
2012-10-01,36.244093,166474160,6033705006.45
2012-10-02,36.397208,165224160,6013698106.58
2012-10-03,36.600148,166774160,6103958911.32
2012-10-04,36.81969,166674160,6136890899.67
2012-10-05,36.749711,167674160,6161976877.23
2012-10-08,36.787201,167674160,6168262981.84
2012-10-09,36.756429,166524160,6120833449.57
2012-10-10,36.661483,166374160,6099523473.43
2012-10-11,36.694976,169274160,6211511301.89
2012-10-12,36.480946,167774160,6120560003.08
2012-10-15,36.674505,167774160,6153034328.06
2012-10-16,36.784079,166774160,6134633818.8
2012-10-17,37.243439,165874160,6177724177.74
2012-10-18,37.400472,166324160,6220602104.43
2012-10-19,37.145221,164874160,6124287160.14
2012-10-22,37.001721,166274160,6152430120.75
2012-10-23,36.666071,165874160,6081953653.53
2012-10-24,36.430318,166224160,6055598936.33
2012-10-25,36.585162,164924160,6033777075.0
2012-10-26,36.585201,164024160,6000856850.38
2012-10-29,36.585031,163774160,5991682761.1
2012-10-30,36.584855,163774160,5991653921.59
2012-10-31,36.909291,163774160,6044788071.49
2012-11-01,36.522226,166174160,6069050262.75
2012-11-02,36.266188,166824160,6050076431.82
2012-11-05,35.683787,168024160,5995738349.32
2012-11-06,35.689761,167024160,5961052429.2
2012-11-07,34.934598,166374160,5812214412.18
2012-11-08,34.8875,165674160,5779957285.69
2012-11-09,34.667912,165474160,5736643662.47
2012-11-12,34.363772,166024160,5705216419.13
2012-11-13,34.516226,166624160,5751237133.96
2012-11-14,34.266035,171274160,5868886346.27
2012-11-15,34.034825,171974160,5853110435.63
2012-11-16,34.403393,175924160,6052388000.11
2012-11-19,34.397339,179524160,6175153443.56
2012-11-20,34.31936,172074160,5905474992.98
2012-11-21,34.184212,166824160,5702752415.23
2012-11-23,34.094119,162374160,5536003930.09
2012-11-26,34.53125,162374160,5606982729.89
2012-11-27,34.611334,166774160,5772276202.17
2012-11-28,34.786239,167824160,5837971255.91
2012-11-29,34.981412,165874160,5802512320.02
2012-11-30,35.32237,165874160,5859068504.7
2012-12-03,35.099292,164574160,5776436514.61
2012-12-04,34.916808,162274160,5666095762.79
2012-12-05,35.476091,160874160,5707186272.22
2012-12-06,35.436767,162024160,5741612368.11
2012-12-07,35.452546,161624160,5729988025.12
2012-12-10,35.470187,162074160,5748800708.37
2012-12-11,35.536899,162074160,5759613076.56
2012-12-12,35.495348,161574160,5735131030.57
2012-12-13,35.343141,161274160,5699935436.98
2012-12-14,35.218455,160524160,5653412892.25
2012-12-17,35.746724,160524160,5738212799.71
2012-12-18,36.01937,160224160,5771173356.17
2012-12-19,35.717996,162024160,5787178266.21
2012-12-20,35.863758,161024160,5774931468.78
2012-12-21,35.274845,160724160,5669519886.33
2012-12-24,35.162989,159574160,5611104453.41
2012-12-26,34.853097,160174160,5582565557.48
2012-12-27,34.800248,160674160,5591500685.37
2012-12-28,34.457779,158824160,5472727856.95
2012-12-31,34.936641,156224160,5457947329.87
2013-01-02,35.568109,150324160,5346746069.1
2013-01-03,35.568384,149324160,5311219080.18
2013-01-04,35.76073,153674160,5495500165.17
2013-01-07,35.350768,152624160,5395381209.67
2013-01-08,35.283323,151824160,5356860804.46
2013-01-09,35.204174,151024160,5316680876.57
2013-01-10,35.368207,151174160,5346758994.3
2013-01-11,35.390373,150974160,5343031851.36
2013-01-14,35.340099,149824160,5294800660.96
2013-01-15,35.445513,148924160,5278693260.12
2013-01-16,35.2697,148924160,5252510448.55
2013-01-17,35.406575,149924160,5308300994.46
2013-01-18,35.707217,147724160,5274818691.05
2013-01-22,35.99913,147874160,5323341115.55
2013-01-23,35.888134,148674160,5335638184.92
2013-01-24,36.059138,148324160,5348441367.89
2013-01-25,36.257252,147574160,5350633470.27
2013-01-28,36.195362,148074160,5359597808.75
2013-01-29,36.478629,145924160,5323113346.01
2013-01-30,36.496469,146324160,5340315169.04
2013-01-31,36.619832,146824160,5376676004.65
2013-02-01,36.692472,146774160,5385506806.39
2013-02-04,36.453843,147324160,5370531819.37
2013-02-05,36.540591,150924160,5514857978.68
2013-02-06,36.643714,152524160,5589051706.44
2013-02-07,36.705097,150324160,5517662933.4
2013-02-08,36.700089,150124160,5509570000.53
2013-02-11,36.785207,149674160,5505794935.59
2013-02-12,36.949137,150424160,5558042915.89
2013-02-13,36.927121,149924160,5536267597.95
2013-02-14,36.632641,150874160,5526918865.02
2013-02-15,36.732627,149124160,5477722125.09
2013-02-19,37.064143,151424160,5612406719.2
2013-02-20,36.981943,151224160,5592563216.01
2013-02-21,36.813644,150474160,5539502117.59
2013-02-22,37.199987,151124160,5621816735.2
2013-02-25,36.812409,151324160,5570606820.64
2013-02-26,36.966374,150324160,5556939059.4
2013-02-27,37.338987,149924160,5598016256.53
2013-02-28,37.429482,150874160,5647141583.22
2013-03-01,37.513404,152074160,5704819397.41
2013-03-04,37.867279,152524160,5775674946.18
2013-03-05,38.07927,156074160,5943190082.21
2013-03-06,38.057387,153874160,5856048426.08
2013-03-07,37.902865,154674160,5862593729.86
2013-03-08,37.991038,152774160,5804048977.08
2013-03-11,38.108278,147774160,5631418831.25
2013-03-12,37.975442,148274160,5630776810.03
2013-03-13,38.120238,147924160,5638904254.5
2013-03-14,38.215234,150374160,5746583733.91
2013-03-15,38.130505,152324160,5808197178.81
2013-03-18,37.913027,154574160,5860374326.5
2013-03-19,38.010661,155574160,5913476643.38
2013-03-20,38.289446,158474160,6067887867.88
2013-03-21,38.101442,157224160,5990467188.75
2013-03-22,38.172963,156324160,5967356386.33
2013-03-25,38.079305,156324160,5952715366.26
2013-03-26,38.476661,155124160,5968659643.55
2013-03-27,38.625079,153874160,5943401652.5
2013-03-28,39.105315,152524160,5964505397.59
2013-04-01,39.027279,153224160,5979922027.99
2013-04-02,39.169377,152424160,5970359327.87
2013-04-03,39.059884,150824160,5891174226.78
2013-04-04,39.416653,151324160,5964691920.23
2013-04-05,39.585536,150024160,5938786836.28
2013-04-08,39.899731,151024160,6025823349.74
2013-04-09,39.769098,151424160,6022002311.41
2013-04-10,40.077725,149574160,5994592122.98
2013-04-11,40.191659,149974160,6027710259.23
2013-04-12,40.318107,154074160,6211978447.45
2013-04-15,39.749436,155174160,6168085367.84
2013-04-16,40.212166,156124160,6278090655.06
2013-04-17,39.999512,156274160,6250890070.75
2013-04-18,40.145279,158274160,6353960348.4
2013-04-19,40.725161,158524160,6455922002.87
2013-04-22,40.69886,159474160,6490416532.0
2013-04-23,40.798936,159674160,6514535839.96
2013-04-24,40.922877,158124160,6470895540.44
2013-04-25,40.956034,157824160,6463851635.28
2013-04-26,40.961233,156724160,6419614809.01
2013-04-29,41.306818,157574160,6508887211.95
2013-04-30,41.427037,157174160,6511259775.86
2013-05-01,41.02911,156324160,6413841130.95
2013-05-02,40.960341,156324160,6403090863.36
2013-05-03,40.905524,156324160,6394521601.66
2013-05-06,40.327255,153424160,6187175220.77
2013-05-07,40.701273,151924160,6183506728.88
2013-05-08,40.361097,152324160,6147970216.96
2013-05-09,39.723615,152624160,6062783386.21
2013-05-10,39.829994,152224160,6063087362.36
2013-05-13,39.629073,154174160,6109779050.8
2013-05-14,39.896072,152074160,6067161642.87
2013-05-15,40.260479,154074160,6203099494.86
2013-05-16,39.932483,154374160,6164543490.44
2013-05-17,40.334793,153524160,6192365246.43
2013-05-20,40.151321,152524160,6124046441.29
2013-05-21,40.195422,153274160,6160919519.4
2013-05-22,39.539007,152824160,6042515543.34
2013-05-23,39.241417,149774160,5877350203.16
2013-05-24,38.841926,149574160,5809748392.0
2013-05-28,38.385826,149574160,5741527626.62
2013-05-29,37.810484,149724160,5661142971.92
2013-05-30,37.910743,151224160,5733020202.3
2013-05-31,37.68641,152324160,5740550687.83
2013-06-03,37.760839,155774160,5882162947.17
2013-06-04,37.604171,159974160,6015695686.88
2013-06-05,37.293551,159024160,5930575680.59
2013-06-06,37.758136,156124160,5894957326.46
2013-06-07,38.027458,158674160,6033975031.77
2013-06-10,37.95592,157224160,5967587616.8
2013-06-11,37.714121,155774160,5874885554.77
2013-06-12,37.316115,155174160,5790496738.94
2013-06-13,37.945256,154024160,5844486158.79
2013-06-14,37.984797,157124160,5968329324.85
2013-06-17,38.107174,157524160,6002800615.87
2013-06-18,38.381351,156624160,6011446904.26
2013-06-19,37.50207,155274160,5823102357.5
2013-06-20,36.431669,148974160,5427377328.85
2013-06-21,36.539431,145424160,5313716097.22
2013-06-24,36.530595,142774160,5215625042.62
2013-06-25,36.978579,141624160,5237060175.42
2013-06-26,37.470603,143924160,5392925034.33
2013-06-27,37.524695,143824160,5396957807.27
2013-06-28,37.661722,148374160,5588026305.31
2013-07-01,37.16918,148874160,5533530402.29
2013-07-02,37.147575,149474160,5552602613.53
2013-07-03,37.091355,149474160,5544199162.92
2013-07-05,36.911994,149324160,5511852448.96
2013-07-08,37.44103,143974160,5390540877.61
2013-07-09,37.723382,143274160,5404785854.5
2013-07-10,37.902565,142924160,5417192218.14
2013-07-11,38.516636,142974160,5506883734.72
2013-07-12,38.646305,145574160,5625903446.2
2013-07-15,39.258821,146974160,5770032265.88
2013-07-16,39.06315,147124160,5747133170.8
2013-07-17,39.025104,149024160,5815683293.96
2013-07-18,39.404486,148774160,5862369309.8
2013-07-19,39.374518,147274160,5798849060.48
2013-07-22,39.353371,147574160,5807540625.22
2013-07-23,39.464103,146174160,5768632069.17
2013-07-24,38.853154,146624160,5696811078.38
2013-07-25,39.19724,145774160,5713944684.25
2013-07-26,39.336427,146224160,5751935973.45
2013-07-29,39.420603,148774160,5864767134.3
2013-07-30,39.529003,148774160,5880894268.04
2013-07-31,39.256289,150274160,5899205830.72
2013-08-01,39.589506,150224160,5947300238.26
2013-08-02,39.555901,148174160,5861162390.0
2013-08-05,39.292642,148174160,5822154191.9
2013-08-06,39.070249,146874160,5738409983.42
2013-08-07,39.267714,142824160,5608378248.0
2013-08-08,39.421748,143574160,5659944299.32
2013-08-09,39.155231,143574160,5621679389.35
2013-08-12,38.9285,145574160,5666983739.52
2013-08-13,38.729508,145474160,5634142682.5
2013-08-14,38.494857,142174160,5472973987.74
2013-08-15,37.956836,140774160,5343341711.15
2013-08-16,37.550922,138774160,5211097695.69
2013-08-19,37.257841,136474160,5084732488.1
2013-08-20,37.569643,139024160,5223088101.26
2013-08-21,37.135244,144524160,5366939886.21
2013-08-22,37.377838,143524160,5364622734.4
2013-08-23,37.667198,143824160,5417453055.2
2013-08-26,37.373329,145774160,5448065601.67
2013-08-27,37.357316,145774160,5445731356.48
2013-08-28,37.493089,144924160,5433654385.11
2013-08-29,37.296737,144624160,5394009244.37
2013-08-30,37.308545,144624160,5395716990.34
2013-09-03,36.887796,145024160,5349621563.21
2013-09-04,36.875579,143974160,5309130446.71
2013-09-05,36.73617,143224160,5261507027.29
2013-09-06,36.969894,142124160,5254315114.64
2013-09-09,37.126626,143274160,5319286158.86
2013-09-10,37.390908,142124160,5314151399.76
2013-09-11,37.050426,143874160,5330598988.96
2013-09-12,36.948559,141274160,5219876626.25
2013-09-13,37.233261,144824160,5392275705.09
2013-09-16,37.313559,141724160,5288232784.23
2013-09-17,37.528756,142474160,5346877932.09
2013-09-18,38.649191,142224160,5496848693.28
2013-09-19,38.472042,145524160,5598611624.24
2013-09-20,37.550745,143024160,5370663714.79
2013-09-23,37.988122,140274160,5328751859.59
2013-09-24,37.949871,141224160,5359438620.68
2013-09-25,37.684352,140674160,5301214534.73
2013-09-26,37.656173,140124160,5276539549.14
2013-09-27,37.402846,139424160,5214860390.94
2013-09-30,37.358281,138524160,5175024476.51
2013-10-01,37.491252,138524160,5193444251.48
2013-10-02,37.546344,135524160,5088436732.53
2013-10-03,37.082576,135924160,5040417946.69
2013-10-04,37.159444,136424160,5069445896.99
2013-10-07,36.99424,136424160,5046908058.45
2013-10-08,37.228279,136474160,5080698152.33
2013-10-09,37.390988,136774160,5114120988.1
2013-10-10,37.944474,137474160,5216384629.27
2013-10-11,38.114607,136974160,5220716343.4
2013-10-14,37.894545,136974160,5190573523.37
2013-10-15,37.369119,134874160,5040128552.28
2013-10-16,37.735575,133924160,5053705150.07
2013-10-17,38.34112,136624160,5238323276.96
2013-10-18,38.44436,141924160,5456183559.19
2013-10-21,38.364998,142124160,5452593103.41
2013-10-22,38.850524,141574160,5500230365.69
2013-10-23,38.860762,144674160,5622148130.33
2013-10-24,38.769981,144124160,5587690897.15
2013-10-25,39.210191,144624160,5670740908.71
2013-10-28,39.11974,144124160,5638099714.19
2013-10-29,39.174324,144224160,5649883946.02
2013-10-30,38.928172,142574160,5550151484.83
2013-10-31,38.768711,140974160,5465386439.17
2013-11-01,39.052031,137874160,5384265984.25
2013-11-04,39.141237,135774160,5314368606.52
2013-11-05,38.869159,138324160,5376543823.79
2013-11-06,39.401077,137974160,5436330493.09
2013-11-07,39.017966,137974160,5383471112.05
2013-11-08,38.954659,139824160,5446802525.31
2013-11-11,38.962159,138574160,5399148451.75
2013-11-12,38.609852,137574160,5311717973.85
2013-11-13,38.795801,135074160,5240310291.14
2013-11-14,39.124472,135174160,5288617621.53
2013-11-15,39.359379,136074160,5355794470.49
2013-11-18,39.323162,135724160,5337103117.14
2013-11-19,39.047102,134824160,5264492700.73
2013-11-20,38.583529,129424160,4993640836.68
2013-11-21,38.67905,127174160,4918975655.86
2013-11-22,38.662785,127574160,4932372258.87
2013-11-25,38.509053,127524160,4910834588.09
2013-11-26,38.151079,126174160,4813680396.23
2013-11-27,38.049662,126674160,4819909002.42
2013-11-29,38.02847,126524160,4811520163.73
2013-12-02,37.885204,126474160,4791499329.9
2013-12-03,38.096665,127674160,4863959720.8
2013-12-04,38.219912,125374160,4791789315.88
2013-12-05,37.93616,125974160,4778975903.57
2013-12-06,38.413869,127724160,4906379143.22
2013-12-09,38.213464,126024160,4815819651.08
2013-12-10,37.818178,126124160,4769785939.38
2013-12-11,37.52477,127124160,4770304861.78
2013-12-12,37.569443,128124160,4813553324.38
2013-12-13,37.517607,127324160,4776897752.58
2013-12-16,37.737872,126824160,4786073907.94
2013-12-17,37.658961,126224160,4753470765.34
2013-12-18,38.154567,124624160,4754980884.42
2013-12-19,37.874598,127474160,4828032528.04
2013-12-20,37.819094,124724160,4716954792.6
2013-12-23,37.690868,126874160,4781997200.27
2013-12-24,37.831706,125024160,4729877308.51
2013-12-26,37.677853,134324160,5061045899.01
2013-12-27,37.784094,127574160,4820274069.34
2013-12-30,37.890925,118274160,4481517268.6
2013-12-31,37.978823,118524160,4501408082.58
2014-01-02,37.394049,118874160,4445186118.38
2014-01-03,37.285926,114324160,4262682131.64
2014-01-06,37.320302,120724160,4505462115.77
2014-01-07,37.65926,119924160,4516255115.47
2014-01-08,37.455778,120224160,4503089463.86
2014-01-09,37.670162,129474160,4877312539.72
2014-01-10,38.21196,129324160,4941729587.06
2014-01-13,37.863449,137624160,5210925398.54
2014-01-14,37.898144,130324160,4939043785.36
2014-01-15,37.819045,125624160,4750985731.31
2014-01-16,38.063368,124824160,4751227924.68
2014-01-17,38.051914,126674160,4820194258.5
2014-01-21,38.487843,127724160,4915827372.6
2014-01-22,38.531097,127224160,4902086452.58
2014-01-23,38.411648,126674160,4865763296.28
2014-01-24,37.981056,127924160,4858694728.03
2014-01-27,38.058664,131274160,4996119185.85
2014-01-28,38.214059,131274160,5016518540.52
2014-01-29,38.176116,128924160,4921823736.09
2014-01-30,38.792228,129174160,5010953419.32
2014-01-31,39.108375,129574160,5067434890.85
2014-02-03,38.804601,128824160,4998970114.4
2014-02-04,38.567708,129924160,5010877087.79
2014-02-05,38.377656,130024160,4990022538.95
2014-02-06,38.647467,129774160,5015442550.7
2014-02-07,38.886859,129174160,5023177299.74
2014-02-10,39.177801,131424160,5148909568.62
2014-02-11,39.537547,131524160,5200142684.61
2014-02-12,39.571244,133374160,5277781462.55
2014-02-13,40.025028,132024160,5284270697.77
2014-02-14,40.296056,134074160,5402659856.9
2014-02-18,40.408979,133174160,5381431774.43
2014-02-19,40.182228,133374160,5359270947.64
2014-02-20,40.506617,133374160,5402536023.2
2014-02-21,40.567721,132024160,5355919229.51
2014-02-24,40.444947,132124160,5343754630.45
2014-02-25,40.413142,131824160,5327428559.51
2014-02-26,40.276316,132074160,5319460618.62
2014-02-27,40.179893,133924160,5381058403.92
2014-02-28,40.43066,133674160,5404534528.72
2014-03-03,40.052619,133074160,5329968645.72
2014-03-04,40.367749,133074160,5371904267.87
2014-03-05,40.09363,131974160,5291323154.5
2014-03-06,39.87165,132274160,5273988952.58
2014-03-07,39.970555,127774160,5107204058.34
2014-03-10,39.910909,127074160,5071645235.78
2014-03-11,39.777056,124274160,4943260262.58
2014-03-12,40.283867,123224160,4963945722.74
2014-03-13,40.663924,125174160,5090072588.75
2014-03-14,40.897426,131974160,5397403397.64
2014-03-17,41.150368,137124160,5642709629.55
2014-03-18,41.085496,136724160,5617379981.63
2014-03-19,40.489247,136624160,5531809339.65
2014-03-20,40.528333,130024160,5269662441.36
2014-03-21,40.514333,133174160,5395462270.58
2014-03-24,40.611309,134124160,5446957747.08
2014-03-25,40.77713,134324160,5477353668.59
2014-03-26,40.615493,133024160,5402841808.96
2014-03-27,40.95447,127674160,5228827529.04
2014-03-28,41.022561,129324160,5305208269.59
2014-03-31,41.449574,125874160,5217430295.08
2014-04-01,41.182762,126424160,5206496143.56
2014-04-02,41.101843,127624160,5245588203.35
2014-04-03,41.235073,125624160,5180121466.39
2014-04-04,41.46746,125524160,5205168121.43
2014-04-07,41.38183,130524160,5401328564.18
2014-04-08,41.99531,132924160,5582191366.09
2014-04-09,41.887152,132574160,5553153947.15
2014-04-10,41.72616,131274160,5477566643.13
2014-04-11,41.680572,133774160,5575783568.57
2014-04-14,41.951135,136674160,5733636151.76
2014-04-15,42.508217,136824160,5816151119.14
2014-04-16,42.825559,141674160,6067275133.29
2014-04-17,42.328901,142674160,6039240374.32
2014-04-18,42.328901,141774160,6001144363.42
2014-04-21,42.259549,141774160,5991312013.04
2014-04-22,42.274747,138874160,5870869967.37
2014-04-23,42.332432,139324160,5897930459.6
2014-04-24,42.600748,140124160,5969394036.15
2014-04-25,43.082217,140924160,6071325296.45
2014-04-28,43.30662,143774160,6226372928.31
2014-04-29,43.122589,147074160,6342218538.37
2014-04-30,43.199364,149324160,6450708793.67
2014-05-01,43.380668,149724160,6495134140.88
2014-05-02,42.523938,149224160,6345598908.51
2014-05-05,42.864834,145624160,6242155401.55
2014-05-06,42.671366,145674160,6216115435.97
2014-05-07,43.37037,145774160,6322279248.54
2014-05-08,42.869569,144274160,6184970999.28
2014-05-09,42.268539,141774160,5992586561.6
2014-05-12,41.870729,141074160,5906877969.69
2014-05-13,41.950289,143424160,6016684983.59
2014-05-14,42.183751,144474160,6094462027.3
2014-05-15,42.03048,151524160,6368633173.32
2014-05-16,42.142756,149724160,6309788697.76
2014-05-19,41.488654,149174160,6189035127.34
2014-05-20,41.493684,146924160,6096424609.47
2014-05-21,41.522669,141174160,5861927917.05
2014-05-22,41.859681,140974160,5901133310.19
2014-05-23,41.761497,141274160,5899820373.58
2014-05-27,42.100722,141074160,5939323932.48
2014-05-28,42.353141,138274160,5856344954.62
2014-05-29,42.429953,136574160,5794835216.27
2014-05-30,42.750185,136074160,5817195483.35
2014-06-02,42.729282,133174160,5690436213.61
2014-06-03,42.865908,135124160,5792219835.94
2014-06-04,42.884874,133624160,5730455212.35
2014-06-05,43.233731,133624160,5777070936.76
2014-06-06,43.103997,134524160,5798528980.65
2014-06-09,42.804413,132774160,5683319973.12
2014-06-10,42.6815,131074160,5594441773.31
2014-06-11,42.14658,130774160,5511683637.25
2014-06-12,42.28139,132924160,5620218260.43
2014-06-13,42.553435,138774160,5905317262.21
2014-06-16,42.843685,139274160,5967018225.77
2014-06-17,42.780739,142074160,6078037518.41
2014-06-18,43.724095,139074160,6080891728.22
2014-06-19,44.097414,139324160,6143835217.89
2014-06-20,43.461886,146574160,6370389397.19
2014-06-23,43.324397,147524160,6391395332.06
2014-06-24,43.432279,150274160,6526749206.55
2014-06-25,43.639898,155974160,6806696481.41
2014-06-26,43.753378,158974160,6955656468.96
2014-06-27,43.912198,159724160,7013838936.18
2014-06-30,44.268194,160724160,7114968319.07
2014-07-01,43.834963,164774160,7222869146.96
2014-07-02,42.978888,159174160,6841128338.33
2014-07-03,42.516234,155724160,6620804825.53
2014-07-07,42.69472,151024160,6447934238.17
2014-07-08,42.955914,151674160,6515302226.9
2014-07-09,42.89088,156074160,6694158142.78
2014-07-10,43.151346,156024160,6732652514.14
2014-07-11,42.85159,154124160,6604465300.2
2014-07-14,42.336549,155274160,6573772130.75
2014-07-15,42.549594,156224160,6647274511.47
2014-07-16,42.716762,156174160,6671254423.79
2014-07-17,42.293264,155324160,6569165697.31
2014-07-18,42.749388,154924160,6622913103.74
2014-07-21,42.705817,154524160,6599080553.96
2014-07-22,42.636517,154674160,6594767510.67
2014-07-23,42.622326,153874160,6558474585.93
2014-07-24,42.773002,155374160,6645819253.74
2014-07-25,42.437805,155374160,6593738380.55
2014-07-28,43.058475,155624160,6700939015.23
2014-07-29,42.607744,155574160,6628663913.96
2014-07-30,41.922367,155924160,6536709898.8
2014-07-31,41.257668,152974160,6311357166.98
2014-08-01,41.428288,150924160,6252529627.03
2014-08-04,41.186894,151074160,6222275456.88
2014-08-05,40.675861,153074160,6226423195.9
2014-08-06,40.176051,150174160,6033404659.92
2014-08-07,40.632717,137174160,5573758800.95
2014-08-08,41.436358,131724160,5458169466.13
2014-08-11,41.282318,134024160,5532827945.58
2014-08-12,41.259772,130974160,5403963976.93
2014-08-13,41.426119,132324160,5481676416.78
2014-08-14,41.819579,134274160,5615288807.92
2014-08-15,41.948976,134624160,5647345662.98
2014-08-18,41.876639,134574160,5635513469.45
2014-08-19,42.39136,132274160,5607281487.97
2014-08-20,42.487474,131474160,5586004999.63
2014-08-21,42.586908,132024160,5622500769.17
2014-08-22,42.460466,130274160,5531501538.29
2014-08-25,42.726705,128574160,5493550212.75
2014-08-26,42.245858,129274160,5461297809.26
2014-08-27,42.692048,133074160,5681208464.56
2014-08-28,42.978626,134974160,5801003970.36
2014-08-29,43.298249,137074160,5935071164.58
2014-09-02,42.860679,136474160,5849375190.57
2014-09-03,43.110908,133674160,5762814475.01
2014-09-04,43.10849,133324160,5747403156.15
2014-09-05,43.639643,131574160,5741849327.49
2014-09-08,43.363026,132374160,5740144103.39
2014-09-09,42.851849,132624160,5683190544.31
2014-09-10,42.684936,130674160,5577818113.22
2014-09-11,43.061473,130774160,5631327998.2
2014-09-12,42.282142,130024160,5497700041.92
2014-09-15,42.410974,127024160,5387218311.92
2014-09-16,42.940069,126224160,5420074079.62
2014-09-17,42.838857,126624160,5424434304.18
2014-09-18,42.546205,127624160,5429923645.09
2014-09-19,42.526457,130424160,5546477466.42
2014-09-22,42.221297,127874160,5399012831.92
2014-09-23,42.077364,129474160,5447931320.85
2014-09-24,41.93974,130624160,5478343313.36
2014-09-25,41.70213,132924160,5543220661.79
2014-09-26,41.797242,131624160,5501526890.95
2014-09-29,42.023617,130224160,5472490255.37
2014-09-30,42.104395,130324160,5487219870.99
2014-10-01,42.327821,129874160,5497290224.67
2014-10-02,42.280337,130924160,5535517642.09
2014-10-03,42.541378,131174160,5580329514.5
2014-10-06,42.538333,130924160,5569295561.61
2014-10-07,42.494482,181424160,5514685704.46
2014-10-08,43.436103,130224160,5656430081.96
2014-10-09,42.719109,131574160,5620730933.14
2014-10-10,42.934316,134424160,5771409401.61
2014-10-13,42.890961,138874160,5956446193.24
2014-10-14,43.301138,142124160,6154137859.56
2014-10-15,42.723261,148824160,6358253419.19
2014-10-16,42.739931,152874160,6533830984.13
2014-10-17,42.990536,147974160,6361488386.25
2014-10-20,43.590046,146524160,6386994828.06
2014-10-21,43.753592,144374160,6316888065.12
2014-10-22,44.025871,141674160,6237328355.25
2014-10-23,44.111569,142124160,6269319751.15
2014-10-24,44.534797,141624160,6307203216.89
2014-10-27,44.440318,140274160,6233828323.17
2014-10-28,44.755129,139774160,6255610509.09
2014-10-29,44.489618,139624160,6211825536.83
2014-10-30,45.453482,138174160,6280496646.88
2014-10-31,45.470101,151724160,6898912839.24
2014-11-03,45.786608,150374160,6885122706.2
2014-11-04,45.513701,146924160,6687062313.84
2014-11-05,46.58243,148574160,6920945454.43
2014-11-06,45.771063,150224160,6875919537.11
2014-11-07,46.244528,135824160,6281124229.69
2014-11-10,46.494042,146224160,6798552270.57
2014-11-11,46.329715,146424160,6783789611.74
2014-11-12,45.483993,146274160,6653132838.56
2014-11-13,45.11466,143874160,6490833772.41
2014-11-14,44.944478,140224160,6302301654.51
2014-11-17,45.544116,140624160,6404603043.93
2014-11-18,45.665373,141874160,6478736434.88
2014-11-19,45.634116,142524160,6503964113.88
2014-11-20,45.527022,141974160,6463660658.9
2014-11-21,45.70345,141924160,6486423736.62
2014-11-24,45.305004,143274160,6491036361.02
2014-11-25,45.308259,145574160,6595711737.56
2014-11-26,45.535304,147224160,6703896954.92
2014-11-28,46.01552,142524160,6558323280.46
2014-12-01,46.085606,142674160,6575225160.2
2014-12-02,46.402286,142674160,6620407111.19
2014-12-03,46.273123,143624160,6645938401.17
2014-12-04,46.23335,144174160,6665654367.05
2014-12-05,45.855038,142624160,6540036287.14
2014-12-08,46.232627,142974160,6610070990.35
2014-12-09,46.458433,141674160,6581959466.87
2014-12-10,45.892268,141174160,6478802357.44
2014-12-11,46.368935,142124160,6590145969.31
2014-12-12,45.92483,142424160,6540805353.49
2014-12-15,45.521063,141824160,6455986527.92
2014-12-16,45.438616,140374160,6378407520.77
2014-12-17,46.315189,143174160,6631138312.45
2014-12-18,47.226497,144074160,6804117846.69
2014-12-19,46.816485,144824160,6780158185.96
2014-12-22,46.968136,149274160,7011129010.27
2014-12-23,47.112542,152174160,7169311510.67
2014-12-24,47.962937,152474160,7313108534.33
2014-12-26,48.541025,152724160,7413387319.88
2014-12-29,49.107748,153824160,7553958067.28
2014-12-30,48.085733,157624160,7579473329.6
2014-12-31,47.200897,158474160,7480122537.8
2015-01-02,47.468721,155574160,7384906325.11
2015-01-05,46.84998,159324160,7464333654.66
2015-01-06,46.899818,158924160,7453514100.61
2015-01-07,47.35955,161824160,7663919344.45
2015-01-08,47.693685,162574160,7753760737.32
2015-01-09,47.380183,161924160,7671996378.51
2015-01-12,47.252552,161724160,7641879266.87
2015-01-13,47.400257,161074160,7634956658.64
2015-01-14,47.850223,161374160,7721789508.48
2015-01-15,48.188848,160924160,7754749824.65
2015-01-16,48.614792,165024160,8022615206.45
2015-01-20,48.72352,163274160,7955291867.88
2015-01-21,49.203041,164174160,8077867965.07
2015-01-22,48.985102,164074160,8037189446.0
2015-01-23,49.149782,167474160,8231318426.66
2015-01-26,49.129442,168224160,8264759102.5
2015-01-27,49.2099,168074160,8270912522.48
2015-01-28,48.749069,168574160,8217833315.52
2015-01-29,49.403465,170774160,8436835304.78
2015-01-30,48.306836,170024160,8213329219.39
2015-02-02,48.517117,171974160,8343690395.93
2015-02-03,48.724017,170524160,8308622085.52
2015-02-04,48.116498,170924160,8224272058.54
2015-02-05,48.53615,173574160,8424621487.04
2015-02-06,46.556667,174174160,8108968303.58
2015-02-09,46.139278,173524160,8006279402.79
2015-02-10,47.108611,174324160,8212169081.61
2015-02-11,46.076293,177324160,8170439977.39
2015-02-12,45.874157,177924160,8162120931.57
2015-02-13,45.171306,172174160,7777331679.04
2015-02-17,45.12843,173224160,7817334359.77
2015-02-18,46.190841,171974160,7943631062.32
2015-02-19,45.692539,172724160,7892205463.25
2015-02-20,45.713952,173474160,7930189478.04
2015-02-23,46.018723,171774160,7904827559.95
2015-02-24,46.297479,168024160,7779095074.58
2015-02-25,45.604395,166574160,7596513800.26
2015-02-26,45.277352,163324160,7394885532.41
2015-02-27,45.233698,161174160,7290503217.86
2015-03-02,44.35389,160424160,7115435599.44
2015-03-03,44.668418,157374160,7029654758.9
2015-03-04,44.390951,153674160,6821742117.62
2015-03-05,44.72807,151324160,6768437681.28
2015-03-06,43.41084,146974160,6380271774.47
2015-03-09,43.46737,142724160,6203843892.53
2015-03-10,43.396328,142374160,6178515747.16
2015-03-11,43.112111,143674160,6194096335.22
2015-03-12,43.935517,144924160,6367317885.68
2015-03-13,43.506435,145874160,6346464706.61
2015-03-16,44.242138,149974160,6635177548.17
2015-03-17,44.166105,148574160,6561941940.37
2015-03-18,45.363491,149074160,6762524290.86
2015-03-19,44.915066,152474160,6848387008.27
2015-03-20,44.981031,153024160,6883184430.55
2015-03-23,45.03199,151874160,6839195676.62
2015-03-24,44.502961,147674160,6571937397.86
2015-03-25,43.972863,149274160,6564012201.0
2015-03-26,43.622471,150774160,6577141495.87
2015-03-27,43.876999,150524160,6604548460.38
2015-03-30,44.446905,149924160,6663664889.8
2015-03-31,44.419655,149774160,6652916578.12
2015-04-01,44.469403,147274160,6549193934.79
2015-04-02,44.584997,148174160,6606344500.19
2015-04-06,45.149513,146674160,6622266940.92
2015-04-07,44.66134,144824160,6468041109.95
2015-04-08,44.534277,144824160,6449639215.21
2015-04-09,44.320694,145524160,6449731753.92
2015-04-10,44.667288,145374160,6493469510.8
2015-04-13,44.203502,144774160,6399524909.74
2015-04-14,44.450443,143424160,6375267400.28
2015-04-15,44.534185,144324160,6427358895.15
2015-04-16,44.264943,147074160,6510229362.99
2015-04-17,44.111979,146974160,6483321046.54
2015-04-20,44.7659,145724160,6523473127.85
2015-04-21,44.334173,145974160,6471643671.56
2015-04-22,44.446865,146324160,6503650204.42
2015-04-23,44.720358,145224160,6494476447.21
2015-04-24,45.159844,144424160,6522172588.16
2015-04-27,44.602679,144224160,6432783963.73
2015-04-28,44.926342,144074160,6472725043.21
2015-04-29,44.77996,144424160,6467308106.48
2015-04-30,44.209015,143774160,6356114038.89
2015-05-01,44.462586,141424160,6288083932.26
2015-05-04,44.789542,140824160,6307449600.07
2015-05-05,43.779958,140924160,6169653857.75
2015-05-06,43.547918,139474160,6073809351.63
2015-05-07,43.731484,139074160,6081919389.45
2015-05-08,44.065798,141124160,6218748709.88
2015-05-11,43.762986,142824160,6250411715.66
2015-05-12,43.649173,141974160,6197054633.78
2015-05-13,43.272682,141624160,6128457261.14
2015-05-14,43.766234,142324160,6228992499.23
2015-05-15,44.315687,143274160,6349292816.93
2015-05-18,44.489217,142124160,6322992621.56
2015-05-19,44.588771,142124160,6337141680.0
2015-05-20,44.661633,141424160,6316233993.62
2015-05-21,44.639564,143674160,6413551833.61
2015-05-22,44.559724,144674160,6446640694.88
2015-05-26,44.256048,143324160,6342960874.13
2015-05-27,44.465578,142974160,6357428632.67
2015-05-28,44.580451,143974160,6418433014.98
2015-05-29,44.505185,143724160,6396470384.24
2015-06-01,44.569916,143324160,6387945752.64
2015-06-02,43.954187,143824160,6321673954.41
2015-06-03,43.343185,142424160,6173116778.86
2015-06-04,43.237477,138724160,5998082660.26
2015-06-05,42.70177,139374160,5951523349.63
2015-06-08,42.476766,142074160,6034850879.0
2015-06-09,42.41545,141574160,6004931694.98
2015-06-10,42.603745,140324160,5978334727.64
2015-06-11,42.919386,139674160,5994729122.16
2015-06-12,42.538148,139424160,5930845557.49
2015-06-15,42.450531,138774160,5891036711.85
2015-06-16,42.647761,138624160,5912010091.94
2015-06-17,43.042163,139674160,6011877932.06
2015-06-18,43.618964,140274160,6118613507.94
2015-06-19,42.783282,144024160,6161826204.21
2015-06-22,42.724171,143624160,6136223132.58
2015-06-23,42.14125,142824160,6018788566.96
2015-06-24,41.809987,138924160,5808417362.35
2015-06-25,41.540636,135024160,5608989472.22
2015-06-26,41.794628,129074160,5394606498.82
2015-06-29,41.556457,128474160,5338930843.23
2015-06-30,41.464348,133524160,5536492191.54
2015-07-01,41.702767,133424160,5564156630.52
2015-07-02,42.274503,135174160,5714420441.0
2015-07-06,42.376229,136824160,5798091923.8
2015-07-07,43.424486,140774160,6113045572.12
2015-07-08,43.203457,144424160,6239622995.68
2015-07-09,42.742052,147424160,6301211060.74
2015-07-10,42.972565,143824160,6180493065.79
2015-07-13,42.984706,142524160,6126359157.27
2015-07-14,42.938418,142774160,6130496544.39
2015-07-15,43.143925,140674160,6069235367.91
2015-07-16,43.809837,140674160,6162912024.23
2015-07-17,43.344886,140174160,6075832952.04
2015-07-20,43.147313,139424160,6015777876.52
2015-07-21,42.732428,140924160,6022031577.57
2015-07-22,42.937928,140974160,6053138370.48
2015-07-23,42.309444,139374160,5896843274.16
2015-07-24,42.317779,140874160,5961481545.99
2015-07-27,42.864624,141974160,6085669056.72
2015-07-28,43.078388,144374160,6219406130.37
2015-07-29,43.224165,142124160,6143198104.99
2015-07-30,43.548431,140474160,6117429256.44
2015-07-31,43.972879,143274160,6300177335.88
2015-08-03,44.216018,143524160,6346066784.52
2015-08-04,43.491265,142524160,6198556066.73
2015-08-05,43.632373,140124160,6113949568.37
2015-08-06,43.855106,140274160,6151738187.37
2015-08-07,44.399907,143674160,6379119341.16
2015-08-10,44.221425,148124160,6550261450.22
2015-08-11,44.425686,147624160,6558304609.16
2015-08-12,45.218259,148574160,6718264802.42
2015-08-13,45.230166,151974160,6873816470.34
2015-08-14,45.573551,156224160,7119689757.4
2015-08-17,45.798293,157274160,7202888050.77
2015-08-18,45.671094,156424160,7144062570.98
2015-08-19,45.86071,154774160,7098052891.91
2015-08-20,45.592007,155174160,7074701416.96
2015-08-21,45.038978,154424160,6955106308.47
2015-08-24,43.376509,153424160,6655004526.35
2015-08-25,42.010647,152924160,6424442967.08
2015-08-26,42.7707,153924160,6583444017.66
2015-08-27,43.281489,157074160,6798403601.64
2015-08-28,43.152753,156824160,6767394260.15
2015-08-31,42.464103,155774160,6614809992.46
2015-09-01,41.335138,155924160,6445146692.56
2015-09-02,41.340237,154774160,6398400380.76
2015-09-03,41.55391,154124160,6404461432.72
2015-09-04,40.950396,153024160,6266400021.91
2015-09-08,41.826481,150474160,6293804631.58
2015-09-09,41.301489,149074160,6156984831.6
2015-09-10,41.235168,144374160,5953292686.69
2015-09-11,41.561545,144524160,6006647373.59
2015-09-14,41.668763,144824160,6034643593.92
2015-09-15,41.888529,142524160,5970127405.61
2015-09-16,42.307881,141674160,5993933568.87
2015-09-17,42.871262,142174160,6095185650.46
2015-09-18,42.205948,141874160,5987933460.58
2015-09-21,42.38418,143824160,6095869097.36
2015-09-22,41.859969,145274160,6081171905.27
2015-09-23,41.973667,148224160,6221511511.22
2015-09-24,42.312278,149224160,6314014122.29
2015-09-25,42.737892,150624160,6437359053.53
2015-09-28,42.515711,151824160,6454912163.62
2015-09-29,42.55154,153224160,6519923980.5
2015-09-30,43.29079,153124160,6628865890.86
2015-10-01,42.779847,153374160,6561323090.14
2015-10-02,43.338594,152274160,6599348028.76
2015-10-05,43.918835,154224160,6773345467.44
2015-10-06,43.599966,152374160,6643508145.68
2015-10-07,43.467859,152474160,6627725212.4
2015-10-08,43.991245,153724160,6762517181.44
2015-10-09,43.814639,152174160,6667455938.96
2015-10-12,44.20873,151074160,6678796776.38
2015-10-13,44.095679,151224160,6668332036.34
2015-10-14,44.094841,151824160,6694662241.01
2015-10-15,44.720308,152224160,6807511320.08
2015-10-16,44.818035,152824160,6849278485.03
2015-10-19,44.815485,152724160,6844407247.97
2015-10-20,44.954825,153324160,6892660744.67
2015-10-21,44.883541,152124160,6827870970.53
2015-10-22,45.411523,153524160,6971765921.64
2015-10-23,44.605457,153674160,6854706131.94
2015-10-26,44.426092,156674160,6960420606.56
2015-10-27,44.298009,157624160,6982436440.04
2015-10-28,43.802756,158524160,6943795030.65
2015-10-29,43.54092,157974160,6878340204.1
2015-10-30,43.76339,154674160,6769065662.22
2015-11-02,43.823928,154374160,6765282082.97
2015-11-03,43.948766,152174160,6687866615.79
2015-11-04,44.153936,148924160,6575587864.82
2015-11-05,43.799718,148374160,6498746422.69
2015-11-06,42.239013,148774160,6284073743.98
2015-11-09,42.374259,141324160,5988506589.8
2015-11-10,42.756606,138324160,5914271609.82
2015-11-11,43.133714,136874160,5903890821.54
2015-11-12,42.683652,136374160,5820947204.83
2015-11-13,42.529031,136624160,5810493091.24
2015-11-16,43.261642,135974160,5882465488.94
2015-11-17,42.470456,136124160,5781255200.0
2015-11-18,42.780313,136324160,5831990274.19
2015-11-19,43.198427,135574160,5856590503.42
2015-11-20,43.390392,133274160,5782817985.46
2015-11-23,42.991026,135324160,5817724416.48
2015-11-24,42.896441,135924160,5830662774.15
2015-11-25,42.654858,135424160,5776498288.65
2015-11-27,42.754506,136024160,5815645804.19
2015-11-30,42.829448,134024160,5740180794.18
2015-12-01,43.155871,133424160,5758035805.86
2015-12-02,42.21883,132724160,5603458697.95
2015-12-03,41.853756,132824160,5559190028.44
2015-12-04,42.493505,132474160,5629291421.04
2015-12-07,42.652877,131474160,5607751131.91
2015-12-08,42.583943,132024160,5622109326.69
2015-12-09,42.596733,131024160,5581201151.45
2015-12-10,41.909781,129674160,5434615626.45
2015-12-11,41.7807,135224160,5649760006.64
2015-12-14,41.968662,135774160,5698259778.96
2015-12-15,42.337889,136624160,5784378468.58
2015-12-16,43.415745,135424160,5879540815.75
2015-12-17,43.469767,135924160,5908591500.51
2015-12-18,42.479994,136374160,5793173557.95
2015-12-21,42.50802,137174160,5831001906.38
2015-12-22,42.841216,136474160,5846718931.94
2015-12-23,43.51268,136124160,5923127027.98
2015-12-24,43.474966,134124160,5831043349.03
2015-12-28,43.56003,134124160,5842452474.83
2015-12-29,43.80904,132724160,5814518022.89
2015-12-30,43.744208,131824160,5766543467.66
2015-12-31,43.286691,132124160,5719217670.5
2016-01-04,43.170667,131974160,5697412503.57
2016-01-05,43.508943,133824160,5822547697.67
2016-01-06,43.425751,133424160,5794044332.8
2016-01-07,43.120444,134424160,5796429497.51
2016-01-08,43.111073,133624160,5760680878.91
2016-01-11,43.367958,135024160,5855722090.94
2016-01-12,43.158401,137074160,5915901543.83
2016-01-13,43.154128,137524160,5934735217.09
2016-01-14,43.800294,137974160,6043308769.71
2016-01-15,43.409087,138774160,6024059648.97
2016-01-19,44.05283,141024160,6212513327.87
2016-01-20,43.047413,144324160,6212781696.01
2016-01-21,43.048341,146274160,6296859883.32
2016-01-22,43.797511,146724160,6426153063.75
2016-01-25,43.413423,147474160,6402358146.58
2016-01-26,43.742217,148624160,6501150196.1
2016-01-27,43.826183,148474160,6507055675.22
2016-01-28,44.541608,149474160,6657819506.82
2016-01-29,45.408025,150724160,6844086406.63
2016-02-01,45.877141,153374160,7036367910.56
2016-02-02,46.049089,153774160,7081159989.92
2016-02-03,46.613264,156224160,7282117992.05
2016-02-04,46.424935,158974160,7380364972.43
2016-02-05,46.564761,153524160,7148815747.43
2016-02-08,46.393877,155074160,7194491552.5
2016-02-09,46.573935,154074160,7175839908.04
2016-02-10,46.530694,156224160,7269218636.77
2016-02-11,45.713317,159774160,7303806825.75
2016-02-12,45.574755,163424160,7448016017.04
2016-02-16,45.847681,167274160,7669132377.11
2016-02-17,45.756635,166474160,7617297448.56
2016-02-18,46.503188,163274160,7592768976.41
2016-02-19,46.216627,165724160,7659211740.7
2016-02-22,46.731163,164774160,7700088193.29
2016-02-23,46.770784,166524160,7788465454.26
2016-02-24,47.015369,169174160,7953785566.94
2016-02-25,47.473576,169424160,8043170815.22
2016-02-26,46.187698,169674160,7836858838.43
2016-02-29,46.290641,164624160,7620557903.04
2016-03-01,46.066067,168274160,7751728700.78
2016-03-02,46.306725,169224160,7836216684.04
2016-03-03,46.576779,167974160,7823695300.51
2016-03-04,47.116722,167624160,7897900940.05
2016-03-07,47.381525,165474160,7840417990.46
2016-03-08,47.811623,165774160,7925931606.84
2016-03-09,48.05302,168724160,8107705483.04
2016-03-10,48.096333,169624160,8158300042.65
2016-03-11,48.172492,167674160,8077282192.81
2016-03-14,48.214311,163824160,7898669066.66
2016-03-15,48.319476,161974160,7826506532.82
2016-03-16,48.795149,160224160,7818161705.33
2016-03-17,49.315425,162724160,8024811068.13
2016-03-18,48.638297,165424160,8045949388.07
2016-03-21,48.57938,166974160,8111501144.75
2016-03-22,48.421274,165574160,8017311780.68
2016-03-23,48.772549,165674160,8080351040.85
2016-03-24,48.926553,165624160,8103419254.31
2016-03-28,48.752222,164124160,8001417476.75
2016-03-29,49.46453,164424160,8133163771.25
2016-03-30,49.348566,165324160,8158510154.84
2016-03-31,49.614028,166124160,8242088655.34
2016-04-01,49.805737,169274160,8430824299.21
2016-04-04,49.607872,171274160,8496546542.64
2016-04-05,48.674131,175074160,8521582550.86
2016-04-06,48.618072,172524160,8387791989.7
2016-04-07,48.603588,172224160,8370712063.49
2016-04-08,48.825307,174274160,8508989310.57
2016-04-11,48.631247,174024160,8463011945.51
2016-04-12,48.982939,173274160,8487477652.27
2016-04-13,48.664787,172524160,8395851554.75
2016-04-14,48.599833,173024160,8408945294.33
2016-04-15,48.918212,174074160,8515396728.6
2016-04-18,49.078301,174724160,8575164899.72
2016-04-19,49.140845,174724160,8586092901.11
2016-04-20,47.94142,171324160,8213523579.91
2016-04-21,46.909239,166824160,7825594333.73
2016-04-22,47.340532,165474160,7833634733.79
2016-04-25,47.430353,167024160,7922014888.89
2016-04-26,47.504133,167974160,7979466784.84
2016-04-27,48.177181,166474160,8020255742.66
2016-04-28,48.147944,168974160,8135758391.73
2016-04-29,48.414842,168124160,8139704712.36
2016-05-02,48.797334,167224160,8160093177.06
2016-05-03,48.78847,167974160,8195202277.57
2016-05-04,49.343054,168024160,8290825124.57
2016-05-05,49.159831,165874160,8154345614.72
2016-05-06,48.840153,163524160,7986545065.57
2016-05-09,49.094266,161774160,7942183573.16
2016-05-10,49.165981,160224160,7877577983.33
2016-05-11,49.323394,158974160,7841145096.45
2016-05-12,49.605576,159924160,7933130012.76
2016-05-13,49.369198,160024160,7900264388.01
2016-05-16,49.439511,161624160,7990619467.73
2016-05-17,48.619797,162674160,7909184597.27
2016-05-18,47.730603,162024160,7733510844.42
2016-05-19,48.173526,162574160,7831770449.27
2016-05-20,48.280737,161324160,7788849399.57
2016-05-23,47.815179,163024160,7795029408.6
2016-05-24,48.345152,163624160,7910434900.12
2016-05-25,48.202401,164174160,7913588644.22
2016-05-26,48.753286,165474160,8067409103.46
2016-05-27,48.868161,168974160,8257456417.58
2016-05-31,49.141641,169774160,8342980883.46
2016-06-01,49.329002,168574160,8315595133.48
2016-06-02,49.29528,168574160,8309910501.32
2016-06-03,50.108728,166824160,8359346519.07
2016-06-06,50.026652,165724160,8290624909.6
2016-06-07,49.957438,163724160,8179239505.57
2016-06-08,50.28952,162924160,8193377857.19
2016-06-09,50.727996,163574160,8297789282.91
2016-06-10,50.587659,159674160,8077541993.47
2016-06-13,50.512812,158774160,8020129331.3
2016-06-14,50.790397,157424160,7995635636.15
2016-06-15,50.432739,159574160,8047761921.71
2016-06-16,50.771234,158824160,8063698618.44
2016-06-17,50.531459,159674160,8068568198.43
2016-06-20,50.330686,162824160,8195051729.01
2016-06-21,50.413832,162974160,8216151843.67
2016-06-22,50.187026,163824160,8221847372.23
2016-06-23,50.352722,166574160,8387462304.33
2016-06-24,50.39855,167124160,8422815292.77
2016-06-27,51.041933,171374160,8747268409.68
2016-06-28,51.251967,169624160,8693571851.56
2016-06-29,51.394032,171774160,8828166639.27
2016-06-30,52.518474,172324160,9050201916.99
2016-07-01,52.488592,170424160,8945324182.07
2016-07-05,52.86834,169124160,8941313553.62
2016-07-06,52.995341,170224160,9021087334.67
2016-07-07,52.037982,171124160,8904955888.54
2016-07-08,52.548625,164474160,8642890943.77
2016-07-11,52.504583,165774160,8703903093.22
2016-07-12,51.789402,164874160,8538734193.77
2016-07-13,52.185141,160674160,8384803735.04
2016-07-14,51.844291,163724160,8488162928.45
2016-07-15,51.997079,160774160,8359786675.45
2016-07-18,52.117143,159374160,8306125896.19
2016-07-19,52.038177,158824160,8264919708.43
2016-07-20,51.782435,159774160,8273495038.25
2016-07-21,52.069383,159824160,8321945393.37
2016-07-22,52.752671,164724160,8689639469.86
2016-07-25,52.675618,165724160,8729622590.64
2016-07-26,52.218573,163824160,8554663915.81
2016-07-27,51.618896,162024160,8363508241.83
2016-07-28,51.784021,163574160,8470527800.32
2016-07-29,52.147875,163174160,8509185630.53
2016-08-01,52.136584,165374160,8622043840.51
2016-08-02,51.828812,165424160,8573737764.15
2016-08-03,51.532396,163974160,8449981265.64
2016-08-04,51.481238,163074160,8395259590.65
2016-08-05,50.770844,162274160,8238795997.27
2016-08-08,50.734454,156074160,7918337346.05
2016-08-09,50.69514,158474160,8033869748.71
2016-08-10,50.727188,160274160,8130257441.1
2016-08-11,50.853123,161024160,8188581469.72
2016-08-12,50.903992,162974160,8296035368.47
2016-08-15,50.13778,166024160,8324082791.31
2016-08-16,49.540712,163674160,8108534431.09
2016-08-17,50.271154,161274160,8107438131.21
2016-08-18,50.883052,163874160,8338417474.27
2016-08-19,50.26893,162374160,8162375341.27
2016-08-22,50.408357,161674160,8149728839.09
2016-08-23,50.165406,157224160,7887213827.39
2016-08-24,50.163637,158674160,7959672890.11
2016-08-25,50.183642,159324160,7995466662.01
2016-08-26,49.161282,159224160,7827663822.97
2016-08-29,49.544563,158124160,7834192455.82
2016-08-30,49.037956,162074160,7947785496.2
2016-08-31,49.223222,160774160,7913822100.68
2016-09-01,49.019216,159424160,7814847289.16
2016-09-02,49.622601,158174160,7849013285.06
2016-09-06,50.184066,155774160,7817380772.86
2016-09-07,50.167745,156624160,7857480896.12
2016-09-08,50.347127,155224160,7815090523.81
2016-09-09,48.470457,152424160,7388068678.72
2016-09-12,49.303331,150924160,7441063756.28
2016-09-13,48.637377,149424160,7267599160.42
2016-09-14,48.861099,149174160,7288813334.73
2016-09-15,49.224687,150724160,7419349574.48
2016-09-16,49.255935,150924160,7433910614.74
2016-09-19,49.743651,153974160,7659236890.43
2016-09-20,49.648654,156874160,7788590870.97
2016-09-21,50.687525,155424160,7878066047.77
2016-09-22,50.973301,157974160,8052464471.89
2016-09-23,50.90858,156524160,7968422737.63
2016-09-26,50.804421,158224160,8038486793.83
2016-09-27,50.185042,160424160,8050893207.85
2016-09-28,50.070621,158174160,7919878418.69
2016-09-29,49.345524,154824160,7639879310.2
2016-09-30,48.995331,154074160,7548914420.17
2016-10-03,48.336202,151274160,7312018399.18
2016-10-04,47.290968,148624160,7028580379.85
2016-10-05,47.175519,151274160,7136437047.41
2016-10-06,47.166976,152874160,7210611864.97
2016-10-07,47.133871,154174160,7266825012.67
2016-10-10,47.526559,155024160,7367764865.05
2016-10-11,46.969681,153924160,7229768762.09
2016-10-12,47.431839,152424160,7229758262.61
2016-10-13,48.024559,155124160,7449769302.24
2016-10-14,47.761315,157224160,7509232570.72
2016-10-17,48.022004,153374160,7365334555.08
2016-10-18,48.416042,151474160,7333779242.89
2016-10-19,48.309487,149224160,7208942615.88
2016-10-20,48.277641,148874160,7187293295.55
2016-10-21,48.021937,150874160,7245269356.72
2016-10-24,48.209273,149074160,7186756881.1
2016-10-25,48.457942,148724160,7206866746.42
2016-10-26,48.564914,153424160,7451031137.76
2016-10-27,48.316263,154224160,7451535005.72
2016-10-28,48.455673,145674160,7058739447.33
2016-10-31,49.413659,146524160,7240294819.05
2016-11-01,48.544839,151124160,7336297961.09
2016-11-02,47.929217,149074160,7145007807.28
2016-11-03,48.104805,153424160,7380439224.43
2016-11-04,47.934773,150674160,7222531699.45
2016-11-07,48.786689,148274160,7233805327.59
2016-11-08,49.166964,149624160,7356565700.5
2016-11-09,47.371059,145924160,6912582056.45
2016-11-10,46.230787,142724160,6598250210.51
2016-11-11,46.052003,140974160,6492142450.11
2016-11-14,45.973616,138424160,6363859185.11
2016-11-15,46.750476,142574160,6665409896.64
2016-11-16,46.418243,144274160,6696952968.23
2016-11-17,46.427197,146524160,6802706069.03
2016-11-18,46.273256,147474160,6824109586.58
2016-11-21,46.77499,143924160,6732051110.68
2016-11-22,46.931397,143674160,6742829109.07
2016-11-23,46.506397,140374160,6528296470.7
2016-11-25,47.166912,140124160,6609223857.62
2016-11-28,48.093396,140624160,6763093362.07
2016-11-29,48.245056,140924160,6798894026.68
2016-11-30,46.753967,141724160,6626166684.6
2016-12-01,46.334839,141774160,6569082920.36
2016-12-02,46.757989,142124160,6645439845.17
2016-12-05,46.866007,142974160,6700627928.43
2016-12-06,46.748304,143674160,6716523319.54
2016-12-07,47.348442,140674160,6660702281.31
2016-12-08,47.472052,139824160,6637739775.65
2016-12-09,47.959122,138024160,6619517476.92
2016-12-12,48.446769,140024160,6783718195.63
2016-12-13,48.948575,141524160,6927405900.88
2016-12-14,47.96506,141074160,6766630508.3
2016-12-15,48.270794,139824160,6749423213.34
2016-12-16,48.403509,136274160,6596147571.75
2016-12-19,48.58183,139974160,6800200898.4
2016-12-20,48.63787,143224160,6966118145.38
2016-12-21,48.456785,142024160,6882034166.42
2016-12-22,48.633333,142024160,6907108245.31
2016-12-23,48.627478,142024160,6906276706.17
2016-12-27,48.64206,140524160,6835384594.43
2016-12-28,48.199281,140524160,6773163529.62
2016-12-29,48.814773,138924160,6781551292.16
2016-12-30,48.579515,143974160,6994194874.95
2017-01-03,48.432054,142024160,6878521848.39
2017-01-04,48.595171,136774160,6646563756.56
2017-01-05,48.642021,139774160,6798897573.95
2017-01-06,48.802687,140924160,6877477621.62
2017-01-09,48.191487,141574160,6822669319.29
2017-01-10,48.060061,139724160,6715151659.51
2017-01-11,48.526219,139774160,6782711478.5
2017-01-12,48.584938,139724160,6788489624.63
2017-01-13,48.504472,137124160,6651135017.65
2017-01-17,49.068182,138624160,6802035467.98
2017-01-18,48.986861,137374160,6729528865.76
2017-01-19,48.559648,139174160,6758248253.44
2017-01-20,48.633271,138424160,6732019687.42
2017-01-23,48.396254,136574160,6609677725.93
2017-01-24,48.395827,134524160,6510407962.6
2017-01-25,48.385097,132774160,6424290578.56
2017-01-26,48.398878,132324160,6404340832.21
2017-01-27,48.397691,129074160,6246891271.47
2017-01-30,48.429413,128374160,6217085219.42
2017-01-31,49.208307,126824160,6240802244.33
2017-02-01,48.366522,126824160,6134043493.72
2017-02-02,48.828858,129874160,6341606954.64
2017-02-03,48.905435,130774160,6395567235.43
2017-02-06,48.829571,132874160,6488188248.55
2017-02-07,48.937971,132624160,6490357300.0
2017-02-08,49.408124,133974160,6619411944.58
2017-02-09,48.997059,137574160,6740729247.73
2017-02-10,49.311485,136774160,6744536909.87
2017-02-13,49.550876,137174160,6797099750.04
2017-02-14,49.200266,136624160,6721944957.86
2017-02-15,49.059345,130374160,6396070911.69
2017-02-16,49.557883,127924160,6339650537.27
2017-02-17,49.592348,126024160,6249834011.27
2017-02-21,50.124448,125174160,6274285652.57
2017-02-22,50.325203,125974160,6339675189.41
2017-02-23,50.849441,128974160,6558263895.35
2017-02-24,51.586624,132124160,6815839360.74
2017-02-27,51.289191,133074160,6825266036.92
2017-02-28,51.780223,135374160,7009704249.55
2017-03-01,51.309305,132924160,6820246253.69
2017-03-02,51.687699,131574160,6800765553.23
2017-03-03,51.509344,128724160,6630497077.88
2017-03-06,51.414338,129474160,6656828268.62
2017-03-07,51.417745,130674160,6718970633.59
2017-03-08,50.675248,129574160,6566202640.96
2017-03-09,50.55543,127424160,6441983259.48
2017-03-10,50.967652,126424160,6443542648.6
2017-03-13,51.099525,129974160,6641617788.95
2017-03-14,51.054664,134074160,6845111237.13
2017-03-15,51.889033,136174160,7065945545.81
2017-03-16,51.336077,138524160,7111286966.5
2017-03-17,51.243595,134274160,6880690611.66
2017-03-20,50.898659,140624160,7157581149.26
2017-03-21,51.627047,139874160,7221289796.31
2017-03-22,51.824336,141174160,7316257130.45
2017-03-23,51.697721,142974160,7391438236.77
2017-03-24,51.905569,143374160,7441917348.1
2017-03-27,51.666651,144374160,7459329384.52
2017-03-28,51.697034,143274160,7406849131.36
2017-03-29,51.492429,141624160,7292572045.72
2017-03-30,51.142294,138274160,7071657796.85
2017-03-31,51.293476,136674160,7010492784.36
2017-04-03,51.292406,137274160,7041121899.56
2017-04-04,51.462083,139124160,7159619036.41
2017-04-05,51.731056,139674160,7225491816.65
2017-04-06,51.653346,140374160,7250795020.94
2017-04-07,51.377861,139124160,7147901751.61
2017-04-10,51.489153,137524160,7081002472.44
2017-04-11,51.477596,138324160,7120595164.79
2017-04-12,51.855807,139874160,7253287421.28
2017-04-13,51.666069,140174160,7242247776.92
2017-04-17,51.922703,140624160,7301586469.61
2017-04-18,52.008595,138424160,7199246064.94
2017-04-19,51.664902,144974160,7490075761.0
2017-04-20,51.463094,145274160,7476257695.33
2017-04-21,51.74012,144374160,7469936396.17
2017-04-24,51.989537,143124160,7440958838.19
2017-04-25,51.940211,142174160,7384555868.52
2017-04-26,51.750228,143724160,7437758017.27
2017-04-27,51.918416,143174160,7433375651.82
2017-04-28,51.689372,143174160,7400582418.72
2017-05-01,51.353175,143024160,7344744738.59
2017-05-02,51.481987,143524160,7388908965.86
2017-05-03,51.255528,139024160,7125756676.3
2017-05-04,51.465778,139074160,7157559787.04
2017-05-05,51.751935,138024160,7143017358.72
2017-05-08,51.742693,138324160,7157264519.19
2017-05-09,51.30481,137374160,7047955119.14
2017-05-10,51.400076,137374160,7061042316.07
2017-05-11,51.471647,137274160,7065727102.77
2017-05-12,51.74032,136974160,7087086849.23
2017-05-15,51.944239,138074160,7172157199.13
2017-05-16,51.530203,138574160,7140754649.62
2017-05-17,51.703188,136674160,7066489778.3
2017-05-18,51.899588,135374160,7025863196.88
2017-05-19,52.065882,137124160,7139490288.89
2017-05-22,52.529755,135974160,7142689350.74
2017-05-23,52.651766,135574160,7138218904.62
2017-05-24,53.006019,129474160,6862909743.12
2017-05-25,53.413352,128924160,6886271487.86
2017-05-26,53.39424,136374160,7281594661.99
2017-05-30,53.569643,133874160,7171590912.61
2017-05-31,53.855116,138124160,7438692643.34
2017-06-01,54.23935,138524160,7513460379.44
2017-06-02,54.316105,137874160,7488787394.75
2017-06-05,54.057393,137874160,7453117608.74
2017-06-06,53.963268,137724160,7432045742.74
2017-06-07,54.165946,138624160,7508708706.29
2017-06-08,53.700099,139374160,7484406167.92
2017-06-09,53.694865,141174160,7580327426.6
2017-06-12,53.583894,141174160,7564661185.86
2017-06-13,53.683221,140224160,7527684570.68
2017-06-14,54.000109,140274160,7574819894.27
2017-06-15,54.312273,139824160,7594167914.15
2017-06-16,54.135532,138624160,7504492701.85
2017-06-19,53.933668,141674160,7641007136.79
2017-06-20,53.960684,149574160,8071124050.76
2017-06-21,53.612753,149974160,8040527600.97
2017-06-22,53.381428,150824160,8051209058.2
2017-06-23,53.187242,152124160,8091064532.38
2017-06-26,53.599745,150174160,8049296678.71
2017-06-27,52.929852,147774160,7821664449.87
2017-06-28,52.462928,140224160,7356569943.89
2017-06-29,52.035943,137524160,7156199321.32
2017-06-30,51.973113,136524160,7095585599.96
2017-07-03,51.692497,133574160,6904781810.88
2017-07-05,51.501387,137224160,7067234558.95
2017-07-06,51.432512,136974160,7044925071.58
2017-07-07,51.503962,136974160,7054711894.54
2017-07-10,51.42122,138724160,7133365596.04
2017-07-11,51.404988,137474160,7066857507.42
2017-07-12,51.838588,139774160,7245695067.31
2017-07-13,51.657404,139324160,7197124458.75
2017-07-14,51.936541,139424160,7241208635.63
2017-07-17,52.138324,140524160,7326694204.76
2017-07-18,52.282617,142324160,7441079502.96
2017-07-19,52.528662,143274160,7525999905.7
2017-07-20,52.875349,142724160,7546589814.6
2017-07-21,53.279671,142974160,7617616221.52
2017-07-24,52.786403,144424160,7623631854.27
2017-07-25,52.519292,141124160,7411740897.35
2017-07-26,52.979158,139724160,7402468344.94
2017-07-27,53.10426,140524160,7462431492.75
2017-07-28,53.035508,141424160,7500502116.97
2017-07-31,53.233551,141424160,7528510266.0
2017-08-01,53.506292,141724160,7583134296.79
2017-08-02,53.756147,140424160,7548661808.16
2017-08-03,53.992229,139574160,7535920004.04
2017-08-04,53.83434,143424160,7721144959.45
2017-08-07,53.950101,142524160,7689192862.98
2017-08-08,54.162107,142274160,7705868274.23
2017-08-09,53.895902,142674160,7689552487.04
2017-08-10,54.044313,139274160,7526976357.86
2017-08-11,53.721236,138574160,7444375147.85
2017-08-14,54.058685,139324160,7531680932.63
2017-08-15,54.333012,137974160,7496551749.9
2017-08-16,54.556305,139424160,7606467042.45
2017-08-17,54.183761,139274160,7546397826.16
2017-08-18,54.521503,139974160,7631601627.17
2017-08-21,54.7002,143474160,7848065231.19
2017-08-22,54.809264,143374160,7858232224.35
2017-08-23,54.984412,142774160,7850353258.53
2017-08-24,54.941205,143224160,7868907906.86
2017-08-25,55.106803,141724160,7809965415.57
2017-08-28,55.231664,141524160,7816614829.7
2017-08-29,55.147405,143574160,7917742339.02
2017-08-30,54.945554,144374160,7932718178.74
2017-08-31,54.958389,145224160,7981285862.11
2017-09-01,54.792637,145674160,7981871380.9
2017-09-05,54.95283,145824160,8013450278.32
2017-09-06,54.666359,146624160,8015408993.75
2017-09-07,55.097532,145274160,8004247713.52
2017-09-08,55.345686,146474160,8106712819.71
2017-09-11,55.857727,145774160,8142613235.48
2017-09-12,54.893118,144874160,7952594339.5
2017-09-13,54.602331,142974160,7806722391.09
2017-09-14,55.090328,142774160,7865475288.14
2017-09-15,54.740666,143674160,7864819219.94
2017-09-18,54.218417,138974160,7534958927.92
2017-09-19,54.101324,139474160,7545736690.88
2017-09-20,53.68361,148424160,7967944734.18
2017-09-21,53.65049,146974160,7885235735.32
2017-09-22,53.267363,145074160,7727717897.79
2017-09-25,53.714855,148424160,7972582281.02
2017-09-26,53.631835,146874160,7877130715.36
2017-09-27,52.912217,145474160,7697360267.6
2017-09-28,53.107196,146274160,7768210442.29
2017-09-29,53.048597,147174160,7807382719.86
2017-10-02,53.165295,146574160,7792658479.18
2017-10-03,52.963617,146424160,7755153087.71
2017-10-04,53.524647,146774160,7856035105.25
2017-10-05,53.460532,146874160,7851970692.12
2017-10-06,53.423374,145674160,7782405145.1
2017-10-09,53.495956,143574160,7680636951.0
2017-10-10,54.018713,140274160,7577429591.92
2017-10-11,54.271027,139024160,7544983961.92
2017-10-12,54.541337,137024160,7473480898.41
2017-10-13,54.124094,140174160,7586799352.29
2017-10-16,54.024684,141124160,7624188164.62
2017-10-17,54.34123,142624160,7750372273.21
2017-10-18,54.261384,140774160,7638600735.93
2017-10-19,54.808742,140324160,7690990723.57
2017-10-20,54.877376,140324160,7700621719.49
2017-10-23,54.908265,140924160,7737901190.97
2017-10-24,54.950154,141224160,7760289399.21
2017-10-25,54.708763,141274160,7728934597.79
2017-10-26,54.708774,141374160,7734406906.75
2017-10-27,55.042616,138174160,7605467293.65
2017-10-30,55.062156,137774160,7586142288.09
2017-10-31,55.10074,138074160,7607988350.4
2017-11-01,54.790707,138024160,7562441244.91
2017-11-02,55.021096,139124160,7654763693.95
2017-11-03,55.223232,139124160,7682885738.46
2017-11-06,55.002751,139574160,7676962803.9
2017-11-07,55.677048,138974160,7737670941.45
2017-11-08,55.674348,141174160,7859779381.43
2017-11-09,55.760762,139074160,7754881106.02
2017-11-10,55.518541,140074160,7776712954.01
2017-11-13,56.17252,141224160,7932916940.53
2017-11-14,56.883239,140924160,8016222682.55
2017-11-15,56.35424,143074160,8062835611.16
2017-11-16,56.177307,144624160,8124595903.69
2017-11-17,55.807666,145024160,8093459874.59
2017-11-20,55.631192,144824160,8056740708.96
2017-11-21,55.764623,149324160,8327005534.41
2017-11-22,55.784724,145424160,8112446691.68
2017-11-24,55.87006,146174160,8166759065.13
2017-11-27,56.127141,145874160,8187499565.52
2017-11-28,56.366995,145674160,8211214702.52
2017-11-29,56.400793,141974160,8007455138.78
2017-11-30,56.607415,141974160,8036790228.84
2017-12-01,56.407735,140674160,7935110776.7
2017-12-04,56.081008,139724160,7835871800.55
2017-12-05,55.386598,140574160,7785924495.07
2017-12-06,55.596482,141274160,7854346244.26
2017-12-07,55.690528,139824160,7786881296.9
2017-12-08,55.868762,139824160,7811802721.58
2017-12-11,56.21657,138424160,7781731436.09
2017-12-12,55.245531,136824160,7558923362.64
2017-12-13,55.391802,132724160,7351830394.92
2017-12-14,55.31093,139374160,7708914454.76
2017-12-15,55.029619,142524160,7843050270.62
2017-12-18,54.396036,141374160,7690193957.99
2017-12-19,53.418985,141374160,7552064146.43
2017-12-20,53.001945,139174160,7376501212.58
2017-12-21,52.370121,134174160,7026717032.13
2017-12-22,52.44713,140774160,7383200627.06
2017-12-26,52.142036,141874160,7397607568.65
2017-12-27,52.367118,141674160,7419067499.22
2017-12-28,52.648931,142574160,7506377154.68
2017-12-29,52.647326,142324160,7492986429.62
2018-01-02,52.189734,138574160,7232148585.58
2018-01-03,51.791003,136474160,7068133656.97
2018-01-04,51.341414,136424160,7004209332.18
2018-01-05,51.334705,137374160,7052061953.68
2018-01-08,51.820293,135074160,6999582567.92
2018-01-09,51.304497,140974160,7232608368.19
2018-01-10,50.728995,142574160,7232643849.26
2018-01-11,50.55135,145624160,7361497896.76
2018-01-12,50.271078,144374160,7257844694.28
2018-01-16,50.141564,145074160,7274245349.08
2018-01-17,50.464478,143424160,7237825385.02
2018-01-18,50.153385,141074160,7075346690.37
2018-01-19,50.00717,140924160,7047218469.73
2018-01-22,50.061721,137674160,6892205339.43
2018-01-23,50.537727,146024160,7379729153.03
2018-01-24,50.242207,150924160,7582762907.89
2018-01-25,51.005252,152324160,7769332195.98
2018-01-26,51.036546,154324160,7876172071.41
2018-01-29,50.387552,151724160,7645009003.34
2018-01-30,50.476427,149924160,7567635850.66
2018-01-31,51.044861,147574160,7532902432.15
2018-02-01,50.241213,144874160,7278653554.77
2018-02-02,49.880688,145024160,7233904820.9
2018-02-05,49.034209,144174160,7069465937.11
2018-02-06,48.315168,144924160,7002035203.54
2018-02-07,48.089189,150174160,7221753562.33
2018-02-08,47.522566,150374160,7146165871.34
2018-02-09,48.556803,149974160,7282265727.6
2018-02-12,48.941036,152424160,7459796287.65
2018-02-13,49.152457,149174160,7332276497.86
2018-02-14,48.609587,144374160,7017968259.3
2018-02-15,49.693443,142174160,7065123530.48
2018-02-16,50.111152,142174160,7124510889.43
2018-02-20,49.483963,141624160,7008124659.28
2018-02-21,48.832402,141624160,6915847936.07
2018-02-22,49.056215,139174160,6827357476.65
2018-02-23,50.357369,136874160,6892622525.03
2018-02-26,50.226875,139574160,7010373880.14
2018-02-27,49.3881,138174160,6824159168.1
2018-02-28,49.076039,137674160,6756502377.08
2018-03-01,49.086685,136974160,6723607408.7
2018-03-02,48.968361,136274160,6673122325.94
2018-03-05,49.927324,135474160,6763862243.54
2018-03-06,49.255999,135774160,6687691910.53
2018-03-07,48.917302,137874160,6744431914.93
2018-03-08,49.273614,136524160,6727038695.23
2018-03-09,49.403349,135324160,6685466638.86
2018-03-12,49.609974,133074160,6601805645.81
2018-03-13,49.722041,135924160,6758426640.84
2018-03-14,50.214074,128424160,6448700261.15
2018-03-15,50.189996,133574160,6704086591.7
2018-03-16,50.310577,137374160,6911373207.77
2018-03-19,49.935915,134324160,6707599813.58
2018-03-20,49.706038,134174160,6669265894.14
2018-03-21,49.50925,136574160,6761684224.48
2018-03-22,49.742901,143024160,7114436674.1
2018-03-23,49.054713,145474160,7136193135.07
2018-03-26,49.565038,146174160,7245127842.03
2018-03-27,50.286288,145324160,7307812605.12
2018-03-28,50.257219,141524160,7112610665.34
2018-03-29,50.516109,141174160,7131569237.27
2018-04-02,50.137548,140524160,7045536784.39
2018-04-03,50.310247,139224160,7004401814.72
2018-04-04,50.415224,137224160,6918186743.89
2018-04-05,50.813476,138124160,7018568673.83
2018-04-06,50.452137,138024160,6963613779.79
2018-04-09,50.510557,139424160,7042391995.77
2018-04-10,50.147463,138474160,6944127856.03
2018-04-11,50.071666,138224160,6921113985.27
2018-04-12,49.434342,139774160,6909643657.95
2018-04-13,49.773361,138074160,6872415006.21
2018-04-16,50.457921,136474160,6886202418.41
2018-04-17,50.982643,135874160,6927223801.3
2018-04-18,50.785232,134274160,6819144339.69
2018-04-19,50.742552,134224160,6810876463.26
2018-04-20,50.292845,131674160,6622268055.8
2018-04-23,50.340506,130774160,6583237325.92
2018-04-24,50.664154,130774160,6625562164.91
2018-04-25,50.679435,130024160,6589550939.14
2018-04-26,51.199707,134024160,6861997685.91
2018-04-27,51.700513,135824160,7022178790.86
2018-04-30,51.567681,139274160,7182045458.78
2018-05-01,51.424005,140824160,7241742320.96
2018-05-02,51.35556,143174160,7352789194.55
2018-05-03,51.307802,144624160,7420347711.01
2018-05-04,51.519016,145574160,7499837516.37
2018-05-07,51.243831,143474160,7352165615.49
2018-05-08,49.961855,142874160,7138258043.4
2018-05-09,49.627407,143274160,7110325072.85
2018-05-10,50.293,137224160,6901414739.35
2018-05-11,50.409035,139824160,7048400961.15
2018-05-14,50.215471,139724160,7016314459.35
2018-05-15,49.793502,139824160,6962334615.74
2018-05-16,49.376189,139774160,6901515361.21
2018-05-17,48.98332,138324160,6775576550.36
2018-05-18,48.964135,139974160,6853713621.88
2018-05-21,49.249821,139624160,6876464901.86
2018-05-22,49.44133,139474160,6895787979.58
2018-05-23,49.896417,140174160,6994188283.84
2018-05-24,50.269032,140574160,7066526912.28
2018-05-25,50.476669,138774160,7004857406.68
2018-05-29,50.498752,138574160,6997822077.87
2018-05-30,50.882849,141824160,7216417367.13
2018-05-31,50.981413,143174160,7299220931.09
2018-06-01,50.19985,142574160,7157201404.33
2018-06-04,49.819084,141524160,7050604018.9
2018-06-05,49.501933,142174160,7037895782.74
2018-06-06,48.457772,140674160,6816756374.06
2018-06-07,48.705029,138524160,6746823280.19
2018-06-08,48.69848,136574160,6650953983.18
2018-06-11,48.537459,137574160,6677500200.0
2018-06-12,49.165278,137474160,6758955359.35
2018-06-13,49.033244,139224160,6826612217.76
2018-06-14,49.616141,138574160,6875515102.14
2018-06-15,49.524781,134224160,6647422062.31
2018-06-18,49.697347,136424160,6779918778.54
2018-06-19,50.222145,139174160,6989624853.38
2018-06-20,50.221942,145274160,7295950377.26
2018-06-21,50.38805,144674160,7289848825.62
2018-06-22,50.756064,143974160,7307561617.4
2018-06-25,51.590582,140824160,7265200376.31
2018-06-26,51.585079,142524160,7352120066.11
2018-06-27,51.885399,143324160,7436431236.7
2018-06-28,51.876563,146174160,7583013055.84
2018-06-29,51.925622,148274160,7699228057.11
2018-07-02,52.335641,147074160,7697220445.14
2018-07-03,52.466158,150924160,7918410796.81
2018-07-05,52.797025,151724160,8010584247.46
2018-07-06,53.183851,154724160,8228826622.79
2018-07-09,51.52756,153974160,7933912710.23
2018-07-10,52.028148,147574160,7678010246.15
2018-07-11,52.478925,145124160,7615959974.49
2018-07-12,52.523554,148474160,7798390513.52
2018-07-13,52.55569,149424160,7853089779.38
2018-07-16,52.475136,143424160,7526202262.55
2018-07-17,52.442258,144924160,7600150149.28
2018-07-18,52.179501,144074160,7517717772.37
2018-07-19,52.667046,143474160,7556360166.94
2018-07-20,52.269134,143974160,7525404686.82
2018-07-23,51.9346,146224160,7594093207.11
2018-07-24,52.109807,146424160,7630134708.89
2018-07-25,52.248386,144874160,7569441008.64
2018-07-26,52.843444,143874160,7602806174.57
2018-07-27,52.626308,145874160,7676818526.34
2018-07-30,52.324032,146374160,7658886261.96
2018-07-31,52.885614,148674160,7862724173.26
2018-08-01,52.446475,145174160,7613872982.66
2018-08-02,52.737052,144724160,7632325485.15
2018-08-03,53.279051,141824160,7556256686.12
2018-08-06,53.358877,145874160,7783681391.39
2018-08-07,53.243261,144624160,7700261967.01
2018-08-08,52.969758,147374160,7806373660.41
2018-08-09,53.213164,147424160,7844906039.45
2018-08-10,52.997884,147424160,7813168587.72
2018-08-13,53.059327,147074160,7803656003.61
2018-08-14,53.188875,139174160,7402517055.21
2018-08-15,53.602122,139324160,7468070676.72
2018-08-16,54.248111,142524160,7731666396.63
2018-08-17,54.500661,142124160,7745860719.18
2018-08-20,54.313414,142374160,7732826632.11
2018-08-21,53.924246,141224160,7615406282.13
2018-08-22,53.509523,140674160,7527407137.58
2018-08-23,53.50218,143124160,7657454510.61
2018-08-24,53.733088,145974160,7843642350.2
2018-08-27,53.392238,146424160,7817913560.08
2018-08-28,53.289512,146974160,7832181246.27
2018-08-29,53.640731,143874160,7717515116.41
2018-08-30,53.710776,143624160,7714165048.74
2018-08-31,53.47168,143074160,7650415703.48
2018-09-04,53.76121,140624160,7560124931.24
2018-09-05,54.440536,139074160,7571271822.38
2018-09-06,54.708864,141424160,7737155130.56
2018-09-07,54.079005,143024160,7734604266.28
2018-09-10,54.391091,143174160,7787398757.94
2018-09-11,54.211897,145774160,7902693731.17
2018-09-12,54.165343,139774160,7570915343.8
2018-09-13,54.593648,141374160,7718131104.35
2018-09-14,54.313524,145124160,7882204591.87
2018-09-17,54.478072,141824160,7726306833.52
2018-09-18,54.363261,141624160,7699151189.34
2018-09-19,53.216863,140024160,7451646549.81
2018-09-20,53.311534,141724160,7555532396.98
2018-09-21,53.043007,139774160,7414041749.6
2018-09-24,52.574671,136674160,7185598971.56
2018-09-25,51.932465,142174160,7383454546.94
2018-09-26,51.393129,141574160,7275939099.06
2018-09-27,51.898959,138274160,7176284956.71
2018-09-28,52.678295,145274160,7652795055.72
2018-10-01,52.519934,145074160,7619285256.04
2018-10-02,53.192863,144524160,7687653864.22
2018-10-03,52.541671,145624160,7651336706.54
2018-10-04,52.828071,140724160,7434185980.91
2018-10-05,53.653058,139124160,7464436610.27
2018-10-08,54.065345,134774160,7286611516.18
2018-10-09,54.292215,131824160,7157025690.92
2018-10-10,54.004553,129174160,6975992730.41
2018-10-11,52.941817,132924160,7037246612.53
2018-10-12,52.975501,138374160,7330440421.07
2018-10-15,53.161603,137624160,7316320944.33
2018-10-16,53.778089,137224160,7379653124.7
2018-10-17,53.695461,139574160,7494498900.07
2018-10-18,53.739957,138624160,7449656377.65
2018-10-19,54.584284,137974160,7531220713.23
2018-10-22,54.211908,139574160,7566581478.43
2018-10-23,53.932989,141474160,7630124292.32
2018-10-24,55.168425,140874160,7771805486.44
2018-10-25,54.34517,140974160,7661264711.55
2018-10-26,53.422079,143024160,7640647912.98
2018-10-29,54.141741,145674160,7887052679.38
2018-10-30,54.309515,146274160,7944078725.0
2018-10-31,53.699837,146024160,7841473581.2
2018-11-01,53.424889,144224160,7705159725.86
2018-11-02,53.150758,140774160,7482253267.93
2018-11-05,53.890367,141574160,7629483471.53
2018-11-06,54.313834,138974160,7548219465.01
2018-11-07,54.911546,140074160,7691688624.19
2018-11-08,54.797428,142174160,7790778320.94
2018-11-09,54.847889,138474160,7595015389.76
2018-11-12,54.829893,140774160,7718632143.45
2018-11-13,55.048407,146324160,8054911895.77
2018-11-14,54.464265,152674160,8315285928.31
2018-11-15,54.096959,151924160,8218635118.78
2018-11-16,54.844738,162674160,8921821683.48
2018-11-19,55.125726,156224160,8611970170.27
2018-11-20,54.848921,155124160,8508392720.75
2018-11-21,54.043938,150524160,8134918352.02
2018-11-23,54.110116,152924160,8274744045.6
2018-11-26,54.39864,153074160,8327026088.9
2018-11-27,54.870298,151574160,8316919297.61
2018-11-28,54.81394,155224160,8508447836.72
2018-11-29,54.773285,149824160,8206361470.25
2018-11-30,55.608122,147024160,8175737375.08
2018-12-03,56.094439,146174160,8199557468.35
2018-12-04,56.177546,146624160,8236985528.49
2018-12-06,56.178694,155024160,8709054881.02
2018-12-07,56.424692,149524160,8436854606.77
2018-12-10,56.593791,147324160,8337632677.97
2018-12-11,56.771986,148874160,8451881783.4
2018-12-12,56.444379,143924160,8123709806.5
2018-12-13,56.939232,149224160,8496709031.08
2018-12-14,56.80441,154224160,8760612376.68
2018-12-17,54.971421,154774160,8508155460.08
2018-12-18,54.620579,152924160,8352806097.86
2018-12-19,54.501489,156124160,8508999227.21
2018-12-20,54.65021,158724160,8674308724.3
2018-12-21,53.806879,158624160,8535071051.97
2018-12-24,51.513806,155974160,8034822610.07
2018-12-26,52.318994,156074160,8165642968.84
2018-12-27,52.789639,158474160,8365793656.28
2018-12-28,52.818488,159874160,8444311477.48
2018-12-31,52.920951,162174160,8582410740.59
2019-01-02,51.986089,158424160,8235852454.79
2019-01-03,52.028205,155324160,8081237179.75
2019-01-04,52.796882,153974160,8129355597.45
2019-01-07,52.421991,153624160,8053284385.85
2019-01-08,53.07999,152774160,8109250906.91
2019-01-09,52.734597,153274160,8082851000.08
2019-01-10,53.474247,152524160,8156114675.49
2019-01-11,53.240059,155274160,8266805382.16
2019-01-14,52.054414,160374160,8348182880.96
2019-01-15,52.712639,159224160,8393125650.15
2019-01-16,52.855841,163674160,8651135416.04
2019-01-17,53.080189,166474160,8836479869.6
2019-01-18,53.142907,167674160,8910692365.42
2019-01-22,53.219466,163574160,8705329431.03
2019-01-23,53.793039,165524160,8904047520.18
2019-01-24,54.051619,159424160,8617133990.94
2019-01-25,53.335642,160874160,8580326600.73
2019-01-28,53.090077,158324160,8405441842.3
2019-01-29,53.240759,157474160,8384043752.24
2019-01-30,53.593055,154474160,8278742084.78
2019-01-31,54.726549,153774160,8415529038.25
2019-02-01,54.561574,155974160,8510195632.06
2019-02-04,54.675521,156524160,8558040052.44
2019-02-05,54.741078,155874160,8532719480.03
2019-02-06,54.706049,153324160,8387758989.43
2019-02-07,55.424964,154974160,8589437286.42
2019-02-08,55.701405,156124160,8696334995.86
2019-02-11,55.655301,156074160,8686354338.68
2019-02-12,55.768749,156924160,8751464060.22
2019-02-13,55.624949,156924160,8728898327.13
2019-02-14,55.50081,157024160,8714968145.97
2019-02-15,55.70257,158924160,8852484138.53
2019-02-19,56.027595,168374160,9433599271.57
2019-02-20,56.286427,162924160,9170418762.95
2019-02-21,56.706296,158474160,8986482550.2
2019-02-22,57.051451,157724160,8998392190.43
2019-02-25,56.685933,155524160,8816032095.57
2019-02-26,56.599931,156974160,8884726674.05
2019-02-27,56.709037,156624160,8882005352.11
2019-02-28,56.990232,159324160,9079920888.02
2019-03-01,57.106198,159424160,9104107648.15
2019-03-04,57.237501,153574160,8790201149.32
2019-03-05,57.14202,150824160,8618397102.0
2019-03-06,57.160761,151824160,8678384484.91
2019-03-07,57.347672,160774160,9220023818.84
2019-03-08,57.553783,158224160,9106398969.91
2019-03-11,57.971189,162924160,9444907230.03
2019-03-12,58.334903,163124160,9515832015.89
2019-03-13,58.418946,159174160,9298786699.22
2019-03-14,58.356432,161674160,9434727094.31
2019-03-15,58.208189,162124160,9436953676.47
2019-03-18,57.971483,162974160,9447853668.88
2019-03-19,57.290983,166824160,9557520196.5
2019-03-20,57.452503,162974160,9363273459.92
2019-03-21,58.075339,161924160,9403800505.37
2019-03-22,58.474881,160874160,9407097355.2
2019-03-25,58.542577,161274160,9441404982.77
2019-03-26,58.951129,161524160,9522031539.25
2019-03-27,58.557,161874160,9478865157.73
2019-03-28,57.84386,163324160,9447299884.99
2019-03-29,58.191339,161324160,9387668826.35
2019-04-01,57.778901,160874160,9295132217.85
2019-04-02,57.84042,161124160,9319489024.49
2019-04-03,57.752414,161274160,9313972089.99
2019-04-04,57.526313,164124160,9441457765.39
2019-04-05,58.101815,164624160,9564962530.5
2019-04-08,57.680681,164774160,9504285768.88
2019-04-09,57.831545,164774160,9529144298.8
2019-04-10,57.613708,163874160,9441397935.68
2019-04-11,57.930596,163624160,9478845106.2
2019-04-12,58.217353,161274160,9388954708.36
2019-04-15,58.219097,158474160,9226222464.72
2019-04-16,57.413424,152474160,8754063577.92
2019-04-17,57.292797,148524160,8509364538.35
2019-04-18,57.301289,151374160,8673934467.47
2019-04-22,57.235055,153474160,8784102029.38
2019-04-23,57.448181,157224160,9032241970.41
2019-04-24,57.760553,158824160,9173771284.68
2019-04-25,58.009814,158974160,9222061406.59
2019-04-26,58.102373,156374160,9085709812.11
2019-04-29,57.744885,155724160,8992273755.64
2019-04-30,58.723275,156124160,9168121944.94
2019-05-01,58.099017,156024160,9064850324.91
2019-05-02,57.944251,156174160,9049394780.13
2019-05-03,58.317442,156924160,9151415614.77
2019-05-06,57.958089,164874160,9555791224.52
2019-05-07,57.77718,157774160,9115746025.55
2019-05-08,56.996481,163774160,9334550848.48
2019-05-09,56.969091,165524160,9429760983.86
2019-05-10,57.957774,162224160,9402151276.58
2019-05-13,58.611309,161274160,9452489636.45
2019-05-14,58.148282,167524160,9741242163.19
2019-05-15,58.080814,169624160,9851909303.48
2019-05-16,58.466481,169324160,9899787811.78
2019-05-17,58.794174,166124160,9767132779.25
2019-05-20,58.893071,162874160,9592159494.05
2019-05-21,58.92811,159324160,9388671588.76
2019-05-22,59.41728,159224160,9460666503.86
2019-05-23,59.900829,157174160,9414862476.74
2019-05-24,59.781058,156674160,9366147042.65
2019-05-28,58.821118,155974160,9174574515.13
2019-05-29,58.047012,158074160,9175732702.53
2019-05-30,57.966939,158324160,9177566887.94
2019-05-31,58.266714,158324160,9225028591.28
2019-06-03,58.865293,157374160,9263876096.63
2019-06-04,58.88969,153624160,9046879128.83
2019-06-05,60.141891,153224160,9215190737.89
2019-06-06,60.475764,163624160,9895296072.38
2019-06-07,60.034074,166124160,9973110100.76
2019-06-10,59.676457,161574160,9642173415.13
2019-06-11,59.274464,161974160,9600931463.99
2019-06-12,60.060772,161424160,9695259644.48
2019-06-13,60.167405,162724160,9790690431.34
2019-06-14,60.774064,167874160,10202394970.38
2019-06-17,60.570941,163724160,9916926436.01
2019-06-18,60.382044,163874160,9895056715.34
2019-06-19,60.867836,162674160,9901624012.67
2019-06-20,61.195938,163274160,9991715416.18
2019-06-21,60.994543,160424160,9784998251.61
2019-06-24,61.003896,159924160,9755996790.34
2019-06-25,60.624473,160974160,9758973591.0
2019-06-26,59.323259,164474160,9757143217.39
2019-06-27,59.396163,167674160,9959201805.32
2019-06-28,59.704779,168874160,10082594342.1
2019-07-01,59.518378,168924160,10054092002.78
2019-07-02,60.254206,167674160,10103073331.0
2019-07-03,60.78164,167174160,10161119649.03
2019-07-05,60.694173,166874160,10128289187.79
2019-07-08,60.762664,166774160,10133642216.92
2019-07-09,60.799027,165574160,10066747830.46
2019-07-10,60.991633,166224160,10138283021.46
2019-07-11,61.012401,167774160,10236304340.22
2019-07-12,60.624112,164624160,9980193517.29
2019-07-15,60.847762,164374160,10001799702.06
2019-07-16,60.501268,165324160,10002321288.57
2019-07-17,60.763041,164674160,10006102817.05
2019-07-18,61.242862,164574160,10078992618.53
2019-07-19,60.356239,163824160,9887810078.65
2019-07-22,60.246145,164874160,9933032617.85
2019-07-23,59.878324,166424160,9965199703.92
2019-07-24,59.920603,167324160,10026164578.76
2019-07-25,59.742757,169374160,10118879226.14
2019-07-26,59.987235,169974160,10196279958.87
2019-07-29,60.281459,168324160,10146825913.17
2019-07-30,59.834005,168474160,10080483720.76
2019-07-31,59.533304,179524160,10687666431.41
2019-08-01,60.140154,167674160,10083949876.89
2019-08-02,60.171242,168024160,10110222328.41
2019-08-05,59.262385,170074160,10079000407.01
2019-08-06,60.046937,181674160,10908976928.72
2019-08-07,60.187935,169124160,10179233874.22
2019-08-08,60.833282,172124160,10470877512.55
2019-08-09,60.854852,171824160,10456333787.06
2019-08-12,60.746474,171274160,10404301291.16
2019-08-13,60.803908,182174160,11076900810.39
2019-08-14,60.271681,179824160,10838304395.1
2019-08-15,61.078371,172874160,10558872114.65
2019-08-16,61.341048,175224160,10748433658.41
2019-08-19,61.760661,167374160,10337138727.24
2019-08-20,61.650471,167374160,10318695812.4
2019-08-21,62.064241,170524160,10583452593.92
2019-08-22,62.104081,173524160,10776558422.82
2019-08-23,61.459352,175174160,10766090338.46
2019-08-26,62.181909,177124160,11013918376.78
2019-08-27,62.265886,176574160,10994546501.85
2019-08-28,62.149178,176574160,10973938857.34
2019-08-29,62.555683,175324160,10967522588.35
2019-08-30,62.582865,176274160,11031741902.18
2019-09-03,63.673654,177424160,11297244636.21
2019-09-04,63.766743,177524160,11320137414.35
2019-09-05,63.066837,179374160,11312560864.89
2019-09-06,62.873662,175324160,11023271922.0
2019-09-09,62.508834,175374160,10962434306.13
2019-09-10,62.576715,175124160,10958694597.88
2019-09-11,63.183695,175374160,11080787390.09
2019-09-12,63.282636,176974160,11199391260.24
2019-09-13,62.93649,180274160,11345822897.47
2019-09-16,62.986959,171624160,10810083861.7
2019-09-17,63.544212,171174160,10877127180.8
2019-09-18,63.841811,170674160,10896147461.76
2019-09-19,64.102203,174924160,11213023957.53
2019-09-20,63.845155,174274160,11126560753.79
2019-09-23,63.927792,172624160,11035481435.22
2019-09-24,64.602718,173424160,11203672089.01
2019-09-25,64.583875,176424160,11394155949.88
2019-09-26,64.893899,174524160,11325553139.24
2019-09-27,64.688374,175824160,11373779040.7
2019-09-30,64.727315,176174160,11403280323.26
2019-10-01,64.52942,174524160,11261942755.57
2019-10-02,63.695983,176024160,11212031882.55
2019-10-03,63.867826,180724160,11542459283.67
2019-10-04,64.837166,184624160,11970507242.55
2019-10-07,64.54877,175974160,11358915663.47
2019-10-08,63.896396,174324160,11138685500.14
2019-10-09,64.220579,172524160,11079601381.75
2019-10-10,64.143991,174124160,11169018508.58
2019-10-11,63.922812,176724160,11296705293.73
2019-10-14,63.493158,176274160,11192203089.15
2019-10-15,63.305083,177024160,11206529131.56
2019-10-16,63.452998,178274160,11312029893.54
2019-10-17,63.597447,179324160,11404558675.33
2019-10-18,63.827765,178274160,11378841227.84
2019-10-21,64.06229,179524160,11500728759.3
2019-10-22,64.346576,178374160,11477766457.48
2019-10-23,64.582472,175474160,11332555070.15
2019-10-24,64.835914,172524160,11185761656.45
2019-10-25,64.131747,172424160,11057862595.02
2019-10-28,63.293088,175224160,11090478143.29
2019-10-29,63.361408,174824160,11077104877.69
2019-10-30,63.92081,179924160,11500897975.9
2019-10-31,64.227818,174924160,11234997181.36
2019-11-01,64.101156,173774160,11139124618.87
2019-11-04,63.280722,171374160,10844680502.27
2019-11-05,62.633437,172524160,10805781041.1
2019-11-06,62.824734,183674160,11539280270.4
2019-11-07,62.006678,179724160,11144098130.59
2019-11-08,61.778339,176974160,10933169645.62
2019-11-11,61.361083,177674160,10902278866.06
2019-11-12,61.528894,184474160,11350491112.27
2019-11-13,62.441494,177574160,11087995933.7
2019-11-14,62.658339,186724160,11699825720.04
2019-11-15,62.871712,176674160,11107806886.61
2019-11-18,62.9791,174774160,11007119261.06
2019-11-19,62.818745,173724160,10913133700.73
2019-11-20,63.22117,180674160,11422431843.14
2019-11-21,62.988432,171074160,10775693045.49
2019-11-22,63.008296,173774160,10949213651.99
2019-11-25,62.777354,173724160,10905943115.8
2019-11-26,63.025022,175124160,11037204019.56
2019-11-27,63.128215,175824160,11099465323.28
2019-11-29,63.038442,173024160,10907173464.75
2019-12-02,62.554271,172624160,10798378571.35
2019-12-03,62.865766,172924160,10871009707.28
2019-12-04,63.316404,172874160,10945770099.83
2019-12-05,63.382897,174524160,11061846820.43
2019-12-06,63.242136,172324160,10898147976.26
2019-12-09,62.973922,181974160,11459626501.45
2019-12-10,62.956555,178824160,11258153111.53
2019-12-11,63.163383,174024160,10991954728.76
2019-12-12,62.856567,174024160,10938561325.69
2019-12-13,63.393388,180224160,11425020138.87
2019-12-16,64.208955,174924160,11231697586.41
2019-12-17,64.359933,170524160,10974923540.53
2019-12-18,64.638932,172724160,11164705262.09
2019-12-19,64.615535,170374160,11008817513.3
2019-12-20,64.616253,171874160,11105864233.52
2019-12-23,63.979706,170524160,10910085589.46
2019-12-24,64.06206,175874160,11266860962.96
2019-12-26,64.17711,174274160,11184411866.97
2019-12-27,64.365249,177774160,11442478028.88
2019-12-30,64.352904,173574160,11170001200.42
2019-12-31,64.686001,170774160,11046697553.93
2020-01-02,63.793474,168324160,10737982936.37
2020-01-03,63.865723,170374160,10881068899.71
2020-01-06,64.02092,167774160,10741056001.61
2020-01-07,63.894275,166924160,10665498260.12
2020-01-08,63.891376,168124160,10741683906.62
2020-01-09,64.227899,168324160,10811107171.01
2020-01-10,64.381323,167974160,10814398643.41
2020-01-13,64.803286,167524160,10856115987.23
2020-01-14,64.982717,166074160,10791950135.41
2020-01-15,65.892188,167124160,11012176600.05
2020-01-16,66.289897,166074160,11009038953.04
2020-01-17,66.790705,166574160,11125605648.81
2020-01-21,67.35011,165674160,11158172943.88
2020-01-22,67.548251,167174160,11292322163.79
2020-01-23,68.167276,167324160,11406032231.59
2020-01-24,68.390626,167474160,11453662638.91
2020-01-27,68.184663,168874160,11514627729.02
2020-01-28,68.434025,168674160,11543051680.73
2020-01-29,68.642311,170724160,11718900960.46
2020-01-30,69.265879,170424160,11804579327.4
2020-01-31,68.971367,171424160,11823358582.56
2020-02-03,69.19422,174474160,12072603372.27
2020-02-04,68.485941,173824160,11904511115.96
2020-02-05,68.774507,172174160,11841193033.25
2020-02-06,68.783173,170174160,11705118697.09
2020-02-07,68.596393,172374160,11824245574.16
2020-02-10,68.832795,172324160,11861553526.09
2020-02-11,69.094655,173774160,12006865637.6
2020-02-12,69.119781,171374160,11845344422.96
2020-02-13,69.889894,179574160,12550418933.2
2020-02-14,70.385892,169874160,11956744261.56
2020-02-18,70.956144,169724160,12042971891.31
2020-02-19,70.219905,177524160,12465729601.49
2020-02-20,70.440741,173074160,12191471995.99
2020-02-21,70.318713,172524160,12131676852.32
2020-02-24,69.508534,171824160,11943245517.23
2020-02-25,68.012599,170774160,11614794467.18
2020-02-26,67.359682,172674160,11631276451.49
2020-02-27,64.318104,176474160,11350483321.2
2020-02-28,62.188449,179774160,11179876171.31
2020-03-02,65.821846,189974160,12504449829.1
2020-03-03,65.071433,192474160,12524569490.82
2020-03-04,68.755046,191824160,13188878982.33
2020-03-05,67.645354,192274160,13006453563.91
2020-03-06,67.133689,193374160,12981920764.06
2020-03-09,63.415877,202174160,12821051574.19
2020-03-10,64.062209,196074160,12560943860.87
2020-03-11,60.819311,196174160,11931177237.86
2020-03-12,54.676278,197474160,10797152027.95
2020-03-13,57.71299,198274160,11442994568.25
2020-03-16,51.095898,193974160,9911283919.26
2020-03-17,57.755016,193674160,11185654166.71
2020-03-18,55.070808,189724160,10448262782.09
2020-03-19,52.083607,193374160,10071623695.52
2020-03-20,47.827448,191274160,9148155027.9
2020-03-23,44.838569,185074160,8298460543.2
2020-03-24,49.72741,184474160,9173422196.4
2020-03-25,51.125123,188824160,9653658423.73
2020-03-26,55.398762,187374160,10380296509.19
2020-03-27,55.692853,183424160,10215414845.84
2020-03-30,57.771723,183524160,10602506985.04
2020-03-31,55.45666,185824160,10305187219.71
2020-04-01,52.073015,185024160,9634765909.04
2020-04-02,53.705077,187624160,10076369880.67
2020-04-03,51.766647,182974160,9471958763.39
2020-04-06,55.814935,182374160,10179201976.49
2020-04-07,55.141148,183974160,10144546317.23
2020-04-08,58.114213,180174160,10470679459.01
2020-04-09,60.866009,188524160,11474713192.62
2020-04-13,58.870471,204874160,12061038356.43
2020-04-14,60.617176,204974160,12424954808.28
2020-04-15,58.586379,203574160,11926672817.59
2020-04-16,58.628963,203274160,11917753133.84
2020-04-17,60.566266,203274160,12311556906.92
2020-04-20,58.217986,203524160,11848766643.68
2020-04-21,57.28583,203324160,11647593287.74
2020-04-22,58.968448,204224160,12042781693.89
2020-04-23,57.933519,205724160,11918324560.62
2020-04-24,58.294545,205724160,11992596326.64
2020-04-27,58.928113,209224160,12329185006.71
2020-04-28,59.136335,207124160,12248563765.21
2020-04-29,58.60666,205824160,12062666531.19
2020-04-30,57.227764,206124160,11796024746.96
2020-05-01,55.838432,205424160,11470562963.18
2020-05-04,56.257441,208124160,11708532601.88
2020-05-05,56.778137,211274160,11995753158.34
2020-05-06,54.817654,210274160,11526736243.97
2020-05-07,55.082778,210274160,11582484860.57
2020-05-08,56.184621,206624160,11609100144.25
2020-05-11,55.924351,203974160,11407122540.61
2020-05-12,55.440415,212574160,11785199590.54
2020-05-13,54.956516,201424160,11069570088.27
2020-05-14,55.561265,202524160,11252498532.96
2020-05-15,54.832247,201624160,11055505826.69
2020-05-18,57.089208,197024160,11247953345.85
2020-05-19,56.146719,198324160,11135250932.41
2020-05-20,56.429566,201324160,11360634991.22
2020-05-21,55.865383,200874160,11221911907.5
2020-05-22,56.50027,199224160,11256218817.92
2020-05-26,56.909476,197824160,11258069259.43
2020-05-27,57.513162,194724160,11199202154.18
2020-05-28,59.249708,193374160,11457362553.81
2020-05-29,59.718638,182274160,10885164612.92
2020-06-01,60.402773,191474160,11565570132.96
2020-06-02,60.761739,190924160,11600884007.85
2020-06-03,61.546009,190424160,11719847034.47
2020-06-04,60.408953,190074160,11482181020.41
2020-06-05,61.223858,192924160,11811561299.22
2020-06-08,62.848084,189374160,11901803056.24
2020-06-09,61.554382,192024160,11819928482.44
2020-06-10,61.225035,192274160,11771992102.7
2020-06-11,58.799523,190774160,11217429656.5
2020-06-12,58.703345,191974160,11269525384.67
2020-06-15,59.066978,182274160,10766383722.25
2020-06-16,59.338454,183374160,10881139106.13
2020-06-17,59.155276,186824160,11051634675.76
2020-06-18,59.130534,188074160,11120925567.64
2020-06-19,57.304325,189724160,10872014845.17
2020-06-22,57.590796,195874160,11280548858.98
2020-06-23,56.982184,200174160,11406360807.04
2020-06-24,56.447339,201224160,11358568346.67
2020-06-25,55.781991,200274160,11171691380.98
2020-06-26,55.208086,198274160,10946336796.99
2020-06-29,56.234198,196524160,11051378442.9
2020-06-30,56.463741,197574160,11155776252.3
2020-07-01,57.753807,196674160,11358681554.49
2020-07-02,57.902111,196274160,11364688248.0
2020-07-06,57.163149,196774160,11248230576.78
2020-07-07,56.965376,197524160,11252038069.81
2020-07-08,57.470762,197274160,11337496360.87
2020-07-09,56.720833,198974160,11285980149.93
2020-07-10,57.793415,198124160,11450271740.0
2020-07-13,57.817463,194324160,11235329986.96
2020-07-14,58.379501,191424160,11175246962.89
2020-07-15,58.12251,202674160,11779930916.29
2020-07-16,58.889775,188524160,11102145298.55
2020-07-17,60.230301,187074160,11267532969.7
2020-07-20,59.413655,189524160,11260322998.78
2020-07-21,59.68833,190274160,11357146798.62
2020-07-22,60.601365,190774160,11561174539.53
2020-07-23,60.669203,191074160,11592316925.19
2020-07-24,60.286222,190324160,11473924598.6
2020-07-27,59.529383,187924160,11187009222.57
2020-07-28,60.451964,188624160,11402700928.99
2020-07-29,60.71577,189574160,11510141148.31
2020-07-30,60.715151,189874160,11528238219.3
2020-07-31,60.856446,190224160,11576366275.41
2020-08-03,60.164647,191224160,11504934138.15
2020-08-04,60.80732,190624160,11591344334.9
2020-08-05,60.049809,195224160,11723173541.04
2020-08-06,60.384005,196124160,11842762256.58
2020-08-07,61.493044,197474160,12143287141.54
2020-08-10,61.433691,194574160,11953408727.63
2020-08-11,60.133315,193574160,11640255896.25
2020-08-12,61.01861,192074160,11720098270.76
2020-08-13,60.877898,197824160,12043119085.17
2020-08-14,60.374348,198724160,11997841620.74
2020-08-17,60.286683,194424160,11721187764.76
2020-08-18,60.012077,197574160,11856835736.43
2020-08-19,59.838435,198424160,11873391290.25
2020-08-20,59.310079,197874160,11735932158.93
2020-08-21,59.392048,199524160,11850148398.3
2020-08-24,59.941231,199824160,11977706149.8
2020-08-25,59.393396,200374160,11900901771.58
2020-08-26,58.68071,200374160,11758097880.57
2020-08-27,58.90288,201824160,11888024206.08
2020-08-28,59.057623,205474160,12134815547.24
2020-08-31,59.246181,205424160,12170597022.53
2020-09-01,58.578213,204774160,11995304306.94
2020-09-02,60.396281,205674160,12421954301.4
2020-09-03,59.69878,208024160,12418788588.61
2020-09-04,59.367703,208124160,12355853300.79
2020-09-08,59.041313,208224160,12293827863.08
2020-09-09,59.802988,205674160,12299929324.88
2020-09-10,58.749831,199724160,11733760663.61
2020-09-11,58.944812,197574160,11645971736.22
2020-09-14,59.724889,199224160,11898640763.08
2020-09-15,60.15998,198374160,11934185500.69
2020-09-16,60.044089,197924160,11884175964.13
2020-09-17,59.55359,195374160,11635232524.54
2020-09-18,58.50709,196024160,11468803185.32
2020-09-21,57.671691,196224160,11316579103.48
2020-09-22,58.041449,196224160,11389134545.02
2020-09-23,57.110832,197224160,11263635784.17
2020-09-24,57.798046,197574160,11419400356.84
2020-09-25,58.724567,194024160,11393984695.68
2020-09-28,58.877035,192824160,11352914753.86
2020-09-29,58.847377,192074160,11303060545.94
2020-09-30,59.39748,192174160,11414660872.61
2020-10-01,60.001798,192024160,11521794833.84
2020-10-02,60.681513,190274160,11546123864.54
2020-10-05,61.448219,190724160,11719659999.02
2020-10-06,61.97275,191124160,11844489766.85
2020-10-07,62.362554,189424160,11812974482.48
2020-10-08,63.485823,189874160,12054317387.83
2020-10-09,63.457881,188674160,11972862371.93
2020-10-12,63.888341,189024160,12076439990.8
2020-10-13,63.43924,190474160,12083535955.87
2020-10-14,63.342215,191274160,12115728900.28
2020-10-15,63.307117,190224160,12042543231.42
2020-10-16,63.992259,189624160,12134478384.72
2020-10-19,63.445476,190524160,12087895928.02
2020-10-20,63.803598,190124160,12130605539.18
2020-10-21,63.669767,190174160,12108344517.78
2020-10-22,64.594938,189674160,12251990606.79
2020-10-23,64.743567,188074160,12176591953.29
2020-10-26,64.711546,188074160,12170569679.95
2020-10-27,64.664076,187624160,12132543006.18
2020-10-28,62.765828,186574160,11710481633.1
2020-10-29,62.957974,186624160,11749478987.5
2020-10-30,62.380134,187024160,11666592097.29
2020-11-02,63.767031,187074160,11929163811.37
2020-11-03,64.695741,186774160,12083492701.26
2020-11-04,63.664604,186824160,11894086205.66
2020-11-05,64.287432,187074160,12026517293.99
2020-11-06,64.140072,186824160,11982915048.02
2020-11-09,65.337349,188174160,12294800732.12
2020-11-10,66.279128,187274160,12412367984.7
2020-11-11,66.506321,186474160,12401710428.61
2020-11-12,65.425901,191474160,12527369517.43
2020-11-13,66.101272,196824160,13010327349.85
2020-11-16,66.744726,188574160,12586330655.23
2020-11-17,65.425785,191574160,12533889787.33
2020-11-18,64.172334,192024160,12322638549.77
2020-11-19,63.523552,190024160,12071009539.91
2020-11-20,63.552545,191224160,12152782019.49
2020-11-23,63.543886,190574160,12109822789.81
2020-11-24,64.247917,190224160,12221505985.52
2020-11-25,64.373084,188624160,12142318904.02
2020-11-27,63.760877,188974160,12049158165.17
2020-11-30,62.830075,188974160,11873260641.86
2020-12-01,63.294372,187274160,11853400361.86
2020-12-02,63.716222,186774160,11900543857.17
2020-12-03,63.055444,191724160,12089252129.45
2020-12-04,62.401112,189824160,11845238598.0
2020-12-07,62.744559,190074160,11926119260.97
2020-12-08,62.562543,190224160,11900907274.82
2020-12-09,62.44386,191974160,11987607521.75
2020-12-10,62.124865,192924160,11985387370.97
2020-12-11,62.218417,194424160,12096763404.65
2020-12-14,61.887921,193924160,12001563073.59
2020-12-15,63.080393,194174160,12248582391.24
2020-12-16,62.360043,193524160,12068174913.53
2020-12-17,62.829395,191724160,12045912885.35
2020-12-18,62.29898,194524160,12118656675.33
2020-12-21,61.011628,194574160,11871286190.92
2020-12-22,60.894512,195174160,11885035194.6
2020-12-23,60.774231,196074160,11916256356.95
2020-12-24,61.192836,195674160,11973856752.84
2020-12-28,61.481884,193274160,11882859451.38
2020-12-29,61.449064,193124160,11867298819.38
2020-12-30,61.757577,190624160,11772486268.8
2020-12-31,62.733939,190224160,11933510783.92
2021-01-04,61.104865,187874160,11480025242.63
2021-01-05,61.123999,189024160,11553912493.3
2021-01-06,62.623255,189624160,11874882111.82
2021-01-07,61.790969,186874160,11547135399.26
2021-01-08,62.325392,188374160,11740493446.15
2021-01-11,61.747189,188174160,11619225346.99
2021-01-12,61.427547,187724160,11531434670.21
2021-01-13,62.618115,185624160,11623434971.08
2021-01-14,62.382534,185374160,11564109912.97
2021-01-15,62.982875,184874160,11643906120.53
2021-01-19,62.747001,184924160,11603436491.43
2021-01-20,63.133279,188324160,11889521726.01
2021-01-21,62.747373,189274160,11876456354.05
2021-01-22,62.850619,188774160,11864572808.56
2021-01-25,64.072844,188874160,12101704670.92
2021-01-26,63.436565,191174160,12127432024.9
2021-01-27,61.730351,191174160,11801248013.87
2021-01-28,62.488307,193224160,12074250603.69
2021-01-29,62.156538,192024160,11935557068.68
2021-02-01,62.454052,192524160,12023913920.13
2021-02-02,62.954154,193274160,12167411278.13
2021-02-03,62.76623,191574160,12024387720.02
2021-02-04,63.240645,191124160,12086815114.72
2021-02-05,63.586972,191124160,12153006615.29
2021-02-08,63.098383,192174160,12125878667.77
2021-02-09,63.188078,192574160,12168391118.34
2021-02-10,63.434619,191574160,12152433800.04
2021-02-11,63.057981,198274160,12502768192.47
2021-02-12,62.611019,192674160,12063525556.47
2021-02-16,61.918576,189324160,11722682406.87
2021-02-17,61.996476,184274160,11424348573.74
2021-02-18,62.33386,185774160,11580020560.66
2021-02-19,61.401245,185874160,11412904758.25
2021-02-22,60.213153,184574160,11113792186.73
2021-02-23,60.691247,183424160,11132240952.21
2021-02-24,59.996578,184324160,11058818892.74
2021-02-25,59.466458,183524160,10913531818.31
2021-02-26,58.365267,181424160,10588869528.72
2021-03-01,59.622269,181474160,10819901134.04
2021-03-02,59.458659,186074160,11063719989.51
2021-03-03,58.776305,186924160,10986711386.4
2021-03-04,58.715609,191424160,11239586190.55
2021-03-05,59.677165,188124160,11226716499.3
2021-03-08,60.519006,189474160,11466787919.63
2021-03-09,61.317376,195824160,12007423703.83
2021-03-10,61.728837,190224160,11742316233.52
2021-03-11,61.567025,187774160,11560696456.52
2021-03-12,62.381051,192274160,11994264156.44
2021-03-15,63.223734,186924160,11818043296.13
2021-03-16,63.285542,189224160,11975153577.27
2021-03-17,62.260922,189774160,11815514250.61
2021-03-18,62.042488,189074160,11730631381.18
2021-03-19,62.176785,190724160,11858615086.65
2021-03-22,61.648156,191174160,11785534457.18
2021-03-23,62.586289,191224160,11968010573.91
2021-03-24,62.612575,190724160,11941730805.64
2021-03-25,63.232193,191574160,12113654190.98
2021-03-26,63.477322,189024160,11998747546.56
2021-03-29,64.154441,188824160,12113908366.98
2021-03-30,63.581034,187774160,11938875222.83
2021-03-31,63.989789,186924160,11961237489.8
2021-04-01,63.978516,187124160,11971926045.07
2021-04-05,64.675821,187574160,12131512861.38
2021-04-06,65.014687,185074160,12032538586.37
2021-04-07,64.934195,184724160,11994914542.0
2021-04-08,64.866587,183874160,11927289153.09
2021-04-09,64.819396,185224160,12006118252.89
2021-04-12,64.864462,186074160,12069600299.37
2021-04-13,65.654991,185874160,12203566251.88
2021-04-14,65.917118,185824160,12248993135.36
2021-04-15,66.644762,185574160,12367545791.46
2021-04-16,67.185349,186724160,12545127769.9
2021-04-19,66.8565,188424160,12597379941.25
2021-04-20,67.735158,186074160,12603762614.9
2021-04-21,67.127219,185024160,12420157288.41
2021-04-22,66.664115,187424160,12494465771.6
2021-04-23,66.547301,186524160,12412679402.21
2021-04-26,66.183594,186224160,12324984220.33
2021-04-27,65.686152,186224160,12232348471.14
2021-04-28,65.587536,185624160,12174631348.89
2021-04-29,66.194878,185274160,12264200438.06
2021-04-30,66.712634,185274160,12360127202.75
2021-05-03,66.686363,185574160,12375265836.11
2021-05-04,66.454389,187174160,12438544386.12
2021-05-05,65.332308,185774160,12137054714.48
2021-05-06,65.838796,184224160,12129096909.72
2021-05-07,66.027303,185574160,12252961275.65
2021-05-10,66.702682,184524160,12308256319.7
2021-05-11,65.908865,182974160,12059619256.97
2021-05-12,64.363012,183224160,11792858775.46
2021-05-13,65.604482,186624160,12243381356.67
2021-05-14,65.907809,184174160,12138515300.76
2021-05-17,65.341332,180124160,11769552454.17
2021-05-18,65.358038,178824160,11687596230.73
2021-05-19,65.265758,178974160,11680884208.41
2021-05-20,65.807153,178874160,11771199303.76
2021-05-21,66.163815,178274160,11795298581.64
2021-05-24,66.03151,179474160,11850949871.62
2021-05-25,65.257135,179474160,11711969454.36
2021-05-26,65.257871,178924160,11676209772.62
2021-05-27,64.829849,178524160,11573694294.99
2021-05-28,65.126292,178524160,11626616618.14
2021-06-01,64.776522,178524160,11564174192.32
2021-06-02,65.09897,177774160,11572914673.76
2021-06-03,65.474063,175474160,11489006236.99
2021-06-04,65.374953,172874160,11301640170.9
2021-06-07,65.515245,171974160,11266929277.54
2021-06-08,64.933759,170374160,11063034601.94
2021-06-09,65.507788,175374160,11488373338.26
2021-06-10,65.948637,171724160,11324974286.82
2021-06-11,66.131832,172474160,11406032192.95
2021-06-14,66.225087,174074160,11528076331.63
2021-06-15,66.455283,173074160,11501692272.16
2021-06-16,65.467347,174474160,11422360307.53
2021-06-17,65.785001,174174160,11458047325.25
2021-06-18,64.077847,174624160,11189540122.2
2021-06-21,64.455126,176824160,11397223582.73
2021-06-22,64.019723,180424160,11550704730.37
2021-06-23,63.34831,181024160,11467574599.87
2021-06-24,63.284524,178924160,11323130350.39
2021-06-25,64.000581,179024160,11457650286.39
2021-06-28,64.390077,179774160,11575671923.79
2021-06-29,63.327034,180624160,11438392258.27
2021-06-30,63.223308,181674160,11486041443.61
2021-07-01,63.936429,181674160,11615596999.83
2021-07-02,64.005253,182374160,11672904169.18
2021-07-06,64.312572,180974160,11638913648.76
2021-07-07,64.685736,182624160,11813178214.57
2021-07-08,64.528533,181824160,11732846258.14
2021-07-09,64.629505,182524160,11796446077.58
2021-07-12,64.811959,181574160,11768177094.51
2021-07-13,64.317942,181074160,11646317259.43
2021-07-14,64.854659,179524160,11642978125.24
2021-07-15,65.627952,180274160,11831023834.21
2021-07-16,66.27811,180274160,11948230564.32
2021-07-19,65.22574,181224160,11820479865.58
2021-07-20,65.47975,183124160,11990924162.06
2021-07-21,64.762771,182424160,11814294076.98
2021-07-22,64.872767,181624160,11782461885.1
2021-07-23,65.699524,180874160,11883346296.9
2021-07-26,65.694112,181424160,11918499022.43
2021-07-27,66.823763,182624160,12203633561.11
2021-07-28,66.364981,183974160,12209441646.96
2021-07-29,66.508403,184324160,12259105517.76
2021-07-30,65.950574,185074160,12205747120.36
2021-08-02,66.440397,184874160,12283112564.57
2021-08-03,66.845504,186174160,12444905559.16
2021-08-04,66.755313,186674160,12461492019.71
2021-08-05,67.529951,192974160,13031535538.88
2021-08-06,67.47276,197174160,13303884811.99
2021-08-09,67.428942,200124160,13494160404.85
2021-08-10,67.493376,196374160,13253955115.46
2021-08-11,68.125888,196624160,13395195422.17
2021-08-12,68.220745,196324160,13393380458.17
2021-08-13,68.652722,196574160,13495351178.52
2021-08-16,69.096376,197974160,13679297073.77
2021-08-17,69.123511,198424160,13715774700.06
2021-08-18,68.808132,198774160,13677278672.95
2021-08-19,69.078645,194574160,13440919324.3
2021-08-20,69.923438,195124160,13643752016.96
2021-08-23,69.008226,197774160,13648043901.29
2021-08-24,68.576002,197774160,13562561134.73
2021-08-25,68.713732,196874160,13527958362.4
2021-08-26,68.528098,196774160,13484558892.87
2021-08-27,68.506949,196624160,13470121329.9
2021-08-30,68.62632,197674160,13565650170.83
2021-08-31,68.561971,199074160,13648916708.53
2021-09-01,69.4487,199524160,13856693611.74
2021-09-02,70.047457,200724160,14060217020.13
2021-09-03,69.486674,200524160,13933757005.58
2021-09-07,68.566352,198924160,13639504049.45
2021-09-08,69.787528,198524160,13854510311.77
2021-09-09,69.403175,197474160,13705333682.2
2021-09-10,68.447225,196774160,13468645131.06
2021-09-13,68.321262,197674160,13505347985.91
2021-09-14,68.09207,209674160,14277147482.28
2021-09-15,68.007157,198324160,13487462201.69
2021-09-16,67.454387,196574160,13259789488.65
2021-09-17,66.403459,196724160,13063164728.54
2021-09-20,65.768493,195574160,12862617868.35
2021-09-21,65.60984,193474160,12693808759.53
2021-09-22,65.539785,193074160,12654038884.0
2021-09-23,65.235217,192474160,12556093669.22
2021-09-24,65.135579,191274160,12458753115.86
2021-09-27,64.353005,190974160,12289761014.14
2021-09-28,63.568981,189724160,12060571514.93
2021-09-29,64.409289,189774160,12223218621.89
2021-09-30,63.879914,189574160,12109980984.35
2021-10-01,63.8547,187174160,11951949825.5
2021-10-04,64.735299,187874160,12162089930.64
2021-10-05,64.615267,187524160,12116923664.36
2021-10-06,65.603046,183674160,12049584374.36
2021-10-07,65.254017,188174160,12279119768.93
2021-10-08,64.774389,188424160,12205059825.71
2021-10-11,63.904386,188724160,12060301517.35
2021-10-12,64.328015,188724160,12140250602.95
2021-10-13,65.058994,188124160,12239168505.49
2021-10-14,65.840234,188574160,12415766853.6
2021-10-15,65.689785,188574160,12387396053.44
2021-10-18,65.056009,187024160,12167045368.21
2021-10-19,65.874918,185874160,12244445103.03
2021-10-20,66.901801,184174160,12321583027.88
2021-10-21,66.914685,183074160,12250349732.19
2021-10-22,67.226365,182274160,12253629188.82
2021-10-25,66.936401,182624160,12224203917.77
2021-10-26,67.313411,182624160,12293055112.64
2021-10-27,66.864947,182924160,12231214337.39
2021-10-28,67.301804,182774160,12301030710.18
2021-10-29,66.890983,182274160,12192497660.33
2021-11-01,67.160783,181874160,12214810938.37
2021-11-02,67.194497,182074160,12234381579.27
2021-11-03,66.976714,182074160,12194728907.39
2021-11-04,66.618359,181924160,12119488981.81
2021-11-05,67.206478,184974160,12431461829.79
2021-11-08,66.232922,184724160,12234820936.97
2021-11-09,66.556697,192624160,12820427845.03
2021-11-10,67.09321,190324160,12769458916.1
2021-11-11,66.690545,184824160,12326023968.18
2021-11-12,66.656648,184824160,12319758962.29
2021-11-15,67.531665,184624160,12467976995.18
2021-11-16,67.175216,184674160,12405526524.87
2021-11-17,67.2728,184974160,12443729593.19
2021-11-18,66.923047,185974160,12445957445.12
2021-11-19,67.309089,185774160,12504289478.0
2021-11-22,67.706963,186274160,12612057632.92
2021-11-23,67.785069,185624160,12582546561.31
2021-11-24,67.796731,184474160,12506745000.59
2021-11-26,66.717965,184124160,12284389275.89
2021-11-29,67.756417,185924160,12597554979.24
2021-11-30,65.786627,185874160,12228034060.02
2021-12-01,65.893245,184874160,12181958362.78
2021-12-02,66.726473,183874160,12269274091.9
2021-12-03,67.398953,187374160,12628822217.88
2021-12-06,68.425719,190074160,13005961038.3
2021-12-07,68.947172,192774160,13291233117.51
2021-12-08,68.887833,191724160,13207461867.14
2021-12-09,68.772619,189924160,13061581935.93
2021-12-10,69.160151,187524160,12969199226.74
2021-12-13,69.993201,186974160,13086920034.25
2021-12-14,69.553265,186374160,12962931261.42
2021-12-15,70.715495,184224160,13027502738.26
2021-12-16,71.073685,186124160,13228529921.42
2021-12-17,70.013038,186024160,13024116614.98
2021-12-20,69.49894,185124160,12865932842.51
2021-12-21,69.400521,184924160,12833833102.89
2021-12-22,69.727189,187224160,13054614322.76
2021-12-23,69.70335,186124160,12973477502.7
2021-12-27,70.047325,186624160,13072523178.78
2021-12-28,70.697407,184324160,13031240166.81
2021-12-29,71.059854,183424160,13034094057.03
2021-12-30,71.320695,182374160,13007051916.21
2021-12-31,71.551493,181474160,12984747108.15
2022-01-03,70.881264,181324160,12852485624.55
2022-01-04,70.65096,183624160,12973223244.1
2022-01-05,70.618331,182924160,12917798969.44
2022-01-06,69.876696,176724160,12348900450.52
2022-01-07,70.401899,181074160,12747964688.32
2022-01-10,69.952053,184374160,12897351087.53
2022-01-11,69.311187,185724160,12872761931.1
2022-01-12,69.555745,187724160,13057293780.99
2022-01-13,69.868046,187724160,13115920335.32
2022-01-14,69.415543,187674160,13027503675.9
2022-01-18,68.583066,186974160,12823261160.66
2022-01-19,68.896882,187924160,12947388734.53
2022-01-20,68.995051,188324160,12993434942.07
2022-01-21,68.869285,189574160,13055836797.57
2022-01-24,68.159866,190124160,12958837288.18
2022-01-25,67.091938,192624160,12923528247.58
2022-01-26,66.6163,193174160,12868547742.22
2022-01-27,67.135919,193324160,12978995219.92
2022-01-28,67.935954,192524160,13079312516.71
2022-01-31,69.212677,194874160,13487762382.55
2022-02-01,68.330352,196274160,13411482452.07
2022-02-02,69.327008,197374160,13683359968.44
2022-02-03,69.023079,196974160,13595762944.35
2022-02-04,68.485722,196824160,13479644752.62
2022-02-07,68.365714,200174160,13685049421.75
2022-02-08,68.438376,202374160,13850158775.66
2022-02-09,68.764487,208874160,14363124456.59
2022-02-10,67.000014,202224160,13549021467.12
2022-02-11,67.021838,201524160,13506519632.33
2022-02-14,66.488239,200824160,13352444805.02
2022-02-15,66.144181,201574160,13332957655.22
2022-02-16,66.267777,198224160,13135874447.53
2022-02-17,66.367824,198724160,13188890032.29
2022-02-18,66.207785,197924160,13104120314.21
2022-02-22,66.157359,196824160,13021366683.25
2022-02-23,65.028356,195374160,12704860367.42
2022-02-24,65.528084,195174160,12789388743.26
2022-02-25,67.573722,194224160,13124449386.91
2022-02-28,67.921365,192824160,13096880077.97
2022-03-01,67.358126,195424160,13163405112.16
2022-03-02,68.182912,193774160,13212086535.44
2022-03-03,69.386532,193474160,13424500964.51
2022-03-04,70.905899,191074160,13548285121.64
2022-03-07,71.831363,191474160,13753849981.1
2022-03-08,70.695192,190674160,13479746427.47
2022-03-09,70.179232,191074160,13409437712.0
2022-03-10,70.684621,190974160,13498936173.12
2022-03-11,70.423817,192374160,13547722545.12
2022-03-14,70.367655,192624160,13554510427.32
2022-03-15,71.241004,193374160,13776169387.06
2022-03-16,71.119466,196024160,13941133675.16
2022-03-17,71.442552,195724160,13983033427.53
2022-03-18,70.816122,196924160,13945405421.28
2022-03-21,70.821298,195124160,13818946252.63
2022-03-22,70.887213,200674160,14225231943.27
2022-03-23,71.005406,199824160,14188595646.09
2022-03-24,71.734596,201124160,14427560452.82
2022-03-25,72.795019,199574160,14528004835.87
2022-03-28,73.243207,197674160,14478289337.32
2022-03-29,73.919629,198374160,14663744268.47
2022-03-30,74.555854,199774160,14894333024.88
2022-03-31,74.430376,200274160,14906481022.1
2022-04-01,75.50945,200174160,15115040672.38
2022-04-04,74.910957,200074160,14987746797.42
2022-04-05,75.407717,200174160,15094676420.92
2022-04-06,76.911076,198474160,15264861122.85
2022-04-07,76.718444,198424160,15222792880.65
2022-04-08,76.946152,200574160,15433409854.84
2022-04-11,75.882922,198524160,15064593395.2
2022-04-12,76.190279,199574160,15205610880.37
2022-04-13,76.063487,203474160,15476954046.73
2022-04-14,76.068491,202474160,15401903855.92
2022-04-18,75.695603,204174160,15455086129.77
2022-04-19,76.157319,204124160,15545548711.73
2022-04-20,76.762525,206074160,15818772908.37
2022-04-21,75.543629,206574160,15605361779.92
2022-04-22,74.272788,207024160,15376261584.56
2022-04-25,73.738576,206974160,15261979875.27
2022-04-26,72.972652,210024160,15326019980.04
2022-04-27,72.636193,211124160,15335255311.4
2022-04-28,73.459443,212674160,15622925296.2
2022-04-29,71.267716,212524160,15146111382.76
2022-05-02,70.525269,220274160,15534894487.39
2022-05-03,70.785525,218374160,15457729503.43
2022-05-04,72.366683,218574160,15817486846.1
2022-05-05,71.617501,219574160,15725352530.34
2022-05-06,72.188151,219924160,15875918449.6
2022-05-09,71.668746,219274160,15715104175.18
2022-05-10,70.777466,219324160,15523208229.49
2022-05-11,71.322204,217024160,15478641349.02
2022-05-12,70.595677,216174160,15260961083.61
2022-05-13,71.414919,218924160,15634451229.85
2022-05-16,71.648283,220624160,15807342236.65
2022-05-17,72.398976,221374160,16027262505.73
2022-05-18,71.680513,220424160,15800116896.32
2022-05-19,71.531889,216224160,15466922517.08
2022-05-20,71.73036,215874160,15484731211.79
2022-05-23,72.596421,217824160,15813254505.56
2022-05-24,74.049807,218624160,16189076962.49
2022-05-25,74.004346,219774160,16264243039.03
2022-05-26,74.204852,221074160,16404775299.42
2022-05-27,75.360937,222274160,16750788952.62
2022-05-31,74.326162,222574160,16543083157.37
2022-06-01,74.207285,220474160,16360788917.79
2022-06-02,74.690425,226474160,16915451299.52
2022-06-03,74.364543,222424160,16540470931.77
2022-06-06,74.696718,222524160,16621824501.12
2022-06-07,75.135825,223024160,16757104272.14
2022-06-08,73.673795,223174160,16442087335.47
2022-06-09,71.887691,224674160,16151306564.8
2022-06-10,71.337432,225674160,16099014947.99
2022-06-13,68.056771,227324160,15470948319.39
2022-06-14,66.326566,227624160,15097528950.34
2022-06-15,66.774479,226774160,15142726343.59
2022-06-16,65.482933,227074160,14869481936.32
2022-06-17,64.878383,225724160,14644618568.85
2022-06-21,65.59293,226124160,14832146165.74
2022-06-22,66.269505,226974160,15041465163.2
2022-06-23,67.821882,225624160,15302255111.27
2022-06-24,69.011101,225924160,15591275062.19
2022-06-27,69.56715,221724160,15424717856.92
2022-06-28,69.317299,221674160,15365853998.0
2022-06-29,69.348948,220074160,15261911547.35
2022-06-30,70.108642,221774160,15548285230.85
2022-07-01,71.860448,225924160,16235011412.04
2022-07-05,69.400191,226974160,15752049942.85
2022-07-06,70.122687,228024160,15989666852.11
2022-07-07,70.055992,227774160,15956944733.84
2022-07-08,69.829226,229274160,16010037218.66
2022-07-11,70.272916,229974160,16160954855.89
2022-07-12,69.914954,229724160,16061154086.92
2022-07-13,69.607653,229724160,15990559728.11
2022-07-14,69.618282,234124160,16299321722.25
2022-07-15,69.757507,235374160,16419114640.72
2022-07-18,68.785328,237124160,16310663010.29
2022-07-19,69.249228,236774160,16396427747.54
2022-07-20,68.308705,235124160,16061026836.8
2022-07-21,68.50697,231924160,15888421487.16
2022-07-22,69.440026,230224160,15986771739.77
2022-07-25,70.31151,229824160,16159283705.5
2022-07-26,70.737808,227774160,16112244753.47
2022-07-27,70.814954,226574160,16044838789.29
2022-07-28,73.32027,226074160,16575818552.74
2022-07-29,73.949911,226374160,16740349009.67
2022-08-01,74.024126,225724160,16709033672.38
2022-08-02,73.861569,224974160,16616944362.2
2022-08-03,74.361158,225424160,16762801540.62
2022-08-04,74.473993,226924160,16899948269.86
2022-08-05,74.253424,227274160,16875884491.72
2022-08-08,74.351407,225624160,16775473652.87
2022-08-09,75.167824,226374160,17016052995.29
2022-08-10,75.520992,223474160,16876990223.66
2022-08-11,75.486818,227424160,17167526114.44
2022-08-12,76.721052,228074160,17498089586.92
2022-08-15,77.343752,228074160,17640111310.39
2022-08-16,77.570755,228074160,17691884815.24
2022-08-17,77.463214,227624160,17632498977.23
2022-08-18,77.734323,227574160,17690323216.27
2022-08-19,77.701963,228374160,17745120600.64
2022-08-22,76.638828,229874160,17617286192.12
2022-08-23,76.157822,234874160,17887504385.19
2022-08-24,76.422691,235374160,17987926600.78
2022-08-25,76.87585,236324160,18167620679.45
2022-08-26,75.693057,236324160,17888098226.07
2022-08-29,75.936715,236524160,17960867829.22
2022-08-30,74.834099,235824160,17647688647.74
2022-08-31,74.324902,235824160,17527607670.79
2022-09-01,75.411467,235874160,17787616513.32
2022-09-02,74.606938,237324160,17706028999.32
2022-09-06,74.783966,238174160,17811608358.04
2022-09-07,77.119468,235374160,18151929955.97
2022-09-08,77.06372,236924160,18258257236.21
2022-09-09,77.382433,236424160,18295076748.33
2022-09-12,78.123384,236474160,18474161701.23
2022-09-13,76.029089,238724160,18149980411.13
2022-09-14,76.658835,238474160,18281151173.76
2022-09-15,74.730591,239524160,17899782136.79
2022-09-16,74.469091,240824160,17933956290.45
2022-09-19,74.939073,242274160,18155801002.05
2022-09-20,73.862225,241474160,17835818853.17
2022-09-21,72.846711,241074160,17561459779.82
2022-09-22,72.593178,238574160,17318856488.15
2022-09-23,71.755965,238724160,17129882525.15
2022-09-26,70.018544,239524160,16771132865.93
2022-09-27,68.828416,238774160,16434447311.27
2022-09-28,69.582279,240024160,16701428093.32
2022-09-29,66.774738,242674160,16204503478.85
2022-09-30,65.46527,244224160,15988200463.08
2022-10-03,67.417677,246224160,16599861007.17
2022-10-04,68.866521,247424160,17039240994.84
2022-10-05,67.317249,244024160,16427035224.29
2022-10-06,65.100155,240024160,15625609979.26
2022-10-07,63.741317,240874160,15353636298.64
2022-10-10,63.849718,241024160,15389324561.18
2022-10-11,63.675113,242624160,15449120735.96
2022-10-12,61.502052,241274160,14838856015.09
2022-10-13,63.067675,242674160,15304895059.77
2022-10-14,62.097239,243024160,15091129385.5
2022-10-17,63.442858,240624160,15265884502.82
2022-10-18,64.577405,237674160,15348380587.0
2022-10-19,63.761934,236424160,15074861595.77
2022-10-20,62.163798,235374160,14631751641.23
2022-10-21,63.306435,234874160,14869045655.47
2022-10-24,63.824743,234474160,14965253075.28
2022-10-25,65.115621,231424160,15069327854.56
2022-10-26,65.088309,232674160,15144367512.24
2022-10-27,65.53321,232074160,15208564624.74
2022-10-28,67.415909,232074160,15645490472.77
2022-10-31,66.801421,231674160,15476163126.43
2022-11-01,67.071144,231374160,15518529506.02
2022-11-02,66.388085,229774160,15254266387.57
2022-11-03,66.692329,228374160,15230804570.16
2022-11-04,67.086956,230574160,15468518604.49
2022-11-07,65.795488,230274160,15151000799.69
2022-11-08,66.249189,230224160,15252163927.13
2022-11-09,65.721164,231824160,15235753740.89
2022-11-10,68.870144,231624160,15951989293.43
2022-11-11,68.084352,233424160,15892532752.31
2022-11-14,67.247666,230874160,15525748351.41
2022-11-15,67.985702,232374160,15798120413.84
2022-11-16,68.583018,231674160,15888913079.05
2022-11-17,67.421064,231874160,15633202536.35
2022-11-18,68.812767,229774160,15811395730.99
2022-11-21,69.154757,230174160,15917638055.0
2022-11-22,69.735682,231674160,16155955529.75
2022-11-23,70.511902,234374160,16526167825.25
2022-11-25,70.956721,231374160,16417551697.88
2022-11-28,70.201495,231474160,16249831972.71
2022-11-29,69.692504,232724160,16219129366.39
2022-11-30,71.465223,232274160,16599524735.21
2022-12-01,71.37149,238924160,17052373180.96
2022-12-02,71.037007,232524160,16517820386.53
2022-12-05,70.614511,233274160,16472540819.6
2022-12-06,71.091171,231524160,16459323553.02
2022-12-07,70.759046,231074160,16350587057.54
2022-12-08,71.185409,232324160,16538090317.04
2022-12-09,70.846717,233474160,16540877826.46
2022-12-12,72.446177,232624160,16852731169.64
2022-12-13,72.674104,233224160,16949356820.02
2022-12-14,72.556657,234874160,17041683951.97
2022-12-15,71.657575,234274160,16787518179.15
2022-12-16,70.485307,234824160,16551652963.09
2022-12-19,69.624536,235674160,16408704020.11
2022-12-20,69.668056,235974160,16439860999.97
2022-12-21,70.637227,234674160,16576732004.5
2022-12-22,70.189849,233624160,16398044400.15
2022-12-23,70.926617,233974160,16594995635.49
2022-12-27,71.363273,233324160,16650775662.76
2022-12-28,70.691979,232524160,16437592940.53
2022-12-29,71.189776,231474160,16478593487.99
2022-12-30,70.507636,231274160,16306594396.29
2023-01-03,70.510536,230624160,16261433087.2
2023-01-04,71.169333,232024160,16513004659.94
2023-01-05,69.592355,233824160,16272373901.76
2023-01-06,70.999957,232924160,16537605356.02
2023-01-09,71.451296,233224160,16664168582.58
2023-01-10,71.483193,233474160,16689478460.17
2023-01-11,72.093709,231624160,16698644738.69
2023-01-12,71.633339,231474160,16581266909.05
2023-01-13,71.31823,230674160,16451272843.71
2023-01-17,71.230255,229924160,16377556528.45
2023-01-18,69.520487,230074160,15994867754.42
2023-01-19,68.82813,229274160,15780511717.18
2023-01-20,69.231203,229324160,15876387421.66
2023-01-23,69.260545,228474160,15824244878.18
2023-01-24,69.59558,228724160,15918190548.84
2023-01-25,68.649275,228624160,15694882776.42
2023-01-26,68.91416,230474160,15882933145.7
2023-01-27,68.891981,229624160,15819263178.88
2023-01-30,68.589226,229674160,15753172873.87
2023-01-31,69.097257,229574160,15862944652.63
2023-02-01,69.221488,229424160,15881081679.14
2023-02-02,69.32869,228424160,15836347793.83
2023-02-03,67.893289,229424160,15576360814.03
2023-02-06,68.509742,226674160,15529388327.08
2023-02-07,68.454816,229424160,15705188623.85
2023-02-08,67.28488,230524160,15510790551.69
2023-02-09,66.381318,227574160,15106672662.92
2023-02-10,67.718673,228724160,15488896683.34
2023-02-13,68.129222,228324160,15555547402.38
2023-02-14,67.823012,229724160,15580584551.33
2023-02-15,68.26262,229624160,15674746808.56
2023-02-16,67.759529,229124160,15525345245.15
2023-02-17,68.48479,226574160,15516883667.91
2023-02-21,67.197625,226224160,15201726203.98
2023-02-22,66.917882,225124160,15064832053.82
2023-02-23,66.594734,221774160,14768991241.01
2023-02-24,66.611707,220924160,14716135390.69
2023-02-27,66.168243,220974160,14621471989.91
2023-02-28,65.033893,221674160,14416333667.41
2023-03-01,63.937635,219474160,14032658793.09
2023-03-02,65.134765,226424160,14748084341.97
2023-03-03,66.274442,217774160,14432860872.68
2023-03-06,66.558141,218924160,14571185003.32
2023-03-07,65.460438,220374160,14425789045.93
2023-03-08,65.976024,220024160,14516319340.79
2023-03-09,65.456517,221224160,14480563024.43
2023-03-10,64.417486,222374160,14324784390.59
2023-03-13,65.404444,223524160,14619473474.15
2023-03-14,66.27189,225524160,14945912417.4
2023-03-15,67.15031,226324160,15197737524.52
2023-03-16,67.598501,230124160,15556048297.37
2023-03-17,66.954665,229924160,15394495069.19
2023-03-20,67.004288,230924160,15472908949.28
2023-03-21,65.655814,232774160,15282976987.37
2023-03-22,64.36062,229774160,14788407433.1
2023-03-23,63.714555,228774160,14576243763.94
2023-03-24,65.694113,228774160,15029115487.7
2023-03-27,65.776198,231624160,15235356594.21
2023-03-28,65.968396,230924160,15233696450.21
2023-03-29,66.91594,229274160,15342095928.83
2023-03-30,67.204372,228924160,15384704418.47
2023-03-31,67.713298,228824160,15494438511.41
2023-04-03,67.223551,228374160,15352122075.69
2023-04-04,67.572969,228624160,15448813194.29
2023-04-05,69.306588,229874160,15931793689.98
2023-04-06,69.813972,231474160,16160130450.04
2023-04-10,69.674932,233724160,16284715029.94
2023-04-11,69.720838,234474160,16347734839.22
2023-04-12,69.639661,234174160,16307809009.75
2023-04-13,69.655753,234674160,16346405294.47
2023-04-14,68.880852,233024160,16050902716.29
2023-04-17,69.2728,232824160,16128381387.7
2023-04-18,68.920228,232774160,16042848088.75
2023-04-19,69.457762,232724160,16164499280.77
2023-04-20,69.419976,232724160,16155705550.63
2023-04-21,69.628156,232474160,16186747041.09
2023-04-24,69.972632,232724160,16284321966.47
2023-04-25,69.906183,233324160,16310801492.01
2023-04-26,68.253643,233224160,15918398491.73
2023-04-27,69.083965,234174160,16177679566.78
2023-04-28,68.970807,240824160,16609836694.26
2023-05-01,69.111956,234374160,16198056622.39
2023-05-02,68.26668,234924160,16037492566.55
2023-05-03,68.064914,236074160,16068367481.78
2023-05-04,68.587828,236474160,16219249088.39
2023-05-05,69.040106,237924160,16426309112.55
2023-05-08,68.826224,236374160,16268740807.1
2023-05-09,68.7162,235924160,16211811813.06
2023-05-10,69.361741,236274160,16388387016.41
2023-05-11,68.648356,237274160,16288481016.33
2023-05-12,69.026747,238624160,16471449541.63
2023-05-15,68.174018,237474160,16189567662.43
2023-05-16,66.637019,241974160,16124436687.59
2023-05-17,66.42516,236924160,15737725139.5
2023-05-18,66.196655,236474160,15653798458.93
2023-05-19,66.09267,235874160,15589553136.1
2023-05-22,66.111419,236324160,15623725461.33
2023-05-23,65.886511,236424160,15577163040.37
2023-05-24,65.474923,236574160,15489674876.7
2023-05-25,64.577354,236524160,15274104408.83
2023-05-26,64.57851,236324160,15261462092.01
2023-05-30,64.327777,236524160,15215073430.2
2023-05-31,64.940038,237224160,15405346041.61
2023-06-01,64.470837,241374160,15561594088.41
2023-06-02,65.121461,238824160,15552578179.81
2023-06-05,65.410741,239474160,15664182246.38
2023-06-06,65.367029,236724160,15473955075.81
2023-06-07,66.472282,236024160,15689064619.17
2023-06-08,66.773938,238574160,15930536274.14
2023-06-09,66.389865,238774160,15852184267.13
2023-06-12,66.278783,238174160,15785893519.19
2023-06-13,66.248532,237174160,15712439957.82
2023-06-14,66.222253,237674160,15739318261.71
2023-06-15,66.930522,238424160,15957853579.05
2023-06-16,67.28223,240574160,16186365887.42
2023-06-20,65.967633,240374160,15856914360.77
2023-06-21,66.520797,239674160,15943316236.25
2023-06-22,66.01774,239474160,15809542746.24
2023-06-23,65.020772,237924160,15470012579.63
2023-06-26,65.655521,237924160,15621034576.73
2023-06-27,65.683533,237174160,15578436754.91
2023-06-28,64.714303,236474160,15303260469.27
2023-06-29,64.685213,234624160,15176713831.41
2023-06-30,65.469508,232574160,15226515774.56
2023-07-03,65.949208,233774160,15417220701.23
2023-07-05,66.673154,234574160,15639799014.36
2023-07-06,65.869261,233224160,15362302954.25
2023-07-07,65.382943,234624160,15340418152.11
2023-07-10,65.110059,234424160,15263370869.89
2023-07-11,65.916856,231974160,15291007325.25
2023-07-12,66.882192,231574160,15488187318.8
2023-07-13,67.135963,234374160,15734934987.8
2023-07-14,66.859366,234324160,15666764866.88
2023-07-17,66.074079,232474160,15360515959.01
2023-07-18,65.561034,234524160,15375646444.96
2023-07-19,66.229031,233374160,15456144438.83
2023-07-20,67.449647,233924160,15778101990.99
2023-07-21,68.459125,233924160,16014243252.46
2023-07-24,68.265324,234574160,16013281059.13
2023-07-25,68.412925,235024160,16078690165.34
2023-07-26,68.381775,233924160,15996149174.58
2023-07-27,67.202061,234624160,15767227047.65
2023-07-28,67.039422,233924160,15682140568.44
2023-07-31,67.081154,232924160,15624821461.5
2023-08-01,66.239166,230424160,15263104180.08
2023-08-02,66.235702,230824160,15288800206.54
2023-08-03,64.731057,230724160,14935018816.07
2023-08-04,63.965263,230224160,14726348927.52
2023-08-07,63.960327,230724160,14757192799.19
2023-08-08,64.276049,230524160,14817182228.16
2023-08-09,64.415221,234074160,15077938726.56
2023-08-10,64.227317,230674160,14815582340.73
2023-08-11,64.578817,227974160,14722301642.62
2023-08-14,64.06724,226824160,14531997785.37
2023-08-15,63.008126,227324160,14323269346.76
2023-08-16,63.302897,227324160,14390277826.81
2023-08-17,63.146269,226524160,14304155483.63
2023-08-18,63.458644,226474160,14371743182.9
2023-08-21,63.082017,226624160,14295909158.73
2023-08-22,63.248248,226824160,14346230736.47
2023-08-23,63.532505,227774160,14471063060.02
2023-08-24,63.133929,227374160,14355024181.25
2023-08-25,63.625373,227924160,14501759664.83
2023-08-28,63.600057,228174160,14511889528.9
2023-08-29,63.841093,232224160,14825444248.01
2023-08-30,63.570766,230924160,14680025642.27
2023-08-31,62.957125,231024160,14544616932.99
2023-09-01,62.633676,229724160,14388468542.73
2023-09-05,61.673156,230024160,14186315823.09
2023-09-06,61.797016,231224160,14288963094.24
2023-09-07,62.604807,231974160,14522697547.13
2023-09-08,63.201417,231474160,14629494932.44
2023-09-11,63.413471,233274160,14792724147.57
2023-09-12,63.507047,230624160,14646259354.16
2023-09-13,64.268123,231624160,14886049912.48
2023-09-14,65.2318,231524160,15102737782.04
2023-09-15,64.923954,231274160,15015232986.39
2023-09-18,64.368271,230824160,14857752180.38
2023-09-19,64.018498,230374160,14748207705.72
2023-09-20,64.084187,230974160,14801791322.85
2023-09-21,63.39335,231074160,14648565017.83
2023-09-22,63.307369,230424160,14587547437.15
2023-09-25,63.184069,229874160,14524384733.35
2023-09-26,61.289593,227724160,13957121185.61
2023-09-27,60.110951,227274160,13661665877.81
2023-09-28,58.821098,223574160,13150877581.25
2023-09-29,58.940526,223374160,13165790449.34
2023-10-02,56.168413,223724160,12566231039.87
2023-10-03,56.822642,228024160,12956935140.53
2023-10-04,56.773307,230024160,13059232309.1
2023-10-05,56.462144,234724160,13253029362.64
2023-10-06,57.232808,237024160,13565558166.59
2023-10-09,57.807675,233774160,13513940608.32
2023-10-10,58.59088,235274160,13784920090.94
2023-10-11,59.541898,237424160,14136685225.97
2023-10-12,58.653854,235424160,13808534320.11
2023-10-13,59.292246,229674160,13617896722.7
2023-10-16,59.911885,227024160,13601445358.62
2023-10-17,59.767646,224874160,13440199301.05
2023-10-18,59.207906,224874160,13314328033.35
2023-10-19,58.655183,223724160,13122581511.28
2023-10-20,58.038359,224824160,13048425334.92
2023-10-23,57.562315,224374160,12915496081.08
2023-10-24,59.039427,225174160,13294153484.04
2023-10-25,59.325851,225574160,13382378927.26
2023-10-26,59.836286,224374160,13425716319.06
2023-10-27,58.754998,223074160,13106721884.14
2023-10-30,59.166259,223274160,13210296688.58
2023-10-31,59.693577,222674160,13292217162.68
2023-11-01,60.345781,222874160,13449515220.16
2023-11-02,61.48925,224474160,13802747819.68
2023-11-03,61.855426,224974160,13915872428.46
2023-11-06,61.695997,226324160,13963294591.23
2023-11-07,61.246583,222574160,13631906820.3
2023-11-08,60.798282,221924160,13492607723.96
2023-11-09,59.99031,221624160,13295302087.99
2023-11-10,60.297073,220674160,13306005897.95
2023-11-13,59.592339,225824160,13457389865.54
2023-11-14,61.978283,219474160,13602631571.87
2023-11-15,61.78203,220524160,13624430219.56
2023-11-16,62.119691,217524160,13512533702.48
2023-11-17,62.289921,216874160,13509074289.48
2023-11-20,62.097727,217874160,13529490012.28
2023-11-21,62.244015,216574160,13480445321.89
2023-11-22,62.51595,215374160,13464320256.84
2023-11-24,62.712926,215424160,13509879469.98
2023-11-27,62.772738,215224160,13510209779.31
2023-11-28,62.966832,216174160,13611802012.95
2023-11-29,62.474144,218074160,13623996496.18
2023-11-30,62.763451,220074160,13812613669.76
2023-12-01,63.539714,219274160,13932617448.37
2023-12-04,63.290625,217924160,13792556339.2
2023-12-05,62.80348,221524160,13912488130.97
2023-12-06,63.664984,222024160,14135164549.72
2023-12-07,63.5448,222874160,14162493932.23
2023-12-08,63.407921,222224160,14090771883.32
2023-12-11,63.82631,223374160,14257148322.35
2023-12-12,63.579001,221974160,14112895366.4
2023-12-13,65.927192,222124160,14644022061.13
2023-12-14,65.090439,223974160,14578576303.65
2023-12-15,64.001026,223974160,14334575927.02
2023-12-18,63.216321,225424160,14250486005.0
2023-12-19,63.570347,224774160,14288971314.87
2023-12-20,62.314893,224974160,14019240767.06
2023-12-21,62.395283,224124160,13984290327.89
2023-12-22,62.603866,221174160,13846357402.97
2023-12-26,63.006087,223824160,14102284469.88
2023-12-27,62.951171,224574160,14137206414.54
2023-12-28,63.414017,224874160,14260173728.54
2023-12-29,63.356265,224724160,14237683451.42
2024-01-02,64.230368,223624160,14363462086.85
2024-01-03,64.482698,223024160,14381199583.81
2024-01-04,64.271073,223824160,14385418916.34
2024-01-05,64.518048,225074160,14521345427.86
2024-01-08,64.983988,225074160,14626216598.85
2024-01-09,64.491914,226674160,14618650518.76
2024-01-10,64.450922,226924160,14625471395.93
2024-01-11,62.941848,228174160,14361703345.73
2024-01-12,63.311189,228574160,14471301942.66
2024-01-16,62.647812,227574160,14257023279.23
2024-01-17,61.696789,227424160,14031340519.71
2024-01-18,61.047431,226574160,13831770426.99
2024-01-19,60.970242,225974160,13777699280.24
2024-01-22,60.657083,225924160,13703900607.73
2024-01-23,60.796182,227224160,13814361281.15
2024-01-24,59.959051,223924160,13426280143.32
2024-01-25,61.029262,220724160,13470632521.24
2024-01-26,61.228045,219074160,13413482595.13
2024-01-29,61.61815,213224160,13138478312.79
2024-01-30,61.602152,212524160,13091945707.6
2024-01-31,61.445829,208374160,12803723099.95
2024-02-01,62.602216,205674160,12875658159.14
2024-02-02,61.481067,200324160,12316143095.29
2024-02-05,60.235173,194574160,11720208146.63
2024-02-06,60.4359,201174160,12158141332.93
2024-02-07,60.478108,200674160,12136393483.38
2024-02-08,60.024921,200424160,12030444336.54
2024-02-09,60.287815,200974160,12116292973.5
2024-02-12,60.974684,201974160,12315310634.67
2024-02-13,59.985732,201324160,12076577147.82
2024-02-14,60.317212,199174160,12013630009.81
2024-02-15,61.297307,200424160,12285461290.58
2024-02-16,61.247198,200024160,12250919351.35
2024-02-20,61.164263,197424160,12075303163.23
2024-02-21,61.994422,197374160,12236096927.84
2024-02-22,61.517581,195424160,12022021659.78
2024-02-23,61.95746,195574160,12117278213.31
2024-02-26,60.73208,195524160,11874588877.14
2024-02-27,61.874165,194024160,12005082805.73
2024-02-28,62.059269,192874160,11969629428.12
2024-02-29,62.123738,191724160,11910621532.3
2024-03-01,61.705323,198574160,12253082598.33
2024-03-04,62.730693,189274160,11873299163.79
2024-03-05,62.566806,191824160,12001825006.1
2024-03-06,63.166608,191524160,12097931555.42
2024-03-07,63.589244,193174160,12283798746.06
2024-03-08,63.730236,193124160,12307848251.39
2024-03-11,64.054082,192874160,12354377237.05
2024-03-12,63.432948,193974160,12304352850.52
2024-03-13,63.845898,194124160,12394031332.56
2024-03-14,63.352077,190924160,12095442155.95
2024-03-15,63.437918,191174160,12127690697.22
2024-03-18,63.208746,191074160,12077558004.82
2024-03-19,63.787821,192274160,12264749632.62
2024-03-20,63.895358,197374160,12611292589.29
2024-03-21,63.761888,191074160,12183249209.92
2024-03-22,63.85434,187624160,11980616869.98
2024-03-25,64.145921,189324160,12144372584.27
2024-03-26,63.419206,189274160,12003616999.25
2024-03-27,65.178472,188024160,12255127403.27
2024-03-28,65.668422,188174160,12357100056.44
2024-04-01,65.247783,187624160,12242060554.96
2024-04-02,65.357006,186624160,12197196257.73
2024-04-03,65.08552,185174160,12052156535.7
2024-04-04,64.956364,185524160,12050974936.99
2024-04-05,65.182187,187224160,12203680183.18
2024-04-08,65.599152,187474160,12298145858.71
2024-04-09,65.961877,187124160,12343060834.36
2024-04-10,64.820663,183724160,11909121795.03
2024-04-11,64.688206,182924160,11833035833.43
2024-04-12,64.211628,182024160,11688067713.09
2024-04-15,63.627373,182974160,11642165081.17
2024-04-16,62.767327,182224160,11437723405.18
2024-04-17,64.071532,181824160,11649752409.93
2024-04-18,64.464146,181974160,11730808805.29
2024-04-19,65.409954,180974160,11837511409.59
2024-04-22,66.034698,178974160,11818504580.34
2024-04-23,66.356491,180374160,11968996292.55
2024-04-24,66.748527,180174160,12026359743.68
2024-04-25,66.927013,178824160,11968166809.07
2024-04-26,66.17686,179474160,11877036325.3
2024-04-29,67.111333,179774160,12064883550.68
2024-04-30,66.745521,184974160,12346196622.45
2024-05-01,67.52295,185324160,12513634059.64
2024-05-02,67.862841,183124160,12427325769.54
2024-05-03,68.443639,183874160,12585016684.34
2024-05-06,68.767071,183624160,12627295739.07
2024-05-07,69.533502,184174160,12806274241.46
2024-05-08,70.260229,184324160,12950657687.65
2024-05-09,71.353044,183924160,13123548639.33
2024-05-10,71.261986,185724160,13235072398.86
2024-05-13,71.279226,186974160,13327373470.59
2024-05-14,71.454552,191374160,13674554871.62
2024-05-15,72.477787,187924160,13620327327.92
2024-05-16,72.266251,191824160,13862412963.57
2024-05-17,72.335782,192574160,13930002403.74
2024-05-20,72.183373,188074160,13575827327.59
2024-05-21,72.880265,186774160,13612150251.9
2024-05-22,72.021056,185574160,13365246946.53
2024-05-23,70.798607,185424160,13127772283.3
2024-05-24,71.505291,185324160,13251657984.68
2024-05-28,71.421178,186824160,13343201530.18
2024-05-29,70.491228,187574160,13222332885.34
2024-05-30,71.478654,190774160,13636280266.0
2024-05-31,72.705318,191924160,13953907168.12
2024-06-03,71.861219,191924160,13791904091.3
2024-06-04,71.844153,195524160,14047267738.71
2024-06-05,71.427594,199974160,14283673051.25
2024-06-06,70.694904,201024160,14211383695.49
2024-06-07,69.949025,200974160,14057946469.91
2024-06-10,70.848598,201824160,14298958714.82
2024-06-11,70.401542,201474160,14184091567.13
2024-06-12,69.943406,201974160,14126760618.32
2024-06-13,70.103834,201774160,14145142157.84
2024-06-14,69.944291,202624160,14172403145.71
2024-06-17,69.166009,203724160,14090787149.34
2024-06-18,69.183362,202324160,13997465506.48
2024-06-20,69.797193,200874160,14020452487.33
2024-06-21,69.422829,198074160,13750868595.51
2024-06-24,69.72619,197574160,13776093445.66
2024-06-25,69.044163,200774160,13862283884.51
2024-06-26,68.780526,203324160,13984742674.19
2024-06-27,68.905131,202474160,13951508574.14
2024-06-28,68.162214,202824160,13824943756.12
2024-07-01,67.694795,204224160,13824912638.46
2024-07-02,67.991661,203124160,13810749036.72
2024-07-03,68.416945,203824160,13945026392.41
2024-07-05,68.543911,204524160,14018885891.89
2024-07-08,68.612009,204224160,14012229972.74
2024-07-09,68.802306,204124160,14044212859.65
2024-07-10,69.450641,204724160,14218224182.24
2024-07-11,70.718913,205174160,14509693643.92
2024-07-12,71.231932,205974160,14671937341.34
2024-07-15,69.53294,206174160,14335895477.92
2024-07-16,70.069156,207674160,14551553075.78
2024-07-17,70.094716,207674160,14556861250.23
2024-07-18,70.048687,210824160,14767955512.48
2024-07-19,70.125942,210074160,14731648393.22
2024-07-22,70.733686,210024160,14855783045.02
2024-07-23,70.271746,210724160,14807954584.85
2024-07-24,71.082944,211174160,15010880918.02
2024-07-25,70.461226,211924160,14932436089.63
2024-07-26,71.156058,216674160,15417679150.33
2024-07-29,71.471705,216374160,15464630231.16
2024-07-30,71.861355,217424160,15624394679.59
2024-07-31,72.772404,218674160,15913444389.29
2024-08-01,74.137903,219424160,16267647178.68
2024-08-02,74.249523,221424160,16440638241.8
2024-08-05,72.257327,225474160,16292160119.1
2024-08-06,72.850021,226874160,16527787325.41
2024-08-07,73.263499,227174160,16643573805.2
2024-08-08,73.374625,227224160,16672487522.63
2024-08-09,73.59721,227424160,16737783682.43
2024-08-12,73.747662,228324160,16838372920.62
2024-08-13,74.158184,228274160,16928397192.73
2024-08-14,74.121985,237574160,17609468417.74
2024-08-15,74.115763,229124160,16981711950.05
2024-08-16,74.46111,230874160,17191146321.02
2024-08-19,74.952705,231324160,17338371433.15
2024-08-20,74.777856,228674160,17099763458.65
2024-08-21,75.328459,229124160,17259570000.14
2024-08-22,75.199812,229124160,17230093645.52
2024-08-23,75.419279,228024160,17197417641.12
2024-08-26,75.882967,228474160,17337297052.62
2024-08-27,75.322765,227874160,17164111718.55
2024-08-28,75.31872,226174160,17035148254.75
2024-08-29,75.728089,225974160,17112591234.87
2024-08-30,76.294082,226924160,17312970418.92
2024-09-03,76.193619,225924160,17213979381.78
2024-09-04,76.837043,226274160,17386237287.88
2024-09-05,76.62719,230774160,17683575496.9
2024-09-06,75.910193,231774160,17594021276.15
2024-09-09,76.673486,232424160,17820770608.23
2024-09-10,77.022874,233074160,17952041692.76
2024-09-11,77.297806,234574160,18132067880.76
2024-09-12,77.425988,235124160,18204720363.98
2024-09-13,78.532779,235624160,18504220123.22
2024-09-16,79.123221,235374160,18623561722.39
2024-09-17,79.057324,234974160,18576428364.43
2024-09-18,78.452871,231724160,18179425698.23
2024-09-19,78.004047,229424160,17896012845.92
2024-09-20,80.099804,228874160,18332775349.92
2024-09-23,80.348514,230524160,18522273766.72
2024-09-24,79.74065,230824160,18406068600.16
2024-09-25,80.171497,228374160,18309098229.13
2024-09-26,79.619304,228224160,18171048676.4
2024-09-27,80.4237,226974160,18254101809.64
2024-09-30,80.764881,228274160,18436535354.97
2024-10-01,81.414841,229074160,18650036203.61
2024-10-02,81.45731,233124160,18989666966.96
2024-10-03,81.437717,233174160,18989171366.91
2024-10-04,81.301468,233024160,18945206322.14
2024-10-07,79.434743,232574160,18474468528.32
2024-10-08,79.47942,232774160,18500755335.12
2024-10-09,78.775998,231524160,18238546798.07
2024-10-10,78.531348,232024160,18221170123.38
2024-10-11,79.23049,230274160,18244734433.54
2024-10-14,80.250004,229774160,18439377204.71
2024-10-15,80.608617,229774160,18521777340.49
2024-10-16,82.24804,229524160,18877912193.23
2024-10-17,81.486301,229874160,18731594892.45
2024-10-18,81.937356,231224160,18945896271.53
2024-10-21,81.645175,230624160,18829349935.08
2024-10-22,81.321641,230124160,18714074431.58
2024-10-23,82.146117,229674160,18866840314.02
2024-10-24,81.564257,231624160,18892252582.8
2024-10-25,80.374654,231774160,18628767822.24
2024-10-28,81.005456,228774160,18531955176.31
2024-10-29,79.280745,228424160,18109637693.24
2024-10-30,79.093408,228574160,18078709388.33
2024-10-31,79.93392,229424160,18338772364.64
2024-11-01,78.141805,228624160,17865104618.75
2024-11-04,77.200436,229324160,17703925090.68
2024-11-05,78.339243,229774160,18000333828.77
2024-11-06,77.574163,229374160,17793508463.9
2024-11-07,77.705011,227424160,17671996877.89
2024-11-08,79.152798,229474160,18163521891.39
2024-11-11,79.39041,221824160,17610711008.33
2024-11-12,78.50545,217874160,17104308926.78
2024-11-13,78.36108,221074160,17323610042.23
2024-11-14,78.078601,214224160,16726322667.96
2024-11-15,79.280913,212424160,16841181358.07
2024-11-18,79.906976,213074160,17026111727.27
2024-11-19,80.434521,212924160,17126452877.64
2024-11-20,80.494717,213974160,17223789424.93
2024-11-21,81.92204,214524160,17574256906.26
2024-11-22,81.451674,216274160,17615892311.89
2024-11-25,81.621918,216474160,17669036135.53
2024-11-26,82.89304,216874160,17977358352.63
2024-11-27,82.87804,217374160,18015544305.31
2024-11-29,82.87296,219824160,18217478896.67
2024-12-02,81.152797,220524160,17896152316.91
2024-12-03,80.441694,220274160,17719226474.34
2024-12-04,80.458748,219874160,17690799567.97
2024-12-05,80.687678,221324160,17858132521.5
2024-12-06,79.725648,220824160,17605349321.23
2024-12-09,78.693049,220874160,17381261023.09
2024-12-10,78.079496,220374160,17206703237.47
2024-12-11,77.646564,220074160,17088002396.21
2024-12-12,77.565572,219824160,17050786671.69
2024-12-13,77.622445,219174160,17012834073.03
2024-12-16,76.998905,218774160,16845370665.85
2024-12-17,76.704397,218074160,16727247048.9
2024-12-18,74.892462,218374160,16354578371.71
2024-12-19,75.251615,218674160,16455583800.85
2024-12-20,76.400623,219424160,16764142561.31
2024-12-23,76.069989,218574160,16626934042.6
2024-12-24,76.493331,219124160,16761536878.18
2024-12-26,76.28567,218674160,16681704785.52
2024-12-27,76.063541,215474160,16389727504.97
2024-12-30,75.76897,216524160,16405812591.32
2024-12-31,75.679844,216624160,16394082704.29
2025-01-02,76.233953,215624160,16437881998.25
2025-01-03,77.071561,215824160,16633904974.97
2025-01-06,76.247391,214874160,16383594072.37
2025-01-07,76.047452,216024160,16428086881.59
2025-01-08,76.039675,215974160,16422604832.78
2025-01-10,75.603672,216774160,16388922396.26
2025-01-13,74.702202,216924160,16204712363.67
2025-01-14,75.670594,217874160,16486667043.34
2025-01-15,76.77343,217824160,16723107866.36
2025-01-16,78.75068,217874160,17157738346.91
2025-01-17,78.825848,222074160,17505183978.12
2025-01-21,80.046831,221424160,17724302370.04
2025-01-22,78.30559,222774160,17444462070.67
2025-01-23,78.669947,223774160,17604301265.73
2025-01-24,79.506826,225624160,17938660727.44
2025-01-27,77.657174,225424160,17505803314.4
2025-01-28,76.581749,224174160,17167649339.1
2025-01-29,76.725648,223974160,17184562614.27
2025-01-30,78.36502,222424160,17430273686.01
2025-01-31,77.891809,221874160,17282179777.01
2025-02-03,78.274022,221174160,17312191162.12
2025-02-04,77.582823,221224160,17163194748.52
2025-02-05,78.386571,221324160,17348841973.59
2025-02-06,78.337814,221674160,17365469211.42
2025-02-07,78.123873,222624160,17392261613.46
2025-02-10,79.005126,222824160,17604250841.7
2025-02-11,79.394396,223174160,17718777603.7
2025-02-12,79.281864,223574160,17725376107.11
2025-02-13,79.396311,222624160,17675536937.9
2025-02-14,79.071715,223524160,17674438620.92
2025-02-18,79.864478,223924160,17883586164.36
2025-02-19,80.241154,223624160,17943860602.55
2025-02-20,80.264459,223974160,17977164721.68
2025-02-21,80.250851,224274160,17998192272.48
2025-02-24,79.867988,228424160,18243777990.42
2025-02-25,79.469826,225274160,17902498272.16
2025-02-26,79.766103,226174160,18041031387.11
2025-02-27,77.992725,226174160,17639938950.49
2025-02-28,79.202969,225774160,17881983730.68
2025-03-03,79.35178,226774160,17994933342.35
2025-03-04,78.019117,227024160,17712224513.52
2025-03-05,77.488481,226824160,17576259646.41
2025-03-06,75.901568,225324160,17102457149.53
2025-03-07,77.303683,226774160,17530477675.68
2025-03-10,78.147148,228124160,17827252389.59
2025-03-11,77.445729,228974160,17733070729.92
2025-03-12,77.161333,224324160,17309151272.92
2025-03-13,77.368846,224824160,17394385823.06
2025-03-14,78.853791,225174160,17755836161.99
2025-03-17,79.183624,224874160,17806350980.07
2025-03-18,78.663744,225624160,17748441245.44
2025-03-19,78.895416,224924160,17745485169.0
2025-03-20,79.254512,224424160,17786627264.5
2025-03-21,78.73271,225224160,17732508482.3
2025-03-24,78.170415,225024160,17590231958.77
2025-03-25,76.910974,225174160,17318363916.48
2025-03-26,77.451143,226524160,17544555188.28
2025-03-27,77.42287,225624160,17468470066.32
2025-03-28,78.010139,225174160,17565867606.8
2025-03-31,78.844638,226424160,17852330930.72
2025-04-01,79.081945,227774160,18012823547.1
2025-04-02,79.432362,228324160,18136327410.63
2025-04-03,78.949187,227674160,17974689736.38
2025-04-04,74.541963,229074160,17075637564.86
2025-04-07,73.421783,228674160,16789664650.65
2025-04-08,73.065665,225824160,16499992376.19
2025-04-09,75.923059,224624160,17054153389.41
2025-04-10,75.446456,223974160,16898056533.73
2025-04-11,76.339152,222224160,16964404005.95
2025-04-14,77.676169,223024160,17323662384.04
2025-04-15,77.711356,222824160,17315967514.59
2025-04-16,76.986035,223474160,17204389543.74
2025-04-17,77.775277,224774160,17481872608.03
2025-04-21,75.913565,226124160,17165891038.01
2025-04-22,78.010829,226424160,17663536318.26
2025-04-23,78.330216,227824160,17845515762.08
2025-04-24,78.473248,227774160,17874178160.19
2025-04-25,78.176146,227624160,17794779507.19
2025-04-28,78.724235,228074160,17954963765.5
2025-04-29,79.279822,228574160,18121318786.73
2025-04-30,78.913292,229524160,18112507045.32
2025-05-01,79.166205,228474160,18087432138.31
2025-05-02,79.742272,229474160,18298790956.02
2025-05-05,79.517055,228824160,18195423317.53
2025-05-06,80.491333,229424160,18466656526.2
2025-05-07,80.740039,228424160,18442975477.0
2025-05-08,80.050507,229224160,18349510288.6
2025-05-09,80.227097,230774160,18514340824.19
2025-05-12,79.711435,231324160,18439180651.38
2025-05-13,79.655526,231774160,18462092531.7
2025-05-14,79.300201,231774160,18379737474.11
2025-05-15,81.006443,230624160,18682042923.96
2025-05-16,82.211264,230224160,18927019086.6
2025-05-19,82.539901,230074160,18990298448.8
2025-05-20,82.782495,228974160,18955052194.75
2025-05-21,81.246485,228524160,18566784676.13
2025-05-22,80.103427,228324160,18289547639.2
2025-05-23,81.03902,228774160,18539633674.76
2025-05-27,81.672979,228574160,18668332649.71
2025-05-28,80.503883,229024160,18437334200.96
2025-05-29,81.096561,228524160,18532523588.22
2025-05-30,81.97138,228724160,18748834974.73
2025-06-02,82.196309,229674160,18878368261.6
2025-06-03,82.379169,227574160,18747370134.02
2025-06-04,80.987869,227124160,18394301645.38
2025-06-05,80.855117,226224160,18291380955.89
2025-06-06,81.190798,225574160,18314546076.98
2025-06-09,80.679196,225374160,18183006077.69
2025-06-10,80.855871,225274160,18214738471.94
2025-06-11,80.892735,227874160,18433363953.2
2025-06-12,81.907687,228624160,18726076184.29
2025-06-13,81.419279,228874160,18634769067.56
2025-06-16,81.027342,229124160,18565321716.77
2025-06-17,80.376885,229224160,18424324008.26
2025-06-18,80.580154,227274160,18313786893.96
2025-06-20,80.786951,227624160,18389061882.32
2025-06-23,81.239861,228424160,18557147113.27
2025-06-24,81.56199,229724160,18736759734.35
2025-06-25,80.444374,230874160,18572527300.05
2025-06-26,81.131411,232524160,18865013272.96
2025-06-27,81.339413,232474160,18909311649.04
2025-06-30,81.663944,232674160,19001089579.31
2025-07-01,81.939678,232674160,19065245690.8
2025-07-02,81.22807,233374160,18956532687.07
2025-07-03,81.831838,233524160,19109711287.98
2025-07-07,81.989018,233374160,19134118196.3
2025-07-08,81.113857,233124160,18909599826.5
2025-07-09,81.922429,236224160,19352057089.99
2025-07-10,82.563199,239674160,19788265350.57
2025-07-11,82.463475,241874160,19945783763.85
2025-07-14,82.753327,243074160,20115195568.98
2025-07-15,81.990179,242524160,19884599295.62
2025-07-16,82.038576,242224160,19871725154.35
2025-07-17,82.339522,242174160,19940504690.21
2025-07-18,83.746188,243024160,20352347038.76
2025-07-21,83.988178,243924160,20486745701.93
2025-07-22,85.068782,244774160,20822639560.27
2025-07-23,84.398494,245074160,20683889926.5
2025-07-24,84.276804,244824160,20632997654.16
2025-07-25,84.491168,246824160,20854461542.81
2025-07-28,83.606747,246674160,20623624103.65
2025-07-29,84.583337,246724160,20868752856.92
2025-07-30,85.16822,246724160,21013057537.69
2025-07-31,85.690615,245124160,21004840003.43
2025-08-01,85.808603,244974160,21020890477.76
2025-08-04,87.300427,244824160,21373253627.93
2025-08-05,86.384899,246074160,21257091352.26
2025-08-06,85.604541,247074160,21150670110.09
2025-08-07,86.51391,248124160,21466191164.95
2025-08-08,86.167819,248674160,21427709998.32
2025-08-11,85.884888,248174160,21314409978.39
2025-08-12,86.272184,249174160,21496799086.63
2025-08-13,86.457394,250224160,21633728752.8
2025-08-14,85.863453,250224160,21485110409.18
2025-08-15,85.598578,249424160,21350353435.96
2025-08-18,85.237523,249724160,21285868788.16
2025-08-19,86.077387,250024160,21521426281.88
2025-08-20,86.179888,250274160,21568599139.09
2025-08-21,85.581342,250074160,21401682156.93
2025-08-22,86.047137,249624160,21479444306.83
2025-08-25,85.062862,249274160,21203973580.59
2025-08-26,85.25309,249274160,21251392333.64
2025-08-27,85.302211,247624160,21122888439.81
2025-08-28,84.639188,248224160,21009491249.38
2025-08-29,84.330872,249574160,21046806430.23
2025-09-02,84.022153,249374160,20952953812.93
2025-09-03,83.852887,248274160,20818505186.64
2025-09-04,83.721044,248574160,20810888180.4
2025-09-05,83.478884,248524160,20746519543.31
2025-09-08,82.585497,248624160,20532749910.5
2025-09-09,83.206424,249724160,20778654231.32
2025-09-10,84.622004,248974160,21068692279.89
2025-09-11,85.031547,248324160,21115387455.43
2025-09-12,85.506568,247274160,21143564689.08
2025-09-15,85.670948,247274160,21184211778.99
2025-09-16,84.128228,245924160,20689163741.87
2025-09-17,84.371926,245374160,20702690357.27
2025-09-18,84.414383,245424160,20717328958.1
2025-09-19,84.963865,245374160,20847936946.51
2025-09-22,85.192459,244874160,20861431894.72
2025-09-23,85.650434,244574160,20947882965.97
2025-09-24,86.273218,243324160,20992358388.28
2025-09-25,85.440241,242924160,20755498818.0
2025-09-26,86.79702,243074160,21098112681.84
2025-09-29,87.052097,242924160,21147057496.45
2025-09-30,87.241335,244024160,21288993513.23
2025-10-01,88.075714,243324160,21430949011.94
2025-10-02,87.89612,242974160,21356486014.83
2025-10-03,88.903069,242624160,21570032373.14
2025-10-06,89.771313,242374160,21758246633.07
2025-10-07,90.169442,242524160,21868268117.17
2025-10-08,90.790825,241674160,21941796313.44
2025-10-09,90.583837,242274160,21946123048.66
2025-10-10,90.184484,242774160,21894462390.88
2025-10-13,90.859815,243074160,22085673207.98
2025-10-14,91.693693,244324160,22402984598.99
2025-10-15,92.872772,245024160,22756072889.13
2025-10-16,91.913501,246524160,22658898652.19
2025-10-17,91.560536,249024160,22800785457.07
2025-10-20,91.509931,247424160,22641767843.95
2025-10-21,90.608068,249624160,22617962841.3
2025-10-22,90.380757,250174160,22610929964.87
2025-10-23,90.31591,250674160,22639864861.41
2025-10-24,91.384302,252224160,23049328865.53
2025-10-27,91.635461,252674160,23153913131.21
2025-10-28,90.110549,252574160,22759596244.95
2025-10-29,90.095569,252574160,22755812561.43
2025-10-30,89.735912,252574160,22664972606.75
2025-10-31,89.070677,253274160,22559300802.96
2025-11-03,89.133053,252974160,22548359156.1
2025-11-04,88.809082,251324160,22319867996.81
2025-11-05,88.840129,250924160,22292134854.77
2025-11-06,88.457082,251674160,22262361834.12
2025-11-07,89.698416,251674160,22574773602.32
2025-11-10,89.652163,251024160,22504858866.04
2025-11-11,89.699485,251024160,22516737770.49
2025-11-12,89.909994,251124160,22578571635.32
2025-11-13,88.682107,250874160,22248049111.29
2025-11-14,88.772937,250024160,22195378941.12
2025-11-17,89.574295,249674160,22364386919.45
2025-11-18,89.185007,249774160,22276110237.78
2025-11-19,88.484691,249774160,22101189482.5
2025-11-20,88.033302,248724160,21896009076.07
2025-11-21,88.129476,248824160,21928742736.19
2025-11-24,89.127335,248974160,22190403301.34
2025-11-25,88.818605,248474160,22069128381.33
2025-11-26,89.990333,247324160,22256783427.18
2025-11-28,90.638598,248724160,22544009041.57
2025-12-01,88.516338,248524160,21998448480.2
2025-12-02,87.879728,247674160,21765537701.53
2025-12-03,87.594918,246724160,21611782487.85
2025-12-04,87.406771,246274160,21526029069.99
2025-12-05,43.291728,496148320,21479117958.24
2025-12-08,42.728896,498448320,21298146504.26
2025-12-09,42.740584,501498320,21434331222.0
2025-12-10,42.711155,506098320,21616043661.8
2025-12-11,43.04041,510648320,21978512962.14
2025-12-12,42.837582,512348320,21947762965.2
2025-12-15,43.219735,512798320,22163007746.32
2025-12-16,43.064031,511498320,22027179564.41
2025-12-17,42.732245,510748320,21825422112.07
2025-12-18,43.192855,508648320,21969972937.06
2025-12-19,42.615329,509698320,21720961544.17
2025-12-22,42.480029,511448320,21726339718.14
2025-12-23,42.603591,510398320,21744801233.96
2025-12-24,42.837784,509098320,21808643715.33
2025-12-26,42.784497,509198320,21785793946.94
2025-12-29,42.863415,511898320,21941709934.53
2025-12-30,42.949476,510848320,21940667844.26
2025-12-31,42.685467,509898320,21765248010.89
2026-01-02,43.19165,507448320,21917530101.86
2026-01-05,42.691815,508748320,21719388929.76
2026-01-06,42.900269,509198320,21844744928.35
2026-01-07,41.855793,509348320,21319177920.31
2026-01-08,41.989554,505748320,21236146613.87
2026-01-09,42.508094,507498320,21572786288.51
2026-01-12,42.58889,506498320,21571201113.86
2026-01-13,42.85557,507098320,21731987410.06
2026-01-14,43.171469,509548320,21997949286.75
2026-01-15,43.621548,511298320,22303624437.63
2026-01-16,43.398572,513398320,22280753974.07
2026-01-20,42.951908,511448320,21967681356.45
2026-01-21,43.036785,511248320,22002484282.08
2026-01-22,42.720193,509798320,21778682550.71
2026-01-23,42.551372,511248320,21754317225.77
2026-01-26,42.881346,511248320,21923015936.47
2026-01-27,43.415333,511798320,22219894505.61
2026-01-28,43.313724,511948320,22174388342.69
2026-01-29,43.346549,510548320,22130507648.91
2026-01-30,43.266043,513048320,22197570894.38
2026-02-02,42.604458,508648320,21670685905.28
2026-02-03,43.266185,508598320,22005109107.94
2026-02-04,43.077464,508598320,21909126001.09
2026-02-05,43.12441,508248320,21917908728.67
2026-02-06,43.357158,509498320,22090399188.71
2026-02-09,43.499204,506048320,22012699007.96
2026-02-10,44.211479,503848320,22275879557.41
2026-02-11,44.594465,505348320,22535738137.95
2026-02-12,45.26295,506648320,22932397637.56
2026-02-13,46.516956,507898320,23625883571.13
2026-02-17,46.379067,510548320,23678754669.17
2026-02-18,45.604506,509498320,23235419222.53
2026-02-19,46.125682,510648320,23554001771.58
2026-02-20,46.333622,510148320,23637019315.83
2026-02-23,46.670517,509948320,23799551675.46
2026-02-24,47.180375,513798320,24241197378.54
2026-02-25,47.348371,509748320,24135752492.54
2026-02-26,47.169522,509748320,24044584542.17
2026-02-27,47.735101,510248320,24356755083.26
2026-03-02,47.381663,516348320,24465442028.21
2026-03-03,47.075487,516848320,24330886612.72
2026-03-04,47.26844,522598320,24702407158.04
2026-03-05,46.917424,524348320,24601072217.22
2026-03-06,46.738205,523998320,24490740643.76
2026-03-09,46.83039,522898320,24487532143.91
2026-03-10,46.555244,525448320,24462374632.14
2026-03-11,46.180212,527948320,24380765581.36
2026-03-12,46.515637,529648320,24636929135.83
2026-03-13,46.962026,530298320,24903883588.62
2026-03-16,47.238203,533848320,25218035266.57
2026-03-17,47.117573,533898320,25155993085.97
2026-03-18,46.743274,535198320,25016921502.6
2026-03-19,46.537345,536198320,24953246211.64
2026-03-20,44.627548,534898320,23871200376.69
2026-03-23,44.772449,528998320,23684550225.19
2026-03-24,45.102162,531348320,23964958114.98
2026-03-25,45.238574,529948320,23974106108.23
2026-03-26,45.342112,530448320,24051647283.53
2026-03-27,45.618696,529548320,24157303791.84
2026-03-30,45.919558,528948320,24289073169.88
2026-03-31,45.883087,532198320,24418901907.66
2026-04-01,46.08997,528498320,24358471817.8
2026-04-02,46.351109,529998320,24566010086.23
2026-04-06,46.154503,531498320,24531041022.21
2026-04-07,46.28552,535248320,24774246919.12
2026-04-08,46.758252,536848320,25102089230.22
2026-04-09,47.152179,537898320,25363077637.91
2026-04-10,46.944719,542098320,25448653400.74
2026-04-13,46.38744,542298320,25155830528.65
2026-04-14,46.470375,541798320,25177570854.96
2026-04-15,46.037767,540748320,24894845264.58
2026-04-16,46.343855,538898320,24974625702.89
2026-04-17,46.150032,532998320,24597889675.18
2026-04-20,45.729721,530648320,24266399591.93
2026-04-21,44.928399,530248320,23823208270.54
2026-04-22,44.855096,527548320,23663230773.92
2026-04-23,46.109687,524498320,24184453388.73
2026-04-24,46.183336,522648320,24137643073.14
2026-04-27,46.172457,514398320,23751034165.0
2026-04-28,46.234715,513448320,23739136760.09
2026-04-29,45.665557,513948320,23469736291.7
2026-04-30,46.839077,513498320,24051787522.71
2026-05-01,46.533115,515398320,23983089340.72
2026-05-04,46.378535,515498320,23908057097.66
2026-05-05,46.383025,512698320,23780499249.66
2026-05-06,45.713033,510498320,23336426725.71
2026-05-07,45.108587,509698320,22991770832.33
2026-05-08,44.721348,510848320,22845825568.28
2026-05-11,45.156868,508348320,22955418069.63
2026-05-12,45.208499,507948320,22963581280.9
2026-05-13,44.649781,504748320,22536901883.6
2026-05-14,44.906311,503348320,22603516352.44
2026-05-15,43.859471,504848320,22142380223.59
2026-05-18,43.916985,510548320,22421742802.06
2026-05-19,44.351703,506948320,22484021404.91
2026-05-20,44.527503,504798320,22477408661.6
2026-05-21,44.990568,505098320,22724660535.08
2026-05-22,45.352769,500598320,22703520116.76
2026-05-26,45.34385,500298320,22685451775.23
2026-05-27,45.124685,500298320,22575804085.97
2026-05-28,44.616939,502148320,22404321187.79
2026-05-29,44.430201,503148320,22354980740.7
2026-06-01,43.07872,503848320,21705140826.08
2026-06-02,43.909034,503748320,22119102180.04
2026-06-03,43.672969,505398320,22072245032.72
2026-06-04,43.953195,512398320,22521543426.76
2026-06-05,44.3466,508498320,22550171592.67
2026-06-08,43.494601,506098320,22012544493.2
2026-06-09,44.005734,506048320,22269027959.95
2026-06-10,44.009789,506698320,22299685954.54
2026-06-11,44.040719,506548320,22308752093.41
2026-06-12,44.533656,510498320,22734356474.2
2026-06-15,44.752046,511648320,22897309115.73
2026-06-16,45.05896,508898320,22930429120.81
2026-06-17,44.476158,508598320,22620499325.7
2026-06-18,44.767432,505598320,22634338224.85
2026-06-22,44.714524,506448320,22645595448.77
2026-06-23,45.083772,509548320,22972360340.25
2026-06-24,45.557663,508448320,23163717382.57
2026-06-25,45.858366,511398320,23451891568.99
2026-06-26,46.244345,512698320,23709397930.32
2026-06-29,46.027254,514998320,23703958594.28
2026-06-30,45.343326,509698320,23111417102.85
2026-07-01,44.752358,511748320,22901944236.74
2026-07-02,45.765069,517648320,23690211066.63
2026-07-06,45.280291,518348320,23470962756.51
2026-07-07,45.703851,519698320,23752214441.86
2026-07-08,45.3694,521298320,23650991879.4
2026-07-09,45.121513,521048320,23510488524.42
2026-07-10,45.397424,520348320,23622473248.81
2026-07-13,45.702034,519798320,23755840451.47
2026-07-14,45.678565,517998320,23661419946.81
2026-07-15,45.232309,517998320,23430260071.78
2026-07-16,45.486504,519648320,23636985191.45
2026-07-17,45.158326,519098320,23441611342.17
2026-07-20,44.918993,518198320,23276946729.08
2026-07-21,44.926516,516098320,23186499459.37
2026-07-22,45.953313,514598320,23647497500.17
2026-07-23,46.193889,514648320,23773607155.74
2026-07-24,46.275368,514498320,23808598869.67
2026-07-27,45.662943,515598320,23543736910.24
2026-07-28,45.496472,515498320,23453354805.08
2026-07-29,44.884931,517998320,23250319026.86
2026-07-30,44.64731,516798320,23073654888.09
2026-07-31,44.328752,520298320,23064175005.14
