date,nav,shares_outstanding,total_net_assets
2003-12-01,29.04,,
2003-12-02,29.05,,
2003-12-03,29.1,,
2003-12-04,29.14,,
2003-12-05,28.96,,
2003-12-08,29.19,,
2003-12-09,29.06,,
2003-12-10,28.92,,
2003-12-11,29.27,,
2003-12-12,29.29,,
2003-12-15,29.21,,
2003-12-16,29.35,,
2003-12-17,29.42,,
2003-12-18,29.64,,
2003-12-19,29.51,,
2003-12-22,29.47,,
2003-12-23,29.55,,
2003-12-24,29.61,,
2003-12-26,29.63,,
2003-12-29,29.98,,
2003-12-30,30.01,,
2003-12-31,30.09,,
2004-01-02,30.22,,
2004-01-05,30.37,,
2004-01-06,30.4,,
2004-01-07,30.63,,
2004-01-08,30.51,,
2004-01-09,30.26,,
2004-01-12,30.26,,
2004-01-13,30.13,,
2004-01-14,30.35,,
2004-01-15,30.37,,
2004-01-16,30.45,,
2004-01-20,30.4,,
2004-01-21,30.82,,
2004-01-22,30.91,,
2004-01-23,30.77,,
2004-01-26,31.21,,
2004-01-27,30.92,,
2004-01-28,30.67,,
2004-01-29,31.12,,
2004-01-30,30.94,,
2004-02-02,31.37,,
2004-02-03,31.57,,
2004-02-04,31.68,,
2004-02-05,31.5,,
2004-02-06,31.72,,
2004-02-09,31.45,,
2004-02-10,31.61,,
2004-02-11,31.88,,
2004-02-12,31.72,,
2004-02-13,31.58,,
2004-02-17,31.72,,
2004-02-18,31.56,,
2004-02-19,31.44,,
2004-02-20,31.35,,
2004-02-23,31.21,,
2004-02-24,31.34,,
2004-02-25,31.38,,
2004-02-26,31.35,,
2004-02-27,31.22,,
2004-03-01,31.39,,
2004-03-02,31.17,,
2004-03-03,31.34,,
2004-03-04,31.48,,
2004-03-05,31.57,,
2004-03-08,31.54,,
2004-03-09,31.25,,
2004-03-10,30.7,,
2004-03-11,30.14,,
2004-03-12,30.31,,
2004-03-15,29.96,,
2004-03-16,30.14,,
2004-03-17,30.15,,
2004-03-18,30.06,,
2004-03-19,29.58,,
2004-03-22,29.23,,
2004-03-23,29.33,,
2004-03-24,29.13,,
2004-03-25,29.35,,
2004-03-26,29.36,,
2004-03-29,29.81,,
2004-03-30,29.8,,
2004-03-31,29.87,,
2004-04-01,30.13,,
2004-04-02,30.5,,
2004-04-05,30.82,,
2004-04-06,30.69,,
2004-04-07,30.58,,
2004-04-08,30.44,,
2004-04-12,30.64,,
2004-04-13,30.41,,
2004-04-14,30.66,,
2004-04-15,31.26,,
2004-04-16,31.43,,
2004-04-19,31.41,,
2004-04-20,30.85,,
2004-04-21,31.2,,
2004-04-22,31.36,,
2004-04-23,31.27,,
2004-04-26,31.17,,
2004-04-27,31.3,,
2004-04-28,31.0,,
2004-04-29,30.81,,
2004-04-30,30.77,,
2004-05-03,31.21,,
2004-05-04,31.19,,
2004-05-05,31.34,,
2004-05-06,31.28,,
2004-05-07,31.08,,
2004-05-10,30.66,,
2004-05-11,30.71,,
2004-05-12,30.79,,
2004-05-13,30.72,,
2004-05-14,30.78,,
2004-05-17,30.59,,
2004-05-18,30.57,,
2004-05-19,30.32,,
2004-05-20,30.13,,
2004-05-21,30.17,,
2004-05-24,29.96,,
2004-05-25,30.3,,
2004-05-26,30.43,,
2004-05-27,30.43,,
2004-05-28,30.72,,
2004-06-01,30.93,,
2004-06-02,31.08,,
2004-06-03,30.98,,
2004-06-04,31.09,,
2004-06-07,31.37,,
2004-06-08,31.43,,
2004-06-09,31.08,,
2004-06-10,31.08,,
2004-06-14,30.87,,
2004-06-15,30.89,,
2004-06-16,30.93,,
2004-06-17,30.93,,
2004-06-18,30.85,,
2004-06-21,30.62,,
2004-06-22,30.52,,
2004-06-23,30.7,,
2004-06-24,30.68,,
2004-06-25,30.29,,
2004-06-28,30.27,,
2004-06-29,30.45,,
2004-06-30,30.56,,
2004-07-01,30.16,,
2004-07-02,30.09,,
2004-07-06,29.84,,
2004-07-07,29.81,,
2004-07-08,29.72,,
2004-07-09,29.66,,
2004-07-12,29.58,,
2004-07-13,29.77,,
2004-07-14,29.86,,
2004-07-15,29.56,,
2004-07-16,29.34,,
2004-07-19,29.17,,
2004-07-20,29.29,,
2004-07-21,28.97,,
2004-07-22,29.09,,
2004-07-23,28.84,,
2004-07-26,28.63,,
2004-07-27,28.79,,
2004-07-28,28.66,,
2004-07-29,28.8,,
2004-07-30,28.9,,
2004-08-02,28.91,,
2004-08-03,28.85,,
2004-08-04,28.8,,
2004-08-05,28.26,,
2004-08-06,27.86,,
2004-08-09,27.78,,
2004-08-10,28.2,,
2004-08-11,28.63,,
2004-08-12,28.45,,
2004-08-13,28.27,,
2004-08-16,28.64,,
2004-08-17,28.67,,
2004-08-18,29.09,,
2004-08-19,28.96,,
2004-08-20,29.17,,
2004-08-23,29.1,,
2004-08-24,29.14,,
2004-08-25,29.39,,
2004-08-26,29.37,,
2004-08-27,29.56,,
2004-08-30,29.22,,
2004-08-31,29.4,,
2004-09-01,29.48,,
2004-09-02,29.78,,
2004-09-03,29.75,,
2004-09-07,29.93,,
2004-09-08,29.88,,
2004-09-09,29.76,,
2004-09-10,29.68,,
2004-09-13,29.8,,
2004-09-14,29.96,,
2004-09-15,29.86,,
2004-09-16,29.83,,
2004-09-17,29.83,,
2004-09-20,29.54,,
2004-09-21,29.67,,
2004-09-22,29.27,,
2004-09-23,29.11,,
2004-09-24,29.18,,
2004-09-27,29.01,,
2004-09-28,29.26,,
2004-09-29,29.37,,
2004-09-30,28.8,,
2004-10-01,29.09,,
2004-10-04,29.2,,
2004-10-05,29.09,,
2004-10-06,29.04,,
2004-10-07,28.37,,
2004-10-08,28.07,,
2004-10-11,28.18,,
2004-10-12,28.17,,
2004-10-13,27.89,,
2004-10-14,27.68,,
2004-10-15,27.68,,
2004-10-18,27.98,,
2004-10-19,27.46,,
2004-10-20,27.47,,
2004-10-21,27.23,,
2004-10-22,27.0,,
2004-10-25,26.87,,
2004-10-26,27.38,,
2004-10-27,28.15,,
2004-10-28,28.14,,
2004-10-29,28.15,,
2004-11-01,27.86,,
2004-11-02,27.65,,
2004-11-03,28.49,,
2004-11-04,28.58,,
2004-11-05,28.71,,
2004-11-08,28.69,,
2004-11-09,28.7,,
2004-11-10,28.65,,
2004-11-11,28.79,,
2004-11-12,28.9,,
2004-11-15,29.01,,
2004-11-16,28.8,,
2004-11-17,28.83,,
2004-11-18,28.73,,
2004-11-19,28.41,,
2004-11-22,28.46,,
2004-11-23,28.37,,
2004-11-24,28.44,,
2004-11-26,28.59,,
2004-11-29,28.6,,
2004-11-30,28.66,,
2004-12-01,29.17,,
2004-12-02,29.44,,
2004-12-03,29.3,,
2004-12-06,29.16,,
2004-12-07,28.86,,
2004-12-08,29.32,,
2004-12-09,29.57,,
2004-12-10,29.48,,
2004-12-13,29.64,,
2004-12-14,29.87,,
2004-12-15,29.96,,
2004-12-16,30.4,,
2004-12-17,29.7,,
2004-12-20,29.35,,
2004-12-21,29.62,,
2004-12-22,29.83,,
2004-12-23,29.92,,
2004-12-27,29.9,,
2004-12-28,30.22,,
2004-12-29,30.28,,
2004-12-30,30.29,,
2004-12-31,30.18,,
2005-01-03,29.86,,
2005-01-04,29.64,,
2005-01-05,29.56,,
2005-01-06,29.77,,
2005-01-07,29.77,,
2005-01-10,30.0,,
2005-01-11,29.83,,
2005-01-12,30.02,,
2005-01-13,29.53,,
2005-01-14,29.7,,
2005-01-18,29.9,,
2005-01-19,29.72,,
2005-01-20,29.61,,
2005-01-21,29.35,,
2005-01-24,29.11,,
2005-01-25,29.33,,
2005-01-26,29.49,,
2005-01-27,29.45,,
2005-01-28,29.21,,
2005-01-31,29.22,,
2005-02-01,29.52,,
2005-02-02,29.64,,
2005-02-03,29.56,,
2005-02-04,29.81,,
2005-02-07,29.87,,
2005-02-08,29.91,,
2005-02-09,29.58,,
2005-02-10,29.67,,
2005-02-11,29.98,,
2005-02-14,29.99,,
2005-02-15,29.99,,
2005-02-16,29.91,,
2005-02-17,29.88,,
2005-02-18,30.35,,
2005-02-22,29.93,,
2005-02-23,30.12,,
2005-02-24,30.35,,
2005-02-25,30.61,,
2005-02-28,30.13,,
2005-03-01,30.4,,
2005-03-02,30.41,,
2005-03-03,30.4,,
2005-03-04,30.63,,
2005-03-07,30.73,,
2005-03-08,30.52,,
2005-03-09,30.35,,
2005-03-10,30.44,,
2005-03-11,30.12,,
2005-03-14,30.25,,
2005-03-15,29.89,,
2005-03-16,29.66,,
2005-03-17,29.71,,
2005-03-18,29.63,,
2005-03-21,29.46,,
2005-03-22,29.42,,
2005-03-23,29.79,,
2005-03-24,29.81,,
2005-03-28,29.76,,
2005-03-29,29.66,,
2005-03-30,30.1,,
2005-03-31,29.87,,
2005-04-01,29.63,,
2005-04-04,29.78,,
2005-04-05,30.33,,
2005-04-06,30.38,,
2005-04-07,30.67,,
2005-04-08,30.43,,
2005-04-11,30.43,,
2005-04-12,30.6,,
2005-04-13,30.75,,
2005-04-14,30.67,,
2005-04-15,30.79,,
2005-04-18,30.55,,
2005-04-19,30.56,,
2005-04-20,30.18,,
2005-04-21,30.6,,
2005-04-22,30.52,,
2005-04-25,30.56,,
2005-04-26,30.36,,
2005-04-27,30.63,,
2005-04-28,30.42,,
2005-04-29,30.87,,
2005-05-02,30.98,,
2005-05-03,31.05,,
2005-05-04,31.31,,
2005-05-05,31.31,,
2005-05-06,31.22,,
2005-05-09,31.4,,
2005-05-10,31.21,,
2005-05-11,31.34,,
2005-05-12,31.27,,
2005-05-13,31.09,,
2005-05-16,31.43,,
2005-05-17,31.46,,
2005-05-18,31.48,,
2005-05-19,31.51,,
2005-05-20,31.43,,
2005-05-23,31.54,,
2005-05-24,31.55,,
2005-05-25,31.38,,
2005-05-26,31.49,,
2005-05-27,31.4,,
2005-05-31,31.2,,
2005-06-01,31.37,,
2005-06-02,31.42,,
2005-06-03,31.22,,
2005-06-06,31.26,,
2005-06-07,31.28,,
2005-06-08,31.05,,
2005-06-09,31.22,,
2005-06-10,31.1,,
2005-06-13,31.26,,
2005-06-14,31.51,,
2005-06-15,31.44,,
2005-06-16,31.57,,
2005-06-17,31.64,,
2005-06-20,31.65,,
2005-06-21,31.55,,
2005-06-22,31.47,,
2005-06-23,31.25,,
2005-06-24,31.09,,
2005-06-27,30.96,,
2005-06-28,31.28,,
2005-06-29,31.23,,
2005-06-30,31.0,,
2005-07-01,30.93,,
2005-07-05,31.12,,
2005-07-06,30.9,,
2005-07-07,30.91,,
2005-07-08,31.29,,
2005-07-11,31.38,,
2005-07-12,31.37,,
2005-07-13,31.2,,
2005-07-14,31.36,,
2005-07-15,31.48,,
2005-07-18,31.3,,
2005-07-19,31.34,,
2005-07-20,31.75,,
2005-07-21,31.45,,
2005-07-22,31.43,,
2005-07-25,31.24,,
2005-07-26,31.32,,
2005-07-27,31.62,,
2005-07-28,31.91,,
2005-07-29,31.73,,
2005-08-01,31.91,,
2005-08-02,32.03,,
2005-08-03,32.08,,
2005-08-04,31.78,,
2005-08-05,31.53,,
2005-08-08,31.4,,
2005-08-09,31.76,,
2005-08-10,31.73,,
2005-08-11,31.95,,
2005-08-12,31.74,,
2005-08-15,31.77,,
2005-08-16,31.54,,
2005-08-17,31.62,,
2005-08-18,31.64,,
2005-08-19,31.41,,
2005-08-22,31.39,,
2005-08-23,31.2,,
2005-08-24,31.1,,
2005-08-25,31.16,,
2005-08-26,31.02,,
2005-08-29,31.33,,
2005-08-30,31.29,,
2005-08-31,31.65,,
2005-09-01,31.63,,
2005-09-02,31.64,,
2005-09-06,32.13,,
2005-09-07,32.35,,
2005-09-08,32.27,,
2005-09-09,32.42,,
2005-09-12,32.31,,
2005-09-13,31.92,,
2005-09-14,31.86,,
2005-09-15,31.87,,
2005-09-16,32.02,,
2005-09-19,31.78,,
2005-09-20,31.54,,
2005-09-21,31.39,,
2005-09-22,31.42,,
2005-09-23,31.44,,
2005-09-26,31.38,,
2005-09-27,31.23,,
2005-09-28,31.24,,
2005-09-29,31.34,,
2005-09-30,31.37,,
2005-10-03,31.34,,
2005-10-04,31.49,,
2005-10-05,31.0,,
2005-10-06,30.79,,
2005-10-07,30.71,,
2005-10-10,30.68,,
2005-10-11,30.45,,
2005-10-12,30.5,,
2005-10-13,30.67,,
2005-10-14,30.83,,
2005-10-17,30.8,,
2005-10-18,30.74,,
2005-10-19,31.1,,
2005-10-20,30.42,,
2005-10-21,30.23,,
2005-10-24,30.47,,
2005-10-25,30.28,,
2005-10-26,29.92,,
2005-10-27,29.78,,
2005-10-28,30.26,,
2005-10-31,30.43,,
2005-11-01,30.28,,
2005-11-02,30.31,,
2005-11-03,30.52,,
2005-11-04,30.65,,
2005-11-07,30.7,,
2005-11-08,30.62,,
2005-11-09,30.69,,
2005-11-10,31.05,,
2005-11-11,31.11,,
2005-11-14,30.84,,
2005-11-15,31.06,,
2005-11-16,30.98,,
2005-11-17,31.16,,
2005-11-18,31.25,,
2005-11-21,31.31,,
2005-11-22,31.17,,
2005-11-23,31.2,,
2005-11-25,31.24,,
2005-11-28,30.92,,
2005-11-29,30.94,,
2005-11-30,30.79,,
2005-12-01,31.08,,
2005-12-02,31.19,,
2005-12-05,31.22,,
2005-12-06,31.18,,
2005-12-07,31.07,,
2005-12-08,31.15,,
2005-12-09,31.19,,
2005-12-12,31.19,,
2005-12-13,31.56,,
2005-12-14,31.64,,
2005-12-15,31.75,,
2005-12-16,31.69,,
2005-12-19,32.0,,
2005-12-20,31.95,,
2005-12-21,32.07,,
2005-12-22,32.29,,
2005-12-23,32.29,,
2005-12-27,32.02,,
2005-12-28,32.05,,
2005-12-29,31.93,,
2005-12-30,31.72,,
2006-01-03,32.13,,
2006-01-04,32.41,,
2006-01-05,32.36,,
2006-01-06,32.59,,
2006-01-09,32.74,,
2006-01-10,32.6,,
2006-01-11,32.53,,
2006-01-12,32.5,,
2006-01-13,32.44,,
2006-01-17,32.35,,
2006-01-18,32.43,,
2006-01-19,32.6,,
2006-01-20,31.97,,
2006-01-23,31.91,,
2006-01-24,31.8,,
2006-01-25,31.77,,
2006-01-26,31.92,,
2006-01-27,32.32,,
2006-01-30,32.16,,
2006-01-31,32.17,,
2006-02-01,32.36,,
2006-02-02,32.08,,
2006-02-03,31.99,,
2006-02-06,31.71,,
2006-02-07,31.65,,
2006-02-08,32.06,,
2006-02-09,32.09,,
2006-02-10,32.02,,
2006-02-13,32.0,,
2006-02-14,32.31,,
2006-02-15,32.54,,
2006-02-16,32.71,,
2006-02-17,32.69,,
2006-02-21,32.49,,
2006-02-22,32.79,,
2006-02-23,32.67,,
2006-02-24,32.67,,
2006-02-27,32.92,,
2006-02-28,32.48,,
2006-03-01,32.55,,
2006-03-02,32.45,,
2006-03-03,32.35,,
2006-03-06,32.17,,
2006-03-07,32.22,,
2006-03-08,32.46,,
2006-03-09,32.28,,
2006-03-10,32.42,,
2006-03-13,32.46,,
2006-03-14,32.64,,
2006-03-15,32.73,,
2006-03-16,32.73,,
2006-03-17,32.73,,
2006-03-20,32.78,,
2006-03-21,32.55,,
2006-03-22,32.89,,
2006-03-23,32.72,,
2006-03-24,32.68,,
2006-03-27,32.43,,
2006-03-28,32.14,,
2006-03-29,32.22,,
2006-03-30,32.15,,
2006-03-31,31.98,,
2006-04-03,31.97,,
2006-04-04,32.02,,
2006-04-05,31.91,,
2006-04-06,31.68,,
2006-04-07,31.29,,
2006-04-10,31.2,,
2006-04-11,30.88,,
2006-04-12,31.05,,
2006-04-13,31.02,,
2006-04-17,30.85,,
2006-04-18,31.13,,
2006-04-19,30.97,,
2006-04-20,31.2,,
2006-04-21,31.13,,
2006-04-24,31.02,,
2006-04-25,30.82,,
2006-04-26,30.85,,
2006-04-27,30.66,,
2006-04-28,30.95,,
2006-05-01,30.75,,
2006-05-02,30.72,,
2006-05-03,30.4,,
2006-05-04,30.48,,
2006-05-05,30.75,,
2006-05-08,30.74,,
2006-05-09,30.55,,
2006-05-10,30.57,,
2006-05-11,30.46,,
2006-05-12,30.38,,
2006-05-15,30.8,,
2006-05-16,30.92,,
2006-05-17,30.58,,
2006-05-18,30.43,,
2006-05-19,30.3,,
2006-05-22,30.16,,
2006-05-23,30.0,,
2006-05-24,30.13,,
2006-05-25,30.39,,
2006-05-26,30.56,,
2006-05-30,30.1,,
2006-05-31,30.34036,55953600,1697652367.08
2006-06-01,30.773828,55503600,1708058261.47
2006-06-02,30.874775,55503600,1713661168.06
2006-06-05,30.421251,55503600,1688488940.44
2006-06-06,30.463679,55503600,1690843855.79
2006-06-07,30.61179,55503600,1699064521.86
2006-06-08,30.667523,55503600,1702157957.12
2006-06-09,30.455753,55503600,1690403912.52
2006-06-12,30.138995,55503600,1672822750.16
2006-06-13,30.054039,55503600,1668107365.12
2006-06-14,30.126176,55103600,1660060770.13
2006-06-15,30.523484,54103600,1651430375.09
2006-06-16,30.326031,54103600,1640747447.23
2006-06-19,30.048736,54103600,1625744769.82
2006-06-20,29.97467,54103600,1621737563.04
2006-06-21,30.118158,54103600,1629500779.14
2006-06-22,29.945062,54103600,1620135630.53
2006-06-23,29.957525,54103600,1620809943.21
2006-06-26,29.899652,54103600,1617678797.69
2006-06-27,29.510614,54103600,1596630443.28
2006-06-28,29.586047,55103600,1630297716.52
2006-06-29,30.081417,55103600,1657594395.65
2006-06-30,30.227048,55103600,1665619185.36
2006-07-03,30.328576,53103600,1610556590.35
2006-07-05,30.243475,53103600,1606037377.4
2006-07-06,30.37219,53103600,1612872616.41
2006-07-07,30.41343,53103600,1615062612.13
2006-07-10,30.548786,53103600,1622250528.57
2006-07-11,30.630283,53103600,1626578296.4
2006-07-12,30.43606,53503600,1628438770.18
2006-07-13,30.191259,53503600,1615341057.87
2006-07-14,29.974314,54503600,1633708031.47
2006-07-17,30.084428,55003600,1654751849.97
2006-07-18,30.110473,56503600,1701350131.32
2006-07-19,30.843206,56503600,1742752167.45
2006-07-20,30.860368,56503600,1743721890.28
2006-07-21,30.938538,56153600,1737310285.34
2006-07-24,31.563543,56153600,1772406584.37
2006-07-25,31.83329,56153600,1787553833.38
2006-07-26,31.947858,57003600,1821142923.16
2006-07-27,31.826653,57003600,1814233794.22
2006-07-28,32.019933,57003600,1825251448.12
2006-07-31,31.863505,58203600,1854570700.05
2006-08-01,31.895359,58703600,1872372407.39
2006-08-02,32.093861,60454235,1940209844.59
2006-08-03,31.822971,60454235,1923833394.54
2006-08-04,31.831444,60204235,1916387728.81
2006-08-07,31.728297,60754235,1927628433.25
2006-08-08,31.735524,60754235,1928067496.78
2006-08-09,31.754363,60754235,1929212031.42
2006-08-10,31.762125,60754235,1929683617.65
2006-08-11,31.579178,60754235,1918568828.85
2006-08-14,31.639249,60754235,1922218383.74
2006-08-15,31.918622,59504235,1899293155.07
2006-08-16,32.160774,59504235,1913702233.1
2006-08-17,32.241888,59504235,1918528900.71
2006-08-18,32.305316,59454235,1920687839.1
2006-08-21,32.197875,59454235,1914300044.82
2006-08-22,32.290986,59454235,1919835871.27
2006-08-23,32.29623,59004235,1905614324.78
2006-08-24,32.531172,59004235,1919476915.78
2006-08-25,32.507616,59004235,1918087008.52
2006-08-28,32.739484,58704235,1921946333.63
2006-08-29,32.851846,58704235,1928542492.37
2006-08-30,32.873554,58704235,1929816811.54
2006-08-31,32.81826,58704235,1926570862.01
2006-09-01,32.985818,58704235,1936407186.41
2006-09-05,32.864032,57404235,1886534604.9
2006-09-06,32.670945,57554235,1880351221.84
2006-09-07,32.479856,57554235,1869353288.58
2006-09-08,32.698859,57554235,1881957838.83
2006-09-11,32.928977,57554235,1895202056.43
2006-09-12,33.311302,56854235,1893888592.38
2006-09-13,33.234469,57004235,1894505474.18
2006-09-14,33.199762,57004235,1892527048.75
2006-09-15,33.150685,56204235,1863208911.74
2006-09-18,33.118364,57104235,1891198820.39
2006-09-19,33.157381,57104235,1893426880.2
2006-09-20,33.34425,57854235,1929106074.85
2006-09-21,33.121207,57854235,1916202113.45
2006-09-22,32.909315,57854235,1903943264.48
2006-09-25,33.037574,58604235,1936141733.71
2006-09-26,33.059866,58604235,1937448138.97
2006-09-27,33.114312,58604235,1940638900.36
2006-09-28,33.119348,58754874,1945923102.58
2006-09-29,33.167444,58754874,1948749016.76
2006-10-02,32.975719,58754874,1937484201.94
2006-10-03,33.098322,58754874,1944687750.88
2006-10-04,33.349002,58754874,1959416404.84
2006-10-05,33.364792,58754874,1960344140.74
2006-10-06,33.274649,58254874,1938410509.31
2006-10-09,33.156754,58254874,1931542546.52
2006-10-10,33.047689,59054874,1951627100.4
2006-10-11,33.028405,59254874,1957094000.53
2006-10-12,33.24478,59254874,1969915225.05
2006-10-13,33.108251,59254874,1961825246.06
2006-10-16,33.138961,60804874,2015010368.57
2006-10-17,33.231836,60804874,2020657590.69
2006-10-18,33.62287,61154874,2056202350.99
2006-10-19,33.639629,59654874,2006767851.23
2006-10-20,33.850608,59654874,2019353774.18
2006-10-23,33.912629,60204874,2041705578.61
2006-10-24,33.81277,60204874,2035693553.82
2006-10-25,33.657043,60354874,2031366615.32
2006-10-26,33.754586,60354874,2037253814.39
2006-10-27,33.608815,59754874,2008290507.03
2006-10-30,33.450704,59754874,1998842616.6
2006-10-31,33.327801,59754874,1991498522.93
2006-11-01,33.08608,59754874,1977054562.24
2006-11-02,33.242,59754874,1986371541.45
2006-11-03,33.071712,59304874,1961313703.74
2006-11-06,33.49595,58954874,1974749523.18
2006-11-07,33.710831,58454874,1970562380.18
2006-11-08,33.237235,58254874,1936230920.12
2006-11-09,32.412546,58054874,1881706251.78
2006-11-10,32.507574,55804874,1814081057.32
2006-11-13,32.564267,55654874,1812360159.02
2006-11-14,32.811994,55654874,1826147371.62
2006-11-15,32.974792,55554874,1831910402.53
2006-11-16,33.132999,55554874,1840699601.83
2006-11-17,33.239022,55654874,1849913585.95
2006-11-20,33.117914,55304874,1831582069.26
2006-11-21,33.073393,55504874,1835734493.88
2006-11-22,33.152143,55504874,1840105495.51
2006-11-24,32.976527,55504874,1830357996.53
2006-11-27,32.767102,55504874,1818733849.93
2006-11-28,32.896184,55204874,1816029680.7
2006-11-29,33.100704,55204874,1827320209.68
2006-11-30,33.227796,55204874,1834336318.1
2006-12-01,33.266952,55204874,1836497887.11
2006-12-04,33.100508,55204874,1827309391.72
2006-12-05,33.208521,55204874,1833272200.12
2006-12-06,33.27973,55504874,1847187195.75
2006-12-07,33.191592,55504874,1842295121.57
2006-12-08,33.268148,55504874,1846544383.82
2006-12-11,33.303414,55504874,1848501815.51
2006-12-12,33.29231,55504874,1847885451.69
2006-12-13,33.257626,55854874,1857600503.4
2006-12-14,33.442953,54854874,1834508961.42
2006-12-15,33.449052,54454874,1821463917.72
2006-12-18,33.457605,55454874,1855387272.26
2006-12-19,33.64185,55904874,1880743368.92
2006-12-20,33.648947,56254874,1892917290.44
2006-12-21,33.582942,56254874,1889204157.24
2006-12-22,33.379418,56254874,1877754965.59
2006-12-26,33.431843,56254874,1880704093.24
2006-12-27,33.598033,56254874,1890053094.02
2006-12-28,33.612928,56755530,1907719563.72
2006-12-29,33.503576,55005530,1842881949.4
2007-01-03,33.536706,55005530,1844704299.78
2007-01-04,33.868796,55005530,1862971091.6
2007-01-05,33.694525,55005530,1853385228.3
2007-01-08,33.751119,55505530,1873373768.71
2007-01-09,33.694837,54605530,1839924448.5
2007-01-10,33.745408,55155530,1861245877.34
2007-01-11,34.115124,55155530,1881637732.9
2007-01-12,34.250074,55155530,1889080980.25
2007-01-16,34.363146,55155530,1895317528.91
2007-01-17,34.562471,55005530,1901127016.02
2007-01-18,34.652662,55505530,1923414386.16
2007-01-19,34.680731,55705530,1931908473.37
2007-01-22,34.435819,53255530,1833897772.46
2007-01-23,34.295885,55055530,1888178105.82
2007-01-24,34.57855,56355530,1948692519.14
2007-01-25,34.393601,56705530,1950307372.42
2007-01-26,34.188255,56705530,1938663147.87
2007-01-29,34.158574,56705530,1936980067.1
2007-01-30,34.35443,57005530,1958392485.61
2007-01-31,34.516225,57105530,1971067332.44
2007-02-01,34.798415,57105530,1987181956.32
2007-02-02,34.737663,57805530,2008029048.64
2007-02-05,34.729616,57805530,2007563857.64
2007-02-06,34.650469,57805530,2002988708.6
2007-02-07,34.686262,58105530,2015463613.4
2007-02-08,34.646471,58105530,2013151540.74
2007-02-09,34.494197,58105530,2004303575.86
2007-02-12,34.412216,58205530,2002981298.5
2007-02-13,34.524973,58205530,2009544331.13
2007-02-14,34.722168,58205530,2021022163.65
2007-02-15,34.853351,58205530,2028657744.84
2007-02-16,34.745603,58205530,2022386219.4
2007-02-20,34.772263,58305530,2027415212.89
2007-02-21,34.622275,58505530,2025594525.5
2007-02-22,34.516753,58505530,2019420926.1
2007-02-23,34.40697,58505530,2012997994.98
2007-02-26,34.508755,58505530,2018953003.32
2007-02-27,33.572975,58505530,1964204684.12
2007-02-28,33.72442,58505530,1973065093.92
2007-03-01,33.566459,58505530,1963823499.65
2007-03-02,33.303031,58805530,1958402372.78
2007-03-05,33.1211,58455530,1936111429.89
2007-03-06,33.486991,58455530,1957499813.3
2007-03-07,33.416145,58455530,1953358468.26
2007-03-08,33.587533,58455530,1963377033.45
2007-03-09,33.625933,58455530,1965621737.77
2007-03-12,33.657215,57755530,1943890299.94
2007-03-13,33.136185,57755530,1913797900.4
2007-03-14,33.243294,57305530,1905024587.47
2007-03-15,33.281269,56805530,1890560129.49
2007-03-16,33.080868,56205530,1859327703.95
2007-03-19,33.448521,59205530,1980337429.09
2007-03-20,33.611286,59205530,1989974004.68
2007-03-21,34.015229,59205530,2013889677.37
2007-03-22,34.042424,58955530,2006989134.46
2007-03-23,33.956377,58955530,2001916210.78
2007-03-26,34.011621,59255530,2015376625.59
2007-03-27,33.758383,59755530,2017250063.21
2007-03-28,33.556876,59455530,1995141825.74
2007-03-29,33.642107,58456279,1966592422.1
2007-03-30,33.680762,56456279,1901490490.05
2007-04-02,33.824391,57306279,1938349965.33
2007-04-03,34.214491,57306279,1960705183.45
2007-04-04,34.378812,57306279,1970121804.67
2007-04-05,34.598183,57306279,1982693144.16
2007-04-09,34.598133,55256279,1911764110.68
2007-04-10,34.650038,55256279,1914632158.49
2007-04-11,34.585067,55256279,1911042102.78
2007-04-12,34.934335,55506279,1939074946.27
2007-04-13,35.396661,55506279,1964736961.48
2007-04-16,35.75442,55506279,1984594789.53
2007-04-17,35.912287,55606279,1996948654.15
2007-04-18,35.819158,55856279,2000724863.36
2007-04-19,35.985188,55856279,2009998718.39
2007-04-20,36.189939,55856279,2021435323.71
2007-04-23,36.182002,55656279,2013755622.54
2007-04-24,36.211541,56056279,2029884258.84
2007-04-25,36.335958,56106279,2038675422.75
2007-04-26,36.373693,56106279,2040792567.55
2007-04-27,36.252327,56106279,2033983163.21
2007-04-30,36.100685,56106279,2025475110.84
2007-05-01,36.213165,56106279,2031785949.1
2007-05-02,36.384723,56706279,2063242260.71
2007-05-03,36.464678,56706279,2067776224.06
2007-05-04,36.661788,56706279,2078953600.47
2007-05-07,36.785389,56706279,2085962520.71
2007-05-08,36.674329,56706279,2079664734.81
2007-05-09,36.742844,56706279,2083549947.23
2007-05-10,36.052368,56706279,2044395632.2
2007-05-11,36.270934,56706279,2056789720.64
2007-05-14,36.272441,56756279,2058688778.22
2007-05-15,36.200394,56756279,2054599683.51
2007-05-16,36.565343,57906279,2117362970.84
2007-05-17,36.41392,58606279,2134084376.11
2007-05-18,36.612665,58606279,2145732080.68
2007-05-21,36.648077,58606279,2147807442.25
2007-05-22,36.652003,58606279,2148037505.32
2007-05-23,36.727976,58856279,2161672026.1
2007-05-24,36.619072,58556279,2144276622.47
2007-05-25,36.658615,58306279,2137427415.79
2007-05-29,36.659034,58306279,2137451852.88
2007-05-30,36.613894,58306279,2134819944.19
2007-05-31,36.660437,58306279,2137533662.73
2007-06-01,36.763927,58306279,2143567776.22
2007-06-04,36.739968,55556279,2041135903.11
2007-06-05,36.56764,57056279,2086413485.71
2007-06-06,36.255093,57056279,2068580699.62
2007-06-07,35.683432,57056279,2035963841.32
2007-06-08,35.901968,57806279,2075359170.39
2007-06-11,35.895142,57806279,2074964578.46
2007-06-12,35.597625,58106279,2068445541.39
2007-06-13,35.93004,58406279,2098539915.17
2007-06-14,35.958633,58406279,2100209935.0
2007-06-15,36.000884,55406279,1994675050.83
2007-06-18,35.842288,57106279,2046819689.22
2007-06-19,35.898201,58606279,2103859961.78
2007-06-20,35.37433,58606279,2073157871.53
2007-06-21,35.466314,58606279,2078548722.09
2007-06-22,34.896389,57106279,1992802952.93
2007-06-25,34.889249,56356279,1966228255.24
2007-06-26,35.116871,56556279,1986079550.51
2007-06-27,35.32375,57056279,2015441715.17
2007-06-28,35.329832,59257448,2093555660.41
2007-06-29,35.182585,59507448,2093625832.91
2007-07-02,35.521103,58507448,2078249088.88
2007-07-03,35.557246,58107448,2066140801.34
2007-07-05,35.589661,58107448,2068024386.91
2007-07-06,35.608313,58107448,2069108207.83
2007-07-09,35.512039,58107448,2063513972.03
2007-07-10,35.162517,57107448,2008041605.17
2007-07-11,35.408919,57507448,2036276580.97
2007-07-12,36.006226,57507448,2070626171.95
2007-07-13,35.950183,56007448,2013478006.92
2007-07-16,35.957598,56007448,2013893278.69
2007-07-17,35.792158,56407448,2018944315.42
2007-07-18,35.664026,56757448,2024199127.58
2007-07-19,35.516486,56757448,2015825100.96
2007-07-20,35.166361,57057448,2006502804.85
2007-07-23,35.520729,57057448,2026722129.21
2007-07-24,35.05792,57057448,2000315470.11
2007-07-25,35.109254,57457448,2017288111.81
2007-07-26,34.385746,57307448,1970559359.47
2007-07-27,33.724144,57307448,1932644649.91
2007-07-30,33.951486,57307448,1945673003.43
2007-07-31,33.660146,58057448,1954222166.28
2007-08-01,33.925452,58057448,1969625183.05
2007-08-02,34.198776,58057448,1985493635.75
2007-08-03,33.685416,58057448,1955689267.62
2007-08-06,34.461105,57657448,1986939394.81
2007-08-07,34.510136,57657448,1989766387.89
2007-08-08,34.870729,58307448,2033223210.08
2007-08-09,34.01366,59057448,2008759932.98
2007-08-10,34.012984,59307448,2017223266.73
2007-08-13,34.118131,59307448,2023459274.45
2007-08-14,33.720048,59307448,1999849964.79
2007-08-15,33.617043,57657448,1938272895.3
2007-08-16,33.482733,57657448,1930528933.82
2007-08-17,33.889242,57657448,1953967214.11
2007-08-20,33.886517,58657448,1987696628.52
2007-08-21,33.896295,58657448,1988270182.52
2007-08-22,34.193694,57857448,1978359847.99
2007-08-23,34.275138,57407448,1967648230.98
2007-08-24,34.557112,58857448,2033943427.87
2007-08-27,34.388202,60957448,2096217014.62
2007-08-28,33.926645,55357448,1878092460.9
2007-08-29,34.327831,55607448,1908883066.53
2007-08-30,34.277003,56407448,1933478276.8
2007-08-31,34.507429,56407448,1946476018.34
2007-09-04,34.755272,55657448,1934389748.2
2007-09-05,34.553922,55657448,1923183097.22
2007-09-06,34.775665,55657448,1935524749.48
2007-09-07,34.300155,55457448,1902199080.64
2007-09-10,34.31524,55457448,1903035617.07
2007-09-11,34.700825,55457448,1924419222.85
2007-09-12,34.815629,55457448,1930785932.54
2007-09-13,34.967293,55457448,1939196822.55
2007-09-14,34.887039,56357448,1966144505.29
2007-09-17,34.639294,56357448,1952182211.86
2007-09-18,35.275561,56257448,1984513062.26
2007-09-19,35.531215,55657448,1977576772.02
2007-09-20,35.343588,55657448,1967133933.97
2007-09-21,35.41072,53907448,1908901532.96
2007-09-24,35.307486,57157448,2018085798.62
2007-09-25,35.276594,58257448,2055124319.6
2007-09-26,35.508044,58607448,2081035848.87
2007-09-27,35.57751,58607448,2085107091.94
2007-09-28,35.41113,58607448,2075355956.59
2007-10-01,35.817391,58607448,2099165871.76
2007-10-02,35.686852,58607448,2091515319.8
2007-10-03,35.746694,58557448,2093235198.34
2007-10-04,35.876919,64408099,2310764174.21
2007-10-05,36.170464,65208099,2358607186.53
2007-10-08,36.039281,65208099,2350053002.75
2007-10-09,36.25869,65208099,2364360243.81
2007-10-10,36.248067,65608099,2378166743.34
2007-10-11,36.039,65408099,2357242476.19
2007-10-12,36.190335,65408099,2367141019.88
2007-10-15,35.852588,65108099,2334293847.87
2007-10-16,35.58575,65108099,2316920522.76
2007-10-17,35.599254,65108099,2317799786.16
2007-10-18,35.698071,65108099,2324233573.33
2007-10-19,35.210594,65108099,2292494811.76
2007-10-22,35.12173,65108099,2286709095.08
2007-10-23,35.552001,65108099,2314723180.21
2007-10-24,35.410184,64408099,2280702653.52
2007-10-25,35.544401,64408099,2289347308.51
2007-10-26,35.675435,64408099,2297786955.23
2007-10-29,35.786779,64408099,2304958395.44
2007-10-30,35.763623,64408099,2303466968.42
2007-10-31,36.093831,64408099,2324735036.18
2007-11-01,35.483328,64408099,2285413683.96
2007-11-02,35.40705,64408099,2280500757.44
2007-11-05,35.354231,63408099,2241744563.86
2007-11-06,35.494253,63408099,2250623127.01
2007-11-07,34.794962,66208099,2303708317.21
2007-11-08,35.023541,64208099,2248794975.85
2007-11-09,34.887493,65708099,2292390838.78
2007-11-12,35.039947,65658099,2300656296.86
2007-11-13,35.553317,65758099,2337918521.65
2007-11-14,35.462478,65408099,2319533304.17
2007-11-15,35.373577,65558099,2319024430.61
2007-11-16,35.599587,65558099,2333841224.21
2007-11-19,35.258474,65758099,2318530240.99
2007-11-20,35.387683,65758099,2327026752.08
2007-11-21,34.799054,65758099,2288319649.7
2007-11-23,35.296944,70058099,2472836779.3
2007-11-26,34.917232,70058099,2446234910.84
2007-11-27,35.6566,69908099,2492685103.47
2007-11-28,36.262938,70108099,2542325663.15
2007-11-29,36.35854,70108099,2549028101.8
2007-11-30,36.479301,72408099,2641396823.0
2007-12-03,36.248326,72408099,2624672384.86
2007-12-04,36.135998,72408099,2616538892.37
2007-12-05,36.591263,72808099,2664140266.83
2007-12-06,36.778444,71908099,2644667975.76
2007-12-07,36.704494,72458099,2659537888.88
2007-12-10,36.76022,73208099,2691145855.37
2007-12-11,36.20234,73208099,2650304462.02
2007-12-12,36.256583,73658099,2670590959.07
2007-12-13,36.165236,73658099,2663862528.51
2007-12-14,35.824553,72308099,2590405312.87
2007-12-17,35.442274,72308099,2562763429.32
2007-12-18,35.68416,72308099,2580253781.19
2007-12-19,35.533915,72308099,2569389814.07
2007-12-20,35.680965,74308099,2651384675.7
2007-12-21,35.942192,72108099,2591723164.33
2007-12-24,35.981726,71758099,2581980238.13
2007-12-26,35.951897,69258099,2489960058.97
2007-12-27,35.546179,69258099,2461860752.29
2007-12-28,35.558316,69408099,2468035091.64
2007-12-31,35.247356,69408099,2446451992.63
2008-01-02,34.963446,68758099,2404020072.02
2008-01-03,35.18316,67258099,2366352442.97
2008-01-04,34.786772,67358840,2343196610.59
2008-01-07,35.538499,67558840,2400939798.51
2008-01-08,35.824635,68708840,2461469096.21
2008-01-09,36.394241,68708840,2500606097.19
2008-01-10,36.438686,70908840,2583824986.79
2008-01-11,36.457701,70408840,2566944446.94
2008-01-14,36.284946,70558840,2560223681.59
2008-01-15,35.706989,71408840,2549794635.33
2008-01-16,35.950835,71758840,2579790232.49
2008-01-17,35.247841,71758840,2529344175.73
2008-01-18,34.684466,71858840,2492385460.59
2008-01-22,33.592652,71658840,2407210441.1
2008-01-23,33.453913,73058840,2444104071.53
2008-01-24,33.442869,73458840,2456674348.87
2008-01-25,32.894694,73058840,2403248193.53
2008-01-28,33.396587,73058840,2439915886.68
2008-01-29,33.498056,73308840,2455703617.51
2008-01-30,33.225546,73508840,2442371316.16
2008-01-31,33.536247,73158840,2453472909.82
2008-02-01,33.867794,73158840,2477728549.25
2008-02-04,33.991224,72958840,2479960299.17
2008-02-05,33.318021,72958840,2430844146.18
2008-02-06,33.374943,72958840,2434997148.49
2008-02-07,33.413233,72958840,2437790750.67
2008-02-08,33.052266,71958840,2378402733.64
2008-02-11,33.032557,71958840,2376984468.98
2008-02-12,33.434939,71958840,2405939439.48
2008-02-13,33.631374,72708840,2445298189.27
2008-02-14,33.196128,72708840,2413651990.5
2008-02-15,33.343809,72708840,2424389653.37
2008-02-19,33.523216,72808840,2440786441.16
2008-02-20,33.5013,73008840,2445891017.46
2008-02-21,33.135621,73208840,2425820353.22
2008-02-22,33.154334,73408840,2433821209.75
2008-02-25,33.669274,72358840,2436269596.97
2008-02-26,33.781115,72558840,2451118548.75
2008-02-27,33.528,72058840,2415988752.73
2008-02-28,33.260909,73058840,2430003427.38
2008-02-29,32.776378,73258840,2401159406.72
2008-03-03,32.796307,73158840,2399339765.9
2008-03-04,32.782848,73158840,2398355144.06
2008-03-05,32.801176,72708840,2384935489.46
2008-03-06,32.110768,72808840,2337947757.87
2008-03-07,31.76026,72058840,2288607491.37
2008-03-10,31.376594,70058840,2198207790.97
2008-03-11,31.305881,70158840,2196384330.68
2008-03-12,31.183091,70408840,2195565283.99
2008-03-13,31.297835,71208840,2228682490.94
2008-03-14,30.706783,71308840,2189665043.03
2008-03-17,30.63705,72308840,2215329522.99
2008-03-18,31.35112,71358840,2237179561.32
2008-03-19,31.193433,72808840,2271157706.78
2008-03-20,31.305158,69808840,2185376734.82
2008-03-24,31.492516,73108840,2302381289.94
2008-03-25,31.519147,73458840,2315359964.0
2008-03-26,31.375442,73158840,2295390904.78
2008-03-27,31.345413,72858840,2283790456.57
2008-03-28,31.180015,73308840,2285770735.72
2008-03-31,30.998447,73808840,2287959388.21
2008-04-01,31.739887,73808840,2342684229.54
2008-04-02,31.467418,73758840,2321000280.84
2008-04-03,31.471362,73759686,2321317792.31
2008-04-04,31.787085,73759686,2344605443.52
2008-04-07,31.92611,73759686,2354859865.54
2008-04-08,31.837659,76009686,2419970501.49
2008-04-09,31.668373,73509686,2327932144.64
2008-04-10,31.942228,74259686,2372019791.49
2008-04-11,31.478748,74259686,2337601911.8
2008-04-14,31.416215,74509686,2340812317.58
2008-04-15,31.361389,74509686,2336727216.34
2008-04-16,31.549101,74509686,2350713621.51
2008-04-17,31.294033,74509686,2331708563.74
2008-04-18,31.674982,74509686,2360092957.88
2008-04-21,31.510791,74859686,2358887951.93
2008-04-22,31.092735,74759686,2324483135.59
2008-04-23,31.455241,75059686,2361020494.61
2008-04-24,31.500546,75059686,2364421065.06
2008-04-25,31.816714,75059686,2388152538.73
2008-04-28,31.908897,75959686,2423789765.85
2008-04-29,31.630757,74959686,2371031650.0
2008-04-30,31.488505,74859686,2357219604.19
2008-05-01,32.045745,74859686,2398934393.56
2008-05-02,32.072447,78509686,2517997762.55
2008-05-05,31.956184,78509686,2508869989.72
2008-05-06,31.945953,78509686,2508066748.8
2008-05-07,31.513046,75109686,2366934990.92
2008-05-08,31.611462,73409686,2320587504.25
2008-05-09,31.428911,73409686,2307186469.48
2008-05-12,31.64176,73409686,2322811657.57
2008-05-13,31.470236,73209686,2303926064.14
2008-05-14,31.628268,73459686,2323402671.75
2008-05-15,31.591362,73459686,2320691505.52
2008-05-16,31.645859,73459686,2324694845.9
2008-05-19,31.759848,74059686,2352124366.21
2008-05-20,31.735078,73209686,2323315067.66
2008-05-21,31.555159,73609686,2322765363.8
2008-05-22,31.776876,73609686,2339085841.08
2008-05-23,31.39838,73209686,2298665511.72
2008-05-27,31.617902,73209686,2314736672.74
2008-05-28,31.562875,73209686,2310708153.26
2008-05-29,32.032578,73709686,2361111294.03
2008-05-30,32.103014,73709686,2366303097.5
2008-06-02,31.76,75859686,2409303649.66
2008-06-03,31.859872,76109686,2424844879.15
2008-06-04,31.968247,76409686,2442683732.74
2008-06-05,32.22694,76409686,2462450346.74
2008-06-06,31.394721,76409686,2398860796.49
2008-06-09,31.244745,76109686,2378027722.41
2008-06-10,31.05986,76109686,2363956181.28
2008-06-11,30.612091,76109686,2329876642.29
2008-06-12,30.741371,75859686,2332030760.97
2008-06-13,31.124926,75859686,2361127140.99
2008-06-16,30.982667,75509686,2339491453.98
2008-06-17,30.853934,75509686,2329770903.61
2008-06-18,30.591721,75509686,2309971223.41
2008-06-19,30.753962,73509686,2260714120.28
2008-06-20,30.174808,68409686,2064249135.16
2008-06-23,30.270754,69959686,2117732470.94
2008-06-24,30.379426,69959686,2125335096.38
2008-06-25,30.635028,70459686,2158534439.96
2008-06-26,29.99021,70659686,2119098848.42
2008-06-27,30.168586,71009686,2142261839.57
2008-06-30,30.463966,70909686,2160190255.49
2008-07-01,30.622636,71059686,2176034889.43
2008-07-02,30.497956,72509686,2211397225.53
2008-07-03,30.534723,65009686,1985052727.97
2008-07-07,30.389721,65360568,1986289453.94
2008-07-08,31.273645,65110568,2036244775.42
2008-07-09,31.165105,65960568,2055668028.03
2008-07-10,31.303286,67360568,2108607157.59
2008-07-11,30.937517,69860568,2161312483.34
2008-07-14,30.888789,69960568,2160997238.17
2008-07-15,31.277122,70160568,2194420664.05
2008-07-16,31.50413,73410568,2312736071.04
2008-07-17,31.742938,72810568,2311221323.06
2008-07-18,31.58189,72810568,2299495321.88
2008-07-21,31.195868,72710568,2268269284.7
2008-07-22,31.492562,70710568,2226856944.06
2008-07-23,31.835168,70810568,2254266363.78
2008-07-24,31.784979,70810568,2250712433.46
2008-07-25,31.987577,70860568,2266657842.01
2008-07-28,31.679833,70960568,2248018917.21
2008-07-29,31.905283,69960568,2232111688.05
2008-07-30,31.880387,70110568,2235152032.12
2008-07-31,31.991364,70010568,2239733598.75
2008-08-01,31.673654,70110568,2220657906.51
2008-08-04,32.070244,70260568,2253273550.38
2008-08-05,32.885227,70260568,2310534695.2
2008-08-06,32.981214,71710568,2365101622.47
2008-08-07,32.558577,71210568,2318514768.83
2008-08-08,33.341764,70710568,2357615083.76
2008-08-11,33.376605,69410568,2316689115.26
2008-08-12,33.285751,70660568,2351990085.28
2008-08-13,33.159136,72810568,2414335523.92
2008-08-14,33.303158,74060568,2466450763.43
2008-08-15,33.611537,77060568,2590124120.19
2008-08-18,33.272745,77360568,2573998489.31
2008-08-19,33.035291,77360568,2555628877.08
2008-08-20,32.872817,77460568,2546347077.41
2008-08-21,32.955645,77660568,2559354129.33
2008-08-22,33.274555,77860568,2590775788.48
2008-08-25,32.750615,77960568,2553256550.99
2008-08-26,32.764758,77760568,2547806188.81
2008-08-27,32.746544,77760568,2546389892.56
2008-08-28,33.022801,77760568,2567871782.67
2008-08-29,32.63648,77560568,2531303963.28
2008-09-02,32.672715,79010568,2581489732.91
2008-09-03,32.711517,78160568,2556750753.98
2008-09-04,31.886882,77960568,2485919425.07
2008-09-05,31.729173,77410568,2456173296.52
2008-09-08,32.38258,77510568,2509992174.69
2008-09-09,31.83733,79160568,2520261092.03
2008-09-10,31.889306,80310568,2561048265.12
2008-09-11,32.320253,80610568,2605353966.43
2008-09-12,32.251613,80710568,2603045966.96
2008-09-15,31.612292,81210568,2567252161.55
2008-09-16,31.650261,81260568,2571918159.6
2008-09-17,30.609369,80110568,2452133901.04
2008-09-18,31.247725,80560568,2517334446.11
2008-09-19,31.289881,74160568,2320475345.47
2008-09-22,30.500012,76910568,2345773223.74
2008-09-23,30.353096,77660568,2357238695.11
2008-09-24,30.520659,78310568,2390090168.98
2008-09-25,31.010966,78310568,2428486397.83
2008-09-26,31.124483,77810568,2421813711.88
2008-09-29,29.315023,78710568,2307402077.8
2008-09-30,30.43293,78410568,2386263336.82
2008-10-01,30.437487,78110568,2377489389.96
2008-10-02,29.960488,76911464,2304304964.07
2008-10-03,29.770008,76811464,2286677899.44
2008-10-06,28.386064,76411464,2169020697.39
2008-10-07,27.39732,77311464,2118126946.28
2008-10-08,27.044182,76661464,2073246585.65
2008-10-09,25.120864,77061464,1935850577.27
2008-10-10,24.294726,80461464,1954789256.02
2008-10-13,27.315105,79811464,2180058542.78
2008-10-14,27.298604,79211464,2162362400.44
2008-10-15,25.454446,78311464,1993374959.49
2008-10-16,26.39234,81061464,2139401740.09
2008-10-17,26.406638,79461464,2098310086.02
2008-10-20,27.476153,79561464,2186042979.51
2008-10-21,27.063008,81411464,2203239081.37
2008-10-22,25.771432,79261464,2042681455.98
2008-10-23,26.173601,80661464,2111200950.3
2008-10-24,25.481458,80161464,2042630964.29
2008-10-27,24.64069,79411464,1956753265.26
2008-10-28,26.497787,79561464,2108202732.64
2008-10-29,25.884631,81061464,2098246076.69
2008-10-30,26.482189,81211464,2150657338.86
2008-10-31,26.833771,83161464,2231535700.11
2008-11-03,27.015424,82211464,2220977563.97
2008-11-04,27.446737,82461464,2263298131.45
2008-11-05,26.523199,81961464,2173880189.69
2008-11-06,25.711202,81861464,2104756602.46
2008-11-07,26.445478,82111464,2171476882.88
2008-11-10,26.316316,82111464,2160871255.29
2008-11-11,25.916632,82111464,2128052625.55
2008-11-12,25.010892,79511464,1988652608.84
2008-11-13,26.53635,80361464,2132499971.49
2008-11-14,25.627307,80411464,2060729254.59
2008-11-17,25.065683,80411464,2015568275.73
2008-11-18,25.275787,90411464,2285220893.49
2008-11-19,24.103643,91111464,2196118243.58
2008-11-20,22.570301,88111464,1988702296.38
2008-11-21,23.537481,87861464,2068037555.96
2008-11-24,24.283277,88061464,2138420908.33
2008-11-25,24.411124,87911464,2146017638.15
2008-11-26,24.707224,88911464,2196755424.09
2008-11-28,25.004293,89761464,2244421925.98
2008-12-01,23.467621,89761464,2106487976.4
2008-12-02,24.256086,89861464,2179687443.59
2008-12-03,24.904809,88661464,2208096794.87
2008-12-04,24.33308,89611464,2180522878.1
2008-12-05,25.187796,89361464,2250818364.98
2008-12-08,25.447935,89361464,2274064722.5
2008-12-09,24.882756,89361464,2223559541.73
2008-12-10,25.032203,89061464,2229404656.4
2008-12-11,25.072844,89061464,2233024174.0
2008-12-12,25.165582,91661464,2306714123.38
2008-12-15,25.056037,92611464,2320476228.01
2008-12-16,26.12328,89811464,2346170010.74
2008-12-17,25.90681,88011464,2280096249.66
2008-12-18,26.039631,83861464,2183721571.52
2008-12-19,26.092714,82911464,2163385155.33
2008-12-22,25.919599,78461464,2033689664.48
2008-12-23,25.809813,78461464,2025075730.91
2008-12-24,25.827478,77961464,2013548027.09
2008-12-26,25.869769,77961464,2016845053.08
2008-12-29,25.732336,77961464,2006130550.76
2008-12-30,26.370341,77961464,2055870408.82
2008-12-31,26.55858,77561464,2059922313.43
2009-01-02,27.146176,77762661,2110958874.3
2009-01-05,26.900315,78312661,2106635212.42
2009-01-06,26.518218,78312661,2076712229.69
2009-01-07,26.26311,78412661,2059360312.93
2009-01-08,26.406147,78312661,2067935637.12
2009-01-09,26.165736,78312661,2049108424.6
2009-01-12,25.838841,79312661,2049347226.71
2009-01-13,26.06226,79312661,2067067174.96
2009-01-14,25.668447,79212661,2033265961.7
2009-01-15,25.854738,78962661,2041558907.06
2009-01-16,26.118273,78962661,2062368301.53
2009-01-20,25.449418,80312661,2043910451.63
2009-01-21,26.007106,80912661,2104304190.39
2009-01-22,26.069567,81112661,2114571926.69
2009-01-23,26.094349,79112661,2064393383.82
2009-01-26,26.027801,78112661,2033100830.56
2009-01-27,26.541359,74212661,1969704877.71
2009-01-28,26.872734,74512661,2002358892.88
2009-01-29,26.538342,71812661,1905788937.1
2009-01-30,26.218712,72712661,1906432349.74
2009-02-02,26.469206,72712661,1924646435.43
2009-02-03,27.112533,72712661,1971424453.64
2009-02-04,26.918522,72862661,1961355151.39
2009-02-05,27.165103,73062661,1984754710.42
2009-02-06,27.412347,73062661,2002818986.39
2009-02-09,27.33253,73062661,1996987403.64
2009-02-10,26.436502,74062661,1957957680.31
2009-02-11,26.765325,75312661,2015767883.31
2009-02-12,27.028251,75312661,2035569507.43
2009-02-13,26.784047,76412661,2046640305.75
2009-02-17,26.24297,75912661,1992173668.2
2009-02-18,26.220848,74412661,1951163101.5
2009-02-19,26.165665,74412661,1947056795.42
2009-02-20,25.904515,74412661,1927623856.65
2009-02-23,25.245581,74412661,1878590825.61
2009-02-24,25.735646,75812661,1951087773.19
2009-02-25,25.225171,75662661,1908603529.35
2009-02-26,23.947351,77162661,1847841358.33
2009-02-27,22.964178,75812661,1740975454.22
2009-03-02,22.000523,73812661,1623917182.59
2009-03-03,21.959815,75462661,1657146110.34
2009-03-04,22.545048,75662661,1705818319.43
2009-03-05,21.826682,77262661,1686387498.82
2009-03-06,22.065198,77212661,1703712619.98
2009-03-09,21.868199,77312661,1690688641.48
2009-03-10,22.704409,77312661,1755338295.26
2009-03-11,22.251902,81112661,1804910946.62
2009-03-12,23.399102,81112661,1897963397.04
2009-03-13,24.178582,80312661,1941846272.72
2009-03-16,23.876097,78312661,1869800718.42
2009-03-17,24.293534,82412661,2002094807.19
2009-03-18,24.299463,82412661,2002583428.93
2009-03-19,23.692846,81262661,1925343690.69
2009-03-20,23.589096,79112661,1866196150.67
2009-03-23,24.507964,83762661,2052852299.25
2009-03-24,24.105853,84612661,2039660409.47
2009-03-25,24.259099,86412661,2096293268.69
2009-03-26,24.590495,86562661,2128618639.58
2009-03-27,24.35131,87262661,2124960120.66
2009-03-30,24.179828,87562661,2117250117.71
2009-03-31,24.305839,89462661,2174465072.81
2009-04-01,24.26085,92462661,2243222736.11
2009-04-02,24.305658,90363833,2196352429.11
2009-04-03,23.919237,93213833,2229603736.55
2009-04-06,24.066468,93213833,2243327706.02
2009-04-07,23.881882,93363833,2229704078.84
2009-04-08,24.076324,94963833,2286380058.13
2009-04-09,24.223227,94063833,2278529591.06
2009-04-13,24.318309,91763833,2231541277.66
2009-04-14,24.252748,90913833,2204910320.69
2009-04-15,24.4125,90363833,2206007050.96
2009-04-16,24.501642,89613833,2195686073.79
2009-04-17,24.730465,89613833,2216191801.51
2009-04-20,24.246189,88913833,2155821632.58
2009-04-21,24.037836,88913833,2137296118.87
2009-04-22,23.723628,90213833,2140199446.08
2009-04-23,23.761686,90213833,2143632768.84
2009-04-24,23.810583,91213833,2171854502.98
2009-04-27,24.029227,91213833,2191797894.42
2009-04-28,24.06018,91263833,2195824216.18
2009-04-29,24.211252,91013833,2203558867.28
2009-04-30,24.158558,87463833,2113000108.05
2009-05-01,24.127553,87463833,2110288276.04
2009-05-04,24.598398,87113833,2142860731.53
2009-05-05,24.792811,85513833,2120128326.55
2009-05-06,24.665271,85163833,2100589022.72
2009-05-07,25.269001,85213833,2153268391.55
2009-05-08,25.487583,85213833,2171894634.97
2009-05-11,25.199533,85813833,2162468534.66
2009-05-12,25.549008,85813833,2192458332.55
2009-05-13,25.529429,85813833,2190778170.47
2009-05-14,25.56271,85913833,2196190401.44
2009-05-15,25.264183,85913833,2170542822.9
2009-05-18,25.551811,88713833,2266799063.58
2009-05-19,25.401134,90263833,2292803690.62
2009-05-20,25.488109,90263833,2300654386.9
2009-05-21,25.188134,90263833,2273577505.55
2009-05-22,25.166465,90263833,2271621574.28
2009-05-26,25.547447,90263833,2306010495.48
2009-05-27,25.275775,90263833,2281488292.83
2009-05-28,25.413262,90263833,2293898434.25
2009-05-29,25.805803,90113833,2325459813.55
2009-06-01,25.924005,90213833,2338703823.68
2009-06-02,26.205332,90213833,2364083439.82
2009-06-03,26.087187,90563833,2362555623.6
2009-06-04,25.782929,89463833,2306639676.63
2009-06-05,25.720622,86963833,2236763910.35
2009-06-08,25.458498,84213833,2143957683.94
2009-06-09,25.396244,84713833,2151413155.81
2009-06-10,25.304066,81963833,2074018226.72
2009-06-11,25.540832,84963833,2170046956.88
2009-06-12,25.664853,85813833,2202399419.04
2009-06-15,24.937412,85213833,2125012489.71
2009-06-16,24.987787,82563833,2063087501.96
2009-06-17,25.497017,66863833,1704828270.47
2009-06-18,26.061981,66863833,1742603914.67
2009-06-19,26.068471,62463833,1628336588.08
2009-06-22,25.551586,65913833,1684202969.62
2009-06-23,25.543507,69163833,1766686848.21
2009-06-24,25.696837,72063833,1851812537.97
2009-06-25,26.395614,73613833,1943082320.04
2009-06-26,26.416112,74363833,1964403335.11
2009-06-29,26.537787,73113833,1940279302.15
2009-06-30,26.349114,72063833,1898818141.13
2009-07-01,26.365115,72063833,1899971209.84
2009-07-02,25.747657,68764658,1770528806.11
2009-07-06,25.945384,68764658,1784125474.44
2009-07-07,25.885136,68414658,1770922758.85
2009-07-08,26.078737,68664658,1790687557.13
2009-07-09,25.814119,68664658,1772517681.65
2009-07-10,25.686877,68414658,1757358929.79
2009-07-13,26.096941,68464658,1786718115.02
2009-07-14,26.188714,69064658,1808714583.77
2009-07-15,26.410793,69364658,1831975592.84
2009-07-16,26.62648,69364658,1846936690.76
2009-07-17,26.506109,70664658,1873045129.17
2009-07-20,26.622949,72264658,1923898337.03
2009-07-21,27.016812,70964658,1917238809.85
2009-07-22,26.849598,71464658,1918797340.49
2009-07-23,27.475273,72514658,1992360006.85
2009-07-24,27.899579,74264658,2071952661.05
2009-07-27,27.908382,76264658,2128423205.89
2009-07-28,27.970124,76564658,2141522973.58
2009-07-29,28.046749,76864658,2155803743.01
2009-07-30,28.084677,75114658,2109570912.64
2009-07-31,27.91472,76114658,2124719394.79
2009-08-03,28.064269,76164658,2137505433.48
2009-08-04,28.063479,75964658,2131832560.57
2009-08-05,27.740677,75214658,2086505531.8
2009-08-06,27.463925,74914658,2057450515.05
2009-08-07,27.692448,74714658,2069031770.6
2009-08-10,27.898004,74614658,2081600010.76
2009-08-11,27.825958,74614658,2076224336.7
2009-08-12,27.932189,73514658,2053425316.42
2009-08-13,27.948491,73514658,2054623742.33
2009-08-14,27.873335,71564658,1994745695.54
2009-08-17,27.863783,71614658,1995455276.33
2009-08-18,27.838968,72814658,2027084915.21
2009-08-19,28.175666,69914658,1969892085.26
2009-08-20,28.349701,69914658,1982059679.62
2009-08-21,28.70719,69914658,2007053378.24
2009-08-24,28.810837,69364658,1998453854.94
2009-08-25,28.914467,68714658,1986847702.6
2009-08-26,28.840169,68914658,1987510381.43
2009-08-27,28.8994,68914658,1991592254.99
2009-08-28,28.638934,69564658,1992257648.36
2009-08-31,28.574361,69564658,1987765670.01
2009-09-01,28.203301,69614658,1963363123.89
2009-09-02,28.19448,70214658,1979665757.34
2009-09-03,28.177359,70464658,1985507936.14
2009-09-04,28.533149,71514658,2040538423.56
2009-09-08,28.430351,71914658,2044558951.86
2009-09-09,28.707307,70864658,2034333482.61
2009-09-10,28.895871,71514658,2066478335.84
2009-09-11,28.880083,71514658,2065349233.12
2009-09-14,29.044266,71364658,2072734144.17
2009-09-15,28.810483,71764658,2067574425.98
2009-09-16,28.990109,72364658,2097859301.81
2009-09-17,28.992085,72364658,2098002336.86
2009-09-18,28.830949,66314658,1911914536.97
2009-09-21,29.015709,69864658,2027172588.81
2009-09-22,28.91899,69914658,2021861270.93
2009-09-23,28.605881,69864658,1998540107.03
2009-09-24,28.507118,70364658,2005893582.92
2009-09-25,28.468894,70364658,2003203968.38
2009-09-28,28.879023,69114658,1995963795.78
2009-09-29,28.847265,68114658,1964921581.46
2009-09-30,28.724994,68914658,1979573142.2
2009-10-01,28.251311,68915324,1946948226.91
2009-10-02,28.170179,69315324,1952625103.53
2009-10-05,28.314427,69015324,1954129372.63
2009-10-06,28.534973,69015324,1969350383.81
2009-10-07,28.612298,69665324,1993285033.18
2009-10-08,28.595264,69665324,1992098328.02
2009-10-09,28.882271,73365324,2118957199.03
2009-10-12,29.010481,72815324,2112407555.98
2009-10-13,28.732857,72565324,2085009103.35
2009-10-14,29.142548,71315324,2078310279.96
2009-10-15,29.321836,74265324,2177595625.83
2009-10-16,29.209458,72415324,2115212362.37
2009-10-19,29.498923,72515324,2139123951.67
2009-10-20,29.203135,71915324,2100152899.14
2009-10-21,28.813425,72265324,2082211460.49
2009-10-22,29.032919,69215324,2009522876.8
2009-10-23,28.726031,69615324,1999771921.05
2009-10-26,28.413107,69615324,1977987659.52
2009-10-27,28.574776,68365324,1953523838.38
2009-10-28,28.21163,68115324,1921644343.56
2009-10-29,28.492242,68615324,1955004407.88
2009-10-30,28.06738,68615324,1925852381.08
2009-11-02,28.224798,69315324,1956411008.47
2009-11-03,28.20823,69315324,1955262592.13
2009-11-04,28.593496,70115324,2004842265.52
2009-11-05,29.052434,70715324,2054452282.01
2009-11-06,29.172059,72015324,2100835252.81
2009-11-09,29.673158,72015324,2136922118.72
2009-11-10,29.829067,72315324,2157098647.15
2009-11-11,29.875524,71965324,2150001769.95
2009-11-12,29.712454,72265324,2147180095.69
2009-11-13,29.761628,72265324,2150733662.71
2009-11-16,30.181868,72265324,2181102462.61
2009-11-17,30.208609,72265324,2183034919.41
2009-11-18,30.319973,71915324,2180470700.33
2009-11-19,30.159242,72815324,2196054943.66
2009-11-20,30.354733,73665324,2236091204.89
2009-11-23,30.680742,74065324,2272379062.1
2009-11-24,30.917334,74815324,2313090380.75
2009-11-25,31.081791,74815324,2325394278.38
2009-11-27,30.760359,76265324,2345948742.32
2009-11-30,30.673493,77215324,2368463673.13
2009-12-01,31.061712,77315324,2401546356.58
2009-12-02,31.156097,78215324,2436884192.64
2009-12-03,30.979841,79165324,2452529137.34
2009-12-04,31.00411,83415324,2586217843.24
2009-12-07,30.957219,84965324,2630290164.92
2009-12-08,30.732645,84465324,2595842837.01
2009-12-09,30.914313,84865324,2623553168.51
2009-12-10,31.27762,84565324,2645002056.51
2009-12-11,31.288108,84265324,2636502579.38
2009-12-14,31.572996,84215324,2658930092.21
2009-12-15,31.55043,85015324,2682270021.17
2009-12-16,31.425625,85215324,2677944791.02
2009-12-17,31.13057,86415324,2690158320.14
2009-12-18,31.038454,77465324,2404403929.72
2009-12-21,31.382141,85865324,2694637718.38
2009-12-22,31.492505,90065324,2836382679.55
2009-12-23,31.471931,90315324,2842397640.67
2009-12-24,31.458381,90215324,2838028074.74
2009-12-28,31.589104,89765324,2835606132.42
2009-12-29,31.553577,93615324,2953898359.16
2009-12-30,31.528962,94065324,2965782030.43
2009-12-31,31.165934,94065324,2931633660.34
2010-01-04,31.59982,93965324,2969287306.59
2010-01-05,31.420182,98765324,3103224482.86
2010-01-06,31.574094,97865324,3090008970.17
2010-01-07,31.692272,97565324,3092066777.06
2010-01-08,31.785652,95015324,3020124001.31
2010-01-11,31.914754,95015324,3032390728.77
2010-01-12,31.71886,95015324,3013777729.71
2010-01-13,32.142677,93065324,2991368653.56
2010-01-14,32.406914,93065324,3015959922.36
2010-01-15,32.269028,93215324,3007967860.51
2010-01-19,32.926211,97915324,3223980571.9
2010-01-20,32.748745,95165324,3116544884.81
2010-01-21,32.031308,94165324,3016238508.56
2010-01-22,31.652135,91915324,2909316257.45
2010-01-25,31.638202,92315324,2920690904.7
2010-01-26,31.498042,91815324,2892002921.94
2010-01-27,31.681691,92465324,2929457857.15
2010-01-28,31.464747,92015324,2895238879.03
2010-01-29,31.317234,87665324,2745435481.76
2010-02-01,31.456432,88665324,2789094694.61
2010-02-02,32.056321,88665324,2842284100.17
2010-02-03,31.724249,90815324,2881047941.73
2010-02-04,30.885456,91365324,2821859733.84
2010-02-05,30.814215,90215324,2779914389.08
2010-02-08,30.698749,89565324,2749543399.29
2010-02-09,30.893152,93315324,2882804518.53
2010-02-10,30.735789,92965324,2857362579.57
2010-02-11,30.940779,93615324,2896531073.87
2010-02-12,30.856201,93615324,2888613248.18
2010-02-16,31.124023,93565324,2912129291.25
2010-02-17,31.37775,87665324,2750740606.51
2010-02-18,31.520448,87215324,2749066099.27
2010-02-19,31.505955,87765324,2765130326.27
2010-02-22,31.484672,88365324,2782153216.24
2010-02-23,31.136041,88365324,2751346320.45
2010-02-24,31.371246,86665324,2718799198.99
2010-02-25,31.357185,86465324,2711309165.63
2010-02-26,31.401656,86515324,2716724457.15
2010-03-01,31.705172,89515324,2838098777.91
2010-03-02,31.830255,89515324,2849295582.04
2010-03-03,31.687606,90015324,2852370139.78
2010-03-04,31.613087,95965324,3033760090.11
2010-03-05,31.994588,93765324,2999982949.38
2010-03-08,31.86072,94565324,3012919316.52
2010-03-09,31.81941,94015324,2991512141.47
2010-03-10,31.84776,93265324,2970291668.96
2010-03-11,32.009798,92215324,2951793903.66
2010-03-12,31.887247,92765324,2958030788.5
2010-03-15,32.043926,86965324,2786710419.01
2010-03-16,32.115045,86965324,2792895313.5
2010-03-17,32.154168,88665324,2850959739.75
2010-03-18,32.365603,92665324,2999169102.45
2010-03-19,32.267086,92815324,2994880061.84
2010-03-22,32.457505,92965324,3017422510.72
2010-03-23,32.577025,94215324,3069254994.75
2010-03-24,32.296174,92765324,2995965065.14
2010-03-25,32.129679,92265324,2964455247.34
2010-03-26,31.919794,94615324,3020101682.36
2010-03-29,32.20668,91615324,2950625414.52
2010-03-30,32.241834,91765324,2958682388.01
2010-03-31,32.130382,92915324,2985404840.77
2010-04-01,32.307916,92465324,2987361888.15
2010-04-05,32.218818,92465324,2979123414.52
2010-04-06,32.162633,91665324,2948198150.4
2010-04-07,32.033207,91915324,2944342624.99
2010-04-08,31.964157,90865324,2904433485.73
2010-04-09,32.08943,89415324,2869286766.06
2010-04-12,32.023143,89415324,2863359740.95
2010-04-13,32.047541,90515324,2900793520.31
2010-04-14,31.906618,89615324,2859321886.38
2010-04-15,31.822999,89315324,2842281500.49
2010-04-16,31.641851,88215324,2791296150.4
2010-04-19,31.889254,82065324,2617001938.87
2010-04-20,31.971593,82415324,2634949202.0
2010-04-21,31.419741,80265324,2521915718.96
2010-04-22,31.013215,82015324,2543558853.98
2010-04-23,31.359552,81565324,2557852005.91
2010-04-26,31.013112,80065324,2483074841.1
2010-04-27,30.669152,78415324,2404931464.41
2010-04-28,30.872734,79065324,2440962729.93
2010-04-29,31.282119,78465324,2454561611.05
2010-04-30,30.889179,77915324,2406740384.54
2010-05-03,31.066036,77165324,2397220760.93
2010-05-04,30.832506,80665324,2487114061.51
2010-05-05,30.935127,86065324,2662441753.01
2010-05-06,30.137483,87515324,2637491613.65
2010-05-07,29.727271,86915324,2583755347.54
2010-05-10,30.532982,86965324,2655310629.25
2010-05-11,30.48048,86065324,2623312412.25
2010-05-12,30.709386,85415324,2623052146.18
2010-05-13,30.417169,82315324,2503799155.81
2010-05-14,29.94766,81715324,2447182751.11
2010-05-17,29.975339,78465324,2352024725.84
2010-05-18,29.746048,79465324,2363779337.28
2010-05-19,29.706891,78865324,2342843621.13
2010-05-20,28.717469,79515324,2283478822.59
2010-05-21,28.794492,83365324,2400462126.2
2010-05-24,28.728486,80215324,2304464793.86
2010-05-25,28.586249,79615324,2275903506.01
2010-05-26,28.425467,83965324,2386753531.08
2010-05-27,29.008586,85015324,2466174326.82
2010-05-28,28.827033,83565324,2408940354.63
2010-06-01,28.528184,82715324,2359717967.01
2010-06-02,29.199095,79765324,2329075255.85
2010-06-03,29.335037,83265324,2442591378.58
2010-06-04,28.463355,82615324,2351509267.18
2010-06-07,28.457609,81365324,2315462591.79
2010-06-08,28.502478,81815324,2331939439.9
2010-06-09,28.348936,82565324,2340639098.74
2010-06-10,28.919188,82565324,2387722123.29
2010-06-11,29.182927,83015324,2422630113.52
2010-06-14,29.23099,83915324,2452927968.59
2010-06-15,29.722871,81165324,2412466474.78
2010-06-16,29.810537,81915324,2441939768.57
2010-06-17,29.842895,83515324,2492339036.41
2010-06-18,29.589595,81915324,2423841300.96
2010-06-21,29.46672,83065324,2447662618.49
2010-06-22,29.203448,81165324,2370307328.48
2010-06-23,29.130205,81865324,2384753653.09
2010-06-24,28.895045,90365324,2611110096.03
2010-06-25,28.945727,92615324,2680817908.97
2010-06-28,28.955601,95365324,2761360296.21
2010-06-29,28.411631,96165324,2732213652.45
2010-06-30,28.189317,93215324,2627676342.56
2010-07-01,27.951722,89915324,2513288162.59
2010-07-02,28.033752,86565324,2426750827.3
2010-07-06,28.169761,84765324,2387818895.2
2010-07-07,28.729547,85215324,2448197634.2
2010-07-08,28.989128,85565324,2480464142.58
2010-07-09,29.036164,85565324,2484488756.19
2010-07-12,28.990318,85565324,2480565925.26
2010-07-13,29.197025,84815324,2476355127.24
2010-07-14,29.212138,83265324,2432358161.12
2010-07-15,29.315554,83265324,2440969111.54
2010-07-16,28.667956,83265324,2387046624.0
2010-07-19,28.798859,81365324,2343228500.45
2010-07-20,28.732129,81365324,2337798961.2
2010-07-21,28.296855,82965324,2347657747.73
2010-07-22,28.434426,86515324,2460013567.92
2010-07-23,28.458725,89565324,2548914896.48
2010-07-26,28.871079,90765324,2620492847.9
2010-07-27,28.87594,93915324,2711893221.74
2010-07-28,28.477494,95815324,2728580279.61
2010-07-29,28.473808,95065324,2706871819.15
2010-07-30,28.55068,96615324,2758433162.05
2010-08-02,29.107916,95015324,2765698091.7
2010-08-03,29.333525,97915324,2872201641.88
2010-08-04,29.631539,97765324,2896937046.51
2010-08-05,29.609231,97715324,2893275623.97
2010-08-06,29.71856,97715324,2903958714.28
2010-08-09,29.790774,96815324,2884203406.09
2010-08-10,29.857717,97165324,2901134702.01
2010-08-11,29.082189,97415324,2833050867.17
2010-08-12,29.19909,94265324,2752461672.98
2010-08-13,29.079774,94265324,2741214293.81
2010-08-16,28.963769,94915324,2749105551.23
2010-08-17,29.334858,94815324,2781394037.34
2010-08-18,29.299954,96015324,2813244554.53
2010-08-19,28.812968,96015324,2766486502.02
2010-08-20,28.69141,94365324,2707474170.56
2010-08-23,28.786864,93015324,2677619449.93
2010-08-24,28.201603,92065324,2596389672.12
2010-08-25,28.469995,88415324,2517183857.15
2010-08-26,28.239306,87415324,2468548074.31
2010-08-27,28.547876,87415324,2495521801.19
2010-08-30,28.23157,89265324,2520100257.46
2010-08-31,28.114597,88665324,2492789816.66
2010-09-01,28.751524,88115324,2533449866.8
2010-09-02,28.910659,88065324,2546026531.59
2010-09-03,29.175042,98515324,2874188720.99
2010-09-07,29.00519,97865324,2838602316.29
2010-09-08,29.149224,97565324,2843953510.86
2010-09-09,29.484402,96915324,2857490338.85
2010-09-10,29.762906,89915324,2676141360.48
2010-09-13,29.812968,90715324,2704493038.2
2010-09-14,29.923645,92215324,2759418602.57
2010-09-15,30.175197,92765324,2799211897.34
2010-09-16,30.084316,88165324,2652393443.41
2010-09-17,29.937775,86265324,2582591866.49
2010-09-20,30.343605,89765324,2723803506.14
2010-09-21,30.372056,89815324,2727876094.89
2010-09-22,30.405229,89715324,2727815004.3
2010-09-23,30.247781,87815324,2656218698.53
2010-09-24,30.663509,89265324,2737188099.42
2010-09-27,30.421254,90115324,2741421172.18
2010-09-28,30.68434,90515324,2777402954.05
2010-09-29,30.593282,90815324,2778338813.65
2010-09-30,30.493752,91815324,2799793735.2
2010-10-01,30.506707,88465324,2698785725.11
2010-10-04,30.212157,88115324,2662154033.26
2010-10-05,30.762997,87365324,2687619203.29
2010-10-06,30.654147,87615324,2685773024.06
2010-10-07,30.681516,86615324,2657489475.79
2010-10-08,30.77166,86565324,2663758744.15
2010-10-11,30.788529,86465324,2662140097.64
2010-10-12,30.861085,86465324,2668413722.99
2010-10-13,31.084384,86815324,2698600886.18
2010-10-14,31.037674,86615324,2688338181.61
2010-10-15,31.156367,86615324,2698618831.5
2010-10-18,31.422019,85565324,2688635214.0
2010-10-19,30.872614,83015324,2562900073.8
2010-10-20,31.127172,83015324,2584032295.84
2010-10-21,31.228993,83665324,2612783812.44
2010-10-22,31.251782,84665324,2645942278.6
2010-10-25,31.399661,85515324,2685152149.96
2010-10-26,31.302876,86815324,2717569315.67
2010-10-27,31.150862,88315324,2751098496.47
2010-10-28,31.295187,88215324,2760715070.45
2010-10-29,31.149209,87815324,2735377922.42
2010-11-01,31.207686,87815324,2740513072.32
2010-11-02,31.453722,88815324,2793572547.81
2010-11-03,31.486433,89115324,2805923691.7
2010-11-04,31.651226,88615324,2804783650.49
2010-11-05,31.482304,89065324,2803981623.03
2010-11-08,31.390753,88515324,2778562647.63
2010-11-09,31.247919,87015324,2719047833.79
2010-11-10,31.257079,87765324,2743287708.69
2010-11-11,31.315152,86965324,2723332328.24
2010-11-12,30.9619,86965324,2692611625.45
2010-11-15,30.904302,86965324,2687602603.37
2010-11-16,30.50647,87415324,2666732947.67
2010-11-17,30.544455,86765324,2650199511.18
2010-11-18,30.958368,88765324,2748029600.8
2010-11-19,30.994109,88765324,2751202134.23
2010-11-22,30.995141,89715324,2780739132.64
2010-11-23,30.580608,88515324,2706852465.11
2010-11-24,30.831413,88965324,2742926614.46
2010-11-26,30.632175,88565324,2712948500.68
2010-11-29,30.531907,91565324,2795663985.52
2010-11-30,30.283706,90715324,2747196164.17
2010-12-01,30.854721,90415324,2789739600.37
2010-12-02,31.062293,90865324,2822485289.88
2010-12-03,31.098554,92865324,2887977309.62
2010-12-06,30.890445,92915324,2870195720.13
2010-12-07,30.888672,89915324,2777364969.81
2010-12-08,30.933554,89265324,2761293691.21
2010-12-09,31.004719,88515324,2744392761.58
2010-12-10,31.287546,88515324,2769427298.71
2010-12-13,31.339296,89165324,2794378437.25
2010-12-14,31.664321,86515324,2739449005.09
2010-12-15,31.550579,86365324,2724875974.21
2010-12-16,31.777099,86015324,2733317457.66
2010-12-17,31.629282,86565324,2737999068.63
2010-12-20,31.64923,87665324,2774540039.62
2010-12-21,31.601742,87415324,2762476482.02
2010-12-22,31.660555,86615324,2742289190.21
2010-12-23,31.658855,86615324,2742141992.09
2010-12-27,31.573542,85665324,2704757664.02
2010-12-28,31.583093,85465324,2699259314.45
2010-12-29,31.603429,84065324,2656752506.39
2010-12-30,31.517251,85415324,2692056186.5
2010-12-31,31.475905,85965324,2705836373.01
2011-01-03,31.802514,87465324,2781617159.92
2011-01-04,31.913441,85615324,2732279596.46
2011-01-05,31.97762,85615324,2737774325.14
2011-01-06,32.098209,84865324,2724024938.07
2011-01-07,32.070536,84965324,2724883487.92
2011-01-10,31.957716,85015324,2716895589.95
2011-01-11,32.145376,85015324,2732849557.55
2011-01-12,32.311541,85415324,2759900714.08
2011-01-13,32.13987,85415324,2745237449.67
2011-01-14,32.17287,85565324,2752882026.26
2011-01-18,32.29684,84615324,2732807584.64
2011-01-19,32.094427,86015324,2760612513.85
2011-01-20,32.159168,85215324,2740453926.14
2011-01-21,32.180989,86265324,2776103406.28
2011-01-24,32.169495,87865324,2826583083.45
2011-01-25,32.157411,88615324,2849639425.57
2011-01-26,32.084562,88265324,2831954240.27
2011-01-27,32.184679,87965324,2831135690.93
2011-01-28,31.613533,87415324,2763507215.23
2011-01-31,31.657624,88465324,2800601973.2
2011-02-01,32.233159,87565324,2822507040.58
2011-02-02,32.14848,87965324,2827951495.45
2011-02-03,32.184013,88415324,2845559896.91
2011-02-04,32.343347,88715324,2869350535.73
2011-02-07,32.297959,88815324,2868553733.38
2011-02-08,32.379046,85015324,2752715096.64
2011-02-09,32.311836,85015324,2747001212.12
2011-02-10,32.342178,85515324,2765751858.92
2011-02-11,32.37156,85815324,2777975927.12
2011-02-14,32.473748,85815324,2786745182.97
2011-02-15,32.449919,86365324,2802547736.11
2011-02-16,32.618581,86365324,2817114317.22
2011-02-17,32.723722,86365324,2826194872.43
2011-02-18,32.802749,84365324,2767414543.32
2011-02-22,32.307561,83815324,2707868675.77
2011-02-23,31.996696,79415324,2541028011.05
2011-02-24,32.111544,80015324,2569415587.75
2011-02-25,32.349139,79365324,2567399929.18
2011-02-28,32.638553,80365324,2623007873.61
2011-03-01,32.41846,87265324,2829007456.38
2011-03-02,32.511039,90215324,2932993944.01
2011-03-03,33.156532,86065324,2853627635.62
2011-03-04,33.133324,87515324,2899673558.2
2011-03-07,32.849663,88715324,2914268473.09
2011-03-08,33.071964,89465324,2958793940.44
2011-03-09,33.119473,89665324,2969668297.34
2011-03-10,32.590136,89415324,2914057525.26
2011-03-11,32.708779,90515324,2960645703.64
2011-03-14,32.546419,90515324,2945949642.71
2011-03-15,32.181706,89215324,2871101314.25
2011-03-16,31.600645,90565324,2861922662.28
2011-03-17,31.978386,85865324,2745834445.08
2011-03-18,32.046133,88715324,2842983027.91
2011-03-21,32.239279,85365324,2752116536.42
2011-03-22,32.232859,86365324,2783801319.7
2011-03-23,32.202294,86115324,2773111014.58
2011-03-24,32.578906,85715324,2792511495.64
2011-03-25,32.664213,89015324,2907615527.53
2011-03-28,32.653348,89215324,2913178997.11
2011-03-29,32.866679,88765324,2917421443.96
2011-03-30,33.112307,90965324,3012071773.18
2011-03-31,33.100748,88965324,2944818726.77
2011-04-01,33.293991,89165324,2968669503.99
2011-04-04,33.483749,89365324,2992286066.29
2011-04-05,33.322032,94165324,3137779926.55
2011-04-06,33.387239,95515324,3188992904.28
2011-04-07,33.335666,98515324,3284073915.62
2011-04-08,33.353876,98465324,3284200166.27
2011-04-11,33.510241,93915324,3147125176.91
2011-04-12,33.464282,95865324,3208064203.78
2011-04-13,33.452269,96115324,3215275640.17
2011-04-14,33.604792,93115324,3129121050.18
2011-04-15,33.914407,94915324,3218996941.08
2011-04-18,33.515467,97415324,3264920075.25
2011-04-19,33.834655,97365324,3294322123.76
2011-04-20,34.139525,98315324,3356438476.84
2011-04-21,34.253122,97765324,3348767575.97
2011-04-25,34.301197,97765324,3353467669.32
2011-04-26,34.683053,98665324,3422014671.04
2011-04-27,35.08235,95215324,3340377285.82
2011-04-28,35.262532,95915324,3382217148.73
2011-04-29,35.247223,95365324,3361362794.33
2011-05-02,35.605496,101865324,3626965374.81
2011-05-03,35.504773,110115324,3909619585.13
2011-05-04,35.478453,110415324,3917364827.91
2011-05-05,35.253834,113765324,4010663801.04
2011-05-06,35.464834,115165324,4084319104.34
2011-05-09,35.681027,115915324,4135977773.66
2011-05-10,35.889147,119565324,4291097506.9
2011-05-11,35.829641,121515324,4353850477.97
2011-05-12,36.155185,123015324,4447641761.78
2011-05-13,36.088304,124815324,4504373370.62
2011-05-16,36.124627,127415324,4602831004.71
2011-05-17,36.138057,128415324,4640680284.78
2011-05-18,36.420626,129115324,4702460872.06
2011-05-19,36.345201,128765324,4680001535.21
2011-05-20,36.046903,118815324,4282924507.82
2011-05-23,35.693067,116815324,4169497242.01
2011-05-24,35.569277,103715324,3689079088.78
2011-05-25,35.620852,105765324,3767450962.21
2011-05-26,35.646508,105465324,3759470565.5
2011-05-27,35.676396,106815324,3810785785.0
2011-05-31,36.099411,106415324,3841530476.75
2011-06-01,35.6044,110065324,3918809800.13
2011-06-02,35.533476,108665324,3861256669.4
2011-06-03,35.20069,108665324,3825094373.71
2011-06-06,34.978149,109415324,3827145524.39
2011-06-07,35.060586,109615324,3843177460.07
2011-06-08,35.089837,112415324,3944635423.13
2011-06-09,35.436307,113865324,4034966625.65
2011-06-10,34.807987,116115324,4041740634.14
2011-06-13,34.964916,114465324,4002270389.57
2011-06-14,35.28146,115165324,4063200736.45
2011-06-15,34.809444,116115324,4041909819.95
2011-06-16,34.861604,114115324,3978243268.61
2011-06-17,34.765514,114415324,3977707502.13
2011-06-20,35.123328,114965324,4037964795.92
2011-06-21,35.338281,117665324,4158090311.14
2011-06-22,35.118978,117615324,4130529919.12
2011-06-23,35.090704,116065324,4072813879.54
2011-06-24,34.654798,116565324,4039547769.56
2011-06-27,34.848606,116615324,4063881428.1
2011-06-28,35.362618,118615324,4194548419.41
2011-06-29,35.397273,119265324,4221667276.7
2011-06-30,35.513535,119265324,4235533232.25
2011-07-01,35.965035,117815324,4237232232.87
2011-07-05,35.851248,119415324,4281188437.11
2011-07-06,35.954487,119415324,4293516724.72
2011-07-07,35.927656,119665324,4299294581.21
2011-07-08,35.781899,117065324,4188819577.33
2011-07-11,35.275297,116765324,4118931534.09
2011-07-12,35.294345,115615324,4080567166.19
2011-07-13,35.412463,116865324,4138488983.0
2011-07-14,35.369222,117265324,4147583265.92
2011-07-15,35.198961,119215324,4196255543.86
2011-07-18,34.921346,119215324,4163159622.74
2011-07-19,35.238771,118165324,4164000791.71
2011-07-20,35.117238,118965324,4177733612.08
2011-07-21,35.644434,118015324,4206589380.41
2011-07-22,35.593283,120315324,4282417320.82
2011-07-25,35.211618,118865324,4185440411.63
2011-07-26,34.930327,118565324,4141525520.55
2011-07-27,34.323695,115765324,3973493688.08
2011-07-28,34.276886,113365324,3885810340.15
2011-07-29,34.132145,112165324,3828443067.22
2011-08-01,33.548467,116615324,3912265315.54
2011-08-02,32.772923,111265324,3646489945.32
2011-08-03,32.850588,112415324,3692909446.48
2011-08-04,31.596251,115015324,3634053046.77
2011-08-05,31.834728,115415324,3674215501.7
2011-08-08,30.164186,120965324,3648820540.95
2011-08-09,31.302566,115865324,3626881912.64
2011-08-10,29.991079,115965324,3477925248.55
2011-08-11,31.395905,112865324,3543509033.94
2011-08-12,31.641597,109965324,3479478518.47
2011-08-15,32.222869,109665324,3533731326.5
2011-08-16,32.147304,101015324,3247370286.01
2011-08-17,32.165018,99765324,3208953433.09
2011-08-18,31.091241,102615324,3190437741.66
2011-08-19,31.000228,103715324,3215198737.81
2011-08-22,31.043803,104065324,3230583414.71
2011-08-23,32.019378,104565324,3348116681.17
2011-08-24,32.389275,105165324,3406228550.93
2011-08-25,31.835878,105515324,3359173029.3
2011-08-26,32.248674,104065324,3355968707.03
2011-08-29,33.072646,104065324,3441715588.3
2011-08-30,33.189318,103665324,3440581385.66
2011-08-31,33.403507,101665324,3395978350.35
2011-09-01,33.157578,100165324,3321239514.04
2011-09-02,32.428416,99765324,3235231406.28
2011-09-06,32.507479,99415324,3231741581.0
2011-09-07,33.30576,118865324,3958899997.73
2011-09-08,32.934655,121115324,3988891466.67
2011-09-09,31.967791,122515324,3916544243.08
2011-09-12,32.086935,124015324,3979271669.12
2011-09-13,32.409867,124815324,4045248103.07
2011-09-14,32.715043,123065324,4026087382.57
2011-09-15,33.022788,124315324,4105238636.73
2011-09-16,32.995354,123765324,4083680688.26
2011-09-19,32.700151,123615324,4042239717.87
2011-09-20,32.985165,124815324,4117054004.84
2011-09-21,32.131056,126365324,4060251322.32
2011-09-22,31.452345,126765324,3987066715.04
2011-09-23,31.510431,125315324,3948739833.14
2011-09-26,32.012277,126015324,4034037485.85
2011-09-27,32.480005,127015324,4125458297.04
2011-09-28,31.921546,127515324,4070486308.64
2011-09-29,32.154801,129015324,4148462061.76
2011-09-30,31.744232,128315324,4073271389.32
2011-10-03,30.735242,129465324,3979148061.76
2011-10-04,31.038231,110365324,3425544394.97
2011-10-05,31.543438,109165324,3443449646.43
2011-10-06,31.899491,113115324,3608321312.97
2011-10-07,31.854442,112215324,3574556562.94
2011-10-10,32.652383,109215324,3566140597.68
2011-10-11,32.538826,109915324,3576515555.26
2011-10-12,32.614916,107915324,3519649233.24
2011-10-13,32.59656,108465324,3535596433.56
2011-10-14,32.880885,106915324,3515470482.71
2011-10-17,32.326847,106965324,3457851613.64
2011-10-18,32.580086,106015324,3453988402.6
2011-10-19,32.467157,105365324,3420912485.77
2011-10-20,32.489472,105665324,3433010565.28
2011-10-21,33.103773,103765324,3435023735.71
2011-10-24,33.571948,103565324,3476889660.32
2011-10-25,32.907729,121765324,4007020327.8
2011-10-26,33.385108,127415324,4253774413.46
2011-10-27,34.129718,126515324,4317932351.74
2011-10-28,34.228925,122265324,4185010571.92
2011-10-31,33.566392,121815324,4088900880.21
2011-11-01,32.900336,122265324,4022570251.04
2011-11-02,33.106305,126315324,4181833607.87
2011-11-03,33.494493,125765324,4212445795.54
2011-11-04,33.225607,129465324,4301563964.15
2011-11-07,33.615635,129915324,4367186102.44
2011-11-08,33.969113,130815324,4443680461.95
2011-11-09,33.029172,131615324,4347145222.84
2011-11-10,33.488038,129165324,4325493247.96
2011-11-11,34.053019,129815324,4420603698.83
2011-11-14,33.824303,132665324,4487312125.8
2011-11-15,33.892088,132665324,4496304780.68
2011-11-16,33.29513,131465324,4377155029.92
2011-11-17,32.913251,127415324,4193652587.5
2011-11-18,32.84438,126615324,4158601799.16
2011-11-21,32.215682,127565324,4109603881.18
2011-11-22,32.289073,127265324,4109279358.2
2011-11-23,31.791848,126715324,4028514302.47
2011-11-25,31.68302,127215324,4030565707.75
2011-11-28,32.541285,126915324,4129987744.22
2011-11-29,32.684587,129465324,4231520608.2
2011-11-30,33.902182,129465324,4389156950.93
2011-12-01,33.931703,131065324,4447269682.86
2011-12-02,33.508005,130515324,4373308141.41
2011-12-05,33.568198,129665324,4352631291.96
2011-12-06,33.72252,111115324,3747088760.44
2011-12-07,33.933235,109165324,3704332635.13
2011-12-08,33.337257,112165324,3739284275.33
2011-12-09,33.797018,108915324,3681013176.97
2011-12-12,33.404501,108915324,3638262056.07
2011-12-13,33.386436,109365324,3651318347.29
2011-12-14,33.311292,109365324,3643100242.13
2011-12-15,33.682904,109715324,3695530679.48
2011-12-16,33.498345,109915324,3681981405.79
2011-12-19,33.39813,108615324,3627548740.64
2011-12-20,34.102912,102115324,3482429905.89
2011-12-21,34.352544,102615324,3525097440.22
2011-12-22,34.557278,101765324,3516732572.49
2011-12-23,34.830911,102315324,3563735924.57
2011-12-27,34.869584,101315324,3532823227.68
2011-12-28,34.458524,101015324,3480838923.93
2011-12-29,34.785825,100315324,3489551300.31
2011-12-30,34.679311,98065324,3400837826.94
2012-01-03,35.161797,98065324,3448152984.63
2012-01-04,34.99,104015324,3639496179.22
2012-01-05,35.070488,104515324,3665403413.93
2012-01-06,35.101105,110215324,3868679663.78
2012-01-09,35.179983,109915324,3866819238.2
2012-01-10,35.486746,113565324,4030063815.91
2012-01-11,35.503237,115415324,4097617625.03
2012-01-12,35.579247,115265324,4101053384.47
2012-01-13,35.434765,115265324,4084399648.1
2012-01-17,35.670386,115065324,4104424479.68
2012-01-18,35.853349,114565324,4107550522.73
2012-01-19,35.858976,112965324,4050820807.13
2012-01-20,35.873352,112965324,4052444830.98
2012-01-23,35.698549,113415324,4048762549.74
2012-01-24,35.720113,112115324,4004772071.35
2012-01-25,35.966339,111615324,4014394589.52
2012-01-26,35.815418,111365324,3988595621.24
2012-01-27,35.821804,110715324,3966022619.54
2012-01-30,35.784356,110715324,3961876571.89
2012-01-31,35.774639,112815324,4035927532.73
2012-02-01,36.16679,113015324,4087401534.79
2012-02-02,36.015264,109665324,3949625581.07
2012-02-03,36.207035,109315324,3957983710.92
2012-02-06,36.051657,108815324,3922972787.82
2012-02-07,36.154703,109315324,3952263101.57
2012-02-08,36.110318,108015324,3900467708.89
2012-02-09,35.953435,108115324,3887117273.7
2012-02-10,35.850881,108215324,3879614736.43
2012-02-13,36.091319,108015324,3898415464.52
2012-02-14,36.211964,107215324,3882477501.39
2012-02-15,36.126631,107215324,3873328396.79
2012-02-16,36.364363,106365324,3867907305.14
2012-02-17,36.22474,106965324,3874791078.74
2012-02-21,35.988881,107515324,3869356217.25
2012-02-22,35.993092,106615324,3837415115.91
2012-02-23,36.013264,108265324,3898987689.37
2012-02-24,36.186484,108315324,3919550789.77
2012-02-27,36.22125,107065324,3878039855.61
2012-02-28,36.403545,110465324,4021329377.52
2012-02-29,36.21903,110715324,4010001686.31
2012-03-01,36.382042,109515324,3984391163.57
2012-03-02,36.316338,109515324,3977195472.04
2012-03-05,36.255049,111115324,4028491528.95
2012-03-06,35.74998,106915324,3822220647.44
2012-03-07,35.88898,106415324,3819137464.9
2012-03-08,36.324313,105915324,3847301365.81
2012-03-09,36.473352,105665324,3853968542.81
2012-03-12,36.446405,104865324,3821964055.59
2012-03-13,36.985384,107365324,3970947780.73
2012-03-14,36.97884,108715324,4020166579.61
2012-03-15,37.046052,108715324,4027473534.35
2012-03-16,36.831392,110165324,4057542254.08
2012-03-19,36.83437,108165324,3984201600.3
2012-03-20,36.664545,108815324,3989664296.88
2012-03-21,36.622464,109165324,3997903165.93
2012-03-22,36.524165,108615324,3967084004.64
2012-03-23,36.606881,107915324,3950443437.19
2012-03-26,37.23565,107915324,4018297228.79
2012-03-27,37.339773,109965324,4106080237.29
2012-03-28,37.248938,110265324,4107266256.61
2012-03-29,37.336155,109465324,4087014342.32
2012-03-30,37.615979,109465324,4117645364.07
2012-04-02,37.764402,110915324,4188650847.12
2012-04-03,37.778541,111565324,4214775209.08
2012-04-04,37.506209,111015324,4163763921.44
2012-04-05,37.523481,110065324,4130034089.46
2012-04-09,37.031355,110015324,4074016478.22
2012-04-10,36.612244,109665324,4015093598.29
2012-04-11,36.742911,110815324,4071677638.65
2012-04-12,36.953506,110465324,4082080980.67
2012-04-13,36.596231,109365324,4002358659.0
2012-04-16,36.597959,108615324,3975099178.8
2012-04-17,37.122102,109065324,4048734049.06
2012-04-18,37.026096,108715324,4025304001.96
2012-04-19,37.099,110365324,4094443206.23
2012-04-20,37.291017,110265324,4111906055.88
2012-04-23,36.998281,112015324,4144374488.59
2012-04-24,37.131482,111315324,4133302905.3
2012-04-25,37.515589,110615324,4149799056.14
2012-04-26,37.486295,115215324,4318995674.37
2012-04-27,37.546317,116665324,4380353202.54
2012-04-30,37.514774,116965324,4387927745.01
2012-05-01,37.627896,117065324,4404921779.41
2012-05-02,37.58495,115215324,4330362180.78
2012-05-03,37.435354,115315324,4316869986.83
2012-05-04,36.950987,115315324,4261015013.32
2012-05-07,37.023185,115365324,4271191724.75
2012-05-08,37.077869,114465324,4244130292.3
2012-05-09,36.777361,114215324,4200538255.06
2012-05-10,37.057921,114365324,4238141107.94
2012-05-11,37.018584,115565324,4278064602.2
2012-05-14,36.867933,115565324,4260654645.22
2012-05-15,36.668632,116965324,4288958426.22
2012-05-16,36.73138,119015324,4371597061.84
2012-05-17,36.370289,119365324,4341351271.61
2012-05-18,36.073509,119965324,4327570243.32
2012-05-21,36.417626,119215324,4341539087.81
2012-05-22,36.354316,121315324,4410335608.45
2012-05-23,36.134356,122415324,4423398909.31
2012-05-24,36.460506,120565324,4395872758.57
2012-05-25,36.415571,120065324,4372247362.07
2012-05-29,36.549473,121015324,4423046322.94
2012-05-30,36.278599,118165324,4286872386.83
2012-05-31,36.145473,117915324,4262105180.49
2012-06-01,35.506075,116915324,4151204300.31
2012-06-04,35.630773,114865324,4092740275.24
2012-06-05,35.818761,111315324,3987176954.83
2012-06-06,36.323402,111515324,4050615964.31
2012-06-07,36.331144,111515324,4051479244.16
2012-06-08,36.59873,111615324,4084979124.94
2012-06-11,36.277712,112565324,4083612378.84
2012-06-12,36.590764,109715324,4014567568.12
2012-06-13,36.578692,109915324,4020558767.6
2012-06-14,37.074629,113865324,4221514593.78
2012-06-15,37.102665,117565324,4361986802.51
2012-06-18,37.274748,118315324,4410173919.83
2012-06-19,37.637848,119965324,4515236641.56
2012-06-20,37.548363,121715324,4570211192.45
2012-06-21,37.020022,117965324,4367078910.94
2012-06-22,37.40914,118465324,4431685846.79
2012-06-25,36.954913,119965324,4433308085.78
2012-06-26,37.064496,122015324,4522436495.34
2012-06-27,37.463135,124115324,4649749125.9
2012-06-28,37.337581,127265324,4751779398.86
2012-06-29,38.023007,122765324,4667906817.84
2012-07-02,38.137055,122365324,4666653073.47
2012-07-03,38.121141,123365324,4702826915.3
2012-07-05,37.908322,123615324,4686049536.15
2012-07-06,37.63294,123615324,4652008033.62
2012-07-09,37.867256,122965324,4656359388.75
2012-07-10,37.636467,120665324,4541416500.4
2012-07-11,37.61439,122665324,4613981287.21
2012-07-12,37.700194,123915324,4671631736.62
2012-07-13,38.140073,123915324,4726139483.53
2012-07-16,38.187604,124415324,4751123086.07
2012-07-17,38.689142,125265324,4846407888.61
2012-07-18,38.769097,128365324,4976607717.35
2012-07-19,38.758175,127715324,4950012896.64
2012-07-20,38.215057,127065324,4855808620.52
2012-07-23,37.813649,127965324,4838835786.82
2012-07-24,37.391451,128315324,4797896158.63
2012-07-25,37.528051,127965324,4802289230.66
2012-07-26,37.91656,127965324,4852004871.59
2012-07-27,38.843279,127365324,4947286820.69
2012-07-30,38.642731,128015324,4946861729.7
2012-07-31,38.393762,127065324,4878515778.8
2012-08-01,38.39891,127115324,4881089868.89
2012-08-02,38.028369,127115324,4833988416.99
2012-08-03,38.502926,127115324,4894311882.09
2012-08-06,38.480983,127815324,4918459252.14
2012-08-07,38.433476,127165324,4887405425.09
2012-08-08,38.563313,126565324,4880778259.59
2012-08-09,38.537879,126565324,4877559194.28
2012-08-10,38.709007,126215324,4885669894.93
2012-08-13,38.584531,126215324,4869959090.68
2012-08-14,38.701034,125765324,4867248085.66
2012-08-15,38.80677,125615324,4874725010.89
2012-08-16,38.68699,125615324,4859678810.89
2012-08-17,38.479125,125515324,4829719878.23
2012-08-20,38.575963,123115324,4749292131.9
2012-08-21,38.454134,122715324,4718911453.59
2012-08-22,38.455736,121465324,4671038458.69
2012-08-23,38.407403,120365324,4622919469.27
2012-08-24,38.765498,119865324,4646639018.05
2012-08-27,38.765383,119865324,4646625164.39
2012-08-28,38.705224,121515324,4703277836.15
2012-08-29,38.83987,121215324,4707987386.38
2012-08-30,38.701062,121315324,4695031899.2
2012-08-31,38.805629,122215324,4742642577.77
2012-09-04,38.908854,122215324,4755258144.35
2012-09-05,38.916204,123515324,4806747582.35
2012-09-06,39.557391,124215324,4913634133.57
2012-09-07,39.545505,124865324,4937862269.77
2012-09-10,39.38829,125215324,4932017467.29
2012-09-11,39.391546,125215324,4932425154.54
2012-09-12,39.404704,125865324,4959685898.7
2012-09-13,39.840373,125865324,5014521460.79
2012-09-14,39.695493,124615324,4946666672.92
2012-09-17,39.893092,120665324,4813712824.89
2012-09-18,40.014464,120315324,4814353229.02
2012-09-19,40.065721,120515324,4828533339.7
2012-09-20,40.226857,118965324,4785601116.62
2012-09-21,40.216972,118315324,4758284098.7
2012-09-24,40.280519,120465324,4852405779.75
2012-09-25,40.261536,122215324,4920576666.97
2012-09-26,40.053536,122465324,4905169310.53
2012-09-27,40.301082,124715324,5026162440.97
2012-09-28,40.126988,125165324,5022507429.54
2012-10-01,40.364264,126115324,5090552176.63
2012-10-02,40.56779,126815324,5144617456.31
2012-10-03,40.863902,129865324,5306803863.54
2012-10-04,41.127544,131115324,5392451199.36
2012-10-05,41.180611,132615324,5461180080.9
2012-10-08,41.128187,131065324,5390479204.19
2012-10-09,40.628939,132465324,5381925606.47
2012-10-10,40.328748,131665324,5309897632.78
2012-10-11,40.37667,131315324,5302075484.65
2012-10-12,40.331908,131815324,5316363481.56
2012-10-15,40.880029,131815324,5388614328.72
2012-10-16,41.311016,136065324,5620996805.6
2012-10-17,41.318886,137265324,5671650244.41
2012-10-18,41.329578,137265324,5673117980.89
2012-10-19,40.646858,138265324,5620051014.11
2012-10-22,40.654777,137815324,5602851265.56
2012-10-23,40.083519,136565324,5474018745.31
2012-10-24,40.132965,135365324,5432611810.21
2012-10-25,40.466048,135365324,5477699704.29
2012-10-26,40.307552,135165324,5448183310.04
2012-10-29,40.307359,135165324,5448157236.34
2012-10-30,40.307165,135165324,5448131047.87
2012-10-31,40.012831,135165324,5408347328.56
2012-11-01,40.350246,136765324,5518514479.38
2012-11-02,40.106016,136765324,5485112233.41
2012-11-05,40.168155,136765324,5493610776.3
2012-11-06,40.236121,137665324,5539118616.63
2012-11-07,39.508559,137265324,5423155178.44
2012-11-08,39.054824,136315324,5323770939.53
2012-11-09,39.184137,136365324,5343357602.87
2012-11-12,39.355268,137465324,5409984707.28
2012-11-13,39.205381,141565324,5550122395.43
2012-11-14,38.750355,142265324,5512831874.74
2012-11-15,38.660111,142265324,5499993187.45
2012-11-16,38.94173,142265324,5540057781.83
2012-11-19,39.351408,142465324,5606211067.26
2012-11-20,39.562188,144365324,5711408152.64
2012-11-21,39.575149,146665324,5804302035.96
2012-11-23,40.031279,146665324,5871200563.95
2012-11-26,39.841563,146665324,5843375744.93
2012-11-27,39.611302,146365324,5797721109.02
2012-11-28,39.923951,138865324,5544052334.52
2012-11-29,40.176685,138115324,5549015864.08
2012-11-30,40.234651,139615324,5617373839.3
2012-12-03,40.143203,140115324,5624677878.04
2012-12-04,40.219774,143615324,5776175924.81
2012-12-05,40.372872,144415324,5830461355.91
2012-12-06,40.370451,145765324,5884611867.68
2012-12-07,40.484689,145765324,5901263815.49
2012-12-10,40.642438,145765324,5924258207.22
2012-12-11,41.063673,144815324,5946649070.37
2012-12-12,41.00219,145615324,5970547210.07
2012-12-13,40.664438,146265324,5947797166.71
2012-12-14,40.515447,145565324,5897644192.68
2012-12-17,40.815348,143715324,5865791011.87
2012-12-18,41.145147,142915324,5880272027.14
2012-12-19,40.6992,143165324,5826714220.97
2012-12-20,40.755827,141265324,5757385165.56
2012-12-21,40.203949,140915324,5665352516.57
2012-12-24,40.080799,140715324,5639982645.14
2012-12-26,39.912089,140015324,5588304069.79
2012-12-27,39.871656,139215324,5550745446.68
2012-12-28,39.454401,139515324,5504493573.86
2012-12-31,39.930773,139515324,5570954665.89
2013-01-02,40.681622,135515324,5512983199.18
2013-01-03,40.719341,135515324,5518094672.96
2013-01-04,40.906008,134965324,5520892609.17
2013-01-07,41.044695,134965324,5539610542.04
2013-01-08,41.043387,135565324,5564060092.63
2013-01-09,41.486211,134215324,5568085230.78
2013-01-10,41.797245,134415324,5618190269.85
2013-01-11,41.729371,133265324,5561078093.57
2013-01-14,41.820142,133265324,5573174726.81
2013-01-15,41.755902,133765324,5585491761.59
2013-01-16,41.700667,134415324,5605208620.03
2013-01-17,42.044974,134765324,5666204562.05
2013-01-18,42.199642,135065324,5699708279.78
2013-01-22,42.318308,135465324,5732663286.17
2013-01-23,42.251869,135765324,5736338638.44
2013-01-24,42.538138,136915324,5824122973.35
2013-01-25,42.859653,141315324,6056725746.26
2013-01-28,42.693769,141065324,6022610353.59
2013-01-29,43.165242,139965324,6041637103.06
2013-01-30,43.047355,139465324,6003613364.03
2013-01-31,42.892968,139065324,5964924430.28
2013-02-01,43.249232,137865324,5962569400.64
2013-02-04,42.757472,138565324,5924702977.58
2013-02-05,43.266453,137765324,5960616972.37
2013-02-06,43.241105,138015324,5967935050.81
2013-02-07,43.086418,137015324,5903499521.54
2013-02-08,43.385449,136415324,5918440064.08
2013-02-11,43.309481,137015324,5934062562.52
2013-02-12,43.243805,137015324,5925063904.67
2013-02-13,43.230505,137365324,5938372347.08
2013-02-14,43.308721,137365324,5949116517.15
2013-02-15,43.401864,137365324,5961911104.7
2013-02-19,43.684332,140065324,6118660179.05
2013-02-20,43.394444,141015324,6119281622.98
2013-02-21,43.206893,140715324,6079871892.0
2013-02-22,43.403578,140765324,6109718691.6
2013-02-25,42.880496,142765324,6121847879.71
2013-02-26,42.999006,143315324,6162416433.79
2013-02-27,43.494716,144215324,6272604605.99
2013-02-28,43.438413,145165324,6305751368.2
2013-03-01,43.763648,145415324,6363905035.46
2013-03-04,44.021121,144915324,6379334945.95
2013-03-05,44.414126,145315324,6454053053.55
2013-03-06,44.498576,146365324,6513048533.61
2013-03-07,44.444166,146715324,6520640233.08
2013-03-08,44.556245,147515324,6572728870.34
2013-03-11,44.766852,147565324,6606035021.69
2013-03-12,44.948036,149365324,6713677928.48
2013-03-13,44.968353,148615324,6682986314.88
2013-03-14,45.049432,148865324,6706298298.92
2013-03-15,44.714876,150015324,6707916609.36
2013-03-18,44.456005,151465324,6733543148.33
2013-03-19,44.457494,152165324,6764889035.18
2013-03-20,44.84352,151965324,6814660053.7
2013-03-21,44.601839,153065324,6826994975.42
2013-03-22,44.926298,154865324,6957525709.22
2013-03-25,44.778635,155265324,6952569299.13
2013-03-26,45.332934,154215324,6991033142.97
2013-03-27,45.556179,153815324,7007238503.19
2013-03-28,46.001183,155165324,7137788487.96
2013-04-01,46.096952,155415324,7164172719.1
2013-04-02,46.750923,156115324,7298535468.52
2013-04-03,46.484455,155415324,7224396694.11
2013-04-04,46.668689,154915324,7229695119.03
2013-04-05,46.381185,156365324,7252409055.63
2013-04-08,46.450331,156815324,7284123760.95
2013-04-09,46.612511,157265324,7330531570.74
2013-04-10,47.390249,158015324,7488385596.85
2013-04-11,47.855086,158465324,7583371665.9
2013-04-12,47.917637,159265324,7631618045.59
2013-04-15,47.030349,158515324,7455031000.52
2013-04-16,47.724801,157715324,7526932405.59
2013-04-17,47.51489,160865324,7643498227.09
2013-04-18,46.924452,166965324,7834756354.88
2013-04-19,47.62967,166015324,7907255178.54
2013-04-22,47.890187,166315324,7964871895.67
2013-04-23,48.180919,166565324,8025270367.55
2013-04-24,47.370232,166915324,7906817692.61
2013-04-25,47.552246,168215324,7999016482.46
2013-04-26,47.536496,169015324,8034396330.71
2013-04-29,47.708527,168215324,8025305367.15
2013-04-30,47.324448,168465324,7972528537.93
2013-05-01,46.857567,168565324,7898561038.56
2013-05-02,47.359066,166715324,7895481978.21
2013-05-03,47.674755,165915324,7909972427.32
2013-05-06,47.37436,165915324,7860132349.45
2013-05-07,47.504717,160215324,7610983587.73
2013-05-08,47.665867,151315324,7212576034.28
2013-05-09,47.714363,142165324,6783327866.18
2013-05-10,48.23108,143265324,6909841339.74
2013-05-13,48.572818,143665324,6978229659.66
2013-05-14,49.064254,146815324,7203384322.27
2013-05-15,49.329467,148015324,7301516985.21
2013-05-16,48.824573,145865324,7121812110.2
2013-05-17,49.09879,144215324,7080797849.87
2013-05-20,48.77759,144515324,7049109257.37
2013-05-21,49.280891,143365324,7065170955.12
2013-05-22,49.263425,145365324,7161193733.27
2013-05-23,49.250387,149815324,7378462612.5
2013-05-24,49.139797,149315324,7337324666.11
2013-05-28,49.583099,147615324,7319225232.66
2013-05-29,48.839337,149365324,7294903463.36
2013-05-30,49.174407,144465324,7103996711.72
2013-05-31,48.111929,146565324,7051540415.45
2013-06-03,48.372276,143215324,6927651135.34
2013-06-04,48.037659,143715324,6903747665.47
2013-06-05,47.385325,138665324,6570701415.69
2013-06-06,48.06027,137965324,6630650709.31
2013-06-07,48.517316,141765324,6878073038.88
2013-06-10,48.585523,143265324,6960620717.26
2013-06-11,48.368489,140615324,6801350785.82
2013-06-12,47.886612,140565324,6731197079.22
2013-06-13,48.61724,140865324,6848483230.0
2013-06-14,48.542702,140115324,6801576425.34
2013-06-17,48.653319,139715324,6797614248.58
2013-06-18,49.068237,139715324,6855584655.69
2013-06-19,48.288404,139015324,6712828123.1
2013-06-20,47.05654,138815324,6532168865.47
2013-06-21,47.246515,139665324,6598699854.94
2013-06-24,46.889946,143915324,6748181711.55
2013-06-25,47.085506,145465324,6849308333.7
2013-06-26,47.797745,144365324,6900336936.36
2013-06-27,47.968893,147265324,7064154504.1
2013-06-28,47.564441,147765324,7028375034.49
2013-07-01,47.771363,147965324,7068505161.15
2013-07-02,47.64307,140765324,6706492243.37
2013-07-03,47.581754,139815324,6652658412.93
2013-07-05,48.206377,139815324,6739990267.92
2013-07-08,48.478554,139115324,6744109795.21
2013-07-09,48.608797,137815324,6699037067.87
2013-07-10,48.945755,139315324,6818893762.54
2013-07-11,49.573285,139565324,6918711605.28
2013-07-12,49.911209,141215324,7048227605.82
2013-07-15,49.911468,142315324,7103166758.73
2013-07-16,49.654533,142315324,7066600912.5
2013-07-17,49.756427,143315324,7130858444.05
2013-07-18,49.895407,142115324,7090901881.71
2013-07-19,50.575434,144415324,7303867709.76
2013-07-22,50.80035,144565324,7343969078.59
2013-07-23,50.625268,146215324,7402189978.48
2013-07-24,50.561072,143165324,7238592193.85
2013-07-25,50.800861,143665324,7298322097.78
2013-07-26,51.133648,142515324,7287328353.62
2013-07-29,50.981608,143415324,7311543867.08
2013-07-30,50.973443,144065324,7343505591.62
2013-07-31,51.012289,144665324,7379709279.95
2013-08-01,51.325763,144965324,7440455917.22
2013-08-02,51.363575,146065324,7502437245.77
2013-08-05,51.278873,146815324,7528524377.19
2013-08-06,51.050539,145815324,7443950938.6
2013-08-07,51.068822,146115324,7461937439.7
2013-08-08,51.106365,145515324,7436759312.45
2013-08-09,50.928716,146315324,7451651571.63
2013-08-12,50.712436,146065324,7407328436.21
2013-08-13,50.865999,147015324,7478081252.09
2013-08-14,50.482199,146415324,7391367473.19
2013-08-15,49.659876,145315324,7216340936.13
2013-08-16,49.390235,143565324,7090725138.67
2013-08-19,49.507994,142965324,7077926337.88
2013-08-20,49.609799,146615324,7273556800.82
2013-08-21,49.360553,146815324,7246885609.05
2013-08-22,49.650037,145715324,7234771213.36
2013-08-23,49.793646,145965324,7268145642.1
2013-08-26,49.860702,145565324,7257989213.6
2013-08-27,49.02384,146265324,7170487902.23
2013-08-28,49.235893,145765324,7176885957.59
2013-08-29,49.392873,146565324,7239282495.89
2013-08-30,49.247485,146915324,7235210278.68
2013-09-03,49.543631,146365324,7251469576.11
2013-09-04,50.10203,144765324,7253036546.35
2013-09-05,50.185595,146215324,7337903048.19
2013-09-06,50.19123,146215324,7338726991.02
2013-09-09,50.512733,145965324,7373107408.45
2013-09-10,50.819501,145265324,7382311318.99
2013-09-11,51.181392,144265324,7383700119.53
2013-09-12,51.093265,145665324,7442517006.4
2013-09-13,51.217293,146065324,7481070459.33
2013-09-16,51.640499,146415324,7560960432.44
2013-09-17,51.682921,147515324,7624022901.44
2013-09-18,52.031951,148315324,7717135673.34
2013-09-19,51.856071,148215324,7685864318.79
2013-09-20,51.535242,148465324,7651196329.54
2013-09-23,51.1765,148215324,7585141516.36
2013-09-24,50.928391,148015324,7538182303.72
2013-09-25,50.520504,148015324,7477808822.13
2013-09-26,50.690145,148465324,7525728823.38
2013-09-27,50.720071,148715324,7542851726.31
2013-09-30,50.584364,147615324,7467027237.04
2013-10-01,51.229679,147865324,7575093077.95
2013-10-02,51.134468,148015324,7568684903.15
2013-10-03,50.644981,148365324,7513959044.62
2013-10-04,51.219387,148315324,7596620016.95
2013-10-07,50.666035,147815324,7489216329.3
2013-10-08,49.911264,148015324,7387631927.63
2013-10-09,49.831054,147315324,7340877930.99
2013-10-10,51.009842,148165324,7557889705.12
2013-10-11,51.234503,148715324,7619355769.89
2013-10-14,51.571378,149615324,7715868444.67
2013-10-15,51.297903,151365324,7764723652.77
2013-10-16,52.32175,150615324,7880457392.43
2013-10-17,52.773597,150115324,7922125642.33
2013-10-18,52.580881,149965324,7885308888.28
2013-10-21,52.294796,151315324,7913004074.13
2013-10-22,52.767846,151315324,7984583700.44
2013-10-23,52.687159,151965324,8006621263.11
2013-10-24,52.680345,151765324,7995049608.38
2013-10-25,52.751996,150665324,7947896588.19
2013-10-28,52.901902,150515324,7962546921.76
2013-10-29,53.251295,150915324,8036436491.85
2013-10-30,52.971187,150115324,7951786913.31
2013-10-31,52.742396,149915324,7906893329.6
2013-11-01,53.09518,149665324,7946507295.69
2013-11-04,53.150456,151465324,8050451015.5
2013-11-05,52.988735,151515324,8028605306.46
2013-11-06,52.853598,152815324,8076839757.09
2013-11-07,52.382014,152815324,8004774428.75
2013-11-08,53.174103,153015324,8136452658.28
2013-11-11,53.283227,153215324,8163806826.84
2013-11-12,53.262638,155365324,8275167018.08
2013-11-13,53.558783,155215324,8313143863.21
2013-11-14,54.007219,155565324,8401650485.19
2013-11-15,54.31328,156265324,8487282330.51
2013-11-18,54.082688,155715324,8421503219.47
2013-11-19,54.13323,156115324,8451026807.17
2013-11-20,54.273994,156415324,8489284280.33
2013-11-21,54.529576,156665324,8542893651.28
2013-11-22,55.241076,157315324,8690267720.91
2013-11-25,55.469009,158715324,8803781743.54
2013-11-26,55.274084,159265324,8803244868.9
2013-11-27,55.291931,159615324,8825439443.26
2013-11-29,55.224225,159415324,8803587682.21
2013-12-02,55.281553,159115324,8796142167.99
2013-12-03,54.827276,160215324,8784169862.57
2013-12-04,54.611914,159815324,8727820799.49
2013-12-05,54.467151,159815324,8704685461.44
2013-12-06,55.219609,160815324,8880159334.67
2013-12-09,55.323217,161965324,8960442743.65
2013-12-10,55.082693,162365324,8943519328.68
2013-12-11,54.191156,161865324,8771669062.15
2013-12-12,53.788722,158065324,8502131691.84
2013-12-13,53.807864,158765324,8542823005.01
2013-12-16,53.926707,158515324,8548209365.75
2013-12-17,53.6903,156465324,8400670144.45
2013-12-18,54.968675,155965324,8573207170.57
2013-12-19,54.848041,155615324,8535195722.95
2013-12-20,54.870406,154515324,8478318563.4
2013-12-23,55.094544,151715324,8358686649.98
2013-12-24,55.050862,153265324,8437388245.51
2013-12-26,55.417862,152765324,8465927666.61
2013-12-27,55.353033,152165324,8422812153.97
2013-12-30,55.458503,153265324,8499865449.79
2013-12-31,55.447902,153515324,8512102580.21
2014-01-02,55.140449,154565324,8522801289.22
2014-01-03,55.251874,155165324,8573174944.98
2014-01-06,55.044236,155415324,8554717780.03
2014-01-07,55.601983,157615324,8763724493.03
2014-01-08,56.095704,156965324,8805080346.85
2014-01-09,56.506444,156265324,8829997759.2
2014-01-10,56.741095,156115324,8858154470.9
2014-01-13,56.308915,155365324,8748452781.71
2014-01-14,57.028958,155565324,8871728380.17
2014-01-15,56.949117,155515324,8856460424.75
2014-01-16,57.07887,153315324,8751065461.53
2014-01-17,57.047173,151965324,8669192138.42
2014-01-21,57.347568,151815324,8706239628.17
2014-01-22,57.391549,151115324,8672742566.39
2014-01-23,56.979697,151065324,8607656461.48
2014-01-24,55.66012,151165324,8413880068.75
2014-01-27,55.221544,148965324,8226095135.72
2014-01-28,55.937243,151865324,8494927582.92
2014-01-29,55.443473,152665324,8464295701.88
2014-01-30,56.435793,155065324,8751234567.05
2014-01-31,55.978051,155965324,8730634859.67
2014-02-03,54.842589,156765324,8597416241.78
2014-02-04,55.399472,157815324,8742885581.82
2014-02-05,55.090989,157465324,8674920448.48
2014-02-06,55.365679,155615324,8615748106.07
2014-02-07,56.33928,155115324,8739085735.07
2014-02-10,56.835362,155865324,8858662070.32
2014-02-11,57.587793,155865324,8975939943.62
2014-02-12,57.548945,156015324,8978517229.59
2014-02-13,57.997223,156965324,9103552921.8
2014-02-14,58.200579,159815324,9301344415.76
2014-02-18,58.719208,164065324,9633785906.12
2014-02-19,58.36951,165065324,9634782025.24
2014-02-20,58.902287,165165324,9728615271.51
2014-02-21,58.804348,164715324,9685977301.96
2014-02-24,59.246809,164565324,9749970374.82
2014-02-25,59.104616,165615324,9788630071.15
2014-02-26,59.095468,166265324,9825527136.91
2014-02-27,59.398444,165465324,9828382719.2
2014-02-28,59.41196,165215324,9815766278.49
2014-03-03,59.001584,167615324,9889569630.05
2014-03-04,60.109372,167565324,10072246399.61
2014-03-05,60.00202,167915324,10075258697.15
2014-03-06,59.605296,172115324,10258984814.47
2014-03-07,59.481313,170465324,10139501233.68
2014-03-10,59.711415,169615324,10127971014.6
2014-03-11,59.556408,170415324,10149324536.43
2014-03-12,59.558406,167915324,10000769019.9
2014-03-13,58.767564,168915324,9926742134.53
2014-03-14,58.465428,170615324,9975098012.61
2014-03-17,58.996121,170665324,10068592123.62
2014-03-18,59.686838,172115324,10273019478.1
2014-03-19,59.473214,173415324,10313566673.79
2014-03-20,59.464696,172965324,10285330355.13
2014-03-21,58.340846,172865324,10085109173.5
2014-03-24,57.516733,168815324,9709705852.18
2014-03-25,57.989979,165615324,9604029177.91
2014-03-26,58.019099,165165324,9582743359.43
2014-03-27,57.95004,164965324,9559747076.07
2014-03-28,57.724727,163115324,9415787516.77
2014-03-31,58.458063,160365324,9374646285.58
2014-04-01,58.864811,162515324,9566433854.02
2014-04-02,59.094383,165815324,9798754181.25
2014-04-03,58.93626,166565324,9816737290.79
2014-04-04,58.027272,168115324,9755273601.01
2014-04-07,57.412938,174965324,10045273344.11
2014-04-08,56.956091,173965324,9908384880.83
2014-04-09,58.165264,173565324,10095472933.36
2014-04-10,56.301458,176465324,9935255073.27
2014-04-11,55.722739,175665324,9788553078.2
2014-04-14,56.007015,174565324,9776882659.39
2014-04-15,56.609655,174965324,9904726712.05
2014-04-16,56.91557,174165324,9912718714.29
2014-04-17,56.905579,165115324,9395983087.61
2014-04-18,56.905579,161865324,9211039955.86
2014-04-21,57.589443,161865324,9321733785.23
2014-04-22,58.190036,162265324,9442224993.5
2014-04-23,57.908732,161915324,9376311100.53
2014-04-24,57.800434,162865324,9413686437.21
2014-04-25,57.375666,163865324,9401882051.84
2014-04-28,57.712379,164065324,9468600157.54
2014-04-29,58.066379,164565324,9555712440.05
2014-04-30,58.147337,165515324,9624275256.47
2014-05-01,58.240397,163665324,9531933461.27
2014-05-02,57.795645,162365324,9384008707.09
2014-05-05,58.118557,161765324,9401567188.11
2014-05-06,57.594329,161565324,9305246388.06
2014-05-07,57.772862,161365324,9322536666.53
2014-05-08,57.466234,160915324,9247197701.59
2014-05-09,57.800852,160915324,9301042900.41
2014-05-12,58.403541,160415324,9368823002.28
2014-05-13,58.516562,160665324,9401582359.32
2014-05-14,58.532604,160915324,9418792862.4
2014-05-15,57.935262,160915324,9322671533.93
2014-05-16,58.139576,159115324,9250897529.73
2014-05-19,58.510177,159615324,9339120802.23
2014-05-20,58.147315,159315324,9263758305.74
2014-05-21,58.610397,157915324,9255479865.56
2014-05-22,58.956983,158265324,9330846014.62
2014-05-23,59.00581,158265324,9338573589.54
2014-05-27,59.338652,158565324,9409052505.37
2014-05-28,59.170703,158265324,9364670535.22
2014-05-29,59.623363,158265324,9436310841.25
2014-05-30,59.775912,158365324,9466431743.96
2014-06-02,59.876714,159215324,9533290485.04
2014-06-03,59.988656,159065324,9542115060.19
2014-06-04,60.132589,160465324,9649195379.56
2014-06-05,60.228456,159715324,9619407329.17
2014-06-06,60.171537,160215324,9640402228.9
2014-06-09,59.881113,159565324,9554949187.21
2014-06-10,60.004374,160115324,9607619807.2
2014-06-11,59.976744,160915324,9651177138.68
2014-06-12,59.68541,159715324,9532674569.98
2014-06-13,59.671854,159815324,9536476686.73
2014-06-16,59.74742,158315324,9458932129.51
2014-06-17,59.704366,156015324,9314796045.23
2014-06-18,60.189888,155715324,9372487929.13
2014-06-19,60.383206,155915324,9414667120.27
2014-06-20,60.666617,155765324,9449755228.17
2014-06-23,60.474517,156615324,9471236079.3
2014-06-24,60.487021,156265324,9452023903.93
2014-06-25,61.143885,156515324,9569955039.89
2014-06-26,61.183144,167465324,10246055086.82
2014-06-27,61.060236,165015324,10075874591.76
2014-06-30,60.836631,166765324,10145440507.82
2014-07-01,61.627001,165815324,10218701163.83
2014-07-02,62.058681,163665324,10156854199.95
2014-07-03,62.31075,161415324,10057909879.78
2014-07-07,61.843449,161415324,9982480382.44
2014-07-08,61.278349,161415324,9891264491.01
2014-07-09,61.510058,161065324,9907137417.28
2014-07-10,61.493876,159665324,9818439561.7
2014-07-11,61.607751,157965324,9731888423.98
2014-07-14,61.82821,158465324,9797627264.95
2014-07-15,61.275859,158165324,9691716136.39
2014-07-16,61.095851,156615324,9568546548.82
2014-07-17,60.427168,157265324,9503098195.38
2014-07-18,61.408203,157815324,9691155430.79
2014-07-21,61.166153,157365324,9625431467.25
2014-07-22,61.670159,161665324,9969926232.68
2014-07-23,62.174261,161015324,10011008769.76
2014-07-24,62.071439,159165324,9879620773.42
2014-07-25,61.844456,158415324,9797109600.9
2014-07-28,61.909924,157965324,9779621235.86
2014-07-29,61.904087,161765324,10013934726.43
2014-07-30,62.168377,159665324,9926134111.48
2014-07-31,60.911719,157965324,9621939357.98
2014-08-01,60.898666,155015324,9440226509.46
2014-08-04,61.188997,158315324,9687155835.82
2014-08-05,60.64416,161865324,9816186607.3
2014-08-06,60.567376,165865324,10046027521.88
2014-08-07,59.846613,171665324,10273588257.27
2014-08-08,60.528456,168965324,10227210094.81
2014-08-11,60.527849,170165324,10299741013.75
2014-08-12,60.459078,169615324,10254786157.05
2014-08-13,61.164016,169415324,10362121539.6
2014-08-14,61.886321,170015324,10521622986.37
2014-08-15,61.955634,170715324,10576776125.31
2014-08-18,62.430178,169965324,10610965417.8
2014-08-19,62.840763,169615324,10658756310.43
2014-08-20,62.850893,170165324,10695042604.95
2014-08-21,62.920984,170165324,10706969569.59
2014-08-22,62.975207,170515324,10738237872.09
2014-08-25,63.42583,169915324,10777020424.5
2014-08-26,63.685152,169765324,10811530530.86
2014-08-27,63.686297,169965324,10824462119.16
2014-08-28,63.603535,169965324,10810395444.97
2014-08-29,63.86486,170415324,10883550813.74
2014-09-02,63.876893,170715324,10904764457.51
2014-09-03,64.13976,171165324,10978502740.02
2014-09-04,63.81652,171315324,10932747740.13
2014-09-05,64.186446,172815324,11092401502.06
2014-09-08,64.220788,173065324,11114391521.02
2014-09-09,64.025013,172065324,11016484688.91
2014-09-10,64.457748,172465324,11116726464.91
2014-09-11,64.285585,171965324,11054891523.66
2014-09-12,63.83897,172265324,10997240786.32
2014-09-15,63.632526,171415324,10907590041.71
2014-09-16,64.488813,173915324,11215592877.39
2014-09-17,64.543304,174065324,11234751065.34
2014-09-18,65.048531,174015324,11319441121.55
2014-09-19,64.881344,173515324,11257907509.16
2014-09-22,64.515268,173415324,11187936053.4
2014-09-23,64.148824,173665324,11140426251.34
2014-09-24,65.230739,173565324,11321794357.46
2014-09-25,64.198281,174265324,11187534210.95
2014-09-26,64.399707,174615324,11245175703.91
2014-09-29,64.286823,174265324,11202964097.46
2014-09-30,63.90451,174115324,11126754507.39
2014-10-01,63.270598,174665324,11051179547.6
2014-10-02,63.129409,175165324,11058083356.09
2014-10-03,64.377655,174865324,11257419438.11
2014-10-06,64.121488,177265324,11366516266.7
2014-10-07,63.112705,109515324,11279207494.37
2014-10-08,64.699141,177265324,11468914113.49
2014-10-09,63.414431,176665324,11203130915.6
2014-10-10,62.979699,177765324,11195606579.63
2014-10-13,61.474449,177715324,10924951662.95
2014-10-14,61.009767,177415324,10824067654.57
2014-10-15,60.524874,175715324,10635147909.14
2014-10-16,60.225004,176765324,10645692308.45
2014-10-17,61.191897,167915324,10275057186.63
2014-10-20,61.921258,165465324,10245821086.16
2014-10-21,63.562275,167465324,10644477016.51
2014-10-22,63.215139,169065324,10687488017.22
2014-10-23,64.316055,168765324,10854319803.32
2014-10-24,65.204153,168665324,10997679643.11
2014-10-27,65.284072,169965324,11096028448.95
2014-10-28,65.761702,171965324,11308732379.17
2014-10-29,65.780185,171865324,11305332864.99
2014-10-30,66.968957,173065324,11590004298.35
2014-10-31,67.311266,173515324,11679536202.9
2014-11-03,67.331171,175815324,11837851557.32
2014-11-04,67.386713,176315324,11881310117.79
2014-11-05,67.302195,177315324,11933710502.42
2014-11-06,67.686731,177515324,12015431936.73
2014-11-07,67.043399,178865324,11991739224.38
2014-11-10,67.720279,176015324,11919806856.19
2014-11-11,67.958171,177015324,12029637694.08
2014-11-12,67.866554,179515324,12183086504.72
2014-11-13,67.79974,179515324,12171092362.44
2014-11-14,67.240126,179515324,12070633047.4
2014-11-17,67.576689,177915324,12022928508.88
2014-11-18,68.649502,178665324,12265285523.32
2014-11-19,68.283441,181865324,12418390150.95
2014-11-20,68.008919,181865324,12368464078.22
2014-11-21,68.327429,182915324,12498133755.82
2014-11-24,68.648627,181765324,12477939858.96
2014-11-25,68.69828,180515324,12401092214.05
2014-11-26,69.18084,181315324,12543546376.71
2014-11-28,69.58308,181315324,12616478651.64
2014-12-01,69.445293,181315324,12591495887.63
2014-12-02,70.205902,182615324,12820673575.72
2014-12-03,70.332929,180165324,12671554920.27
2014-12-04,70.24595,181365324,12740179475.78
2014-12-05,70.783466,181365324,12837666277.75
2014-12-08,71.014694,181315324,12876052165.14
2014-12-09,70.749765,181865324,12866928958.23
2014-12-10,69.632624,182815324,12729910764.71
2014-12-11,69.854939,181765324,12697205584.95
2014-12-12,68.724077,181765324,12491654208.65
2014-12-15,68.200253,181415324,12372570957.73
2014-12-16,67.328055,180165324,12130180827.58
2014-12-17,68.602635,181565324,12455859642.42
2014-12-18,70.493538,182465324,12862626254.86
2014-12-19,70.520972,184765324,13029830177.96
2014-12-22,69.7088,184715324,12876283562.11
2014-12-23,68.181102,181665324,12386141987.53
2014-12-24,68.631753,174865324,12001313788.13
2014-12-26,69.149459,175615324,12143704665.61
2014-12-29,69.335249,175965324,12200599545.91
2014-12-30,69.085144,175315324,12111684380.29
2014-12-31,68.409912,175615324,12013828947.24
2015-01-02,68.677451,173565324,11920023974.56
2015-01-05,68.255398,173315324,11829706360.28
2015-01-06,68.074365,173615324,11818752879.98
2015-01-07,69.62351,171965324,11972829389.24
2015-01-08,70.821521,174815324,12380687205.74
2015-01-09,70.249694,186115324,13074544597.55
2015-01-12,70.198184,185215324,13001779476.62
2015-01-13,69.896151,184165324,12872447220.6
2015-01-14,69.828706,185665324,12964769346.93
2015-01-15,69.084309,183915324,12705663159.15
2015-01-16,70.406284,183015324,12885428870.13
2015-01-20,70.355916,183515324,12911388677.52
2015-01-21,70.439881,181865324,12810571855.54
2015-01-22,71.333951,182165324,12994572340.12
2015-01-23,70.998713,183665324,13040001559.57
2015-01-26,71.315258,187565324,13376269418.34
2015-01-27,70.786183,188915324,13372594683.68
2015-01-28,69.752796,187815324,13100643935.28
2015-01-29,70.335464,187915324,13217111532.15
2015-01-30,69.258588,187765324,13004361252.75
2015-02-02,69.685087,186965324,13028694790.49
2015-02-03,70.137973,184965324,12973092813.6
2015-02-04,69.246724,184215324,12756307710.08
2015-02-05,70.382593,180965324,12736808794.69
2015-02-06,69.791036,181515324,12668142434.52
2015-02-09,69.005015,182465324,12591022385.11
2015-02-10,70.097928,180465324,12650245334.96
2015-02-11,70.197379,181365324,12731370373.2
2015-02-12,70.434068,182665324,12865861938.06
2015-02-13,70.784117,182815324,12940421261.08
2015-02-17,71.232872,182465324,12997529128.19
2015-02-18,71.349536,182115324,12993843916.77
2015-02-19,71.414619,181265324,12944994005.22
2015-02-20,72.198428,183865324,13274787359.38
2015-02-23,72.4528,183715324,13310689625.83
2015-02-24,72.408053,182015324,13179375260.84
2015-02-25,72.416726,182265324,13199057965.68
2015-02-26,72.596613,182565324,13253624220.92
2015-02-27,72.266332,183615324,13269206014.2
2015-03-02,72.880239,182365324,13290828416.32
2015-03-03,72.258667,183365324,13249733853.2
2015-03-04,72.54569,181915324,13197172783.17
2015-03-05,72.829421,183465324,13361673342.29
2015-03-06,71.446423,184715324,13197249242.24
2015-03-09,71.834261,182965324,13143178852.46
2015-03-10,71.016383,183265324,13014840401.17
2015-03-11,70.998554,182865324,12983173599.54
2015-03-12,71.935788,183265324,13183335422.38
2015-03-13,71.825902,183565324,13184744921.68
2015-03-16,73.393382,184115324,13512846292.58
2015-03-17,73.195708,183515324,13432534108.83
2015-03-18,74.138872,185015324,13716827446.35
2015-03-19,74.53342,186365324,13890444967.16
2015-03-20,74.913837,187515324,14047492445.72
2015-03-23,74.700533,190815324,14254006477.39
2015-03-24,74.053895,191215324,14160239494.77
2015-03-25,72.693102,188915324,13732840956.04
2015-03-26,72.505862,189615324,13748222443.27
2015-03-27,73.047932,192315324,14048236775.52
2015-03-30,73.77343,194865324,14375883433.21
2015-03-31,72.708569,196265324,14270170846.01
2015-04-01,71.822436,194815324,13992111073.01
2015-04-02,71.985641,195915324,14103090277.41
2015-04-06,72.083577,192365324,13866380579.88
2015-04-07,72.267277,191465324,13836677580.71
2015-04-08,72.878628,192315324,14015677003.16
2015-04-09,73.440986,193715324,14226644481.8
2015-04-10,74.059392,193415324,14324221301.1
2015-04-13,73.633321,194665324,14333854330.71
2015-04-14,73.767928,193665324,14286289687.64
2015-04-15,73.963397,193765324,14331541602.33
2015-04-16,73.921279,193115324,14275331750.02
2015-04-17,73.32974,192965324,14150097121.16
2015-04-20,73.72344,190965324,14078620526.42
2015-04-21,74.217227,191315324,14198892839.52
2015-04-22,74.327491,190615324,14167958805.22
2015-04-23,74.615871,191565324,14293813571.1
2015-04-24,74.374501,189015324,14057920347.57
2015-04-27,73.06375,190515324,13919764075.66
2015-04-28,73.346801,187515324,13753649238.25
2015-04-29,72.757014,187265324,13624865851.95
2015-04-30,71.708347,185515324,13302997260.2
2015-05-01,72.671568,183865324,13361781320.07
2015-05-04,73.099385,183265324,13396582541.23
2015-05-05,72.239938,182865324,13210179602.18
2015-05-06,71.943364,182715324,13145155095.69
2015-05-07,72.282868,183565324,13268628055.77
2015-05-08,73.450237,187915324,13802425013.05
2015-05-11,73.432482,186515324,13696283181.86
2015-05-12,73.083664,189415324,13843165836.77
2015-05-13,73.067279,189565324,13851022495.71
2015-05-14,74.104594,190215324,14095829298.89
2015-05-15,74.255911,191315324,14206293674.97
2015-05-18,74.661874,190615324,14231697375.23
2015-05-19,75.015853,190615324,14299171135.04
2015-05-20,75.121698,190715324,14326858998.49
2015-05-21,75.145407,192515324,14466642358.15
2015-05-22,74.953606,193315324,14489680632.62
2015-05-26,74.230744,193015324,14327671075.47
2015-05-27,75.07037,191015324,14339591127.47
2015-05-28,75.128578,193465324,14534774761.66
2015-05-29,74.958037,193565324,14509276735.99
2015-06-01,75.215277,192715324,14495136532.43
2015-06-02,74.776822,192765324,14414378266.0
2015-06-03,74.843803,192965324,14442258665.3
2015-06-04,74.351644,192615324,14321266037.32
2015-06-05,74.321746,192065324,14274630168.07
2015-06-08,73.993343,191915324,14200456352.86
2015-06-09,74.017525,192415324,14242106052.56
2015-06-10,74.870734,191915324,14368841086.71
2015-06-11,75.299286,192665324,14507561378.3
2015-06-12,74.45971,192315324,14319743213.55
2015-06-15,74.492945,193115324,14385729294.25
2015-06-16,74.859899,193365324,14475308624.82
2015-06-17,74.944575,192815324,14450462474.88
2015-06-18,76.045104,194365324,14780531192.36
2015-06-19,75.690214,196115324,14844010814.1
2015-06-22,76.268229,196965324,15022196465.15
2015-06-23,76.421421,200915324,15354234542.72
2015-06-24,75.677909,201965324,15284313326.43
2015-06-25,76.058478,200715324,15266102105.2
2015-06-26,75.942992,202465324,15375822446.48
2015-06-29,74.171331,202365324,15009705447.27
2015-06-30,74.479007,205715324,15321473049.06
2015-07-01,75.133352,205065324,15407245131.78
2015-07-02,74.891718,204465324,15312759413.64
2015-07-06,74.801791,204365324,15286892275.07
2015-07-07,75.109996,203715324,15301057247.09
2015-07-08,73.897441,204315324,15098379592.38
2015-07-09,74.275391,204815324,15212738260.32
2015-07-10,75.263457,205365324,15456504160.36
2015-07-13,75.909935,206265324,15657587344.89
2015-07-14,76.656164,207665324,15918827130.54
2015-07-15,76.722667,208915324,16028540746.16
2015-07-16,77.105943,209715324,16170297769.28
2015-07-17,76.971444,209865324,16153636966.63
2015-07-20,77.199105,211815324,16351953406.41
2015-07-21,76.906983,212615324,16351603090.7
2015-07-22,77.028293,212115324,16338881300.49
2015-07-23,76.766042,211915324,16267900705.42
2015-07-24,74.829081,212265324,15883619148.43
2015-07-27,74.730851,211515324,15806720267.64
2015-07-28,76.113431,210865324,16049683320.27
2015-07-29,76.287836,211565324,16139860751.22
2015-07-30,76.147501,212915324,16212969754.7
2015-07-31,76.530811,214915324,16447644024.78
2015-08-03,76.538564,213565324,16345983295.07
2015-08-04,76.489578,213665324,16343170547.53
2015-08-05,77.088536,212865324,16409476106.65
2015-08-06,75.470039,212865324,16064954238.73
2015-08-07,75.289619,210765324,15868440862.52
2015-08-10,75.894945,210715324,15992227956.84
2015-08-11,75.28776,211465324,15920750456.53
2015-08-12,75.319764,210465324,15852198594.27
2015-08-13,75.162325,209265324,15728868199.73
2015-08-14,75.350639,208715324,15726833115.28
2015-08-17,76.129469,208015324,15836096152.48
2015-08-18,76.022552,209215324,15905082782.7
2015-08-19,75.700588,209215324,15837723044.68
2015-08-20,73.967683,209315324,15482569453.81
2015-08-21,71.691562,207065324,14844836468.22
2015-08-24,68.867909,205115324,14125863466.25
2015-08-25,67.901912,203665324,13829264859.12
2015-08-26,70.802241,201065324,14235875557.88
2015-08-27,72.150478,199465324,14391518518.39
2015-08-28,71.848304,199465324,14331245234.04
2015-08-31,70.527585,200215324,14120703196.38
2015-09-01,68.68045,201915324,13867635404.03
2015-09-02,70.035631,201315324,14099245660.17
2015-09-03,69.593759,201315324,14010290215.97
2015-09-04,68.691274,200865324,13797695001.25
2015-09-08,70.654588,200215324,14146131190.87
2015-09-09,69.509219,200015324,13902908860.56
2015-09-10,70.143745,199915324,14022809449.23
2015-09-11,70.663319,205215324,14501195836.42
2015-09-14,70.429699,205915324,14502554358.26
2015-09-15,71.389794,205065324,14639571225.05
2015-09-16,71.636801,204715324,14665150946.7
2015-09-17,72.25369,203215324,14683057007.31
2015-09-18,70.941498,206165324,14625676823.97
2015-09-21,69.964584,207915324,14546709158.52
2015-09-22,69.535696,200965324,13974263587.47
2015-09-23,69.460522,206715324,14358554272.74
2015-09-24,68.731261,205965324,14156256505.26
2015-09-25,66.875211,197615324,13215566411.05
2015-09-28,64.314146,192665324,12391105738.75
2015-09-29,64.891488,180065324,11684706829.66
2015-09-30,66.298658,193865324,12853010761.16
2015-10-01,66.885761,194165324,12986895550.17
2015-10-02,68.280446,195265324,13332803481.15
2015-10-05,68.497612,197115324,13501929045.93
2015-10-06,66.906955,196265324,13131515283.03
2015-10-07,67.87966,193365324,13125572472.26
2015-10-08,68.137292,195365324,13311664153.71
2015-10-09,68.43337,193765324,13260014172.55
2015-10-12,68.598342,191615324,13144493612.99
2015-10-13,67.787887,193515324,13117994910.83
2015-10-14,67.620604,191315324,12936857678.63
2015-10-15,69.087499,191315324,13217497312.38
2015-10-16,69.775693,193065324,13471266817.46
2015-10-19,69.966243,194515324,13609506521.41
2015-10-20,68.904547,193365324,13323750020.78
2015-10-21,68.302721,191515324,13081017789.94
2015-10-22,67.913123,191765324,13023381954.42
2015-10-23,69.266713,190915324,13224076893.23
2015-10-26,69.616002,197165324,13725861623.42
2015-10-27,70.8257,197915324,14017491355.78
2015-10-28,71.504962,202265324,14462974214.53
2015-10-29,71.790305,198215324,14229938601.68
2015-10-30,71.394543,197615324,14108655712.5
2015-11-02,72.816845,197965324,14415210353.97
2015-11-03,72.576339,201015324,14588956388.15
2015-11-04,72.295959,196415324,14200034250.58
2015-11-05,72.035686,195115324,14055266261.75
2015-11-06,71.779678,194565324,13965836358.53
2015-11-09,71.203181,194765324,13867910694.44
2015-11-10,71.647406,192265324,13775311634.55
2015-11-11,70.992851,192015324,13631715260.78
2015-11-12,69.753724,192265324,13411222336.48
2015-11-13,69.557399,189265324,13164803718.32
2015-11-16,70.421163,191965324,13518421416.09
2015-11-17,70.704602,192065324,13579902328.42
2015-11-18,72.11484,192215324,13861577253.5
2015-11-19,70.925158,192565324,13657726055.25
2015-11-20,71.511216,194665324,13920753948.71
2015-11-23,71.371411,193265324,13793618777.72
2015-11-24,71.535808,192215324,13750278604.0
2015-11-25,71.925915,194115324,13961922289.54
2015-11-27,72.051107,193115324,13914172786.82
2015-11-30,71.089924,192665324,13696563273.16
2015-12-01,72.320402,192015324,13886625514.03
2015-12-02,71.681343,192865324,13824845492.8
2015-12-03,70.102584,193915324,13593965207.05
2015-12-04,71.797745,191665324,13761138024.55
2015-12-07,71.383098,190115324,13571020833.23
2015-12-08,71.516882,192815324,13789550718.44
2015-12-09,70.818555,191565324,13566379450.36
2015-12-10,71.367316,190065324,13564452118.38
2015-12-11,70.300415,188815324,13273795710.4
2015-12-14,70.738042,188915324,13363500175.86
2015-12-15,71.660734,188665324,13519895568.31
2015-12-16,72.589809,191515324,13902060773.58
2015-12-17,71.793809,192465324,13817818714.2
2015-12-18,70.492856,194165324,13687268235.66
2015-12-21,71.09997,195065324,13869138587.38
2015-12-22,71.616688,192815324,13808794870.66
2015-12-23,72.382481,193265324,13989023706.94
2015-12-24,72.455809,193065324,13988704296.73
2015-12-28,72.125641,193065324,13924960282.96
2015-12-29,73.007371,192665324,14065988839.8
2015-12-30,72.697818,193365324,14057237083.75
2015-12-31,72.047606,192215324,13848653866.18
2016-01-04,70.681664,192265324,13589633058.86
2016-01-05,71.07593,191265324,13594360874.72
2016-01-06,70.483392,189765324,13375303735.02
2016-01-07,69.04429,191665324,13233396180.27
2016-01-08,68.054237,191065324,13002804755.42
2016-01-11,67.241557,189615324,12750029645.64
2016-01-12,68.03647,187465324,12754478983.87
2016-01-13,66.075007,189965324,12551960025.88
2016-01-14,67.837478,190015324,12890160442.15
2016-01-15,66.895907,194015324,12978831009.41
2016-01-19,66.834568,192265324,12849969804.36
2016-01-20,66.975452,192765324,12910544620.53
2016-01-21,66.803738,195565324,13064494705.32
2016-01-22,67.83497,196065324,13300085407.69
2016-01-25,67.196536,197815324,13292504585.31
2016-01-26,67.717798,197715324,13388846378.95
2016-01-27,66.96849,196415324,13153637651.63
2016-01-28,65.44366,195615324,12801782658.74
2016-01-29,66.58204,195165324,12994505479.47
2016-02-01,66.610175,195815324,13043293010.59
2016-02-02,65.643625,194515324,12768690923.24
2016-02-03,66.009206,193215324,12753990066.9
2016-02-04,65.704002,192465324,12645742081.6
2016-02-05,64.423206,191515324,12338031176.41
2016-02-08,63.511274,185515324,11782314664.45
2016-02-09,63.975834,183015324,11708558074.71
2016-02-10,64.581275,181765324,11738636437.7
2016-02-11,63.503498,182815324,11609412611.14
2016-02-12,64.403573,182265324,11738538156.37
2016-02-16,65.581273,181415324,11897447942.33
2016-02-17,66.44543,181615324,12067508305.03
2016-02-18,65.987457,181565324,11981033948.74
2016-02-19,65.966388,181565324,11977208559.4
2016-02-22,66.864805,181865324,12160389406.5
2016-02-23,66.359214,183765324,12194522397.1
2016-02-24,66.583154,183115324,12192395734.65
2016-02-25,67.444056,184465324,12441089637.68
2016-02-26,67.310646,184665324,12429942177.89
2016-02-29,66.251692,184915324,12250953097.84
2016-03-01,67.667808,184615324,12492514213.37
2016-03-02,67.767033,185465324,12568434664.3
2016-03-03,67.535397,186665324,12606516749.13
2016-03-04,67.430009,185565324,12512671415.28
2016-03-07,67.967625,183965324,12503686215.42
2016-03-08,67.100067,185515324,12448090751.27
2016-03-09,67.230185,181165324,12179778212.88
2016-03-10,67.268215,177215324,11920958523.16
2016-03-11,68.602677,178415324,12239768868.76
2016-03-14,68.333392,179015324,12232724389.9
2016-03-15,67.231141,179165324,12045489236.55
2016-03-16,67.03521,175265324,11748947868.2
2016-03-17,66.33028,173115324,11482787924.78
2016-03-18,66.968533,172115324,11526310803.71
2016-03-21,67.266118,169015324,11369004738.91
2016-03-22,67.876982,170115324,11546914792.15
2016-03-23,67.458192,171265324,11553249138.17
2016-03-24,67.397207,172515324,11627050969.24
2016-03-28,67.204795,171465324,11523291985.28
2016-03-29,67.993371,170365324,11583712703.55
2016-03-30,67.964409,170815324,11609362615.7
2016-03-31,67.809878,169865324,11518546836.68
2016-04-01,68.664655,172115324,11818239331.19
2016-04-04,69.370492,173215324,12016032272.99
2016-04-05,68.495209,174615324,11960313137.1
2016-04-06,70.301909,176615324,12416394357.96
2016-04-07,69.553086,177765324,12364126784.33
2016-04-08,69.252629,176065324,12192986564.98
2016-04-11,68.782802,174965324,12034605256.29
2016-04-12,69.350965,176815324,12262313309.02
2016-04-13,69.98481,175765324,12300902848.39
2016-04-14,70.063277,176665324,12377751615.31
2016-04-15,70.035193,175815324,12313260118.85
2016-04-18,70.662045,175065324,12370473755.92
2016-04-19,70.875977,176565324,12514239771.45
2016-04-20,71.304275,176765324,12604123322.99
2016-04-21,71.698469,177515324,12727576910.25
2016-04-22,71.870925,177815324,12779751819.24
2016-04-25,71.603078,178265324,12764345902.15
2016-04-26,71.291359,177615324,12662437766.78
2016-04-27,71.209071,179065324,12751075374.83
2016-04-28,70.810127,180015324,12746907964.19
2016-04-29,69.780265,182865324,12760390807.87
2016-05-02,70.184292,181565324,12743033734.33
2016-05-03,69.977175,179765324,12579469544.35
2016-05-04,69.308104,178715324,12386420253.04
2016-05-05,69.610664,176865324,12311712612.72
2016-05-06,69.177702,176415324,12204006767.43
2016-05-09,69.966204,175215324,12259151146.03
2016-05-10,70.547227,177215324,12502049714.48
2016-05-11,69.717563,177515324,12375935725.79
2016-05-12,69.307584,176465324,12230385271.24
2016-05-13,69.194839,175715324,12158593530.46
2016-05-16,70.134007,172615324,12106204328.0
2016-05-17,69.39637,172915324,11999695794.69
2016-05-18,69.634838,169365324,11793726881.18
2016-05-19,69.077977,170815324,11799577057.72
2016-05-20,69.696812,169865324,11839071597.66
2016-05-23,69.375587,172065324,11937132785.03
2016-05-24,70.39264,171565324,12076936054.72
2016-05-25,70.84166,173315324,12277945200.41
2016-05-26,70.847295,175215324,12413531824.64
2016-05-27,71.205272,175565324,12501176570.72
2016-05-31,71.303957,175565324,12518502377.31
2016-06-01,71.581727,175015324,12527899125.88
2016-06-02,72.521247,176265324,12782981081.88
2016-06-03,72.289122,177315324,12817969060.68
2016-06-06,72.690862,180315324,13107276360.82
2016-06-07,72.204857,181415324,13099067542.08
2016-06-08,72.557498,182415324,13235599511.78
2016-06-09,72.384597,182465324,13207678925.11
2016-06-10,71.72788,180965324,12980259000.66
2016-06-13,71.24138,179915324,12817416033.56
2016-06-14,71.32531,179865324,12828950030.39
2016-06-15,70.846762,179565324,12721621707.69
2016-06-16,71.090153,179265324,12743999255.11
2016-06-17,70.029677,178965324,12532883874.77
2016-06-20,70.454681,177915324,12534967434.64
2016-06-21,70.254475,177115324,12443144027.39
2016-06-22,70.480171,176665324,12451402294.85
2016-06-23,71.363007,176565324,12600232385.53
2016-06-24,69.361685,177315324,12298889623.18
2016-06-27,68.386299,177715324,12153293251.19
2016-06-28,69.74443,175815324,12262139542.39
2016-06-29,71.063335,173665324,12341237062.45
2016-06-30,71.738104,173515324,12447660429.62
2016-07-01,72.147039,173915324,12547475676.93
2016-07-05,72.114957,174615324,12592376613.38
2016-07-06,72.957184,177465324,12947370358.1
2016-07-07,72.793063,172465324,12554279245.88
2016-07-08,73.579151,174765324,12859084173.76
2016-07-11,73.458792,178565324,13117192914.94
2016-07-12,73.802732,178865324,13200749517.31
2016-07-13,73.845234,179515324,13256351145.23
2016-07-14,74.130877,179015324,13270562895.93
2016-07-15,74.088257,181265324,13429631857.99
2016-07-18,74.0891,180665324,13385331193.17
2016-07-19,73.963844,183965324,13606782576.89
2016-07-20,74.587037,182515324,13613277202.35
2016-07-21,74.855098,179565324,13441379835.99
2016-07-22,75.011351,182715324,13705723210.83
2016-07-25,74.896099,178515324,13370101295.12
2016-07-26,74.77337,177565324,13277157706.49
2016-07-27,75.080584,176665324,13264135620.3
2016-07-28,75.042936,177115324,13291253907.05
2016-07-29,75.238061,176665324,13291956382.07
2016-08-01,75.675756,176015324,13320092728.36
2016-08-02,75.369693,175165324,13202156663.19
2016-08-03,75.240303,173315324,13040297452.39
2016-08-04,75.073642,172215324,12928831654.69
2016-08-05,75.261097,171465324,12904668385.71
2016-08-08,74.624907,170365324,12713496530.85
2016-08-09,74.807606,170315324,12740881577.56
2016-08-10,74.523489,175465324,13076288114.62
2016-08-11,74.950722,176465324,13226203458.87
2016-08-12,74.801852,176915324,13233593935.68
2016-08-15,74.916181,177615324,13306261797.76
2016-08-16,74.248372,176865324,13131962438.98
2016-08-17,74.419004,176065324,13102606099.95
2016-08-18,74.423954,176865324,13163016728.11
2016-08-19,74.385628,177165324,13178553955.78
2016-08-22,74.487342,176465324,13144432974.3
2016-08-23,74.571853,173765324,12958002112.12
2016-08-24,73.377363,175315324,12864176120.69
2016-08-25,72.789763,173865324,12655615717.47
2016-08-26,73.042728,173315324,12659424136.83
2016-08-29,73.237202,174915324,12810308953.43
2016-08-30,72.932867,176315324,12859182074.15
2016-08-31,72.751684,176265324,12823599087.4
2016-09-01,72.604334,175665324,12754063797.12
2016-09-02,72.639319,175215324,12727521852.7
2016-09-06,72.923929,174765324,12744574086.38
2016-09-07,72.890244,176165324,12840733433.9
2016-09-08,72.976932,174565324,12739241835.19
2016-09-09,71.487936,176165324,12593695406.13
2016-09-12,72.61198,174365324,12661011430.72
2016-09-13,71.571119,171865324,12300593549.57
2016-09-14,71.529742,172265324,12322094207.16
2016-09-15,72.327325,172415324,12470339219.54
2016-09-16,72.123151,172415324,12435136389.1
2016-09-19,71.827116,173765324,12481062016.02
2016-09-20,72.098084,175715324,12668738169.18
2016-09-21,72.820917,172615324,12570006261.45
2016-09-22,73.373581,174115324,12775464835.24
2016-09-23,73.119254,174315324,12745806485.29
2016-09-26,72.224167,175815324,12698115330.31
2016-09-27,72.772611,179165324,13038328351.57
2016-09-28,72.687162,175565324,12761345149.5
2016-09-29,71.358095,173715324,12395994634.87
2016-09-30,72.088665,172665324,12447212739.9
2016-10-03,71.976184,172665324,12427791188.73
2016-10-04,71.884633,174415324,12537781640.36
2016-10-05,72.121141,174265324,12568213955.85
2016-10-06,71.842598,177965324,12785491221.19
2016-10-07,71.908317,179965324,12941003590.63
2016-10-10,72.196046,177165324,12790635847.5
2016-10-11,70.398363,178815324,12588306044.79
2016-10-12,70.035488,178215324,12481397266.79
2016-10-13,70.07863,177265324,12422510965.28
2016-10-14,69.600674,173065324,12045463146.29
2016-10-17,69.457148,174665324,12131755202.85
2016-10-18,70.20281,172865324,12135631520.4
2016-10-19,69.968661,173115324,12112647368.51
2016-10-20,70.319355,172315324,12117102365.15
2016-10-21,69.701118,172315324,12010570815.01
2016-10-24,69.603747,171315324,11924188428.62
2016-10-25,69.387788,170665324,11842089346.45
2016-10-26,68.90821,168765324,11629316386.46
2016-10-27,69.26502,168765324,11689533458.81
2016-10-28,67.752243,168865324,11441004413.03
2016-10-31,67.380527,169115324,11395079608.16
2016-11-01,67.055667,167465324,11229498944.84
2016-11-02,66.733126,166515324,11112088060.52
2016-11-03,66.043181,165315324,10917949892.98
2016-11-04,66.543118,165265324,10997270009.96
2016-11-07,68.160543,168415324,11479279972.06
2016-11-08,68.349538,172115324,11764002808.77
2016-11-09,70.698835,173515324,12267331175.8
2016-11-10,71.553762,189165324,13535490583.08
2016-11-11,70.483842,192815324,13590364829.47
2016-11-14,70.281679,190465324,13386222817.2
2016-11-15,70.472305,189965324,13387294345.59
2016-11-16,70.135966,189565324,13295347176.61
2016-11-17,70.446795,190515324,13421194058.56
2016-11-18,69.702019,194765324,13575536277.09
2016-11-21,69.909248,197515324,13808147787.01
2016-11-22,68.948586,197465324,13614954778.72
2016-11-23,69.208615,194665324,13472517408.32
2016-11-25,69.490001,195565324,13589834552.24
2016-11-28,68.900156,196615324,13546826549.17
2016-11-29,69.354067,195815324,13580589161.87
2016-11-30,68.719054,197015324,13538706766.45
2016-12-01,68.208166,197665324,13482389313.14
2016-12-02,68.416781,196515324,13444945802.77
2016-12-05,68.303348,199315324,13613904016.84
2016-12-06,68.466771,199765324,13677286726.63
2016-12-07,67.907169,200065324,13585869698.11
2016-12-08,68.01744,198865324,13526310308.04
2016-12-09,68.851943,195565324,13465052592.09
2016-12-12,69.19922,195965324,13560647614.75
2016-12-13,69.713429,194615324,13567301479.47
2016-12-14,69.416937,192765324,13381178321.38
2016-12-15,69.821405,195265324,13633699177.65
2016-12-16,69.621415,195215324,13591167162.02
2016-12-19,69.259636,193265324,13385485966.52
2016-12-20,69.227953,193965324,13427822371.84
2016-12-21,68.82982,194065324,13357481363.64
2016-12-22,68.942665,194515324,13410404907.82
2016-12-23,69.484523,194815324,13536649915.34
2016-12-27,69.578786,195715324,13617634553.76
2016-12-28,69.086377,195315324,13493628082.02
2016-12-29,69.160327,195565324,13525361853.32
2016-12-30,68.906481,195915324,13499835598.91
2017-01-03,69.863877,195965324,13690897254.91
2017-01-04,70.366254,197515324,13898413499.14
2017-01-05,70.707227,199465324,14103639860.43
2017-01-06,70.929294,199865324,14176306282.9
2017-01-09,71.245433,201365324,14346359679.06
2017-01-10,71.484053,202015324,14440874113.85
2017-01-11,70.779484,203265324,14387014709.29
2017-01-12,70.833566,200665324,14213840460.02
2017-01-13,70.906106,202815324,14380844825.35
2017-01-17,70.590519,203115324,14338016119.46
2017-01-18,70.505218,202165324,14253710146.36
2017-01-19,70.068714,202615324,14196995203.93
2017-01-20,69.861391,201865324,14102592382.98
2017-01-23,69.551493,200165324,13921797078.53
2017-01-24,69.099533,197965324,13679311444.77
2017-01-25,69.694567,193615324,13493936238.04
2017-01-26,69.192673,193415324,13382923201.92
2017-01-27,69.747011,192765324,13444805178.94
2017-01-30,69.457619,192965324,13402911908.67
2017-01-31,70.430817,193315324,13615356268.99
2017-02-01,70.984454,197365324,14009869774.84
2017-02-02,71.071736,198965324,14140811057.04
2017-02-03,71.489658,201565324,14409836107.23
2017-02-06,71.457644,204965324,14646339081.58
2017-02-07,71.518468,208615324,14919848282.15
2017-02-08,71.428356,212215324,15158191814.39
2017-02-09,71.74273,212565324,15250016564.58
2017-02-10,71.825927,213665324,15346710052.95
2017-02-13,72.32082,213865324,15466915507.6
2017-02-14,72.845973,213515324,15553731596.2
2017-02-15,73.692543,212165324,15635002319.84
2017-02-16,73.586556,212165324,15612515468.75
2017-02-17,73.662237,213415324,15720650174.34
2017-02-21,74.006712,214515324,15875573698.58
2017-02-22,73.901462,213115324,15749534033.25
2017-02-23,74.443915,212765324,15839083592.69
2017-02-24,74.824537,213465324,15972444043.98
2017-02-27,75.117544,213815324,16061281975.35
2017-02-28,74.939822,213515324,16000800287.99
2017-03-01,75.719486,214465324,16239203998.59
2017-03-02,75.544054,214815324,16228020450.84
2017-03-03,75.845322,214765324,16288945114.27
2017-03-06,75.506998,215165324,16246487729.88
2017-03-07,75.001344,216615324,16246440331.54
2017-03-08,75.254294,217415324,16361436719.49
2017-03-09,75.702068,217765324,16485285423.28
2017-03-10,75.97594,219465324,16674084348.3
2017-03-13,75.896708,218315324,16569414319.4
2017-03-14,75.669647,217865324,16485792125.16
2017-03-15,76.559431,216915324,16606913697.42
2017-03-16,75.872666,218315324,16564165603.31
2017-03-17,75.19539,216615324,16288473671.36
2017-03-20,75.035559,215115324,16141298518.35
2017-03-21,74.446285,215865324,16070371473.37
2017-03-22,74.51825,214965324,16018839765.23
2017-03-23,74.246878,213765324,15871407838.16
2017-03-24,74.227864,217215324,16123429570.08
2017-03-27,74.496505,217815324,16226480286.93
2017-03-28,74.538677,214565324,15993415348.92
2017-03-29,74.540241,213265324,15896848625.88
2017-03-30,74.542753,212715324,15856385938.79
2017-03-31,74.344043,213015324,15836420511.37
2017-04-03,74.413235,212915324,15843718046.61
2017-04-04,74.378675,214265324,15936770840.62
2017-04-05,74.148613,214215324,15883769142.83
2017-04-06,74.248742,213915324,15882943625.9
2017-04-07,74.380043,213915324,15911031096.62
2017-04-10,74.2651,214115324,15901295896.77
2017-04-11,74.175247,215115324,15956232222.9
2017-04-12,74.193931,214865324,15941703125.68
2017-04-13,73.99653,214815324,15895588620.12
2017-04-17,74.221587,214715324,15936512115.9
2017-04-18,73.469754,215415324,15826510926.17
2017-04-19,73.665375,213465324,15725003146.55
2017-04-20,74.0722,212515324,15741477534.18
2017-04-21,73.70468,212715324,15678114863.19
2017-04-24,74.402821,212865324,15837780672.79
2017-04-25,74.746828,211615324,15817574121.43
2017-04-26,75.122973,212215324,15942245959.09
2017-04-27,75.320922,213065324,16048276617.31
2017-04-28,75.498721,213415324,16112583976.74
2017-05-01,75.612003,212765324,16087612399.3
2017-05-02,75.847113,213165324,16167974332.03
2017-05-03,75.557461,212965324,16091119268.67
2017-05-04,75.998172,212965324,16184975341.01
2017-05-05,75.953146,212615324,16148802736.26
2017-05-08,75.518557,212715324,16063954317.2
2017-05-09,75.576313,213315324,16121585656.27
2017-05-10,75.371749,214215324,16145783635.72
2017-05-11,75.432116,214465324,16177573205.19
2017-05-12,75.288421,216465324,16297332423.05
2017-05-15,75.752466,216665324,16412932634.77
2017-05-16,75.461456,217365324,16402703775.7
2017-05-17,74.507332,217665324,16217662588.11
2017-05-18,74.817331,217115324,16243989150.21
2017-05-19,75.027656,215165324,16143349939.56
2017-05-22,75.201673,212365324,15970227582.55
2017-05-23,75.463632,212365324,16025858555.44
2017-05-24,75.648693,213765324,16171067265.18
2017-05-25,76.047456,214165324,16286728157.9
2017-05-26,75.880831,213365324,16190338168.16
2017-05-30,75.767942,213115324,16147309536.51
2017-05-31,76.091293,213015324,16208611485.23
2017-06-01,76.99387,212665324,16373926281.35
2017-06-02,77.438288,212315324,16441335126.97
2017-06-05,77.210715,213165324,16458647052.13
2017-06-06,76.987492,212815324,16384118073.66
2017-06-07,77.20749,212365324,16396193530.68
2017-06-08,77.045443,212215324,16350223664.11
2017-06-09,77.525424,211515324,16397815089.01
2017-06-12,77.42176,213715324,16546216610.17
2017-06-13,77.557801,214165324,16610191537.38
2017-06-14,77.932021,214615324,16725405964.26
2017-06-15,77.871098,214415324,16696756701.65
2017-06-16,77.671813,214415324,16654027043.57
2017-06-19,78.50742,212665324,16695805991.7
2017-06-20,78.767382,214015324,16857426762.73
2017-06-21,79.737292,216215324,17240424404.62
2017-06-22,80.574011,216315324,17429393201.56
2017-06-23,80.501695,218515324,17590853918.94
2017-06-26,80.373736,218115324,17530743469.05
2017-06-27,79.635458,218265324,17381659147.27
2017-06-28,80.064589,220765324,17675485014.73
2017-06-29,79.355003,221065324,17542639522.44
2017-06-30,79.269175,221665324,17571227250.65
2017-07-03,79.387115,221215324,17561646381.24
2017-07-05,79.850532,221165324,17660168676.3
2017-07-06,78.824278,224015324,17657846237.14
2017-07-07,79.269248,224315324,17781306993.19
2017-07-10,79.042647,225065324,17789759055.68
2017-07-11,78.986834,225165324,17785096021.73
2017-07-12,79.539062,225465324,17933300421.17
2017-07-13,79.608218,224615324,17881225582.87
2017-07-14,80.111448,224115324,17954203223.25
2017-07-17,79.870479,221915324,17724483153.81
2017-07-18,79.905553,222115324,17748247889.87
2017-07-19,80.541452,221215324,17817003451.78
2017-07-20,81.029412,223915324,18143726973.27
2017-07-21,80.978811,224215324,18156690327.27
2017-07-24,80.904243,223915324,18115699693.14
2017-07-25,80.359802,223815324,17985755049.41
2017-07-26,80.114549,223515324,17906829469.19
2017-07-27,79.564178,223315324,17767900232.87
2017-07-28,79.970211,223515324,17874567527.82
2017-07-31,79.869882,223965324,17888084084.13
2017-08-01,79.691662,223865324,17840199655.8
2017-08-02,79.564697,223465324,17779950873.79
2017-08-03,79.702069,222615324,17742901969.42
2017-08-04,79.521875,224715324,17869783833.93
2017-08-07,79.65105,225315324,17946602139.8
2017-08-08,79.268519,225015324,17836631575.61
2017-08-09,79.391424,225565324,17907952272.62
2017-08-10,78.375408,225565324,17678774309.92
2017-08-11,78.616564,225165324,17701724087.85
2017-08-14,79.125343,226165324,17895408877.24
2017-08-15,79.133073,225715324,17861547127.72
2017-08-16,79.33186,224515324,17811218203.05
2017-08-17,78.333502,224815324,17610571560.61
2017-08-18,78.009667,223215324,17412953175.74
2017-08-21,78.365411,222465324,17433586473.06
2017-08-22,79.276026,218315324,17307171253.9
2017-08-23,78.710503,218065324,17164031443.67
2017-08-24,78.934292,217415324,17161524691.44
2017-08-25,78.90188,216515324,17083466135.5
2017-08-28,79.372413,215615324,17113908590.16
2017-08-29,79.504436,215565324,17138399486.32
2017-08-30,79.958885,215065324,17196383577.04
2017-08-31,81.310724,215165324,17495248187.1
2017-09-01,81.240131,215465324,17504431248.72
2017-09-05,80.884696,216565324,17516820392.89
2017-09-06,81.247385,216015324,17550680285.74
2017-09-07,82.159936,217765324,17891585127.41
2017-09-08,82.503659,219365324,18098441984.02
2017-09-11,83.177831,219015324,18217219576.02
2017-09-12,83.35213,219265324,18276231744.24
2017-09-13,83.051521,219365324,18218623843.24
2017-09-14,83.138757,220565324,18337526937.49
2017-09-15,82.594719,221315324,18279476922.95
2017-09-18,82.552057,219565324,18125569153.5
2017-09-19,81.899721,222165324,18195277994.31
2017-09-20,82.018145,223415324,18324110413.82
2017-09-21,81.559754,227065324,18519391923.47
2017-09-22,81.622348,225215324,18382603479.35
2017-09-25,81.349759,226365324,18414764469.62
2017-09-26,81.208154,219965324,17862977985.54
2017-09-27,81.162278,218965324,17771724570.36
2017-09-28,81.287003,218665324,17774648828.21
2017-09-29,81.764733,218415324,17858670569.8
2017-10-02,82.546488,216615324,17880834143.07
2017-10-03,82.561643,215715324,17809811548.52
2017-10-04,82.928118,216215324,17930329837.19
2017-10-05,82.980872,216065324,17929288911.2
2017-10-06,82.921252,213815324,17729834291.7
2017-10-09,82.357771,214065324,17629942998.77
2017-10-10,82.535936,214515324,17705222980.29
2017-10-11,82.741468,214565324,17753449863.26
2017-10-12,82.636087,213265324,17623411888.57
2017-10-13,82.388396,213415324,17582946222.61
2017-10-16,82.069307,211915324,17391743722.57
2017-10-17,83.146634,212515324,17669933836.29
2017-10-18,83.275428,214215324,17838872781.98
2017-10-19,83.779039,212765324,17825274387.45
2017-10-20,83.876307,213265324,17887907775.8
2017-10-23,83.656729,213515324,17861993635.66
2017-10-24,83.098858,214115324,17792738984.47
2017-10-25,83.004824,213015324,17681299553.54
2017-10-26,82.154482,211765324,17397470478.22
2017-10-27,82.138366,212965324,17492623678.93
2017-10-30,81.261425,213715324,17366811704.72
2017-10-31,81.130364,213315324,17306349776.85
2017-11-01,81.291946,212465324,17271719750.06
2017-11-02,80.948993,212265324,17182664302.76
2017-11-03,81.585757,211615324,17264796297.9
2017-11-06,81.313212,212565324,17284369310.01
2017-11-07,81.529081,212365324,17313949601.34
2017-11-08,81.709397,212015324,17323644295.16
2017-11-09,81.729954,211215324,17262618678.77
2017-11-10,81.190014,210665324,17103920576.97
2017-11-13,81.275406,210515324,17109718499.45
2017-11-14,80.942955,210615324,17047826706.33
2017-11-15,80.71932,211815324,17097588962.96
2017-11-16,81.567798,213765324,17436366801.89
2017-11-17,81.249346,213715324,17364230397.14
2017-11-20,80.907805,212865324,17222466050.47
2017-11-21,81.609841,211965324,17298456481.04
2017-11-22,81.582687,209765324,17113218712.86
2017-11-24,81.756725,209165324,17100671797.08
2017-11-27,81.828483,209465324,17140229667.62
2017-11-28,82.413622,209865324,17295761400.31
2017-11-29,82.839339,208665324,17285697523.15
2017-11-30,83.481594,208715324,17423887999.71
2017-12-01,83.324567,208715324,17391114000.68
2017-12-04,82.308248,209365324,17232493024.82
2017-12-05,82.151192,207965324,17084599274.96
2017-12-06,82.06076,205465324,16860640663.33
2017-12-07,82.087616,203815324,16730714009.58
2017-12-08,82.999311,204415324,16966331038.35
2017-12-11,83.344665,205665324,17141107613.12
2017-12-12,83.671062,204115324,17078545944.96
2017-12-13,83.927838,205065324,17210689382.16
2017-12-14,83.101015,205465324,17074377066.87
2017-12-15,83.733921,205465324,17204417150.74
2017-12-18,83.71605,205865324,17234231817.28
2017-12-19,83.621572,206515324,17269136008.47
2017-12-20,83.381909,205665324,17148767231.24
2017-12-21,83.168073,206015324,17133897516.66
2017-12-22,82.895721,204115324,16920286866.42
2017-12-26,82.942125,202815324,16821934019.46
2017-12-27,83.095236,201665324,16757427772.39
2017-12-28,83.194322,200665324,16694215605.62
2017-12-29,82.594721,200015324,16520209968.27
2018-01-02,83.605918,200015324,16722464704.16
2018-01-03,84.420066,201315324,16995053036.88
2018-01-04,84.522571,202365324,17104437525.72
2018-01-05,85.288346,203415324,17348956603.55
2018-01-08,84.960357,204115324,17341710724.13
2018-01-09,85.897729,203465324,17477209320.04
2018-01-10,85.791469,203815324,17485616001.32
2018-01-11,86.171328,200765324,17300214488.54
2018-01-12,86.821062,201315324,17478410232.79
2018-01-16,87.222118,199865324,17432676864.65
2018-01-17,88.07957,200215324,17634879740.81
2018-01-18,88.098693,199215324,17550609637.48
2018-01-19,88.442191,200865324,17764969309.23
2018-01-22,89.024714,201265324,17917587862.41
2018-01-23,88.567567,195765324,17338458530.07
2018-01-24,88.832543,194765324,17301499010.94
2018-01-25,89.60751,194665324,17443475044.06
2018-01-26,91.54823,195815324,17926546388.04
2018-01-29,91.303565,196365324,17928854126.85
2018-01-30,89.358382,198265324,17716668516.2
2018-01-31,88.070437,198965324,17522963101.14
2018-02-01,88.147745,198415324,17489863446.87
2018-02-02,86.959722,197365324,17162833757.53
2018-02-05,83.015429,196415324,16305502356.6
2018-02-06,83.95611,199015324,16708552436.0
2018-02-07,83.889569,191465324,16061943521.66
2018-02-08,80.913913,190315324,15399157488.5
2018-02-09,82.083115,195165324,16019777651.41
2018-02-12,82.8731,194715324,16136662435.4
2018-02-13,82.914878,192865324,15991404809.57
2018-02-14,83.850998,193065324,16188720169.05
2018-02-15,84.806568,191215324,16216315373.98
2018-02-16,85.392084,190065324,16230074037.39
2018-02-20,84.485404,189165324,15981708794.94
2018-02-21,84.10778,188065324,15817756974.07
2018-02-22,83.981409,186265324,15642824283.9
2018-02-23,85.306061,187015324,15953540626.17
2018-02-26,86.394024,187515324,16200203326.02
2018-02-27,85.532955,187215324,16013079906.72
2018-02-28,84.136193,187415324,15768411963.33
2018-03-01,82.843921,186615324,15459945232.48
2018-03-02,83.672586,187315324,15673157611.97
2018-03-05,84.380765,188465324,15902848243.34
2018-03-06,84.274072,187365324,15790038773.5
2018-03-07,84.689483,186365324,15783182969.63
2018-03-08,85.281529,185815324,15846614939.09
2018-03-09,86.515325,188415324,16300813061.72
2018-03-12,86.127166,187615324,16158776154.28
2018-03-13,86.262036,188365324,16248776345.26
2018-03-14,85.798639,188565324,16178648254.08
2018-03-15,85.699954,190665324,16340009447.28
2018-03-16,85.456722,191115324,16332089153.23
2018-03-19,84.009386,191865324,16118487984.28
2018-03-20,84.104598,190565324,16027419902.23
2018-03-21,83.762859,188715324,15807335151.4
2018-03-22,81.362891,188615324,15346288057.93
2018-03-23,79.678492,188915324,15052488068.3
2018-03-26,81.316477,187815324,15272480431.58
2018-03-27,80.384687,188465324,15149726131.72
2018-03-28,80.79034,188115324,15197900972.04
2018-03-29,81.242246,188515324,15315408393.74
2018-04-02,79.56122,187465324,14914969944.85
2018-04-03,80.767389,185765324,15003780199.0
2018-04-04,81.892532,185965324,15229171255.35
2018-04-05,81.85847,185715324,15202372353.02
2018-04-06,79.9018,184465324,14739111489.07
2018-04-09,80.645933,185365324,14948959511.5
2018-04-10,82.042273,187065324,15347264329.38
2018-04-11,81.340385,187215324,15228166504.04
2018-04-12,81.913157,188265324,15421407111.87
2018-04-13,81.84977,186415324,15258051481.62
2018-04-16,82.506397,186215324,15363955542.0
2018-04-17,83.182996,186115324,15481630231.08
2018-04-18,83.219272,186015324,15480059772.23
2018-04-19,82.548926,187615324,15487443505.96
2018-04-20,82.092355,187215324,15368946830.87
2018-04-23,82.426459,186365324,15361433731.83
2018-04-24,81.777758,182415324,14917516278.23
2018-04-25,82.147296,183415324,15067072983.28
2018-04-26,83.162464,184865324,15373855785.57
2018-04-27,83.527134,185115324,15462152426.87
2018-04-30,82.223626,185815324,15278409726.28
2018-05-01,82.247254,185815324,15282800221.99
2018-05-02,81.089757,185615324,15051501521.53
2018-05-03,80.38359,183765324,14771716470.65
2018-05-04,80.988159,182715324,14797777780.68
2018-05-07,80.901217,182215324,14741441410.6
2018-05-08,80.270386,182115324,14618467439.95
2018-05-09,80.761644,180965324,14615057061.49
2018-05-10,81.843283,182915324,14970390607.73
2018-05-11,83.043149,182665324,15169103634.88
2018-05-14,83.58091,182515324,15254796867.87
2018-05-15,82.501185,184415324,15214482671.62
2018-05-16,82.976279,183565324,15231567538.01
2018-05-17,82.998043,182615324,15156714556.61
2018-05-18,83.224058,182965324,15227116695.52
2018-05-21,83.317573,183165324,15260890265.04
2018-05-22,83.088003,182715324,15181451344.1
2018-05-23,83.365211,183365324,15286288950.86
2018-05-24,83.0873,182915324,15197940344.97
2018-05-25,83.008696,182615324,15158659888.59
2018-05-29,82.127871,183165324,15042978100.92
2018-05-30,83.253182,187665324,15623735371.7
2018-05-31,82.397835,184565324,15207783127.11
2018-06-01,83.367107,183415324,15290805005.69
2018-06-04,83.68262,183965324,15394700243.87
2018-06-05,83.556892,186615324,15592996397.81
2018-06-06,84.534367,187165324,15821902212.66
2018-06-07,84.48297,187015324,15799610076.13
2018-06-08,85.072957,186765324,15888678335.19
2018-06-11,85.157838,186915324,15917304970.55
2018-06-12,85.131937,187465324,15959286112.99
2018-06-13,85.109749,186515324,15874272500.39
2018-06-14,85.560391,188065324,16090942604.36
2018-06-15,85.48268,186615324,15952378074.18
2018-06-18,84.640391,187715324,15888298511.8
2018-06-19,84.844303,189265324,16058084412.18
2018-06-20,85.017333,186515324,15857035432.96
2018-06-21,84.565131,187315324,15840344936.71
2018-06-22,84.919793,186515324,15838842676.64
2018-06-25,84.153314,184115324,15493914669.15
2018-06-26,83.914507,182515324,15315683406.5
2018-06-27,83.140443,181815324,15116206502.8
2018-06-28,83.287497,180715324,15051327089.27
2018-06-29,83.416049,180465324,15053704395.91
2018-07-02,83.72035,180465324,15108620027.68
2018-07-03,83.894289,181515324,15228099066.2
2018-07-05,84.80549,182165324,15448619626.82
2018-07-06,86.030089,182765324,15723317021.33
2018-07-09,86.591018,184715324,15994687868.93
2018-07-10,86.948071,186665324,16230189828.88
2018-07-11,86.258985,187665324,16187820402.46
2018-07-12,87.252427,188815324,16474595320.57
2018-07-13,87.450717,189415324,16564505955.19
2018-07-16,86.850622,190515324,16546374313.95
2018-07-17,87.317688,190815324,16661552901.0
2018-07-18,87.387836,190865324,16679307546.18
2018-07-19,86.908012,190065324,16518199365.89
2018-07-20,86.731687,190515324,16523715491.5
2018-07-23,86.939182,189765324,16498042112.91
2018-07-24,87.74261,189765324,16650504805.06
2018-07-25,88.74665,189365324,16805538201.51
2018-07-26,88.572164,191265324,16940783643.21
2018-07-27,87.939162,191515324,16841697138.05
2018-07-30,88.023984,191765324,16879947794.66
2018-07-31,88.914298,191015324,16983993513.45
2018-08-01,88.957645,191365324,17023408573.47
2018-08-02,89.266847,192665324,17198625940.37
2018-08-03,89.833231,194115324,17438006722.84
2018-08-06,89.959539,194965324,17538990669.25
2018-08-07,89.948377,194465324,17491840292.43
2018-08-08,90.091701,194965324,17564757626.22
2018-08-09,89.999729,194165324,17474826490.24
2018-08-10,89.648204,195315324,17509668004.66
2018-08-13,89.6559,195315324,17511171192.89
2018-08-14,90.071068,195115324,17574245698.64
2018-08-15,89.930465,195965324,17623252682.53
2018-08-16,90.780744,196365324,17826190221.4
2018-08-17,91.1194,195815324,17842574915.17
2018-08-20,91.40417,195315324,17852635133.33
2018-08-21,91.390247,195115324,17831637571.76
2018-08-22,91.489468,196065324,17937912106.46
2018-08-23,91.399237,195215324,17842531584.85
2018-08-24,91.811228,195565324,17955092462.79
2018-08-27,92.182577,196065324,18073806864.79
2018-08-28,92.268808,196615324,18141461644.18
2018-08-29,92.871009,196315324,18232002208.51
2018-08-30,92.774001,196615324,18240790339.47
2018-08-31,92.779321,197315324,18306781703.38
2018-09-04,92.104871,197215324,18164491899.86
2018-09-05,92.353406,197165324,18208889126.48
2018-09-06,92.376902,197565324,18250472524.27
2018-09-07,92.520712,198165324,18334396806.76
2018-09-10,92.23538,197865324,18250183412.3
2018-09-11,92.212206,197665324,18227155538.05
2018-09-12,92.715884,196765324,18243271023.76
2018-09-13,93.785233,200165324,18772551559.57
2018-09-14,93.511093,202765324,18960807057.73
2018-09-17,93.200633,201965324,18823295995.65
2018-09-18,93.693287,201665324,18894686982.09
2018-09-19,93.589203,201365324,18845620217.51
2018-09-20,94.457723,202765324,19152750741.29
2018-09-21,94.269234,202915324,19128672218.14
2018-09-24,94.419627,203115324,19178073088.72
2018-09-25,94.153926,205765324,19373613092.18
2018-09-26,94.345375,204265324,19271488609.46
2018-09-27,94.791025,210315324,19936005077.61
2018-09-28,95.111048,206165324,19608599986.54
2018-10-01,95.622353,206415324,19737919014.48
2018-10-02,95.530869,207015324,19776353756.11
2018-10-03,95.309308,206965324,19725721740.61
2018-10-04,94.429332,205765324,19430282040.04
2018-10-05,94.348007,204215324,19267308796.03
2018-10-08,94.189566,204915324,19300885341.01
2018-10-09,94.412727,207415324,19582646304.09
2018-10-10,92.17534,208615324,19229188520.83
2018-10-11,89.721813,203615324,18268735989.12
2018-10-12,91.095336,200765324,18288784590.3
2018-10-15,90.393733,198765324,17967139541.66
2018-10-16,93.008576,200915324,18686848235.69
2018-10-17,93.450319,202565324,18929794107.06
2018-10-18,92.383375,204615324,18903054284.63
2018-10-19,91.503855,202815324,18558383953.27
2018-10-22,90.759784,202165324,18348481161.42
2018-10-23,90.29427,200865324,18136987804.31
2018-10-24,87.327357,201265324,17575968811.22
2018-10-25,88.405576,203015324,17947686744.62
2018-10-26,87.455235,204215324,17859699213.17
2018-10-29,87.611081,204165324,17887144697.38
2018-10-30,88.578922,203815324,18053741642.92
2018-10-31,88.748153,203115324,18026109830.16
2018-11-01,89.905533,203465324,18292658437.9
2018-11-02,89.315857,201265324,17976184800.81
2018-11-05,90.060132,199465324,17963873482.13
2018-11-06,90.527218,199965324,18102304414.45
2018-11-07,93.184858,200465324,18680332790.17
2018-11-08,93.25153,203365324,18964127556.95
2018-11-09,92.950991,203715324,18935541255.18
2018-11-12,91.672203,203815324,18684199794.87
2018-11-13,91.04926,204565324,18625521420.32
2018-11-14,90.28528,209065324,18875521337.12
2018-11-15,91.16638,205165324,18704179971.76
2018-11-16,92.022822,204915324,18856886344.11
2018-11-19,90.856903,205115324,18636143031.82
2018-11-20,89.977251,205315324,18473708413.69
2018-11-21,89.52086,205065324,18357624201.31
2018-11-23,89.62539,204515324,18329765588.0
2018-11-26,90.529961,204715324,18532870387.7
2018-11-27,91.423287,204115324,18660893779.44
2018-11-28,93.661456,204715324,19173935354.06
2018-11-29,93.945747,207115324,19457603912.69
2018-11-30,94.987533,209465324,19896594302.47
2018-12-03,95.398726,211265324,20154442724.76
2018-12-04,93.21616,211265324,19693342248.93
2018-12-06,92.929136,212765324,19772097623.87
2018-12-07,90.60589,209915324,19019564709.7
2018-12-10,90.901933,209765324,19068073515.63
2018-12-11,91.174647,211565324,19289393736.02
2018-12-12,91.955123,213815324,19661414383.14
2018-12-13,92.046608,222365324,20467973754.09
2018-12-14,88.993357,220415324,19615499551.9
2018-12-17,87.125238,216015324,18820386505.25
2018-12-18,86.434194,215215324,18601962992.1
2018-12-19,85.337401,216515324,18476855076.33
2018-12-20,84.252484,216265324,18220890735.19
2018-12-21,82.683571,216715324,17918796834.45
2018-12-24,80.630776,213465324,17211874656.03
2018-12-26,84.284213,213465324,17991756733.03
2018-12-27,85.206014,212315324,18090542459.04
2018-12-28,85.247581,209065324,17822313188.6
2018-12-31,86.43037,208065324,17983163032.43
2019-01-02,85.265315,208115324,17745018699.86
2019-01-03,83.397653,207115324,17272931950.95
2019-01-04,85.894821,208665324,17923270616.88
2019-01-07,86.245404,208165324,17953302452.98
2019-01-08,87.05859,209765324,18261873359.08
2019-01-09,87.33421,211765324,18494357240.16
2019-01-10,87.544876,211215324,18490819420.52
2019-01-11,87.830258,210265324,18467657648.59
2019-01-14,86.871033,212615324,18470112725.59
2019-01-15,88.379469,210115324,18569880845.54
2019-01-16,88.244893,209915324,18523955389.33
2019-01-17,89.038175,209865324,18686025357.02
2019-01-18,90.08872,209315324,18856949710.29
2019-01-22,89.444631,209515324,18740020751.22
2019-01-23,89.557248,209865324,18794960966.45
2019-01-24,88.8008,209865324,18636208719.56
2019-01-25,88.925175,210065324,18680095607.28
2019-01-28,87.914127,210215324,18480896714.67
2019-01-29,88.325277,210565324,18598240577.09
2019-01-30,89.528477,209515324,18757587880.81
2019-01-31,90.594037,214615324,19442868530.06
2019-02-01,90.794894,209315324,19004762743.14
2019-02-04,90.483831,210015324,19002991153.71
2019-02-05,90.410797,209915324,18978611818.01
2019-02-06,90.74019,209915324,19047756368.36
2019-02-07,89.783792,210165324,18869439665.85
2019-02-08,89.946515,210665324,18948611740.37
2019-02-11,89.828086,210665324,18923662810.61
2019-02-12,91.032604,210665324,19177413032.8
2019-02-13,91.255323,210815324,19238020407.13
2019-02-14,91.5151,212115324,19411755017.76
2019-02-15,92.857783,211265324,19617629573.64
2019-02-19,92.627514,210865324,19531930825.17
2019-02-20,92.508326,211565324,19571554038.75
2019-02-21,91.696691,211415324,19386085628.5
2019-02-22,92.549568,210765324,19506239613.75
2019-02-25,92.656388,216715324,20080059166.99
2019-02-26,92.364892,211615324,19545826528.65
2019-02-27,91.914758,211965324,19482741394.97
2019-02-28,91.646902,209815324,19228924362.35
2019-03-01,92.938081,209615324,19481245998.65
2019-03-04,91.69848,207465324,19024254885.22
2019-03-05,91.634105,204665324,18754323879.51
2019-03-06,90.286851,204315324,18446987225.63
2019-03-07,89.576864,206665324,18512431694.38
2019-03-08,89.380114,215065324,19222563210.49
2019-03-11,90.424951,207715324,18782647920.4
2019-03-12,91.028396,207915324,18926198365.93
2019-03-13,92.036539,209565324,19287667169.0
2019-03-14,91.863213,217515324,19981656454.4
2019-03-15,91.980734,211115324,19418542460.76
2019-03-18,91.841223,208615324,19159486479.85
2019-03-19,92.56023,211015324,19531627008.26
2019-03-20,91.939303,212565324,19543107787.35
2019-03-21,92.274871,212865324,19642120318.53
2019-03-22,90.616207,212365324,19243740214.47
2019-03-25,90.552867,211415324,19144263812.54
2019-03-26,91.170679,213065324,19425310233.42
2019-03-27,90.431495,213515324,19308510047.61
2019-03-28,90.680759,213765324,19384401766.64
2019-03-29,91.751544,213215324,19562835155.42
2019-04-01,91.905625,211815324,19467019666.12
2019-04-02,91.68647,208715324,19136371253.26
2019-04-03,91.574576,207815324,19030600221.05
2019-04-04,91.371318,207465324,18956380178.35
2019-04-05,92.012969,206665324,19015889973.57
2019-04-08,91.996767,207565324,19095338680.09
2019-04-09,91.638122,206865324,18956749827.75
2019-04-10,91.759673,207115324,19004834433.47
2019-04-11,90.651249,206865324,18752600051.47
2019-04-12,89.829826,207915324,18676997297.01
2019-04-15,90.138778,204115324,18398705870.01
2019-04-16,88.318645,202715324,17903542679.86
2019-04-17,85.779024,201265324,17264342984.55
2019-04-18,85.895149,203065324,17442326226.24
2019-04-22,85.968717,211015324,18140716576.36
2019-04-23,87.335337,206965324,18075386237.18
2019-04-24,87.21547,205815324,17950280156.03
2019-04-25,88.200477,204815324,18064809174.99
2019-04-26,89.048095,205615324,18309652850.29
2019-04-29,88.860952,205515324,18262287411.12
2019-04-30,89.347324,204665324,18286299015.29
2019-05-01,89.083257,203465324,18125353755.05
2019-05-02,89.505,205515324,18394648992.78
2019-05-03,90.18322,198665324,17916278590.0
2019-05-06,90.707571,199915324,18133833488.97
2019-05-07,88.943808,203265324,18079192051.73
2019-05-08,89.049911,203115324,18087401582.41
2019-05-09,88.918777,203915324,18131901279.88
2019-05-10,88.857203,204015324,18128231014.64
2019-05-13,87.316883,203315324,17752860387.62
2019-05-14,87.672177,203665324,17855782315.12
2019-05-15,87.907322,203265324,17868510289.92
2019-05-16,88.605997,210815324,18679501939.91
2019-05-17,88.458566,205715324,18197282646.91
2019-05-20,88.42551,208565324,18442495093.13
2019-05-21,89.150489,206965324,18451059756.24
2019-05-22,89.714638,205615324,18446704421.25
2019-05-23,89.384784,203915324,18226927136.3
2019-05-24,89.560369,206415324,18486632505.34
2019-05-28,88.302872,201165324,17763475897.0
2019-05-29,87.462762,195065324,17060952022.85
2019-05-30,87.918668,195015324,17145487601.59
2019-05-31,87.238858,195815324,17082705301.88
2019-06-03,87.502643,194815324,17046855730.63
2019-06-04,88.971557,195865324,17426442902.61
2019-06-05,89.569731,193565324,17337594064.56
2019-06-06,89.860184,197015324,17703833235.3
2019-06-07,91.006562,198515324,18066197239.16
2019-06-10,91.288333,198415324,18113004179.54
2019-06-11,91.062513,198565324,18081857448.74
2019-06-12,91.527623,196865324,18018615116.73
2019-06-13,91.446282,202565324,18523845686.43
2019-06-14,91.24584,202265324,18455869387.92
2019-06-17,91.671629,196615324,18024046955.26
2019-06-18,92.424508,196415324,18153589589.05
2019-06-19,93.306813,196215324,18308226630.61
2019-06-20,93.681016,197415324,18494068091.57
2019-06-21,93.690087,196215324,18383430799.1
2019-06-24,93.223791,197565324,18417788481.77
2019-06-25,92.841401,197165324,18305104863.98
2019-06-26,91.685326,198915324,18237616257.39
2019-06-27,92.267111,199315324,18390249099.6
2019-06-28,92.609669,198365324,18370546985.53
2019-07-01,93.139391,198515324,18489596364.11
2019-07-02,93.53614,196515324,18381284791.15
2019-07-03,94.402143,195265324,18433464979.53
2019-07-05,93.736365,195265324,18303461588.29
2019-07-08,93.039099,193865324,18037055086.95
2019-07-09,93.141073,196965324,18345561695.62
2019-07-10,93.477826,195365324,18262325758.78
2019-07-11,93.4958,194765324,18209739765.18
2019-07-12,92.453253,191865324,17738573313.27
2019-07-15,92.644605,191865324,17775287095.81
2019-07-16,92.179796,190115324,17524791875.67
2019-07-17,92.196424,192565324,17753834174.6
2019-07-18,92.698993,191715324,17771817451.94
2019-07-19,91.716011,190965324,17514577709.26
2019-07-22,91.576158,188915324,17300139544.79
2019-07-23,92.1395,188915324,17406563411.78
2019-07-24,92.18665,195515324,18023902734.19
2019-07-25,91.679011,190465324,17461672616.1
2019-07-26,92.059507,189265324,17423672454.75
2019-07-29,92.433433,188015324,17378901922.39
2019-07-30,92.037611,188515324,17350500093.83
2019-07-31,91.129999,188865324,17211296813.33
2019-08-01,91.274538,190015324,17343560934.82
2019-08-02,91.071659,190115324,17314117955.88
2019-08-05,88.947941,190565324,16950393253.83
2019-08-06,90.072571,190565324,17164708647.84
2019-08-07,90.044783,192515324,17335000558.09
2019-08-08,91.281231,191015324,17436113920.4
2019-08-09,91.445041,189515324,17330236624.2
2019-08-12,90.535018,188065324,17026497491.11
2019-08-13,91.697371,188415324,17277189956.96
2019-08-14,89.14726,194365324,17327136129.24
2019-08-15,89.455698,189965324,16993480560.83
2019-08-16,90.520681,189265324,17132425991.46
2019-08-19,91.409654,187915324,17177274682.46
2019-08-20,90.626462,189665324,17188697332.27
2019-08-21,91.303107,189665324,17317033297.51
2019-08-22,90.858137,189615324,17228095041.95
2019-08-23,88.754503,188815324,16758210268.98
2019-08-26,89.680445,190965324,17125855325.56
2019-08-27,89.189907,187565324,16728933854.6
2019-08-28,89.817778,187515324,16842209784.34
2019-08-29,90.511091,186265324,16859077690.98
2019-08-30,90.666366,186765324,16933333304.45
2019-09-03,90.096441,186115324,16768328354.12
2019-09-04,90.109556,185215324,16689670543.88
2019-09-05,90.985372,182915324,16642618786.18
2019-09-06,91.272896,182915324,16695211367.83
2019-09-09,90.443219,183465324,16593194420.71
2019-09-10,90.706097,183765324,16668635382.42
2019-09-11,91.619713,183365324,16799878438.58
2019-09-12,91.531727,192665324,17634989782.82
2019-09-13,91.532837,190765324,17461291313.77
2019-09-16,91.322402,186665324,17046725683.38
2019-09-17,91.453786,186815324,17084968633.26
2019-09-18,91.458349,187315324,17131550271.29
2019-09-19,91.8874,187015324,17184351831.52
2019-09-20,92.059156,187315324,17244090603.33
2019-09-23,91.497711,187965324,17198396906.47
2019-09-24,90.670897,188415324,17083786483.72
2019-09-25,90.234813,187215324,16893339720.33
2019-09-26,89.690161,185815324,16665806378.18
2019-09-27,89.321531,184365324,16467793016.75
2019-09-30,90.125049,185615324,16728590172.68
2019-10-01,89.258885,186615324,16657075787.69
2019-10-02,87.903855,186915324,16430577499.26
2019-10-03,88.741743,185965324,16502886995.75
2019-10-04,90.147486,186115324,16777828617.94
2019-10-07,89.761015,186115324,16705900302.46
2019-10-08,88.121825,185615324,16356761100.37
2019-10-09,88.724095,185665324,16472987884.18
2019-10-10,89.178848,187165324,16691187978.6
2019-10-11,89.947637,187915324,16902539280.25
2019-10-14,89.917136,188865324,16982229047.69
2019-10-15,91.495143,188865324,17280259792.33
2019-10-16,91.386662,189115324,17282618212.0
2019-10-17,92.077558,190365324,17528374118.12
2019-10-18,91.767435,190215324,17455572320.27
2019-10-21,91.70101,190665324,17484202836.04
2019-10-22,91.858835,190415324,17491329920.35
2019-10-23,92.45011,190415324,17603917623.85
2019-10-24,91.900108,190265324,17485403750.17
2019-10-25,92.075893,190565324,17546472402.0
2019-10-28,93.028933,190365324,17709482946.3
2019-10-29,94.104364,190615324,17937733867.38
2019-10-30,94.833855,190565324,18072044293.33
2019-10-31,94.70898,190515324,18043511997.05
2019-11-01,94.865932,191265324,18144563138.01
2019-11-04,94.539389,189715324,17935570721.65
2019-11-05,93.695989,188915324,17700608122.76
2019-11-06,94.220052,191115324,18006895722.74
2019-11-07,94.407032,194565324,18368334744.9
2019-11-08,95.157428,188865324,17971938453.29
2019-11-11,94.764454,190365324,18039866061.15
2019-11-12,95.31821,189315324,18045197794.17
2019-11-13,95.422302,192565324,18375026407.61
2019-11-14,95.390411,190915324,18211491187.92
2019-11-15,97.494609,189565324,18481597166.86
2019-11-18,97.126926,188565324,18314770319.33
2019-11-19,97.760711,188265324,18404951946.85
2019-11-20,97.675957,189465324,18506206799.58
2019-11-21,97.898129,186865324,18293765561.01
2019-11-22,98.287328,186915324,18371407676.07
2019-11-25,99.399527,191665324,19051442560.37
2019-11-26,99.331532,190215324,18894379482.18
2019-11-27,99.808142,191715324,19134750325.29
2019-11-29,99.464128,192865324,19183181258.52
2019-12-02,99.027062,192715324,19084032366.44
2019-12-03,98.821317,192615324,19034499915.31
2019-12-04,99.726899,194265324,19373478395.65
2019-12-05,99.758384,195265324,19479353172.31
2019-12-06,100.398003,194215324,19498830587.46
2019-12-09,99.720962,193315324,19277590007.71
2019-12-10,99.86598,192565324,19230724707.48
2019-12-11,100.031229,193415324,19347572511.54
2019-12-12,100.932576,193765324,19557233211.2
2019-12-13,100.861047,194165324,19583717786.31
2019-12-16,101.950204,194415324,19820681889.36
2019-12-17,101.861568,194065324,19767798107.76
2019-12-18,101.984414,193415324,19725348532.6
2019-12-19,102.378346,193915324,19852730153.71
2019-12-20,102.748095,194765324,20011766001.52
2019-12-23,103.081855,195215324,20123157763.31
2019-12-24,102.979161,195265324,20108259222.74
2019-12-26,102.882714,195915324,20156300259.65
2019-12-27,102.947595,196615324,20241074715.44
2019-12-30,101.619006,197815324,20101796604.16
2019-12-31,101.925744,196915324,20070740812.56
2020-01-02,102.146182,197365324,20160114212.8
2020-01-03,101.278192,196965324,19948291869.24
2020-01-06,101.873004,197715324,20141854060.44
2020-01-07,101.6273,198365324,20159332288.18
2020-01-08,102.280179,199415324,20396235073.68
2020-01-09,102.760065,199465324,20497069596.59
2020-01-10,102.801226,200565324,20618361220.34
2020-01-13,102.440217,200465324,20535711256.95
2020-01-14,103.063528,199265324,20536987224.84
2020-01-15,103.936488,199365324,20721331698.94
2020-01-16,104.481459,199965324,20892668873.16
2020-01-17,104.542931,199565324,20863143915.73
2020-01-21,104.586593,197515324,20657454765.42
2020-01-22,104.726998,197115324,20643296110.24
2020-01-23,104.209191,197365324,20567280656.99
2020-01-24,102.46429,199065324,20397087098.73
2020-01-27,101.689628,196415324,19973401298.48
2020-01-28,102.175485,196365324,20063722123.51
2020-01-29,101.891397,196865324,20058882892.48
2020-01-30,101.158986,199965324,20228289319.69
2020-01-31,99.155597,196515324,19485594338.08
2020-02-03,100.069951,196365324,19650268432.81
2020-02-04,101.76318,196865324,20033641480.48
2020-02-05,103.759101,198315324,20577019708.01
2020-02-06,103.87299,202015324,20983935646.47
2020-02-07,103.03468,200665324,20675487383.74
2020-02-10,103.55982,200315324,20744618939.35
2020-02-11,104.195039,199765324,20814555637.46
2020-02-12,104.340635,200715324,20942764291.75
2020-02-13,103.826807,201165324,20886353257.56
2020-02-14,103.963088,200865324,20882579368.93
2020-02-18,103.580834,200365324,20754007279.28
2020-02-19,104.049537,200465324,20858324113.14
2020-02-20,103.404888,200615324,20744605168.73
2020-02-21,103.436489,198265324,20507868922.04
2020-02-24,100.139703,200465324,20074537908.21
2020-02-25,97.19639,198865324,19328991686.91
2020-02-26,97.097069,198515324,19275256022.11
2020-02-27,93.87921,199715324,18749116754.45
2020-02-28,92.567737,199965324,18510337430.11
2020-03-02,97.014322,201565324,19554723148.33
2020-03-03,94.555754,202465324,19144261444.49
2020-03-04,100.027619,202765324,20282132561.06
2020-03-05,97.641517,204065324,19925247739.41
2020-03-06,97.137111,204565324,19870884556.01
2020-03-09,92.123187,205665324,18946545001.42
2020-03-10,95.304331,207265324,19753283069.97
2020-03-11,91.594195,208565324,19103372994.43
2020-03-12,84.83711,207465324,17600758481.29
2020-03-13,90.803653,210565324,19120100622.18
2020-03-16,81.75274,211065324,17255168630.33
2020-03-17,86.846168,215865324,18747076168.65
2020-03-18,83.901647,216065324,18128236533.15
2020-03-19,82.34094,216915324,17861011738.7
2020-03-20,78.9927,212565324,16791108966.27
2020-03-23,74.704986,210315324,15711603283.71
2020-03-24,80.36463,208665324,16769311660.5
2020-03-25,81.380373,210065324,17095194448.59
2020-03-26,87.076755,210015324,18287452979.24
2020-03-27,84.978668,209315324,17787337513.08
2020-03-30,88.948214,209015324,18591539689.34
2020-03-31,88.601991,209515324,18563474895.28
2020-04-01,85.189518,211065324,17980553171.46
2020-04-02,87.586149,213415324,18692226332.99
2020-04-03,86.745844,213565324,18525904335.17
2020-04-06,91.416529,212815324,19454838266.09
2020-04-07,90.565811,212615324,19255679170.26
2020-04-08,94.363513,210865324,19897992652.01
2020-04-09,94.886802,230615324,21882350510.31
2020-04-13,93.957202,231915324,21790115045.03
2020-04-14,97.119269,231165324,22450607360.04
2020-04-15,96.618104,233715324,22581131444.81
2020-04-16,98.73745,235765324,23278866914.91
2020-04-17,100.771851,235515324,23733315058.68
2020-04-20,99.98868,238315324,23828834681.56
2020-04-21,96.858795,240565324,23300867412.52
2020-04-22,98.424181,240065324,23628232847.3
2020-04-23,98.896192,242165324,23949228489.96
2020-04-24,100.316221,246365324,24714438334.44
2020-04-27,101.630764,247465324,25150089901.73
2020-04-28,99.475163,249165324,24785761106.73
2020-04-29,100.207974,248265324,24878165023.04
2020-04-30,99.769285,247115324,24654519076.26
2020-05-01,97.702311,245665324,24002069987.46
2020-05-04,97.773063,246365324,24087892437.32
2020-05-05,99.868837,247315324,24699093694.94
2020-05-06,98.892247,247915324,24516903574.76
2020-05-07,98.904275,252165324,24940228436.57
2020-05-08,99.434569,250465324,24904911651.89
2020-05-11,101.120795,249215324,25200851613.37
2020-05-12,99.617458,252265324,25130030301.78
2020-05-13,98.526534,258865324,25505103101.82
2020-05-14,99.59983,261315324,26026961950.61
2020-05-15,100.348631,260915324,26182495591.2
2020-05-18,101.285615,265315324,26872625753.53
2020-05-19,100.062519,264615324,26478075873.37
2020-05-20,100.185031,263915324,26440364976.27
2020-05-21,99.372933,261665324,26002450835.8
2020-05-22,99.631298,259315324,25835922310.5
2020-05-26,99.438612,259365324,25790927756.01
2020-05-27,100.48024,260065324,26131426157.07
2020-05-28,101.742746,258165324,26266448925.87
2020-05-29,103.034129,257765324,26558625729.19
2020-06-01,101.999583,260315324,26552054594.32
2020-06-02,102.617918,260815324,26764325456.23
2020-06-03,102.413005,261115324,26741604909.1
2020-06-04,101.593884,259415324,26355010404.74
2020-06-05,103.272691,258965324,26744045835.74
2020-06-08,103.937184,257765324,26791401953.83
2020-06-09,102.821171,258515324,26580848285.32
2020-06-10,102.679238,256965324,26385003578.45
2020-06-11,96.935398,258015324,25010818236.65
2020-06-12,97.651731,241815324,23613684908.49
2020-06-15,97.829862,236815324,23167610434.64
2020-06-16,100.205613,234465324,23494741420.41
2020-06-17,100.126827,232865324,23316066047.08
2020-06-18,99.825499,231115324,23071202527.95
2020-06-19,100.7233,230615324,23228336422.2
2020-06-22,99.936735,230765324,23061933143.83
2020-06-23,100.372041,231715324,23257740006.16
2020-06-24,97.709314,232665324,22733569215.69
2020-06-25,98.736048,231865324,22893465656.68
2020-06-26,97.533154,230465324,22478010034.94
2020-06-29,98.369073,233415324,22960849077.14
2020-06-30,100.149462,231915324,23226194903.96
2020-07-01,100.858604,231665324,23365441103.09
2020-07-02,101.597781,231715324,23541762709.32
2020-07-06,102.616871,231415324,23747116400.16
2020-07-07,101.739791,230365324,23437320001.89
2020-07-08,101.756575,230115324,23415747225.29
2020-07-09,100.924729,229915324,23204141834.45
2020-07-10,100.702632,227465324,22906356892.13
2020-07-13,101.233719,226765324,22956297133.15
2020-07-14,103.282947,228365324,23586243627.54
2020-07-15,104.639751,225365324,23582171379.89
2020-07-16,104.46385,226265324,23636546945.05
2020-07-17,105.884771,226465324,23979228916.67
2020-07-20,105.873963,226765324,24008543441.91
2020-07-21,105.815208,226665324,23984638379.44
2020-07-22,106.729486,227315324,24261247782.42
2020-07-23,106.295041,227415324,24173121192.37
2020-07-24,105.116931,227415324,23905200934.15
2020-07-27,105.875084,227165324,24051147713.78
2020-07-28,105.724531,227015324,24001088722.28
2020-07-29,106.864267,227265324,24286542227.81
2020-07-30,106.101987,229215324,24320201420.27
2020-07-31,105.519507,227365324,23991476873.86
2020-08-03,106.614655,226765324,24176506796.07
2020-08-04,106.134332,225215324,23903077953.45
2020-08-05,106.654121,225315324,24030807792.79
2020-08-06,106.042791,225815324,23946087140.24
2020-08-07,106.415937,225915324,24040990807.8
2020-08-10,106.0542,225515324,23916847295.47
2020-08-11,105.367898,225165324,23725196808.17
2020-08-12,107.174397,223515324,23955119987.67
2020-08-13,107.014633,224165324,23988969795.1
2020-08-14,106.809833,223465324,23868294024.52
2020-08-17,107.432013,223015324,23958985170.54
2020-08-18,107.39432,224065324,24063343115.79
2020-08-19,107.018099,224865324,24064659491.59
2020-08-20,106.709301,225115324,24021898814.67
2020-08-21,106.80185,225115324,24042732992.57
2020-08-24,106.300342,225065324,23924520924.99
2020-08-25,107.041973,224915324,24075379947.63
2020-08-26,106.911997,226315324,24195823349.73
2020-08-27,107.746619,228215324,24589429628.15
2020-08-28,107.965839,228465324,24666450320.32
2020-08-31,108.313593,228465324,24745900030.91
2020-09-01,107.256213,228215324,24477511389.56
2020-09-02,109.489239,229615324,25140407198.27
2020-09-03,106.494713,230915324,24591261148.54
2020-09-04,105.719065,229265324,24237715697.26
2020-09-08,103.95793,228715324,23776771692.72
2020-09-09,105.802228,228615324,24188010603.66
2020-09-10,104.165604,228265324,23777395268.69
2020-09-11,104.596403,227165324,23760675817.34
2020-09-14,106.0696,226915324,24068817761.1
2020-09-15,106.240293,227165324,24134110514.27
2020-09-16,106.002302,227965324,24164849067.92
2020-09-17,105.676803,227715324,24064227331.68
2020-09-18,105.540666,228065324,24070166292.66
2020-09-21,103.184899,226865324,23409075545.38
2020-09-22,102.990861,226565324,23334157682.91
2020-09-23,101.88256,226215324,23047396395.66
2020-09-24,101.371248,224315324,22739124450.47
2020-09-25,103.044753,223815324,23062994685.23
2020-09-28,103.888396,223115324,23179093238.34
2020-09-29,103.815944,224315324,23287507163.8
2020-09-30,105.557538,224665324,23715118485.28
2020-10-01,105.089516,226165324,23767604483.86
2020-10-02,104.134727,226465324,23582904738.02
2020-10-05,106.31204,226365324,24065359445.23
2020-10-06,104.922365,225915324,23703570084.93
2020-10-07,106.902511,225365324,24092118971.55
2020-10-08,107.406114,223115324,23963949904.87
2020-10-09,108.350868,223715324,24239749449.97
2020-10-12,109.079063,222165324,24233585455.4
2020-10-13,108.295803,222115324,24054157479.89
2020-10-14,107.618177,227365324,24468641616.08
2020-10-15,106.842049,222465324,23768651090.1
2020-10-16,107.930576,221865324,23946052322.2
2020-10-19,106.161965,221415324,23505885846.29
2020-10-20,106.302269,220965324,23489115218.9
2020-10-21,105.82254,220965324,23383111854.78
2020-10-22,107.390334,220465324,23675844838.52
2020-10-23,107.807904,220415324,23762514086.09
2020-10-26,106.614425,220665324,23526106719.49
2020-10-27,105.881849,221115324,23412099420.22
2020-10-28,102.474886,220565324,22602406366.52
2020-10-29,101.744356,220465324,22431102382.01
2020-10-30,101.671296,220715324,22440413083.72
2020-11-02,103.519188,220215324,22796511529.36
2020-11-03,105.007449,218615324,22956237472.86
2020-11-04,109.665679,219465324,24067813839.12
2020-11-05,109.923492,224115324,24635539059.87
2020-11-06,110.091377,224665324,24733714946.55
2020-11-09,110.8913,224515324,24896796213.49
2020-11-10,111.284743,225915324,25140928738.51
2020-11-11,111.100364,223565324,24838188769.98
2020-11-12,110.669565,224165324,24808278927.46
2020-11-13,112.13569,224815324,25209821484.73
2020-11-16,111.918148,224815324,25160914642.55
2020-11-17,111.097611,223765324,24859792968.33
2020-11-18,109.143199,223365324,24378806073.36
2020-11-19,108.991759,220615324,24045252170.59
2020-11-20,108.776394,220815324,24019494653.89
2020-11-23,108.520058,222565324,24152801962.83
2020-11-24,108.827262,222915324,24259264372.23
2020-11-25,108.368086,222865324,24151488647.21
2020-11-27,109.397863,222565324,24348170797.26
2020-11-30,109.710841,223965324,24571424125.07
2020-12-01,110.593856,226215324,25018024940.78
2020-12-02,111.478928,226715324,25273981377.83
2020-12-03,111.295776,224115324,24943088857.59
2020-12-04,112.542596,222265324,25014316666.35
2020-12-07,111.846942,222915324,24932397248.73
2020-12-08,112.65976,223715324,25203714689.08
2020-12-09,112.342167,225615324,25346114324.54
2020-12-10,112.121322,225365324,25268258092.7
2020-12-11,111.655138,224815324,25101785973.85
2020-12-14,110.849265,224715324,24909528479.56
2020-12-15,112.027517,224365324,25135090224.85
2020-12-16,111.65459,224115324,25023504577.51
2020-12-17,112.904633,224165324,25309303698.74
2020-12-18,112.935569,224415324,25344472234.48
2020-12-21,111.407771,223715324,24923625689.85
2020-12-22,111.04468,224815324,24964545787.9
2020-12-23,111.132995,225165324,25023296925.47
2020-12-24,111.402651,225465324,25117434809.36
2020-12-28,111.701042,225465324,25184711558.66
2020-12-29,112.188658,226215324,25378793607.76
2020-12-30,112.196719,226015324,25358177838.47
2020-12-31,113.507556,226315324,25688499257.07
2021-01-04,112.898339,225815324,25494174978.01
2021-01-05,113.65128,226865324,25783534441.82
2021-01-06,115.250762,226265324,26077251081.17
2021-01-07,116.766767,225515324,26332695264.74
2021-01-08,117.317792,223315324,26198860740.8
2021-01-11,117.90931,223315324,26330955750.01
2021-01-12,116.647667,222765324,25985055334.91
2021-01-13,116.940328,222165324,25980085870.9
2021-01-14,116.573962,222565324,25945321659.83
2021-01-15,116.944753,222765324,26051235903.04
2021-01-19,117.847291,222665324,26240505250.34
2021-01-20,118.523929,223865324,26533397811.19
2021-01-21,117.948153,224315324,26457578102.62
2021-01-22,117.619865,224015324,26348652158.99
2021-01-25,118.386128,224765324,26609096487.16
2021-01-26,117.918152,224515324,26474432072.97
2021-01-27,114.324497,225065324,25730480050.52
2021-01-28,116.067252,225165324,26134320426.5
2021-01-29,115.108424,222915324,25659431670.09
2021-02-01,115.471584,220215324,25428612313.47
2021-02-02,115.792212,221415324,25638170132.25
2021-02-03,114.98218,220015324,25297841578.26
2021-02-04,115.3926,217515324,25099658805.39
2021-02-05,115.682232,214915324,24861884447.97
2021-02-08,115.848666,213815324,24770219978.42
2021-02-09,115.992393,211965324,24586365229.7
2021-02-10,116.18692,214065324,24871590572.33
2021-02-11,116.421404,213065324,24805364065.8
2021-02-12,117.292855,214565324,25166979508.83
2021-02-16,116.098043,215765324,25049931854.13
2021-02-17,116.508535,211715324,24666642277.72
2021-02-18,115.752542,210765324,24396621925.4
2021-02-19,114.426041,210615324,24099877658.89
2021-02-22,114.154711,211815324,24179717131.76
2021-02-23,113.979926,212365324,24205383812.93
2021-02-24,114.726833,213465324,24490200638.09
2021-02-25,113.593581,213865324,24293727927.24
2021-02-26,112.676665,213415324,24046926988.72
2021-03-01,114.054001,213365324,24335168852.91
2021-03-02,113.772524,214115324,24360440850.68
2021-03-03,112.264919,213265324,23942214426.01
2021-03-04,110.773678,211015324,23374943612.12
2021-03-05,113.008293,211265324,23874733578.36
2021-03-08,112.68951,211665324,23852461606.97
2021-03-09,113.404703,212465324,24094567067.09
2021-03-10,113.649878,212815324,24186435632.95
2021-03-11,114.35876,213215324,24383040141.79
2021-03-12,114.613978,211715324,24265535534.43
2021-03-15,115.362481,211715324,24424005023.69
2021-03-16,115.32153,211715324,24415335124.87
2021-03-17,114.852602,212315324,24384967336.18
2021-03-18,114.634569,212315324,24338675705.26
2021-03-19,115.045175,212715324,24471871652.42
2021-03-22,115.683857,213715324,24723413083.79
2021-03-23,114.491351,214665324,24577323043.24
2021-03-24,114.424384,214715324,24568668657.85
2021-03-25,114.804587,211965324,24334591505.63
2021-03-26,117.072257,210665324,24663064924.87
2021-03-29,117.536307,211165324,24819592450.41
2021-03-30,116.48013,210515324,24520852207.52
2021-03-31,116.675003,210815324,24596878562.65
2021-04-01,116.421596,210915324,24555098731.23
2021-04-05,117.190466,210915324,24717265021.07
2021-04-06,116.774073,210515324,24582731707.48
2021-04-07,116.491513,211065324,24587318978.7
2021-04-08,116.624134,209915324,24481192770.83
2021-04-09,117.979532,210115324,24789307536.16
2021-04-12,118.036845,209965324,24783644344.05
2021-04-13,118.558898,208465324,24715419024.94
2021-04-14,118.498866,213165324,25259849256.74
2021-04-15,120.560855,209365324,25241262412.34
2021-04-16,121.45759,209765324,25477590626.54
2021-04-19,121.444375,210915324,25614479616.9
2021-04-20,121.965322,211415324,25785338003.06
2021-04-21,123.350462,211615324,26102847907.43
2021-04-22,122.841853,213315324,26204049644.19
2021-04-23,123.62729,212115324,26223242680.05
2021-04-26,123.191585,211965324,26112344142.35
2021-04-27,122.567206,210915324,25851302036.11
2021-04-28,122.139754,210815324,25748931757.56
2021-04-29,121.667207,211465324,25728395306.47
2021-04-30,121.274965,211215324,25615131001.12
2021-05-03,122.689078,211465324,25944485726.53
2021-05-04,122.735622,213265324,26175252265.85
2021-05-05,123.013651,218315324,26855765023.18
2021-05-06,123.16312,217515324,26789866037.62
2021-05-07,124.04533,219165324,27186434886.06
2021-05-10,124.166968,222015324,27566969658.03
2021-05-11,122.95687,221765324,27267570051.56
2021-05-12,121.725055,224315324,27304795261.64
2021-05-13,122.897797,222115324,27297484018.19
2021-05-14,123.394781,222965324,27512757271.92
2021-05-17,123.189896,223215324,27497872461.05
2021-05-18,123.248067,222565324,27430745980.22
2021-05-19,123.071447,223715324,27532968538.77
2021-05-20,124.348904,224765324,27949321616.32
2021-05-21,124.310078,223565324,27791422911.16
2021-05-24,124.455542,224515324,27942176316.17
2021-05-25,124.079598,224765324,27888791069.78
2021-05-26,123.384285,223065324,27522755424.76
2021-05-27,123.18544,224265324,27626222549.4
2021-05-28,123.552989,223765324,27646874673.79
2021-06-01,121.527186,224315324,27260410112.98
2021-06-02,121.261186,223715324,27127985466.02
2021-06-03,121.746747,224915324,27382709007.15
2021-06-04,122.13367,223365324,27280426854.36
2021-06-07,122.550222,222865324,27312194925.6
2021-06-08,122.117081,220715324,26953111184.22
2021-06-09,123.340358,220315324,27173770827.43
2021-06-10,125.415164,221665324,27800192891.46
2021-06-11,124.503426,223115324,27778622283.01
2021-06-14,124.672057,223615324,27878582335.51
2021-06-15,124.644014,223115324,27809989635.91
2021-06-16,124.165769,222515324,27628786250.65
2021-06-17,125.145499,221015324,27659073048.35
2021-06-18,123.661391,220965324,27324879393.2
2021-06-21,124.769688,219815324,27426289436.92
2021-06-22,125.028934,220915324,27620807534.99
2021-06-23,124.452128,221965324,27624056913.83
2021-06-24,125.112291,221415324,27701778523.66
2021-06-25,125.686661,220715324,27740972129.29
2021-06-28,125.896619,220165324,27718069822.65
2021-06-29,125.990109,220815324,27820546759.92
2021-06-30,125.938437,221415324,27884699819.36
2021-07-01,127.13201,224015324,28479518444.06
2021-07-02,128.225999,222865324,28577128729.15
2021-07-06,128.114927,225065324,28834227442.53
2021-07-07,128.901651,225815324,29107968006.6
2021-07-08,128.291821,231365324,29682278842.04
2021-07-09,128.751352,235065324,30264978334.07
2021-07-12,128.980985,234765324,30280262797.73
2021-07-13,128.843494,233865324,30132025361.97
2021-07-14,128.663282,237415324,30546634723.36
2021-07-15,128.335243,234765324,30128665003.92
2021-07-16,128.617189,235765324,30323473253.77
2021-07-19,127.238981,236765324,30125778570.46
2021-07-20,128.76791,240315324,30944901949.81
2021-07-21,129.031749,240265324,31001855032.74
2021-07-22,129.905178,240115324,31192223922.94
2021-07-23,131.42934,240415324,31597627451.32
2021-07-26,130.610505,241815324,31583621537.22
2021-07-27,131.181937,242515324,31813629865.37
2021-07-28,131.684192,244215324,32159297517.42
2021-07-29,131.985849,244465324,32265963346.69
2021-07-30,132.083704,243465324,32157801719.72
2021-08-02,132.307804,244015324,32285131657.52
2021-08-03,134.172081,244615324,32820547054.42
2021-08-04,133.611013,246815324,32977245537.22
2021-08-05,133.109196,246765324,32846733942.9
2021-08-06,132.968767,246315324,32752244933.51
2021-08-09,133.468173,245865324,32815195639.54
2021-08-10,133.14844,244165324,32510231910.03
2021-08-11,131.860314,243215324,32070448892.64
2021-08-12,132.888268,240265324,31928442724.37
2021-08-13,133.686569,240815324,32193774464.95
2021-08-16,135.21752,242415324,32778798801.4
2021-08-17,136.72855,243865324,33343352188.81
2021-08-18,134.733992,244465324,32937788976.97
2021-08-19,135.388121,244265324,33070623203.02
2021-08-20,136.079523,245315324,33382392271.12
2021-08-23,136.129696,245415324,33408313538.33
2021-08-24,135.661781,246365324,33422358567.59
2021-08-25,135.315746,246765324,33391234026.33
2021-08-26,134.776231,247765324,33392876528.3
2021-08-27,134.554535,248015324,33371586707.52
2021-08-30,135.372859,248515324,33642229986.67
2021-08-31,135.204436,249415324,33722058252.72
2021-09-01,135.232989,248565324,33614231636.3
2021-09-02,136.694072,249415324,34093596371.62
2021-09-03,136.838036,248865324,34054242144.9
2021-09-07,136.071494,248865324,33863476391.96
2021-09-08,135.972011,247915324,33709545225.15
2021-09-09,134.390033,247765324,33297190073.77
2021-09-10,133.167713,251365324,33473745444.73
2021-09-13,132.356173,248715324,32919008414.15
2021-09-14,132.269016,249215324,32963465795.84
2021-09-15,133.174857,248915324,33149262798.24
2021-09-16,132.845161,248915324,33067196358.86
2021-09-17,132.940886,249015324,33104317885.53
2021-09-20,131.183667,247365324,32450290180.71
2021-09-21,131.372453,247715324,32542969651.0
2021-09-22,131.487884,247265324,32512394333.57
2021-09-23,132.525119,246865324,32715856453.12
2021-09-24,131.967289,246115324,32479172189.37
2021-09-27,130.085096,246065324,32009431202.21
2021-09-28,127.874822,243365324,31120297422.12
2021-09-29,128.870294,241415324,31111263675.22
2021-09-30,127.255944,241615324,30746986157.42
2021-10-01,127.341277,238565324,30379212928.33
2021-10-04,125.45215,239015324,29984986371.81
2021-10-05,126.177519,237915324,30019565208.75
2021-10-06,125.979919,232315324,29267065792.58
2021-10-07,127.528475,233765324,29811735212.2
2021-10-08,126.922407,232465324,29505058378.33
2021-10-11,125.971429,233415324,29403661835.98
2021-10-12,125.374615,233365324,29258087600.89
2021-10-13,125.481491,235215324,29515169506.37
2021-10-14,127.352381,235315324,29967966884.48
2021-10-15,127.982196,235465324,30135369133.13
2021-10-18,127.063542,234715324,29823760542.04
2021-10-19,128.723615,231915324,29852978887.88
2021-10-20,130.58639,233315324,30467805908.76
2021-10-21,131.175698,232215324,30461007102.15
2021-10-22,131.665419,233715324,30772225950.53
2021-10-25,131.786489,234215324,30866415105.32
2021-10-26,132.484795,235965324,31261817690.4
2021-10-27,131.411292,237265324,31179342781.42
2021-10-28,132.543423,236815324,31388313618.55
2021-10-29,133.796779,237965324,31838993794.43
2021-11-01,133.615493,240465324,32129892738.54
2021-11-02,134.453124,239365324,32183415518.93
2021-11-03,135.300581,242065324,32751578985.72
2021-11-04,134.337019,243665324,32733273380.66
2021-11-05,132.956718,244565324,32516602842.02
2021-11-08,133.661504,246465324,32942925901.79
2021-11-09,133.163957,246465324,32820297833.88
2021-11-10,133.514541,245365324,32759838643.48
2021-11-11,133.206928,245565324,32711002409.52
2021-11-12,133.791,245515324,32847740812.55
2021-11-15,132.961491,246115324,32723860416.6
2021-11-16,133.470888,247015324,32969354642.2
2021-11-17,133.687402,247615324,33103049333.82
2021-11-18,133.764943,246015324,32908225723.71
2021-11-19,132.903782,247415324,32882432216.95
2021-11-22,132.361293,247265324,32728357908.92
2021-11-23,132.47786,246915324,32710813827.74
2021-11-24,132.424871,244665324,32399773854.26
2021-11-26,131.832319,244715324,32261388756.01
2021-11-29,132.328711,246615324,32634288061.06
2021-11-30,129.785359,246515324,31994079797.45
2021-12-01,129.539262,245465324,31797396961.14
2021-12-02,130.063947,244965324,31861156820.48
2021-12-03,130.428175,244615324,31904730357.81
2021-12-06,131.106742,245565324,32195269595.88
2021-12-07,132.741708,245665324,32610034629.93
2021-12-08,133.724423,245515324,32831395139.43
2021-12-09,134.057251,247615324,33194629748.64
2021-12-10,134.549065,248315324,33410594695.67
2021-12-13,135.792269,246715324,33502033668.91
2021-12-14,135.213823,247115324,33413407601.78
2021-12-15,138.050879,247265324,34135195276.58
2021-12-16,138.845748,247165324,34317854404.97
2021-12-17,137.911185,249265324,34376476135.39
2021-12-20,136.511489,250015324,34129964117.9
2021-12-21,137.107046,254615324,34909554846.81
2021-12-22,138.709301,255665324,35463158403.88
2021-12-23,139.272818,253865324,35356538954.71
2021-12-27,140.731091,255965324,36022279180.12
2021-12-28,140.33577,253915324,35633402425.16
2021-12-29,141.1768,253415324,35776364432.08
2021-12-30,141.41375,253265324,35815199280.54
2021-12-31,140.859183,254165324,35801519924.13
2022-01-03,139.482664,253015324,35291251470.5
2022-01-04,137.55556,257565324,35429542384.38
2022-01-05,136.581986,257815324,35212929100.54
2022-01-06,134.962797,259615324,35038410158.33
2022-01-07,134.349507,262465324,35262087012.27
2022-01-10,135.743009,263315324,35743214445.09
2022-01-11,136.77469,263365324,36021710458.93
2022-01-12,136.41769,261665324,35695779183.21
2022-01-13,134.282454,261515324,35116919547.11
2022-01-14,134.055297,261815324,35097730906.26
2022-01-18,132.200377,262315324,34678184823.09
2022-01-19,131.620839,262065324,34493257792.22
2022-01-20,130.87417,261115324,34173251324.54
2022-01-21,129.485697,262165324,33946659640.58
2022-01-24,129.012171,262265324,33835418816.67
2022-01-25,128.158976,263115324,33720590375.84
2022-01-26,127.590095,262515324,33494355223.69
2022-01-27,127.826328,260565324,33307108668.39
2022-01-28,130.474008,258315324,33703435553.48
2022-01-31,131.343224,260965324,34276027045.51
2022-02-01,131.714363,261365324,34425567234.53
2022-02-02,133.359182,259115324,34555407539.23
2022-02-03,132.756949,260865324,34631684626.61
2022-02-04,132.217941,260315324,34418356261.2
2022-02-07,132.04725,260815324,34439946229.22
2022-02-08,133.088669,262215324,34897888397.35
2022-02-09,134.172009,262365324,35202082657.2
2022-02-10,132.065323,261765324,34570122081.52
2022-02-11,130.303545,261915324,34128495187.62
2022-02-14,128.93642,261515324,33718849665.45
2022-02-15,130.40361,261115324,34050380746.02
2022-02-16,130.575368,261265324,34114815873.46
2022-02-17,128.497919,260865324,33520651250.61
2022-02-18,127.522515,259765324,33125927350.6
2022-02-22,127.197258,259465324,33003277693.4
2022-02-23,126.552131,258815324,32753630868.9
2022-02-24,127.135492,257615324,32752050980.64
2022-02-25,130.978675,257865324,33774858417.3
2022-02-28,129.997639,259165324,33690880130.93
2022-03-01,129.241084,259165324,33494807418.26
2022-03-02,131.228344,258065324,33865485197.21
2022-03-03,131.866935,259915324,34274237104.63
2022-03-04,132.514363,259765324,34422636318.84
2022-03-07,130.249138,260815324,33970971148.74
2022-03-08,127.512024,261415324,33333597055.93
2022-03-09,129.94114,261115324,33929622979.41
2022-03-10,129.904675,262765324,34134444084.11
2022-03-11,128.914031,262715324,33867691370.81
2022-03-14,129.861912,262815324,34129700557.46
2022-03-15,132.362318,263265324,34846408656.27
2022-03-16,133.981966,266265324,35674751608.9
2022-03-17,136.127806,265915324,36198469535.59
2022-03-18,137.011705,266815324,36556822332.01
2022-03-21,136.422996,268215324,36590738165.38
2022-03-22,136.443983,270015324,36841966290.04
2022-03-23,134.032621,270565324,36264579661.56
2022-03-24,135.595152,271315324,36789042612.66
2022-03-25,136.29484,272015324,37074285136.09
2022-03-28,137.297572,272365324,37395097676.06
2022-03-29,138.055656,272465324,37615379101.62
2022-03-30,138.368995,271515324,37569302513.78
2022-03-31,136.767919,270965324,37059363536.1
2022-04-01,138.003373,270765324,37366528051.37
2022-04-04,136.974742,269615324,36930489546.15
2022-04-05,137.222903,272815324,37436510843.25
2022-04-06,139.343152,273215324,38070684336.78
2022-04-07,141.922706,278265324,39492167675.76
2022-04-08,142.741135,275565324,39334507131.03
2022-04-11,139.938476,272465324,38128382154.16
2022-04-12,138.615078,274515324,38051963142.3
2022-04-13,139.294772,276665324,38538033284.93
2022-04-14,138.649324,279465324,38747678345.3
2022-04-18,137.103293,280165324,38411588460.93
2022-04-19,138.374101,282215324,39051291644.52
2022-04-20,140.231617,282865324,39666661744.18
2022-04-21,138.70293,281415324,39033129862.63
2022-04-22,133.680986,281765324,37666666418.21
2022-04-25,134.566673,280565324,37754742114.3
2022-04-26,132.01604,280615324,37045723716.41
2022-04-27,131.861431,282765324,37285840164.83
2022-04-28,133.637808,283765324,37921775941.66
2022-04-29,130.337936,283165324,36907183765.16
2022-05-02,129.453169,282365324,36553086033.29
2022-05-03,129.887154,282365324,36675628306.61
2022-05-04,132.73408,282215324,37459591518.86
2022-05-05,130.138158,282765324,36798558390.21
2022-05-06,129.75275,282715324,36683090620.23
2022-05-09,126.427607,282765324,35749343258.92
2022-05-10,126.845975,282715324,35861301040.9
2022-05-11,126.036913,283815324,35771207198.63
2022-05-12,127.257355,286365324,36442093616.53
2022-05-13,128.616343,285265324,36689782738.13
2022-05-16,129.531096,285815324,37021972162.35
2022-05-17,131.31394,286865324,37669415876.98
2022-05-18,127.911329,287615324,36789258450.99
2022-05-19,128.188031,288015324,36920117226.44
2022-05-20,129.799555,287865324,37364791012.19
2022-05-23,130.923197,287465324,37635879161.32
2022-05-24,131.256249,289515324,38000695317.67
2022-05-25,131.232829,292165324,38341681917.37
2022-05-26,131.776345,292865324,38592722017.91
2022-05-27,134.033315,295065324,39548583404.72
2022-05-31,132.197503,298615324,39476200325.98
2022-06-01,130.319318,299165324,38987020853.29
2022-06-02,131.335047,298565324,39212090972.18
2022-06-03,129.840945,300015324,38954273113.83
2022-06-06,129.836937,299715324,38914119703.84
2022-06-07,131.534619,299165324,39350596847.07
2022-06-08,130.514523,299015324,39025842442.46
2022-06-09,127.541788,298965324,38130571901.54
2022-06-10,125.462444,299165324,37534012664.77
2022-06-13,121.698562,300815324,36608792506.22
2022-06-14,120.478608,304765324,36717702047.97
2022-06-15,121.708852,299565324,36459751711.0
2022-06-16,119.904584,299015324,35853308062.12
2022-06-17,119.92697,298615324,35812030853.98
2022-06-21,122.575509,295815324,36259713927.25
2022-06-22,124.317497,295465324,36731509560.14
2022-06-23,127.096367,294215324,37393698911.24
2022-06-24,129.166018,294165324,37996163628.73
2022-06-27,129.668946,292665324,37949604174.02
2022-06-28,127.421006,292315324,37247112723.87
2022-06-29,128.540756,290615324,37355913496.89
2022-06-30,128.145627,292415324,37471745124.77
2022-07-01,129.699892,293515324,38068905901.48
2022-07-05,128.939119,294165324,37929417688.09
2022-07-06,129.785984,294615324,38236939838.32
2022-07-07,130.386855,294165324,38355291477.72
2022-07-08,130.732719,294465324,38496252396.24
2022-07-11,130.43008,295065324,38485393895.26
2022-07-12,128.702587,295765324,38065762384.39
2022-07-13,127.497652,295915324,37728508988.38
2022-07-14,127.116271,297165324,37774547781.72
2022-07-15,130.217192,298865324,38917403242.24
2022-07-18,127.425126,301165324,38376029489.26
2022-07-19,129.720273,301065324,39054276129.39
2022-07-20,128.352415,300915324,38623208602.39
2022-07-21,130.30124,301215324,39248730092.88
2022-07-22,129.798624,299865324,38922106492.23
2022-07-25,130.510683,300615324,39233511134.46
2022-07-26,131.226286,300715324,39461755221.47
2022-07-27,132.074349,300365324,39670554487.85
2022-07-28,132.853845,301115324,40004328561.31
2022-07-29,132.386963,301665324,39936555981.77
2022-08-01,131.424893,301015324,39560906603.37
2022-08-02,130.93931,302115324,39558772182.13
2022-08-03,132.146245,302015324,39910190858.06
2022-08-04,131.494885,303065324,39851540019.42
2022-08-05,131.455626,303515324,39898796890.59
2022-08-08,131.751242,301515324,39725018343.56
2022-08-09,131.363479,301565324,39614670097.79
2022-08-10,132.829811,302015324,40116638366.71
2022-08-11,131.883314,301015324,39698898466.67
2022-08-12,133.633536,300265324,40125516848.34
2022-08-15,134.284834,300915324,40408364198.91
2022-08-16,133.92899,300465324,40241017332.43
2022-08-17,133.118628,301965324,40197209531.61
2022-08-18,132.542734,302365324,40076326814.15
2022-08-19,132.904755,302615324,40219015431.93
2022-08-22,131.150273,302965324,39733985074.41
2022-08-23,129.336898,303015324,39191062006.96
2022-08-24,129.488371,302615324,39185165245.3
2022-08-25,130.910578,303015324,39667911245.14
2022-08-26,127.258989,303015324,38561423758.03
2022-08-29,126.364472,302665324,38246143933.6
2022-08-30,125.533265,301665324,37869033045.03
2022-08-31,124.745766,301765324,37643946378.86
2022-09-01,126.802642,302515324,38359742224.64
2022-09-02,124.986436,302115324,37760317636.86
2022-09-06,125.023129,301165324,37652631074.18
2022-09-07,127.101744,301215324,38284992977.87
2022-09-08,129.362322,300815324,38914168935.57
2022-09-09,130.470927,300515324,39208512998.44
2022-09-12,131.308132,299915324,39381321034.1
2022-09-13,127.026574,299965324,38103567324.3
2022-09-14,127.108417,299515324,38070918839.81
2022-09-15,127.801767,300615324,38419169730.66
2022-09-16,127.456475,300365324,38283505419.32
2022-09-19,126.262673,300665324,37962807632.97
2022-09-20,124.802881,300765324,37536378874.29
2022-09-21,122.701297,299715324,36775459114.79
2022-09-22,123.356234,300165324,37027263975.91
2022-09-23,122.69422,299965324,36804011442.42
2022-09-26,121.458979,301815324,36658181168.7
2022-09-27,121.198049,301665324,36561248764.34
2022-09-28,123.856038,299315324,37072010090.75
2022-09-29,122.734409,298315324,36613554984.23
2022-09-30,121.01812,296615324,35895828992.03
2022-10-03,123.600308,295865324,36569045078.9
2022-10-04,126.472504,295765324,37406180975.27
2022-10-05,126.89058,295365324,37479077409.26
2022-10-06,125.272892,298015324,37333241560.57
2022-10-07,122.621175,297915324,36530727115.9
2022-10-10,121.828235,296465324,36117847148.85
2022-10-11,122.537615,295065324,36156601043.52
2022-10-12,121.890211,295415324,36008236177.71
2022-10-13,124.722337,296715324,37007028574.91
2022-10-14,123.685197,296965324,36730214548.78
2022-10-17,125.827164,296465324,37303391061.5
2022-10-18,126.537245,296515324,37520232237.37
2022-10-19,124.791465,297015324,37064977293.15
2022-10-20,123.797673,297115324,36782185804.69
2022-10-21,126.523827,297115324,37592167742.41
2022-10-24,128.934542,298515324,38488936679.62
2022-10-25,129.939682,298965324,38847459027.57
2022-10-26,131.390788,299765324,39386402050.04
2022-10-27,130.636657,301215324,39349763048.97
2022-10-28,132.831988,301165324,40004388812.35
2022-10-31,132.732746,300165324,39841767792.0
2022-11-01,132.811946,301865324,40091321249.16
2022-11-02,130.568807,302515324,39499064817.4
2022-11-03,130.059394,302365324,39325450874.01
2022-11-04,130.792032,303615324,39710465303.29
2022-11-07,132.171687,304265324,40215261229.58
2022-11-08,132.834789,304615324,40463512356.3
2022-11-09,131.43953,303265324,39861051732.61
2022-11-10,134.838305,304565324,41067072139.53
2022-11-11,133.114481,305115324,40615267851.54
2022-11-14,133.181183,304165324,40509097798.95
2022-11-15,133.087902,304815324,40567231998.8
2022-11-16,132.94663,304765324,40517522887.18
2022-11-17,132.890073,305665324,40619887235.25
2022-11-18,134.479903,305765324,41119291043.58
2022-11-21,134.620947,305665324,41148955487.9
2022-11-22,135.810875,308615324,41913317272.19
2022-11-23,136.276086,308665324,42063702371.62
2022-11-25,137.120923,309165324,42393034450.78
2022-11-28,136.095422,309515324,42123618623.51
2022-11-29,135.779528,309615324,42039422632.87
2022-11-30,139.097836,310065324,43129415661.97
2022-12-01,139.433206,311315324,43407693566.79
2022-12-02,139.791941,309415324,43253768856.27
2022-12-05,138.423175,307465324,42560326196.82
2022-12-06,137.396153,306615324,42127765888.08
2022-12-07,138.556234,306515324,42469608875.56
2022-12-08,139.796872,306665324,42870853096.27
2022-12-09,138.00729,309315324,42687769644.62
2022-12-12,139.434199,309315324,43129134588.49
2022-12-13,139.818571,309865324,43324926819.07
2022-12-14,140.096041,308815324,43263804327.14
2022-12-15,137.499234,307415324,42269371514.16
2022-12-16,135.568786,308215324,41784377339.24
2022-12-19,134.526943,309215324,41597792206.78
2022-12-20,134.47125,309865324,41667977337.17
2022-12-21,136.225227,309715324,42191040205.38
2022-12-22,136.009834,310215324,42192334639.77
2022-12-23,136.122208,309865324,42179552067.92
2022-12-27,135.760669,309665324,42040371427.95
2022-12-28,134.896846,311315324,41995455276.54
2022-12-29,136.321648,311065324,42404937646.27
2022-12-30,135.883733,309615324,42071686109.45
2023-01-03,135.491868,309265324,41902936577.89
2023-01-04,135.828901,309165324,41993586196.25
2023-01-05,134.461538,309515324,41617906381.07
2023-01-06,135.654011,309765324,42020908775.91
2023-01-09,133.40525,308965324,41217596153.97
2023-01-10,134.517148,308515324,41500601638.64
2023-01-11,135.289378,306965324,41529147815.98
2023-01-12,134.854995,307315324,41443006337.98
2023-01-13,135.490146,307215324,41624649195.24
2023-01-17,134.81693,306815324,41363900027.17
2023-01-18,132.908555,307015324,40804963122.36
2023-01-19,133.2443,307615324,40987988489.37
2023-01-20,133.997233,310165324,41561295200.01
2023-01-23,134.378043,308565324,41464404430.32
2023-01-24,133.510855,307215324,41016580616.29
2023-01-25,133.524186,307215324,41020675918.1
2023-01-26,133.794851,307365324,41123897796.52
2023-01-27,132.869149,306465324,40719786928.33
2023-01-30,131.639317,306115324,40296812260.24
2023-01-31,133.339392,306665324,40890567708.14
2023-02-01,133.982562,306565324,41074407543.82
2023-02-02,133.074228,306065324,40729406758.25
2023-02-03,132.729783,305165324,40504527243.03
2023-02-06,131.939692,304365324,40157867021.15
2023-02-07,132.787817,305115324,40515597782.79
2023-02-08,132.381493,304965324,40371764874.1
2023-02-09,131.247763,304965324,40026016542.79
2023-02-10,132.472767,305515324,40472460232.04
2023-02-13,133.568905,305465324,40800668753.63
2023-02-14,132.818315,306115324,40657721416.9
2023-02-15,132.138315,306565324,40509025436.28
2023-02-16,130.796811,307315324,40195864287.57
2023-02-17,132.041549,306165324,40426543491.48
2023-02-21,130.244979,307065324,39993716605.98
2023-02-22,129.823702,307315324,39896812905.4
2023-02-23,130.173814,307315324,40004407690.12
2023-02-24,128.528329,306465324,39389476012.88
2023-02-27,128.132702,305665324,39165724018.5
2023-02-28,127.206077,305715324,38888846931.25
2023-03-01,126.975521,305365324,38773921058.91
2023-03-02,127.708338,305365324,38997698143.66
2023-03-03,129.186731,303765324,39242449270.33
2023-03-06,129.10678,302215324,39018047494.93
2023-03-07,127.03618,301615324,38316058598.34
2023-03-08,126.330109,300965324,38020982057.0
2023-03-09,125.045923,300665324,37596973103.23
2023-03-10,124.168163,301115324,37388936776.47
2023-03-13,125.301183,300865324,37698781072.73
2023-03-14,126.481245,300265324,37977932150.83
2023-03-15,126.264039,301865324,38114735122.24
2023-03-16,127.474692,302015324,38499310429.13
2023-03-17,125.863909,301265324,37918431190.56
2023-03-20,126.978586,302365324,38393921399.94
2023-03-21,127.730956,299765324,38289311344.69
2023-03-22,125.822662,300215324,37773891267.94
2023-03-23,125.62284,298565324,37506624062.99
2023-03-24,127.265496,298415324,37977974160.36
2023-03-27,127.784282,298865324,38190290901.83
2023-03-28,127.062316,298615324,37942754569.7
2023-03-29,127.365688,299765324,38179816751.36
2023-03-30,128.077734,298515324,38233166179.43
2023-03-31,129.516885,297815324,38572113116.31
2023-04-03,130.913402,297065324,38889832087.14
2023-04-04,130.944002,297065324,38898922423.72
2023-04-05,133.206411,298165324,39717532787.37
2023-04-06,133.539257,296865324,39643174810.39
2023-04-10,133.48926,296765324,39614983432.11
2023-04-11,133.884311,298015324,39899576404.78
2023-04-12,133.904615,296315324,39677989381.54
2023-04-13,135.64192,295665324,40104612215.43
2023-04-14,134.576245,295765324,39802986818.02
2023-04-17,134.43787,296365324,39842723006.54
2023-04-18,133.559293,297265324,39702546471.43
2023-04-19,133.93679,299115324,40062546403.68
2023-04-20,133.382544,299615324,39963454243.48
2023-04-21,134.283797,298765324,40119342141.58
2023-04-24,135.030275,298915324,40362618356.29
2023-04-25,133.613643,299315324,39992610697.54
2023-04-26,131.738513,299515324,39457703445.35
2023-04-27,132.409292,298515324,39526202634.29
2023-04-28,133.486499,297615324,39727627666.75
2023-05-01,134.267185,298215324,40040532016.24
2023-05-02,133.613792,299715324,40046100810.99
2023-05-03,133.465379,302565324,40381995630.52
2023-05-04,132.389191,303515324,40182148344.91
2023-05-05,133.606208,303265324,40518129987.04
2023-05-08,133.314816,304215324,40556410065.1
2023-05-09,132.396069,304215324,40276912962.14
2023-05-10,132.754755,305265324,40525423171.49
2023-05-11,132.373183,305415324,40428798551.23
2023-05-12,132.154505,304815324,40282718311.22
2023-05-15,131.938844,304415324,40164206051.68
2023-05-16,130.865034,304465324,39843865077.91
2023-05-17,131.023182,304915324,39950975861.34
2023-05-18,130.705263,306015324,39997813524.4
2023-05-19,131.298731,306965324,40304157574.24
2023-05-22,131.43725,307365324,40399252995.76
2023-05-23,129.961438,307815324,40004122165.43
2023-05-24,129.106494,307565324,39708680540.69
2023-05-25,127.767888,307015324,39226699505.53
2023-05-26,127.546116,307415324,39209630511.28
2023-05-30,126.692078,308165324,39042105410.17
2023-05-31,127.766783,307765324,39322185362.6
2023-06-01,128.624797,308365324,39663427159.41
2023-06-02,130.336702,310165324,40425925315.53
2023-06-05,130.835874,310615324,40639627513.72
2023-06-06,129.698595,310615324,40286371161.17
2023-06-07,129.161528,310015324,40042053072.14
2023-06-08,130.012128,310365324,40351256094.42
2023-06-09,130.26231,310765324,40481008987.52
2023-06-12,130.857517,311465324,40757578860.37
2023-06-13,131.549087,310815324,40887472033.23
2023-06-14,130.156018,313265324,40773367207.48
2023-06-15,132.217669,310415324,41042390414.7
2023-06-16,132.206822,310365324,41032413166.15
2023-06-20,131.470707,309065324,40633036501.5
2023-06-21,131.551537,308915324,40638285826.74
2023-06-22,132.426837,308165324,40809359007.13
2023-06-23,132.002496,308015324,40658791624.95
2023-06-26,131.213178,307915324,40402548241.57
2023-06-27,130.950969,307915324,40321809930.93
2023-06-28,130.489345,307865324,40173144503.58
2023-06-29,131.346638,309065324,40594691272.14
2023-06-30,132.766256,308515324,40960424587.32
2023-07-03,131.680071,309615324,40770167715.77
2023-07-05,131.612412,310215324,40828187071.81
2023-07-06,130.505741,310815324,40563184152.08
2023-07-07,128.987555,309965324,39981669315.7
2023-07-10,130.029755,309465324,40239700231.03
2023-07-11,130.03469,308615324,40130697864.99
2023-07-12,129.677911,307965324,39936299750.88
2023-07-13,129.752836,305115324,39589578630.44
2023-07-14,131.696707,305065324,40176098732.82
2023-07-17,131.127629,308215324,40415544528.7
2023-07-18,132.043125,306665324,40493047641.65
2023-07-19,132.6944,304815324,40447286511.99
2023-07-20,134.901237,304415324,41066003655.91
2023-07-21,136.263423,303815324,41398915975.71
2023-07-24,135.946755,302765324,41159963279.13
2023-07-25,135.86259,301365324,40944273508.42
2023-07-26,135.755675,300015324,40728782737.18
2023-07-27,134.780029,301015324,40570854179.73
2023-07-28,135.174152,298815324,40392108126.41
2023-07-31,134.103985,298765324,40065620391.4
2023-08-01,133.419102,299465324,39954394603.31
2023-08-02,133.495739,298715324,39877222927.6
2023-08-03,132.833355,297015324,39453541983.21
2023-08-04,132.350931,301515324,39905833912.57
2023-08-07,133.914049,302565324,40517747533.1
2023-08-08,134.960837,302665324,40847965409.14
2023-08-09,134.887981,303415324,40927080469.27
2023-08-10,134.831098,304415324,41044652379.18
2023-08-11,135.59647,304315324,41264083580.88
2023-08-14,136.065672,298465324,40610884817.34
2023-08-15,135.577555,299465324,40600776400.08
2023-08-16,134.528707,300565324,40434664369.74
2023-08-17,133.534567,300615324,40142537135.28
2023-08-18,133.521192,300815324,40165220595.04
2023-08-21,133.647319,301515324,40296714621.97
2023-08-22,133.155864,302515324,40281689360.72
2023-08-23,133.550925,303615324,40548107232.75
2023-08-24,132.552599,303565324,40238372696.94
2023-08-25,133.427467,307065324,40970948234.99
2023-08-28,133.73763,302265324,40424248107.15
2023-08-29,134.844054,304315324,41035112063.61
2023-08-30,134.803836,303365324,40894809267.61
2023-08-31,133.190274,302765324,40325396527.07
2023-09-01,133.500609,301765324,40285854637.76
2023-09-05,132.254299,304165324,40227171715.84
2023-09-06,131.45271,303715324,39924202286.45
2023-09-07,132.090151,301165324,39780973073.54
2023-09-08,132.077284,303415324,40074271775.87
2023-09-11,132.972211,297415324,39547973270.39
2023-09-12,132.750565,297165324,39448864678.26
2023-09-13,132.781518,297615324,39517814412.75
2023-09-14,133.196975,297415324,39614821452.7
2023-09-15,132.216967,297515324,39336573709.09
2023-09-18,131.440498,298965324,39296151054.19
2023-09-19,131.56535,298315324,39247960029.24
2023-09-20,131.598058,298615324,39297196632.23
2023-09-21,130.410948,298165324,38884022435.87
2023-09-22,130.159139,297115324,38672274735.13
2023-09-25,130.859229,297015324,38867196415.47
2023-09-26,129.730825,295965324,38395825703.59
2023-09-27,129.089796,295465324,38141558369.89
2023-09-28,129.716798,294215324,38164669764.19
2023-09-29,128.724844,294565324,37917875275.56
2023-10-02,128.590833,292915324,37666225372.62
2023-10-03,127.421755,293815324,37438464373.23
2023-10-04,127.998237,294815324,37735841660.51
2023-10-05,128.664661,292815324,37674984413.27
2023-10-06,129.96466,293215324,38107630004.2
2023-10-09,130.428315,293015324,38217494960.15
2023-10-10,131.070754,293165324,38425400010.06
2023-10-11,130.518266,293715324,38335214919.24
2023-10-12,129.399058,294215324,38071185684.9
2023-10-13,130.188023,293865324,38257745615.73
2023-10-16,131.164342,294315324,38603675733.86
2023-10-17,130.993491,294515324,38579590524.67
2023-10-18,129.821714,293915324,38156591277.08
2023-10-19,128.595073,294015324,37808922159.5
2023-10-20,128.085589,292065324,37409358978.43
2023-10-23,127.280447,290615324,36989648242.36
2023-10-24,127.646509,291665324,37230060423.11
2023-10-25,126.503012,291015324,36814315121.35
2023-10-26,125.270069,291515324,36518144640.99
2023-10-27,123.135349,290715324,35797332794.48
2023-10-30,123.807114,291665324,36110242112.36
2023-10-31,124.587505,288465324,35939175056.84
2023-11-01,124.817777,285765324,35668592433.61
2023-11-02,126.768734,286415324,36308508081.6
2023-11-03,127.415708,285965324,36436474258.53
2023-11-06,128.256979,285965324,36677048517.89
2023-11-07,128.317864,285415324,36623884772.54
2023-11-08,128.139991,285615324,36598745072.06
2023-11-09,125.515691,289765324,36370094979.88
2023-11-10,126.266138,284165324,35880458075.5
2023-11-13,126.977463,283915324,36050847454.0
2023-11-14,127.886496,283915324,36308935850.76
2023-11-15,127.969645,285265324,36505302137.76
2023-11-16,128.488384,285865324,36730373504.02
2023-11-17,128.243212,285665324,36634638664.35
2023-11-20,128.987464,290015324,37408341296.06
2023-11-21,129.76924,286115324,37128968087.07
2023-11-22,130.470905,284865324,37166636699.32
2023-11-24,131.135509,283915324,37231380424.09
2023-11-27,130.304908,283965324,37002075370.89
2023-11-28,129.650773,282165324,36582952381.68
2023-11-29,129.675722,282265324,36602959780.95
2023-11-30,131.300178,282465324,37087747303.81
2023-12-01,131.81557,287115324,37846270223.24
2023-12-04,132.088186,282415324,37303727893.93
2023-12-05,131.886204,283165324,37345599755.76
2023-12-06,131.96676,283365324,37394803640.19
2023-12-07,131.871126,282215324,37216052547.36
2023-12-08,132.106465,282265324,37289074005.31
2023-12-11,132.913793,282765324,37583411764.57
2023-12-12,133.529663,281015324,37523881527.03
2023-12-13,135.959664,280815324,38179557081.61
2023-12-14,135.29882,284615324,38508117450.23
2023-12-15,134.152348,279465324,37490929458.5
2023-12-18,133.805997,279115324,37347304252.9
2023-12-19,134.724883,279765324,37691350633.46
2023-12-20,132.759247,280315324,37214451262.03
2023-12-21,134.351741,278315324,37392148406.34
2023-12-22,135.004067,277715324,37492698346.61
2023-12-26,135.298191,277315324,37520261724.39
2023-12-27,135.925818,277065324,37660330897.84
2023-12-28,136.268485,277015324,37748458563.37
2023-12-29,136.315821,276165324,37645702946.84
2024-01-02,138.714294,275965324,38280335056.09
2024-01-03,138.526876,278415324,38568005110.09
2024-01-04,139.202382,280115324,38992720312.59
2024-01-05,139.166628,281365324,39156663457.99
2024-01-08,140.333544,281265324,39470959650.7
2024-01-09,140.39073,282665324,39683591200.7
2024-01-10,140.973099,282115324,39770671467.11
2024-01-11,140.839623,280915324,39564008404.8
2024-01-12,140.499678,281165324,39503637480.36
2024-01-16,139.726557,281365324,39314208057.5
2024-01-17,139.389443,282515324,39379653700.6
2024-01-18,139.410542,283015324,39455319782.68
2024-01-19,139.522461,283415324,39542803587.92
2024-01-22,140.050804,283015324,39636523585.04
2024-01-23,139.976409,281665324,39426500537.37
2024-01-24,138.707744,281515324,39048355588.79
2024-01-25,138.457324,284765324,39427844767.41
2024-01-26,139.264876,280865324,39114674602.62
2024-01-29,140.214517,280065324,39269224056.43
2024-01-30,140.560668,280315324,39401309114.76
2024-01-31,140.404561,279865324,39294367846.72
2024-02-01,142.177603,281615324,40039391649.4
2024-02-02,142.008814,281565324,39984757624.36
2024-02-05,142.447393,282615324,40257816022.76
2024-02-06,143.988008,283465324,40815607394.04
2024-02-07,144.361807,283765324,40964875070.52
2024-02-08,144.116001,282165324,40664538075.2
2024-02-09,144.036596,282115324,40634930971.52
2024-02-12,144.176758,282265324,40696099299.09
2024-02-13,142.927767,282915324,40436455395.12
2024-02-14,144.106012,282265324,40676130061.69
2024-02-15,145.148431,281115324,40803448179.01
2024-02-16,145.637666,280765324,40890006382.08
2024-02-20,145.055469,280315324,40661270653.75
2024-02-21,145.435835,280515324,40796980379.39
2024-02-22,147.186855,280165324,41236652855.95
2024-02-23,147.839446,279765324,41360350373.26
2024-02-26,147.095334,279865324,41166883209.71
2024-02-27,146.695115,280015324,41076880236.17
2024-02-28,145.948945,280265324,40904428335.92
2024-02-29,144.897924,280615324,40660578007.9
2024-03-01,146.301315,280515324,41039760898.55
2024-03-04,146.107556,280915324,41043851408.0
2024-03-05,144.958764,283465324,41090782882.33
2024-03-06,145.984532,283615324,41403450333.34
2024-03-07,146.716234,283315324,41566957271.16
2024-03-08,146.419234,286865324,42002600885.37
2024-03-11,146.342141,281815324,41241457790.19
2024-03-12,147.043634,282715324,41571488511.35
2024-03-13,146.447498,282665324,41395629544.04
2024-03-14,145.906458,286015324,41731482990.71
2024-03-15,145.395554,281065324,40865648397.36
2024-03-18,144.840212,280615324,40644383043.37
2024-03-19,145.806612,280915324,40959311747.91
2024-03-20,145.46743,281565324,40958584077.77
2024-03-21,145.658574,281165324,40954140183.48
2024-03-22,145.453688,280515324,40801988487.66
2024-03-25,145.223512,279665324,40613980499.13
2024-03-26,145.716297,279315324,40700794609.93
2024-03-27,147.630327,280015324,41338753767.62
2024-03-28,147.79738,279565324,41319022304.86
2024-04-01,146.50439,278165324,40752441180.14
2024-04-02,144.133189,278215324,40100061867.53
2024-04-03,143.988018,278165324,40052473769.9
2024-04-04,142.006856,277715324,39437480094.72
2024-04-05,143.297635,277865324,39817443694.31
2024-04-08,142.75083,277265324,39579855170.59
2024-04-09,143.301623,276015324,39553443868.7
2024-04-10,141.659378,273315324,38717678700.75
2024-04-11,140.964924,273115324,38499680994.5
2024-04-12,138.928238,272265324,37825341706.2
2024-04-15,138.662106,273815324,37967809496.03
2024-04-16,138.69166,272515324,37795602794.17
2024-04-17,138.446704,271615324,37604246240.77
2024-04-18,138.486015,271565324,37607999433.21
2024-04-19,138.947191,271765324,37761028452.86
2024-04-22,139.489474,271365324,37852606330.7
2024-04-23,141.222723,271865324,38393561449.1
2024-04-24,140.868085,271615324,38261930573.46
2024-04-25,139.990546,270115324,37813591784.86
2024-04-26,139.978622,270315324,37838366443.9
2024-04-29,140.442917,270615324,38006005499.32
2024-04-30,140.286673,270415324,37935666123.85
2024-05-01,140.641656,270265324,38010562672.17
2024-05-02,140.481673,270615324,38016493518.54
2024-05-03,140.797667,269065324,37883769925.66
2024-05-06,141.415964,269965324,38177406617.5
2024-05-07,142.560674,269965324,38486438439.19
2024-05-08,142.086159,269815324,38337023092.67
2024-05-09,143.274819,273665324,39209349632.72
2024-05-10,143.591304,270015324,38771852470.21
2024-05-13,143.453874,270165324,38756262398.35
2024-05-14,144.076758,270115324,38917340212.62
2024-05-15,146.171422,269865324,39446598282.52
2024-05-16,146.051339,269465324,39355771330.18
2024-05-17,146.283401,269815324,39469503343.0
2024-05-20,145.932739,273715324,39944026973.47
2024-05-21,146.189819,270165324,39495419759.7
2024-05-22,146.486385,270165324,39575541712.99
2024-05-23,144.91249,268465324,38903978599.18
2024-05-24,144.458256,269315324,38904822129.2
2024-05-28,142.661579,269115324,38392416933.19
2024-05-29,141.526546,269265324,38108191140.35
2024-05-30,141.629507,268665324,38050937404.5
2024-05-31,143.618284,267215324,38377006241.0
2024-06-03,144.676469,266965324,38623600491.28
2024-06-04,145.166974,268865324,39030365489.0
2024-06-05,145.790047,269665324,39314520212.23
2024-06-06,146.264902,270715324,39596150422.87
2024-06-07,146.41885,270315324,39579258845.15
2024-06-10,146.872412,270565324,39738581692.77
2024-06-11,146.366246,270115324,39535765911.33
2024-06-12,146.071311,270565324,39521831455.06
2024-06-13,146.009104,270415324,39483099045.85
2024-06-14,145.886591,270365324,39442675440.11
2024-06-17,145.698609,273365324,39828947354.24
2024-06-18,145.86567,270065324,39393259436.78
2024-06-20,146.39642,269615324,39470718108.64
2024-06-21,146.832765,268915324,39485580459.14
2024-06-24,147.063627,268765324,39525603447.75
2024-06-25,146.613449,269815324,39558555340.88
2024-06-26,146.093282,269165324,39323245546.66
2024-06-27,145.845678,268115324,39103461339.34
2024-06-28,145.773377,268115324,39084076316.14
2024-07-01,144.962251,267065324,38714390652.31
2024-07-02,144.39147,268365324,38749663650.84
2024-07-03,143.341121,268415324,38474953344.07
2024-07-05,144.412524,267865324,38683107513.33
2024-07-08,144.277052,269515324,38884876530.36
2024-07-09,144.894276,268065324,38841130910.13
2024-07-10,146.307838,268665324,39307842810.43
2024-07-11,147.36063,269765324,39752787989.31
2024-07-12,148.224359,271265324,40208128897.0
2024-07-15,147.689358,271965324,40166384035.15
2024-07-16,149.818215,272165324,40775323135.22
2024-07-17,150.540195,273715324,41205158175.8
2024-07-18,147.101858,272315324,40058089990.74
2024-07-19,147.835193,272165324,40235613249.53
2024-07-22,148.694742,271615324,40387770639.54
2024-07-23,148.643929,271515324,40359104442.46
2024-07-24,149.85162,271615324,40701996319.81
2024-07-25,148.996806,271765324,40492165305.53
2024-07-26,149.904496,272615324,40866262689.26
2024-07-29,150.042375,272865324,40941361252.96
2024-07-30,150.202063,270265324,40594409208.78
2024-07-31,149.619567,271765324,40661409991.07
2024-08-01,151.196727,272465324,41195865145.73
2024-08-02,150.879882,273165324,41215151883.64
2024-08-05,146.821505,275015324,40378163761.92
2024-08-06,147.53151,274065324,40433271084.42
2024-08-07,145.95645,270615324,39498051974.85
2024-08-08,149.253845,268715324,40106795207.79
2024-08-09,149.938202,268065324,40193232677.62
2024-08-12,149.353906,268565324,40111280064.55
2024-08-13,151.185242,268415324,40580435714.97
2024-08-14,151.86029,268465324,40769222064.04
2024-08-15,152.795671,268465324,41020339278.1
2024-08-16,152.876537,269515324,41202569310.15
2024-08-19,153.829907,269765324,41497974642.39
2024-08-20,154.396251,270365324,41743392505.74
2024-08-21,154.743185,270365324,41837191301.2
2024-08-22,154.708068,269265324,41657518039.84
2024-08-23,155.512047,269915324,41975084631.98
2024-08-26,155.332995,269315324,41833555864.56
2024-08-27,155.572944,268915324,41835948634.3
2024-08-28,155.756766,269415324,41963259504.6
2024-08-29,156.088158,269765324,42107172406.48
2024-08-30,157.226482,270215324,42485004829.36
2024-09-03,156.889539,267765324,42009578144.15
2024-09-04,156.678252,267915324,41976504693.42
2024-09-05,154.506057,269415324,41626299305.11
2024-09-06,153.886878,270465324,41621064220.59
2024-09-09,155.026011,270815324,41983419520.55
2024-09-10,155.728279,271965324,42352691943.6
2024-09-11,155.340535,270715324,42053063281.98
2024-09-12,155.822062,270765324,42191211110.61
2024-09-13,156.14985,271215324,42350232239.51
2024-09-16,157.180784,275665324,43329291752.32
2024-09-17,155.591449,275515324,42867828368.09
2024-09-18,155.343237,271265324,42139233445.5
2024-09-19,155.87864,271365324,42300057604.95
2024-09-20,155.349324,271015324,42102047470.4
2024-09-23,154.385105,270815324,41809852330.11
2024-09-24,154.04333,271715324,41855933350.46
2024-09-25,152.601252,272165324,41532769261.37
2024-09-26,153.092675,271015324,41490460915.09
2024-09-27,153.060522,272515324,41711337774.29
2024-09-30,154.005363,272315324,41938020297.95
2024-10-01,153.232748,271615324,41620362378.24
2024-10-02,152.919494,270665324,41390004309.01
2024-10-03,151.540051,270615324,41009060029.57
2024-10-04,151.695463,270515324,41035947195.96
2024-10-07,150.956981,271265324,40949394337.85
2024-10-08,151.775243,270465324,41049940148.4
2024-10-09,153.325645,270765324,41515267999.61
2024-10-10,152.785371,271665324,41506487188.89
2024-10-11,153.903793,271965324,41856495007.53
2024-10-14,154.690056,271065324,41931110124.06
2024-10-15,152.8692,270765324,41391678511.02
2024-10-16,153.293274,271515324,41621473018.76
2024-10-17,152.398834,269815324,41119540845.29
2024-10-18,153.130343,270015324,41347539131.65
2024-10-21,151.334608,271965324,41157765720.65
2024-10-22,151.097125,271715324,41055404381.5
2024-10-23,150.401842,271865324,40889045369.92
2024-10-24,149.387237,270365324,40389128752.08
2024-10-25,148.597111,270915324,40257234436.57
2024-10-28,148.786645,270515324,40249067568.65
2024-10-29,148.358933,270515324,40133364903.38
2024-10-30,148.080507,271165324,40154298542.04
2024-10-31,146.886001,271065324,39815701443.52
2024-11-01,147.75673,269665324,39844866571.99
2024-11-04,146.74768,268465324,39396663478.67
2024-11-05,147.847322,268765324,39736233379.87
2024-11-06,148.072121,269615324,39922512957.98
2024-11-07,149.024293,269015324,40089818353.17
2024-11-08,150.132722,269515324,40463069289.51
2024-11-11,149.243986,269615324,40238465674.3
2024-11-12,147.245841,271415324,39964777624.03
2024-11-13,146.802051,270265324,39675503859.83
2024-11-14,144.547783,269665324,38979524617.01
2024-11-15,141.861112,271565324,38524558955.33
2024-11-18,141.894714,270765324,38420168092.72
2024-11-19,141.221726,271165324,38294435054.06
2024-11-20,142.887267,271265324,38760360655.54
2024-11-21,144.073028,269715324,38858703532.45
2024-11-22,144.19762,268965324,38784159508.33
2024-11-25,145.486292,268515324,39065298936.3
2024-11-26,146.220103,268865324,39313515490.55
2024-11-27,146.907143,268015324,39373365603.59
2024-11-29,147.290646,268415324,39535066463.78
2024-12-02,147.100594,267965324,39417858369.41
2024-12-03,146.828885,267215324,39234928142.51
2024-12-04,146.732114,267365324,39231079314.27
2024-12-05,145.092234,267665324,38836159727.46
2024-12-06,144.304421,267965324,38668580881.8
2024-12-09,144.685091,267965324,38770587155.05
2024-12-10,144.020399,268015324,38599673875.89
2024-12-11,142.148183,266415324,37870454306.08
2024-12-12,140.977779,265765324,37467005000.12
2024-12-13,141.015348,266665324,37603903540.34
2024-12-16,139.315286,270415324,37672988255.69
2024-12-17,139.240568,265565324,36977466668.82
2024-12-18,137.336941,266215324,36561198167.19
2024-12-19,136.33162,265765324,36232217244.15
2024-12-20,137.98153,265765324,36670706019.34
2024-12-23,138.783995,265215324,36807642132.62
2024-12-24,139.348358,264565324,36866743375.49
2024-12-26,139.572462,264515324,36919054894.68
2024-12-27,138.888141,265065324,36814430125.7
2024-12-30,137.205,264015324,36224222588.8
2024-12-31,137.541777,264615324,36395661858.82
2025-01-02,137.564882,264315324,36360506372.96
2025-01-03,138.953808,264565324,36762359314.45
2025-01-06,138.927871,264865324,36797175657.6
2025-01-07,139.735828,266615324,37255713024.54
2025-01-08,140.477504,269215324,37818696655.1
2025-01-10,139.670022,268615324,37517508216.19
2025-01-13,141.444104,268065324,37916259542.35
2025-01-14,140.113655,269815324,37804811297.58
2025-01-15,140.559634,268765324,37777555688.21
2025-01-16,141.150282,265815324,37519907874.37
2025-01-17,140.199079,265365324,37203973973.38
2025-01-21,142.515356,264765324,37733124295.2
2025-01-22,142.155217,266765324,37922082626.09
2025-01-23,144.090015,266165324,38351765651.18
2025-01-24,144.350046,269815324,38947854392.19
2025-01-27,147.505293,265115324,39105913435.91
2025-01-28,146.526793,265265324,38868477323.71
2025-01-29,145.692088,265365324,38661628192.87
2025-01-30,147.372811,266565324,39284481228.39
2025-01-31,146.854292,266915324,39197661038.07
2025-02-03,147.437104,267515324,39441684559.54
2025-02-04,147.041279,267315324,39306387253.18
2025-02-05,148.53893,264415324,39275969262.99
2025-02-06,147.148396,264065324,38856788824.02
2025-02-07,146.397176,261315324,38255825378.56
2025-02-10,146.314359,258365324,37802556773.62
2025-02-11,145.993672,259265324,37851096784.93
2025-02-12,145.830089,259465324,37837851169.0
2025-02-13,146.409354,259565324,38002791499.56
2025-02-14,144.849969,260315324,37706666529.38
2025-02-18,144.557188,260665324,37681046248.47
2025-02-19,146.369314,256315324,37516698112.1
2025-02-20,147.183054,257665324,37923969294.32
2025-02-21,146.487543,261215324,38264790941.36
2025-02-24,147.588978,260665324,38471328812.5
2025-02-25,148.848789,260515324,38777390578.29
2025-02-26,147.830242,262815324,38852052853.43
2025-02-27,147.2264,263365324,38774328546.74
2025-02-28,149.027679,263415324,39256174451.87
2025-03-03,149.557051,266865324,39911590848.95
2025-03-04,148.174754,262515324,38898143456.17
2025-03-05,149.672526,262315324,39261397251.49
2025-03-06,149.260626,263765324,39369777351.01
2025-03-07,149.298665,263065324,39275301743.57
2025-03-10,147.741076,263865324,38983747003.69
2025-03-11,146.082895,264665324,38663076648.51
2025-03-12,144.60057,263965324,38169536374.93
2025-03-13,143.869475,263965324,37976552618.32
2025-03-14,144.989353,263815324,38250413077.55
2025-03-17,146.68972,267865324,39293089406.47
2025-03-18,146.863133,264565324,38854892403.8
2025-03-19,146.884638,264265324,38816516571.84
2025-03-20,147.049241,264515324,38896777721.19
2025-03-21,146.60356,264665324,38800878597.74
2025-03-24,147.152965,263665324,38799134215.79
2025-03-25,145.252154,263015324,38203542318.86
2025-03-26,144.722198,263615324,38150989027.46
2025-03-27,144.990596,262615324,38076752433.2
2025-03-28,144.622649,264065324,38189826549.75
2025-03-31,145.93253,263265324,38418974781.52
2025-04-01,143.393358,263715324,37815025800.44
2025-04-02,144.292906,263315324,37994533269.96
2025-04-03,143.148137,263065324,37657310946.79
2025-04-04,135.319886,263915324,35712991631.56
2025-04-07,134.514126,261065324,35116973841.21
2025-04-08,133.092044,260465324,34665862347.36
2025-04-09,138.854869,259415324,36021080908.82
2025-04-10,134.998658,258765324,34932971603.31
2025-04-11,136.955786,257915324,35322995817.79
2025-04-14,138.568733,258715324,35849854662.98
2025-04-15,137.720044,258565324,35609627913.89
2025-04-16,136.342376,258465324,35239776294.76
2025-04-17,135.474448,258915324,35076410538.72
2025-04-21,132.599851,258015324,34212793404.84
2025-04-22,135.006655,258065324,34840536061.24
2025-04-23,135.728113,258365324,35067437860.23
2025-04-24,137.402882,258615324,35534490974.03
2025-04-25,138.096167,258765324,35734499316.52
2025-04-28,138.610678,259215324,35930011929.91
2025-04-29,139.283533,259115324,36090497787.49
2025-04-30,140.522205,260215324,36566031025.18
2025-05-01,136.607222,260965324,35649747928.02
2025-05-02,138.538037,261815324,36271381152.25
2025-05-05,138.057481,262115324,36186981252.94
2025-05-06,134.260501,262115324,35191734816.68
2025-05-07,135.346191,260965324,35320662571.47
2025-05-08,134.112893,260965324,34998814670.91
2025-05-09,132.70905,264615324,35116848161.22
2025-05-12,135.923062,260565324,35416836625.09
2025-05-13,131.896594,262665324,34644661516.49
2025-05-14,128.862717,261515324,33699575172.36
2025-05-15,130.502894,261515324,34128506598.97
2025-05-16,133.126331,263365324,35060859406.59
2025-05-19,134.399355,262515324,35281890210.84
2025-05-20,134.766538,261315324,35216561519.38
2025-05-21,131.573677,260315324,34250644479.09
2025-05-22,130.576711,259465324,33880128707.63
2025-05-23,130.291476,260765324,33975499016.44
2025-05-27,132.186535,260315324,34410180634.58
2025-05-28,131.43117,260565324,34246405507.41
2025-05-29,132.397877,259765324,34392377365.33
2025-05-30,132.735966,260015324,34513385123.79
2025-06-02,132.747382,258415324,34303957812.71
2025-06-03,133.005265,257815324,34290795406.67
2025-06-04,133.290838,257515324,34324433383.19
2025-06-05,133.181044,257465324,34289500675.0
2025-06-06,134.409687,257915324,34666318001.24
2025-06-09,134.208748,257365324,34540677857.04
2025-06-10,135.680008,256865324,34851489343.65
2025-06-11,135.730994,257215324,34912091693.26
2025-06-12,136.834254,255565324,34970090398.58
2025-06-13,136.131024,255965324,34844821657.25
2025-06-16,135.698442,255715324,34700170990.42
2025-06-17,133.485356,255915324,34160948041.09
2025-06-18,133.243154,254565324,33919086755.9
2025-06-20,132.632217,253915324,33677352438.54
2025-06-23,132.146472,253415324,33487941020.59
2025-06-24,133.721811,253765324,33933958631.5
2025-06-25,133.840858,254465324,34057857343.51
2025-06-26,134.158954,254115324,34091846177.01
2025-06-27,133.963704,254465324,34089117284.28
2025-06-30,134.811418,254815324,34352015132.23
2025-07-01,136.691841,254265324,34755995256.13
2025-07-02,135.368291,256215324,34683430631.02
2025-07-03,135.554585,255265324,34602385111.36
2025-07-07,134.37699,254415324,34187565452.32
2025-07-08,134.953897,252415324,34064431654.18
2025-07-09,135.53081,253165324,34311701419.75
2025-07-10,136.379193,252415324,34424198191.12
2025-07-11,135.185811,251365324,33981025142.7
2025-07-14,135.055932,248765324,33597232803.45
2025-07-15,132.623751,250065324,33164601272.27
2025-07-16,134.238755,245815324,32997942964.58
2025-07-17,132.650771,247015324,32766773248.44
2025-07-18,131.857087,247065324,32577313973.74
2025-07-21,131.051168,247165324,32391304469.28
2025-07-22,133.556145,247165324,33010447949.35
2025-07-23,136.267464,248965324,33925873328.06
2025-07-24,135.695188,250265324,33959800278.03
2025-07-25,136.436065,249815324,34083819810.04
2025-07-28,135.307199,249815324,33801811643.54
2025-07-29,134.376623,248765324,33428244155.74
2025-07-30,134.154234,247915324,33258890347.55
2025-07-31,130.418825,248815324,32450202112.95
2025-08-01,131.177916,245665324,32225865355.68
2025-08-04,133.021642,245865324,32705409055.09
2025-08-05,132.506764,246465324,32658322440.61
2025-08-06,130.49815,246415324,32156744023.81
2025-08-07,128.988194,246265324,31765319312.73
2025-08-08,130.15113,244615324,31836960752.49
2025-08-11,130.239033,245365324,31956142464.25
2025-08-12,131.200887,245565324,32218388408.21
2025-08-13,133.275946,243965324,32514709380.47
2025-08-14,133.943514,244215324,32711058598.95
2025-08-15,136.189731,241915324,32946382826.08
2025-08-18,135.885365,242265324,32920311903.08
2025-08-19,136.721686,242915324,33211792583.72
2025-08-20,137.538465,243965324,33554616276.73
2025-08-21,137.034101,243915324,33424717192.83
2025-08-22,138.189565,244415324,33775647362.07
2025-08-25,136.205029,244465324,33297406516.87
2025-08-26,137.03999,245165324,33597453648.71
2025-08-27,136.99244,246065324,33709089210.38
2025-08-28,136.419777,246615324,33643207435.05
2025-08-29,137.417417,247165324,33964820419.15
2025-09-02,137.513833,247565324,34043656657.51
2025-09-03,136.955092,247015324,33830006437.7
2025-09-04,137.463992,247915324,34079430171.21
2025-09-05,137.905117,248865324,34319801705.12
2025-09-08,137.755707,249515324,34372159965.7
2025-09-09,138.576715,249565324,34583942669.36
2025-09-10,137.330295,250565324,34410209883.4
2025-09-11,139.698428,249615324,34870868445.46
2025-09-12,138.124351,250165324,34553922959.86
2025-09-15,136.876818,250065324,34228145860.44
2025-09-16,136.918801,248715324,34053803883.02
2025-09-17,137.240775,246565324,33838816110.32
2025-09-18,137.485595,246715324,33919803091.56
2025-09-19,137.28146,246565324,33848847641.56
2025-09-22,136.600681,244565324,33407789707.13
2025-09-23,136.928632,244565324,33487995194.29
2025-09-24,136.435485,245565324,33503824157.65
2025-09-25,134.155559,244965324,32863459935.73
2025-09-26,135.502123,243515324,32996843304.47
2025-09-29,135.888354,244115324,33172429462.65
2025-09-30,139.225304,244315324,34014875178.33
2025-10-01,143.411836,247115324,35439262238.6
2025-10-02,143.138281,248115324,35514801076.01
2025-10-03,144.787243,248665324,36003566628.5
2025-10-06,144.093429,249265324,35917495170.63
2025-10-07,144.203251,249665324,36002551269.88
2025-10-08,144.459512,249765324,36080976817.6
2025-10-09,144.231397,250465324,36124963557.42
2025-10-10,142.087847,250565324,35602287422.79
2025-10-13,141.96433,250465324,35557141916.82
2025-10-14,142.345217,251415324,35787768814.95
2025-10-15,142.494826,251865324,35889505551.75
2025-10-16,142.336238,251715324,35828212389.88
2025-10-17,143.238612,252315324,36141296728.0
2025-10-20,144.771072,251815324,36455574309.45
2025-10-21,145.073454,250715324,36372138064.96
2025-10-22,145.963744,252315324,36828889456.11
2025-10-23,146.03221,252865324,36926482210.64
2025-10-24,145.995909,252665324,36888103669.52
2025-10-27,146.402543,252515324,36968885574.89
2025-10-28,145.402632,251915324,36629151160.79
2025-10-29,143.995079,251915324,36274567086.19
2025-10-30,144.317465,253065324,36521746058.92
2025-10-31,144.196656,253065324,36491173424.64
2025-11-03,144.377239,250865324,36219242733.76
2025-11-04,144.951579,251865324,36508276287.72
2025-11-05,145.593554,251965324,36684526933.13
2025-11-06,145.86942,250915324,36600872873.72
2025-11-07,146.115766,252265324,36859941140.26
2025-11-10,147.277645,252415324,37175134430.74
2025-11-11,150.702733,252515324,38054749428.27
2025-11-12,152.754617,253965324,38794375721.71
2025-11-13,152.726004,255415324,39008561914.46
2025-11-14,151.803029,256665324,38962573643.29
2025-11-17,151.716638,257765324,39107288277.24
2025-11-18,152.541896,258765324,39472553048.34
2025-11-19,152.323773,257615324,39240938153.52
2025-11-20,151.379362,257715324,39012781252.76
2025-11-21,154.610921,257065324,39745106526.1
2025-11-24,155.33916,259265324,40274057668.23
2025-11-25,158.782045,260065324,41293703956.65
2025-11-26,158.386167,259715324,41135314588.49
2025-11-28,157.601218,259115324,40836890645.5
2025-12-01,155.254177,259715324,40321888960.05
2025-12-02,154.35021,260065324,40141137488.58
2025-12-03,155.063039,261665324,40574620469.13
2025-12-04,153.9383,261765324,40295709087.02
2025-12-05,153.314797,261715324,40124831813.31
2025-12-08,151.437098,261615324,39618265348.13
2025-12-09,149.950894,260615324,39079500788.42
2025-12-10,152.119277,261865324,39834763667.58
2025-12-11,153.564204,262565324,40320634944.55
2025-12-12,154.029248,262165324,40381127710.28
2025-12-15,156.084998,261915324,40881052711.97
2025-12-16,154.090864,260815324,40189258650.11
2025-12-17,153.758069,260265324,40017893702.45
2025-12-18,153.88659,259265324,39897456511.96
2025-12-19,154.968118,259915324,40278588712.06
2025-12-22,155.333304,258115324,40093906144.44
2025-12-23,155.030302,256915324,39829660157.91
2025-12-24,155.768878,256715324,39988258065.26
2025-12-26,156.007471,256515324,40018306972.32
2025-12-29,155.778674,256915324,40021928607.8
2025-12-30,155.649802,256565324,39934341951.82
2025-12-31,154.782067,256565324,39711711249.77
2026-01-02,155.496175,256465324,39879376856.49
2026-01-05,155.014035,257615324,39933990737.9
2026-01-06,158.046224,257965324,40770445255.92
2026-01-07,159.646576,261865324,41805902391.41
2026-01-08,158.188614,263365324,41661395497.94
2026-01-09,157.276667,263515324,41444811936.56
2026-01-12,157.383566,264065324,41559542296.0
2026-01-13,156.757095,264465324,41456816038.98
2026-01-14,157.857258,263965324,41668842245.12
2026-01-15,156.969033,264215324,41473624031.82
2026-01-16,155.7276,265715324,41379209728.98
2026-01-20,155.414477,265265324,41226071619.51
2026-01-21,158.216763,266315324,42135548458.49
2026-01-22,158.292789,266415324,42171624660.03
2026-01-23,157.467657,265765324,41849442866.6
2026-01-26,158.115753,265065324,41911003404.8
2026-01-27,155.492774,264965324,41200193262.17
2026-01-28,154.290851,264915324,40874010858.1
2026-01-29,153.867805,264565324,40708085809.48
2026-01-30,154.747639,264815324,40979546263.33
2026-02-02,155.691211,264715324,41213849442.75
2026-02-03,154.125131,265365324,40899465311.06
2026-02-04,156.01281,266565324,41587605237.91
2026-02-05,154.92159,267015324,41366438586.26
2026-02-06,157.697414,267915324,42249553855.79
2026-02-09,156.337346,267515324,41822635857.42
2026-02-10,155.359494,267015324,41483365506.05
2026-02-11,156.290743,266765324,41692950645.16
2026-02-12,156.031887,264965324,41343039551.06
2026-02-13,157.68342,264315324,41678144283.69
2026-02-17,157.378845,265665324,41810101758.8
2026-02-18,157.704907,265965324,41944036587.31
2026-02-19,157.267664,265465324,41749111466.14
2026-02-20,156.768162,265115324,41561642050.32
2026-02-23,158.5722,264715324,41976491194.11
2026-02-24,157.812718,265515324,41901694951.35
2026-02-25,157.779444,266015324,41971749793.95
2026-02-26,157.420083,267015324,42033574477.79
2026-02-27,160.210293,269115324,43115045042.89
2026-03-02,158.597631,267965324,42498665600.06
2026-03-03,156.791088,267365324,41920499952.05
2026-03-04,157.090915,265215324,41662917868.33
2026-03-05,153.992296,265715324,40918112788.0
2026-03-06,152.793931,263915324,40324659818.94
2026-03-09,154.296894,263165324,40605591995.8
2026-03-10,153.191314,262815324,40261024936.66
2026-03-11,152.890805,262265324,40097956406.02
2026-03-12,150.202479,262115324,39370371347.5
2026-03-13,149.813719,261315324,39148620407.24
2026-03-16,150.992615,261015324,39411386412.29
2026-03-17,149.601016,262265324,39235158901.18
2026-03-18,147.191844,262315324,38610676228.5
2026-03-19,146.614467,263465324,38627827965.46
2026-03-20,145.312932,263365324,38270387480.41
2026-03-23,144.764393,264865324,38343067796.87
2026-03-24,144.817448,266165324,38545382966.9
2026-03-25,146.236171,264465324,38674396315.86
2026-03-26,145.742962,265365324,38675128432.12
2026-03-27,143.289481,263565324,37766138370.8
2026-03-30,143.805008,263665324,37916393999.85
2026-03-31,146.607054,263315324,38603883815.72
2026-04-01,147.780028,264465324,39082693071.81
2026-04-02,146.812863,263565324,38694779787.32
2026-04-06,146.263075,263365324,38520622044.19
2026-04-07,146.597096,262915324,38542623033.02
2026-04-08,149.61478,261965324,39193884207.86
2026-04-09,149.330615,261115324,38992511845.32
2026-04-10,147.343953,261615324,38547435953.17
2026-04-13,148.024171,261465324,38703187708.94
2026-04-14,148.75967,261615324,38917809283.15
2026-04-15,147.799867,265265324,39206179624.65
2026-04-16,146.656726,262765324,38536302129.72
2026-04-17,148.789983,262265324,39022453173.33
2026-04-20,147.411359,261865324,38601923279.57
2026-04-21,145.915846,265615324,38757484632.12
2026-04-22,146.356332,264815324,38757399395.4
2026-04-23,146.227929,263765324,38569856996.13
2026-04-24,144.217169,264365324,38126018710.4
2026-04-27,143.438556,263065324,37733710240.41
2026-04-28,143.785867,263315324,37861022027.88
2026-04-29,142.790516,262115324,37427582236.45
2026-04-30,145.937849,259565324,37880405035.59
2026-05-01,145.173322,260665324,37841651118.23
2026-05-04,144.753433,260315324,37681536709.73
2026-05-05,145.308414,259065324,37644371405.59
2026-05-06,145.429755,257265324,37414033140.76
2026-05-07,144.734567,257665324,37293078991.52
2026-05-08,143.561886,258965324,37177550301.19
2026-05-11,143.013745,255965324,36606559541.21
2026-05-12,145.779818,256315324,37365601213.09
2026-05-13,146.698096,255515324,37483611458.74
2026-05-14,146.586719,259065324,37975535928.92
2026-05-15,145.074155,259865324,37699742267.78
2026-05-18,145.682975,257165324,37464609392.05
2026-05-19,147.265121,256115324,37716854162.87
2026-05-20,147.169192,258015324,37971906875.44
2026-05-21,148.111864,257815324,38185508272.54
2026-05-22,149.879012,256665324,38468745133.53
2026-05-26,148.437735,260715324,38699992074.74
2026-05-27,148.764324,257215324,38264463863.57
2026-05-28,150.862066,256265324,38660716324.74
2026-05-29,149.544471,255765324,38248289970.86
2026-06-01,147.795774,251615324,37187681573.32
2026-06-02,146.336067,252115324,36893564862.24
2026-06-03,147.350575,255165324,37598757298.87
2026-06-04,152.013182,254915324,38750489567.96
2026-06-05,153.004728,256465324,39240407130.84
2026-06-08,152.663256,254515324,38855138108.98
2026-06-09,154.606425,254465324,39341974114.4
2026-06-10,152.843846,254815324,38946954146.05
2026-06-11,154.068384,255315324,39336019310.9
2026-06-12,153.826662,255815324,39351217479.26
2026-06-15,152.893249,255865324,39120080582.25
2026-06-16,152.867958,255665324,39083036111.42
2026-06-17,150.720809,255215324,38466260119.64
2026-06-18,149.435878,254765324,38071079884.95
2026-06-22,150.073552,251165324,37693272426.58
2026-06-23,152.123346,252765324,38451506909.77
2026-06-24,153.324215,252265324,38678382715.99
2026-06-25,155.602779,254515324,39603291611.47
2026-06-26,160.552731,255565324,41031710829.61
2026-06-29,160.810602,254665324,40952884070.59
2026-06-30,158.735142,255765324,40598944976.43
2026-07-01,159.564652,256415324,40914821871.73
2026-07-02,163.904319,257165324,42150507267.62
2026-07-06,161.990671,259065324,41966165769.42
2026-07-07,164.503327,258615324,42543081141.89
2026-07-08,162.342015,256965324,41716268475.59
2026-07-09,162.201809,256765324,41647800082.38
2026-07-10,160.881333,258015324,41509849246.77
2026-07-13,161.280407,257165324,41475728045.86
2026-07-14,158.204797,257215324,40692698118.38
2026-07-15,158.319284,256715324,40642986249.19
2026-07-16,161.81669,258765324,41872548187.02
2026-07-17,161.111439,259515324,41810887321.87
2026-07-20,159.258098,260415324,41473249248.17
2026-07-21,160.269845,260415324,41736723667.64
2026-07-22,159.368775,261615324,41693313689.66
2026-07-23,161.44635,258065324,41663704743.71
2026-07-24,162.551361,261715324,42542182085.07
2026-07-27,163.393978,257965324,42149980598.64
2026-07-28,167.197534,257515324,43055927110.31
2026-07-29,166.182982,257065324,42719882125.19
2026-07-30,163.44062,257565324,42096636314.0
2026-07-31,162.536052,256865324,41749875613.88
2026-08-03,162.250729,257115324,41717148870.91
2026-08-04,162.02752,258415324,41870393968.19
