date,nav,shares_outstanding,total_net_assets
2003-12-01,30.63,,
2003-12-02,30.37,,
2003-12-03,30.28,,
2003-12-04,30.18,,
2003-12-05,29.87,,
2003-12-08,30.03,,
2003-12-09,29.96,,
2003-12-10,29.76,,
2003-12-11,30.25,,
2003-12-12,30.38,,
2003-12-15,30.18,,
2003-12-16,30.19,,
2003-12-17,30.41,,
2003-12-18,30.83,,
2003-12-19,30.84,,
2003-12-22,31.01,,
2003-12-23,31.05,,
2003-12-24,30.93,,
2003-12-26,31.01,,
2003-12-29,31.34,,
2003-12-30,31.32,,
2003-12-31,31.48,,
2004-01-02,31.23,,
2004-01-05,31.48,,
2004-01-06,31.62,,
2004-01-07,31.74,,
2004-01-08,31.73,,
2004-01-09,31.48,,
2004-01-12,31.49,,
2004-01-13,31.44,,
2004-01-14,31.69,,
2004-01-15,31.72,,
2004-01-16,31.71,,
2004-01-20,31.56,,
2004-01-21,31.94,,
2004-01-22,32.11,,
2004-01-23,32.04,,
2004-01-26,32.15,,
2004-01-27,31.83,,
2004-01-28,31.09,,
2004-01-29,31.36,,
2004-01-30,31.23,,
2004-02-02,31.22,,
2004-02-03,31.1,,
2004-02-04,30.95,,
2004-02-05,31.2,,
2004-02-06,31.6,,
2004-02-09,31.63,,
2004-02-10,31.87,,
2004-02-11,32.26,,
2004-02-12,32.01,,
2004-02-13,31.71,,
2004-02-17,32.09,,
2004-02-18,31.99,,
2004-02-19,31.9,,
2004-02-20,31.78,,
2004-02-23,31.55,,
2004-02-24,31.52,,
2004-02-25,31.69,,
2004-02-26,31.88,,
2004-02-27,31.88,,
2004-03-01,32.2,,
2004-03-02,32.05,,
2004-03-03,32.14,,
2004-03-04,32.29,,
2004-03-05,32.38,,
2004-03-08,32.07,,
2004-03-09,31.86,,
2004-03-10,31.33,,
2004-03-11,30.95,,
2004-03-12,31.39,,
2004-03-15,30.79,,
2004-03-16,30.91,,
2004-03-17,31.39,,
2004-03-18,31.39,,
2004-03-19,31.16,,
2004-03-22,30.69,,
2004-03-23,30.65,,
2004-03-24,30.7,,
2004-03-25,31.27,,
2004-03-26,31.29,,
2004-03-29,31.63,,
2004-03-30,31.78,,
2004-03-31,31.8,,
2004-04-01,31.87,,
2004-04-02,32.13,,
2004-04-05,32.49,,
2004-04-06,32.5,,
2004-04-07,32.14,,
2004-04-08,32.03,,
2004-04-12,32.21,,
2004-04-13,31.68,,
2004-04-14,31.66,,
2004-04-15,31.64,,
2004-04-16,31.86,,
2004-04-19,31.89,,
2004-04-20,31.6,,
2004-04-21,31.78,,
2004-04-22,32.32,,
2004-04-23,32.23,,
2004-04-26,32.03,,
2004-04-27,32.21,,
2004-04-28,31.88,,
2004-04-29,31.59,,
2004-04-30,31.3,,
2004-05-03,31.52,,
2004-05-04,31.46,,
2004-05-05,31.49,,
2004-05-06,31.02,,
2004-05-07,30.38,,
2004-05-10,29.99,,
2004-05-11,30.44,,
2004-05-12,30.46,,
2004-05-13,30.35,,
2004-05-14,30.4,,
2004-05-17,29.95,,
2004-05-18,30.39,,
2004-05-19,30.3,,
2004-05-20,30.32,,
2004-05-21,30.49,,
2004-05-24,30.74,,
2004-05-25,31.38,,
2004-05-26,31.42,,
2004-05-27,31.42,,
2004-05-28,31.53,,
2004-06-01,31.55,,
2004-06-02,31.67,,
2004-06-03,31.49,,
2004-06-04,31.59,,
2004-06-07,32.03,,
2004-06-08,32.18,,
2004-06-09,31.91,,
2004-06-10,32.05,,
2004-06-14,31.65,,
2004-06-15,31.85,,
2004-06-16,31.9,,
2004-06-17,31.91,,
2004-06-18,31.9,,
2004-06-21,31.77,,
2004-06-22,31.67,,
2004-06-23,31.9,,
2004-06-24,31.89,,
2004-06-25,31.88,,
2004-06-28,31.8,,
2004-06-29,31.56,,
2004-06-30,31.65,,
2004-07-01,31.44,,
2004-07-02,31.31,,
2004-07-06,31.03,,
2004-07-07,31.03,,
2004-07-08,30.56,,
2004-07-09,30.71,,
2004-07-12,30.82,,
2004-07-13,30.93,,
2004-07-14,30.81,,
2004-07-15,30.68,,
2004-07-16,30.31,,
2004-07-19,30.18,,
2004-07-20,30.55,,
2004-07-21,30.25,,
2004-07-22,30.32,,
2004-07-23,30.05,,
2004-07-26,29.87,,
2004-07-27,30.39,,
2004-07-28,30.25,,
2004-07-29,30.42,,
2004-07-30,30.39,,
2004-08-02,30.63,,
2004-08-03,30.33,,
2004-08-04,30.13,,
2004-08-05,29.61,,
2004-08-06,29.18,,
2004-08-09,29.15,,
2004-08-10,29.58,,
2004-08-11,29.34,,
2004-08-12,28.96,,
2004-08-13,29.02,,
2004-08-16,29.7,,
2004-08-17,30.0,,
2004-08-18,30.34,,
2004-08-19,30.27,,
2004-08-20,30.47,,
2004-08-23,30.34,,
2004-08-24,30.41,,
2004-08-25,30.62,,
2004-08-26,30.62,,
2004-08-27,30.62,,
2004-08-30,30.34,,
2004-08-31,30.38,,
2004-09-01,30.45,,
2004-09-02,30.95,,
2004-09-03,30.9,,
2004-09-07,31.15,,
2004-09-08,31.05,,
2004-09-09,30.88,,
2004-09-10,31.16,,
2004-09-13,31.26,,
2004-09-14,31.41,,
2004-09-15,31.24,,
2004-09-16,31.4,,
2004-09-17,31.4,,
2004-09-20,31.22,,
2004-09-21,31.4,,
2004-09-22,31.04,,
2004-09-23,31.07,,
2004-09-24,31.2,,
2004-09-27,30.96,,
2004-09-28,30.96,,
2004-09-29,31.11,,
2004-09-30,31.22,,
2004-10-01,31.62,,
2004-10-04,31.87,,
2004-10-05,31.81,,
2004-10-06,32.02,,
2004-10-07,31.79,,
2004-10-08,31.53,,
2004-10-11,31.67,,
2004-10-12,31.59,,
2004-10-13,31.52,,
2004-10-14,31.24,,
2004-10-15,31.39,,
2004-10-18,31.67,,
2004-10-19,31.46,,
2004-10-20,31.32,,
2004-10-21,31.61,,
2004-10-22,31.32,,
2004-10-25,31.24,,
2004-10-26,31.78,,
2004-10-27,32.28,,
2004-10-28,32.49,,
2004-10-29,32.49,,
2004-11-01,32.58,,
2004-11-02,32.69,,
2004-11-03,32.84,,
2004-11-04,33.53,,
2004-11-05,33.67,,
2004-11-08,33.62,,
2004-11-09,33.64,,
2004-11-10,33.64,,
2004-11-11,33.96,,
2004-11-12,34.25,,
2004-11-15,34.34,,
2004-11-16,33.97,,
2004-11-17,34.06,,
2004-11-18,34.16,,
2004-11-19,33.72,,
2004-11-22,33.98,,
2004-11-23,34.18,,
2004-11-24,34.36,,
2004-11-26,34.38,,
2004-11-29,34.17,,
2004-11-30,33.82,,
2004-12-01,34.37,,
2004-12-02,34.39,,
2004-12-03,34.27,,
2004-12-06,34.21,,
2004-12-07,33.96,,
2004-12-08,34.18,,
2004-12-09,34.45,,
2004-12-10,34.37,,
2004-12-13,34.53,,
2004-12-14,34.71,,
2004-12-15,34.84,,
2004-12-16,34.76,,
2004-12-17,34.45,,
2004-12-20,34.46,,
2004-12-21,34.67,,
2004-12-22,34.89,,
2004-12-23,34.83,,
2004-12-27,34.85,,
2004-12-28,35.27,,
2004-12-29,35.3,,
2004-12-30,35.38,,
2004-12-31,35.29,,
2005-01-03,35.11,,
2005-01-04,34.67,,
2005-01-05,34.53,,
2005-01-06,34.38,,
2005-01-07,34.33,,
2005-01-10,34.47,,
2005-01-11,34.25,,
2005-01-12,34.46,,
2005-01-13,34.19,,
2005-01-14,34.5,,
2005-01-18,34.78,,
2005-01-19,34.46,,
2005-01-20,33.84,,
2005-01-21,33.68,,
2005-01-24,33.4,,
2005-01-25,33.49,,
2005-01-26,33.66,,
2005-01-27,33.58,,
2005-01-28,33.45,,
2005-01-31,33.82,,
2005-02-01,33.77,,
2005-02-02,33.93,,
2005-02-03,33.86,,
2005-02-04,34.16,,
2005-02-07,34.21,,
2005-02-08,34.13,,
2005-02-09,33.78,,
2005-02-10,33.89,,
2005-02-11,34.12,,
2005-02-14,34.05,,
2005-02-15,34.33,,
2005-02-16,34.27,,
2005-02-17,34.08,,
2005-02-18,33.99,,
2005-02-22,33.35,,
2005-02-23,33.54,,
2005-02-24,33.61,,
2005-02-25,33.77,,
2005-02-28,33.67,,
2005-03-01,33.99,,
2005-03-02,33.99,,
2005-03-03,33.97,,
2005-03-04,34.21,,
2005-03-07,34.33,,
2005-03-08,34.09,,
2005-03-09,33.72,,
2005-03-10,33.8,,
2005-03-11,33.68,,
2005-03-14,33.83,,
2005-03-15,33.85,,
2005-03-16,33.6,,
2005-03-17,33.61,,
2005-03-18,33.45,,
2005-03-21,33.28,,
2005-03-22,33.01,,
2005-03-23,32.87,,
2005-03-24,32.88,,
2005-03-28,33.08,,
2005-03-29,32.78,,
2005-03-30,33.21,,
2005-03-31,33.22,,
2005-04-01,32.91,,
2005-04-04,33.01,,
2005-04-05,33.23,,
2005-04-06,33.08,,
2005-04-07,33.23,,
2005-04-08,32.93,,
2005-04-11,32.8,,
2005-04-12,33.05,,
2005-04-13,32.58,,
2005-04-14,32.13,,
2005-04-15,31.44,,
2005-04-18,31.54,,
2005-04-19,31.56,,
2005-04-20,31.09,,
2005-04-21,31.82,,
2005-04-22,31.35,,
2005-04-25,31.62,,
2005-04-26,31.38,,
2005-04-27,31.44,,
2005-04-28,31.01,,
2005-04-29,31.07,,
2005-05-02,31.23,,
2005-05-03,31.34,,
2005-05-04,32.01,,
2005-05-05,31.85,,
2005-05-06,31.8,,
2005-05-09,32.02,,
2005-05-10,31.65,,
2005-05-11,31.65,,
2005-05-12,31.47,,
2005-05-13,31.44,,
2005-05-16,31.81,,
2005-05-17,32.09,,
2005-05-18,32.71,,
2005-05-19,33.0,,
2005-05-20,32.89,,
2005-05-23,33.06,,
2005-05-24,33.03,,
2005-05-25,32.9,,
2005-05-26,33.09,,
2005-05-27,33.12,,
2005-05-31,32.89,,
2005-06-01,33.12,,
2005-06-02,33.31,,
2005-06-03,33.02,,
2005-06-06,33.08,,
2005-06-07,33.13,,
2005-06-08,33.0,,
2005-06-09,33.1,,
2005-06-10,33.09,,
2005-06-13,33.19,,
2005-06-14,33.53,,
2005-06-15,33.55,,
2005-06-16,33.64,,
2005-06-17,33.68,,
2005-06-20,33.69,,
2005-06-21,33.69,,
2005-06-22,33.69,,
2005-06-23,33.14,,
2005-06-24,32.86,,
2005-06-27,32.69,,
2005-06-28,33.14,,
2005-06-29,32.94,,
2005-06-30,32.79,,
2005-07-01,32.82,,
2005-07-05,33.16,,
2005-07-06,32.89,,
2005-07-07,32.96,,
2005-07-08,33.44,,
2005-07-11,33.69,,
2005-07-12,33.87,,
2005-07-13,33.81,,
2005-07-14,33.94,,
2005-07-15,34.14,,
2005-07-18,34.13,,
2005-07-19,34.33,,
2005-07-20,34.49,,
2005-07-21,34.39,,
2005-07-22,34.6,,
2005-07-25,34.34,,
2005-07-26,34.55,,
2005-07-27,34.66,,
2005-07-28,34.99,,
2005-07-29,34.65,,
2005-08-01,34.67,,
2005-08-02,34.81,,
2005-08-03,34.7,,
2005-08-04,34.37,,
2005-08-05,34.1,,
2005-08-08,34.03,,
2005-08-09,34.39,,
2005-08-10,34.35,,
2005-08-11,34.53,,
2005-08-12,34.45,,
2005-08-15,34.64,,
2005-08-16,34.02,,
2005-08-17,34.17,,
2005-08-18,34.07,,
2005-08-19,33.89,,
2005-08-22,33.84,,
2005-08-23,33.75,,
2005-08-24,33.48,,
2005-08-25,33.61,,
2005-08-26,33.41,,
2005-08-29,33.53,,
2005-08-30,33.22,,
2005-08-31,33.48,,
2005-09-01,33.15,,
2005-09-02,33.03,,
2005-09-06,33.59,,
2005-09-07,33.88,,
2005-09-08,33.57,,
2005-09-09,33.8,,
2005-09-12,33.91,,
2005-09-13,33.45,,
2005-09-14,33.11,,
2005-09-15,33.17,,
2005-09-16,33.14,,
2005-09-19,32.72,,
2005-09-20,32.15,,
2005-09-21,31.66,,
2005-09-22,32.17,,
2005-09-23,32.25,,
2005-09-26,32.26,,
2005-09-27,32.18,,
2005-09-28,31.98,,
2005-09-29,32.25,,
2005-09-30,32.46,,
2005-10-03,32.39,,
2005-10-04,32.15,,
2005-10-05,31.64,,
2005-10-06,31.65,,
2005-10-07,31.69,,
2005-10-10,31.43,,
2005-10-11,31.32,,
2005-10-12,30.96,,
2005-10-13,31.08,,
2005-10-14,31.38,,
2005-10-17,31.48,,
2005-10-18,31.09,,
2005-10-19,31.7,,
2005-10-20,31.31,,
2005-10-21,31.25,,
2005-10-24,31.83,,
2005-10-25,31.58,,
2005-10-26,31.41,,
2005-10-27,30.75,,
2005-10-28,31.34,,
2005-10-31,31.81,,
2005-11-01,31.83,,
2005-11-02,32.39,,
2005-11-03,32.42,,
2005-11-04,32.53,,
2005-11-07,32.76,,
2005-11-08,32.37,,
2005-11-09,32.4,,
2005-11-10,32.93,,
2005-11-11,33.02,,
2005-11-14,33.03,,
2005-11-15,32.56,,
2005-11-16,32.5,,
2005-11-17,32.98,,
2005-11-18,33.16,,
2005-11-21,33.31,,
2005-11-22,33.46,,
2005-11-23,33.65,,
2005-11-25,33.66,,
2005-11-28,33.34,,
2005-11-29,33.28,,
2005-11-30,33.09,,
2005-12-01,33.47,,
2005-12-02,33.59,,
2005-12-05,33.39,,
2005-12-06,33.52,,
2005-12-07,33.48,,
2005-12-08,33.28,,
2005-12-09,33.34,,
2005-12-12,33.44,,
2005-12-13,33.59,,
2005-12-14,33.74,,
2005-12-15,33.64,,
2005-12-16,33.37,,
2005-12-19,33.02,,
2005-12-20,32.95,,
2005-12-21,32.97,,
2005-12-22,33.01,,
2005-12-23,33.08,,
2005-12-27,32.82,,
2005-12-28,32.85,,
2005-12-29,32.85,,
2005-12-30,32.65,,
2006-01-03,33.0,,
2006-01-04,33.01,,
2006-01-05,33.06,,
2006-01-06,33.36,,
2006-01-09,33.64,,
2006-01-10,33.69,,
2006-01-11,33.84,,
2006-01-12,33.56,,
2006-01-13,33.58,,
2006-01-17,33.35,,
2006-01-18,33.29,,
2006-01-19,33.54,,
2006-01-20,32.93,,
2006-01-23,32.93,,
2006-01-24,33.26,,
2006-01-25,33.12,,
2006-01-26,33.28,,
2006-01-27,33.42,,
2006-01-30,33.35,,
2006-01-31,33.25,,
2006-02-01,33.36,,
2006-02-02,33.27,,
2006-02-03,33.15,,
2006-02-06,33.12,,
2006-02-07,32.91,,
2006-02-08,33.19,,
2006-02-09,33.16,,
2006-02-10,33.24,,
2006-02-13,33.17,,
2006-02-14,33.55,,
2006-02-15,33.72,,
2006-02-16,33.82,,
2006-02-17,33.63,,
2006-02-21,33.43,,
2006-02-22,33.67,,
2006-02-23,33.53,,
2006-02-24,33.45,,
2006-02-27,33.76,,
2006-02-28,33.48,,
2006-03-01,33.72,,
2006-03-02,33.51,,
2006-03-03,33.45,,
2006-03-06,33.27,,
2006-03-07,33.15,,
2006-03-08,33.2,,
2006-03-09,33.05,,
2006-03-10,33.34,,
2006-03-13,33.33,,
2006-03-14,33.71,,
2006-03-15,33.85,,
2006-03-16,33.96,,
2006-03-17,34.01,,
2006-03-20,33.92,,
2006-03-21,33.75,,
2006-03-22,33.84,,
2006-03-23,33.82,,
2006-03-24,33.81,,
2006-03-27,33.78,,
2006-03-28,33.62,,
2006-03-29,33.87,,
2006-03-30,33.76,,
2006-03-31,33.63,,
2006-04-03,33.55,,
2006-04-04,33.71,,
2006-04-05,33.94,,
2006-04-06,34.04,,
2006-04-07,33.87,,
2006-04-10,33.83,,
2006-04-11,33.59,,
2006-04-12,33.53,,
2006-04-13,33.63,,
2006-04-17,33.4,,
2006-04-18,33.88,,
2006-04-19,33.79,,
2006-04-20,33.92,,
2006-04-21,33.7,,
2006-04-24,33.62,,
2006-04-25,33.6,,
2006-04-26,33.82,,
2006-04-27,34.08,,
2006-04-28,34.06,,
2006-05-01,33.94,,
2006-05-02,33.95,,
2006-05-03,33.99,,
2006-05-04,34.19,,
2006-05-05,34.61,,
2006-05-08,34.64,,
2006-05-09,34.75,,
2006-05-10,34.78,,
2006-05-11,34.44,,
2006-05-12,34.13,,
2006-05-15,34.19,,
2006-05-16,33.91,,
2006-05-17,33.47,,
2006-05-18,33.44,,
2006-05-19,33.7,,
2006-05-22,33.43,,
2006-05-23,33.22,,
2006-05-24,33.23,,
2006-05-25,33.54,,
2006-05-26,33.69,,
2006-05-30,33.2,,
2006-05-31,33.53929,14401125,483003502.63
2006-06-01,34.078502,13951125,475433443.83
2006-06-02,33.936815,13951125,473456748.92
2006-06-05,33.416096,13951125,466192131.26
2006-06-06,33.251811,13951125,463900174.57
2006-06-07,33.270172,12151125,404270021.06
2006-06-08,33.248849,12151125,404010918.7
2006-06-09,33.125508,12151125,402512188.97
2006-06-12,32.696419,12151125,397298272.75
2006-06-13,32.433926,11751125,381135115.42
2006-06-14,32.619817,12901125,420832334.57
2006-06-15,33.307265,13151125,438028010.67
2006-06-16,33.112296,11151125,369239351.56
2006-06-19,32.959959,13901125,458180505.03
2006-06-20,32.851011,13901125,456666017.16
2006-06-21,33.160721,13901125,460971330.0
2006-06-22,32.927454,13901125,457728647.79
2006-06-23,32.847122,13901125,456611952.72
2006-06-26,33.0355,13901125,459230617.22
2006-06-27,32.603978,14101125,459752771.36
2006-06-28,32.653324,14301125,466979265.08
2006-06-29,33.342078,14301125,476829232.38
2006-06-30,33.376495,14301125,477321433.44
2006-07-03,33.399946,14301125,477656799.93
2006-07-05,33.117439,14301125,473616633.02
2006-07-06,33.13889,14301125,473923408.81
2006-07-07,32.895739,14301125,470446071.61
2006-07-10,32.91679,14301125,470747130.5
2006-07-11,32.903886,14301125,470562586.84
2006-07-12,32.365784,14301125,462867117.15
2006-07-13,31.825077,14301125,455134401.76
2006-07-14,31.406786,14301125,449152367.24
2006-07-17,31.600041,14301125,451916142.06
2006-07-18,31.392487,14301125,448947880.91
2006-07-19,32.020942,13751125,440323971.92
2006-07-20,31.613238,13751125,434717588.57
2006-07-21,31.359799,14201125,445344422.17
2006-07-24,32.009534,14651125,468975690.36
2006-07-25,32.310796,14101125,455618576.79
2006-07-26,31.943402,13701125,437660538.97
2006-07-27,31.862135,13701125,436547091.79
2006-07-28,32.26402,13701125,442053373.51
2006-07-31,32.25183,15201125,490264092.89
2006-08-01,31.945448,15201125,485606743.28
2006-08-02,32.229726,15201206,489930700.05
2006-08-03,32.452147,15201206,493311772.98
2006-08-04,32.476899,15251206,495311880.22
2006-08-07,32.350989,16301206,527360136.93
2006-08-08,32.027375,16301206,522084830.46
2006-08-09,31.617381,17401206,550180561.34
2006-08-10,32.04947,17401206,557699421.57
2006-08-11,32.014467,16201206,518672973.86
2006-08-14,32.105732,16201206,520151575.16
2006-08-15,32.577573,16501206,537569244.64
2006-08-16,32.921207,15701206,516902655.0
2006-08-17,33.09397,15401206,509687055.18
2006-08-18,33.042584,15701206,518808411.14
2006-08-21,32.728189,16451206,538418180.34
2006-08-22,32.671192,16451206,537480501.79
2006-08-23,32.40014,15051206,487661188.66
2006-08-24,32.248909,15051206,485384970.56
2006-08-25,32.192857,15051206,484541315.79
2006-08-28,32.539717,15051206,489761987.83
2006-08-29,32.758987,15051206,493062258.01
2006-08-30,32.79197,15051206,493558697.27
2006-08-31,32.889904,15051206,495032724.55
2006-09-01,33.227434,15051206,500112960.33
2006-09-05,33.24215,14051206,467092296.35
2006-09-06,32.917477,15901206,523427588.51
2006-09-07,32.925919,15901206,523561820.23
2006-09-08,33.269565,14601206,485775770.91
2006-09-11,33.535154,14601206,489653694.18
2006-09-12,34.339814,14601206,501402693.17
2006-09-13,34.45241,16651206,573674168.71
2006-09-14,34.414219,17101206,588524656.49
2006-09-15,34.451087,13951206,480634212.08
2006-09-18,34.269338,18651206,639164476.23
2006-09-19,34.326852,18651206,640237191.15
2006-09-20,34.63216,19301206,668442457.43
2006-09-21,34.384944,19301206,663670895.8
2006-09-22,34.346698,19301206,662932686.21
2006-09-25,34.941332,15051206,525909190.56
2006-09-26,35.195747,13051206,459346949.0
2006-09-27,35.133857,12851206,451512433.76
2006-09-28,35.135883,12301278,432216267.06
2006-09-29,34.953209,12301278,429969137.12
2006-10-02,34.978324,12301278,430278091.26
2006-10-03,35.342961,13651278,482476581.79
2006-10-04,35.85445,14851278,532484404.26
2006-10-05,35.985396,15351278,552421813.38
2006-10-06,35.881338,14451278,518531193.75
2006-10-09,36.160179,15951278,576801066.68
2006-10-10,36.314978,15951278,579270316.22
2006-10-11,36.243076,18501278,670543227.3
2006-10-12,36.72681,18801278,690510958.45
2006-10-13,36.599579,19801278,724718435.83
2006-10-16,36.633509,19801278,725390300.71
2006-10-17,36.444745,19601278,714363577.05
2006-10-18,36.539424,19451278,710738498.15
2006-10-19,36.453847,19451278,709073910.15
2006-10-20,36.439213,19451278,708789262.02
2006-10-23,36.868456,19951278,735572813.13
2006-10-24,37.020953,18451278,683083894.32
2006-10-25,36.918691,19051278,703348238.96
2006-10-26,37.417572,19051278,712852574.02
2006-10-27,37.076545,18801278,697086429.5
2006-10-30,37.297325,19151278,714291444.58
2006-10-31,37.201747,19151278,712460991.0
2006-11-01,36.898056,19301278,712179641.2
2006-11-02,36.845102,20301278,748002654.69
2006-11-03,36.58728,20301278,742768548.15
2006-11-06,37.090173,20501278,760395942.8
2006-11-07,37.142202,20501278,761462613.87
2006-11-08,37.313903,20401278,761251304.56
2006-11-09,37.162243,19401278,720995000.27
2006-11-10,37.302455,19401278,723715297.8
2006-11-13,37.363381,19401278,724897344.39
2006-11-14,37.772175,20151278,761157607.0
2006-11-15,37.887973,20601278,780540674.45
2006-11-16,38.16126,20601278,786170733.89
2006-11-17,38.067468,19451278,740460911.88
2006-11-20,37.995483,19951278,758058453.18
2006-11-21,38.044413,20351278,774252434.84
2006-11-22,38.130498,20651278,787443510.29
2006-11-24,37.922276,20001278,758493986.8
2006-11-27,37.387906,20001278,747805897.19
2006-11-28,37.345269,18851278,704006048.58
2006-11-29,37.652383,18551278,698499817.45
2006-11-30,37.662441,18551278,698686416.34
2006-12-01,37.610313,18551278,697719366.99
2006-12-04,38.044067,18551278,705766055.47
2006-12-05,38.356897,18551278,711569459.19
2006-12-06,38.324713,21651278,829779013.21
2006-12-07,38.129011,21651278,825541810.96
2006-12-08,38.221363,21651278,827541365.72
2006-12-11,38.371323,21651278,830788172.07
2006-12-12,38.173223,21651278,826499053.21
2006-12-13,38.322319,21651278,829727187.71
2006-12-14,38.739803,21201278,821333338.03
2006-12-15,38.446289,20951278,805498892.34
2006-12-18,38.408327,22151278,850793526.37
2006-12-19,38.444669,22351278,859287481.83
2006-12-20,38.412954,22851278,877785094.62
2006-12-21,38.284366,20151278,771478895.38
2006-12-22,38.222893,19301278,737750681.18
2006-12-26,38.31242,19301278,739478667.11
2006-12-27,38.606503,19101278,737433555.42
2006-12-28,38.524825,19101433,735879355.91
2006-12-29,38.376957,17101433,656300952.38
2007-01-03,38.49339,17001433,654442789.42
2007-01-04,38.524305,16601433,639558668.95
2007-01-05,38.222375,16601433,634546191.23
2007-01-08,38.299894,16601433,635833115.88
2007-01-09,38.49672,16701433,642950384.17
2007-01-10,38.705727,17451433,675470396.69
2007-01-11,39.143394,17451433,683108322.46
2007-01-12,39.257033,20451433,802862588.4
2007-01-16,39.38873,20451433,805555976.94
2007-01-17,39.394966,20601433,811592742.94
2007-01-18,39.626672,20601433,816366233.62
2007-01-19,39.626521,20251433,802493825.2
2007-01-22,39.401063,20251433,797927992.41
2007-01-23,39.479539,20251433,799517235.62
2007-01-24,39.628912,21401433,848115498.11
2007-01-25,39.000802,21401433,834673054.32
2007-01-26,38.833424,21401433,831090932.21
2007-01-29,38.906976,21401433,832665040.28
2007-01-30,39.01419,21401433,834959575.74
2007-01-31,39.434881,20601433,812415048.88
2007-02-01,39.589907,20601433,815608812.14
2007-02-02,39.682051,20801433,825443532.18
2007-02-05,39.568954,20801433,823090940.07
2007-02-06,39.703177,20801433,825882967.48
2007-02-07,39.880874,20951433,835561452.54
2007-02-08,39.797547,20751433,825856140.38
2007-02-09,39.42916,20751433,818211565.96
2007-02-12,39.238469,20751433,814254452.05
2007-02-13,39.5947,20751433,821646758.48
2007-02-14,39.816424,22101433,880000024.4
2007-02-15,39.919387,22101433,882275662.09
2007-02-16,39.882208,22101433,881453945.61
2007-02-20,40.17747,22101433,887979662.16
2007-02-21,40.076121,22001433,881732085.05
2007-02-22,39.950478,20501433,819042050.23
2007-02-23,39.814399,20501433,816252238.92
2007-02-26,39.479985,20501433,809396263.86
2007-02-27,38.045528,20501433,779987844.75
2007-02-28,38.265118,20501433,784489754.0
2007-03-01,38.080476,20501433,780704335.48
2007-03-02,37.771833,20501433,774376704.75
2007-03-05,37.313611,19501433,727668889.59
2007-03-06,37.876421,19501433,738644487.87
2007-03-07,37.850462,19101433,722998062.46
2007-03-08,38.191653,18401433,702781143.83
2007-03-09,38.210263,18401433,703123593.54
2007-03-12,38.2395,18401433,703661601.29
2007-03-13,37.43921,18051433,675831394.31
2007-03-14,37.458736,18051433,676183854.5
2007-03-15,37.578424,17751433,667070876.86
2007-03-16,37.390325,14751433,551560866.75
2007-03-19,37.804679,16451433,621941149.89
2007-03-20,38.142567,16401433,625592757.32
2007-03-21,38.734676,16401433,635304194.64
2007-03-22,38.609428,16401433,633249942.36
2007-03-23,38.623978,16401433,633488594.43
2007-03-26,38.569242,16401433,632590844.33
2007-03-27,38.251566,16401433,627380490.32
2007-03-28,37.870712,17001433,643856370.53
2007-03-29,37.950771,16651498,631937191.73
2007-03-30,37.998843,16651498,632737652.63
2007-04-02,38.139492,17751498,677033118.08
2007-04-03,38.60736,17851498,689199208.57
2007-04-04,38.584755,19951498,769823666.74
2007-04-05,38.791047,19951498,773939489.96
2007-04-09,38.858588,20051498,779172905.25
2007-04-10,38.873156,20051498,779465007.25
2007-04-11,38.647415,19301498,745953005.01
2007-04-12,38.859972,19301498,750055670.0
2007-04-13,38.881005,19401498,754349749.84
2007-04-16,39.25155,19401498,761538875.58
2007-04-17,39.420731,19401498,764821229.21
2007-04-18,39.34464,19601498,771213891.49
2007-04-19,39.158337,19601498,767562063.55
2007-04-20,39.524323,19151498,756949989.97
2007-04-23,39.418116,19151498,754915976.7
2007-04-24,39.340617,19151498,753431738.57
2007-04-25,39.73003,18851498,748970587.18
2007-04-26,39.718005,18851498,748743890.73
2007-04-27,39.462918,18601498,734069382.51
2007-04-30,38.945002,18601498,724435380.83
2007-05-01,39.050141,17901498,699056027.31
2007-05-02,39.415105,17751498,699677154.3
2007-05-03,39.36207,17751498,698735713.98
2007-05-04,39.412535,18151498,715396543.1
2007-05-07,39.456784,18051498,712254054.54
2007-05-08,39.386295,18051498,710981625.99
2007-05-09,39.547302,18151498,717842771.29
2007-05-10,39.054973,18151498,708906255.82
2007-05-11,39.267775,18151498,712768945.49
2007-05-14,39.249529,18201498,714400221.12
2007-05-15,39.07559,18201498,711234273.5
2007-05-16,39.342793,18201498,716097764.24
2007-05-17,39.341001,17901498,704262850.68
2007-05-18,39.765595,17901498,711863711.98
2007-05-21,39.862537,17901498,713599131.7
2007-05-22,39.867206,18251498,727636234.19
2007-05-23,39.874692,19451498,775622482.51
2007-05-24,39.547497,16601498,656547693.73
2007-05-25,39.672245,16401498,650684243.12
2007-05-29,39.649584,16601498,658242483.9
2007-05-30,39.970526,16601498,663570606.58
2007-05-31,40.053892,17401498,696997724.13
2007-06-01,40.266244,17401498,700692965.71
2007-06-04,40.391186,17401498,702867146.32
2007-06-05,40.117436,17401498,698103477.08
2007-06-06,39.727601,17801498,707210813.01
2007-06-07,38.992697,17801498,694128415.0
2007-06-08,39.399867,17801498,701376659.86
2007-06-11,39.3091,17801498,699760856.67
2007-06-12,38.882374,17501498,680499799.28
2007-06-13,39.382864,16051498,632153966.3
2007-06-14,39.644105,16051498,636347268.25
2007-06-15,39.758935,14301498,568612334.63
2007-06-18,39.697466,16301498,647128159.76
2007-06-19,39.763693,16301498,648207761.74
2007-06-20,39.656422,16651498,660338829.59
2007-06-21,39.640642,16651498,660076076.65
2007-06-22,39.287103,17651498,693476212.8
2007-06-25,39.197174,17651498,691888829.86
2007-06-26,39.031492,16551498,646029658.17
2007-06-27,39.392899,17301498,681556163.12
2007-06-28,39.373897,17301564,681230006.79
2007-06-29,39.293905,17351564,681810710.02
2007-07-02,39.590536,17351564,686957727.51
2007-07-03,39.586016,17101564,676982782.79
2007-07-05,39.845391,17101564,681418500.47
2007-07-06,40.164142,17101564,686869642.26
2007-07-09,40.017149,18001564,720371271.14
2007-07-10,39.26191,18001564,706775779.91
2007-07-11,39.424175,18351564,723495271.1
2007-07-12,39.959185,18551564,741305376.45
2007-07-13,40.086593,18551564,743668988.44
2007-07-16,39.91321,18551564,740452477.4
2007-07-17,39.886902,18551564,739964419.54
2007-07-18,39.849884,18151564,723337727.96
2007-07-19,40.009634,18151564,726237441.21
2007-07-20,39.471951,18151564,716477646.23
2007-07-23,39.507435,18401564,726998595.45
2007-07-24,38.784815,18601564,721458210.89
2007-07-25,38.786413,18301564,709852017.32
2007-07-26,37.669413,17501564,659273645.44
2007-07-27,37.117317,14701564,545682606.79
2007-07-30,37.589104,13801564,518788425.51
2007-07-31,37.012039,13801564,510824022.97
2007-08-01,37.0586,13851564,513319566.43
2007-08-02,37.381447,13951564,521529655.34
2007-08-03,36.383631,13951564,507608558.84
2007-08-06,36.974184,13251564,489965763.83
2007-08-07,37.125108,15851564,588491023.44
2007-08-08,37.525028,18651564,699900453.51
2007-08-09,36.482216,18851564,687746835.94
2007-08-10,36.535843,18851564,688757777.09
2007-08-13,36.599248,19351564,708252691.96
2007-08-14,35.607982,21401564,762066507.84
2007-08-15,35.088984,21401564,750959146.34
2007-08-16,35.135491,20851564,732629944.84
2007-08-17,35.729494,22351564,798610079.76
2007-08-20,35.797175,24401564,873507058.06
2007-08-21,36.046501,22601564,814707288.07
2007-08-22,36.567262,22001564,804536963.67
2007-08-23,36.40657,20901564,760954262.6
2007-08-24,36.887461,15101564,557058360.39
2007-08-27,36.600154,15201564,556379577.6
2007-08-28,35.708094,15451564,551745902.71
2007-08-29,36.704613,15551564,570814139.78
2007-08-30,36.546203,15551564,568350611.94
2007-08-31,37.149774,15551564,577737091.9
2007-09-04,37.185493,14001564,520655059.46
2007-09-05,36.706681,13601564,499268268.55
2007-09-06,36.808089,16601564,611071846.14
2007-09-07,35.968643,16601564,597135728.41
2007-09-10,35.742315,18801564,672011431.2
2007-09-11,36.207891,18751564,678954579.15
2007-09-12,36.115472,18101564,653746522.19
2007-09-13,36.62658,18101564,662998373.41
2007-09-14,36.765708,18401564,676546536.52
2007-09-17,36.492637,18601564,678820130.02
2007-09-18,37.718177,18351564,692187541.95
2007-09-19,37.823626,17151564,648734339.72
2007-09-20,37.251681,18551564,691076943.98
2007-09-21,37.160925,14701564,546323723.63
2007-09-24,36.851013,19451564,716809844.15
2007-09-25,36.405415,20451564,744547668.64
2007-09-26,36.761186,16451564,604779010.86
2007-09-27,36.711221,19451564,714090673.24
2007-09-28,36.739613,21051564,773426310.76
2007-10-01,37.233493,19851564,739143076.99
2007-10-02,37.355972,19701564,735971068.38
2007-10-03,37.44757,21001564,786457527.79
2007-10-04,37.32854,21801614,813822418.9
2007-10-05,38.013662,26551614,1009324090.42
2007-10-08,37.851784,26401614,999348184.84
2007-10-09,37.942548,27151614,1030201416.2
2007-10-10,37.894956,26951614,1021330214.62
2007-10-11,37.652924,26151614,984684723.52
2007-10-12,37.819052,26201614,990920193.76
2007-10-15,37.308567,26001614,970082969.06
2007-10-16,37.111538,25501614,946404121.61
2007-10-17,37.059738,25501614,945083122.3
2007-10-18,36.875962,22651614,835300062.98
2007-10-19,35.997187,22551614,811794657.16
2007-10-22,36.354028,22451614,816206596.14
2007-10-23,36.501753,23001614,839599233.76
2007-10-24,36.458665,22451614,818555879.79
2007-10-25,36.116247,21451614,774751793.77
2007-10-26,36.482629,21601614,788083670.01
2007-10-29,36.599889,21901614,801596645.05
2007-10-30,36.518978,21901614,799824553.83
2007-10-31,36.749997,21901614,804884252.82
2007-11-01,35.765717,22101614,790480067.84
2007-11-02,35.691308,22201614,792404647.2
2007-11-05,35.295598,18901614,667143765.99
2007-11-06,35.563427,18901614,672206169.08
2007-11-07,34.761923,18551614,644889770.5
2007-11-08,34.783597,18351614,638335148.32
2007-11-09,34.013837,18351614,624208809.84
2007-11-12,33.911719,16801614,569771606.81
2007-11-13,34.941408,16801614,587072057.88
2007-11-14,34.242835,17201614,589032035.66
2007-11-15,34.023444,17201614,585258144.23
2007-11-16,34.066487,17201614,585998555.65
2007-11-19,33.255992,16401614,545451938.2
2007-11-20,33.266218,16601614,552272908.6
2007-11-21,32.944091,16801614,553513905.3
2007-11-23,33.536602,16801614,563469048.09
2007-11-26,32.770463,17001614,557150764.77
2007-11-27,33.27194,19051614,633884166.39
2007-11-28,34.353994,15951614,548001649.7
2007-11-29,34.293835,18951614,649923521.31
2007-11-30,34.72178,23451614,814281786.87
2007-12-03,34.587671,23451614,811136711.97
2007-12-04,34.450639,24851614,856153974.97
2007-12-05,34.380362,24301614,835498278.68
2007-12-06,34.76018,25301614,879488654.95
2007-12-07,34.846412,23801614,829400851.0
2007-12-10,34.933789,24701614,862920973.72
2007-12-11,33.933034,24701614,838200704.19
2007-12-12,33.921962,24701614,837927203.82
2007-12-13,33.811308,24701614,835193880.39
2007-12-14,33.324373,24701614,823165795.61
2007-12-17,33.006219,23151614,764147250.63
2007-12-18,33.293012,23201614,772451609.97
2007-12-19,32.989811,23451614,773664309.67
2007-12-20,33.040212,22801614,753370166.58
2007-12-21,33.270645,17901614,595598240.45
2007-12-24,33.557226,22551614,756769610.66
2007-12-26,33.388211,22851614,762974518.48
2007-12-27,32.9713,23051614,760041686.64
2007-12-28,32.908908,21801614,717467316.11
2007-12-31,32.821785,21651614,710644629.07
2008-01-02,32.142279,21651614,695932213.5
2008-01-03,31.76286,21001614,667071327.55
2008-01-04,30.806516,19501923,600786306.97
2008-01-07,30.957315,19201923,594439971.01
2008-01-08,30.361835,19201923,583005624.09
2008-01-09,30.611218,19701923,603099866.95
2008-01-10,30.99345,19701923,610630562.79
2008-01-11,30.21595,23201923,701068136.88
2008-01-14,30.506285,23201923,707804482.08
2008-01-15,29.806746,23651923,704986868.78
2008-01-16,30.188505,22701923,685337108.3
2008-01-17,29.646549,22501923,667104360.09
2008-01-18,29.646923,22801923,676006852.28
2008-01-22,30.139558,22001923,663128233.78
2008-01-23,31.2391,32001923,999711266.16
2008-01-24,31.430954,39001923,1225867650.22
2008-01-25,30.813096,39751923,1224879827.46
2008-01-28,31.394852,23951923,751967087.08
2008-01-29,31.544447,24001923,757127397.82
2008-01-30,31.34406,24001923,752317702.83
2008-01-31,32.404293,24001923,777765342.05
2008-02-01,32.876351,24001923,789095648.65
2008-02-04,32.186242,23001923,740345458.96
2008-02-05,31.305689,22751923,712264618.76
2008-02-06,31.112237,23801923,740531062.32
2008-02-07,31.639461,23801923,753080003.46
2008-02-08,31.423215,23501923,738505985.92
2008-02-11,31.852113,23501923,748585899.85
2008-02-12,32.013474,23401923,749176855.52
2008-02-13,32.363653,22651923,733098970.43
2008-02-14,31.917367,22651923,722989750.58
2008-02-15,32.061166,22201923,711819544.47
2008-02-19,31.856705,20051923,638788199.01
2008-02-20,32.156362,20951923,673737623.84
2008-02-21,31.576544,20801923,656852841.74
2008-02-22,31.996046,21801923,697575340.01
2008-02-25,32.526921,24001923,780708649.1
2008-02-26,32.91894,26501923,872415211.99
2008-02-27,32.845999,28451923,934531835.93
2008-02-28,32.084549,28201923,904845975.71
2008-02-29,31.13958,28201923,878196035.61
2008-03-03,31.21996,26101923,814900991.03
2008-03-04,31.242852,26101923,815498529.1
2008-03-05,31.254479,26251923,820490178.88
2008-03-06,30.435664,26501923,806603632.01
2008-03-07,30.161371,25501923,769172964.3
2008-03-10,29.705043,24051923,714463396.44
2008-03-11,30.630578,25101923,768886412.79
2008-03-12,30.429321,26101923,794263782.41
2008-03-13,30.547461,27101923,827894940.83
2008-03-14,29.976832,27301923,818425150.89
2008-03-17,29.532771,27301923,806301435.68
2008-03-18,30.811144,28751923,885879651.65
2008-03-19,30.409188,26501923,805901960.3
2008-03-20,31.336533,20501923,642459184.93
2008-03-24,32.312962,26601923,859586935.1
2008-03-25,32.230194,27601923,889615341.6
2008-03-26,31.521434,27201923,857443615.79
2008-03-27,31.098552,26201923,814841876.76
2008-03-28,30.409252,27201923,827190124.27
2008-03-31,30.851496,29701923,916348770.82
2008-04-01,32.189559,29701923,956091801.15
2008-04-02,32.251773,33401923,1077271239.18
2008-04-03,32.152676,33401966,1073962598.03
2008-04-04,32.01449,33401966,1069346893.84
2008-04-07,31.986857,33401966,1068423908.29
2008-04-08,31.799466,33401966,1062164694.77
2008-04-09,31.194148,33001966,1029468199.68
2008-04-10,31.469431,29651966,933130504.61
2008-04-11,30.854964,29651966,914910345.24
2008-04-14,30.681636,25151966,771703460.06
2008-04-15,30.746322,25151966,773330440.99
2008-04-16,31.238853,24051966,751355819.43
2008-04-17,31.4354,26051966,818953964.85
2008-04-18,32.062634,26051966,835294641.98
2008-04-21,32.035106,26901966,861807320.36
2008-04-22,31.506352,26751966,842856856.31
2008-04-23,31.610233,26351966,832991780.19
2008-04-24,32.025809,27351966,875968845.44
2008-04-25,32.349094,27251966,881576400.58
2008-04-28,32.366295,27251966,882045177.65
2008-04-29,32.528074,25451966,827903424.55
2008-04-30,32.161622,25151966,808928026.28
2008-05-01,33.218396,26351966,875370044.75
2008-05-02,33.154149,28951966,959877797.78
2008-05-05,32.739563,30001966,982251264.99
2008-05-06,32.913065,30251966,995684912.31
2008-05-07,32.450754,28551966,926532828.07
2008-05-08,32.364288,27551966,891699760.5
2008-05-09,32.209992,26701966,860070101.28
2008-05-12,32.879854,26701966,877956744.37
2008-05-13,32.95967,26701966,880087999.74
2008-05-14,33.288588,25251966,840602284.55
2008-05-15,33.707872,26451966,891639480.16
2008-05-16,33.410069,26451966,883762001.17
2008-05-19,33.314013,26201966,872892638.06
2008-05-20,32.778475,26201966,858860483.46
2008-05-21,32.144755,25401966,816539964.01
2008-05-22,32.208867,24501966,789180553.39
2008-05-23,31.658545,24801966,785194165.25
2008-05-27,32.010485,24151966,773116141.3
2008-05-28,32.153987,24151966,776582004.92
2008-05-29,32.468953,20651966,670547703.75
2008-05-30,32.353952,22851966,739351403.99
2008-06-02,31.981452,22951966,734037208.39
2008-06-03,31.988416,19951966,638231782.66
2008-06-04,32.166554,22901966,736677326.64
2008-06-05,32.581307,25251966,822742054.97
2008-06-06,31.292221,25251966,790190097.02
2008-06-09,31.251315,25051966,782906886.94
2008-06-10,31.387034,20801966,652912015.69
2008-06-11,30.702569,22951966,704684322.56
2008-06-12,30.905997,22451966,693900389.05
2008-06-13,31.690054,21651966,686151976.97
2008-06-16,31.651715,22451966,710643238.68
2008-06-17,31.234275,22701966,709079443.86
2008-06-18,30.64574,23951966,734025711.26
2008-06-19,31.017855,23851966,739836825.37
2008-06-20,29.973275,17101966,512601937.9
2008-06-23,29.481593,22201966,654549328.51
2008-06-24,29.417444,23701966,697251269.08
2008-06-25,29.846544,25701966,767114866.95
2008-06-26,28.8043,28851966,831060694.58
2008-06-27,28.599873,28351966,810862633.65
2008-06-30,28.339177,28751966,814807053.43
2008-07-01,28.278818,28551966,807415840.47
2008-07-02,27.841246,29801966,829723873.64
2008-07-03,27.916688,24051966,671451241.68
2008-07-07,27.733535,33452135,927745944.2
2008-07-08,28.358749,34752135,985527072.1
2008-07-09,27.609866,36602135,1010580032.82
2008-07-10,27.136992,36602135,993271844.13
2008-07-11,26.796762,36702135,983498385.25
2008-07-14,26.656544,36702135,978352093.69
2008-07-15,26.732279,36352135,971775428.06
2008-07-16,27.906273,37552135,1047940134.17
2008-07-17,28.59169,38602135,1103700266.53
2008-07-18,28.546273,40252135,1149048454.45
2008-07-21,28.183294,40002135,1127391915.28
2008-07-22,28.77112,34352135,988349412.72
2008-07-23,29.357421,37552135,1102433839.23
2008-07-24,28.533986,39302135,1121446561.62
2008-07-25,28.425828,40202135,1142778987.38
2008-07-28,27.725003,38902135,1078561796.96
2008-07-29,28.634016,37802135,1082426956.2
2008-07-30,28.749355,38302135,1101161684.49
2008-07-31,28.476215,39602135,1127718915.79
2008-08-01,28.324773,39352135,1114640286.86
2008-08-04,28.460246,39452135,1122817478.68
2008-08-05,29.739482,37452135,1113807112.61
2008-08-06,29.604639,38502135,1139841790.47
2008-08-07,29.007823,38652135,1121214284.76
2008-08-08,30.508441,34252135,1044979233.31
2008-08-11,31.281302,35502135,1110552998.37
2008-08-12,30.819581,35902135,1106488761.9
2008-08-13,30.32202,36352135,1102270173.49
2008-08-14,30.920054,37052135,1145654020.12
2008-08-15,31.230176,37402135,1168075254.46
2008-08-18,30.687547,38602135,1184604839.22
2008-08-19,30.001309,37202135,1116112737.03
2008-08-20,29.84407,36902135,1101309913.77
2008-08-21,29.986997,37252135,1117079675.58
2008-08-22,30.647882,34452135,1055884953.72
2008-08-25,29.907107,34452135,1030363680.2
2008-08-26,29.986407,34202135,1025599151.58
2008-08-27,30.125971,34452135,1037904004.23
2008-08-28,30.835125,34552135,1065419385.77
2008-08-29,30.521192,31852135,972165118.65
2008-09-02,31.09347,30852135,959299924.19
2008-09-03,31.274373,30052135,939861687.5
2008-09-04,30.235947,30252135,914701951.79
2008-09-05,30.307984,27852135,844142056.05
2008-09-08,31.549612,28402135,896076327.86
2008-09-09,30.758018,29752135,915116717.12
2008-09-10,30.788726,30202135,929885255.89
2008-09-11,31.208539,31102135,970652187.22
2008-09-12,31.058152,31502135,978398085.28
2008-09-15,30.191454,31002135,935999537.81
2008-09-16,30.360617,32952135,1000447162.55
2008-09-17,28.89826,33102135,956594087.67
2008-09-18,30.107325,33252135,1001132828.86
2008-09-19,30.526595,26202135,799861950.42
2008-09-22,29.017642,32352135,938782678.54
2008-09-23,28.549392,34902135,996434733.28
2008-09-24,28.357296,35402135,1003908817.54
2008-09-25,28.906171,35602135,1029121395.02
2008-09-26,29.194394,36952135,1078795186.21
2008-09-29,27.015107,36502135,986109085.58
2008-09-30,28.049818,37302135,1046318094.81
2008-10-01,27.834084,35502135,988169403.25
2008-10-02,26.662488,34252284,913251119.21
2008-10-03,25.932753,34302284,889552660.88
2008-10-06,25.006002,34002284,850261186.43
2008-10-07,23.578402,33702284,794645999.26
2008-10-08,23.248315,33902284,788170972.2
2008-10-09,21.572063,34052284,734578017.75
2008-10-10,21.213446,34502284,731912347.93
2008-10-13,23.36244,34752284,811898158.26
2008-10-14,22.736516,34752284,790145853.24
2008-10-15,20.56625,35402284,728092220.05
2008-10-16,21.50185,35652284,766590067.54
2008-10-17,21.594981,35252284,761272417.49
2008-10-20,22.392016,35252284,789369705.66
2008-10-21,21.709697,36052284,782684152.33
2008-10-22,20.348032,36252284,737662619.42
2008-10-23,20.240407,37002284,748941290.11
2008-10-24,19.401114,36002284,698484401.65
2008-10-27,18.920694,37002284,700108904.95
2008-10-28,21.394972,34552284,739245156.9
2008-10-29,21.380336,34552284,738739449.18
2008-10-30,22.082348,35402284,781765543.22
2008-10-31,22.682153,35402284,803000016.94
2008-11-03,22.33288,34252284,764952156.78
2008-11-04,23.174376,34302284,794934027.63
2008-11-05,21.855932,33052284,722388473.29
2008-11-06,20.68417,33052284,683659059.01
2008-11-07,21.089164,33052284,697045053.23
2008-11-10,20.549233,32252284,662759713.55
2008-11-11,19.96288,32252284,643848473.7
2008-11-12,18.725511,29652284,555254175.92
2008-11-13,20.071386,29652284,595162444.58
2008-11-14,19.151028,29652284,567871710.8
2008-11-17,18.578956,30302284,562984801.17
2008-11-18,18.591868,30302284,563376069.65
2008-11-19,17.321977,32802284,568200410.73
2008-11-20,16.388954,32802284,537595107.95
2008-11-21,17.510731,31502284,551628020.48
2008-11-24,18.866232,31402284,592442769.74
2008-11-25,19.233207,30902284,594350039.95
2008-11-26,20.317823,31502284,640057836.24
2008-11-28,20.524072,36402284,747123103.72
2008-12-01,18.712684,36402284,681184445.11
2008-12-02,19.527447,36252284,707914549.84
2008-12-03,20.370932,35752284,728307338.39
2008-12-04,20.429829,28852284,589447241.86
2008-12-05,21.17467,28902284,611996335.67
2008-12-08,21.927388,29002284,635944323.35
2008-12-09,21.295212,28202284,600573602.86
2008-12-10,21.80759,28102284,612843090.71
2008-12-11,20.968069,30102284,631186753.91
2008-12-12,21.052998,31452284,662164873.89
2008-12-15,20.753835,31802284,660019366.95
2008-12-16,21.911296,31802284,696829249.12
2008-12-17,22.003196,33752284,742658115.48
2008-12-18,21.596797,33552284,724621867.19
2008-12-19,21.370897,30202284,645449899.07
2008-12-22,20.723793,32402284,671498213.28
2008-12-23,20.448171,32202284,658477822.8
2008-12-24,20.61528,30402284,626751595.58
2008-12-26,20.742414,30402284,630616769.55
2008-12-29,20.51075,30352284,622548097.15
2008-12-30,21.158035,31002284,655947405.97
2008-12-31,21.490321,31052284,667323549.41
2009-01-02,22.494857,31202600,701898015.01
2009-01-05,22.50721,33202600,747297879.86
2009-01-06,22.910973,33802600,774450459.7
2009-01-07,22.108583,33702600,745116721.33
2009-01-08,22.181475,33702600,747573387.76
2009-01-09,21.555537,33702600,726477647.43
2009-01-12,21.016658,32552600,684146855.56
2009-01-13,20.744726,32452600,673220293.12
2009-01-14,19.97835,31602600,631367809.04
2009-01-15,20.385829,31302600,638129455.86
2009-01-16,20.671483,31252600,646037592.65
2009-01-20,19.373397,31102600,602563031.67
2009-01-21,20.023319,32752600,655815766.41
2009-01-22,19.767788,31902600,630643831.67
2009-01-23,19.659165,31902600,627178474.4
2009-01-26,19.82144,30952600,613525091.59
2009-01-27,19.807579,24252600,480385299.15
2009-01-28,20.629815,25202600,519924982.38
2009-01-29,19.808651,25102600,497248652.15
2009-01-30,19.229538,25802600,496172089.08
2009-02-02,19.141987,31302600,599193946.73
2009-02-03,19.688284,34102600,671421669.38
2009-02-04,19.193175,33952600,651658187.58
2009-02-05,19.579146,34552600,676510401.11
2009-02-06,20.17478,34702600,700117310.63
2009-02-09,20.090945,34852600,700221670.72
2009-02-10,19.14762,34102600,652983608.92
2009-02-11,19.245813,34602600,665955183.25
2009-02-12,19.304308,33902600,654466241.54
2009-02-13,19.013728,33802600,642713445.04
2009-02-17,18.255835,31802600,580583030.81
2009-02-18,18.117974,27802600,503726781.34
2009-02-19,17.996962,26702600,480565687.68
2009-02-20,17.845173,27202600,485435100.11
2009-02-23,17.383206,26252600,456354359.15
2009-02-24,18.217158,27652600,503751775.16
2009-02-25,18.019206,30352600,546929752.14
2009-02-26,17.638953,30602600,539797809.26
2009-02-27,17.606192,29452600,518548122.86
2009-03-02,16.859411,29452600,496553496.41
2009-03-03,16.66919,31002600,516788232.85
2009-03-04,17.139235,30902600,529646917.69
2009-03-05,16.348397,32552600,532182829.04
2009-03-06,16.229341,33752600,547782471.86
2009-03-09,16.03673,31102600,498784001.07
2009-03-10,17.211402,31702600,545646187.73
2009-03-11,17.356549,30902600,536362496.03
2009-03-12,18.063735,31052600,560925938.63
2009-03-13,18.209953,33552600,610991254.62
2009-03-16,17.8799,33552600,599917139.02
2009-03-17,18.676807,33552600,626655438.11
2009-03-18,19.275108,31602600,609143541.12
2009-03-19,19.044889,32302600,615199442.57
2009-03-20,18.536667,23852600,442147693.92
2009-03-23,19.881694,28552600,567674061.18
2009-03-24,19.583818,26952600,527834819.39
2009-03-25,19.791715,27602600,546302787.29
2009-03-26,20.577287,27952600,575188665.7
2009-03-27,20.155865,31002600,624884206.75
2009-03-30,19.485256,30852600,601170795.47
2009-03-31,19.648381,32752600,643535577.3
2009-04-01,20.049818,36302600,727860511.3
2009-04-02,21.096825,37402804,789080419.72
2009-04-03,21.427518,41452804,888230693.58
2009-04-06,21.175221,37952804,803659024.92
2009-04-07,20.525921,37952804,779016241.74
2009-04-08,21.104361,36502804,770368339.97
2009-04-09,21.997289,36502804,802962736.2
2009-04-13,21.900991,37652804,824633727.99
2009-04-14,21.415306,35202804,753878809.19
2009-04-15,21.538791,35902804,773302983.73
2009-04-16,22.276399,36302804,808695746.93
2009-04-17,22.555788,37952804,856055397.31
2009-04-20,21.564053,37652804,811947057.79
2009-04-21,22.062355,37752804,832915750.96
2009-04-22,22.253636,41002804,912461486.58
2009-04-23,22.271653,40152804,894269316.71
2009-04-24,22.865235,40352804,922676352.75
2009-04-27,22.453093,40352804,906045259.54
2009-04-28,22.505265,39452804,887895817.27
2009-04-29,23.012281,37952804,873380596.05
2009-04-30,23.308176,37952804,884610622.31
2009-05-01,23.153888,36952804,855601094.13
2009-05-04,23.937142,36202804,866591650.91
2009-05-05,23.947991,39102804,936433602.68
2009-05-06,24.158307,41452804,1001429569.95
2009-05-07,23.724609,41602804,987010258.21
2009-05-08,23.96102,40752804,976478755.0
2009-05-11,23.467402,41402804,971616261.38
2009-05-12,22.944003,39102804,897174854.64
2009-05-13,22.212822,37802804,839706948.65
2009-05-14,22.385041,37902804,848455808.34
2009-05-15,22.231486,36902804,820404184.22
2009-05-18,23.183689,36752804,852065575.57
2009-05-19,23.153483,34602804,801175429.45
2009-05-20,22.933526,31402804,720177028.81
2009-05-21,22.399908,37852804,847899345.28
2009-05-22,22.477408,33902804,762047156.11
2009-05-26,23.327565,33902804,790869852.62
2009-05-27,22.808626,35502804,809770162.47
2009-05-28,22.766274,35852804,816234764.45
2009-05-29,23.082691,36352804,839120550.0
2009-06-01,24.148296,36852804,889932427.37
2009-06-02,24.380663,37402804,911905143.23
2009-06-03,24.140899,44752804,1080372899.91
2009-06-04,24.099247,46502804,1120682570.14
2009-06-05,24.042542,49602804,1192577501.59
2009-06-08,24.143334,48952804,1181883912.91
2009-06-09,24.343489,49202804,1197767917.0
2009-06-10,24.092987,49702804,1197488992.67
2009-06-11,23.864187,46902804,1119297300.24
2009-06-12,23.904655,44952804,1074581280.46
2009-06-15,23.387322,43252804,1011567239.62
2009-06-16,22.83942,42352804,967313460.43
2009-06-17,23.059646,37752804,870566305.62
2009-06-18,22.997509,40702804,936063103.72
2009-06-19,23.103798,38152804,881474670.39
2009-06-22,22.483265,44302804,996071691.54
2009-06-23,22.314621,48452804,1081205966.91
2009-06-24,22.437726,48952804,1098389601.13
2009-06-25,23.091647,48952804,1130400865.59
2009-06-26,22.991482,49952804,1148489013.91
2009-06-29,23.221807,49052804,1139094723.32
2009-06-30,23.122204,48552804,1122647833.26
2009-07-01,23.208491,48152804,1117553937.14
2009-07-02,22.354249,46153021,1031716101.12
2009-07-06,22.396198,47153021,1056048376.49
2009-07-07,21.833373,47053021,1027326140.01
2009-07-08,21.99258,46153021,1015024008.87
2009-07-09,22.137627,47203021,1044962865.35
2009-07-10,22.068543,46203021,1019633369.92
2009-07-13,22.48786,44203021,994031353.09
2009-07-14,22.829762,44203021,1009144468.89
2009-07-15,23.465419,44153021,1036069119.88
2009-07-16,23.745359,46553021,1105418196.94
2009-07-17,23.770165,43553021,1035262500.75
2009-07-20,24.322054,44703021,1087269289.68
2009-07-21,24.228121,44703021,1083070210.37
2009-07-22,24.459884,45103021,1103214683.85
2009-07-23,25.038941,45103021,1129331890.86
2009-07-24,24.995785,45103021,1127385432.33
2009-07-27,25.052773,45853021,1148745317.56
2009-07-28,25.059639,45853021,1149060137.99
2009-07-29,24.852023,48803021,1212853820.42
2009-07-30,25.269425,47353021,1196583622.14
2009-07-31,25.306276,44053021,1114817909.46
2009-08-03,25.798818,49053021,1265509949.95
2009-08-04,25.864898,48453021,1253232440.59
2009-08-05,25.712016,47703021,1226540824.85
2009-08-06,25.682299,47703021,1225123227.47
2009-08-07,26.532135,44703021,1186066595.28
2009-08-10,26.222971,45253021,1186668654.46
2009-08-11,25.953214,44503021,1154996441.65
2009-08-12,26.204244,43503021,1139963793.51
2009-08-13,26.255202,43503021,1142180608.45
2009-08-14,25.84862,43253021,1118030919.88
2009-08-17,25.031265,43053021,1077671585.06
2009-08-18,25.376539,43353021,1100149616.84
2009-08-19,25.619083,41753021,1069674106.14
2009-08-20,25.819365,41903021,1081909396.72
2009-08-21,26.343106,41903021,1103855710.91
2009-08-24,26.09739,42353021,1105303306.45
2009-08-25,26.413492,42603021,1125294544.26
2009-08-26,26.534968,46603021,1236609650.48
2009-08-27,26.63017,50153021,1335583463.95
2009-08-28,26.620114,50503021,1344396164.4
2009-08-31,26.185574,50503021,1322450573.14
2009-09-01,25.677994,50503021,1296816256.67
2009-09-02,25.545087,51403021,1313094627.06
2009-09-03,25.884478,51003021,1320186566.22
2009-09-04,26.265083,50053021,1314646746.71
2009-09-08,26.532939,50053021,1328053748.65
2009-09-09,26.829855,49303021,1322792893.48
2009-09-10,27.209493,44503021,1210904623.53
2009-09-11,27.088038,44503021,1205499530.09
2009-09-14,27.208319,44503021,1210852376.73
2009-09-15,27.319647,43753021,1195317075.27
2009-09-16,27.84238,45353021,1262736045.68
2009-09-17,27.737772,45803021,1270473772.4
2009-09-18,27.857975,37803021,1053115600.68
2009-09-21,27.70502,48603021,1346547690.59
2009-09-22,27.783218,48603021,1350348346.65
2009-09-23,27.415316,49603021,1359882504.11
2009-09-24,27.165768,50503021,1371953358.5
2009-09-25,26.93012,50653021,1364091927.31
2009-09-28,27.467628,49003021,1345996744.36
2009-09-29,27.599832,48753021,1345575189.77
2009-09-30,27.48004,46603021,1280652901.68
2009-10-01,26.850034,46153252,1239216392.71
2009-10-02,26.505027,46153252,1223293181.21
2009-10-05,26.973386,43153252,1163989322.57
2009-10-06,27.376309,43153252,1181376739.8
2009-10-07,27.400527,43603252,1194752081.98
2009-10-08,27.820785,43603252,1213076680.58
2009-10-09,27.825672,46703252,1299549368.79
2009-10-12,27.846233,46703252,1300509635.2
2009-10-13,27.967328,46703252,1306165152.36
2009-10-14,28.404383,47203252,1340779267.93
2009-10-15,28.438673,47203252,1342397850.14
2009-10-16,28.280338,45803252,1295331451.83
2009-10-19,28.669444,45803252,1313153779.16
2009-10-20,28.358845,46053252,1306017019.73
2009-10-21,27.948779,46403252,1296914242.95
2009-10-22,28.414666,45253252,1285856029.97
2009-10-23,28.207427,45153252,1273657045.18
2009-10-26,28.057372,44153252,1238824195.5
2009-10-27,27.591052,44203252,1219614231.05
2009-10-28,26.828418,41353252,1109442317.27
2009-10-29,27.55961,39103252,1077670357.5
2009-10-30,26.815859,37953252,1017749060.26
2009-11-02,27.058005,36253252,980940676.17
2009-11-03,27.130128,41453252,1124632047.65
2009-11-04,27.094878,39353252,1066271548.12
2009-11-05,27.792444,43453252,1207672081.98
2009-11-06,28.074619,47653252,1337846896.48
2009-11-09,28.693947,49253252,1413270205.8
2009-11-10,28.711864,49403252,1418459434.82
2009-11-11,28.849712,49303252,1422384601.5
2009-11-12,28.557307,49303252,1407968099.25
2009-11-13,28.999216,47803252,1386256848.97
2009-11-16,29.479307,47003252,1385623272.81
2009-11-17,29.270585,50103252,1466551521.38
2009-11-18,29.175551,50303252,1467625116.17
2009-11-19,28.833329,47953252,1382651894.86
2009-11-20,28.672988,48903252,1402202350.5
2009-11-23,28.929561,48053252,1390159503.08
2009-11-24,28.887637,48003252,1386700505.13
2009-11-25,29.182604,48403252,1412532927.02
2009-11-27,28.768443,49703252,1429885168.02
2009-11-30,28.666429,50453252,1446314554.5
2009-12-01,29.059652,50503252,1467606929.89
2009-12-02,29.144613,50453252,1470440488.34
2009-12-03,28.936118,50003252,1446899986.13
2009-12-04,29.150965,49703252,1448897768.42
2009-12-07,29.280662,49153252,1439239774.75
2009-12-08,29.054731,48153252,1399079802.41
2009-12-09,29.008281,45653252,1324322373.02
2009-12-10,29.430329,46853252,1378906635.88
2009-12-11,29.732206,46153252,1372238005.26
2009-12-14,29.996127,46153252,1384418827.36
2009-12-15,29.897867,47603252,1423235704.55
2009-12-16,29.947358,47053252,1409120565.93
2009-12-17,29.591191,47703252,1411596058.36
2009-12-18,29.584928,37753252,1116927244.46
2009-12-21,29.957768,47103252,1411108285.98
2009-12-22,30.002895,48703252,1461238540.37
2009-12-23,30.125505,49103252,1479260280.36
2009-12-24,30.159409,49103252,1480925059.11
2009-12-28,30.152266,49153252,1482081950.62
2009-12-29,30.216303,48903252,1477675481.4
2009-12-30,30.090892,48903252,1471542492.05
2009-12-31,29.797463,49103252,1463152317.61
2010-01-04,29.98279,49853252,1494739564.13
2010-01-05,30.129493,49253252,1483975512.48
2010-01-06,30.127323,50503252,1521527800.83
2010-01-07,30.386006,49553252,1505725424.17
2010-01-08,30.381396,50853252,1544992767.83
2010-01-11,30.350444,50403252,1529761089.58
2010-01-12,29.971899,49703252,1489700862.33
2010-01-13,30.250695,48953252,1480869906.05
2010-01-14,30.264103,48953252,1481526266.88
2010-01-15,29.996069,47653252,1429410227.84
2010-01-19,30.347777,47903252,1453757224.69
2010-01-20,29.992674,46403252,1391757621.71
2010-01-21,29.605651,48303252,1430049226.76
2010-01-22,29.057685,47953252,1393410483.4
2010-01-25,29.157052,49553252,1444826750.84
2010-01-26,29.183304,48903252,1427158471.41
2010-01-27,29.285659,48603252,1423378244.29
2010-01-28,29.098004,51353252,1494277113.27
2010-01-29,28.935464,51603252,1493164053.49
2010-02-01,29.254094,50653252,1481815015.22
2010-02-02,29.679303,52653252,1562711832.16
2010-02-03,29.725189,52203252,1551751513.74
2010-02-04,28.8774,51753252,1494499356.59
2010-02-05,28.742174,49853252,1432890854.19
2010-02-08,28.626575,49753252,1424265222.92
2010-02-09,29.030361,51153252,1484997367.84
2010-02-10,28.898978,47253252,1365570687.55
2010-02-11,29.215261,48153252,1406809831.78
2010-02-12,29.210548,48003252,1402201284.3
2010-02-16,29.689327,49703252,1475656095.18
2010-02-17,29.936737,47953252,1435563910.41
2010-02-18,30.122154,48153252,1450479654.53
2010-02-19,30.226766,47903252,1447960408.06
2010-02-22,30.19016,47503252,1434130793.38
2010-02-23,30.021793,49103252,1474167649.3
2010-02-24,30.437379,50053252,1523489809.92
2010-02-25,30.439787,51103252,1555572085.64
2010-02-26,30.511491,51353252,1566864307.31
2010-03-01,31.004358,52253252,1620078522.75
2010-03-02,30.911996,52653252,1627617139.08
2010-03-03,30.923697,56753252,1755020362.54
2010-03-04,31.228644,57203252,1786379989.38
2010-03-05,31.721189,57203252,1814555188.29
2010-03-08,31.838939,57953252,1845170037.43
2010-03-09,31.827456,57953252,1844504567.63
2010-03-10,31.932977,55703252,1778770658.51
2010-03-11,32.113845,56303252,1808113915.21
2010-03-12,32.188899,56803252,1828434153.16
2010-03-15,32.228204,56803252,1830666789.74
2010-03-16,32.408748,57403252,1860367505.0
2010-03-17,32.565507,57253252,1864481191.89
2010-03-18,32.579183,57503252,1873408961.56
2010-03-19,32.318188,46403252,1499669042.04
2010-03-22,32.74147,56403252,1846725404.06
2010-03-23,32.883274,57203252,1881030211.65
2010-03-24,32.731378,60003252,1963989129.86
2010-03-25,32.906535,60203252,1981080414.86
2010-03-26,33.0814,60953252,2016418888.62
2010-03-29,33.075116,60953252,2016035902.22
2010-03-30,33.084209,60203252,1991776994.91
2010-03-31,32.827238,60203252,1976306508.23
2010-04-01,33.06758,60453252,1999042746.52
2010-04-05,33.469538,63953252,2140485775.62
2010-04-06,33.519099,63253252,2120192002.04
2010-04-07,33.346866,64253252,2142644598.94
2010-04-08,33.687719,64253252,2164545528.23
2010-04-09,33.983283,63253252,2149553168.34
2010-04-12,33.981587,64153252,2180029288.14
2010-04-13,34.179631,64453252,2202988392.47
2010-04-14,34.679204,63603252,2205710167.85
2010-04-15,34.813408,63603252,2214245956.12
2010-04-16,34.338591,64253252,2206366142.47
2010-04-19,34.432026,63653252,2191710427.79
2010-04-20,34.818377,60603252,2110106878.51
2010-04-21,35.013474,64403252,2254981574.24
2010-04-22,35.595365,66803252,2377886113.49
2010-04-23,35.754255,67853252,2426042465.72
2010-04-26,35.956106,68303252,2455918943.01
2010-04-27,34.922296,66903252,2336415170.56
2010-04-28,34.82091,66653252,2320926910.38
2010-04-29,35.53828,65953252,2343865117.49
2010-04-30,34.819659,65453252,2279059897.75
2010-05-03,35.535951,67153252,2386354661.35
2010-05-04,34.495013,68853252,2375093790.3
2010-05-05,33.998615,67703252,2301816829.34
2010-05-06,32.80085,59803252,1961597494.96
2010-05-07,32.177369,52153252,1678154422.57
2010-05-10,33.871169,55003252,1863024451.59
2010-05-11,33.874085,56503252,1913995959.34
2010-05-12,34.329522,55353252,1900250707.05
2010-05-13,33.60714,55353252,1860264514.34
2010-05-14,33.036965,53903252,1780799869.28
2010-05-17,33.244088,53353252,1773680187.86
2010-05-18,32.642183,54303252,1772576663.18
2010-05-19,32.393696,54753252,1773660173.16
2010-05-20,31.16169,54753252,1706203844.75
2010-05-21,31.740846,54703252,1736327479.9
2010-05-24,31.4956,53703252,1691416162.13
2010-05-25,31.761619,59103252,1877214984.43
2010-05-26,31.691916,59003252,1869926076.66
2010-05-27,32.824304,59503252,1953152822.38
2010-05-28,32.380871,60253252,1951052777.0
2010-06-01,31.886376,62203252,1983436252.86
2010-06-02,32.653157,63553252,2075214344.03
2010-06-03,32.774087,64703252,2120589996.14
2010-06-04,31.542719,63703252,2009373806.1
2010-06-07,30.964874,57003252,1765098524.19
2010-06-08,31.208308,53903252,1682229264.27
2010-06-09,31.211903,53903252,1682423095.49
2010-06-10,32.222128,56203252,1810988393.7
2010-06-11,32.278512,56153252,1812543395.56
2010-06-14,32.32627,55953252,1808759909.14
2010-06-15,33.097766,55153252,1825449443.31
2010-06-16,32.892277,55453252,1823983700.98
2010-06-17,32.685572,55503252,1814155518.83
2010-06-18,32.498001,45053252,1464140625.04
2010-06-21,32.208212,54103252,1742568987.0
2010-06-22,31.493602,53203252,1675562033.5
2010-06-23,31.507017,51953252,1636892001.5
2010-06-24,30.729253,52553252,1614922177.72
2010-06-25,30.768395,51953252,1598518163.22
2010-06-28,30.602945,50103252,1533307067.54
2010-06-29,29.496152,49003252,1445407351.94
2010-06-30,29.14992,47553252,1386173512.57
2010-07-01,29.384408,51953252,1526615568.16
2010-07-02,29.055739,52453252,1524068012.68
2010-07-06,29.049809,51453252,1494707164.9
2010-07-07,29.875108,49303252,1472940001.7
2010-07-08,30.099004,52403252,1577285695.16
2010-07-09,30.384882,52403252,1592266638.58
2010-07-12,30.435204,53153252,1617730054.48
2010-07-13,31.191667,53953252,1682891883.46
2010-07-14,31.026811,54553252,1692613415.61
2010-07-15,31.131043,55753252,1735656867.86
2010-07-16,30.031822,57553252,1728429029.45
2010-07-19,30.318988,56753252,1720701162.32
2010-07-20,30.766183,52953252,1629169466.19
2010-07-21,30.217991,53103252,1604673596.1
2010-07-22,31.140453,53903252,1678571704.07
2010-07-23,31.542393,52603252,1659232426.89
2010-07-26,32.014484,53953252,1727285503.2
2010-07-27,31.628821,53903252,1704896335.02
2010-07-28,31.400303,58103252,1824459717.99
2010-07-29,31.217508,58053252,1812277872.3
2010-07-30,31.419556,58053252,1824007424.84
2010-08-02,32.081708,57703252,1851218886.6
2010-08-03,31.651902,60103252,1902382251.93
2010-08-04,32.129411,59603252,1915017365.64
2010-08-05,32.206884,60503252,1948621190.27
2010-08-06,32.057795,59803252,1917160370.92
2010-08-09,32.336766,59503252,1924142742.3
2010-08-10,32.07701,60303252,1934348046.74
2010-08-11,31.204987,60253252,1880201953.78
2010-08-12,31.08978,58603252,1821962233.11
2010-08-13,30.763247,58003252,1784368358.51
2010-08-16,30.766077,59103252,1818375217.6
2010-08-17,31.222407,64403252,2010824544.98
2010-08-18,31.518254,63803252,2010967097.63
2010-08-19,30.954522,63803252,1974999156.19
2010-08-20,30.898932,64153252,1982266986.63
2010-08-23,30.64637,60153252,1843478825.64
2010-08-24,30.128087,58853252,1773135925.25
2010-08-25,30.423228,57303252,1743349904.41
2010-08-26,30.204835,56853252,1717243098.16
2010-08-27,30.689459,55403252,1700295851.34
2010-08-30,30.161455,55353252,1669534615.33
2010-08-31,30.207964,55003252,1661536268.66
2010-09-01,31.224976,54353252,1697178980.36
2010-09-02,31.789492,55203252,1754883332.63
2010-09-03,32.272814,56603252,1826746247.33
2010-09-07,31.754802,56053252,1779959902.42
2010-09-08,31.976565,55703252,1781198650.73
2010-09-09,31.99645,55703252,1782306307.62
2010-09-10,32.287356,55203252,1782367061.43
2010-09-13,32.656165,55053252,1797828077.76
2010-09-14,32.700021,55053252,1800242514.89
2010-09-15,32.775835,57453252,1883078334.49
2010-09-16,32.754054,53003252,1736071373.7
2010-09-17,32.750925,42703252,1398570998.74
2010-09-20,33.377422,50653252,1690674978.09
2010-09-21,33.238155,50203252,1668663447.33
2010-09-22,33.020984,51953252,1715547528.6
2010-09-23,32.853085,51353252,1687112737.71
2010-09-24,33.704832,52603252,1772983750.67
2010-09-27,33.490806,54503252,1825357864.86
2010-09-28,33.741219,51553252,1739469577.84
2010-09-29,33.52236,52503252,1760032939.95
2010-09-30,33.436684,51503252,1722097981.43
2010-10-01,33.467628,51453252,1722018292.42
2010-10-04,33.394806,52353252,1748326675.77
2010-10-05,34.082216,51853252,1767273728.59
2010-10-06,33.902406,52203252,1769815840.74
2010-10-07,33.985836,53303252,1811555589.57
2010-10-08,34.354116,53153252,1826033010.96
2010-10-11,34.389549,53153252,1827916361.9
2010-10-12,34.450224,53703252,1850089072.92
2010-10-13,34.522208,53653252,1852228749.24
2010-10-14,34.471056,53653252,1849484280.34
2010-10-15,34.701948,54003252,1874018021.84
2010-10-18,34.652567,53853252,1866153440.74
2010-10-19,34.143146,53903252,1840426595.88
2010-10-20,34.547967,53303252,1841518971.56
2010-10-21,34.793476,54353252,1891138557.82
2010-10-22,34.967866,52453252,1834178291.42
2010-10-25,35.163744,52003252,1828629063.01
2010-10-26,35.301308,52453252,1851668393.49
2010-10-27,35.129854,52453252,1842675104.99
2010-10-28,35.269686,53003252,1869408034.75
2010-10-29,35.226234,52503252,1849491837.82
2010-11-01,35.217473,52303252,1841988368.38
2010-11-02,35.587648,51403252,1829320858.12
2010-11-03,35.753334,50153252,1793145984.98
2010-11-04,36.307128,50503252,1833628027.91
2010-11-05,36.497812,50253252,1834133735.22
2010-11-08,36.454288,51753252,1886627969.7
2010-11-09,36.130356,50753252,1833733083.61
2010-11-10,36.43083,50203252,1828946159.98
2010-11-11,36.378591,49453252,1799039629.3
2010-11-12,36.029419,54003252,1945705806.32
2010-11-15,35.936661,54853252,1971242718.15
2010-11-16,35.467544,54853252,1945510156.14
2010-11-17,35.736458,57253252,2046028453.03
2010-11-18,36.043492,56853252,2049189720.12
2010-11-19,36.242538,59903252,2171045895.02
2010-11-22,36.36169,60803252,2210909002.63
2010-11-23,35.848106,62153252,2228076354.12
2010-11-24,36.571062,61003252,2230953723.13
2010-11-26,36.419234,60853252,2216228829.05
2010-11-29,36.216086,61653252,2232839463.55
2010-11-30,36.13905,62003252,2240738617.14
2010-12-01,36.887278,62053252,2288975581.04
2010-12-02,37.380917,64103252,2396238344.26
2010-12-03,37.456854,63503252,2378632049.42
2010-12-06,37.454134,68603252,2569475403.88
2010-12-07,37.437977,73603252,2755556863.15
2010-12-08,37.427259,75253252,2816522965.86
2010-12-09,37.444784,75253252,2817841787.25
2010-12-10,37.566539,67653252,2541498541.2
2010-12-13,37.366169,68753252,2569045601.61
2010-12-14,37.363706,69353252,2591294497.08
2010-12-15,37.218271,69653252,2592373606.71
2010-12-16,37.504394,70103252,2629179988.86
2010-12-17,37.325716,68903252,2571863249.57
2010-12-20,37.552552,67653252,2540552247.09
2010-12-21,37.751296,68953252,2603074643.4
2010-12-22,37.783223,68953252,2605276098.67
2010-12-23,37.63445,70003252,2634533873.08
2010-12-27,37.525408,68003252,2551849773.67
2010-12-28,37.440639,67003252,2508644537.75
2010-12-29,37.532052,65503252,2458471435.07
2010-12-30,37.502952,66503252,2494068250.26
2010-12-31,37.414978,66253252,2478863973.33
2011-01-03,37.88351,66503252,2519376621.93
2011-01-04,37.660652,66453252,2502672816.55
2011-01-05,37.957642,67203252,2550876995.75
2011-01-06,37.702111,68203252,2571406611.15
2011-01-07,37.687841,67253252,2534629847.83
2011-01-10,37.687646,67253252,2534616759.46
2011-01-11,37.668154,66953252,2522005389.69
2011-01-12,37.763806,66953252,2528409650.31
2011-01-13,37.698051,60053252,2263890565.09
2011-01-14,37.939009,56053252,2126604859.52
2011-01-18,38.037293,55053252,2094076663.31
2011-01-19,37.662739,54253252,2043326054.58
2011-01-20,37.745087,54253252,2047793728.87
2011-01-21,37.784784,54653252,2065061332.86
2011-01-24,37.992321,54503252,2070705022.63
2011-01-25,37.993819,55503252,2108780495.64
2011-01-26,38.0408,55803252,2122800340.71
2011-01-27,38.333181,56153252,2152532761.87
2011-01-28,37.126084,55953252,2077325115.39
2011-01-31,37.162469,56753252,2109090973.5
2011-02-01,37.61872,56853252,2138746549.73
2011-02-02,37.530626,56303252,2113096286.25
2011-02-03,37.965418,56303252,2137576507.03
2011-02-04,38.215628,56503252,2159307238.57
2011-02-07,38.423727,56103252,2155696048.97
2011-02-08,38.880578,55803252,2169662669.97
2011-02-09,39.109111,55603252,2174593781.28
2011-02-10,39.189736,55353252,2169279318.48
2011-02-11,39.559304,55553252,2197648011.83
2011-02-14,39.405602,56003252,2206841848.83
2011-02-15,39.458241,56353252,2223600182.63
2011-02-16,39.77833,56053252,2229704762.17
2011-02-17,39.829679,56053252,2232583049.69
2011-02-18,40.004896,56053252,2242404514.05
2011-02-22,39.059052,55503252,2167904432.95
2011-02-23,38.484671,54503252,2097539704.71
2011-02-24,38.68945,52303252,2023584048.92
2011-02-25,39.116141,52953252,2071326866.5
2011-02-28,39.36628,53953252,2123938832.66
2011-03-01,38.680129,55903252,2162344980.58
2011-03-02,38.833674,55303252,2147628435.29
2011-03-03,39.483655,53553252,2114478129.41
2011-03-04,39.210816,54153252,2123393182.05
2011-03-07,38.83112,55053252,2137779442.43
2011-03-08,39.104077,58553252,2289670887.06
2011-03-09,39.193446,58803252,2304702102.05
2011-03-10,38.788663,59753252,2317748732.24
2011-03-11,38.991535,60103252,2343518061.48
2011-03-14,38.56257,61853252,2385220372.51
2011-03-15,38.240409,62503252,2390149926.17
2011-03-16,37.601011,62403252,2346425389.23
2011-03-17,37.77388,61803252,2334548618.34
2011-03-18,37.623652,62303252,2344075861.81
2011-03-21,38.16643,56903252,2171793975.83
2011-03-22,37.869076,60403252,2287415324.46
2011-03-23,38.190156,60053252,2293443045.19
2011-03-24,38.741649,60053252,2326562003.63
2011-03-25,38.828063,61053252,2370579538.18
2011-03-28,38.414091,61053252,2345305198.09
2011-03-29,38.77023,60503252,2345725013.09
2011-03-30,39.184264,59253252,2321795079.61
2011-03-31,39.032498,59253252,2312802467.57
2011-04-01,39.315075,56803252,2233224135.13
2011-04-04,39.379887,56953252,2242812653.45
2011-04-05,39.531431,60753252,2401662979.85
2011-04-06,39.448538,60953252,2404516650.94
2011-04-07,39.316615,60153252,2365022268.68
2011-04-08,39.09721,59153252,2312727088.59
2011-04-11,39.067638,53703252,2098059223.57
2011-04-12,39.007629,54153252,2112389956.18
2011-04-13,39.1413,57103252,2235095544.28
2011-04-14,39.042864,57653252,2250948095.88
2011-04-15,39.27512,57653252,2264338393.89
2011-04-18,38.913248,57653252,2243475288.93
2011-04-19,39.011982,54903252,2141884699.76
2011-04-20,39.686535,54403252,2159076569.76
2011-04-21,39.938324,54303252,2168780853.04
2011-04-25,39.855538,53803252,2144357532.37
2011-04-26,39.960145,53803252,2149985766.59
2011-04-27,40.409032,57003252,2303446251.3
2011-04-28,40.583408,58403252,2370203032.77
2011-04-29,40.568658,57453252,2330801323.65
2011-05-02,40.694304,57803252,2352263116.06
2011-05-03,40.488201,61703252,2498253652.73
2011-05-04,40.335484,62803252,2533199574.36
2011-05-05,40.261003,63103252,2540600224.22
2011-05-06,40.266932,63453252,2555067761.9
2011-05-09,40.331815,62553252,2522886198.39
2011-05-10,40.8379,62753252,2562711058.04
2011-05-11,40.503926,62303252,2523526312.73
2011-05-12,40.852141,62303252,2545221240.2
2011-05-13,40.574508,63703252,2584728087.39
2011-05-16,40.003557,63703252,2548356701.1
2011-05-17,40.059198,61703252,2471782788.26
2011-05-18,40.525771,55053252,2231075457.63
2011-05-19,40.660054,58403252,2374679371.55
2011-05-20,40.273693,59753252,2406484138.56
2011-05-23,39.899435,58803252,2346216526.28
2011-05-24,39.691581,58553252,2324071116.51
2011-05-25,39.697254,58503252,2322418431.04
2011-05-26,40.031927,58203252,2329988315.37
2011-05-27,40.178454,57903252,2326463124.42
2011-05-31,40.440494,58903252,2382076597.63
2011-06-01,39.518424,59603252,2355426570.99
2011-06-02,39.434722,57253252,2257766082.97
2011-06-03,38.893797,56453252,2195681297.81
2011-06-06,38.51637,55553252,2139709632.68
2011-06-07,38.563898,55453252,2138493531.88
2011-06-08,38.263054,59953252,2293994501.69
2011-06-09,38.555899,59753252,2303840321.62
2011-06-10,37.850624,62203252,2354431911.88
2011-06-13,37.798161,61353252,2319040069.68
2011-06-14,38.464299,62503252,2404143758.77
2011-06-15,37.89815,64303252,2436974278.12
2011-06-16,37.820486,66953252,2532204513.06
2011-06-17,37.94581,62603252,2375531114.1
2011-06-20,38.274079,63403252,2426701068.88
2011-06-21,39.04093,63653252,2485082180.41
2011-06-22,38.731052,67253252,2604789222.51
2011-06-23,38.883165,64453252,2506146450.09
2011-06-24,38.492492,64853252,2496363308.57
2011-06-27,38.964201,64003252,2493835593.86
2011-06-28,39.690388,63703252,2528406814.93
2011-06-29,39.855424,70103252,2793994843.31
2011-06-30,40.222305,68453252,2753347604.18
2011-07-01,41.021135,67303252,2760855814.19
2011-07-05,41.182146,67803252,2792283441.14
2011-07-06,41.063329,73403252,3014181892.84
2011-07-07,41.611001,70103252,2917066462.39
2011-07-08,41.354412,71953252,2975584448.11
2011-07-11,40.544172,69253252,2807815748.58
2011-07-12,40.375385,69253252,2796126695.09
2011-07-13,40.585683,69003252,2800544080.72
2011-07-14,40.278168,68953252,2777310654.0
2011-07-15,40.308542,69153252,2787466769.34
2011-07-18,39.887103,63703252,2540938158.09
2011-07-19,40.673249,63053252,2564580628.46
2011-07-20,40.439245,63603252,2572067460.37
2011-07-21,40.908898,63053252,2579439024.26
2011-07-22,41.071741,61503252,2526045644.94
2011-07-25,40.819986,61503252,2510561912.95
2011-07-26,40.74458,61503252,2505924143.98
2011-07-27,40.027336,61203252,2449803102.48
2011-07-28,39.823636,60353252,2403485968.65
2011-07-29,39.650018,60353252,2393007541.91
2011-08-01,39.424632,60903252,2401088270.35
2011-08-02,37.984867,60103252,2283014020.53
2011-08-03,38.236057,58953252,2254139875.72
2011-08-04,36.390203,58703252,2136223285.87
2011-08-05,36.439176,55003252,2004273181.18
2011-08-08,34.022783,55703252,1895179651.75
2011-08-09,35.659301,53603252,1911454512.85
2011-08-10,34.104936,53653252,1829840699.94
2011-08-11,35.643057,55353252,1972959120.44
2011-08-12,36.064648,54303252,1958427670.83
2011-08-15,36.58242,55453252,2028614170.9
2011-08-16,36.430865,48003252,1748800014.79
2011-08-17,36.324626,47253252,1716456690.63
2011-08-18,34.529098,53103252,1833607385.77
2011-08-19,34.055053,52153252,1776081753.39
2011-08-22,34.167136,51653252,1764843698.13
2011-08-23,35.473396,53653252,1903263075.43
2011-08-24,36.065452,56803252,2048634977.38
2011-08-25,35.364585,57853252,2045956262.1
2011-08-26,36.112553,58403252,2109090528.88
2011-08-29,37.171661,58903252,2189531718.07
2011-08-30,37.351016,58753252,2194493632.52
2011-08-31,37.576339,55253252,2076214933.44
2011-09-01,37.098248,51003252,1892131287.14
2011-09-02,36.081217,50503252,1822218811.33
2011-09-06,35.935914,50153252,1802302934.57
2011-09-07,36.882048,49553252,1827625398.0
2011-09-08,36.388662,49803252,1812273716.49
2011-09-09,35.409635,50203252,1777678844.99
2011-09-12,35.830298,51053252,1829253236.58
2011-09-13,36.256551,50553252,1832886544.92
2011-09-14,36.851243,51153252,1885060904.05
2011-09-15,37.492891,50853252,1906635439.88
2011-09-16,37.738532,51303252,1936109392.26
2011-09-19,37.723531,49953252,1884413045.21
2011-09-20,37.500186,49103252,1841381078.72
2011-09-21,36.374703,57603252,2095301170.88
2011-09-22,35.182064,58553252,2060024286.16
2011-09-23,35.748263,53953252,1928735022.38
2011-09-26,36.52426,55453252,2025389017.97
2011-09-27,36.814078,54203252,1995442757.48
2011-09-28,36.209122,54003252,1955410339.74
2011-09-29,35.899475,54553252,1958433086.89
2011-09-30,34.884822,55003252,1918778637.52
2011-10-03,33.889279,51003252,1728463436.01
2011-10-04,34.934646,51003252,1781780571.18
2011-10-05,35.583502,51353252,1827328558.76
2011-10-06,36.378097,53103252,1931795264.19
2011-10-07,36.315699,52953252,1923034335.39
2011-10-10,37.591927,52953252,1990614773.5
2011-10-11,37.701956,53203252,2005866642.53
2011-10-12,38.10424,54553252,2078710219.55
2011-10-13,38.038247,55403252,2107442607.53
2011-10-14,38.693212,55003252,2128252466.68
2011-10-17,37.955849,56203252,2133242140.56
2011-10-18,38.648904,55853252,2158666965.61
2011-10-19,38.091215,55153252,2100854360.04
2011-10-20,38.260158,55653252,2129302230.25
2011-10-21,39.329309,54753252,2153407541.22
2011-10-24,39.879051,58153252,2319096478.81
2011-10-25,38.989424,62603252,2440864746.56
2011-10-26,38.850193,59803252,2323367891.78
2011-10-27,39.876429,59653252,2378758656.35
2011-10-28,39.617637,57653252,2284085631.32
2011-10-31,39.018918,55903252,2181284406.63
2011-11-01,38.146715,56803252,2166857483.81
2011-11-02,38.580443,57553252,2220429979.13
2011-11-03,39.078987,57553252,2249122786.35
2011-11-04,38.946449,59753252,2327176990.87
2011-11-07,39.122884,59503252,2327938806.54
2011-11-08,39.551978,59753252,2363359333.08
2011-11-09,38.119276,58403252,2226289674.68
2011-11-10,38.472176,56403252,2169955847.91
2011-11-11,39.437881,56403252,2224424753.31
2011-11-14,39.171281,57753252,2262268863.16
2011-11-15,39.315042,57603252,2264674249.89
2011-11-16,38.557713,57153252,2203698671.97
2011-11-17,37.915111,57153252,2166971901.36
2011-11-18,37.865256,53703252,2033487395.88
2011-11-21,37.282525,53353252,1989143960.92
2011-11-22,37.265053,55153252,2055288885.27
2011-11-23,36.481514,54953252,2004777812.12
2011-11-25,36.340112,55203252,2006092341.11
2011-11-28,37.458636,54153252,2028506934.99
2011-11-29,37.561473,54653252,2052856668.61
2011-11-30,38.757894,53803252,2085300753.03
2011-12-01,38.773019,55953252,2169476480.7
2011-12-02,39.069496,55953252,2186065359.57
2011-12-05,39.406342,55953252,2204913007.13
2011-12-06,39.324673,55753252,2192478405.83
2011-12-07,39.522561,55503252,2193630658.87
2011-12-08,38.720611,56903252,2203328712.91
2011-12-09,39.335032,57403252,2257958731.15
2011-12-12,39.216643,56753252,2225672021.08
2011-12-13,38.45677,62403252,2399827527.08
2011-12-14,38.038442,63553252,2417466680.61
2011-12-15,38.105471,64103252,2442684633.75
2011-12-16,37.937411,65403252,2481230022.62
2011-12-19,37.477434,63503252,2379938954.04
2011-12-20,38.526559,63253252,2436930134.43
2011-12-21,38.659455,63103252,2439537348.12
2011-12-22,38.774651,62453252,2421603021.04
2011-12-23,39.201736,61903252,2426714947.79
2011-12-27,39.278975,62653252,2460955507.16
2011-12-28,38.812517,64003252,2484127309.36
2011-12-29,39.225197,63303252,2483082525.36
2011-12-30,39.022554,63753252,2487814744.09
2012-01-03,39.387878,63903252,2517013495.62
2012-01-04,39.669467,64403252,2554842706.41
2012-01-05,39.956003,63403252,2533340558.05
2012-01-06,40.026923,63403252,2537837109.11
2012-01-09,40.023872,63403252,2537643619.23
2012-01-10,40.268986,63403252,2553184646.97
2012-01-11,40.319669,63403252,2556398153.59
2012-01-12,40.444439,63403252,2564308928.77
2012-01-13,40.324095,62903252,2536516713.49
2012-01-17,40.511091,62903252,2548279386.81
2012-01-18,41.140412,62903252,2587865719.36
2012-01-19,41.52414,62953252,2614079678.76
2012-01-20,41.206244,62953252,2594067053.5
2012-01-23,41.126683,63153252,2597283756.77
2012-01-24,41.270915,64053252,2643536315.32
2012-01-25,41.538269,64903252,2695968743.8
2012-01-26,41.505027,65153252,2704187501.94
2012-01-27,41.418391,65153252,2698542851.17
2012-01-30,41.349198,65953252,2727114105.34
2012-01-31,41.316613,66153252,2733228334.83
2012-02-01,41.443126,66003252,2735381080.0
2012-02-02,41.404789,66303252,2745272171.92
2012-02-03,42.227257,66353252,2801915829.35
2012-02-06,42.172313,66853252,2819356281.05
2012-02-07,42.345572,65353252,2767420818.01
2012-02-08,42.446351,69203252,2937425506.33
2012-02-09,42.525515,69553252,2957787835.33
2012-02-10,42.324292,67153252,2842213867.32
2012-02-13,42.637336,67153252,2863235736.57
2012-02-14,42.600949,66053252,2813931207.87
2012-02-15,42.391653,67053252,2842498220.4
2012-02-16,42.616988,67553252,2878916144.56
2012-02-17,42.972576,67253252,2890045485.17
2012-02-21,42.842466,67203252,2879153027.46
2012-02-22,42.686219,66403252,2834503768.18
2012-02-23,42.90339,65753252,2821037389.93
2012-02-24,42.875504,67103252,2877085774.98
2012-02-27,43.008446,67003252,2881705735.93
2012-02-28,43.330117,66753252,2892426243.83
2012-02-29,43.237976,68253252,2951132492.95
2012-03-01,43.558267,70553252,3073177360.09
2012-03-02,43.508289,72053252,3134913741.13
2012-03-05,43.477482,71603252,3113129072.78
2012-03-06,42.843756,66603252,2853533464.15
2012-03-07,43.27067,66603252,2881967322.3
2012-03-08,43.720654,67603252,2955658367.85
2012-03-09,43.955674,67753252,2978139831.39
2012-03-12,43.848822,69903252,3065175226.78
2012-03-13,44.5255,75253252,3350688647.62
2012-03-14,44.494116,76253252,3392821032.55
2012-03-15,44.654019,73503252,3282215580.2
2012-03-16,44.357621,73153252,3244904224.26
2012-03-19,44.564752,72903252,3248915326.03
2012-03-20,44.640671,71003252,3169632827.82
2012-03-21,44.696728,69903252,3124446637.05
2012-03-22,44.597935,71703252,3197816962.47
2012-03-23,44.64943,71703252,3201509301.52
2012-03-26,45.370049,73203252,3321235134.31
2012-03-27,45.276398,75003252,3395877083.72
2012-03-28,44.89186,74803252,3358057152.34
2012-03-29,44.889802,73803252,3313013380.26
2012-03-30,45.071812,72703252,3276867282.17
2012-04-02,45.211873,71953252,3253141321.0
2012-04-03,45.178397,70203252,3171670373.68
2012-04-04,44.709838,69953252,3127598576.81
2012-04-05,45.022999,70703252,3183272416.79
2012-04-09,44.582118,74453252,3319283634.33
2012-04-10,43.496975,74553252,3242840925.26
2012-04-11,44.081549,72203252,3182831164.77
2012-04-12,44.677457,69603252,3109696317.11
2012-04-13,44.553252,70553252,3143376787.41
2012-04-16,44.389096,69703252,3094064372.51
2012-04-17,44.87442,71503252,3208666953.48
2012-04-18,44.941545,71753252,3224701969.15
2012-04-19,44.556783,70153252,3125803230.76
2012-04-20,44.640461,68953252,3078104979.94
2012-04-23,44.161328,67703252,2989865542.66
2012-04-24,44.010526,67303252,2962051533.86
2012-04-25,44.755662,67003252,2998774897.49
2012-04-26,45.282278,69003252,3124624454.42
2012-04-27,45.879036,70803252,3248384931.64
2012-04-30,45.661243,73953252,3376797420.53
2012-05-01,45.903529,74553252,3422257392.07
2012-05-02,46.151707,74053252,3417684004.72
2012-05-03,45.821558,72203252,3308465528.12
2012-05-04,44.915667,72353252,3249794549.96
2012-05-07,44.908085,72603252,3260472982.88
2012-05-08,44.352112,71153252,3155797014.62
2012-05-09,44.146011,73453252,3242668091.34
2012-05-10,44.324874,72953252,3233643736.78
2012-05-11,44.262609,74103252,3280003275.47
2012-05-14,43.631238,73753252,3217945710.68
2012-05-15,43.534502,74403252,3239108519.7
2012-05-16,43.499729,71453252,3108197087.69
2012-05-17,42.308216,72153252,3052675342.67
2012-05-18,42.055123,68053252,2861987899.24
2012-05-21,42.732159,68553252,2929428442.07
2012-05-22,42.86798,71153252,3050196206.51
2012-05-23,43.122868,72753252,3137328892.09
2012-05-24,43.33722,76203252,3302437078.46
2012-05-25,43.286116,77253252,3343993217.4
2012-05-29,43.881841,78253252,3433896747.82
2012-05-30,43.181125,77353252,3340200459.44
2012-05-31,43.070801,75403252,3247678469.93
2012-06-01,41.736583,75803252,3163768756.35
2012-06-04,41.941269,72703252,3049266649.56
2012-06-05,42.096346,75153252,3163677302.66
2012-06-06,43.064093,71653252,3085682338.28
2012-06-07,43.01175,71653252,3081931768.06
2012-06-08,43.39697,71953252,3122553087.66
2012-06-11,42.723163,74253252,3172333765.81
2012-06-12,43.22545,75203252,3250694401.19
2012-06-13,42.573988,77453252,3297493799.51
2012-06-14,43.161899,75853252,3273970430.73
2012-06-15,43.423634,76403252,3317706834.58
2012-06-18,43.721113,76803252,3357923683.33
2012-06-19,44.127696,76803252,3389150535.65
2012-06-20,44.09356,79103252,3487943967.3
2012-06-21,43.11093,78253252,3373570465.41
2012-06-22,43.319973,78253252,3389928800.92
2012-06-25,42.653328,77553252,3307904276.48
2012-06-26,43.153423,72603252,3133078834.01
2012-06-27,43.128214,74353252,3206722973.65
2012-06-28,42.920489,75103252,3223468268.37
2012-06-29,43.729724,74053252,3238328237.28
2012-07-02,43.905035,76003252,3336925455.0
2012-07-03,43.850908,78303252,3433668733.67
2012-07-05,43.946959,78703252,3458768596.92
2012-07-06,43.77583,79103252,3462810525.07
2012-07-09,43.54239,79553252,3463938708.03
2012-07-10,43.298433,77353252,3349274562.51
2012-07-11,43.067726,76403252,3290514304.98
2012-07-12,42.91414,73103252,3137163212.14
2012-07-13,43.601741,70453252,3071884425.52
2012-07-16,43.350212,71803252,3112686181.01
2012-07-17,43.776188,71803252,3143272678.39
2012-07-18,43.989017,71153252,3129961576.82
2012-07-19,44.307276,72903252,3230144518.45
2012-07-20,43.740387,73953252,3234743888.45
2012-07-23,43.16136,73403252,3168184172.89
2012-07-24,42.847076,72953252,3125833535.19
2012-07-25,42.69398,71453252,3050623716.66
2012-07-26,43.428824,73253252,3181302603.89
2012-07-27,44.267255,73253252,3242720398.93
2012-07-30,44.114071,76253252,3363841390.13
2012-07-31,43.591527,77003252,3356689315.69
2012-08-01,43.366223,75153252,3259112678.96
2012-08-02,43.458104,73853252,3209522314.66
2012-08-03,44.316503,71403252,3164342413.5
2012-08-06,44.475988,71153252,3164611192.42
2012-08-07,44.885414,72253252,3243117155.34
2012-08-08,44.685872,72903252,3257745381.23
2012-08-09,44.638362,73803252,3294456252.84
2012-08-10,44.648758,73303252,3272899184.05
2012-08-13,44.64274,72403252,3232279522.72
2012-08-14,44.716568,71353252,3190672554.57
2012-08-15,44.881865,71253252,3197978805.79
2012-08-16,45.249652,71353252,3228709842.99
2012-08-17,45.456868,71353252,3243495348.05
2012-08-20,45.239397,71853252,3250597767.72
2012-08-21,45.164934,72203252,3261055082.32
2012-08-22,45.286504,73053252,3308326373.89
2012-08-23,44.998237,72603252,3267018356.38
2012-08-24,45.353163,72003252,3265575200.63
2012-08-27,45.289789,72003252,3261012115.19
2012-08-28,45.369364,72003252,3266741743.87
2012-08-29,45.603977,72503252,3306436606.83
2012-08-30,45.37461,71353252,3237626002.48
2012-08-31,45.512371,70603252,3213321378.76
2012-09-04,45.430963,70603252,3207573713.54
2012-09-05,45.506052,69503252,3162818600.71
2012-09-06,46.536455,69053252,3213493540.38
2012-09-07,46.794446,70453252,3296820917.44
2012-09-10,46.68918,69753252,3256722128.36
2012-09-11,46.694189,69603252,3250067383.04
2012-09-12,46.864697,70903252,3322859411.85
2012-09-13,47.529232,71603252,3403247587.88
2012-09-14,47.732094,72253252,3448799050.82
2012-09-17,47.521405,71753252,3409815376.53
2012-09-18,47.302476,71053252,3360994773.92
2012-09-19,47.773746,71803252,3430310300.55
2012-09-20,47.736107,73003252,3484891017.7
2012-09-21,47.542751,72353252,3439872630.22
2012-09-24,47.374164,71553252,3389775481.26
2012-09-25,46.830903,72353252,3388368115.62
2012-09-26,46.521197,72253252,3361307797.49
2012-09-27,46.994919,71953252,3381437276.74
2012-09-28,46.788042,71453252,3343157747.89
2012-10-01,46.79911,71453252,3343948614.0
2012-10-02,46.68488,70453252,3289101596.52
2012-10-03,47.062087,70103252,3299205353.62
2012-10-04,47.468405,70103252,3327689557.46
2012-10-05,47.627113,72103252,3434069696.99
2012-10-08,47.494153,72203252,3429232266.78
2012-10-09,46.765833,72203252,3376645219.52
2012-10-10,46.454642,72003252,3344885329.29
2012-10-11,46.237773,73253252,3387067267.93
2012-10-12,46.240605,74003252,3421955110.57
2012-10-15,46.727752,74003252,3458005638.56
2012-10-16,47.121319,72903252,3435297416.8
2012-10-17,47.404788,72303252,3427520367.77
2012-10-18,47.412638,71903252,3409122825.52
2012-10-19,46.612501,72253252,3367904760.2
2012-10-22,46.426034,71753252,3331218898.48
2012-10-23,46.048946,70953252,3267322444.57
2012-10-24,45.857564,70103252,3214764341.67
2012-10-25,45.765789,70103252,3208330650.44
2012-10-26,45.900549,68753252,3155812030.46
2012-10-29,45.900361,68703252,3153504063.43
2012-10-30,45.900149,68703252,3153489502.17
2012-10-31,46.056071,68703252,3164201832.18
2012-11-01,46.636622,70803252,3302024480.99
2012-11-02,46.548637,71703252,3337688680.04
2012-11-05,46.689714,71703252,3347804293.78
2012-11-06,46.961702,72403252,3400179935.89
2012-11-07,46.384533,74403252,3451160062.27
2012-11-08,45.64171,73853252,3370788732.4
2012-11-09,45.462552,73853252,3357557321.99
2012-11-12,45.468873,72603252,3301188036.04
2012-11-13,45.581538,71953252,3279739868.08
2012-11-14,44.89658,71953252,3230454951.2
2012-11-15,44.862026,74553252,3344609959.98
2012-11-16,45.172463,75303252,3401633334.11
2012-11-19,46.145765,74053252,3417243986.44
2012-11-20,46.386785,76203252,3534823871.79
2012-11-21,46.546791,77353252,3600545647.95
2012-11-23,47.153006,77903252,3673372517.78
2012-11-26,46.945197,77953252,3659530792.05
2012-11-27,46.753814,79603252,3721755600.27
2012-11-28,47.364918,81203252,3846185364.74
2012-11-29,47.505084,78703252,3738804563.18
2012-11-30,47.521747,78553252,3732987806.17
2012-12-03,47.273415,77753252,3675661742.01
2012-12-04,47.095375,80303252,3781911736.9
2012-12-05,46.950126,80553252,3781985348.99
2012-12-06,47.274701,81053252,3831768277.51
2012-12-07,47.412817,84253252,3994683985.76
2012-12-10,47.152269,85453252,4029314693.95
2012-12-11,47.278647,85303252,4033022377.64
2012-12-12,47.345143,86003252,4071836307.05
2012-12-13,47.054247,86353252,4063287208.09
2012-12-14,46.857901,86353252,4046332169.62
2012-12-17,47.718857,86303252,4118292547.4
2012-12-18,48.248949,84253252,4065130889.25
2012-12-19,47.890263,85803252,4109140312.44
2012-12-20,48.025177,87703252,4211964220.76
2012-12-21,47.237133,88053252,4159383158.36
2012-12-24,47.32636,88803252,4202734707.08
2012-12-26,46.862678,88053252,4126411238.28
2012-12-27,46.91218,86803252,4072129749.89
2012-12-28,46.512582,86603252,4028140832.38
2012-12-31,47.441007,78903252,3743249757.25
2013-01-02,48.467344,74603252,3615821487.5
2013-01-03,48.566235,75953252,3688763507.31
2013-01-04,48.731872,77553252,3779315140.33
2013-01-07,48.598828,82253252,3997411638.9
2013-01-08,48.476151,83853252,4064882907.15
2013-01-09,48.564548,83903252,4074723495.68
2013-01-10,48.830093,81003252,3955396317.38
2013-01-11,48.900731,81003252,3961118226.85
2013-01-14,49.007728,80253252,3933029582.01
2013-01-15,49.343102,78753252,3885929778.78
2013-01-16,49.239308,80453252,3961462463.67
2013-01-17,49.767543,81153252,4038797938.87
2013-01-18,49.860187,80153252,3996456138.58
2013-01-22,49.968899,80503252,4022658906.39
2013-01-23,50.009867,78603252,3930938155.22
2013-01-24,50.36985,78853252,3971826505.23
2013-01-25,50.88551,79553252,4048107825.61
2013-01-28,50.665886,80053252,4055968939.6
2013-01-29,50.479792,79503252,4013307654.69
2013-01-30,50.391152,78953252,3978545294.97
2013-01-31,50.128713,79503252,3985395734.97
2013-02-01,50.424406,80153252,4041680094.17
2013-02-04,49.817127,79403252,3955641901.77
2013-02-05,50.362919,78903252,3973798059.56
2013-02-06,50.456982,81903252,4132590891.04
2013-02-07,50.317923,80603252,4055788205.26
2013-02-08,50.711922,80753252,4095152588.43
2013-02-11,50.55931,80753252,4082828715.46
2013-02-12,50.753582,80253252,4073139967.93
2013-02-13,50.86123,81603252,4150441762.06
2013-02-14,50.866414,81203252,4130518201.07
2013-02-15,50.933708,82103252,4181823054.52
2013-02-19,51.158793,82003252,4195187362.72
2013-02-20,50.369111,81353252,4097690997.09
2013-02-21,49.937086,80853252,4037575784.14
2013-02-22,50.225272,80403252,4038275217.67
2013-02-25,49.403845,79303252,3917885553.99
2013-02-26,49.904383,78803252,3932627687.93
2013-02-27,50.683271,78453252,3976267434.12
2013-02-28,50.694629,79503252,4030387827.5
2013-03-01,50.998838,79653252,4062223267.81
2013-03-04,51.482526,79353252,4085305897.29
2013-03-05,52.001027,79653252,4142050919.76
2013-03-06,51.972917,79303252,4121621350.18
2013-03-07,52.05565,80103252,4169826815.57
2013-03-08,52.626219,80103252,4215531249.4
2013-03-11,52.767733,80103252,4226867048.94
2013-03-12,52.606541,79553252,4185021442.06
2013-03-13,52.885442,79003252,4178121877.93
2013-03-14,52.966825,79753252,4224276561.91
2013-03-15,52.587573,80003252,4207176865.9
2013-03-18,52.208436,81453252,4252546864.4
2013-03-19,51.827987,82203252,4260429095.89
2013-03-20,52.42339,84003252,4403735260.16
2013-03-21,51.993607,84553252,4396228530.82
2013-03-22,52.59939,84553252,4447449444.5
2013-03-25,52.505362,83203252,4368616900.08
2013-03-26,52.79153,82553252,4358112518.83
2013-03-27,52.819408,83003252,4384182607.03
2013-03-28,53.011184,82753252,4386847888.46
2013-04-01,52.620366,82853252,4359768437.9
2013-04-02,53.06836,82653252,4386272494.15
2013-04-03,52.530045,82453252,4331273009.22
2013-04-04,52.831622,82853252,4377271700.61
2013-04-05,52.617362,82803252,4356888726.1
2013-04-08,53.18535,83303252,4430512621.57
2013-04-09,53.055922,83303252,4419730805.03
2013-04-10,53.666529,82753252,4441079762.49
2013-04-11,54.128344,84103252,4552369750.72
2013-04-12,54.390069,84803252,4612454718.82
2013-04-15,52.995738,85053252,4507459894.54
2013-04-16,53.733734,80603252,4331113704.39
2013-04-17,53.217861,79503252,4230993047.37
2013-04-18,52.590327,78753252,4141659272.72
2013-04-19,53.244424,78753252,4193171522.94
2013-04-22,53.47981,81503252,4358778452.97
2013-04-23,54.021901,82303252,4446178137.53
2013-04-24,54.034869,82403252,4452648964.78
2013-04-25,54.504774,82703252,4507722049.82
2013-04-26,54.278868,85703252,4651875488.61
2013-04-29,54.473995,85903252,4679493306.41
2013-04-30,54.591074,85903252,4689550788.27
2013-05-01,54.33277,85653252,4653778425.78
2013-05-02,54.851307,84953252,4659796888.86
2013-05-03,55.548699,85253252,4735707256.62
2013-05-06,55.69991,87853252,4893418246.69
2013-05-07,56.1384,87203252,4895451032.38
2013-05-08,56.241993,86703252,4876363706.49
2013-05-09,56.311863,87453252,4924655508.53
2013-05-10,56.768648,89103252,5058271156.93
2013-05-13,56.772877,89103252,5058647933.5
2013-05-14,57.345557,90903252,5212897655.62
2013-05-15,57.669175,91153252,5256732852.29
2013-05-16,57.00746,92053252,5247722036.58
2013-05-17,57.57847,93203252,5366500667.59
2013-05-20,57.355109,92103252,5282592075.96
2013-05-21,57.619444,92853252,5350152781.33
2013-05-22,57.093937,92253252,5267101395.31
2013-05-23,56.913687,92753252,5278929552.67
2013-05-24,56.804799,92903252,5277350550.05
2013-05-28,57.324001,94003252,5388642465.64
2013-05-29,56.775154,96103252,5456276913.29
2013-05-30,56.727286,97003252,5502731218.0
2013-05-31,56.11125,97303252,5459807050.82
2013-06-03,56.412067,98903252,5579336925.55
2013-06-04,56.156938,99403252,5582182234.59
2013-06-05,55.25649,101203252,5592136461.02
2013-06-06,55.816871,101203252,5648848834.87
2013-06-07,56.826561,96053252,5458376029.51
2013-06-10,56.651562,99753252,5651177505.71
2013-06-11,56.112563,100453252,5636689451.45
2013-06-12,55.512814,100253252,5565340112.62
2013-06-13,56.494369,99703252,5632672305.74
2013-06-14,56.349748,100553252,5666150363.32
2013-06-17,56.640987,101403252,5743580328.93
2013-06-18,57.221613,102203252,5848234978.94
2013-06-19,56.592011,103753252,5871605171.04
2013-06-20,55.088987,104103252,5734942743.51
2013-06-21,55.057271,105303252,5797709708.77
2013-06-24,54.521298,102953252,5613144970.81
2013-06-25,55.010238,102653252,5646979828.02
2013-06-26,55.714078,102253252,5696945626.75
2013-06-27,56.21796,104303252,5863716033.79
2013-06-28,56.412765,104553252,5898138065.45
2013-07-01,56.798866,105453252,5989625161.25
2013-07-02,56.909374,106253252,6046806088.34
2013-07-03,57.190494,106253252,6076675975.06
2013-07-05,57.777901,106253252,6139089901.6
2013-07-08,58.295249,107903252,6290246933.72
2013-07-09,58.546235,112703252,6598351105.29
2013-07-10,58.592297,115153252,6747093586.77
2013-07-11,59.433087,116203252,6906317979.04
2013-07-12,59.760882,118153252,7060942593.58
2013-07-15,59.562338,119103252,7094068201.09
2013-07-16,59.238708,119353252,7070332393.37
2013-07-17,59.305549,120603252,7152442100.62
2013-07-18,59.615269,120653252,7192776088.7
2013-07-19,59.572396,120203252,7160795674.57
2013-07-22,59.544608,121303252,7222954577.66
2013-07-23,59.440891,120603252,7168764725.4
2013-07-24,59.268146,118553252,7026431461.71
2013-07-25,59.312442,118303252,7016854723.72
2013-07-26,59.529132,118303252,7042489874.8
2013-07-29,59.204557,119253252,7060335922.05
2013-07-30,59.050305,118353252,6988795658.97
2013-07-31,59.344899,118353252,7023661834.54
2013-08-01,60.312376,117403252,7080869026.27
2013-08-02,60.733156,116953252,7102940155.95
2013-08-05,60.603136,117953252,7148336932.67
2013-08-06,60.315636,117953252,7114425433.53
2013-08-07,59.813359,117553252,7031254845.36
2013-08-08,60.232649,117703252,7089578618.39
2013-08-09,60.065662,117953252,7084940210.19
2013-08-12,60.014034,117303252,7039841396.85
2013-08-13,59.994698,118103252,7085568937.34
2013-08-14,59.357942,117803252,6992558545.02
2013-08-15,58.312605,116403252,6787776858.98
2013-08-16,58.099474,109203252,6344651450.77
2013-08-19,57.878861,107603252,6227953673.85
2013-08-20,58.403128,106803252,6237644024.84
2013-08-21,57.917813,107153252,6206082064.16
2013-08-22,58.530455,106353252,6224904216.63
2013-08-23,58.540017,105703252,6187870217.62
2013-08-26,58.415826,105703252,6174742758.96
2013-08-27,57.478251,105553252,6067016310.34
2013-08-28,57.742457,104553252,6037161641.94
2013-08-29,58.027122,104553252,6066924263.71
2013-08-30,57.652734,104353252,6016250280.82
2013-09-03,58.098868,103553252,6016326731.05
2013-09-04,58.692841,104603252,6139462033.5
2013-09-05,58.749921,105303252,6186557750.6
2013-09-06,58.631645,105303252,6174102870.55
2013-09-09,59.179808,105303252,6231826255.9
2013-09-10,59.748513,105803252,6321586973.99
2013-09-11,60.167807,106653252,6417092244.04
2013-09-12,60.034849,106753252,6408915340.98
2013-09-13,60.224682,107653252,6483382824.72
2013-09-16,60.459038,109303252,6608369499.56
2013-09-17,60.808763,110003252,6689161694.94
2013-09-18,61.526995,111003252,6829696493.66
2013-09-19,61.531385,113253252,6968629433.57
2013-09-20,60.94984,112153252,6835722753.81
2013-09-23,60.50414,111303252,6734307576.03
2013-09-24,60.588373,111803252,6773977097.38
2013-09-25,60.278047,111803252,6739281703.76
2013-09-26,60.820167,111303252,6769482328.22
2013-09-27,60.849231,111153252,6763589934.72
2013-09-30,60.590933,110703252,6707613355.69
2013-10-01,61.124514,111153252,6794188529.57
2013-10-02,61.083985,110653252,6759141615.36
2013-10-03,60.464738,111203252,6723875552.44
2013-10-04,60.993893,110703252,6752222316.1
2013-10-07,60.142898,110303252,6633957243.69
2013-10-08,59.153341,110303252,6524805852.77
2013-10-09,58.940958,109703252,6466014806.91
2013-10-10,60.277789,109453252,6597599982.11
2013-10-11,60.751813,109453252,6649483449.44
2013-10-14,60.979395,111903252,6823792598.93
2013-10-15,60.486129,112753252,6820007719.16
2013-10-16,61.215182,110103252,6739990585.83
2013-10-17,61.668243,109903252,6777540484.57
2013-10-18,62.045849,109803252,6812835983.73
2013-10-21,62.180196,110053252,6843132755.61
2013-10-22,62.621133,110403252,6913576719.61
2013-10-23,62.248716,111003252,6909809865.89
2013-10-24,62.843131,111353252,6997787013.13
2013-10-25,63.27639,110703252,7004902151.85
2013-10-28,63.129805,110803252,6994987709.34
2013-10-29,63.535506,110253252,7004996168.57
2013-10-30,63.255552,108853252,6885572515.44
2013-10-31,63.397734,109503252,6942258076.16
2013-11-01,63.552214,110453252,7019548663.4
2013-11-04,63.777608,110253252,7031688740.13
2013-11-05,63.78581,110003252,7016646564.02
2013-11-06,63.631991,110353252,7021997091.61
2013-11-07,62.317904,109853252,6845824376.71
2013-11-08,63.297814,109453252,6928151579.8
2013-11-11,63.40008,109453252,6939344967.98
2013-11-12,63.2702,110703252,7004216913.69
2013-11-13,64.279019,111853252,7189817346.75
2013-11-14,64.722071,114003252,7378526588.96
2013-11-15,64.915025,114353252,7423244184.68
2013-11-18,64.456829,115803252,7464310359.53
2013-11-19,64.193706,115203252,7395323652.24
2013-11-20,63.862577,116753252,7456163597.31
2013-11-21,64.445416,116753252,7524211925.0
2013-11-22,64.839686,117053252,7589696126.65
2013-11-25,64.888111,116603252,7566164746.35
2013-11-26,65.251316,116603252,7608515655.37
2013-11-27,65.491119,116053252,7600457356.97
2013-11-29,65.58645,116653252,7650872694.75
2013-12-02,65.259292,116303252,7589867870.36
2013-12-03,64.715869,116703252,7552552361.62
2013-12-04,64.568066,115753252,7473963650.42
2013-12-05,64.56186,115753252,7473245307.15
2013-12-06,65.128986,114003252,7424916230.36
2013-12-09,65.052909,114203252,7429253774.66
2013-12-10,65.116895,113903252,7417026131.0
2013-12-11,64.488343,113853252,7342207573.42
2013-12-12,64.291464,113853252,7319792308.55
2013-12-13,64.465272,113253252,7300901682.11
2013-12-16,64.921172,112653252,7313581194.93
2013-12-17,64.709279,113153252,7322065352.29
2013-12-18,65.723146,112203252,7374350739.02
2013-12-19,65.61599,111353252,7306553830.67
2013-12-20,65.604644,112803252,7400417190.56
2013-12-23,65.931655,112253252,7401042721.94
2013-12-24,66.111709,112203252,7417948715.61
2013-12-26,66.537187,112953252,7515591612.17
2013-12-27,66.30464,114653252,7602042565.59
2013-12-30,66.569062,112953252,7519192029.98
2013-12-31,66.8363,113153252,7562744669.4
2014-01-02,66.501762,113103252,7521565528.59
2014-01-03,66.335691,113753252,7545900609.59
2014-01-06,65.943574,113003252,7451838310.78
2014-01-07,66.31249,113153252,7503473842.51
2014-01-08,66.201334,113653252,7523996927.42
2014-01-09,66.121329,113653252,7514904109.54
2014-01-10,66.369065,113653252,7543060049.04
2014-01-13,65.080862,113653252,7396651641.69
2014-01-14,65.576848,112853252,7400560555.74
2014-01-15,65.737134,110703252,7277314481.33
2014-01-16,65.434862,110703252,7243851989.73
2014-01-17,65.126232,109703252,7144559454.39
2014-01-21,65.007435,110103252,7157530046.15
2014-01-22,65.180693,107553252,7010395510.03
2014-01-23,64.73092,105803252,6848741813.98
2014-01-24,63.48342,104903252,6659617240.63
2014-01-27,63.236111,104353252,6598893830.62
2014-01-28,63.708595,103903252,6619530199.21
2014-01-29,62.651495,106303252,6660057630.09
2014-01-30,63.688248,99503252,6337187783.79
2014-01-31,62.881568,96253252,6052555429.45
2014-02-03,61.208562,95253252,5830314533.91
2014-02-04,61.926375,84603252,5239172668.82
2014-02-05,62.02363,82153252,5095442922.03
2014-02-06,63.303329,79653252,5042316035.06
2014-02-07,64.096853,79653252,5105522762.97
2014-02-10,64.070228,79803252,5113012562.91
2014-02-11,64.53666,81153252,5237359841.85
2014-02-12,64.56799,80853252,5220532003.42
2014-02-13,64.847872,80953252,5249646109.96
2014-02-14,65.222366,81603252,5322357156.45
2014-02-18,65.280202,80403252,5248740520.55
2014-02-19,64.697081,79853252,5166272326.92
2014-02-20,65.067674,79803252,5192611987.56
2014-02-21,65.177573,79803252,5201382264.62
2014-02-24,65.536036,81003252,5308632050.6
2014-02-25,65.876538,81503252,5369152066.79
2014-02-26,66.283977,81503252,5402359654.23
2014-02-27,66.563196,81503252,5425116966.02
2014-02-28,66.789302,81003252,5410150680.89
2014-03-03,66.200345,81703252,5408783489.07
2014-03-04,67.039379,82853252,5554430568.51
2014-03-05,67.256314,82453252,5545501845.78
2014-03-06,67.476762,84653252,5712127362.24
2014-03-07,67.405048,84353252,5685835019.31
2014-03-10,67.170697,84153252,5652632561.93
2014-03-11,66.814521,84153252,5622659255.03
2014-03-12,66.760469,82853252,5531321975.9
2014-03-13,65.807118,82853252,5452333750.22
2014-03-14,65.83836,84153252,5540512121.42
2014-03-17,66.301709,84553252,5606025084.49
2014-03-18,66.597062,84803252,5647647434.6
2014-03-19,66.170897,84303252,5578421783.14
2014-03-20,66.328777,85353252,5661376837.26
2014-03-21,65.695472,86353252,5673017648.69
2014-03-24,65.019666,86553252,5627663497.37
2014-03-25,64.603295,86353252,5578704642.9
2014-03-26,64.097143,86503252,5544611272.13
2014-03-27,63.801998,86853252,5541411036.04
2014-03-28,64.319557,87353252,5618522429.44
2014-03-31,64.733848,87203252,5645002045.37
2014-04-01,65.635957,87403252,5736796122.93
2014-04-02,66.075271,88553252,5851180113.34
2014-04-03,65.73909,88503252,5818123278.12
2014-04-04,64.619507,88753252,5735191349.98
2014-04-07,63.390514,88103252,5584910433.21
2014-04-08,64.010728,88103252,5639553339.74
2014-04-09,64.703505,88453252,5723235431.66
2014-04-10,63.114063,88553252,5588955491.95
2014-04-11,62.246575,86703252,5396980484.53
2014-04-14,62.748476,85403252,5358923887.14
2014-04-15,62.824588,85203252,5352859172.53
2014-04-16,63.682401,83803252,5336792269.56
2014-04-17,63.772369,83403252,5318822953.89
2014-04-18,63.772369,82653252,5270993677.14
2014-04-21,63.947663,82653252,5285482315.48
2014-04-22,64.486097,80153252,5168770401.54
2014-04-23,64.197323,78153252,5017229583.01
2014-04-24,64.526661,78153252,5042968372.27
2014-04-25,63.449585,78453252,4977826264.62
2014-04-28,63.294462,77803252,4924514947.24
2014-04-29,63.552321,78053252,4960465347.43
2014-04-30,63.849016,78353252,5002778019.98
2014-05-01,64.076681,77403252,4959743506.66
2014-05-02,64.265438,77253252,4964714065.69
2014-05-05,64.303756,76703252,4932307196.0
2014-05-06,63.429607,76203252,4833542336.25
2014-05-07,63.31312,74903252,4742358595.77
2014-05-08,63.46754,74903252,4753925177.08
2014-05-09,63.839575,74003252,4724336122.75
2014-05-12,64.642619,74653252,4825781757.52
2014-05-13,64.427606,75603252,4870936497.18
2014-05-14,63.744057,76453252,4873440433.95
2014-05-15,63.29974,75653252,4788831182.2
2014-05-16,63.737411,74953252,4777326230.73
2014-05-19,64.020915,74953252,4798575765.56
2014-05-20,63.471164,75353252,4782758642.54
2014-05-21,64.228881,74403252,4778837646.34
2014-05-22,64.535549,75703252,4885550966.43
2014-05-23,65.076512,77303252,5030626040.08
2014-05-27,65.40184,76803252,5023073965.86
2014-05-28,65.335717,75253252,4916725198.33
2014-05-29,65.618256,78903252,5177493795.88
2014-05-30,65.677937,78553252,5159215547.91
2014-06-02,65.885304,78553252,5175504885.03
2014-06-03,65.782356,78853252,5187152677.32
2014-06-04,66.087764,80603252,5326888688.97
2014-06-05,66.533946,80753252,5372832519.99
2014-06-06,66.910426,81103252,5426653140.32
2014-06-09,66.967397,80603252,5397789948.11
2014-06-10,66.802827,80603252,5384525102.95
2014-06-11,66.596529,79003252,5261342334.06
2014-06-12,65.755066,79003252,5194864076.12
2014-06-13,65.763959,78653252,5172549261.06
2014-06-16,65.989199,77353252,5104479153.25
2014-06-17,66.185523,76703252,5076644855.24
2014-06-18,66.677169,76603252,5107687942.24
2014-06-19,66.555914,75853252,5048482496.79
2014-06-20,66.094587,76103252,5030012993.5
2014-06-23,66.161609,76603252,5068194422.86
2014-06-24,66.005061,75353252,4973695995.1
2014-06-25,66.54982,76553252,5094605104.12
2014-06-26,66.605417,76453252,5092200719.79
2014-06-27,66.778007,76103252,5082023519.83
2014-06-30,66.756851,75703252,5053710684.41
2014-07-01,67.459643,75853252,5117033302.38
2014-07-02,67.563637,76503252,5168837926.63
2014-07-03,68.082274,76503252,5208515352.11
2014-07-07,67.662623,76503252,5176410718.28
2014-07-08,66.992057,76503252,5125110189.61
2014-07-09,67.813928,76353252,5177813928.71
2014-07-10,67.18589,75503252,5072753155.07
2014-07-11,67.406696,82503252,5561271601.87
2014-07-14,67.586623,81503252,5508529525.53
2014-07-15,67.347862,82703252,5569887235.78
2014-07-16,67.515833,83453252,5634415801.39
2014-07-17,66.902398,76553252,5121596154.38
2014-07-18,67.496372,77703252,5244687620.92
2014-07-21,67.169444,77703252,5219284269.33
2014-07-22,67.477894,78103252,5270242949.2
2014-07-23,67.408889,77853252,5248001253.15
2014-07-24,67.6007,78753252,5323774970.36
2014-07-25,66.807427,77353252,5167771753.8
2014-07-28,66.927657,77353252,5177071896.24
2014-07-29,66.743564,77353252,5162831717.33
2014-07-30,67.131562,76803252,5155922279.82
2014-07-31,65.871792,88203252,5810106253.93
2014-08-01,65.637817,84653252,5556454630.52
2014-08-04,66.299564,84353252,5592583832.45
2014-08-05,65.842042,93853252,6179489714.24
2014-08-06,65.672795,97703252,6416445590.66
2014-08-07,65.350453,100353252,6558130464.27
2014-08-08,66.373669,101203252,6717231152.85
2014-08-11,66.670293,102003252,6800586711.52
2014-08-12,66.475838,101153252,6724247151.96
2014-08-13,66.710254,101553252,6774643247.96
2014-08-14,67.222119,101553252,6826624746.53
2014-08-15,67.125392,100153252,6722826252.74
2014-08-18,67.712036,99103252,6710482981.15
2014-08-19,68.230151,97353252,6642427045.52
2014-08-20,68.581601,97103252,6659496529.03
2014-08-21,68.519584,96253252,6595232776.31
2014-08-22,68.602089,96253252,6603174149.89
2014-08-25,68.794623,97003252,6673302159.92
2014-08-26,68.832064,96103252,6614985194.17
2014-08-27,68.918649,95603252,6588846940.93
2014-08-28,68.810068,94903252,6530299247.23
2014-08-29,68.818843,94903252,6531132018.32
2014-09-02,68.960327,95103252,6558351355.84
2014-09-03,68.752641,101403252,6971741360.12
2014-09-04,69.021425,101653252,7016252343.76
2014-09-05,69.290588,102803252,7123297742.01
2014-09-08,68.962994,102803252,7089620029.07
2014-09-09,68.28633,103953252,7098586120.85
2014-09-10,68.514696,103703252,7105196804.39
2014-09-11,68.565227,103703252,7110436999.01
2014-09-12,68.351372,103703252,7088259541.47
2014-09-15,68.07757,102803252,6998595582.98
2014-09-16,68.383891,102603252,7016409560.4
2014-09-17,68.405385,100853252,6898905487.38
2014-09-18,68.682973,99553252,6837613311.12
2014-09-19,68.518646,100453252,6882920832.48
2014-09-22,67.524357,100553252,6789793680.1
2014-09-23,66.987648,99053252,6635344347.67
2014-09-24,67.686224,99003252,6701156252.81
2014-09-25,66.715324,99653252,6648399018.53
2014-09-26,67.431228,100503252,6777057709.96
2014-09-29,67.053059,100753252,6755813715.69
2014-09-30,66.692109,100653252,6712777671.32
2014-10-01,65.849546,100653252,6627970905.78
2014-10-02,66.100637,101753252,6725954809.9
2014-10-03,66.964509,101553252,6800463676.64
2014-10-06,66.592913,100703252,6706122947.35
2014-10-07,65.621391,70553252,6601725288.01
2014-10-08,66.648129,101103252,6738342533.99
2014-10-09,65.13844,100603252,6553138932.12
2014-10-10,64.571267,92053252,5943995085.44
2014-10-13,63.245045,97253252,6150786273.41
2014-10-14,63.66483,93603252,5959235103.9
2014-10-15,63.167938,92503252,5843239722.02
2014-10-16,63.266359,90853252,5747954467.34
2014-10-17,63.945522,90153252,5764896790.09
2014-10-20,64.842564,89953252,5832799513.63
2014-10-21,66.061031,89653252,5922586256.18
2014-10-22,65.5037,90453252,5925022653.04
2014-10-23,66.429633,92153252,6121706711.09
2014-10-24,66.359781,92153252,6115269610.58
2014-10-27,66.480386,92853252,6172920048.55
2014-10-28,67.208268,93103252,6257308270.95
2014-10-29,67.005343,91353252,6121155977.45
2014-10-30,67.448507,92303252,6225716537.48
2014-10-31,68.109282,93403252,6361628412.89
2014-11-03,68.120216,93703252,6383085793.34
2014-11-04,67.268363,89703252,6034190901.75
2014-11-05,67.547897,91203252,6160587851.32
2014-11-06,68.1388,90453252,6163376006.06
2014-11-07,68.015146,93303252,6346034339.07
2014-11-10,67.978343,94653252,6434371207.35
2014-11-11,68.240625,94903252,6476257233.05
2014-11-12,68.589213,95503252,6550492914.45
2014-11-13,69.00495,95903252,6617799116.93
2014-11-14,69.263696,96903252,6711877383.86
2014-11-17,69.200224,98353252,6806067038.93
2014-11-18,69.298806,93603252,6486593646.44
2014-11-19,69.616296,97103252,6759968694.56
2014-11-20,69.90799,98053252,6854705720.04
2014-11-21,70.067515,98453252,6898374683.03
2014-11-24,70.728953,98303252,6952886045.52
2014-11-25,70.911548,98603252,6992109285.81
2014-11-26,70.964426,99153252,7036353658.77
2014-11-28,71.787204,99053252,7110755984.31
2014-12-01,71.010702,99453252,7062245192.82
2014-12-02,71.284113,98153252,6996767510.03
2014-12-03,71.425992,98453252,7032121170.6
2014-12-04,71.347925,99203252,7077946176.15
2014-12-05,71.531907,100403252,7182036100.48
2014-12-08,70.945649,102053252,7240234185.13
2014-12-09,70.846636,102353252,7251383633.78
2014-12-10,69.847991,102703252,7173615772.54
2014-12-11,70.414545,102253252,7200116229.09
2014-12-12,69.97939,109103252,7634979029.71
2014-12-15,69.573054,112053252,7795886904.72
2014-12-16,68.476964,113453252,7768934267.34
2014-12-17,69.790129,113303252,7907448538.78
2014-12-18,70.89773,115053252,8157014435.65
2014-12-19,70.86332,108303252,7674728027.47
2014-12-22,71.530484,110353252,7893621524.06
2014-12-23,71.953344,109953252,7911504111.67
2014-12-24,71.820883,110753252,7954396404.53
2014-12-26,72.22283,111103252,8024191231.91
2014-12-29,72.708023,118253252,8597960201.59
2014-12-30,72.432786,131853252,9550498392.53
2014-12-31,72.176333,133653252,9646601620.39
2015-01-02,71.653875,134903252,9666340730.75
2015-01-05,70.253733,134853252,9473944333.85
2015-01-06,69.591563,135503252,9429883083.52
2015-01-07,70.656305,135753252,9591823227.5
2015-01-08,71.704618,135903252,9744890803.21
2015-01-09,70.887113,136753252,9694043243.37
2015-01-12,70.552074,136453252,9627059993.69
2015-01-13,70.469137,137753252,9707352779.04
2015-01-14,69.665335,138253252,9631459174.58
2015-01-15,68.796915,138103252,9501077708.51
2015-01-16,69.704507,138403252,9647330393.1
2015-01-20,69.256662,138503252,9592272900.3
2015-01-21,69.685153,134053252,9341521394.07
2015-01-22,71.004536,133103252,9450934596.69
2015-01-23,70.891495,127203252,9017628741.33
2015-01-26,71.29713,125503252,8948021656.03
2015-01-27,70.736875,124753252,8824655192.71
2015-01-28,69.808799,123403252,8614632755.75
2015-01-29,70.726272,123053252,8703097734.82
2015-01-30,69.96699,123003252,8606167347.5
2015-02-02,70.587567,123453252,8714264663.04
2015-02-03,72.109513,114253252,8238746333.3
2015-02-04,72.589923,113803252,8260969307.14
2015-02-05,73.025458,115003252,8398165201.92
2015-02-06,72.924824,115403252,8415761889.14
2015-02-09,72.66863,114003252,8284460099.37
2015-02-10,73.563012,114203252,8401135181.79
2015-02-11,73.586165,114703252,8440572387.34
2015-02-12,74.42455,114203252,8499525596.45
2015-02-13,74.864069,114953252,8605868230.68
2015-02-17,74.737392,115603252,8639885598.52
2015-02-18,74.658455,115303252,8608362703.26
2015-02-19,74.884972,115253252,8630736509.12
2015-02-20,75.447844,115153252,8688064574.47
2015-02-23,75.402332,114903252,8663973134.45
2015-02-24,75.696834,114603252,8675103341.94
2015-02-25,76.315191,115003252,8776495112.73
2015-02-26,76.059972,116153252,8834613039.37
2015-02-27,75.964507,117803252,8948865953.93
2015-03-02,76.869917,119303252,9170831086.76
2015-03-03,76.685996,133603252,10245498418.16
2015-03-04,76.229871,136603252,10413248285.05
2015-03-05,76.331344,136853252,10446192588.05
2015-03-06,75.392891,142603252,10751271433.93
2015-03-09,75.81984,142353252,10793200773.76
2015-03-10,74.596955,143003252,10667607102.66
2015-03-11,74.253928,144303252,10715083292.58
2015-03-12,75.74668,144603252,10953216264.61
2015-03-13,75.203715,145803252,10964946203.19
2015-03-16,76.019813,143853252,10935697300.66
2015-03-17,75.62757,143553252,10856583646.15
2015-03-18,76.290129,144353252,11012728177.59
2015-03-19,76.157484,143753252,10947885925.03
2015-03-20,76.713997,143903252,11039393585.66
2015-03-23,76.621477,145503252,11148674121.62
2015-03-24,76.235746,144453252,11012501472.79
2015-03-25,75.011566,145153252,10888172806.07
2015-03-26,74.536251,145003252,10807998858.86
2015-03-27,74.918341,145653252,10912100062.77
2015-03-30,75.691991,145753252,11032353770.5
2015-03-31,75.348445,145353252,10952141469.98
2015-04-01,75.008904,147353252,11052805884.38
2015-04-02,75.680616,147203252,11140432773.38
2015-04-06,76.040369,147303252,11200993606.06
2015-04-07,75.644156,148053252,11199363311.17
2015-04-08,76.347301,148153252,11311100900.01
2015-04-09,76.416087,148903252,11378603906.92
2015-04-10,76.659057,147953252,11341956791.65
2015-04-13,76.255375,148103252,11293669005.97
2015-04-14,76.197945,147553252,11243254607.08
2015-04-15,76.200821,147503252,11239868831.8
2015-04-16,76.360512,146203252,11164155184.08
2015-04-17,75.240617,143553252,10801035278.61
2015-04-20,76.047745,143253252,10894086751.0
2015-04-21,76.10329,143103252,10890628350.42
2015-04-22,76.211941,143253252,10917608428.88
2015-04-23,76.56479,143153252,10960498665.0
2015-04-24,77.588663,142803252,11079913333.4
2015-04-27,76.932077,142953252,10997690540.88
2015-04-28,76.668401,143203252,10979164327.99
2015-04-29,76.182513,142403252,10848637546.77
2015-04-30,75.310492,141953252,10690569269.47
2015-05-01,76.360831,142553252,10885484812.92
2015-05-04,76.503072,142103252,10871335354.75
2015-05-05,75.72591,142103252,10760898051.34
2015-05-06,75.409746,140953252,10629248964.28
2015-05-07,75.769845,138953252,10528466323.82
2015-05-08,76.596046,139453252,10681567735.06
2015-05-11,76.274327,140203252,10693908757.7
2015-05-12,76.126594,140303252,10680808755.7
2015-05-13,75.664925,140603252,10638734558.35
2015-05-14,75.988635,142053252,10794432714.91
2015-05-15,76.555586,140953252,10790758832.64
2015-05-18,76.883138,140603252,10810019256.52
2015-05-19,76.865824,139103252,10692286145.65
2015-05-20,76.762309,138703252,10647181870.22
2015-05-21,77.037849,137203252,10569843383.05
2015-05-22,76.910364,136903252,10529278879.8
2015-05-26,76.432737,136903252,10463890229.08
2015-05-27,76.961137,137103252,10551622194.21
2015-05-28,76.817869,135153252,10382184854.03
2015-05-29,76.293153,134903252,10292194497.09
2015-06-01,76.530057,134203252,10270582582.04
2015-06-02,76.676514,133553252,10240397840.08
2015-06-03,77.240414,134403252,10381362798.86
2015-06-04,76.717018,135053252,10360882796.24
2015-06-05,76.508288,135253252,10347994804.88
2015-06-08,75.992529,134703252,10236440821.3
2015-06-09,75.922515,134203252,10189048409.91
2015-06-10,76.695698,133103252,10208446830.35
2015-06-11,76.902175,133503252,10266690446.95
2015-06-12,76.582104,133503252,10223959878.82
2015-06-15,76.231568,133803252,10200031644.97
2015-06-16,76.648734,133653252,10244352503.75
2015-06-17,77.004302,133853252,10307276248.82
2015-06-18,77.964754,133753252,10428039403.98
2015-06-19,77.530588,134353252,10416486568.39
2015-06-22,77.906244,134153252,10451375979.5
2015-06-23,78.198176,134403252,10510089137.5
2015-06-24,77.623736,135253252,10498862731.89
2015-06-25,77.586502,136353252,10579171910.36
2015-06-26,77.894488,135553252,10558851157.11
2015-06-29,76.138378,136353252,10381715405.79
2015-06-30,76.516201,134703252,10306981108.17
2015-07-01,77.340319,133403252,10317450021.29
2015-07-02,77.240797,133803252,10335069832.27
2015-07-06,77.056249,135053252,10406696951.48
2015-07-07,77.676216,135003252,10486541812.98
2015-07-08,76.236115,136603252,10414101254.84
2015-07-09,76.552219,136853252,10476420182.32
2015-07-10,77.655458,137853252,10705057479.61
2015-07-13,78.793796,138253252,10893498486.03
2015-07-14,78.897665,139753252,11026205192.26
2015-07-15,78.805241,141303252,11135436825.29
2015-07-16,79.315997,141153252,11195710960.59
2015-07-17,79.163555,141503252,11201900451.29
2015-07-20,79.19571,141453252,11202490730.16
2015-07-21,78.960291,142153252,11224462126.71
2015-07-22,79.294651,142153252,11271992529.79
2015-07-23,78.82624,142353252,11221171637.47
2015-07-24,78.807598,142403252,11222458245.14
2015-07-27,78.242284,142853252,11177164718.42
2015-07-28,78.892062,143103252,11289710683.54
2015-07-29,79.693699,143053252,11400442865.87
2015-07-30,79.959675,143403252,11466477495.24
2015-07-31,80.182204,143853252,11534470861.2
2015-08-03,79.980909,144553252,11561500554.33
2015-08-04,80.24302,144453252,11591365149.94
2015-08-05,79.377758,144103252,11438593085.65
2015-08-06,78.320179,145553252,11399756735.42
2015-08-07,78.261591,145703252,11402968373.23
2015-08-10,78.931037,144553252,11409738144.28
2015-08-11,78.142194,143803252,11237101588.74
2015-08-12,77.817239,143553252,11170917717.63
2015-08-13,78.265592,143403252,11223540357.79
2015-08-14,78.357117,143603252,11252336873.88
2015-08-17,79.124466,142503252,11275493659.31
2015-08-18,79.203085,142403252,11278776933.3
2015-08-19,79.028011,141903252,11214331830.88
2015-08-20,76.822608,141903252,10901377950.96
2015-08-21,74.301876,139053252,10331917534.71
2015-08-24,71.331436,138553252,9883202360.09
2015-08-25,71.050523,137353252,9759020323.21
2015-08-26,73.781807,136903252,10100969271.95
2015-08-27,75.525016,135853252,10260318977.61
2015-08-28,75.570841,135203252,10217423444.72
2015-08-31,75.018734,136403252,10232799338.97
2015-09-01,73.091655,134453252,9827410699.66
2015-09-02,74.630337,133203252,9941003537.85
2015-09-03,74.68696,133053252,9937342964.82
2015-09-04,73.86942,132903252,9817486171.81
2015-09-08,75.57853,133453252,10086200676.58
2015-09-09,74.741513,134053252,10019342932.42
2015-09-10,74.95984,132953252,9966154559.56
2015-09-11,75.526778,133453252,10079294157.93
2015-09-14,75.105953,133203252,10004357239.92
2015-09-15,75.912465,133153252,10107991550.27
2015-09-16,76.7777,133553252,10253911452.82
2015-09-17,76.969989,135703252,10445077834.88
2015-09-18,75.51834,139103252,10504846672.23
2015-09-21,76.080675,137203252,10438515966.58
2015-09-22,75.121984,137903252,10359565884.87
2015-09-23,74.923132,140253252,10508212950.31
2015-09-24,74.689808,139353252,10408267571.6
2015-09-25,74.695654,136603252,10203669231.71
2015-09-28,72.537506,136553252,9905232308.51
2015-09-29,72.332333,133503252,9656601707.42
2015-09-30,74.255846,133803252,9935673725.84
2015-10-01,74.794882,136253252,10191045951.94
2015-10-02,75.858745,134953252,10237384264.69
2015-10-05,76.975221,136153252,10480426714.74
2015-10-06,76.435754,136653252,10445194397.16
2015-10-07,76.698911,137253252,10527174942.97
2015-10-08,77.595336,137603252,10677370609.67
2015-10-09,77.724838,137953252,10722394229.47
2015-10-12,78.091162,139053252,10858830087.89
2015-10-13,77.664258,140753252,10931496894.37
2015-10-14,76.880706,142353252,10944218495.73
2015-10-15,77.846291,142103252,11062211174.31
2015-10-16,78.308285,141603252,11088707800.6
2015-10-19,78.669921,140953252,11088781153.91
2015-10-20,78.490956,140853252,11055706467.22
2015-10-21,78.19092,141703252,11079907630.66
2015-10-22,79.276347,141853252,11245607637.78
2015-10-23,79.604436,143453252,11419515182.9
2015-10-26,80.214107,145103252,11639327767.42
2015-10-27,79.79104,146503252,11689646865.18
2015-10-28,80.562065,146003252,11762323485.62
2015-10-29,80.78385,142803252,11536196523.18
2015-10-30,80.966882,142453252,11533995613.17
2015-11-02,81.320955,142703252,11604764728.39
2015-11-03,81.649116,142153252,11606687401.53
2015-11-04,81.122072,143803252,11665617713.88
2015-11-05,81.42461,143803252,11709123702.28
2015-11-06,81.405035,143653252,11694097980.47
2015-11-09,80.336826,144453252,11604915718.99
2015-11-10,80.99362,144853252,11732189262.17
2015-11-11,80.59363,144803252,11670219739.38
2015-11-12,79.81028,144953252,11568759568.45
2015-11-13,77.70169,145303252,11290308207.9
2015-11-16,78.663864,144853252,11394716464.91
2015-11-17,78.833407,144853252,11419275338.97
2015-11-18,80.181572,145053252,11630597769.55
2015-11-19,80.235933,145403252,11666565564.69
2015-11-20,81.22028,145353252,11805631865.42
2015-11-23,81.504386,145953252,11895830244.43
2015-11-24,81.335168,145353252,11822331198.98
2015-11-25,81.749692,145403252,11886671070.59
2015-11-27,81.449299,145503252,11851137934.1
2015-11-30,80.765636,145353252,11739547785.83
2015-12-01,81.605546,145603252,11882032885.54
2015-12-02,80.882227,146853252,11877818025.98
2015-12-03,79.662882,147153252,11722652203.06
2015-12-04,81.232998,147003252,11941514832.32
2015-12-07,80.876157,146153252,11820313295.61
2015-12-08,80.618452,146153252,11782648991.53
2015-12-09,79.64904,146553252,11672825807.98
2015-12-10,79.880275,146353252,11690737968.21
2015-12-11,78.046163,147003252,11473039754.91
2015-12-14,78.401812,147053252,11529241354.41
2015-12-15,78.852081,147753252,11650651441.26
2015-12-16,80.198862,147953252,11865682386.24
2015-12-17,78.903679,145903252,11512303299.66
2015-12-18,77.440836,148103252,11469239600.82
2015-12-21,77.730928,148603252,11551068611.16
2015-12-22,78.253372,147503252,11542626814.28
2015-12-23,78.696613,146503252,11529309765.89
2015-12-24,78.489611,147003252,11538228084.44
2015-12-28,78.695346,146403252,11521254501.91
2015-12-29,79.580498,146253252,11638906673.52
2015-12-30,78.96525,146103252,11537079873.53
2015-12-31,78.197519,146053252,11421001941.68
2016-01-04,76.819926,145203252,11154503014.19
2016-01-05,76.688238,143053252,10970501862.47
2016-01-06,75.929817,144003252,10934140572.43
2016-01-07,74.40569,142403252,10595612262.72
2016-01-08,73.602916,142403252,10481294551.98
2016-01-11,74.247849,143503252,10654807757.21
2016-01-12,75.009018,142803252,10711531709.3
2016-01-13,72.490791,144003252,10438909669.7
2016-01-14,73.024884,142753252,10424539709.77
2016-01-15,71.510039,141003252,10083148038.77
2016-01-19,71.78506,141053252,10125516135.0
2016-01-20,71.107979,141103252,10033567126.59
2016-01-21,72.07965,139203252,10033721752.35
2016-01-22,73.302938,141853252,10398260095.66
2016-01-25,72.442389,140953252,10210990337.75
2016-01-26,73.505404,141003252,10364501064.92
2016-01-27,72.418143,138553252,10033769215.97
2016-01-28,73.302075,137853252,10104929474.25
2016-01-29,74.201309,137403252,10195501158.32
2016-02-01,74.565302,136653252,10189591053.29
2016-02-02,73.157876,136603252,9993603726.83
2016-02-03,72.912225,134853252,9832450689.87
2016-02-04,72.500606,136703252,9911068665.48
2016-02-05,70.198824,137553252,9656076494.47
2016-02-08,68.819255,134603252,9263295463.91
2016-02-09,68.642729,134003252,9198348857.82
2016-02-10,68.589795,134553252,9228979998.46
2016-02-11,68.533144,133503252,9149397655.17
2016-02-12,69.775663,133803252,9336210635.2
2016-02-16,71.492691,133553252,9548081370.99
2016-02-17,73.00604,136753252,9983813375.04
2016-02-18,72.522308,138003252,10008314345.45
2016-02-19,72.759872,137503252,10004718948.88
2016-02-22,74.144493,136703252,10135793318.68
2016-02-23,73.737414,137453252,10135447351.11
2016-02-24,74.17227,137003252,10161842200.99
2016-02-25,74.917598,135703252,10166561627.78
2016-02-26,74.857873,135453252,10139742313.11
2016-02-29,74.473832,135353252,10080275286.28
2016-03-01,76.419705,134353252,10267235864.58
2016-03-02,76.340537,134503252,10268050467.94
2016-03-03,76.771497,135553252,10406626029.88
2016-03-04,76.753857,137353252,10542391828.35
2016-03-07,76.413359,137803252,10530009426.2
2016-03-08,75.810872,138203252,10477308992.52
2016-03-09,75.95375,137803252,10466673770.06
2016-03-10,76.084728,134903252,10264077183.04
2016-03-11,77.280662,134353252,10382908208.09
2016-03-14,77.584394,135053252,10478024707.43
2016-03-15,77.576883,134353252,10422706489.82
2016-03-16,78.139957,134703252,10525706334.96
2016-03-17,78.353744,135203252,10593681008.3
2016-03-18,78.108848,134753252,10525421288.03
2016-03-21,78.138149,133503252,10431697004.48
2016-03-22,77.953551,131953252,10286224608.12
2016-03-23,77.464999,132153252,10237251473.78
2016-03-24,77.533511,133003252,10312209120.76
2016-03-28,77.926701,134503252,10481394742.77
2016-03-29,78.660692,134703252,10595851010.13
2016-03-30,79.158151,136053252,10769723812.22
2016-03-31,79.083872,135603252,10724030217.87
2016-04-01,79.480001,136403252,10841330587.79
2016-04-04,78.823942,135303252,10665135742.09
2016-04-05,78.160481,134403252,10505022809.43
2016-04-06,78.897577,136953252,10805279692.67
2016-04-07,77.989322,136053252,10610700913.23
2016-04-08,77.868558,135353252,10539762611.87
2016-04-11,77.554235,135353252,10497217955.68
2016-04-12,78.173587,134903252,10545871047.48
2016-04-13,79.233335,135053252,10700719517.9
2016-04-14,79.243844,135703252,10753647310.79
2016-04-15,79.469835,136203252,10824049994.74
2016-04-18,80.20411,136453252,10944111608.19
2016-04-19,79.822191,136953252,10931908595.34
2016-04-20,79.851236,136403252,10891968246.6
2016-04-21,79.654094,135603252,10801354131.91
2016-04-22,79.426016,135303252,10746598234.62
2016-04-25,79.548679,135803252,10802969254.54
2016-04-26,79.727277,134453252,10719591633.71
2016-04-27,79.666308,133553252,10639694489.63
2016-04-28,78.783623,133553252,10521809121.39
2016-04-29,79.183319,131903252,10444537296.54
2016-05-02,80.283417,131353252,10545487958.09
2016-05-03,79.590814,131453252,10462471336.96
2016-05-04,79.215244,131353252,10405179958.92
2016-05-05,78.720199,132503252,10430682351.69
2016-05-06,79.23747,131503252,10419985027.01
2016-05-09,79.491557,131103252,10421601689.17
2016-05-10,80.49087,132353252,10653228363.2
2016-05-11,78.902561,133153252,10506132539.82
2016-05-12,79.006844,132403252,10460763099.74
2016-05-13,78.143525,132103252,10323013773.58
2016-05-16,78.609213,131403252,10329506224.61
2016-05-17,77.709818,131203252,10195780790.77
2016-05-18,77.267094,130503252,10083606993.4
2016-05-19,77.195426,129453252,9993198931.76
2016-05-20,77.696773,129953252,10096948379.72
2016-05-23,77.390272,130053252,10064856582.53
2016-05-24,78.391926,130103252,10199044521.93
2016-05-25,78.779535,130403252,10273107616.12
2016-05-26,78.959203,130703252,10320224609.75
2016-05-27,79.343606,130303252,10338729890.59
2016-05-31,79.289881,130853252,10375338736.92
2016-06-01,79.197028,130953252,10371108330.59
2016-06-02,79.623637,130803252,10415030644.33
2016-06-03,79.186231,130153252,10306345524.19
2016-06-06,79.284288,130153252,10319107952.69
2016-06-07,79.387516,129853252,10308727078.98
2016-06-08,79.48545,130203252,10349264025.99
2016-06-09,79.335718,129703252,10290100680.09
2016-06-10,78.521592,129403252,10160949368.31
2016-06-13,78.044525,129203252,10083606378.03
2016-06-14,77.842317,128103252,9971853928.19
2016-06-15,78.04788,127753252,9970870435.8
2016-06-16,78.34536,127303252,9973619101.27
2016-06-17,77.952571,127253252,9919718209.41
2016-06-20,78.63181,125503252,9868547851.5
2016-06-21,78.471058,126653252,9938614740.33
2016-06-22,78.33906,126603252,9917979764.13
2016-06-23,79.07738,126203252,9979822569.93
2016-06-24,76.215479,127003252,9679613662.48
2016-06-27,74.808104,126103252,9433545235.14
2016-06-28,76.234059,125653252,9579057481.61
2016-06-29,77.482133,123903252,9600288304.56
2016-06-30,78.065577,123653252,9653062495.54
2016-07-01,78.785757,123703252,9746054332.72
2016-07-05,78.210854,123303252,9643652591.52
2016-07-06,78.870391,123803252,9764410845.44
2016-07-07,79.22123,124053252,9827651261.19
2016-07-08,80.608721,123903252,9987682624.68
2016-07-11,81.05782,126003252,10213548909.28
2016-07-12,81.427822,126603252,10309027036.63
2016-07-13,81.048399,127453252,10329882038.27
2016-07-14,81.377058,127553252,10379908370.87
2016-07-15,81.010442,126803252,10272387435.59
2016-07-18,81.279703,127053252,10326850597.6
2016-07-19,81.13062,124853252,10129421771.59
2016-07-20,81.449496,124853252,10169234410.47
2016-07-21,81.242833,124903252,10147494046.05
2016-07-22,81.626327,124853252,10191312351.83
2016-07-25,81.734412,125153252,10229327489.87
2016-07-26,81.620583,125003252,10202838309.16
2016-07-27,81.343488,126003252,10249544012.56
2016-07-28,81.535575,126253252,10294131552.88
2016-07-29,81.608035,126853252,10352244622.06
2016-08-01,81.711346,126653252,10349007674.08
2016-08-02,80.530412,126353252,10175279380.08
2016-08-03,80.739279,125753252,10153226915.25
2016-08-04,80.699857,126753252,10228969310.97
2016-08-05,81.562172,126503252,10317879946.65
2016-08-08,81.298485,127103252,10333301850.28
2016-08-09,81.036187,124253252,10069009718.61
2016-08-10,81.212511,121153252,9839159810.48
2016-08-11,82.043841,121653252,9980900056.8
2016-08-12,82.020941,122253252,10027326730.92
2016-08-15,82.13731,122353252,10049766951.04
2016-08-16,81.690237,122353252,9995066195.49
2016-08-17,81.529425,122303252,9971313840.41
2016-08-18,81.485835,123303252,10047468494.54
2016-08-19,81.466014,122103252,9947265250.23
2016-08-22,81.395965,121803252,9914293210.48
2016-08-23,81.787966,122203252,9994755440.74
2016-08-24,81.434999,122303252,9959765150.8
2016-08-25,81.138024,122303252,9923444241.33
2016-08-26,80.918117,122453252,9908686515.78
2016-08-29,81.179922,123153252,9997571415.87
2016-08-30,80.787297,123403252,9969415166.07
2016-08-31,80.588932,123703252,9969112996.81
2016-09-01,80.741377,123103252,9939526028.51
2016-09-02,80.859508,123003252,9945982434.32
2016-09-06,80.992345,122803252,9946123303.94
2016-09-07,81.022198,123103252,9974096081.33
2016-09-08,80.397852,124353252,9997734320.25
2016-09-09,78.431415,123603252,9694378013.94
2016-09-12,79.575657,123203252,9803979707.17
2016-09-13,78.386444,118353252,9277290606.79
2016-09-14,78.411264,116853252,9162611237.12
2016-09-15,78.951673,116153252,9170493532.81
2016-09-16,78.527297,115403252,9062305465.17
2016-09-19,78.444416,115503252,9060585181.24
2016-09-20,78.523965,115503252,9069773287.35
2016-09-21,79.240574,115553252,9156506036.81
2016-09-22,79.853806,115503252,9223374289.2
2016-09-23,79.670174,115753252,9222081722.86
2016-09-26,78.783666,117353252,9245519422.06
2016-09-27,79.565569,119203252,9484474547.43
2016-09-28,79.807475,119603252,9545233567.93
2016-09-29,79.3821,119653252,9498326394.22
2016-09-30,80.030499,119053252,9527891152.36
2016-10-03,80.017666,119103252,9530364252.0
2016-10-04,79.75992,117703252,9388001968.23
2016-10-05,80.069132,116053252,9292283161.22
2016-10-06,80.110687,115503252,9253044843.16
2016-10-07,79.757843,114303252,9116580840.1
2016-10-10,79.831139,118153252,9432308686.94
2016-10-11,78.925512,117453252,9270058035.5
2016-10-12,79.233246,117103252,9278470728.03
2016-10-13,78.979786,117503252,9280381668.31
2016-10-14,78.853617,117003252,9226129598.84
2016-10-17,78.262696,117103252,9164816179.61
2016-10-18,78.718173,116753252,9190602690.53
2016-10-19,79.106702,117053252,9259696755.8
2016-10-20,78.989878,117203252,9257870557.6
2016-10-21,79.593305,117003252,9312675507.9
2016-10-24,80.161676,116653252,9351120180.99
2016-10-25,79.233474,116553252,9234919059.99
2016-10-26,78.89754,116453252,9187875080.51
2016-10-27,78.217915,118153252,9241701043.52
2016-10-28,78.044144,117703252,9186049580.35
2016-10-31,78.153028,118253252,9241849725.69
2016-11-01,77.499618,117753252,9125831994.95
2016-11-02,77.05468,114503252,8823011387.78
2016-11-03,76.865267,114903252,8832069177.69
2016-11-04,76.697946,115603252,8866531991.14
2016-11-07,78.463187,119453252,9372682818.48
2016-11-08,78.842105,122703252,9674182679.93
2016-11-09,78.988403,123603252,9763223478.53
2016-11-10,79.250647,124503252,9866963248.26
2016-11-11,79.756515,123603252,9858164619.76
2016-11-14,79.71716,123153252,9817427441.09
2016-11-15,80.002391,123903252,9912556395.08
2016-11-16,80.444955,124203252,9991524957.22
2016-11-17,81.419541,124553252,10141068629.96
2016-11-18,81.153431,126253252,10245884623.42
2016-11-21,81.666919,127503252,10412797746.9
2016-11-22,82.675093,127953252,10578547006.4
2016-11-23,82.761752,128603252,10643430391.11
2016-11-25,82.986549,129553252,10751177317.5
2016-11-28,82.311835,130553252,10746077725.79
2016-11-29,82.521773,131603252,10860133658.17
2016-11-30,81.805548,132703252,10855862190.29
2016-12-01,81.886756,133153252,10903487898.72
2016-12-02,81.428912,131503252,10708166712.67
2016-12-05,82.242656,132553252,10901531507.3
2016-12-06,82.502607,134603252,11105119211.07
2016-12-07,84.039346,135253252,11366594812.58
2016-12-08,84.131521,136703252,11501052496.72
2016-12-09,84.301689,135453252,11418937933.32
2016-12-12,83.633568,135253252,11311711981.87
2016-12-13,84.329326,134953252,11380516769.86
2016-12-14,83.784918,135253252,11332182623.29
2016-12-15,83.578637,135453252,11320998155.03
2016-12-16,82.711145,135003252,11166273591.78
2016-12-19,82.890877,135803252,11256850708.83
2016-12-20,83.539115,136003252,11361591300.43
2016-12-21,83.497405,136153252,11368443288.56
2016-12-22,82.65704,131703252,10886201028.48
2016-12-23,82.454783,132553252,10929649607.91
2016-12-27,82.742938,132753252,10984394128.74
2016-12-28,82.225224,132753252,10915665828.41
2016-12-29,82.102469,132953252,10915790232.08
2016-12-30,81.363046,132953252,10817481553.26
2017-01-03,81.861925,132453252,10842878171.19
2017-01-04,82.947887,133303252,11057223103.57
2017-01-05,82.892275,133553252,11070532887.5
2017-01-06,83.253144,137453252,11443415329.21
2017-01-09,83.197332,138603252,11531420825.4
2017-01-10,83.527788,138603252,11577223008.15
2017-01-11,83.716996,139603252,11687164844.79
2017-01-12,83.691123,139503252,11675183815.42
2017-01-13,83.94566,138953252,11664522484.25
2017-01-17,84.130459,138953252,11690200936.77
2017-01-18,83.989245,138453252,11628584040.95
2017-01-19,83.706842,138453252,11589484523.62
2017-01-20,83.907683,138453252,11617291598.19
2017-01-23,83.973098,139753252,11735513579.57
2017-01-24,84.654559,137453252,11636044454.11
2017-01-25,85.148485,137953252,11746510434.25
2017-01-26,85.345571,138453252,11816371880.7
2017-01-27,85.091871,139553252,11874847349.74
2017-01-30,85.02583,140203252,11920897837.6
2017-01-31,84.790405,139753252,11849734846.48
2017-02-01,84.644413,140253252,11871654203.73
2017-02-02,84.583828,140253252,11863156944.42
2017-02-03,84.49119,140253252,11850164170.67
2017-02-06,84.236904,138703252,11683932583.5
2017-02-07,84.139474,139553252,11741937161.8
2017-02-08,84.656463,140403252,11886042776.48
2017-02-09,85.232678,140853252,12005299924.56
2017-02-10,85.698488,140753252,12062340916.82
2017-02-13,85.800066,141253252,12119538338.79
2017-02-14,86.306595,141303252,12195402603.91
2017-02-15,86.744879,141303252,12257333506.87
2017-02-16,86.361562,141353252,12207487684.96
2017-02-17,86.611012,141253252,12234087038.9
2017-02-21,87.128246,141103252,12294078863.92
2017-02-22,87.156567,141453252,12328579785.18
2017-02-23,86.546877,141303252,12229355185.27
2017-02-24,86.927994,141503252,12300593840.43
2017-02-27,86.991473,141803252,12335673790.68
2017-02-28,86.430732,142053252,12277766525.69
2017-03-01,87.301024,142153252,12410124420.93
2017-03-02,87.179255,141103252,12301276432.3
2017-03-03,86.996604,141103252,12275503741.17
2017-03-06,86.700065,141103252,12233661121.74
2017-03-07,86.459277,140903252,12182393258.85
2017-03-08,86.763948,140653252,12203631431.01
2017-03-09,86.737012,140803252,12212853390.81
2017-03-10,86.853863,141803252,12316160180.48
2017-03-13,87.049077,142103252,12369956923.15
2017-03-14,87.066353,142253252,12385471882.68
2017-03-15,87.509048,141353252,12369688494.9
2017-03-16,87.552853,141353252,12375880546.81
2017-03-17,87.36985,140503252,12275748036.97
2017-03-20,87.155657,140403252,12236937630.83
2017-03-21,86.079006,140803252,12120204023.25
2017-03-22,86.185913,140803252,12135256800.52
2017-03-23,86.349566,140903252,12166934646.49
2017-03-24,86.496632,140053252,12114134534.12
2017-03-27,86.51392,140053252,12116555836.53
2017-03-28,87.176812,137053252,11947865622.95
2017-03-29,87.66876,137403252,12045972684.31
2017-03-30,87.90546,137853252,12118053464.41
2017-03-31,87.928114,137703252,12107987296.63
2017-04-03,87.555967,138353252,12113652736.63
2017-04-04,87.431218,138853252,12140108879.26
2017-04-05,87.23496,138853252,12112857943.02
2017-04-06,87.546595,138803252,12151752088.34
2017-04-07,87.240728,138803252,12109296725.29
2017-04-10,87.551168,138803252,12152386869.04
2017-04-11,87.511876,139903252,12243196109.85
2017-04-12,87.161066,138953252,12111313524.56
2017-04-13,86.589416,138953252,12031880884.88
2017-04-17,87.411196,138653252,12119846550.35
2017-04-18,87.468827,138953252,12154077996.37
2017-04-19,87.552372,137653252,12051868731.68
2017-04-20,88.42266,137553252,12162824378.98
2017-04-21,88.241964,137553252,12137969116.97
2017-04-24,88.786988,137503252,12208499564.26
2017-04-25,89.5038,138403252,12387617003.68
2017-04-26,89.950223,137353252,12354955624.81
2017-04-27,90.444339,137153252,12404735152.24
2017-04-28,90.057676,137403252,12374217566.64
2017-05-01,90.120428,137653252,12405369936.68
2017-05-02,90.284788,137553252,12418966216.0
2017-05-03,89.755713,138903252,12467360430.39
2017-05-04,89.657122,138903252,12453665855.02
2017-05-05,90.152868,139403252,12567603035.14
2017-05-08,90.380252,139753252,12630934163.83
2017-05-09,90.835777,139703252,12690053448.77
2017-05-10,90.584694,142503252,12908613441.69
2017-05-11,90.04528,142253252,12809233873.84
2017-05-12,89.883167,142753252,12831114431.24
2017-05-15,89.882286,142203252,12781553350.19
2017-05-16,89.589934,142503252,12766856876.52
2017-05-17,88.165378,142253252,12541811797.54
2017-05-18,88.689287,140903252,12496608945.92
2017-05-19,89.203618,139653252,12457575399.66
2017-05-22,89.689348,139303252,12494017850.6
2017-05-23,89.330618,139603252,12470844710.9
2017-05-24,89.655091,140053252,12556486989.0
2017-05-25,90.486554,140353252,12700082082.59
2017-05-26,90.778185,140353252,12741013483.57
2017-05-30,90.825549,140353252,12747661139.45
2017-05-31,91.055503,140203252,12766277572.81
2017-06-01,91.875301,140403252,12899591028.86
2017-06-02,92.247643,140853252,12993380486.6
2017-06-05,91.944909,141003252,12964531217.47
2017-06-06,91.182535,140453252,12806883580.52
2017-06-07,91.400206,141653252,12947136352.06
2017-06-08,90.809127,141603252,12858867746.83
2017-06-09,90.418192,143703252,12993388202.64
2017-06-12,90.32565,141453252,12776856971.42
2017-06-13,90.878875,140753252,12791497242.89
2017-06-14,90.82074,140803252,12787855589.27
2017-06-15,90.416389,140503252,12703796714.3
2017-06-16,90.118609,140103252,12625910246.49
2017-06-19,90.847397,141153252,12823405509.15
2017-06-20,89.710481,141803252,12721237896.43
2017-06-21,89.810167,142003252,12753335713.49
2017-06-22,89.648332,141503252,12685530460.7
2017-06-23,89.562819,140903252,12619692454.79
2017-06-26,89.816559,140353252,12606046097.87
2017-06-27,89.149409,139953252,12476749672.16
2017-06-28,90.028692,138603252,12478269500.22
2017-06-29,89.157981,137953252,12299633409.46
2017-06-30,89.683242,137503252,12331737490.82
2017-07-03,89.517069,137203252,12282032925.32
2017-07-05,89.300007,136603252,12198671296.99
2017-07-06,88.434302,136153252,12040617742.08
2017-07-07,89.164721,135853252,12113317367.98
2017-07-10,89.359961,136053252,12157713311.56
2017-07-11,89.184031,136103252,12138236636.53
2017-07-12,89.855268,136053252,12225101370.38
2017-07-13,89.925003,136103252,12239085391.66
2017-07-14,90.174127,136203252,12282009394.18
2017-07-17,90.404127,136203252,12313336082.97
2017-07-18,90.77995,137403252,12473460403.03
2017-07-19,91.240891,137853252,12577853512.73
2017-07-20,91.022338,138353252,12593236442.46
2017-07-21,91.12417,138453252,12616437702.8
2017-07-24,90.794942,138753252,12598093488.46
2017-07-25,91.466476,138753252,12691271057.69
2017-07-26,91.45088,140103252,12812565736.72
2017-07-27,92.086945,140453252,12933910863.01
2017-07-28,91.410132,140703252,12861702900.75
2017-07-31,91.350909,141353252,12912748065.49
2017-08-01,91.550866,141453252,12950167744.31
2017-08-02,91.308897,141803252,12947898547.51
2017-08-03,91.038088,141553252,12886737383.63
2017-08-04,91.0597,141703252,12903455567.94
2017-08-07,91.233931,142103252,12964638326.07
2017-08-08,91.215726,142653252,13012219977.54
2017-08-09,90.787711,142903252,12973859101.96
2017-08-10,89.409551,142803252,12767974663.06
2017-08-11,89.870345,141703252,12734920213.0
2017-08-14,90.499069,141103252,12769712972.73
2017-08-15,89.687243,141103252,12655161593.23
2017-08-16,90.090589,140453252,12653516158.42
2017-08-17,88.689178,139953252,12412338865.35
2017-08-18,88.258723,139653252,12325617725.24
2017-08-21,88.424379,138353252,12233800386.35
2017-08-22,89.351083,131353252,11736555271.47
2017-08-23,88.613146,130753252,11586457056.5
2017-08-24,88.390035,129853252,11477733457.19
2017-08-25,88.616185,130703252,11582423520.19
2017-08-28,88.700629,130853252,11606765716.15
2017-08-29,88.57325,131053252,11607812439.37
2017-08-30,89.218872,130903252,11679040507.34
2017-08-31,89.667794,130853252,11733322454.26
2017-09-01,90.080271,129953252,11706224118.04
2017-09-05,89.711382,129903252,11653800222.45
2017-09-06,90.206825,129453252,11677566862.5
2017-09-07,89.472436,129253252,11564603289.1
2017-09-08,89.157125,129553252,11550595524.62
2017-09-11,89.634791,130203252,11670741317.32
2017-09-12,90.036416,130303252,11732037850.88
2017-09-13,90.683689,130203252,11807311217.26
2017-09-14,90.199365,130553252,11775820449.72
2017-09-15,89.672391,130703252,11720473088.25
2017-09-18,89.296234,130153252,11622195276.4
2017-09-19,89.254958,131053252,11697152511.94
2017-09-20,89.567995,131003252,11733698562.86
2017-09-21,89.360035,132253252,11818155288.98
2017-09-22,89.557036,132603252,11875554214.12
2017-09-25,89.376339,131603252,11762216842.38
2017-09-26,89.324611,128553252,11482969253.54
2017-09-27,89.803126,128003252,11495092156.31
2017-09-28,89.762458,128153252,11503350871.97
2017-09-29,90.093019,128153252,11545713370.55
2017-10-02,90.254206,127853252,11539293786.36
2017-10-03,90.607825,128503252,11643400212.57
2017-10-04,91.083546,128253252,11681760940.08
2017-10-05,91.59416,128353252,11756408297.69
2017-10-06,91.749103,126103252,11569860277.83
2017-10-09,91.426801,126103252,11529216980.23
2017-10-10,91.327422,126353252,11539516723.91
2017-10-11,91.391444,127053252,11611580107.34
2017-10-12,90.787076,126853252,11516635778.2
2017-10-13,91.18163,127153252,11594040787.92
2017-10-16,91.348852,127153252,11615303617.21
2017-10-17,91.382613,127703252,11669856897.19
2017-10-18,91.149311,128553252,11717540354.64
2017-10-19,91.139507,128553252,11716279953.76
2017-10-20,91.347273,127553252,11651641705.98
2017-10-23,90.717136,126303252,11457869299.2
2017-10-24,90.980948,126303252,11491189599.5
2017-10-25,90.63247,126053252,11424517531.58
2017-10-26,90.929356,125553252,11416476397.22
2017-10-27,92.379481,125503252,11593925246.32
2017-10-30,92.018926,125953252,11590082950.8
2017-10-31,91.982153,125853252,11576253039.08
2017-11-01,92.045714,125853252,11584252467.92
2017-11-02,91.340258,126253252,11532004627.54
2017-11-03,91.671943,126103252,11560130133.82
2017-11-06,92.344347,126103252,11644922408.05
2017-11-07,91.836515,126603252,11626801495.19
2017-11-08,91.895776,127103252,11680252017.99
2017-11-09,92.048142,126903252,11681208589.02
2017-11-10,92.361712,126903252,11721001584.15
2017-11-13,92.658209,126953252,11763260926.67
2017-11-14,92.765723,127753252,11851122781.43
2017-11-15,92.371105,129103252,11925409993.13
2017-11-16,93.117173,130603252,12161405646.97
2017-11-17,93.564939,131053252,12261989492.66
2017-11-20,93.718623,130953252,12272758473.58
2017-11-21,94.28527,129803252,12238534707.8
2017-11-22,94.4078,131703252,12433814332.03
2017-11-24,94.608623,131903252,12479185087.04
2017-11-27,94.683523,132053252,12503267151.73
2017-11-28,95.711879,133203252,12749133564.55
2017-11-29,96.169724,132903252,12781269085.76
2017-11-30,96.632126,133603252,12910366239.63
2017-12-01,96.655009,133603252,12913423542.44
2017-12-04,97.762174,132453252,12948917828.66
2017-12-05,97.180364,132703252,12896150334.42
2017-12-06,96.516383,132503252,12788734638.61
2017-12-07,96.771614,132403252,12812876339.51
2017-12-08,97.238053,132253252,12860048718.66
2017-12-11,97.480445,132703252,12935971999.65
2017-12-12,97.503077,132853252,12953600814.41
2017-12-13,97.558186,133053252,12980433917.06
2017-12-14,97.834221,134103252,13119887180.11
2017-12-15,98.02241,133553252,13091211599.05
2017-12-18,98.805054,133103252,13151274057.99
2017-12-19,98.722553,131253252,12957656074.02
2017-12-20,98.532973,130003252,12809606864.04
2017-12-21,99.150149,129353252,12825394201.05
2017-12-22,98.977799,129053252,12773406888.51
2017-12-26,99.20273,130203252,12916518080.19
2017-12-27,99.01105,130053252,12876709025.01
2017-12-28,99.259676,129953252,12899117680.16
2017-12-29,98.602631,130303252,12848243512.24
2018-01-02,100.117386,130903252,13105691410.9
2018-01-03,100.649954,132153252,13301218732.27
2018-01-04,100.970233,133653252,13494999962.33
2018-01-05,101.831693,133603252,13605045292.82
2018-01-08,101.920857,133303252,13586381717.21
2018-01-09,102.055702,133053252,13578843010.67
2018-01-10,102.039132,132853252,13556230524.89
2018-01-11,103.692557,133053252,13796631921.38
2018-01-12,105.018547,132003252,13862789741.78
2018-01-16,104.293783,131303252,13694112847.78
2018-01-17,104.742934,131453252,13768799257.62
2018-01-18,104.691877,131103252,13725445541.35
2018-01-19,105.599003,130853252,13817973008.34
2018-01-22,106.748751,130053252,13883022237.89
2018-01-23,107.672767,126953252,13669407864.85
2018-01-24,108.108014,127253252,13757096312.5
2018-01-25,107.959498,126203252,13624839680.51
2018-01-26,109.014266,125353252,13665292790.08
2018-01-29,108.747122,125803252,13680741569.8
2018-01-30,108.157628,125603252,13584949854.41
2018-01-31,107.786692,125653252,13543748330.18
2018-02-01,106.628603,123053252,13120996398.81
2018-02-02,105.680134,124453252,13152236287.61
2018-02-05,102.07619,125403252,12800686187.95
2018-02-06,104.608667,128303252,13421632198.65
2018-02-07,104.336192,124403252,12979761547.88
2018-02-08,100.157472,125103252,12530025505.26
2018-02-09,100.857912,128853252,12995869963.31
2018-02-12,102.21069,128003252,13083300680.34
2018-02-13,102.739001,127203252,13068735076.26
2018-02-14,104.344493,127253252,13278176021.99
2018-02-15,105.281102,127353252,13407890684.43
2018-02-16,104.819362,127403252,13354327553.39
2018-02-20,104.494293,127703252,13344261002.0
2018-02-21,104.358508,126603252,13212126431.17
2018-02-22,104.482576,126303252,13196489164.55
2018-02-23,105.873121,126453252,13388000461.69
2018-02-26,106.785941,127603252,13626233362.17
2018-02-27,104.529867,129003252,13484692766.75
2018-02-28,104.054375,128403252,13360920131.35
2018-03-01,102.994205,127803252,13162994358.97
2018-03-02,103.094631,127003252,13093353420.21
2018-03-05,104.258766,126703252,13209924720.29
2018-03-06,105.008506,126653252,13299668756.2
2018-03-07,104.280206,125803252,13118789090.83
2018-03-08,104.63071,125703252,13152420545.89
2018-03-09,106.269604,130853252,13905723300.07
2018-03-12,106.581285,130553252,13914533351.88
2018-03-13,105.856839,128903252,13645290804.55
2018-03-14,105.661792,129203252,13651847078.94
2018-03-15,105.593722,129503252,13674730393.83
2018-03-16,105.233263,129553252,13633311423.71
2018-03-19,103.864837,129503252,13450834135.21
2018-03-20,104.502579,129003252,13481172577.1
2018-03-21,104.413912,129403252,13511499786.26
2018-03-22,102.201276,129103252,13194517077.02
2018-03-23,100.206529,128753252,12901916494.36
2018-03-26,103.118867,128903252,13292357349.17
2018-03-27,101.146291,129503252,13098773645.58
2018-03-28,99.89825,129553252,12942143173.07
2018-03-29,101.324251,126303252,12797582426.17
2018-04-02,98.457207,126653252,12469925454.29
2018-04-03,99.691947,126553252,12616340137.73
2018-04-04,101.495164,126803252,12869916813.6
2018-04-05,102.880054,126903252,13055813401.66
2018-04-06,100.680546,126503252,12736416491.47
2018-04-09,100.446931,125653252,12621483487.3
2018-04-10,101.663323,127403252,12952237914.73
2018-04-11,101.336108,127503252,12920683371.87
2018-04-12,101.792339,129653252,13197707733.32
2018-04-13,101.214911,129853252,13143085315.09
2018-04-16,101.970753,129903252,13246332364.81
2018-04-17,103.876915,128903252,13390072111.61
2018-04-18,104.389847,129203252,13487507739.04
2018-04-19,104.031641,129053252,13425621540.46
2018-04-20,102.966094,128003252,13179994878.83
2018-04-23,103.18937,128203252,13229212774.6
2018-04-24,101.571695,125003252,12696792200.32
2018-04-25,101.956097,125003252,12744843627.27
2018-04-26,103.572998,124503252,12895175117.79
2018-04-27,104.09112,124703252,12980501213.42
2018-04-30,103.705974,125853252,13051734084.0
2018-05-01,103.872944,126053252,13093522387.7
2018-05-02,103.13643,125803252,12974898258.25
2018-05-03,102.681404,125253252,12861179776.29
2018-05-04,104.022439,124803252,12982338623.29
2018-05-07,104.395472,123953252,12940158253.95
2018-05-08,103.932856,125203252,13012731509.77
2018-05-09,104.310555,124203252,12955710123.47
2018-05-10,104.679434,125103252,13095737638.85
2018-05-11,104.914667,125103252,13125166026.78
2018-05-14,105.080047,124103252,13040775526.36
2018-05-15,104.457081,124103252,12963463460.74
2018-05-16,105.335207,124053252,13067175022.0
2018-05-17,105.005644,124303252,13052543082.21
2018-05-18,104.880136,124703252,13078894085.69
2018-05-21,105.457339,125553252,13240511848.25
2018-05-22,104.9528,126453252,13271622903.53
2018-05-23,105.750981,125353252,13256229407.01
2018-05-24,105.975307,124803252,13226062993.27
2018-05-25,106.172631,124803252,13250689580.17
2018-05-29,105.328876,124703252,13134853370.39
2018-05-30,106.253195,125053252,13287307526.46
2018-05-31,105.75815,124753252,13193673129.88
2018-06-01,106.531897,126103252,13434018713.68
2018-06-04,107.738471,126953252,13677749217.69
2018-06-05,108.353603,128053252,13875031192.49
2018-06-06,109.443636,127603252,13965363925.06
2018-06-07,109.668542,128753252,14120181372.54
2018-06-08,109.945846,128753252,14155885215.02
2018-06-11,110.320827,128403252,14165552935.49
2018-06-12,110.878722,127903252,14181749181.08
2018-06-13,111.035704,128253252,14240690092.92
2018-06-14,112.164609,129753252,14553722808.15
2018-06-15,112.13532,129403252,14510675063.52
2018-06-18,111.91949,128653252,14398806411.05
2018-06-19,111.756364,128353252,14344292749.28
2018-06-20,112.286603,128903252,14474108326.99
2018-06-21,111.496621,130203252,14517222582.87
2018-06-22,111.345013,130103252,14486348224.81
2018-06-25,108.925767,130403252,14204274303.41
2018-06-26,109.670383,127453252,13977846995.57
2018-06-27,108.260774,126003252,13641209534.55
2018-06-28,109.082268,126003252,13744720477.48
2018-06-29,109.264757,126103252,13778641227.76
2018-07-02,109.474861,126153252,13810609693.38
2018-07-03,108.821723,125803252,13690126685.77
2018-07-05,109.42932,125553252,13739207043.8
2018-07-06,110.316963,125453252,13839621708.82
2018-07-09,111.608787,125053252,13957041776.54
2018-07-10,111.859891,125553252,14044373070.45
2018-07-11,111.605287,125903252,14051468578.74
2018-07-12,112.356284,126053252,14162875026.58
2018-07-13,112.636304,126053252,14198172426.72
2018-07-16,112.851265,125953252,14213983772.78
2018-07-17,112.962458,125553252,14182803999.14
2018-07-18,112.871873,126503252,14278659017.77
2018-07-19,112.63428,125053252,14085282960.85
2018-07-20,112.150682,125053252,14024807545.15
2018-07-23,112.035668,124353252,13931999707.03
2018-07-24,111.73706,124903252,13956322198.65
2018-07-25,112.509376,124303252,13985281360.75
2018-07-26,111.944934,124753252,13965494555.51
2018-07-27,111.640747,125753252,14039186975.31
2018-07-30,110.765594,125753252,13929133652.6
2018-07-31,111.253493,125903252,14007176536.03
2018-08-01,110.762345,125603252,13912110726.3
2018-08-02,111.457262,126253252,14071841784.59
2018-08-03,111.826537,126253252,14118463999.43
2018-08-06,112.578192,126253252,14213362816.46
2018-08-07,113.079926,126253252,14276708403.36
2018-08-08,113.234661,126953252,14375508479.36
2018-08-09,113.668949,126703252,14402225531.72
2018-08-10,112.733045,129253252,14571112644.99
2018-08-13,112.156378,129253252,14496576591.57
2018-08-14,113.235059,128953252,14602029117.57
2018-08-15,111.870059,127453252,14258202803.08
2018-08-16,112.373115,127553252,14333556209.23
2018-08-17,112.50827,127353252,14328294030.59
2018-08-20,113.199634,126803252,14354081753.01
2018-08-21,114.202694,128903252,14721098683.07
2018-08-22,114.341284,129753252,14836153436.19
2018-08-23,114.142241,129703252,14804619907.19
2018-08-24,114.821861,130003252,14927215395.12
2018-08-27,115.623376,131403252,15193287584.49
2018-08-28,115.830141,132003252,15289955270.9
2018-08-29,117.167157,134153252,15718355088.3
2018-08-30,116.466931,136103252,15851528010.64
2018-08-31,116.942741,137753252,16109242850.35
2018-09-04,117.227883,136003252,15943373357.15
2018-09-05,115.941864,136003252,15768470486.58
2018-09-06,115.581727,136403252,15765723483.88
2018-09-07,115.554173,136753252,15802408902.38
2018-09-10,115.958606,136753252,15857716483.07
2018-09-11,116.924242,138953252,16247003632.59
2018-09-12,117.182824,136303252,15972400051.53
2018-09-13,117.271581,135303252,15867226310.42
2018-09-14,116.938803,135603252,15857281968.14
2018-09-17,115.465114,135553252,15651671733.63
2018-09-18,116.926436,135753252,15873143998.81
2018-09-19,116.964774,135703252,15872500144.76
2018-09-20,117.74396,157253252,18515620660.39
2018-09-21,117.065472,156403252,18309420456.62
2018-09-24,116.151817,138003252,16029328410.17
2018-09-25,116.606981,138403252,16138785362.58
2018-09-26,116.862054,137003252,16010481391.98
2018-09-27,117.275555,138453252,16237181970.32
2018-09-28,117.186127,138803252,16265815571.94
2018-10-01,116.914171,138403252,16181301481.21
2018-10-02,115.273513,135853252,15660281546.29
2018-10-03,114.853501,131953252,15155293012.19
2018-10-04,113.111648,133803252,15134706304.61
2018-10-05,112.269139,132853252,14915320209.85
2018-10-08,112.520113,134553252,15139947122.85
2018-10-09,112.191975,134653252,15107014292.37
2018-10-10,108.353877,134153252,14536024909.03
2018-10-11,106.566162,133653252,14242914157.36
2018-10-12,108.594389,132603252,14399969124.08
2018-10-15,108.238739,131753252,14260805822.41
2018-10-16,110.481257,132603252,14650173945.09
2018-10-17,109.527429,132653252,14529169689.62
2018-10-18,107.404059,131703252,14145463909.72
2018-10-19,106.369687,131403252,13977322745.88
2018-10-22,106.77214,130953252,13982158900.52
2018-10-23,106.816658,131103252,14004011200.42
2018-10-24,103.650942,127553252,13221014683.96
2018-10-25,106.691526,126253252,13470152076.74
2018-10-26,103.510846,126453252,13089283034.47
2018-10-29,102.560092,126303252,12953673093.23
2018-10-30,104.038092,125253252,13031109389.12
2018-10-31,105.398388,125503252,13227840507.54
2018-11-01,107.493364,125803252,13523014726.54
2018-11-02,107.989097,125203252,13520586082.17
2018-11-05,108.073438,124603252,13466301880.93
2018-11-06,108.61034,123803252,13446313317.15
2018-11-07,111.511482,123753252,13799908592.38
2018-11-08,111.563786,124053252,13839850419.67
2018-11-09,110.028616,124053252,13649407647.75
2018-11-12,107.776413,123803252,13343070417.01
2018-11-13,107.781415,124003252,13365246022.01
2018-11-14,106.93764,129403252,13838078362.88
2018-11-15,106.790804,124653252,13311821026.86
2018-11-16,106.350936,124503252,13241037402.63
2018-11-19,103.769523,125053252,12976716272.28
2018-11-20,101.415827,129953252,13179316462.6
2018-11-21,102.397993,124903252,12789842368.35
2018-11-23,102.018792,123003252,12548643158.33
2018-11-26,104.333889,124203252,12958608322.94
2018-11-27,104.609621,124103252,12982394182.39
2018-11-28,107.678524,129103252,13901647671.57
2018-11-29,107.197193,124253252,13319599786.8
2018-11-30,107.96592,125903252,13593260414.79
2018-12-03,109.984243,123753252,13610907768.38
2018-12-04,105.974507,123853252,13125287271.5
2018-12-06,106.496573,123453252,13147348274.69
2018-12-07,103.385822,123703252,12789162429.64
2018-12-10,103.450313,124253252,12854037799.32
2018-12-11,103.489805,123853252,12817548926.45
2018-12-12,104.5519,124253252,12990913557.94
2018-12-13,104.094219,124403252,12949659356.79
2018-12-14,102.315472,124753252,12764187834.66
2018-12-17,99.645555,123953252,12351390624.31
2018-12-18,100.554171,123203252,12388600914.17
2018-12-19,98.503592,122953252,12111336914.55
2018-12-20,96.300516,121503252,11700825832.26
2018-12-21,93.816473,119003252,11164465411.0
2018-12-24,91.964803,118903252,10934914104.87
2018-12-26,97.444386,118003252,11498754461.82
2018-12-27,97.766132,120153252,11746918742.62
2018-12-28,97.977269,119253252,11684107987.76
2018-12-31,98.993597,119403252,11820157367.9
2019-01-02,99.754194,118603252,11831171854.05
2019-01-03,97.616617,117353252,11455627418.61
2019-01-04,100.872434,116853252,11787271994.61
2019-01-07,103.137719,116753252,12041664131.62
2019-01-08,104.259672,116653252,12162229846.01
2019-01-09,104.78042,112603252,11798616090.82
2019-01-10,104.530861,112403252,11749608716.98
2019-01-11,104.600373,112653252,11783572220.21
2019-01-14,103.968752,112403252,11686425837.82
2019-01-15,104.886765,112353252,11784369189.25
2019-01-16,104.642416,112303252,11751683667.35
2019-01-17,105.365357,112203252,11822335651.5
2019-01-18,106.858614,111853252,11952483516.77
2019-01-22,105.185247,111903252,11770571249.92
2019-01-23,105.39335,113953252,12009914970.53
2019-01-24,105.910173,113253252,11994671567.2
2019-01-25,107.02937,113003252,12094666844.59
2019-01-28,106.401709,112953252,12018419106.3
2019-01-29,105.734262,111903252,11832007817.89
2019-01-30,107.766911,114653252,12355826781.04
2019-01-31,108.744855,111553252,12130842218.78
2019-02-01,107.229755,112053252,12015442717.2
2019-02-04,107.932907,111503252,12034870143.06
2019-02-05,108.902058,112853252,12289951364.4
2019-02-06,108.432115,115553252,12529683520.14
2019-02-07,107.562316,112603252,12111866526.04
2019-02-08,107.140031,112453252,12048244934.48
2019-02-11,107.333361,112853252,12112918806.62
2019-02-12,108.974959,112853252,12298178482.74
2019-02-13,109.72102,117153252,12854174350.17
2019-02-14,109.310018,112653252,12314128992.01
2019-02-15,110.03754,112453252,12374079256.41
2019-02-19,110.494633,112453252,12425480767.15
2019-02-20,110.696355,112153252,12414956230.23
2019-02-21,110.483802,110653252,12225392037.16
2019-02-22,111.109322,110703252,12300163260.53
2019-02-25,110.724297,111353252,12329510568.75
2019-02-26,110.882949,111353252,12347176915.06
2019-02-27,110.808545,110853252,12283487530.28
2019-02-28,110.199874,115953252,12778033749.96
2019-03-01,111.107373,112003252,12444387049.95
2019-03-04,110.747056,111253252,12320970092.3
2019-03-05,111.018278,111253252,12351144458.79
2019-03-06,110.498879,110503252,12210485508.34
2019-03-07,109.167041,110553252,12068771382.26
2019-03-08,108.415716,110953252,12029076214.85
2019-03-11,109.900899,110953252,12193862192.66
2019-03-12,110.163569,111503252,12283596185.26
2019-03-13,110.595935,109503252,12110614507.53
2019-03-14,110.262589,109953252,12123730288.32
2019-03-15,110.579365,109753252,12136444869.7
2019-03-18,111.665013,109553252,12233265298.29
2019-03-19,112.16812,110503252,12394941992.91
2019-03-20,112.407709,111853252,12573167824.95
2019-03-21,113.903771,112453252,12808849466.71
2019-03-22,111.675553,111753252,12480106203.45
2019-03-25,112.301326,112103252,12589343842.93
2019-03-26,112.784314,110753252,12491229600.63
2019-03-27,112.577331,110853252,12479563212.62
2019-03-28,113.245016,110503252,12513942585.57
2019-03-29,113.83698,111453252,12687501564.12
2019-04-01,115.091905,111453252,12827367066.57
2019-04-02,115.060728,112503252,12944706083.28
2019-04-03,115.90999,112503252,13040250864.36
2019-04-04,116.818203,113503252,13259245921.33
2019-04-05,117.505631,113253252,13307894825.78
2019-04-08,117.933257,113953252,13438878144.4
2019-04-09,116.859193,114353252,13363228738.23
2019-04-10,117.411598,114353252,13426398093.08
2019-04-11,117.589986,114103252,13417399840.57
2019-04-12,118.301323,113603252,13439414984.7
2019-04-15,118.555494,112003252,13278600898.91
2019-04-16,119.06424,111703252,13299862833.43
2019-04-17,119.308652,111703252,13327164437.83
2019-04-18,119.257224,112003252,13357196927.19
2019-04-22,118.817762,112153252,13325798436.14
2019-04-23,120.232127,116403252,13995410622.89
2019-04-24,120.329136,112903252,13585550761.34
2019-04-25,119.698616,113203252,13550272600.68
2019-04-26,120.61711,113353252,13672341697.57
2019-04-29,120.230782,113753252,13676642477.12
2019-04-30,120.041811,114653252,13763184039.51
2019-05-01,118.641972,115353252,13685737243.68
2019-05-02,118.67314,116203252,13790204798.54
2019-05-03,120.114741,116503252,13993757939.84
2019-05-06,119.346833,116753252,13934130846.79
2019-05-07,117.618455,116803252,13738218087.98
2019-05-08,117.57573,120553252,14174136628.48
2019-05-09,117.133092,116453252,13640529465.77
2019-05-10,117.253817,116353252,13642862932.2
2019-05-13,113.87642,116853252,13306829980.21
2019-05-14,114.876944,121153252,13917715377.94
2019-05-15,115.691328,119403252,13813920831.29
2019-05-16,116.749302,116553252,13607510865.04
2019-05-17,115.955528,116503252,13509196051.73
2019-05-20,115.132748,116703252,13436366138.94
2019-05-21,115.86654,116153252,13458275419.47
2019-05-22,114.70936,115603252,13260775050.85
2019-05-23,113.313376,115403252,13076732046.54
2019-05-24,113.438137,114603252,13000379411.92
2019-05-28,112.749208,114603252,12921425867.63
2019-05-29,111.763291,114553252,12802848482.62
2019-05-30,112.4149,114103252,12826905638.52
2019-05-31,110.960008,118353252,13132477842.29
2019-06-03,110.039775,114103252,12555896227.82
2019-06-04,112.98025,114053252,12885764943.19
2019-06-05,113.543659,114553252,13006795420.05
2019-06-06,114.09758,114653252,13081658623.1
2019-06-07,115.769254,114653252,13273321422.98
2019-06-10,116.759038,114653252,13386803420.66
2019-06-11,117.173223,114503252,13416715107.39
2019-06-12,117.093349,115553252,13530517282.39
2019-06-13,118.160963,116403252,13754320323.09
2019-06-14,118.481246,118403252,14028564843.23
2019-06-17,118.510943,119203252,14126889758.6
2019-06-18,119.385828,119203252,14231178954.68
2019-06-19,119.655328,118003252,14119717788.19
2019-06-20,120.458685,120253252,14485548586.64
2019-06-21,119.606978,120053252,14359206657.11
2019-06-24,118.899342,118303252,14066178803.49
2019-06-25,117.740615,117103252,13787808964.7
2019-06-26,118.134425,117303252,13857552268.45
2019-06-27,118.869907,116803252,13884391723.11
2019-06-28,119.281176,115503252,13777363731.18
2019-07-01,120.229385,116303252,13983068518.61
2019-07-02,120.566573,115203252,13889661321.49
2019-07-03,121.53891,114553252,13922677354.94
2019-07-05,121.665576,114553252,13937187396.02
2019-07-08,121.849958,115053252,14019233930.21
2019-07-09,122.03026,115453252,14088790410.65
2019-07-10,122.339344,116953252,14307984149.8
2019-07-11,122.690267,116303252,14269277051.15
2019-07-12,124.080981,117053252,14524082356.29
2019-07-15,124.475961,117353252,14607658863.92
2019-07-16,124.310801,117553252,14613138865.62
2019-07-17,123.190159,117303252,14450606283.44
2019-07-18,122.998752,117353252,14434303514.43
2019-07-19,122.129686,117303252,14326209308.98
2019-07-22,122.21998,122153252,14929568042.18
2019-07-23,122.96676,120903252,14867081165.16
2019-07-24,123.656819,117503252,14530078394.92
2019-07-25,122.984539,117953252,14506426291.77
2019-07-26,123.525403,117903252,14564046712.85
2019-07-29,122.956155,117703252,14472339348.14
2019-07-30,122.116107,118303252,14446732549.69
2019-07-31,120.753205,118403252,14297572213.31
2019-08-01,119.085912,119453252,14225199448.93
2019-08-02,118.117764,118803252,14032774529.97
2019-08-05,114.962093,118653252,13640626249.2
2019-08-06,116.670859,118003252,13767540737.99
2019-08-07,117.061235,122553252,14346234977.21
2019-08-08,119.352437,118203252,14107846209.76
2019-08-09,118.254613,118253252,13983992567.93
2019-08-12,116.595451,118103252,13770301977.7
2019-08-13,118.471208,119703252,14181388824.27
2019-08-14,114.803857,117753252,13518527462.79
2019-08-15,114.611475,117153252,13427107051.08
2019-08-16,115.890173,117253252,13588499655.85
2019-08-19,117.322145,117653252,13803331834.51
2019-08-20,117.352405,122153252,14334977940.33
2019-08-21,119.585296,117703252,14075578206.22
2019-08-22,119.655576,117403252,14047953719.22
2019-08-23,116.41327,117203252,13644013869.66
2019-08-26,117.586277,116303252,13675666419.66
2019-08-27,117.105622,116853252,13684172813.89
2019-08-28,118.513554,116653252,13824991463.65
2019-08-29,120.299175,116853252,14057349794.38
2019-08-30,119.696948,120953252,14477735087.29
2019-09-03,119.097751,116553252,13881230156.67
2019-09-04,120.23717,119553252,14374744672.77
2019-09-05,122.50712,118953252,14572620325.8
2019-09-06,122.850821,115803252,14226524577.47
2019-09-09,123.292903,116103252,14314706975.19
2019-09-10,122.874179,116703252,14339816304.16
2019-09-11,123.077987,116753252,14369755264.4
2019-09-12,123.645511,116603252,14417468667.0
2019-09-13,123.421927,116303252,14354371512.2
2019-09-16,121.877474,116553252,14205215936.79
2019-09-17,122.580578,116403252,14268777867.78
2019-09-18,122.531504,116403252,14263065564.94
2019-09-19,122.207691,119653252,14622547646.94
2019-09-20,120.42738,119703252,14415549003.98
2019-09-23,120.793317,118053252,14260043874.7
2019-09-24,119.506878,117003252,13982693416.33
2019-09-25,120.59929,116503252,14050209463.27
2019-09-26,120.052155,116803252,14022482058.65
2019-09-27,119.658714,116603252,13952595144.34
2019-09-30,120.692541,116003252,14000727254.28
2019-10-01,119.672256,115403252,13810567528.55
2019-10-02,117.497081,115203252,13536045865.27
2019-10-03,118.115219,115153252,13601351592.52
2019-10-04,119.264477,115903252,13823140722.12
2019-10-07,118.74304,115953252,13768641651.67
2019-10-08,117.446858,115953252,13618345075.23
2019-10-09,118.49481,115803252,13722084394.1
2019-10-10,119.20017,115703252,13791847321.02
2019-10-11,120.618944,115053252,13877601750.54
2019-10-14,120.504951,115253252,13888587525.61
2019-10-15,121.566591,115203252,14004866674.59
2019-10-16,122.042945,116503252,14218399962.58
2019-10-17,122.400389,116353252,14241683311.11
2019-10-18,122.161823,116303252,14207817337.82
2019-10-21,122.635332,116053252,14232229137.87
2019-10-22,121.823146,118953252,14491259378.86
2019-10-23,121.272218,116253252,14098289749.06
2019-10-24,121.216532,116603252,14134241773.88
2019-10-25,121.063897,117553252,14231454747.34
2019-10-28,121.457279,117853252,14314135256.07
2019-10-29,120.765616,118103252,14262811953.41
2019-10-30,121.448122,118103252,14343418112.72
2019-10-31,120.858731,118753252,14352367340.73
2019-11-01,121.618835,118553252,14418308384.28
2019-11-04,121.684682,118453252,14413946355.77
2019-11-05,121.901154,119353252,14549299127.59
2019-11-06,122.016406,119353252,14563054880.62
2019-11-07,121.31292,120003252,14557944875.18
2019-11-08,121.366058,119603252,14515775219.67
2019-11-11,121.097172,119703252,14495725277.6
2019-11-12,120.975783,123303252,14916707419.02
2019-11-13,120.650127,123353252,14882585578.41
2019-11-14,121.105331,118303252,14327154533.28
2019-11-15,121.398448,118103252,14337551523.99
2019-11-18,121.759724,118303252,14404571284.4
2019-11-19,120.480728,123103252,14831569370.85
2019-11-20,120.170618,117753252,14150481040.08
2019-11-21,119.568397,118303252,14145330259.12
2019-11-22,120.344394,118103252,14213064236.33
2019-11-25,121.325206,117853252,14298570117.67
2019-11-26,122.255003,117403252,14353134946.52
2019-11-27,123.226298,117203252,14442522821.21
2019-11-29,122.380853,118753252,14533124275.3
2019-12-02,121.486008,117453252,14268926744.96
2019-12-03,120.217545,117303252,14101908999.64
2019-12-04,120.889865,120553252,14573666325.37
2019-12-05,120.769202,119353252,14414197028.08
2019-12-06,121.764472,115903252,14112898247.48
2019-12-09,121.8874,116503252,14200278457.73
2019-12-10,121.677753,116453252,14169770036.43
2019-12-11,122.003293,116653252,14232080870.61
2019-12-12,123.09961,115703252,14243025167.72
2019-12-13,123.15267,115403252,14212218643.88
2019-12-16,123.690796,114903252,14212474664.85
2019-12-17,124.294535,115703252,14381281904.61
2019-12-18,124.334471,115803252,14398336105.37
2019-12-19,124.774408,118653252,14804889306.74
2019-12-20,124.562466,117903252,14686319785.44
2019-12-23,124.350011,116203252,14449875641.48
2019-12-24,124.546295,115853252,14429093299.59
2019-12-26,126.024072,115353252,14537286517.32
2019-12-27,126.088339,114503252,14437524836.25
2019-12-30,125.236723,114753252,14371321196.38
2019-12-31,125.434161,114503252,14362619399.98
2020-01-02,126.900846,114303252,14505179417.37
2020-01-03,125.8588,117353252,14769939525.27
2020-01-06,126.203884,119553252,15088084700.56
2020-01-07,126.011034,120853252,15228843229.03
2020-01-08,126.301394,120003252,15156577961.98
2020-01-09,127.018479,121303252,15407754522.8
2020-01-10,126.369771,121903252,15404886049.3
2020-01-13,126.76288,121803252,15440131014.68
2020-01-14,126.726004,121803252,15435639374.3
2020-01-15,126.414829,121503252,15359812829.18
2020-01-16,127.54988,121053252,15440327720.93
2020-01-17,128.012469,122753252,15713946908.89
2020-01-21,127.643804,127403252,16262235747.22
2020-01-22,127.525157,127753252,16291753484.61
2020-01-23,127.70731,125903252,16078765586.29
2020-01-24,125.995045,125753252,15844286642.33
2020-01-27,124.102888,125653252,15593931432.02
2020-01-28,125.28093,124303252,15572827041.69
2020-01-29,125.205006,123803252,15500786853.31
2020-01-30,125.037631,123653252,15461309739.59
2020-01-31,125.373172,122753252,15389964637.42
2020-02-03,126.215201,121853252,15379732741.22
2020-02-04,128.382384,120703252,15496171232.16
2020-02-05,129.153454,120953252,15621530241.63
2020-02-06,128.87526,120553252,15536331753.79
2020-02-07,128.303887,119703252,15358392534.9
2020-02-10,129.752567,118603252,15389076366.91
2020-02-11,130.741404,118303252,15467133315.81
2020-02-12,132.109774,118003252,15589382928.38
2020-02-13,131.825353,117753252,15522864036.07
2020-02-14,131.665213,117753252,15504006982.09
2020-02-18,131.681136,117753252,15505881975.61
2020-02-19,132.272492,118253252,15641652303.01
2020-02-20,132.365337,118453252,15679104580.23
2020-02-21,130.329115,118603252,15457456896.62
2020-02-24,125.810862,115303252,14506401534.59
2020-02-25,122.45557,114353252,14003192601.42
2020-02-26,121.492105,115403252,14020583953.13
2020-02-27,116.660931,114753252,13387221175.05
2020-02-28,115.757039,113953252,13190890979.94
2020-03-02,119.766395,112803252,13510038836.67
2020-03-03,116.99123,112853252,13202840797.15
2020-03-04,120.965987,112753252,13639308362.07
2020-03-05,116.33989,112403252,13076982013.32
2020-03-06,114.673908,112053252,12849584360.65
2020-03-09,107.527243,112103252,12054153642.9
2020-03-10,113.32169,110753252,12550745729.28
2020-03-11,107.177886,111703252,11972118391.47
2020-03-12,96.523742,112003252,10810972972.56
2020-03-13,102.316619,111453252,11403519973.2
2020-03-16,89.346289,110603252,9881990105.83
2020-03-17,92.667608,107503252,9962069216.73
2020-03-18,87.49654,107603252,9414912212.93
2020-03-19,90.53044,104753252,9483357969.55
2020-03-20,87.988935,103753252,9129138154.3
2020-03-23,87.588125,103453252,9061276338.67
2020-03-24,95.852292,103403252,9911438661.98
2020-03-25,97.327816,103003252,10025081522.84
2020-03-26,101.570059,101953252,10355397800.89
2020-03-27,98.092683,101853252,9991058786.06
2020-03-30,100.115403,101303252,10142015941.58
2020-03-31,98.076597,101603252,9964901227.55
2020-04-01,93.753137,101703252,9534998902.21
2020-04-02,94.027099,101303252,9525250938.87
2020-04-03,92.439711,101053252,9341333439.82
2020-04-06,100.27912,100603252,10088405560.28
2020-04-07,101.647852,100753252,10241351608.71
2020-04-08,104.856537,100953252,10585608358.13
2020-04-09,106.720651,100903252,10768460755.21
2020-04-13,106.618294,101653252,10838096275.05
2020-04-14,110.788382,101403252,11234302242.72
2020-04-15,108.307633,101103252,10950253896.92
2020-04-16,109.721111,101353252,11120591453.6
2020-04-17,112.983317,101053252,11417331617.01
2020-04-20,110.951352,100903252,11195352192.07
2020-04-21,108.045686,101103252,10923770268.66
2020-04-22,110.389374,101203252,11171763680.18
2020-04-23,110.389483,101453252,11199372013.86
2020-04-24,112.255421,100953252,11332549798.54
2020-04-27,114.374234,100703252,11517857312.48
2020-04-28,114.758972,101103252,11602505284.14
2020-04-29,117.340787,101553252,11916338539.18
2020-04-30,116.670802,101553252,11848299358.84
2020-05-01,112.201401,101103252,11343926530.5
2020-05-04,112.79953,100803252,11370559447.42
2020-05-05,113.268985,101053252,11446199301.78
2020-05-06,113.301762,101103252,11455176643.9
2020-05-07,115.040022,101153252,11636672331.61
2020-05-08,117.292414,101403252,11893832206.61
2020-05-11,117.068969,101353252,11865320672.61
2020-05-12,114.406376,101253252,11584017641.63
2020-05-13,112.534646,101453252,11417005771.87
2020-05-14,114.143488,101653252,11603056791.52
2020-05-15,115.414112,101153252,11674512717.44
2020-05-18,119.870501,102103252,12239167956.07
2020-05-19,119.461277,102403252,12233223234.68
2020-05-20,120.976191,102253252,12370208973.28
2020-05-21,121.365459,102003252,12379671515.0
2020-05-22,121.279608,101903252,12358786437.98
2020-05-26,123.151663,102853252,12666549072.48
2020-05-27,125.253996,103253252,12932882409.57
2020-05-28,123.763181,103703252,12834644358.92
2020-05-29,124.365499,104953252,13052563578.48
2020-06-01,125.423721,103453252,12975491829.47
2020-06-02,126.393766,103453252,13075846138.97
2020-06-03,128.857417,107103252,13801048450.32
2020-06-04,128.212207,106453252,13648606340.46
2020-06-05,131.307578,106603252,13997814808.76
2020-06-08,133.260158,106453252,14185977174.32
2020-06-09,132.255438,105953252,14012893741.32
2020-06-10,131.034836,106603252,13968739606.63
2020-06-11,124.110368,105853252,13137486052.74
2020-06-12,125.422199,104753252,13138383176.76
2020-06-15,126.45245,104553252,13221014916.49
2020-06-16,129.085146,104403252,13476909071.55
2020-06-17,128.887726,105103252,13546519138.06
2020-06-18,128.396757,105753252,13578374589.44
2020-06-19,127.420021,105453252,13436855546.34
2020-06-22,128.396378,102803252,13199565183.31
2020-06-23,129.424562,102703252,13292323429.68
2020-06-24,126.528888,102703252,12994928267.79
2020-06-25,126.758814,102703252,13018542382.18
2020-06-26,123.765389,102553252,12692543085.29
2020-06-29,126.065873,102103252,12871735614.3
2020-06-30,127.80311,102403252,13087454081.33
2020-07-01,129.007574,102403252,13210795065.09
2020-07-02,129.509913,102203252,13236334265.31
2020-07-06,132.609958,102803252,13632734976.13
2020-07-07,130.381829,102603252,13377599645.93
2020-07-08,131.871072,103253252,13616117019.41
2020-07-09,131.756277,103553252,13643790969.73
2020-07-10,133.28926,103403252,13782542898.88
2020-07-13,131.577739,105503252,13881879363.41
2020-07-14,132.914619,105953252,14082736174.04
2020-07-15,134.842209,105703252,14253259964.23
2020-07-16,134.480883,105953252,14248686930.95
2020-07-17,133.826901,105953252,14179395345.64
2020-07-20,135.964089,106353252,14460223068.85
2020-07-21,136.176533,106553252,14510052386.01
2020-07-22,137.323199,106503252,14625367274.2
2020-07-23,135.268852,106803252,14447153285.87
2020-07-24,135.528073,106803252,14474838982.05
2020-07-27,136.406422,107253252,14630032362.4
2020-07-28,134.987513,106853252,14423854698.76
2020-07-29,136.392144,106603252,14539846138.73
2020-07-30,136.305467,106353252,14496529719.1
2020-07-31,136.975905,106303252,14560984140.83
2020-08-03,136.735715,105953252,14487593719.01
2020-08-04,137.846968,105753252,14577765140.07
2020-08-05,139.462324,105853252,14762540564.05
2020-08-06,140.125659,106203252,14881800622.44
2020-08-07,140.408383,106553252,14960969850.61
2020-08-10,141.972479,106603252,15134727938.19
2020-08-11,141.765878,106803252,15141056791.18
2020-08-12,143.689764,107503252,15447116892.4
2020-08-13,143.600323,106853252,15344161491.82
2020-08-14,143.610723,106853252,15345272741.26
2020-08-17,145.385573,107153252,15578536957.71
2020-08-18,146.312387,107153252,15677848044.8
2020-08-19,145.671671,107153252,15609193251.44
2020-08-20,145.408897,107453252,15624658901.69
2020-08-21,146.19688,107503252,15716640034.13
2020-08-24,148.379466,107053252,15884504403.49
2020-08-25,148.860893,107053252,15936042666.02
2020-08-26,150.352009,107053252,16095671456.48
2020-08-27,149.540551,107303252,16046187473.89
2020-08-28,150.527883,107503252,16182236940.02
2020-08-31,150.209925,107703252,16178097371.81
2020-09-01,151.692783,108103252,16398483137.16
2020-09-02,153.818849,111803252,17197447556.95
2020-09-03,148.921155,108203252,16113753219.45
2020-09-04,147.217432,107253252,15789548331.4
2020-09-08,145.261875,107103252,15558019170.01
2020-09-09,147.940969,106653252,15778385478.29
2020-09-10,145.844874,106653252,15554830138.85
2020-09-11,146.083141,106153252,15507200467.11
2020-09-14,147.622487,105753252,15611558079.26
2020-09-15,148.816743,105903252,15760177015.48
2020-09-16,147.982622,106053252,15694038289.19
2020-09-17,145.941015,106403252,15528598569.35
2020-09-18,144.000056,107053252,15415674263.46
2020-09-21,141.528685,107103252,15158182452.21
2020-09-22,144.508083,107603252,15549539644.9
2020-09-23,142.151543,108153252,15374151606.82
2020-09-24,142.090664,108753252,15452821774.02
2020-09-25,143.904301,107203252,15427009052.9
2020-09-28,146.874654,107253252,15752784294.19
2020-09-29,145.775301,106753252,15561987491.34
2020-09-30,146.989488,106753252,15691605871.87
2020-10-01,148.85372,107553252,16009701632.03
2020-10-02,148.217106,107003252,15859712366.56
2020-10-05,150.226828,107203252,16104804489.13
2020-10-06,147.496709,107703252,15885875237.11
2020-10-07,150.852544,107853252,16269937410.66
2020-10-08,151.802127,108403252,16455844268.34
2020-10-09,153.353545,108553252,16647025985.89
2020-10-12,155.386284,109453252,17007534104.85
2020-10-13,155.426663,109703252,17050810329.36
2020-10-14,153.657123,110103252,16918148931.54
2020-10-15,154.203031,109053252,16816341980.27
2020-10-16,153.161304,109003252,16695080247.98
2020-10-19,150.958057,108653252,16402083814.63
2020-10-20,152.146771,108653252,16531241466.89
2020-10-21,151.370305,107903252,16333348181.28
2020-10-22,151.619401,108003252,16375388338.92
2020-10-23,152.969943,108353252,16574790738.73
2020-10-26,150.04468,108503252,16280335777.33
2020-10-27,150.007564,108103252,16216305532.39
2020-10-28,145.149873,107853252,15654885869.95
2020-10-29,146.191043,107853252,15767179416.14
2020-10-30,142.97405,107753252,15405918890.56
2020-11-02,144.002808,107853252,15531171096.45
2020-11-03,147.169719,108453252,15961034598.48
2020-11-04,150.337974,108753252,16349743577.27
2020-11-05,153.165363,108953252,16687864428.43
2020-11-06,152.775151,109353252,16706459588.45
2020-11-09,152.182415,109603252,16679687574.58
2020-11-10,151.593135,110553252,16759114090.91
2020-11-11,153.014102,108803252,16648431855.64
2020-11-12,151.048717,108453252,16381724590.82
2020-11-13,153.39952,108403252,16629006839.62
2020-11-16,155.415672,108203252,16816481133.61
2020-11-17,154.766959,108253252,16754026572.48
2020-11-18,153.722468,108853252,16733190574.67
2020-11-19,154.450744,109103252,16851078448.73
2020-11-20,153.682113,109003252,16751850077.99
2020-11-23,155.308192,109453252,16998986637.95
2020-11-24,157.702559,109603252,17284713281.1
2020-11-25,157.878536,109803252,17335576682.21
2020-11-27,158.19089,110253252,17441060015.02
2020-11-30,157.245952,112653252,17714267870.66
2020-12-01,158.507202,110553252,17523486628.59
2020-12-02,157.423129,111503252,17553190816.54
2020-12-03,157.92846,110953252,17522676224.09
2020-12-04,158.055616,111353252,17600006798.41
2020-12-07,157.68604,111453252,17574621965.33
2020-12-08,157.301773,112453252,17689095952.76
2020-12-09,157.304006,113003252,17775864205.99
2020-12-10,157.08508,114303252,17955335474.59
2020-12-11,156.276655,114803252,17941068155.08
2020-12-14,156.59316,114503252,17930426092.61
2020-12-15,158.605762,114853252,18216387537.16
2020-12-16,159.681828,114303252,18252152170.22
2020-12-17,160.737981,132303252,21266157670.32
2020-12-18,159.701317,135353252,21616092622.28
2020-12-21,157.843809,116603252,18405101481.58
2020-12-22,157.171864,117703252,18499639533.68
2020-12-23,157.505773,117853252,18562567553.03
2020-12-24,157.886598,115403252,18220626835.1
2020-12-28,159.640115,114353252,18255366336.17
2020-12-29,159.720461,114303252,18256568096.53
2020-12-30,160.607635,114303252,18357974944.29
2020-12-31,160.832454,114303252,18383672531.47
2021-01-04,159.300369,114903252,18304130470.94
2021-01-05,160.589599,114153252,18331824957.35
2021-01-06,162.260788,114153252,18522596643.58
2021-01-07,165.451726,114053252,18870307363.62
2021-01-08,168.734282,114353252,19295313914.97
2021-01-11,165.616132,114453252,18955304849.68
2021-01-12,168.118447,114553252,19258514867.0
2021-01-13,168.134688,113953252,19159494444.56
2021-01-14,167.048699,114053252,19052447320.77
2021-01-15,165.776559,113653252,18841045027.54
2021-01-19,166.786615,113203252,18880787223.39
2021-01-20,169.909846,113303252,19251338142.0
2021-01-21,170.636497,113303252,19333669976.3
2021-01-22,170.135508,113053252,19234372481.48
2021-01-25,170.738891,113753252,19422104133.36
2021-01-26,170.582892,113853252,19421417030.01
2021-01-27,165.152046,114053252,18836127903.21
2021-01-28,165.852687,114153252,18932623544.94
2021-01-29,162.079946,114053252,18485744964.28
2021-02-01,166.14464,114053252,18949336482.07
2021-02-02,169.722995,113953252,19340487245.26
2021-02-03,168.806587,114353252,19303582180.38
2021-02-04,170.552447,114703252,19562920348.73
2021-02-05,172.172017,115203252,19834776316.58
2021-02-08,173.244871,115403252,19993021471.09
2021-02-09,172.251034,115403252,19878329452.87
2021-02-10,170.52551,115653252,19721829793.9
2021-02-11,170.125961,115503252,19650101708.59
2021-02-12,170.34226,115853252,19734704747.12
2021-02-16,169.563751,115753252,19627555652.01
2021-02-17,170.512378,115753252,19737362257.29
2021-02-18,170.608255,116003252,19791112445.02
2021-02-19,169.568474,116203252,19704408072.78
2021-02-22,165.967551,116203252,19285969193.91
2021-02-23,164.906643,116203252,19162688220.01
2021-02-24,166.665725,116303252,19383765856.44
2021-02-25,160.517765,116403252,18684789813.73
2021-02-26,161.364602,116403252,18783364439.95
2021-03-01,164.982938,116403252,19204550494.64
2021-03-02,162.986158,116053252,18915073656.96
2021-03-03,159.254257,115853252,18450123567.41
2021-03-04,155.749068,115703252,18020673620.73
2021-03-05,156.864612,115703252,18149745691.31
2021-03-08,156.960249,115053252,18058787031.27
2021-03-09,162.937755,115253252,18779106118.37
2021-03-10,163.794446,117503252,19246380009.48
2021-03-11,166.249335,114003252,18952964833.84
2021-03-12,166.686746,114203252,19036168497.65
2021-03-15,169.010596,114553252,19360713412.84
2021-03-16,167.208393,115103252,19246229798.08
2021-03-17,169.571548,115103252,19518236570.57
2021-03-18,165.395726,116353252,19244330559.63
2021-03-19,166.568732,116803252,19455769573.74
2021-03-22,167.271719,114703252,19186610123.2
2021-03-23,165.726523,114903252,19042516469.2
2021-03-24,163.245408,115453252,18847213215.7
2021-03-25,164.6448,115253252,18975848614.72
2021-03-26,166.086109,115053252,19108747006.42
2021-03-29,165.158906,114753252,18952521558.58
2021-03-30,166.710883,114453252,19080602743.49
2021-03-31,167.989666,114703252,19268960945.92
2021-04-01,169.3943,115353252,19540183397.24
2021-04-05,173.30021,115553252,20025402819.13
2021-04-06,173.963461,114953252,19997665526.19
2021-04-07,173.445052,115003252,19946745029.59
2021-04-08,174.259897,115403252,20110158814.51
2021-04-09,176.033968,115703252,20367702546.45
2021-04-12,177.087544,116103252,20560439724.7
2021-04-13,179.031128,116103252,20786096133.17
2021-04-14,177.125162,116203252,20582519853.49
2021-04-15,178.47136,116403252,20774646714.19
2021-04-16,179.911453,116403252,20942278148.72
2021-04-19,177.785669,115703252,20570380063.08
2021-04-20,175.622285,115853252,20346412883.29
2021-04-21,177.996428,115753252,20603665440.46
2021-04-22,176.029243,115503252,20331949967.87
2021-04-23,177.853318,115503252,20542636569.09
2021-04-26,178.620885,115653252,20658086279.03
2021-04-27,178.362664,115453252,20592549604.25
2021-04-28,178.079306,115703252,20604354805.62
2021-04-29,178.212375,115453252,20575198293.51
2021-04-30,178.854368,115603252,20676146531.45
2021-05-03,178.079228,115753252,20613249713.46
2021-05-04,176.105423,115753252,20384775368.78
2021-05-05,175.641291,115553252,20295922410.87
2021-05-06,176.017714,115453252,20321817506.46
2021-05-07,177.694652,115403252,20506540660.13
2021-05-10,174.486702,115403252,20136332871.83
2021-05-11,172.428049,115403252,19898757605.55
2021-05-12,166.571951,115703252,19272916411.66
2021-05-13,167.814306,115103252,19315972375.11
2021-05-14,170.797848,115153252,19667927601.7
2021-05-17,170.401633,115153252,19622302213.59
2021-05-18,169.129153,114953252,19441946104.18
2021-05-19,167.707649,114803252,19253383534.55
2021-05-20,169.416669,114703252,19432642921.75
2021-05-21,168.603817,114603252,19322545723.38
2021-05-24,170.243689,114603252,19510480418.71
2021-05-25,170.776715,113903252,19452023243.71
2021-05-26,172.463651,113953252,19652793925.03
2021-05-27,173.116203,114203252,19770433323.05
2021-05-28,172.784473,113453252,19602960320.08
2021-06-01,172.472964,113453252,19567618632.65
2021-06-02,171.667124,113303252,19450443412.36
2021-06-03,169.632774,113453252,19245389805.77
2021-06-04,171.0624,113403252,19399032445.46
2021-06-07,171.023889,113253252,19369011652.14
2021-06-08,172.425614,113253252,19527761492.81
2021-06-09,171.414279,113153252,19396083133.49
2021-06-10,172.270143,112803252,19432632360.12
2021-06-11,173.236512,112853252,19550303737.67
2021-06-14,173.210095,112753252,19530001504.92
2021-06-15,172.287055,112053252,19305324780.83
2021-06-16,172.381665,111803252,19272830771.45
2021-06-17,173.051033,111253252,19252490134.05
2021-06-18,172.141236,111103252,19125451153.02
2021-06-21,173.202497,110853252,19200060031.85
2021-06-22,174.887181,111553252,19509233811.42
2021-06-23,176.164192,112653252,19845469085.2
2021-06-24,176.774138,112853252,19949536314.64
2021-06-25,177.773692,112903252,20071227942.07
2021-06-28,177.99791,113353252,20176641909.25
2021-06-29,178.431011,113403252,20234656849.41
2021-06-30,178.583747,113153252,20207331693.77
2021-07-01,179.515345,112853252,20258890427.31
2021-07-02,181.124287,113103252,20485745897.93
2021-07-06,181.372458,113153252,20522883396.14
2021-07-07,181.188878,112953252,20465872962.34
2021-07-08,180.715751,113303252,20475682228.5
2021-07-09,182.494422,113203252,20658962029.77
2021-07-12,183.742986,113203252,20800303596.84
2021-07-13,181.554194,110903252,20134950528.39
2021-07-14,181.16107,110253252,19973597059.77
2021-07-15,180.204537,109953252,19814074816.55
2021-07-16,178.039042,110203252,19620481372.63
2021-07-19,175.89452,109653252,19287406165.58
2021-07-20,179.255938,109303252,19593257005.11
2021-07-21,180.855073,109503252,19804218631.61
2021-07-22,181.639848,108553252,19717596204.78
2021-07-23,183.284233,107603252,19721979519.03
2021-07-26,184.587668,108053252,19945297852.0
2021-07-27,182.688,108253252,19776570115.55
2021-07-28,182.162323,108153252,19701447610.59
2021-07-29,184.183446,108003252,19892411175.9
2021-07-30,180.413023,108403252,19557358450.33
2021-08-02,180.946172,108353252,19606106141.33
2021-08-03,182.258148,108303252,19739150156.08
2021-08-04,180.566084,108103252,19519780876.75
2021-08-05,182.287726,108453252,19769696733.74
2021-08-06,181.002579,108303252,19603167897.26
2021-08-09,180.757595,108503252,19612786914.0
2021-08-10,181.44633,108253252,19642155281.04
2021-08-11,181.980801,108253252,19700013461.29
2021-08-12,182.094081,108003252,19666752891.62
2021-08-13,181.548686,108003252,19607848515.2
2021-08-16,180.720141,107603252,19446074842.67
2021-08-17,176.405313,107753252,19008246112.63
2021-08-18,177.037117,107103252,18961251003.8
2021-08-19,175.904324,107853252,18971853408.23
2021-08-20,177.676884,107853252,19163029699.02
2021-08-23,179.899148,108953252,19600597240.48
2021-08-24,181.159998,108753252,19701738867.71
2021-08-25,181.870652,108653252,19760837801.79
2021-08-26,180.236141,108553252,19565219210.7
2021-08-27,181.846733,108703252,19767331273.37
2021-08-30,183.190767,108753252,19922591610.08
2021-08-31,183.665587,109353252,20084429166.23
2021-09-01,183.621297,108903252,19996956369.28
2021-09-02,183.60615,108503252,19921864414.25
2021-09-03,183.507391,108103252,19837745739.66
2021-09-07,184.026211,108003252,19875429227.97
2021-09-08,184.242685,107703252,19843536290.97
2021-09-09,183.970803,107753252,19823452322.63
2021-09-10,182.875255,108203252,19787697317.04
2021-09-13,183.306098,108303252,19852646560.54
2021-09-14,182.682128,108303252,19785068522.09
2021-09-15,183.87154,108303252,19913885753.19
2021-09-16,184.722239,108453252,20033727560.53
2021-09-17,184.128579,109103252,20089026766.42
2021-09-20,179.688494,109953252,19757334217.84
2021-09-21,179.943854,109903252,19776414681.76
2021-09-22,182.364549,109803252,20024220528.56
2021-09-23,184.20586,110103252,20281664169.84
2021-09-24,184.856873,110053252,20344100061.87
2021-09-27,185.836505,110103252,20461203594.14
2021-09-28,182.276637,109903252,20032795217.46
2021-09-29,182.477927,109753252,20027545922.48
2021-09-30,179.544142,109703252,19696576248.05
2021-10-01,180.819799,109353252,19773232992.21
2021-10-04,179.335726,109853252,19700612705.06
2021-10-05,180.129677,109903252,19796837267.25
2021-10-06,180.676361,110353252,19938223942.36
2021-10-07,183.453007,110753252,20318017096.38
2021-10-08,182.595452,111003252,20268689016.81
2021-10-11,181.928832,110553252,20112824011.49
2021-10-12,183.316852,110553252,20266274140.14
2021-10-13,184.19341,110403252,20335551449.79
2021-10-14,186.144932,110253252,20523084064.01
2021-10-15,189.023999,110153252,20821608217.06
2021-10-18,191.309702,111153252,21264695466.12
2021-10-19,190.736943,111153252,21201031482.65
2021-10-20,190.625921,111603252,21274472649.19
2021-10-21,193.457714,110903252,21455089597.55
2021-10-22,192.746423,111303252,21453303651.29
2021-10-25,197.472114,111303252,21979288418.31
2021-10-26,197.574499,110903252,21911654474.09
2021-10-27,197.989922,112403252,22254711141.12
2021-10-28,200.625469,112203252,22510830029.86
2021-10-29,201.112183,112203252,22565440988.15
2021-11-01,204.849334,112153252,22974518931.76
2021-11-02,203.447961,112203252,22827522810.89
2021-11-03,207.087849,111903252,23173803760.0
2021-11-04,209.83111,112753252,23659139985.41
2021-11-05,211.289705,112853252,23844730332.26
2021-11-08,208.27143,113103252,23556175979.48
2021-11-09,204.440844,113853252,23276254965.53
2021-11-10,203.637698,114453252,23306996797.11
2021-11-11,203.135245,114303252,23219019152.96
2021-11-12,203.756723,114303252,23290056014.46
2021-11-15,203.544476,114153252,23235263814.36
2021-11-16,206.756457,114153252,23601921908.24
2021-11-17,208.061075,114403252,23802863623.13
2021-11-18,210.467479,114153252,24025547164.08
2021-11-19,211.388096,114153252,24130638631.3
2021-11-22,210.920825,114103252,24066752041.58
2021-11-23,209.387478,113553252,23776629086.99
2021-11-24,209.769578,114603252,24040275820.67
2021-11-26,204.081528,114753252,23419018965.07
2021-11-29,207.389298,115503252,23954138387.02
2021-11-30,204.506301,116153252,23754071945.06
2021-12-01,200.767117,116203252,23329791886.72
2021-12-02,203.481954,116403252,23685961172.96
2021-12-03,199.630924,117303252,23417356596.26
2021-12-06,201.900396,117003252,23623002917.66
2021-12-07,206.54793,117103252,24187434304.5
2021-12-08,207.209626,117903252,24430688793.73
2021-12-09,203.561458,117003252,23817352603.86
2021-12-10,204.970968,117403252,24064258163.91
2021-12-13,199.727165,117903252,23548482256.12
2021-12-14,198.497073,117603252,23343901296.28
2021-12-15,201.055519,118053252,23735257882.38
2021-12-16,196.665292,124353252,24455968628.87
2021-12-17,195.400679,124103252,24249859697.4
2021-12-20,191.748388,116253252,22291373691.63
2021-12-21,196.811183,117703252,23165316229.35
2021-12-22,200.434418,117803252,23611826224.72
2021-12-23,203.178856,117653252,23904653127.47
2021-12-27,205.118707,116853252,23968787977.13
2021-12-28,205.221945,115653252,23734585343.01
2021-12-29,205.645372,115553252,23762991490.92
2021-12-30,204.884304,115103252,23582849638.12
2021-12-31,204.372922,115103252,23523987965.23
2022-01-03,210.265058,115203252,24223218430.15
2022-01-04,209.068739,114703252,23980864272.58
2022-01-05,203.312691,114553252,23290129890.04
2022-01-06,202.819912,115003252,23324949497.21
2022-01-07,199.419222,115303252,22993684849.09
2022-01-10,198.247523,115853252,22967620249.77
2022-01-11,200.12982,116353252,23285755420.65
2022-01-12,201.429113,116653252,23497361061.52
2022-01-13,197.364535,116503252,22993610164.09
2022-01-14,196.529649,115453252,22689987143.17
2022-01-18,192.731803,116003252,22357515876.02
2022-01-19,189.283655,115003252,21768235910.02
2022-01-20,185.862581,114853252,21346921822.24
2022-01-21,180.516582,114003252,20579477381.47
2022-01-24,182.461747,113503252,20710001695.38
2022-01-25,179.370111,113203252,20305279880.73
2022-01-26,178.831377,112753252,20163819371.32
2022-01-27,174.274188,111753252,19475707232.33
2022-01-28,178.096955,111103252,19787150834.04
2022-01-31,185.05622,112153252,20754656828.13
2022-02-01,186.175289,111753252,20805693987.97
2022-02-02,185.032179,110153252,20381896190.91
2022-02-03,179.197783,109503252,19622739969.43
2022-02-04,184.384659,109703252,20227596686.24
2022-02-07,183.986823,109553252,20156354744.28
2022-02-08,186.632222,109053252,20352850707.2
2022-02-09,189.059007,109253252,20655311370.08
2022-02-10,185.746006,108853252,20219056839.31
2022-02-11,180.612111,108903252,19669246208.14
2022-02-14,181.488817,108653252,19719350145.63
2022-02-15,185.613641,109253252,20278893850.74
2022-02-16,186.054149,109253252,20327020796.24
2022-02-17,181.087235,109103252,19757206265.57
2022-02-18,179.963614,108253252,19481646498.65
2022-02-22,174.783602,108253252,18920893362.31
2022-02-23,168.85373,108253252,18278965393.04
2022-02-24,172.75178,109553252,18925519317.33
2022-02-25,176.179932,110403252,19450837481.13
2022-02-28,177.353475,110453252,19589268047.48
2022-03-01,174.771274,110203252,19260362796.31
2022-03-02,178.45204,109653252,19567846463.32
2022-03-03,174.416812,109803252,19151533139.45
2022-03-04,171.619708,109453252,18784335193.76
2022-03-07,163.141231,109653252,17888966511.52
2022-03-08,163.591996,109003252,17832059578.0
2022-03-09,168.756968,108503252,18310679808.31
2022-03-10,170.021565,107553252,18286372208.1
2022-03-11,166.7559,105753252,17634978711.47
2022-03-14,163.909253,104353252,17104463618.49
2022-03-15,169.334196,103003252,17441972894.42
2022-03-16,175.073374,104453252,18286983239.06
2022-03-17,178.097369,105653252,18816566211.76
2022-03-18,181.901826,105503252,19191234234.31
2022-03-21,180.057079,104903252,18888573163.23
2022-03-22,184.528476,104603252,19302278626.7
2022-03-23,182.195971,104903252,19112949843.93
2022-03-24,183.653229,104653252,19219907686.98
2022-03-25,183.330985,105003252,19250349593.38
2022-03-28,188.249411,106503252,20049174445.81
2022-03-29,191.44246,106103252,20312667551.41
2022-03-30,188.603571,107453252,20266067062.63
2022-03-31,184.942913,107153252,19817234546.37
2022-04-01,185.24661,107153252,19849776721.49
2022-04-04,189.394531,106603252,20190072894.12
2022-04-05,184.917098,106353252,19666534676.81
2022-04-06,180.21001,106303252,19156910122.64
2022-04-07,181.082629,107253252,19421700791.14
2022-04-08,179.410492,107153252,19224417633.07
2022-04-11,176.119544,107053252,18854169952.12
2022-04-12,176.573798,106703252,18840998426.59
2022-04-13,180.906992,106403252,19249092258.26
2022-04-14,178.359396,106303252,18960183780.61
2022-04-18,178.948862,106403252,19040740831.09
2022-04-19,184.08103,106503252,19605228303.9
2022-04-20,181.732414,106253252,19309660009.66
2022-04-21,180.004866,105753252,19036099926.99
2022-04-22,175.812943,105953252,18627953070.47
2022-04-25,177.085177,106003252,18771604692.0
2022-04-26,168.11512,107003252,17988864542.03
2022-04-27,168.116745,106453252,17896574242.71
2022-04-28,171.494348,105503252,18093211456.61
2022-04-29,162.937575,105353252,17166003377.42
2022-05-02,165.278487,105853252,17495265320.63
2022-05-03,164.782009,107603252,17731080038.89
2022-05-04,169.693568,107303252,18208671670.8
2022-05-05,160.19191,107703252,17253189636.4
2022-05-06,158.131561,106353252,16817805809.08
2022-05-09,151.340303,107403252,16254440712.34
2022-05-10,150.901888,107453252,16214898545.8
2022-05-11,145.523444,107203252,15600586405.07
2022-05-12,146.520357,105953252,15524308340.57
2022-05-13,152.344439,105453252,16065216509.63
2022-05-16,149.033302,105503252,15723498015.87
2022-05-17,152.810859,104803252,16015074965.42
2022-05-18,142.759078,104903252,14975891520.98
2022-05-19,142.890768,103953252,14853959975.96
2022-05-20,140.401116,103453252,14524952079.13
2022-05-23,141.457537,103503252,14641315085.69
2022-05-24,137.792596,104503252,14399774398.36
2022-05-25,141.675526,104653252,14826804528.68
2022-05-26,148.633096,104853252,15584663467.5
2022-05-27,153.78839,104803252,16117523350.21
2022-05-31,154.51011,104453252,16139083450.91
2022-06-01,152.964677,103653252,15855286189.71
2022-06-02,157.551998,104203252,16417430524.91
2022-06-03,153.014493,104853252,16044067209.35
2022-06-06,154.488573,105103252,16237251448.4
2022-06-07,154.135962,105353252,16238724886.6
2022-06-08,153.259964,105303252,16138772602.03
2022-06-09,150.495481,105553252,15885287447.85
2022-06-10,144.446629,105453252,15232366815.87
2022-06-13,137.759554,105153252,14485865136.85
2022-06-14,137.639409,105403252,14507641345.56
2022-06-15,141.554948,105903252,14991129294.11
2022-06-16,134.576986,106253252,14299242433.51
2022-06-17,136.135146,104953252,14287826317.08
2022-06-21,139.681236,103403252,14443494027.35
2022-06-22,139.434293,102403252,14278525049.75
2022-06-23,141.5706,102653252,14532682485.53
2022-06-24,146.897908,102753252,15094237715.1
2022-06-27,145.455176,103203252,15011447227.73
2022-06-28,139.68087,102803252,14359647647.15
2022-06-29,139.541977,101903252,14219781278.44
2022-06-30,137.463028,101903252,14007929596.72
2022-07-01,140.036892,101253252,14179190752.91
2022-07-05,143.134174,101653252,14550054305.68
2022-07-06,142.689361,101903252,14540509946.45
2022-07-07,146.340668,100403252,14693079002.91
2022-07-08,146.368977,100253252,14673965900.73
2022-07-11,142.352642,99803252,14207256630.64
2022-07-12,141.479564,99403252,14063528772.66
2022-07-13,142.673111,97953252,13975295174.46
2022-07-14,142.543568,96553252,13763045085.2
2022-07-15,144.894791,96303252,13953839552.97
2022-07-18,145.237923,96003252,13943312960.12
2022-07-19,149.694634,96303252,14416080096.75
2022-07-20,152.15224,96253252,14645147904.68
2022-07-21,155.655654,96953252,15091321802.03
2022-07-22,154.739772,96703252,14963839203.17
2022-07-25,153.465367,96153252,14756194130.73
2022-07-26,148.505582,95903252,14242168293.54
2022-07-27,154.106528,95453252,14709969298.12
2022-07-28,156.741963,95803252,15016389781.38
2022-07-29,162.788875,96653252,15734074113.24
2022-08-01,163.650504,97253252,15915543720.26
2022-08-02,162.524709,97503252,15846687627.37
2022-08-03,166.466295,99303252,16530644418.6
2022-08-04,167.169053,100153252,16742524320.27
2022-08-05,164.356023,99753252,16395047756.72
2022-08-08,165.037542,100203252,16537298455.97
2022-08-09,162.403455,100453252,16313955147.88
2022-08-10,167.06816,100553252,16799246765.9
2022-08-11,166.11724,100753252,16736852176.65
2022-08-12,169.963769,101453252,17243377052.77
2022-08-15,171.085914,101453252,17357222365.53
2022-08-16,172.990042,101853252,17619598300.37
2022-08-17,171.127258,102403252,17523987674.4
2022-08-18,171.043628,101953252,17438454129.97
2022-08-19,167.518715,101403252,16986942508.43
2022-08-22,162.830822,101853252,16584848763.73
2022-08-23,163.371598,101903252,16648097084.94
2022-08-24,164.016243,101403252,16631780414.99
2022-08-25,165.998208,100703252,16716559387.07
2022-08-26,159.645713,101203252,16156665336.4
2022-08-29,158.809621,100653252,15984704844.89
2022-08-30,157.028826,99853252,15679838921.1
2022-08-31,155.552283,103053252,16030168642.72
2022-09-01,156.888354,99053252,15540301653.05
2022-09-02,155.533626,98553252,15328344675.88
2022-09-06,155.096361,98403252,15261986333.56
2022-09-07,159.932641,98353252,15729895389.97
2022-09-08,161.429379,99853252,16119248469.39
2022-09-09,164.446785,100253252,16486324970.92
2022-09-12,166.543647,100903252,16804795606.9
2022-09-13,158.05927,101603252,16059335835.02
2022-09-14,160.100395,101753252,16290735857.01
2022-09-15,159.177005,103103252,16411666822.38
2022-09-16,157.969876,102803252,16239817016.83
2022-09-19,159.811017,103453252,16532969403.63
2022-09-20,157.130027,104003252,16342033829.18
2022-09-21,153.414555,101703252,15602759181.92
2022-09-22,149.871248,101003252,15137483382.05
2022-09-23,146.412461,100803252,14758852214.7
2022-09-26,146.014686,100353252,14653048606.32
2022-09-27,146.545742,101053252,14808923826.58
2022-09-28,150.527977,100453252,15121024841.77
2022-09-29,145.275666,100103252,14542566625.01
2022-09-30,142.477768,99453252,14169877354.5
2022-10-03,142.524321,98953252,14103245012.2
2022-10-04,147.587426,100003252,14759222598.82
2022-10-05,146.738007,102103252,14982427756.45
2022-10-06,145.63751,101553252,14789962727.69
2022-10-07,140.627843,101103252,14217932257.5
2022-10-10,139.76152,101403252,14172272624.21
2022-10-11,138.665109,101403252,14061092956.33
2022-10-12,139.006796,102903252,14304251388.58
2022-10-13,140.509343,99953252,14044365764.01
2022-10-14,135.196221,99903252,13506542155.76
2022-10-17,140.713135,100003252,14071771096.72
2022-10-18,142.636037,101053252,14413835410.57
2022-10-19,141.018795,101153252,14264509701.2
2022-10-20,138.383659,100253252,13873411887.93
2022-10-21,142.367623,99153252,14116212831.64
2022-10-24,142.950193,100253252,14331221731.67
2022-10-25,146.545564,100103252,14669687491.79
2022-10-26,145.377324,100253252,14574549468.24
2022-10-27,144.72151,100253252,14508802033.47
2022-10-28,145.006368,101103252,14660615338.51
2022-10-31,144.047747,101003252,14549290848.38
2022-11-01,142.561586,100853252,14377799589.69
2022-11-02,137.205327,100953252,13851323906.04
2022-11-03,136.343882,101103252,13784809906.38
2022-11-04,137.5025,101003252,13888199662.49
2022-11-07,136.524558,100603252,13734814483.53
2022-11-08,136.1505,101603252,13833333589.14
2022-11-09,132.034005,101603252,13415084332.91
2022-11-10,141.713303,101303252,14356018449.38
2022-11-11,145.120492,101253252,14693921743.09
2022-11-14,142.806368,101403252,14481030078.01
2022-11-15,144.720868,99953252,14465321338.91
2022-11-16,142.475767,99853252,14226668712.85
2022-11-17,140.803552,99703252,14038572047.04
2022-11-18,140.97019,99703252,14055186350.69
2022-11-21,138.917798,99303252,13794989077.74
2022-11-22,140.511994,99403252,13967349197.9
2022-11-23,142.518979,98903252,14095590494.77
2022-11-25,142.59512,99553252,14195807874.47
2022-11-28,141.706105,99553252,14107303619.56
2022-11-29,141.300227,98953252,13982116948.24
2022-11-30,146.216428,101703252,14870686185.43
2022-12-01,146.115599,96403252,14086018873.5
2022-12-02,145.986891,98503252,14380183468.63
2022-12-05,141.737766,100253252,14209671996.42
2022-12-06,139.530235,99203252,13841853070.33
2022-12-07,138.730733,99203252,13762539872.55
2022-12-08,140.054849,97003252,13585775776.36
2022-12-09,139.425207,96503252,13454985838.65
2022-12-12,139.768169,96653252,13509048046.96
2022-12-13,139.786628,98303252,13741480104.69
2022-12-14,138.76305,98303252,13640859092.79
2022-12-15,136.457399,97653252,13325508756.81
2022-12-16,133.980577,98903252,13251114778.32
2022-12-19,131.385935,99603252,13086466390.37
2022-12-20,129.874777,99053252,12864519019.98
2022-12-21,131.961155,98853252,13044789301.49
2022-12-22,128.544065,98203252,12623445212.65
2022-12-23,129.452075,98253252,12719087343.97
2022-12-27,127.345803,97703252,12442099058.52
2022-12-28,126.247501,97453252,12303229520.77
2022-12-29,129.518192,97453252,12621968960.1
2022-12-30,129.169896,97453252,12588026466.42
2023-01-03,128.388714,97353252,12499058848.03
2023-01-04,130.256227,96753252,12602713558.56
2023-01-05,129.047314,98203252,12672865944.22
2023-01-06,132.118945,98353252,12994327882.72
2023-01-09,132.869839,98703252,13114685183.02
2023-01-10,134.541973,98653252,13273003149.9
2023-01-11,138.147325,98903252,13663219704.15
2023-01-12,138.403528,99003252,13702399397.74
2023-01-13,139.72647,98803252,13805429638.58
2023-01-17,139.79707,99203252,13868323979.31
2023-01-18,138.011108,99353252,13711852417.33
2023-01-19,135.66986,98753252,13397839833.87
2023-01-20,138.990657,99203252,13788325193.91
2023-01-23,141.200564,98003252,13838114439.72
2023-01-24,140.993885,97653252,13768511389.55
2023-01-25,141.736917,97853252,13869418275.25
2023-01-26,144.617914,98053252,14180256749.81
2023-01-27,147.914308,98053252,14503478876.08
2023-01-30,145.378838,97603252,14189447346.55
2023-01-31,148.667424,97253252,14458390447.63
2023-02-01,151.515098,97553252,14780790552.85
2023-02-02,156.181857,97553252,15236048038.46
2023-02-03,151.339886,98053252,14839367983.17
2023-02-06,151.115985,98103252,14824969558.02
2023-02-07,151.46394,98203252,14874251479.46
2023-02-08,150.144331,98403252,14774690466.25
2023-02-09,149.886503,98303252,14734330637.35
2023-02-10,148.163233,98153252,14542703100.81
2023-02-13,150.330421,98053252,14740386615.42
2023-02-14,152.128068,97803252,14878619794.83
2023-02-15,153.908309,97303252,14975778986.71
2023-02-16,150.575623,97203252,14636440212.39
2023-02-17,150.601417,96803252,14578706929.12
2023-02-21,145.541587,96903252,14103453069.78
2023-02-22,146.28047,96503252,14116541070.44
2023-02-23,146.158624,95703252,13987855611.15
2023-02-24,143.894088,95503252,13742353316.77
2023-02-27,145.59899,95503252,13905177026.83
2023-02-28,145.556491,95753252,13937507337.45
2023-03-01,143.692341,95053252,13658424268.06
2023-03-02,143.234691,94703252,13564791017.2
2023-03-03,146.286871,95153252,13919671457.21
2023-03-06,145.239774,96303252,13987062527.59
2023-03-07,143.249438,95503252,13680787214.24
2023-03-08,142.982369,95703252,13683877682.94
2023-03-09,139.608608,96253252,13437782573.26
2023-03-10,138.222851,96003252,13269843236.71
2023-03-13,138.512818,95853252,13276904043.66
2023-03-14,140.863868,95703252,13481130288.44
2023-03-15,140.539102,95903252,13478156870.18
2023-03-16,143.155196,95753252,13707575517.46
2023-03-17,141.37637,96553252,13650348317.45
2023-03-20,141.558974,97153252,13752914674.92
2023-03-21,145.424529,96553252,14041211223.86
2023-03-22,142.200291,96953252,13786780670.19
2023-03-23,142.094155,96503252,13712548039.17
2023-03-24,141.583036,96453252,13656144225.63
2023-03-27,141.837116,96303252,13659375554.42
2023-03-28,141.708389,95853252,13583209928.64
2023-03-29,144.370043,96003252,13859993633.51
2023-03-30,145.638372,95853252,13959911613.81
2023-03-31,149.548485,95853252,14334708572.91
2023-04-03,148.168314,95853252,14202414723.72
2023-04-04,147.920034,96753252,14311744303.11
2023-04-05,144.933003,96803252,14029986016.59
2023-04-06,144.922651,96603252,13999999365.09
2023-04-10,145.573217,96753252,14084682121.16
2023-04-11,145.776882,97153252,14162698145.79
2023-04-12,143.536761,96953252,13916355801.72
2023-04-13,146.680091,96353252,14133103733.14
2023-04-14,146.882881,97653252,14343590974.38
2023-04-17,147.931768,98003252,14497794330.85
2023-04-18,148.164302,98903252,14653931280.03
2023-04-19,148.038389,99553252,14737703083.68
2023-04-20,145.774523,99653252,14526905289.08
2023-04-21,147.383331,99203252,14620905728.28
2023-04-24,147.328602,98453252,14504979968.14
2023-04-25,144.454727,98453252,14222037618.53
2023-04-26,143.702839,98153252,14104900925.53
2023-04-27,147.524695,97603252,14398889997.47
2023-04-28,147.820826,97503252,14413011263.36
2023-05-01,146.402069,97653252,14296638128.46
2023-05-02,146.523234,98003252,14359753441.8
2023-05-03,145.405537,98003252,14250215439.51
2023-05-04,144.280598,97953252,14132753803.14
2023-05-05,147.219373,97453252,14347006694.82
2023-05-08,147.688838,97603252,14414910884.03
2023-05-09,147.656785,97803252,14441313744.21
2023-05-10,148.377194,97303252,14437583456.42
2023-05-11,149.12916,97403252,14525665192.72
2023-05-12,147.850301,97553252,14423277670.86
2023-05-15,148.007465,97553252,14438609539.73
2023-05-16,147.432057,97653252,14397219829.0
2023-05-17,150.505184,97653252,14697320663.31
2023-05-18,152.792759,98153252,14997106166.58
2023-05-19,151.540468,98253252,14889343835.83
2023-05-22,151.074288,98553252,14888862409.9
2023-05-23,149.670328,98853252,14795398653.18
2023-05-24,149.155904,99153252,14789292985.59
2023-05-25,148.480243,98803252,14670330898.04
2023-05-26,151.854961,99053252,15041727764.98
2023-05-30,152.955719,99453252,15211943708.94
2023-05-31,151.616313,99953252,15154543578.64
2023-06-01,153.410409,100703252,15448927115.46
2023-06-02,156.968589,101203252,15885731638.23
2023-06-05,157.486649,101203252,15938161050.08
2023-06-06,159.106162,100953252,16062284486.17
2023-06-07,158.008479,100803252,15927768561.37
2023-06-08,160.358862,100853252,16172712753.31
2023-06-09,161.158431,101053252,16285583548.85
2023-06-12,163.88874,101553252,16643434506.11
2023-06-13,165.647851,102303252,16946313844.61
2023-06-14,165.47735,102553252,16970240325.73
2023-06-15,166.609927,102603252,17094720336.11
2023-06-16,166.39213,102853252,17113971697.65
2023-06-20,167.285573,102453252,17138951003.33
2023-06-21,165.288031,103253252,17066526710.93
2023-06-22,167.40596,102603252,17176395932.52
2023-06-23,165.449199,102253252,16917718626.75
2023-06-26,163.307449,102053252,16666056282.02
2023-06-27,166.794358,101853252,16988547808.8
2023-06-28,167.436584,101653252,17020473307.94
2023-06-29,167.657138,101453252,17009361888.49
2023-06-30,169.855784,101453252,17232421623.53
2023-07-03,171.895249,101303252,17413547724.02
2023-07-05,171.948825,101203252,17401780277.48
2023-07-06,169.195219,99153252,16776256173.24
2023-07-07,169.376216,100453252,17014391713.59
2023-07-10,169.895506,100553252,17083545644.05
2023-07-11,171.300131,99753252,17087745117.26
2023-07-12,172.808742,99703252,17229593587.07
2023-07-13,174.494682,99153252,17301715151.42
2023-07-14,174.897876,99403252,17385417604.51
2023-07-17,175.64409,99953252,17556197961.81
2023-07-18,176.310372,99853252,17605164053.03
2023-07-19,176.956597,100103252,17713930809.63
2023-07-20,170.914489,101953252,17425287952.19
2023-07-21,171.012708,101003252,17272839624.49
2023-07-24,172.074191,100503252,17294015826.14
2023-07-25,171.673844,101003252,17339616571.96
2023-07-26,171.604954,101753252,17461362164.56
2023-07-27,169.849122,101803252,17291193016.35
2023-07-28,172.833281,101803252,17594990109.78
2023-07-31,173.692253,101903252,17699805417.9
2023-08-01,171.760419,101353252,17408477002.39
2023-08-02,168.689895,100803252,17004490019.39
2023-08-03,169.136055,100553252,17007180387.82
2023-08-04,171.522401,100903252,17307168081.46
2023-08-07,173.310327,101203252,17539568692.02
2023-08-08,171.929547,101503252,17451408153.8
2023-08-09,169.883602,101603252,17260726474.71
2023-08-10,170.293122,101353252,17259761668.52
2023-08-11,169.700778,101453252,17216695804.13
2023-08-14,170.237579,101503252,17279667924.24
2023-08-15,167.896483,101503252,17042039073.12
2023-08-16,165.838036,102253252,16957478484.18
2023-08-17,163.084545,102453252,16708541985.2
2023-08-18,162.623534,102253252,16628785250.11
2023-08-21,164.544905,102103252,16800569940.32
2023-08-22,164.756781,102353252,16863392365.41
2023-08-23,166.107475,102103252,16960113408.25
2023-08-24,162.816783,102453252,16681108936.51
2023-08-25,164.623776,102453252,16866241187.62
2023-08-28,165.325382,102303252,16913324258.89
2023-08-29,169.446342,102403252,17351856437.17
2023-08-30,170.124853,102753252,17480881894.95
2023-08-31,170.765446,102953252,17580858036.58
2023-09-01,169.765441,102953252,17477904228.65
2023-09-05,169.714889,103503252,17566042951.92
2023-09-06,168.178214,104353252,17549943511.39
2023-09-07,168.700029,105053252,17722486643.78
2023-09-08,168.737579,106553252,17979537803.11
2023-09-11,173.282832,107253252,18585147235.44
2023-09-12,171.828389,108353252,18618164715.23
2023-09-13,173.047526,108653252,18802176455.11
2023-09-14,174.741317,108653252,18986212365.53
2023-09-15,171.764436,109203252,18757235024.88
2023-09-18,169.652123,110253252,18704698322.52
2023-09-19,168.784613,110153252,18592174016.86
2023-09-20,167.109687,110703252,18499585768.94
2023-09-21,162.531595,110453252,17952143266.61
2023-09-22,160.988299,110703252,17821928209.3
2023-09-25,161.88093,109553252,17734582332.25
2023-09-26,158.980838,109353252,17385071628.61
2023-09-27,158.351833,109353252,17316287860.46
2023-09-28,160.112558,109103252,17468800747.4
2023-09-29,160.956432,108953252,17536726713.37
2023-10-02,161.177482,108303252,17456045456.88
2023-10-03,157.213846,107753252,16940303142.04
2023-10-04,160.386207,107003252,17161845726.57
2023-10-05,159.528096,106053252,16918473357.23
2023-10-06,160.544706,105303252,16905879663.42
2023-10-09,160.766028,104053252,16728228021.87
2023-10-10,162.528384,103853252,16879101174.47
2023-10-11,163.103181,103053252,16808313175.21
2023-10-12,161.31701,103203252,16648440008.91
2023-10-13,158.997961,102253252,16258058550.86
2023-10-16,161.52951,102603252,16573453047.99
2023-10-17,161.880493,102653252,16617559056.79
2023-10-18,158.114515,103503252,16365366542.49
2023-10-19,154.142803,103403252,15938867056.13
2023-10-20,151.698347,103603252,15716442087.93
2023-10-23,151.901772,104153252,15821063489.02
2023-10-24,153.483117,103553252,15893675929.85
2023-10-25,150.370028,102153252,15360787333.78
2023-10-26,148.00013,101553252,15029894512.47
2023-10-27,149.57974,102203252,15287535882.84
2023-10-30,150.962835,102003252,15398700109.77
2023-10-31,152.106587,101653252,15462129247.91
2023-11-01,153.973177,101503252,15628778183.25
2023-11-02,157.950133,100603252,15890297051.84
2023-11-03,160.200947,101553252,16268927121.5
2023-11-06,160.385587,101703252,16311735729.21
2023-11-07,162.164032,101853252,16516934029.85
2023-11-08,161.769604,101503252,16420140925.68
2023-11-09,158.811892,101753252,16159626482.7
2023-11-10,161.365485,102103252,16475940784.79
2023-11-13,162.083021,102303252,16581620135.97
2023-11-14,167.543351,101803252,17056457948.94
2023-11-15,167.758005,102253252,17153801516.41
2023-11-16,166.064259,103153252,17130068386.09
2023-11-17,167.10757,103653252,17321243066.81
2023-11-20,167.929465,104153252,17490399909.59
2023-11-21,167.543649,104103252,17441838676.72
2023-11-22,168.034268,104303252,17526520599.47
2023-11-24,168.242186,104353252,17556619186.49
2023-11-27,168.452888,104503252,17603874555.99
2023-11-28,169.498547,104653252,17738574156.37
2023-11-29,169.040514,106303252,17969556348.7
2023-11-30,168.762764,104003252,17551876316.09
2023-12-01,171.099481,104353252,17854787259.28
2023-12-04,170.458917,106253252,18111814276.88
2023-12-05,170.703194,106553252,18188980431.85
2023-12-06,170.993453,105253252,17997617018.94
2023-12-07,172.412716,106653252,18388376807.37
2023-12-08,173.204247,106553252,18455475817.83
2023-12-11,173.656234,106953252,18573098933.69
2023-12-12,174.183661,110403252,19230442633.54
2023-12-13,176.509023,110703252,19540122807.71
2023-12-14,178.83877,111053252,19860626936.7
2023-12-15,179.338531,109403252,19620218479.82
2023-12-18,179.970304,108303252,19491369188.95
2023-12-19,181.45802,108803252,19743222654.79
2023-12-20,178.115368,109153252,19441871607.48
2023-12-21,180.769362,108903252,19686371435.93
2023-12-22,179.484494,108803252,19528496591.34
2023-12-26,180.190536,109103252,19659373427.03
2023-12-27,180.73054,108953252,19691180103.25
2023-12-28,179.887483,109453252,19689269973.05
2023-12-29,178.812153,109403252,19562631022.96
2024-01-02,177.168037,109403252,19382759393.19
2024-01-03,173.617197,108553252,18846711363.53
2024-01-04,172.312688,107253252,18481096158.1
2024-01-05,172.710973,107053252,18489271344.22
2024-01-08,175.569753,106753252,18742642095.96
2024-01-09,174.957318,106203252,18581036140.42
2024-01-10,176.338518,106053252,18701273325.91
2024-01-11,176.087524,105803252,18630632671.48
2024-01-12,174.012336,105553252,18367567966.57
2024-01-16,173.78948,105403252,18317976321.88
2024-01-17,172.212334,105503252,18168961282.0
2024-01-18,173.16516,105453252,18260829253.36
2024-01-19,174.849933,105703252,18482206510.0
2024-01-22,174.047079,106753252,18580091720.72
2024-01-23,173.662612,106953252,18573781084.2
2024-01-24,173.068482,106953252,18510236928.88
2024-01-25,170.891169,107453252,18362811855.76
2024-01-26,171.732438,107653252,18487555393.35
2024-01-29,174.180022,107453252,18716209756.93
2024-01-30,174.082698,107703252,18749272742.19
2024-01-31,170.944203,107503252,18377057774.8
2024-02-01,174.145811,106703252,18581924379.86
2024-02-02,177.251739,106703252,18913336928.22
2024-02-05,174.843496,108353252,18944861372.27
2024-02-06,175.839142,108803252,19131870515.95
2024-02-07,177.851396,109203252,19421950815.85
2024-02-08,178.588748,110503252,19734637387.24
2024-02-09,179.891235,110303252,19842588237.19
2024-02-12,179.705213,110353252,19831054646.17
2024-02-13,176.24342,110453252,19466658931.59
2024-02-14,177.996594,111803252,19900598035.32
2024-02-15,180.027596,112303252,20217684444.78
2024-02-16,179.094335,112903252,20220332841.41
2024-02-20,177.373383,112553252,19963951042.47
2024-02-21,178.644397,112253252,20053414460.43
2024-02-22,182.169186,111153252,20248697414.07
2024-02-23,181.33045,111203252,20164535678.19
2024-02-26,181.812375,111953252,20354486647.55
2024-02-27,182.417055,112253252,20476907616.99
2024-02-28,183.134667,112703252,20639872549.06
2024-02-29,184.531847,113253252,20898831815.46
2024-03-01,185.06275,113603252,21023730232.03
2024-03-04,182.499574,113703252,20750795058.55
2024-03-05,180.279684,113303252,20426274493.08
2024-03-06,179.642648,115503252,20749309984.21
2024-03-07,181.006199,111703252,20218981059.96
2024-03-08,180.28397,111503252,20102248893.07
2024-03-11,179.826049,110453252,19862371910.61
2024-03-12,181.339449,110053252,19956996080.22
2024-03-13,180.976379,110203252,19944185487.7
2024-03-14,179.75728,109903252,19755909680.21
2024-03-15,178.060573,110003252,19587242087.59
2024-03-18,178.986257,107653252,19268452665.84
2024-03-19,180.536865,108753252,19633971191.95
2024-03-20,183.250536,108753252,19929091679.89
2024-03-21,184.299351,108703252,20033938805.08
2024-03-22,182.741578,109603252,20029071209.28
2024-03-25,182.111054,109603252,19959963793.91
2024-03-26,182.302658,109453252,19953618768.61
2024-03-27,184.406319,109153252,20128549363.06
2024-03-28,183.989611,109053252,20064665397.27
2024-04-01,182.519803,109003252,19895252045.55
2024-04-02,179.761651,109053252,19603592665.33
2024-04-03,179.883893,110003252,19787813193.18
2024-04-04,177.868142,111303252,19797302592.49
2024-04-05,178.887876,111403252,19928691130.46
2024-04-08,180.485467,111953252,20205934916.05
2024-04-09,181.39743,112103252,20335241800.72
2024-04-10,178.686287,112953252,20183197153.13
2024-04-11,180.08512,112153252,20197131856.52
2024-04-12,177.136638,111853252,19813308969.27
2024-04-15,174.156259,111053252,19340618864.32
2024-04-16,173.121606,111503252,19303622034.09
2024-04-17,172.314441,111253252,19170541970.0
2024-04-18,171.255218,110403252,18907132949.6
2024-04-19,169.711148,110503252,18753633761.13
2024-04-22,170.522893,110203252,18792177350.75
2024-04-23,172.544409,110603252,19083972755.88
2024-04-24,174.205955,110453252,19241614255.85
2024-04-25,174.398454,110403252,19254156428.45
2024-04-26,175.956753,109553252,19276634460.46
2024-04-29,180.011699,108803252,19585858219.55
2024-04-30,175.445701,108853252,19097835120.3
2024-05-01,174.537244,108253252,18894224275.0
2024-05-02,176.723442,107803252,19051361699.46
2024-05-03,177.978217,107403252,19115439281.21
2024-05-06,179.78217,107603252,19345146130.46
2024-05-07,178.58714,107653252,19225486349.12
2024-05-08,177.851544,107503252,19119619385.35
2024-05-09,179.05244,107403252,19230814338.22
2024-05-10,178.094181,107403252,19127894189.38
2024-05-13,177.834861,107053252,19037800186.47
2024-05-14,178.684362,107353252,19182347372.5
2024-05-15,178.914224,107403252,19215969504.69
2024-05-16,177.792012,107403252,19095440217.39
2024-05-17,178.633905,107103252,19132272183.77
2024-05-20,177.342185,106803252,18940722033.08
2024-05-21,178.481822,106903252,19080287212.72
2024-05-22,176.639257,106853252,18874479024.82
2024-05-23,173.857658,106553252,18525098799.09
2024-05-24,175.542276,106303252,18660714835.64
2024-05-28,175.079151,106353252,18620237041.65
2024-05-29,173.930735,106153252,18463313101.18
2024-05-30,174.993115,107203252,18759830974.96
2024-05-31,175.904499,106553252,18743196374.42
2024-06-03,175.872627,106253252,18687038557.75
2024-06-04,176.009741,105603252,18587200990.52
2024-06-05,177.057998,105203252,18627077213.67
2024-06-06,178.358121,105153252,18754936448.65
2024-06-07,177.646411,105403252,18724509400.1
2024-06-10,178.194837,105753252,18844683543.49
2024-06-11,177.687076,105803252,18799870446.48
2024-06-12,179.595882,106003252,19037747488.84
2024-06-13,179.794164,106303252,19112704277.08
2024-06-14,178.375229,106103252,18926191879.68
2024-06-17,181.434212,105453252,19132827627.57
2024-06-18,180.787024,106053252,19173051777.45
2024-06-20,181.076059,105853252,19167489667.44
2024-06-21,182.64804,105503252,19269962236.43
2024-06-24,181.400668,105003252,19047660103.78
2024-06-25,180.589698,105453252,19043770975.88
2024-06-26,183.328116,105603252,19360045243.8
2024-06-27,184.385849,105603252,19471745328.56
2024-06-28,182.317453,105403252,19216852423.07
2024-07-01,183.066113,106253252,19451369865.71
2024-07-02,186.561041,106503252,19869357534.0
2024-07-03,187.852274,106953252,20091411632.86
2024-07-05,189.272274,107203252,20290603253.78
2024-07-08,189.43904,107203252,20308481116.09
2024-07-09,190.036865,107303252,20391573589.32
2024-07-10,191.474486,107753252,20631998508.09
2024-07-11,189.068717,107453252,20316048534.75
2024-07-12,191.47726,107603252,20603575878.33
2024-07-15,191.168824,107253252,20503478020.08
2024-07-16,194.655539,107353252,20896905096.48
2024-07-17,191.511654,107203252,20530672089.8
2024-07-18,189.471714,106753252,20226721677.95
2024-07-19,187.761772,106803252,20053567851.87
2024-07-22,189.901389,106953252,20310571140.91
2024-07-23,189.052291,106853252,20200852055.55
2024-07-24,181.316372,106903252,19383309763.59
2024-07-25,180.589732,105953252,19134069366.2
2024-07-26,182.589006,104953252,19163309989.51
2024-07-29,185.584596,104403252,19375635392.27
2024-07-30,184.663319,103853252,19177886211.98
2024-07-31,187.498075,103553252,19416035390.48
2024-08-01,182.939958,103403252,18916586604.48
2024-08-02,176.237569,102653252,18091359628.81
2024-08-05,171.238041,102403252,17535332295.32
2024-08-06,173.217835,101403252,17564851763.26
2024-08-07,169.993012,101653252,17280342453.17
2024-08-08,173.733642,100753252,17504229443.88
2024-08-09,174.346965,101203252,17644479871.76
2024-08-12,173.600296,100953252,17525514445.5
2024-08-13,177.966998,100853252,17948550498.91
2024-08-14,177.103945,100653252,17826087974.52
2024-08-15,182.7064,100803252,18417399257.26
2024-08-16,183.16311,101053252,18509227945.8
2024-08-19,185.411246,101353252,18792032715.49
2024-08-20,185.220184,101353252,18772667992.25
2024-08-21,187.606778,101653252,19070839076.42
2024-08-22,184.236864,101303252,18663793434.65
2024-08-23,187.874897,100753252,18929006885.26
2024-08-26,186.393783,100553252,18742501046.81
2024-08-27,185.891836,100653252,18710617832.46
2024-08-28,184.070161,100703252,18536463784.8
2024-08-29,184.319308,100703252,18561553705.73
2024-08-30,187.149466,100903252,18883989721.47
2024-09-03,184.568839,100803252,18605139201.89
2024-09-04,185.114782,100053252,18521335965.58
2024-09-05,187.221222,98403252,18423177120.87
2024-09-06,182.344535,99153252,18080053672.22
2024-09-09,185.026794,98053252,18142478840.71
2024-09-10,187.20045,98003252,18346252907.6
2024-09-11,189.076279,96603252,18265383440.88
2024-09-12,191.160708,96153252,18380723720.39
2024-09-13,192.475625,96103252,18497533520.88
2024-09-16,192.099931,96303252,18499848062.97
2024-09-17,193.104364,96303252,18596578216.41
2024-09-18,192.769406,96803252,18660705348.47
2024-09-19,197.160817,96703252,19066092196.82
2024-09-20,196.711415,97203252,19120989241.8
2024-09-23,198.624623,96953252,19257303162.95
2024-09-24,200.357332,97003252,19435312731.05
2024-09-25,199.668287,96653252,19298589289.9
2024-09-26,200.508009,96403252,19329624144.42
2024-09-27,200.893069,97203252,19527459640.39
2024-09-30,200.446037,97203252,19484006601.33
2024-10-01,199.504582,97003252,19352593212.95
2024-10-02,197.830913,97803252,19348506653.75
2024-10-03,195.527086,98003252,19162290306.17
2024-10-04,198.207244,98853252,19593430668.27
2024-10-07,195.042127,99503252,19407325912.75
2024-10-08,196.998962,99403252,19582337439.4
2024-10-09,198.355482,99453252,19727097765.77
2024-10-10,197.438875,100003252,19744529570.51
2024-10-11,196.553779,100053252,19665844758.67
2024-10-14,197.39709,99203252,19582433224.75
2024-10-15,197.841246,99203252,19626495031.71
2024-10-16,198.813195,98853252,19653330887.59
2024-10-17,198.680455,99053252,19679945178.19
2024-10-18,199.485682,99853252,19919294062.38
2024-10-21,197.944261,99653252,19725789292.49
2024-10-22,197.13813,99953252,19704597212.15
2024-10-23,194.068839,99903252,19388108096.19
2024-10-24,200.133911,100803252,20174149020.1
2024-10-25,200.837027,101403252,20365527696.16
2024-10-28,201.185831,101953252,20511549675.97
2024-10-29,200.212152,101303252,20282142107.84
2024-10-30,199.865328,101653252,20316960546.49
2024-10-31,196.976807,101303252,19954391068.11
2024-11-01,200.209394,101603252,20341925465.14
2024-11-04,199.374825,100903252,20117568189.42
2024-11-05,202.8547,100953252,20478841686.28
2024-11-06,209.472662,101203252,21199314549.36
2024-11-07,212.120368,101453252,21520301108.67
2024-11-08,215.086376,101453252,21821212263.08
2024-11-11,219.401625,101453252,22259008393.82
2024-11-12,216.52169,101853252,22053438296.92
2024-11-13,218.311084,103253252,22541329412.64
2024-11-14,215.290439,103503252,22283260562.16
2024-11-15,213.414483,102503252,21875678493.84
2024-11-18,215.387067,102103252,21991719955.3
2024-11-19,215.579379,102103252,22011355699.86
2024-11-20,214.636474,103503252,22215573075.6
2024-11-21,214.98965,104103252,22381121742.35
2024-11-22,218.119705,104653252,22826936428.77
2024-11-25,220.244718,104553252,23027301481.94
2024-11-26,221.149179,105053252,23232440387.24
2024-11-27,220.00015,105603252,23232731277.66
2024-11-29,222.194082,105903252,23531075897.55
2024-12-02,224.291063,105903252,23753153018.15
2024-12-03,224.110736,105503252,23644411467.74
2024-12-04,226.209118,105053252,23764003528.3
2024-12-05,227.99294,104703252,23871602253.31
2024-12-06,232.851724,104203252,24263906839.61
2024-12-09,232.027352,103403252,23992382740.1
2024-12-10,232.423643,102853252,23905527518.45
2024-12-11,236.541229,103553252,24494613461.8
2024-12-12,234.533655,103653252,24310176051.42
2024-12-13,235.542393,103353252,24344072311.29
2024-12-16,238.67127,103153252,24619717701.3
2024-12-17,239.475528,103153252,24702679439.79
2024-12-18,228.596602,102453252,23420465253.51
2024-12-19,228.363216,107753252,24606879167.63
2024-12-20,228.831332,107903252,24691644859.3
2024-12-23,229.140917,101053252,23155434813.32
2024-12-24,234.577813,101653252,23845597498.78
2024-12-26,233.58494,101803252,23779706509.48
2024-12-27,229.62939,101853252,23388500157.41
2024-12-30,226.026125,102003252,23055399806.38
2024-12-31,224.283796,102603252,23012246842.47
2025-01-02,221.363773,102553252,22701574761.91
2025-01-03,225.906016,102653252,23189987145.39
2025-01-06,226.765517,102903252,23334909097.66
2025-01-07,222.356647,103103252,22925693431.3
2025-01-08,223.083126,102553252,22877900028.37
2025-01-10,220.886571,102553252,22652636221.96
2025-01-13,222.075266,102703252,22807851960.7
2025-01-14,221.648845,102853252,22797304556.66
2025-01-15,227.275629,103153252,23444220243.05
2025-01-16,226.066119,103703252,23443791713.85
2025-01-17,229.186576,103503252,23721555932.34
2025-01-21,230.969523,103353252,23871451299.32
2025-01-22,230.064723,103753252,23869963219.68
2025-01-23,231.417546,103653252,23987181198.35
2025-01-24,230.079493,103703252,23859991654.79
2025-01-27,231.284804,103703252,23984986297.38
2025-01-28,231.593057,104303252,24155909018.69
2025-01-29,230.997993,104653252,24174691143.67
2025-01-30,233.22348,105703252,24652480263.01
2025-01-31,232.218506,105703252,24546251249.29
2025-02-03,229.025153,105503252,24162898380.36
2025-02-04,231.756157,105803252,24520555128.19
2025-02-05,229.202167,105353252,24147193664.26
2025-02-06,230.050793,105803252,24340122057.99
2025-02-07,225.572188,105903252,23888828320.27
2025-02-10,226.338509,105853252,23958667204.52
2025-02-11,223.710271,105803252,23669274142.18
2025-02-12,223.757464,106003252,23719018797.98
2025-02-13,227.211389,105203252,23903377020.99
2025-02-14,227.024521,105403252,23929122771.66
2025-02-18,226.349877,105503252,23880648092.41
2025-02-19,226.232644,103503252,23415814342.57
2025-02-20,224.238374,103453252,23198189026.54
2025-02-21,218.452048,104103252,22741568553.43
2025-02-24,217.522348,103403252,22492518190.34
2025-02-25,216.41484,103853252,22475384959.98
2025-02-26,215.569077,103803252,22376771213.75
2025-02-27,212.39303,103803252,22047087174.77
2025-02-28,215.927147,103753252,22403143747.76
2025-03-03,211.945968,103603252,21958291495.8
2025-03-04,208.162546,102653252,21368562278.77
2025-03-05,211.342639,102853252,21737277697.02
2025-03-06,206.011149,103653252,21353725573.2
2025-03-07,205.729629,103953252,21386263947.58
2025-03-10,198.394752,103553252,20544421722.64
2025-03-11,196.516235,103203252,20281114534.15
2025-03-12,197.57842,103303252,20410493309.77
2025-03-13,192.767003,104203252,20086948573.71
2025-03-14,196.757759,102903252,20247013208.04
2025-03-17,197.016745,103253252,20342619596.19
2025-03-18,193.507232,103403252,20009277070.45
2025-03-19,197.152832,103353252,20376386342.15
2025-03-20,196.71591,103503252,20360736420.55
2025-03-21,197.343934,102753252,20277730969.6
2025-03-24,204.343691,102103252,20864155416.0
2025-03-25,206.004384,101753252,20961616045.26
2025-03-26,203.203629,101753252,20676630089.21
2025-03-27,203.346569,101453252,20630170758.76
2025-03-28,197.193346,100803252,19877730571.13
2025-03-31,197.450032,100603252,19864115364.24
2025-04-01,199.582832,100753252,20108619385.08
2025-04-02,203.351499,99303252,20193465108.49
2025-04-03,191.185918,99703252,19061857762.92
2025-04-04,182.929681,98803252,18074047390.82
2025-04-07,180.755726,98053252,17723686741.43
2025-04-08,176.350302,96553252,17027195148.26
2025-04-09,195.523843,96503252,18868686721.87
2025-04-10,188.114356,97903252,18417007161.87
2025-04-11,189.854679,97253252,18463984918.36
2025-04-14,190.298856,97253252,18507182637.77
2025-04-15,188.948918,97803252,18479818665.46
2025-04-16,184.17207,98003252,18049461822.3
2025-04-17,185.423969,97753252,18125795977.27
2025-04-21,180.43883,97803252,17647504362.35
2025-04-22,186.048817,98203252,18270598858.56
2025-04-23,190.377952,97753252,18610063895.63
2025-04-24,194.145175,98203252,19065687545.02
2025-04-25,197.576009,98053252,19372970225.72
2025-04-28,197.673897,98203252,19412219505.41
2025-04-29,199.103788,97853252,19482953179.3
2025-04-30,197.300055,97953252,19326181998.56
2025-05-01,198.458816,97603252,19370225831.68
2025-05-02,201.467558,97353252,19613521969.71
2025-05-05,199.183526,97653252,19450919043.89
2025-05-06,197.484074,97953252,19344207299.37
2025-05-07,199.047472,98253252,19557061471.14
2025-05-08,201.411825,98653252,19869931520.8
2025-05-09,202.314975,98603252,19948914441.2
2025-05-12,212.538896,98703252,20978280211.0
2025-05-13,215.311311,99153252,21348816639.94
2025-05-14,216.204054,99853252,21588677845.78
2025-05-15,215.74385,99953252,21564299389.03
2025-05-16,217.811049,100353252,21858047092.45
2025-05-19,217.176143,100553252,21837767434.19
2025-05-20,215.998182,100203252,21643720299.3
2025-05-21,211.662124,100303252,21230399391.75
2025-05-22,212.540586,100153252,21286630870.38
2025-05-23,210.589983,100303252,21122860107.82
2025-05-27,216.877965,100253252,21742721290.22
2025-05-28,214.759986,100253252,21530387021.88
2025-05-29,215.029762,100303252,21568184402.88
2025-05-30,214.028095,100203252,21446311186.04
2025-06-02,214.265796,100253252,21480842875.16
2025-06-03,215.349403,100453252,21632547889.09
2025-06-04,214.770676,100853252,21660321069.66
2025-06-05,209.439622,101103252,21175026922.21
2025-06-06,212.157975,101303252,21492292799.08
2025-06-09,213.791763,101453252,21689869567.91
2025-06-10,216.415845,101453252,21956091300.52
2025-06-11,214.721405,101353252,21762712711.86
2025-06-12,213.748863,101103252,21610705164.14
2025-06-13,211.72243,101553252,21501101299.47
2025-06-16,214.025273,101953252,21820572582.49
2025-06-17,210.404441,102103252,21482977679.2
2025-06-18,210.379862,102203252,21501506092.53
2025-06-20,210.627142,102803252,21653155201.52
2025-06-23,214.381418,102853252,22049826036.8
2025-06-24,215.532467,103603252,22329864539.01
2025-06-25,212.964216,102903252,21914710389.68
2025-06-26,215.011181,102853252,22114599187.99
2025-06-27,218.598173,103903252,22713061015.5
2025-06-30,217.398061,103603252,22523146082.72
2025-07-01,218.251718,103503252,22589762553.48
2025-07-02,220.125307,104303252,22959785370.57
2025-07-03,221.430588,103653252,22952000579.96
2025-07-07,218.523998,103403252,22596091995.11
2025-07-08,217.645945,103053252,22429122402.76
2025-07-09,218.960246,102303252,22400345251.56
2025-07-10,221.352864,102153252,22611914935.09
2025-07-11,221.431383,102353252,22664222190.38
2025-07-14,222.209716,102453252,22766108031.04
2025-07-15,219.06978,102603252,22477271792.92
2025-07-16,219.497815,102753252,22554114281.16
2025-07-17,220.306578,101553252,22372849400.98
2025-07-18,222.233036,101803252,22624045808.77
2025-07-21,223.15753,101703252,22695846482.41
2025-07-22,225.518467,101603252,22913409642.21
2025-07-23,226.523706,101703252,23038197512.62
2025-07-24,222.755475,101353252,22576991798.22
2025-07-25,224.898106,100653252,22636725718.5
2025-07-28,226.214731,100653252,22769248340.84
2025-07-29,224.5844,100403252,22549004067.01
2025-07-30,223.196992,100403252,22409703788.73
2025-07-31,221.414158,100403252,22230701459.5
2025-08-01,216.091122,100553252,21728665077.72
2025-08-04,218.653577,98903252,21625549817.01
2025-08-05,218.923141,99253252,21728833677.28
2025-08-06,223.410211,99453252,22218871996.26
2025-08-07,223.410724,99653252,22263605154.87
2025-08-08,223.790994,99503252,22267931716.38
2025-08-11,224.263559,99403252,22292527029.65
2025-08-12,226.765268,99103252,22473175463.92
2025-08-13,229.796974,99203252,22796607089.99
2025-08-14,229.60036,99553252,22857462477.22
2025-08-15,228.996616,99353252,22751558543.86
2025-08-18,229.956834,99603252,22904448494.1
2025-08-19,229.831824,99753252,22926471853.28
2025-08-20,227.601495,99603252,22669849062.06
2025-08-21,226.227655,99253252,22453830421.74
2025-08-22,233.082284,99853252,23274024088.0
2025-08-25,232.688332,100653252,23420837301.33
2025-08-26,233.637627,100103252,23387886239.46
2025-08-27,233.787803,99903252,23356161823.86
2025-08-28,234.132033,100253252,23472497702.05
2025-08-29,231.712511,100303252,23241518424.05
2025-09-02,230.03213,100353252,23084472358.03
2025-09-03,230.968061,100953252,23316976863.93
2025-09-04,235.16065,101153252,23787264469.72
2025-09-05,235.143022,102653252,24138195879.66
2025-09-08,236.038129,102703252,24241883442.32
2025-09-09,235.665855,102553252,24168299841.79
2025-09-10,232.847948,102453252,23856029535.05
2025-09-11,237.382298,102253252,24273111904.21
2025-09-12,238.618621,103353252,24662010474.63
2025-09-15,240.676028,103353252,24874650210.21
2025-09-16,242.162607,102353252,24786130346.55
2025-09-17,241.698491,102503252,24774881312.78
2025-09-18,240.547401,102353252,24620808799.53
2025-09-19,241.23392,102553252,24739322985.45
2025-09-22,240.210754,101703252,24430214892.0
2025-09-23,237.886514,102153252,24300881037.11
2025-09-24,239.608575,101953252,24428873392.7
2025-09-25,236.26953,102053252,24112073860.25
2025-09-26,239.730234,102353252,24537169032.28
2025-09-29,240.786638,102353252,24645295417.94
2025-09-30,239.669269,102703252,24614813340.97
2025-10-01,241.129433,102803252,24788889914.78
2025-10-02,239.359411,103003252,24654797743.65
2025-10-03,237.825234,102453252,24365968602.07
2025-10-06,239.926288,101703252,24401283694.26
2025-10-07,235.795854,101703252,23981205184.13
2025-10-08,236.404273,101903252,24090364168.95
2025-10-09,235.195105,101903252,23967146074.26
2025-10-10,228.780556,101903252,23313482622.83
2025-10-13,233.917916,102553252,23989042966.95
2025-10-14,234.359901,102803252,24092959968.42
2025-10-15,234.668079,103203252,24218508940.92
2025-10-16,232.430612,102653252,23859758230.34
2025-10-17,234.40815,102553252,24039318116.09
2025-10-20,236.316972,103153252,24376864200.71
2025-10-21,239.157437,103053252,24645951638.17
2025-10-22,237.275294,103603252,24582492091.51
2025-10-23,238.3863,103553252,24685676558.49
2025-10-24,237.693427,103053252,24495080597.02
2025-10-27,241.096841,102603252,24737319966.99
2025-10-28,241.065851,102653252,24746193568.8
2025-10-29,239.13825,102653252,24548319010.47
2025-10-30,233.728779,102603252,23981332821.99
2025-10-31,239.853955,102853252,24669759302.82
2025-11-03,242.160861,103453252,25052328541.64
2025-11-04,238.135429,103553252,24659698114.98
2025-11-05,241.005898,103203252,24872592447.14
2025-11-06,235.406108,103953252,24471230425.1
2025-11-07,235.860245,103453252,24400509364.46
2025-11-10,238.954723,103353252,24696747690.51
2025-11-11,239.533162,103203252,24720601258.43
2025-11-12,237.896044,102353252,24349433708.31
2025-11-13,232.026151,101803252,23621016770.18
2025-11-14,230.922325,101403252,23416274741.09
2025-11-17,228.711531,101853252,23295013232.36
2025-11-18,224.456815,101003252,22670868228.46
2025-11-19,224.488356,99253252,22281199319.73
2025-11-20,221.131915,98953252,21881722106.31
2025-11-21,225.472616,98853252,22288701368.66
2025-11-24,228.58819,99003252,22630974186.86
2025-11-25,233.440839,98553252,23006353866.25
2025-11-26,234.975233,98453252,23134075820.48
2025-11-28,236.527342,98353252,23263233251.54
2025-12-01,236.51699,98353252,23262215142.97
2025-12-02,236.443038,98703252,23337696759.46
2025-12-03,238.95467,98853252,23621446168.0
2025-12-04,238.183715,101703252,24224058345.88
2025-12-05,119.744548,198306504,23746122707.16
2025-12-08,117.962678,198406504,23404562510.04
2025-12-09,117.973819,198306504,23394975518.76
2025-12-10,119.72799,199406504,23874539940.46
2025-12-11,120.161829,200906504,24141292886.76
2025-12-12,120.681049,201606504,24330084438.48
2025-12-15,121.714517,201406504,24514095285.97
2025-12-16,121.952024,201806504,24610711520.7
2025-12-17,120.528044,201306504,24263079259.27
2025-12-18,122.324456,201706504,24673638456.58
2025-12-19,121.843423,201706504,24576610854.15
2025-12-22,122.327178,200406504,24515162164.02
2025-12-23,122.172661,200356504,24478087316.55
2025-12-24,122.590501,202556504,24831503329.23
2025-12-26,122.029154,203556504,24839828072.28
2025-12-29,120.839949,203606504,24603799649.77
2025-12-30,120.348349,203456504,24485654368.9
2025-12-31,119.389848,203906504,24344366508.68
2026-01-02,118.377725,204156504,24167582564.95
2026-01-05,120.319349,201956504,24299275027.79
2026-01-06,121.10109,202606504,24535868411.9
2026-01-07,120.909796,200056504,24188791025.46
2026-01-08,122.933982,199806504,24563009117.96
2026-01-09,124.422518,199506504,24823101593.56
2026-01-12,124.532688,198706504,24745454998.63
2026-01-13,124.216779,198306504,24632995097.6
2026-01-14,122.259475,197706504,24171493351.9
2026-01-15,122.714255,198306504,24335034967.77
2026-01-16,122.298208,196956504,24087427568.28
2026-01-20,119.126523,197056504,23474656156.39
2026-01-21,121.403752,197156504,23935539387.17
2026-01-22,122.639822,197006504,24160842567.53
2026-01-23,123.147262,196306504,24174608497.05
2026-01-26,122.3106,196356504,24016481884.4
2026-01-27,122.66735,196106504,24055865237.26
2026-01-28,121.787655,196206504,23895530036.91
2026-01-29,121.232741,196056504,23768467312.67
2026-01-30,121.148564,197056504,23873112390.86
2026-02-02,121.978412,197506504,24091529652.71
2026-02-03,120.973343,197006504,23832535435.26
2026-02-04,120.144569,196456504,23603182046.68
2026-02-05,117.576497,195906504,23034000445.99
2026-02-06,118.00412,195306504,23046972176.06
2026-02-09,117.585172,191956504,22571238556.64
2026-02-10,118.330593,192356504,22761659208.44
2026-02-11,117.789148,192956504,22728182291.1
2026-02-12,116.1536,192756504,22389361797.85
2026-02-13,116.180747,191856504,22290031988.91
2026-02-17,116.013468,191856504,22257938474.12
2026-02-18,117.042193,191756504,22443601664.92
2026-02-19,116.221218,191856504,22297796668.17
2026-02-20,117.433843,191706504,22512831584.44
2026-02-23,114.973265,191656504,22035374020.13
2026-02-24,116.725542,193356504,22569642637.92
2026-02-25,117.080245,194506504,22772869210.22
2026-02-26,117.044665,194156504,22724982914.5
2026-02-27,116.868517,194556504,22737530167.68
2026-03-02,115.451375,194706504,22479133565.22
2026-03-03,114.339834,196056504,22417068175.62
2026-03-04,116.362701,195406504,22738028600.66
2026-03-05,116.54359,197256504,22988981132.82
2026-03-06,114.486875,197906504,22657697153.84
2026-03-09,114.612342,197906504,22682527828.9
2026-03-10,114.44389,197056504,22551912899.61
2026-03-11,114.131939,197056504,22490440899.16
2026-03-12,111.532437,197056504,21978192112.97
2026-03-13,110.889576,197106504,21857056558.55
2026-03-16,112.213976,196856504,22090050938.75
2026-03-17,113.179554,196906504,22285790362.97
2026-03-18,110.576018,197156504,21800781181.74
2026-03-19,109.719694,197656504,21686811232.37
2026-03-20,107.721045,197606504,21286379119.43
2026-03-23,110.126697,198606504,21871878347.3
2026-03-24,109.676206,199406504,21870148829.85
2026-03-25,110.734933,199956504,22142170078.6
2026-03-26,108.802654,198656504,21614354800.28
2026-03-27,105.682272,197456504,20867651998.38
2026-03-30,105.646439,197256504,20839447238.59
2026-03-31,108.968868,196806504,21445781992.17
2026-04-01,109.829729,194656504,21379071000.07
2026-04-02,108.177876,192106504,20781673559.36
2026-04-06,109.056572,191806504,20917759904.58
2026-04-07,107.756683,192356504,20727698762.14
2026-04-08,110.825677,192506504,21334663571.18
2026-04-09,112.748626,194406504,21919066258.12
2026-04-10,112.896441,194606504,21970381781.25
2026-04-13,113.931602,194056504,22109168382.37
2026-04-14,116.424455,193706504,22552174077.71
2026-04-15,118.166935,193606504,22877887133.74
2026-04-16,117.666635,193456504,22763375809.44
2026-04-17,120.442372,193106504,23258205467.73
2026-04-20,119.846782,192906504,23119223679.31
2026-04-21,118.986455,193706504,23048450144.04
2026-04-22,118.982029,192306504,22881017982.1
2026-04-23,117.737071,198806504,23406895519.82
2026-04-24,118.708419,195256504,23178590947.48
2026-04-27,117.847935,194806504,22957544257.77
2026-04-28,116.993761,194406504,22744348138.82
2026-04-29,116.80323,193256504,22572983806.62
2026-04-30,118.325593,195456504,23127506805.15
2026-05-01,118.590972,195456504,23179376843.82
2026-05-04,117.745065,193256504,22754999652.63
2026-05-05,118.078353,193456504,22843025368.82
2026-05-06,119.934611,192806504,23124173043.83
2026-05-07,119.864251,190606504,22846905815.83
2026-05-08,120.226254,190356504,22885849367.46
2026-05-11,119.359558,190456504,22732804108.58
2026-05-12,118.270137,191206504,22614019342.72
2026-05-13,118.731486,191456504,22731915130.88
2026-05-14,118.668622,192106504,22797014094.09
2026-05-15,116.504471,192906504,22474470252.37
2026-05-18,116.288385,194356504,22601403910.2
2026-05-19,114.991703,190456504,21900917755.6
2026-05-20,117.934864,191056504,22532222895.19
2026-05-21,118.689443,190956504,22664521131.73
2026-05-22,119.183927,191256504,22794701165.73
2026-05-26,119.428759,191256504,22841526900.62
2026-05-27,121.505759,191556504,23275218382.35
2026-05-28,122.084325,196006504,23929321779.96
2026-05-29,120.900137,196706504,23781843292.18
2026-06-01,118.219569,196656504,23248647171.98
2026-06-02,117.562022,194156504,22825431189.83
2026-06-03,116.714095,193506504,22584936441.93
2026-06-04,117.211661,193806504,22716382324.59
2026-06-05,114.848388,193206504,22189455587.27
2026-06-08,115.402705,193056504,22279242789.16
2026-06-09,115.89296,193256504,22397068240.2
2026-06-10,113.490425,193256504,21932762791.91
2026-06-11,116.356878,192106504,22352913084.73
2026-06-12,116.626351,192406504,22439668556.16
2026-06-15,118.564593,192506504,22824455217.0
2026-06-16,118.458889,192456504,22798183663.27
2026-06-17,115.473171,192456504,22223562793.8
2026-06-18,117.214847,193006504,22623227760.36
2026-06-22,114.917132,191156504,21967157251.34
2026-06-23,113.747505,192306504,21874384982.93
2026-06-24,115.050269,190006504,21860299444.47
2026-06-25,113.32455,191206504,21668391069.15
2026-06-26,114.750049,192056504,22038493316.0
2026-06-29,117.122437,190806504,22347722802.63
2026-06-30,117.303596,192606504,22593435464.55
2026-07-01,118.045424,193106504,22795339070.74
2026-07-02,117.209811,193906504,22727744749.99
2026-07-06,117.964451,191606504,22602756023.48
2026-07-07,117.374791,194806504,22865372701.25
2026-07-08,115.311325,194756504,22457630615.33
2026-07-09,116.881632,193356504,22599823752.59
2026-07-10,117.211688,194306504,22774993247.34
2026-07-13,116.005605,194306504,22540643631.64
2026-07-14,115.894781,195206504,22623415018.01
2026-07-15,116.970239,195006504,22809957422.86
2026-07-16,117.346014,195556504,22947776348.46
2026-07-17,115.415203,196056504,22627901148.59
2026-07-20,114.608581,196156504,22481218485.4
2026-07-21,114.874639,195656504,22475970279.76
2026-07-22,114.049384,196106504,22365825923.94
2026-07-23,108.791721,194806504,21193334816.39
2026-07-24,109.427344,192956504,21114717693.29
2026-07-27,110.859569,194256504,21535192217.01
2026-07-28,112.471988,194356504,21859662330.25
2026-07-29,111.56604,193806504,21622224090.57
2026-07-30,112.353723,193806504,21774882280.38
2026-07-31,116.04934,193506504,22456302086.4
2026-08-03,118.219995,195956504,23165976884.27
2026-08-04,118.292134,197356504,23345721965.4
